symbol,model,policy_id,timeframe,occurred_at,entry_ts,exit_ts,side,gate_pass,decision,skip_reason,risk_block_reason,risk_clip_reasons,executed,entry_prob,exit_prob,entry_threshold,exit_threshold,exit_reason_primary,exit_reason_all,pnl_gross,pnl_net,pnl_notional,probability,spread_entry_bps,spread_exit_bps,intended_notional,entry_price,exit_price,pnl,hold_minutes
SOL/USDT,xgb_primary,conservative,1m,2025-12-29 02:51:00+00:00,2025-12-29 02:48:00+00:00,2025-12-29 02:51:00+00:00,sell,False,dry_run,dry_run,,,True,0.6076040864,0.6076040863990784,0.51,0.47,gate_close,gate_close,-0.010499999999998977,-0.014370899999998977,19.354499999999998,0.6076040863990784,10.064256406285939,0.7754041794278218,19.344,129.03,128.96,-0.014370899999998977,3.0
BTC/USDT,xgb_primary,conservative,1m,2025-12-29 03:03:00+00:00,2025-12-29 02:48:00+00:00,2025-12-29 03:03:00+00:00,sell,False,dry_run,dry_run,,exchange_qty_step,True,0.5656820536,0.41829004883766174,0.56,0.5,prob_floor,prob_floor,-0.017162000000002446,-0.020730838400002446,26.766288,0.41829004883766174,9.775809376542192,0.0011218918068087978,17.82703,89220.96,89135.15,-0.020730838400002446,15.0
SOL/USDT,xgb_primary,conservative,1m,2025-12-29 03:09:00+00:00,,2025-12-29 03:09:00+00:00,buy,True,dry_run,dry_run,,exchange_qty_step,True,0.5878524780273438,0.5878524780273438,,0.51,dry_run,,,,,0.5878524780273438,0.7753440589254434,,19.346999999999998,,128.98,0.0,
SOL/USDT,xgb_primary,conservative,1m,2025-12-29 03:11:00+00:00,2025-12-29 03:09:00+00:00,2025-12-29 03:11:00+00:00,sell,False,min_hold,min_hold,,,False,0.587852478,0.5878524780273438,0.51,0.47,gate_close,gate_close,0.012000000000001875,0.006631587874330129,19.346999999999998,0.5878524780273438,17.801857585138528,0.7748033936381595,,128.98,129.06,0.006631587874330129,2.0
SOL/USDT,xgb_primary,conservative,1m,2025-12-29 03:12:00+00:00,2025-12-29 03:09:00+00:00,2025-12-29 03:12:00+00:00,sell,False,dry_run,dry_run,,,True,0.587852478,0.565682053565979,0.51,0.47,gate_close,gate_close,0.036000000000001364,0.03213060000000136,19.346999999999998,0.565682053565979,13.16910682469498,0.7738440704191066,19.383,128.98,129.22,0.03213060000000136,3.0
ETH/USDT,xgb_primary,primary,1m,2025-12-29 03:13:00+00:00,2025-12-29 02:48:00+00:00,2025-12-29 03:13:00+00:00,sell,True,dry_run,dry_run,,exchange_qty_step,True,0.5656820536,0.6076040863990784,0.51,0.47,take_profit,take_profit,0.08990999999999803,0.08450315999999804,27.0342,0.6076040863990784,0.03318075715242171,0.03318075715242171,27.12411,3003.8,3013.79,0.08450315999999804,25.0
SOL/USDT,xgb_primary,conservative,1m,2025-12-29 03:14:00+00:00,,2025-12-29 03:14:00+00:00,buy,True,dry_run,dry_run,,exchange_qty_step,True,0.6076040863990784,0.6076040863990784,,0.51,dry_run,,,,,0.6076040863990784,0.7749234763082123,,19.3575,,129.05,0.0,
BTC/USDT,xgb_primary,conservative,1m,2025-12-29 03:14:00+00:00,,2025-12-29 03:14:00+00:00,buy,True,dry_run,dry_run,,exchange_qty_step,True,0.6076040863990784,0.6076040863990784,,0.56,dry_run,,,,,0.6076040863990784,0.001117796214992376,,26.838525000000004,,89461.75,0.0,
ETH/USDT,xgb_primary,primary,1m,2025-12-29 03:15:00+00:00,,2025-12-29 03:15:00+00:00,buy,True,dry_run,dry_run,,exchange_qty_step,True,0.6076040863990784,0.6076040863990784,,0.51,dry_run,,,,,0.6076040863990784,0.03320631916326146,,27.103320000000004,,3011.48,0.0,
BTC/USDT,xgb_primary,conservative,1m,2025-12-29 03:21:00+00:00,2025-12-29 03:14:00+00:00,2025-12-29 03:21:00+00:00,sell,False,dry_run,dry_run,,exchange_qty_step,True,0.6076040864,0.5878524780273438,0.56,0.5,gate_close,gate_close,-0.01090799999999872,-0.014486469999998721,26.838524999999997,0.5878524780273438,8.578399029862178,0.0011184779656497868,17.881442000000003,89461.75,89407.21,-0.014486469999998721,7.0
SOL/USDT,xgb_primary,conservative,1m,2025-12-29 03:23:00+00:00,2025-12-29 03:14:00+00:00,2025-12-29 03:23:00+00:00,sell,False,dry_run,dry_run,,,True,0.6076040864,0.41829004883766174,0.51,0.47,prob_floor,"prob_floor,trailing_prob_drop",-0.05250000000000341,-0.05637150000000341,19.3575,0.41829004883766174,0.7769705916646072,0.7769705916646072,19.304999999999996,129.05,128.7,-0.05637150000000341,9.0
BTC/USDT,xgb_primary,conservative,1m,2025-12-29 03:23:00+00:00,,2025-12-29 03:23:00+00:00,buy,True,cooldown_after_loss,cooldown_after_loss,cooldown_after_loss,,False,0.5878524780273438,0.5878524780273438,,0.56,cooldown_after_loss,,,,,0.5878524780273438,,,30.0,,89438.51,0.0,
BTC/USDT,xgb_primary,conservative,1m,2025-12-29 03:26:00+00:00,,2025-12-29 03:26:00+00:00,buy,True,cooldown_after_loss,cooldown_after_loss,cooldown_after_loss,,False,0.565682053565979,0.565682053565979,,0.56,cooldown_after_loss,,,,,0.565682053565979,,,30.0,,89510.0,0.0,
BTC/USDT,xgb_primary,conservative,1m,2025-12-29 03:27:00+00:00,,2025-12-29 03:27:00+00:00,buy,True,cooldown_after_loss,cooldown_after_loss,cooldown_after_loss,,False,0.565682053565979,0.565682053565979,,0.56,cooldown_after_loss,,,,,0.565682053565979,,,30.0,,89481.12,0.0,
BTC/USDT,xgb_primary,conservative,1m,2025-12-29 03:30:00+00:00,,2025-12-29 03:30:00+00:00,buy,True,dry_run,dry_run,,exchange_qty_step,True,0.565682053565979,0.565682053565979,,0.56,dry_run,,,,,0.565682053565979,0.0011171934234748175,,26.853006000000004,,89510.02,0.0,
BTC/USDT,xgb_primary,conservative,1m,2025-12-29 03:32:00+00:00,2025-12-29 03:30:00+00:00,2025-12-29 03:32:00+00:00,sell,False,min_hold,min_hold,,,False,0.5656820536,0.565682053565979,0.56,0.5,gate_close,gate_close,0.06126899999999877,0.055895405629517,26.853006,0.565682053565979,10.614110393223385,0.0011146500625526356,,89510.02,89714.25,0.055895405629517,2.0
BTC/USDT,xgb_primary,conservative,1m,2025-12-29 03:33:00+00:00,2025-12-29 03:30:00+00:00,2025-12-29 03:33:00+00:00,sell,False,dry_run,dry_run,,exchange_qty_step,True,0.5656820536,0.5878524780273438,0.56,0.5,gate_close,gate_close,0.016381999999997787,0.012801599199997786,26.853006,0.5878524780273438,14.519432531620646,0.0011161718975389052,17.918385999999998,89510.02,89591.93,0.012801599199997786,3.0
ETH/USDT,xgb_primary,primary,1m,2025-12-29 03:35:00+00:00,2025-12-29 03:15:00+00:00,2025-12-29 03:35:00+00:00,sell,True,dry_run,dry_run,,exchange_qty_step,True,0.6076040864,0.5002435445785522,0.51,0.47,take_profit,take_profit,0.1422899999999995,0.1368693359999995,27.103319999999997,0.5002435445785522,0.033032789999713534,0.033032789999713534,27.245610000000003,3011.48,3027.29,0.1368693359999995,20.0
BTC/USDT,xgb_primary,conservative,1m,2025-12-29 03:35:00+00:00,,2025-12-29 03:35:00+00:00,buy,True,dry_run,dry_run,,exchange_qty_step,True,0.565682053565979,0.565682053565979,,0.56,dry_run,,,,,0.565682053565979,0.0011145941553425825,,26.915628,,89718.76,0.0,
ETH/USDT,xgb_primary,primary,1m,2025-12-29 03:36:00+00:00,,2025-12-29 03:36:00+00:00,buy,True,cooldown_after_exit,cooldown_after_exit,cooldown_after_exit,,False,0.6699029207229614,0.6699029207229614,,0.51,cooldown_after_exit,,,,,0.6699029207229614,,,30.0,,3021.85,0.0,
SOL/USDT,xgb_primary,conservative,1m,2025-12-29 03:37:00+00:00,,2025-12-29 03:37:00+00:00,buy,True,dry_run,dry_run,,exchange_qty_step,True,0.6076040863990784,0.6076040863990784,,0.51,dry_run,,,,,0.6076040863990784,0.7749835315992487,,19.355999999999998,,129.04,0.0,
ETH/USDT,xgb_primary,primary,1m,2025-12-29 03:37:00+00:00,,2025-12-29 03:37:00+00:00,buy,True,dry_run,dry_run,,exchange_qty_step,True,0.6076040863990784,0.6076040863990784,,0.51,dry_run,,,,,0.6076040863990784,0.03307988627056877,,27.20691,,3022.99,0.0,
SOL/USDT,xgb_primary,conservative,1m,2025-12-29 03:38:00+00:00,2025-12-29 03:37:00+00:00,2025-12-29 03:38:00+00:00,sell,False,min_hold,min_hold,,,False,0.6076040864,0.6076040863990784,0.51,0.47,gate_close,gate_close,0.013500000000000512,0.008129903496342914,19.355999999999998,0.6076040863990784,8.52382797365468,0.7743833972192594,,129.04,129.13,0.008129903496342914,1.0
BTC/USDT,xgb_primary,conservative,1m,2025-12-29 03:38:00+00:00,2025-12-29 03:35:00+00:00,2025-12-29 03:38:00+00:00,sell,False,dry_run,dry_run,,exchange_qty_step,True,0.5656820536,0.6115108132362366,0.56,0.5,gate_close,gate_close,0.03761200000000245,0.03402324960000245,26.915627999999995,0.6115108132362366,14.316405013390446,0.0011122626112935595,17.981364000000003,89718.76,89906.82,0.03402324960000245,3.0
BTC/USDT,xgb_primary,conservative,1m,2025-12-29 03:39:00+00:00,,2025-12-29 03:39:00+00:00,buy,True,spread_too_wide,spread_too_wide,spread_too_wide,,False,0.6844155788421631,0.6844155788421631,,0.56,spread_too_wide,,,,,0.6844155788421631,,,30.0,,89975.56,0.0,
ETH/USDT,xgb_primary,primary,1m,2025-12-29 03:40:00+00:00,2025-12-29 03:37:00+00:00,2025-12-29 03:40:00+00:00,sell,True,dry_run,dry_run,,exchange_qty_step,True,0.6076040864,0.6699029207229614,0.51,0.47,take_profit,take_profit,0.10260000000000082,0.09715861800000082,27.206909999999997,0.6699029207229614,0.03295549854326243,0.03295549854326243,27.309510000000003,3022.99,3034.39,0.09715861800000082,3.0
ETH/USDT,xgb_primary,primary,1m,2025-12-29 03:41:00+00:00,,2025-12-29 03:41:00+00:00,buy,True,spread_too_wide,spread_too_wide,spread_too_wide,,False,0.6699029207229614,0.6699029207229614,,0.51,spread_too_wide,,,,,0.6699029207229614,,,30.0,,3118.15,0.0,
BTC/USDT,xgb_primary,conservative,1m,2025-12-29 03:42:00+00:00,,2025-12-29 03:42:00+00:00,buy,True,dry_run,dry_run,,exchange_qty_step,True,0.6699029207229614,0.6699029207229614,,0.56,dry_run,,,,,0.6699029207229614,0.3002308441598529,,26.979645,,89932.15,0.0,
ETH/USDT,xgb_primary,primary,1m,2025-12-29 03:43:00+00:00,,2025-12-29 03:43:00+00:00,buy,True,dry_run,dry_run,,exchange_qty_step,True,0.6699029207229614,0.6699029207229614,,0.51,dry_run,,,,,0.6699029207229614,0.03295593297494288,,27.309240000000003,,3034.36,0.0,
SOL/USDT,xgb_primary,conservative,1m,2025-12-29 03:46:00+00:00,2025-12-29 03:37:00+00:00,2025-12-29 03:46:00+00:00,sell,False,dry_run,dry_run,,,True,0.6076040864,0.6699029207229614,0.51,0.47,gate_close,gate_close,0.007500000000001705,0.0036288000000017054,19.355999999999998,0.6699029207229614,12.36858379715496,0.7746233394005116,19.3635,129.04,129.09,0.0036288000000017054,9.0
BTC/USDT,xgb_primary,conservative,1m,2025-12-29 03:47:00+00:00,2025-12-29 03:42:00+00:00,2025-12-29 03:47:00+00:00,sell,False,dry_run,dry_run,,exchange_qty_step,True,0.6699029207,0.6076040863990784,0.56,0.5,gate_close,gate_close,-0.005317999999999302,-0.0089152859999993,26.979644999999994,0.6076040863990784,14.851044513079325,0.001112278200944872,17.981112,89932.15,89905.56,-0.0089152859999993,5.0
BTC/USDT,xgb_primary,conservative,1m,2025-12-29 03:49:00+00:00,,2025-12-29 03:49:00+00:00,buy,True,cooldown_after_loss,cooldown_after_loss,cooldown_after_loss,,False,0.6076040863990784,0.6076040863990784,,0.56,cooldown_after_loss,,,,,0.6076040863990784,,,30.0,,89941.08,0.0,
SOL/USDT,xgb_primary,conservative,1m,2025-12-29 03:49:00+00:00,,2025-12-29 03:49:00+00:00,buy,True,cooldown_after_loss,cooldown_after_loss,cooldown_after_loss,,False,0.6076040863990784,0.6076040863990784,,0.51,cooldown_after_loss,,,,,0.6076040863990784,,,20.0,,129.15,0.0,
SOL/USDT,xgb_primary,conservative,1m,2025-12-29 03:50:00+00:00,,2025-12-29 03:50:00+00:00,buy,True,cooldown_after_loss,cooldown_after_loss,cooldown_after_loss,,False,0.565682053565979,0.565682053565979,,0.51,cooldown_after_loss,,,,,0.565682053565979,,,20.0,,129.14,0.0,
BTC/USDT,xgb_primary,conservative,1m,2025-12-29 03:53:00+00:00,,2025-12-29 03:53:00+00:00,buy,True,dry_run,dry_run,,exchange_qty_step,True,0.6076040863990784,0.6076040863990784,,0.56,dry_run,,,,,0.6076040863990784,0.0011100452820507188,,27.025926000000002,,90086.42,0.0,
BTC/USDT,xgb_primary,conservative,1m,2025-12-29 03:54:00+00:00,2025-12-29 03:53:00+00:00,2025-12-29 03:54:00+00:00,sell,False,min_hold,min_hold,,,False,0.6076040864,0.565682053565979,0.56,0.5,gate_close,gate_close,-0.011795999999997728,-0.017204186509810614,27.025926,0.565682053565979,9.600238172999607,0.0011105298715334945,,90086.42,90047.1,-0.017204186509810614,1.0
BTC/USDT,xgb_primary,conservative,1m,2025-12-29 03:55:00+00:00,2025-12-29 03:53:00+00:00,2025-12-29 03:55:00+00:00,sell,False,min_hold,min_hold,,,False,0.6076040864,0.565682053565979,0.56,0.5,gate_close,gate_close,-0.0019289999999979044,-0.0073371854139728096,27.025926,0.565682053565979,7.398350418837462,0.0011101243949626454,,90086.42,90079.99,-0.0073371854139728096,2.0
ETH/USDT,xgb_primary,primary,1m,2025-12-29 03:58:00+00:00,2025-12-29 03:43:00+00:00,2025-12-29 03:58:00+00:00,sell,True,dry_run,dry_run,,exchange_qty_step,True,0.6699029207,0.6076040863990784,0.51,0.47,take_profit,take_profit,0.0840599999999972,0.0785981519999972,27.30924,0.6076040863990784,0.032854695183068924,0.032854695183068924,27.3933,3034.36,3043.7,0.0785981519999972,15.0
ETH/USDT,xgb_primary,primary,1m,2025-12-29 03:59:00+00:00,,2025-12-29 03:59:00+00:00,buy,True,cooldown_after_exit,cooldown_after_exit,cooldown_after_exit,,False,0.6076040863990784,0.6076040863990784,,0.51,cooldown_after_exit,,,,,0.6076040863990784,,,30.0,,3043.94,0.0,
ETH/USDT,xgb_primary,primary,1m,2025-12-29 04:00:00+00:00,,2025-12-29 04:00:00+00:00,buy,True,dry_run,dry_run,,exchange_qty_step,True,0.565682053565979,0.565682053565979,,0.51,dry_run,,,,,0.565682053565979,0.03285534285443368,,27.392850000000003,,3043.65,0.0,
BTC/USDT,xgb_primary,conservative,1m,2025-12-29 04:03:00+00:00,2025-12-29 03:53:00+00:00,2025-12-29 04:03:00+00:00,sell,False,dry_run,dry_run,,exchange_qty_step,True,0.6076040864,0.565682053565979,0.56,0.5,gate_close,gate_close,-0.014285999999998604,-0.017889456799998604,27.025926,0.565682053565979,10.74059192595542,0.0011109260179108281,18.002998,90086.42,90014.99,-0.017889456799998604,10.0
BTC/USDT,xgb_primary,conservative,1m,2025-12-29 04:04:00+00:00,,2025-12-29 04:04:00+00:00,buy,True,cooldown_after_loss,cooldown_after_loss,cooldown_after_loss,,False,0.565682053565979,0.565682053565979,,0.56,cooldown_after_loss,,,,,0.565682053565979,,,30.0,,90116.58,0.0,
SOL/USDT,xgb_primary,conservative,1m,2025-12-29 04:10:00+00:00,,2025-12-29 04:10:00+00:00,buy,True,dry_run,dry_run,,exchange_qty_step,True,0.565682053565979,0.565682053565979,,0.51,dry_run,,,,,0.565682053565979,0.7759456838014281,,19.331999999999997,,128.88,0.0,
BTC/USDT,xgb_primary,conservative,1m,2025-12-29 04:10:00+00:00,,2025-12-29 04:10:00+00:00,buy,True,spread_threshold,spread_threshold,,exchange_qty_step,False,0.565682053565979,0.565682053565979,,0.56,spread_threshold,,,,,0.565682053565979,14.381282204669374,,,,90174.98,0.0,
BTC/USDT,xgb_primary,conservative,1m,2025-12-29 04:16:00+00:00,,2025-12-29 04:16:00+00:00,buy,True,dry_run,dry_run,,exchange_qty_step,True,0.565682053565979,0.565682053565979,,0.56,dry_run,,,,,0.565682053565979,0.001108794038985898,,27.056424000000003,,90188.08,0.0,
ETH/USDT,xgb_primary,primary,1m,2025-12-29 04:17:00+00:00,2025-12-29 04:00:00+00:00,2025-12-29 04:17:00+00:00,sell,True,dry_run,dry_run,,exchange_qty_step,True,0.5656820536,0.6076040863990784,0.51,0.47,take_profit,take_profit,0.07964999999999918,0.07417142999999918,27.39285,0.6076040863990784,0.032759979099848416,0.032759979099848416,27.472500000000004,3043.65,3052.5,0.07417142999999918,17.0
ETH/USDT,xgb_primary,primary,1m,2025-12-29 04:18:00+00:00,,2025-12-29 04:18:00+00:00,buy,True,cooldown_after_exit,cooldown_after_exit,cooldown_after_exit,,False,0.6076040863990784,0.6076040863990784,,0.51,cooldown_after_exit,,,,,0.6076040863990784,,,30.0,,3049.61,0.0,
ETH/USDT,xgb_primary,primary,1m,2025-12-29 04:19:00+00:00,,2025-12-29 04:19:00+00:00,buy,True,dry_run,dry_run,,exchange_qty_step,True,0.6076040863990784,0.6076040863990784,,0.51,dry_run,,,,,0.6076040863990784,0.06553187306470228,,27.467640000000003,,3051.96,0.0,
SOL/USDT,xgb_primary,conservative,1m,2025-12-29 04:20:00+00:00,2025-12-29 04:10:00+00:00,2025-12-29 04:20:00+00:00,sell,False,dry_run,dry_run,,,True,0.5656820536,0.565682053565979,0.51,0.47,gate_close,gate_close,0.005999999999998806,0.0021335999999988063,19.331999999999997,0.565682053565979,6.976744186046776,0.7756447547038453,19.337999999999997,128.88,128.92,0.0021335999999988063,10.0
BTC/USDT,xgb_primary,conservative,1m,2025-12-29 04:21:00+00:00,2025-12-29 04:16:00+00:00,2025-12-29 04:21:00+00:00,sell,False,dry_run,dry_run,,exchange_qty_step,True,0.5656820536,0.565682053565979,0.56,0.5,gate_close,gate_close,-0.014827999999999885,-0.018435523199999884,27.056424,0.565682053565979,9.39119727781776,0.0011097061608790193,18.022788000000002,90188.08,90113.94,-0.018435523199999884,5.0
BTC/USDT,xgb_primary,conservative,1m,2025-12-29 04:22:00+00:00,,2025-12-29 04:22:00+00:00,buy,True,cooldown_after_loss,cooldown_after_loss,cooldown_after_loss,,False,0.565682053565979,0.565682053565979,,0.56,cooldown_after_loss,,,,,0.565682053565979,,,15.0,,90041.08,0.0,
SOL/USDT,xgb_primary,conservative,1m,2025-12-29 04:23:00+00:00,,2025-12-29 04:23:00+00:00,buy,True,cooldown_after_loss,cooldown_after_loss,cooldown_after_loss,,False,0.565682053565979,0.565682053565979,,0.51,cooldown_after_loss,,,,,0.565682053565979,,,20.0,,128.68,0.0,
ETH/USDT,xgb_primary,primary,1m,2025-12-29 04:31:00+00:00,2025-12-29 04:19:00+00:00,2025-12-29 04:31:00+00:00,sell,False,dry_run,dry_run,,exchange_qty_step,True,0.6076040864,0.41829004883766174,0.51,0.47,prob_floor,"prob_floor,trailing_prob_drop",-0.07857000000000015,-0.08406352800000015,27.46764,0.41829004883766174,0.03285976929078278,0.03285976929078278,27.389070000000004,3051.96,3043.23,-0.08406352800000015,12.0
SOL/USDT,xgb_primary,conservative,1m,2025-12-29 04:36:00+00:00,,2025-12-29 04:36:00+00:00,buy,True,dry_run,dry_run,,exchange_qty_step,True,0.565682053565979,0.565682053565979,,0.51,dry_run,,,,,0.565682053565979,0.7747433662614238,,19.362000000000002,,129.08,0.0,
SOL/USDT,xgb_primary,conservative,1m,2025-12-29 04:37:00+00:00,2025-12-29 04:36:00+00:00,2025-12-29 04:37:00+00:00,sell,False,min_hold,min_hold,,,False,0.5656820536,0.5878524780273438,0.51,0.47,gate_close,gate_close,0.005999999999998806,0.000628122749274128,19.362000000000002,0.5878524780273438,6.199147617203604,0.7744433688279501,,129.08,129.12,0.000628122749274128,1.0
BTC/USDT,xgb_primary,conservative,1m,2025-12-29 04:37:00+00:00,,2025-12-29 04:37:00+00:00,buy,True,dry_run,dry_run,,exchange_qty_step,True,0.6076040863990784,0.6076040863990784,,0.56,dry_run,,,,,0.6076040863990784,0.00332029325038457,,9.035348,,90353.48,0.0,
BTC/USDT,xgb_primary,conservative,1m,2025-12-29 04:38:00+00:00,2025-12-29 04:37:00+00:00,2025-12-29 04:38:00+00:00,sell,False,min_hold,min_hold,,,False,0.6076040864,0.6076040863990784,0.56,0.5,gate_close,gate_close,-0.0033479999999995926,-0.005156069970625709,9.035348,0.6076040863990784,6.3937098021350485,0.0011071744288279556,,90353.48,90320.0,-0.005156069970625709,1.0
ETH/USDT,xgb_primary,primary,1m,2025-12-29 04:38:00+00:00,,2025-12-29 04:38:00+00:00,buy,True,dry_run,dry_run,,exchange_qty_step,True,0.6076040863990784,0.6076040863990784,,0.51,dry_run,,,,,0.6076040863990784,0.03276695649111206,,27.466740000000005,,3051.86,0.0,
SOL/USDT,xgb_primary,conservative,1m,2025-12-29 04:39:00+00:00,2025-12-29 04:36:00+00:00,2025-12-29 04:39:00+00:00,sell,False,dry_run,dry_run,,,True,0.5656820536,0.5878524780273438,0.51,0.47,gate_close,gate_close,-0.018000000000000682,-0.021872400000000684,19.362000000000002,0.5878524780273438,14.735535908174167,0.7754041794278218,19.344,129.08,128.96,-0.021872400000000684,3.0
SOL/USDT,xgb_primary,conservative,1m,2025-12-29 04:41:00+00:00,,2025-12-29 04:41:00+00:00,buy,True,cooldown_after_loss,cooldown_after_loss,cooldown_after_loss,,False,0.6076040863990784,0.6076040863990784,,0.51,cooldown_after_loss,,,,,0.6076040863990784,,,20.0,,128.61,0.0,
BTC/USDT,xgb_primary,conservative,1m,2025-12-29 04:41:00+00:00,2025-12-29 04:37:00+00:00,2025-12-29 04:41:00+00:00,sell,False,dry_run,dry_run,,,True,0.6076040864,0.6076040863990784,0.56,0.5,gate_close,gate_close,-0.00836999999999971,-0.01017706959999971,9.035348,0.6076040863990784,7.506737227411258,0.0011077903857598984,9.026978,90353.48,90269.78,-0.01017706959999971,4.0
BTC/USDT,xgb_primary,conservative,1m,2025-12-29 04:43:00+00:00,,2025-12-29 04:43:00+00:00,buy,True,cooldown_after_loss,cooldown_after_loss,cooldown_after_loss,,False,0.6076040863990784,0.6076040863990784,,0.56,cooldown_after_loss,,,,,0.6076040863990784,,,15.0,,90244.25,0.0,
SOL/USDT,xgb_primary,conservative,1m,2025-12-29 04:43:00+00:00,,2025-12-29 04:43:00+00:00,buy,True,cooldown_after_loss,cooldown_after_loss,cooldown_after_loss,,False,0.565682053565979,0.565682053565979,,0.51,cooldown_after_loss,,,,,0.565682053565979,,,20.0,,128.52,0.0,
BTC/USDT,xgb_primary,conservative,1m,2025-12-29 04:44:00+00:00,,2025-12-29 04:44:00+00:00,buy,True,cooldown_after_loss,cooldown_after_loss,cooldown_after_loss,,False,0.5878524780273438,0.5878524780273438,,0.56,cooldown_after_loss,,,,,0.5878524780273438,,,15.0,,90297.08,0.0,
BTC/USDT,xgb_primary,conservative,1m,2025-12-29 04:46:00+00:00,,2025-12-29 04:46:00+00:00,buy,True,dry_run,dry_run,,exchange_qty_step,True,0.6076040863990784,0.6076040863990784,,0.56,dry_run,,,,,0.6076040863990784,0.0011074209991895686,,9.02999,,90299.9,0.0,
ETH/USDT,xgb_primary,primary,1m,2025-12-29 04:50:00+00:00,2025-12-29 04:38:00+00:00,2025-12-29 04:50:00+00:00,sell,False,dry_run,dry_run,,exchange_qty_step,True,0.6076040864,0.41829004883766174,0.51,0.47,prob_floor,"prob_floor,trailing_prob_drop",-0.06560999999999967,-0.07110334799999966,27.466739999999998,0.41829004883766174,0.03284530681544561,0.03284530681544561,27.401130000000006,3051.86,3044.57,-0.07110334799999966,12.0
BTC/USDT,xgb_primary,conservative,1m,2025-12-29 04:51:00+00:00,2025-12-29 04:46:00+00:00,2025-12-29 04:51:00+00:00,sell,False,dry_run,dry_run,,,True,0.6076040864,0.41829004883766174,0.56,0.5,prob_floor,"prob_floor,trailing_prob_drop",-0.010527999999999885,-0.012333997999999884,9.02999,0.41829004883766174,7.617103406086533,0.0011087135191607288,9.019462,90299.9,90194.62,-0.012333997999999884,5.0
SOL/USDT,xgb_primary,conservative,1m,2025-12-29 04:56:00+00:00,,2025-12-29 04:56:00+00:00,buy,True,dry_run,dry_run,,exchange_qty_step,True,0.6076040863990784,0.6076040863990784,,0.51,dry_run,,,,,0.6076040863990784,0.7768498737611891,,19.309499999999996,,128.73,0.0,
SOL/USDT,xgb_primary,conservative,1m,2025-12-29 04:58:00+00:00,2025-12-29 04:56:00+00:00,2025-12-29 04:58:00+00:00,sell,False,min_hold,min_hold,,,False,0.6076040864,0.41829004883766174,0.51,0.47,prob_floor,"prob_floor,trailing_prob_drop",-0.02249999999999659,-0.02786359148811592,19.309499999999996,0.41829004883766174,6.218905472637788,0.7776956876767045,,128.73,128.58,-0.02786359148811592,2.0
BTC/USDT,xgb_primary,conservative,1m,2025-12-29 05:00:00+00:00,,2025-12-29 05:00:00+00:00,buy,True,dry_run,dry_run,,exchange_qty_step,True,0.565682053565979,0.565682053565979,,0.56,dry_run,,,,,0.565682053565979,0.0011093250372068422,,9.014491000000001,,90144.91,0.0,
BTC/USDT,xgb_primary,conservative,1m,2025-12-29 05:01:00+00:00,2025-12-29 05:00:00+00:00,2025-12-29 05:01:00+00:00,sell,False,min_hold,min_hold,,,False,0.5656820536,0.41829004883766174,0.56,0.5,prob_floor,prob_floor,-0.004076000000000931,-0.005879898652311749,9.014491000000001,0.41829004883766174,0.0011093250987369476,0.0011098267343290912,,90144.91,90104.15,-0.005879898652311749,1.0
BTC/USDT,xgb_primary,conservative,1m,2025-12-29 05:02:00+00:00,2025-12-29 05:00:00+00:00,2025-12-29 05:02:00+00:00,sell,False,min_hold,min_hold,,,False,0.5656820536,0.41829004883766174,0.56,0.5,prob_floor,prob_floor,-0.001769999999999709,-0.003573898396332779,9.014491000000001,0.41829004883766174,5.205039845573479,0.0011095427718210654,,90144.91,90127.21,-0.003573898396332779,2.0
BTC/USDT,xgb_primary,conservative,1m,2025-12-29 05:03:00+00:00,2025-12-29 05:00:00+00:00,2025-12-29 05:03:00+00:00,sell,False,dry_run,dry_run,,,True,0.5656820536,0.41829004883766174,0.56,0.5,prob_floor,prob_floor,-0.003422000000000117,-0.0052248982000001176,9.014491000000001,0.41829004883766174,2.8677583829212674,0.0011097461843748192,9.011069,90144.91,90110.69,-0.0052248982000001176,3.0
SOL/USDT,xgb_primary,conservative,1m,2025-12-29 05:09:00+00:00,2025-12-29 04:56:00+00:00,2025-12-29 05:09:00+00:00,sell,False,dry_run,dry_run,,,True,0.6076040864,0.4007633626461029,0.51,0.47,prob_floor,"prob_floor,trailing_prob_drop",-0.059999999999996584,-0.06386189999999659,19.309499999999996,0.4007633626461029,12.471743705666583,0.7792106596011147,19.2495,128.73,128.33,-0.06386189999999659,13.0
BTC/USDT,xgb_primary,conservative,1m,2025-12-29 05:13:00+00:00,,2025-12-29 05:13:00+00:00,buy,True,cooldown_after_loss,cooldown_after_loss,cooldown_after_loss,,False,0.565682053565979,0.565682053565979,,0.56,cooldown_after_loss,,,,,0.565682053565979,,,15.0,,90215.62,0.0,
ETH/USDT,xgb_primary,primary,1m,2025-12-29 05:14:00+00:00,,2025-12-29 05:14:00+00:00,buy,True,dry_run,dry_run,,exchange_qty_step,True,0.565682053565979,0.565682053565979,,0.51,dry_run,,,,,0.565682053565979,0.03286797755188877,,27.382320000000004,,3042.48,0.0,
BTC/USDT,xgb_primary,conservative,1m,2025-12-29 05:14:00+00:00,,2025-12-29 05:14:00+00:00,buy,True,dry_run,dry_run,,exchange_qty_step,True,0.565682053565979,0.565682053565979,,0.56,dry_run,,,,,0.565682053565979,0.001108827973746416,,9.018532,,90185.32,0.0,
BTC/USDT,xgb_primary,conservative,1m,2025-12-29 05:20:00+00:00,2025-12-29 05:14:00+00:00,2025-12-29 05:20:00+00:00,sell,False,dry_run,dry_run,,,True,0.5656820536,0.4742901027202606,0.56,0.5,prob_floor,prob_floor,-0.004879000000000815,-0.0066827064000008155,9.018532,0.4742901027202606,0.0011094280465475303,0.0011094280465475303,9.013653,90185.32,90136.53,-0.0066827064000008155,6.0
ETH/USDT,xgb_primary,primary,1m,2025-12-29 05:28:00+00:00,2025-12-29 05:14:00+00:00,2025-12-29 05:28:00+00:00,sell,False,dry_run,dry_run,,exchange_qty_step,True,0.5656820536,0.41829004883766174,0.51,0.47,prob_floor,prob_floor,-0.04878000000000065,-0.05425646400000065,27.382319999999996,0.41829004883766174,0.03292652610404545,0.03292652610404545,27.333540000000003,3042.48,3037.06,-0.05425646400000065,14.0
ETH/USDT,xgb_primary,primary,1m,2025-12-29 05:37:00+00:00,,2025-12-29 05:37:00+00:00,buy,True,dry_run,dry_run,,exchange_qty_step,True,0.5878524780273438,0.5878524780273438,,0.51,dry_run,,,,,0.5878524780273438,0.0328848389389979,,12.163680000000001,,3040.92,0.0,
BTC/USDT,xgb_primary,conservative,1m,2025-12-29 05:41:00+00:00,,2025-12-29 05:41:00+00:00,buy,True,dry_run,dry_run,,exchange_qty_step,True,0.565682053565979,0.565682053565979,,0.56,dry_run,,,,,0.565682053565979,0.0011095390801924613,,9.012752,,90127.52,0.0,
BTC/USDT,xgb_primary,conservative,1m,2025-12-29 05:51:00+00:00,2025-12-29 05:41:00+00:00,2025-12-29 05:51:00+00:00,sell,False,dry_run,dry_run,,,True,0.5656820536,0.41829004883766174,0.56,0.5,prob_floor,prob_floor,-0.015049000000000524,-0.016851550400000526,9.012752,0.41829004883766174,6.898612177888921,0.0011113947014103444,8.997703,90127.52,89977.03,-0.016851550400000526,10.0
ETH/USDT,xgb_primary,primary,1m,2025-12-29 05:58:00+00:00,2025-12-29 05:37:00+00:00,2025-12-29 05:58:00+00:00,sell,False,dry_run,dry_run,,,True,0.587852478,0.41829004883766174,0.51,0.47,prob_floor,prob_floor,-0.009280000000000656,-0.011712736000000657,12.163680000000001,0.41829004883766174,0.03290983856150529,0.03290983856150529,12.1544,3040.92,3038.6,-0.011712736000000657,21.0
ETH/USDT,xgb_primary,primary,1m,2025-12-29 06:08:00+00:00,,2025-12-29 06:08:00+00:00,buy,True,dry_run,dry_run,,exchange_qty_step,True,0.565682053565979,0.565682053565979,,0.51,dry_run,,,,,0.565682053565979,0.032916338189760315,,12.152040000000001,,3038.01,0.0,
SOL/USDT,xgb_primary,conservative,1m,2025-12-29 06:14:00+00:00,,2025-12-29 06:14:00+00:00,buy,True,dry_run,dry_run,,exchange_qty_step,True,0.565682053565979,0.565682053565979,,0.51,dry_run,,,,,0.565682053565979,0.7821971919113696,,19.1775,,127.85,0.0,
SOL/USDT,xgb_primary,conservative,1m,2025-12-29 06:15:00+00:00,2025-12-29 06:14:00+00:00,2025-12-29 06:15:00+00:00,sell,False,min_hold,min_hold,,,False,0.5656820536,0.565682053565979,0.51,0.47,gate_close,gate_close,0.01950000000000145,0.014166082216668829,19.1775,0.565682053565979,3.1289111389241437,0.7813415634637578,,127.85,127.98,0.014166082216668829,1.0
SOL/USDT,xgb_primary,conservative,1m,2025-12-29 06:16:00+00:00,2025-12-29 06:14:00+00:00,2025-12-29 06:16:00+00:00,sell,False,min_hold,min_hold,,,False,0.5656820536,0.6076040863990784,0.51,0.47,gate_close,gate_close,0.0045000000000001705,-0.000835089474919469,19.1775,0.6076040863990784,7.032348804500969,0.7819525354814965,,127.85,127.88,-0.000835089474919469,2.0
ETH/USDT,xgb_primary,primary,1m,2025-12-29 06:16:00+00:00,2025-12-29 06:08:00+00:00,2025-12-29 06:16:00+00:00,sell,False,dry_run,dry_run,,,True,0.5656820536,0.6076040863990784,0.51,0.47,gate_close,gate_close,0.023959999999999128,0.021529591999999126,12.152040000000001,0.6076040863990784,7.129597686987902,0.0328514572092302,12.176,3038.01,3044.0,0.021529591999999126,8.0
BTC/USDT,xgb_primary,conservative,1m,2025-12-29 06:17:00+00:00,,2025-12-29 06:17:00+00:00,buy,True,dry_run,dry_run,,exchange_qty_step,True,0.6076040863990784,0.6076040863990784,,0.56,dry_run,,,,,0.6076040863990784,0.0011098014847382848,,9.010621,,90106.21,0.0,
ETH/USDT,xgb_primary,primary,1m,2025-12-29 06:18:00+00:00,,2025-12-29 06:18:00+00:00,buy,True,dry_run,dry_run,,exchange_qty_step,True,0.6076040863990784,0.6076040863990784,,0.51,dry_run,,,,,0.6076040863990784,0.032858041760002496,,27.390600000000003,,3043.4,0.0,
SOL/USDT,xgb_primary,conservative,1m,2025-12-29 06:19:00+00:00,2025-12-29 06:14:00+00:00,2025-12-29 06:19:00+00:00,sell,False,dry_run,dry_run,,,True,0.5656820536,0.6076040863990784,0.51,0.47,gate_close,gate_close,0.025500000000002385,0.021664500000002387,19.1775,0.6076040863990784,10.938354558949962,0.7810974419051673,19.203,127.85,128.02,0.021664500000002387,5.0
SOL/USDT,xgb_primary,conservative,1m,2025-12-29 06:20:00+00:00,,2025-12-29 06:20:00+00:00,buy,True,cooldown_after_exit,cooldown_after_exit,cooldown_after_exit,,False,0.6076040863990784,0.6076040863990784,,0.51,cooldown_after_exit,,,,,0.6076040863990784,,,20.0,,128.01,0.0,
SOL/USDT,xgb_primary,conservative,1m,2025-12-29 06:21:00+00:00,,2025-12-29 06:21:00+00:00,buy,True,dry_run,dry_run,,exchange_qty_step,True,0.6076040863990784,0.6076040863990784,,0.51,dry_run,,,,,0.6076040863990784,0.7810364353489987,,19.206,,128.04,0.0,
ETH/USDT,xgb_primary,primary,1m,2025-12-29 06:23:00+00:00,2025-12-29 06:18:00+00:00,2025-12-29 06:23:00+00:00,sell,False,dry_run,dry_run,,exchange_qty_step,True,0.6076040864,0.565682053565979,0.51,0.47,gate_close,gate_close,-0.01125,-0.01672812,27.3906,0.565682053565979,6.113433777708078,0.032871434886662686,27.379350000000002,3043.4,3042.15,-0.01672812,5.0
ETH/USDT,xgb_primary,primary,1m,2025-12-29 06:25:00+00:00,,2025-12-29 06:25:00+00:00,buy,True,cooldown_after_loss,cooldown_after_loss,cooldown_after_loss,,False,0.565682053565979,0.565682053565979,,0.51,cooldown_after_loss,,,,,0.565682053565979,,,30.0,,3041.28,0.0,
ETH/USDT,xgb_primary,primary,1m,2025-12-29 06:26:00+00:00,,2025-12-29 06:26:00+00:00,buy,True,cooldown_after_loss,cooldown_after_loss,cooldown_after_loss,,False,0.565682053565979,0.565682053565979,,0.51,cooldown_after_loss,,,,,0.565682053565979,,,30.0,,3038.81,0.0,
BTC/USDT,xgb_primary,conservative,1m,2025-12-29 06:29:00+00:00,2025-12-29 06:17:00+00:00,2025-12-29 06:29:00+00:00,sell,False,dry_run,dry_run,,,True,0.6076040864,0.4742901027202606,0.56,0.5,prob_floor,prob_floor,-0.014749000000000524,-0.016551124200000523,9.010621,0.4742901027202606,2.407597872021778,0.001111620912230727,8.995872,90106.21,89958.72,-0.016551124200000523,12.0
SOL/USDT,xgb_primary,conservative,1m,2025-12-29 06:33:00+00:00,2025-12-29 06:21:00+00:00,2025-12-29 06:33:00+00:00,sell,False,dry_run,dry_run,,,True,0.6076040864,0.41829004883766174,0.51,0.47,prob_floor,"prob_floor,trailing_prob_drop",-0.040499999999999405,-0.04434119999999941,19.206,0.41829004883766174,15.65435190983004,0.7826257092549495,19.165499999999998,128.04,127.77,-0.04434119999999941,12.0
ETH/USDT,xgb_primary,primary,1m,2025-12-29 07:01:00+00:00,,2025-12-29 07:01:00+00:00,buy,True,dry_run,dry_run,,exchange_qty_step,True,0.565682053565979,0.565682053565979,,0.51,dry_run,,,,,0.565682053565979,0.03293173087602777,,27.329310000000003,,3036.59,0.0,
ETH/USDT,xgb_primary,primary,1m,2025-12-29 07:08:00+00:00,2025-12-29 07:01:00+00:00,2025-12-29 07:08:00+00:00,sell,False,spread_threshold,spread_threshold,,exchange_qty_step,False,0.5656820536,0.41829004883766174,0.51,0.47,stop_loss,"stop_loss,prob_floor",-1.2401099999999996,-2.371972293813687,27.32931,0.41829004883766174,7.656512986370628,412.1569230301415,,3036.59,2898.8,-2.371972293813687,7.0
ETH/USDT,xgb_primary,primary,1m,2025-12-29 07:10:00+00:00,2025-12-29 07:01:00+00:00,2025-12-29 07:10:00+00:00,sell,False,dry_run,dry_run,,exchange_qty_step,True,0.5656820536,0.41829004883766174,0.51,0.47,prob_floor,prob_floor,-0.10224000000000114,-0.10770586200000114,27.32931,0.41829004883766174,0.033055283307787765,0.033055283307787765,27.227070000000005,3036.59,3025.23,-0.10770586200000114,9.0
SOL/USDT,xgb_primary,conservative,1m,2025-12-29 07:22:00+00:00,,2025-12-29 07:22:00+00:00,buy,True,dry_run,dry_run,,exchange_qty_step,True,0.565682053565979,0.565682053565979,,0.51,dry_run,,,,,0.565682053565979,0.7839140830157885,,19.135499999999997,,127.57,0.0,
SOL/USDT,xgb_primary,conservative,1m,2025-12-29 07:25:00+00:00,2025-12-29 07:22:00+00:00,2025-12-29 07:25:00+00:00,sell,False,dry_run,dry_run,,,True,0.5656820536,0.4007633626461029,0.51,0.47,prob_floor,prob_floor,-0.020999999999997954,-0.024827099999997954,19.135499999999997,0.4007633626461029,7.057716436636544,0.7847137756496179,19.1145,127.57,127.43,-0.024827099999997954,3.0
ETH/USDT,xgb_primary,primary,1m,2025-12-29 07:32:00+00:00,,2025-12-29 07:32:00+00:00,buy,True,dry_run,dry_run,,exchange_qty_step,True,0.565682053565979,0.565682053565979,,0.51,dry_run,,,,,0.565682053565979,0.03312382514005011,,27.170820000000003,,3018.98,0.0,
SOL/USDT,xgb_primary,conservative,1m,2025-12-29 07:33:00+00:00,,2025-12-29 07:33:00+00:00,buy,True,dry_run,dry_run,,exchange_qty_step,True,0.565682053565979,0.565682053565979,,0.51,dry_run,,,,,0.565682053565979,0.7830546963698293,,19.156499999999998,,127.71,0.0,
BTC/USDT,xgb_primary,conservative,1m,2025-12-29 07:37:00+00:00,,2025-12-29 07:37:00+00:00,buy,True,dry_run,dry_run,,exchange_qty_step,True,0.565682053565979,0.565682053565979,,0.56,dry_run,,,,,0.565682053565979,0.001115254839886633,,8.966561,,89665.61,0.0,
ETH/USDT,xgb_primary,primary,1m,2025-12-29 07:46:00+00:00,2025-12-29 07:32:00+00:00,2025-12-29 07:46:00+00:00,sell,False,dry_run,dry_run,,exchange_qty_step,True,0.5656820536,0.41829004883766174,0.51,0.47,prob_floor,prob_floor,-0.021780000000000653,-0.02721416400000065,27.17082,0.41829004883766174,0.03315028849110919,0.03315028849110919,27.149040000000003,3018.98,3016.56,-0.02721416400000065,14.0
SOL/USDT,xgb_primary,conservative,1m,2025-12-29 07:46:00+00:00,2025-12-29 07:33:00+00:00,2025-12-29 07:46:00+00:00,sell,False,dry_run,dry_run,,,True,0.5656820536,0.5878524780273438,0.51,0.47,gate_close,gate_close,0.016499999999999914,0.012668699999999915,19.156499999999998,0.5878524780273438,5.478165597120628,0.7823195775478284,19.173,127.71,127.82,0.012668699999999915,13.0
BTC/USDT,xgb_primary,conservative,1m,2025-12-29 07:46:00+00:00,2025-12-29 07:37:00+00:00,2025-12-29 07:46:00+00:00,sell,False,dry_run,dry_run,,,True,0.5656820536,0.4742901027202606,0.56,0.5,prob_floor,prob_floor,-0.007024000000000525,-0.008817312200000524,8.966561,0.4742901027202606,2.917938588614445,0.0011161290422985813,8.959537,89665.61,89595.37,-0.008817312200000524,9.0
SOL/USDT,xgb_primary,conservative,1m,2025-12-29 07:47:00+00:00,,2025-12-29 07:47:00+00:00,buy,True,cooldown_after_loss,cooldown_after_loss,cooldown_after_loss,,False,0.6076040863990784,0.6076040863990784,,0.51,cooldown_after_loss,,,,,0.6076040863990784,,,20.0,,127.84,0.0,
SOL/USDT,xgb_primary,conservative,1m,2025-12-29 07:49:00+00:00,,2025-12-29 07:49:00+00:00,buy,True,cooldown_after_loss,cooldown_after_loss,cooldown_after_loss,,False,0.565682053565979,0.565682053565979,,0.51,cooldown_after_loss,,,,,0.565682053565979,,,20.0,,127.9,0.0,
SOL/USDT,xgb_primary,conservative,1m,2025-12-29 07:50:00+00:00,,2025-12-29 07:50:00+00:00,buy,True,cooldown_after_loss,cooldown_after_loss,cooldown_after_loss,,False,0.565682053565979,0.565682053565979,,0.51,cooldown_after_loss,,,,,0.565682053565979,,,20.0,,127.91,0.0,
SOL/USDT,xgb_primary,conservative,1m,2025-12-29 07:51:00+00:00,,2025-12-29 07:51:00+00:00,buy,True,dry_run,dry_run,,exchange_qty_step,True,0.565682053565979,0.565682053565979,,0.51,dry_run,,,,,0.565682053565979,0.7820136852387805,,19.182,,127.88,0.0,
ETH/USDT,xgb_primary,primary,1m,2025-12-29 07:52:00+00:00,,2025-12-29 07:52:00+00:00,buy,True,dry_run,dry_run,,exchange_qty_step,True,0.565682053565979,0.565682053565979,,0.51,dry_run,,,,,0.565682053565979,0.03311252796011357,,12.08004,,3020.01,0.0,
SOL/USDT,xgb_primary,conservative,1m,2025-12-29 07:53:00+00:00,2025-12-29 07:51:00+00:00,2025-12-29 07:53:00+00:00,sell,False,min_hold,min_hold,,,False,0.5656820536,0.565682053565979,0.51,0.47,gate_close,gate_close,0.010500000000001107,0.005164479215351617,19.182,0.565682053565979,3.1276878567523854,0.7815247547958973,,127.88,127.95,0.005164479215351617,2.0
SOL/USDT,xgb_primary,conservative,1m,2025-12-29 07:54:00+00:00,2025-12-29 07:51:00+00:00,2025-12-29 07:54:00+00:00,sell,False,dry_run,dry_run,,,True,0.5656820536,0.565682053565979,0.51,0.47,gate_close,gate_close,0.010500000000001107,0.006663600000001107,19.182,0.565682053565979,6.251465187153105,0.7815247547958973,19.1925,127.88,127.95,0.006663600000001107,3.0
SOL/USDT,xgb_primary,conservative,1m,2025-12-29 07:55:00+00:00,,2025-12-29 07:55:00+00:00,buy,True,cooldown_after_exit,cooldown_after_exit,cooldown_after_exit,,False,0.565682053565979,0.565682053565979,,0.51,cooldown_after_exit,,,,,0.565682053565979,,,20.0,,127.95,0.0,
SOL/USDT,xgb_primary,conservative,1m,2025-12-29 07:56:00+00:00,,2025-12-29 07:56:00+00:00,buy,True,dry_run,dry_run,,exchange_qty_step,True,0.565682053565979,0.565682053565979,,0.51,dry_run,,,,,0.565682053565979,0.7817691435723032,,19.188,,127.92,0.0,
BTC/USDT,xgb_primary,conservative,1m,2025-12-29 07:57:00+00:00,,2025-12-29 07:57:00+00:00,buy,True,dry_run,dry_run,,exchange_qty_step,True,0.565682053565979,0.565682053565979,,0.56,dry_run,,,,,0.565682053565979,0.0011162639726878365,,8.958455,,89584.55,0.0,
ETH/USDT,xgb_primary,primary,1m,2025-12-29 07:59:00+00:00,2025-12-29 07:52:00+00:00,2025-12-29 07:59:00+00:00,sell,False,dry_run,dry_run,,,True,0.5656820536,0.565682053565979,0.51,0.47,gate_close,gate_close,-0.003840000000000146,-0.006256008000000146,12.08004,0.565682053565979,4.603914320822851,0.033122947411569285,12.076200000000002,3020.01,3019.05,-0.006256008000000146,7.0
SOL/USDT,xgb_primary,conservative,1m,2025-12-29 07:59:00+00:00,2025-12-29 07:56:00+00:00,2025-12-29 07:59:00+00:00,sell,False,dry_run,dry_run,,,True,0.5656820536,0.565682053565979,0.51,0.47,gate_close,gate_close,0.0015000000000007674,-0.002337599999999232,19.188,0.565682053565979,4.692265582232132,0.7816469300809712,19.1895,127.92,127.93,-0.002337599999999232,3.0
ETH/USDT,xgb_primary,primary,1m,2025-12-29 08:00:00+00:00,,2025-12-29 08:00:00+00:00,buy,True,cooldown_after_loss,cooldown_after_loss,cooldown_after_loss,,False,0.565682053565979,0.565682053565979,,0.51,cooldown_after_loss,,,,,0.565682053565979,,,15.0,,3019.7,0.0,
BTC/USDT,xgb_primary,conservative,1m,2025-12-29 08:00:00+00:00,2025-12-29 07:57:00+00:00,2025-12-29 08:00:00+00:00,sell,False,dry_run,dry_run,,,True,0.5656820536,0.565682053565979,0.56,0.5,gate_close,gate_close,0.004998999999999069,0.003207308999999069,8.958455,0.565682053565979,3.6458931824706577,0.0011156412975949425,8.963454,89584.55,89634.54,0.003207308999999069,3.0
ETH/USDT,xgb_primary,primary,1m,2025-12-29 08:01:00+00:00,,2025-12-29 08:01:00+00:00,buy,True,cooldown_after_loss,cooldown_after_loss,cooldown_after_loss,,False,0.565682053565979,0.565682053565979,,0.51,cooldown_after_loss,,,,,0.565682053565979,,,15.0,,3018.82,0.0,
SOL/USDT,xgb_primary,conservative,1m,2025-12-29 08:01:00+00:00,,2025-12-29 08:01:00+00:00,buy,True,cooldown_after_loss,cooldown_after_loss,cooldown_after_loss,,False,0.565682053565979,0.565682053565979,,0.51,cooldown_after_loss,,,,,0.565682053565979,,,20.0,,127.9,0.0,
BTC/USDT,xgb_primary,conservative,1m,2025-12-29 08:01:00+00:00,,2025-12-29 08:01:00+00:00,buy,True,cooldown_after_loss,cooldown_after_loss,cooldown_after_loss,,False,0.565682053565979,0.565682053565979,,0.56,cooldown_after_loss,,,,,0.565682053565979,,,30.0,,89625.58,0.0,
BTC/USDT,xgb_primary,conservative,1m,2025-12-29 08:02:00+00:00,,2025-12-29 08:02:00+00:00,buy,True,cooldown_after_loss,cooldown_after_loss,cooldown_after_loss,,False,0.565682053565979,0.565682053565979,,0.56,cooldown_after_loss,,,,,0.565682053565979,,,30.0,,89609.18,0.0,
ETH/USDT,xgb_primary,primary,1m,2025-12-29 08:02:00+00:00,,2025-12-29 08:02:00+00:00,buy,True,cooldown_after_loss,cooldown_after_loss,cooldown_after_loss,,False,0.565682053565979,0.565682053565979,,0.51,cooldown_after_loss,,,,,0.565682053565979,,,15.0,,3019.14,0.0,
ETH/USDT,xgb_primary,primary,1m,2025-12-29 08:11:00+00:00,,2025-12-29 08:11:00+00:00,buy,True,dry_run,dry_run,,exchange_qty_step,True,0.565682053565979,0.565682053565979,,0.51,dry_run,,,,,0.565682053565979,0.03310584102827911,,12.08248,,3020.62,0.0,
SOL/USDT,xgb_primary,conservative,1m,2025-12-29 08:12:00+00:00,,2025-12-29 08:12:00+00:00,buy,True,dry_run,dry_run,,exchange_qty_step,True,0.565682053565979,0.565682053565979,,0.51,dry_run,,,,,0.565682053565979,0.7812805187706641,,19.2,,128.0,0.0,
SOL/USDT,xgb_primary,conservative,1m,2025-12-29 08:15:00+00:00,2025-12-29 08:12:00+00:00,2025-12-29 08:15:00+00:00,sell,False,dry_run,dry_run,,,True,0.5656820536,0.565682053565979,0.51,0.47,gate_close,gate_close,0.003000000000001535,-0.0008399999999984648,19.2,0.565682053565979,4.68457214241117,0.7810974419051673,19.203,128.0,128.02,-0.0008399999999984648,3.0
SOL/USDT,xgb_primary,conservative,1m,2025-12-29 08:16:00+00:00,,2025-12-29 08:16:00+00:00,buy,True,cooldown_after_exit,cooldown_after_exit,cooldown_after_exit,,False,0.565682053565979,0.565682053565979,,0.51,cooldown_after_exit,,,,,0.565682053565979,,,20.0,,128.11,0.0,
BTC/USDT,xgb_primary,conservative,1m,2025-12-29 08:16:00+00:00,,2025-12-29 08:16:00+00:00,buy,True,dry_run,dry_run,,exchange_qty_step,True,0.565682053565979,0.565682053565979,,0.56,dry_run,,,,,0.565682053565979,0.0011146944212178545,,26.913207000000003,,89710.69,0.0,
SOL/USDT,xgb_primary,conservative,1m,2025-12-29 08:17:00+00:00,,2025-12-29 08:17:00+00:00,buy,True,dry_run,dry_run,,exchange_qty_step,True,0.565682053565979,0.565682053565979,,0.51,dry_run,,,,,0.565682053565979,0.7809754383239741,,19.2075,,128.05,0.0,
BTC/USDT,xgb_primary,conservative,1m,2025-12-29 08:17:00+00:00,2025-12-29 08:16:00+00:00,2025-12-29 08:17:00+00:00,sell,False,min_hold,min_hold,,,False,0.5656820536,0.565682053565979,0.56,0.5,gate_close,gate_close,0.0021179999999993014,-0.0032676411637582625,26.913207,0.565682053565979,3.105383403943902,0.00111460657868237,,89710.69,89717.75,-0.0032676411637582625,1.0
SOL/USDT,xgb_primary,conservative,1m,2025-12-29 08:18:00+00:00,2025-12-29 08:17:00+00:00,2025-12-29 08:18:00+00:00,sell,False,min_hold,min_hold,,,False,0.5656820536,0.565682053565979,0.51,0.47,gate_close,gate_close,0.0014999999999986357,-0.0038413243079686095,19.2075,0.565682053565979,6.248535499493284,0.7808534728451103,,128.05,128.06,-0.0038413243079686095,1.0
BTC/USDT,xgb_primary,conservative,1m,2025-12-29 08:21:00+00:00,2025-12-29 08:16:00+00:00,2025-12-29 08:21:00+00:00,sell,False,dry_run,dry_run,,exchange_qty_step,True,0.5656820536,0.6076040863990784,0.56,0.5,gate_close,gate_close,0.013835999999998603,0.010247572399998604,26.913207,0.6076040863990784,3.926156177234671,0.001113835367816365,17.955974,89710.69,89779.87,0.010247572399998604,5.0
BTC/USDT,xgb_primary,conservative,1m,2025-12-29 08:22:00+00:00,,2025-12-29 08:22:00+00:00,buy,True,cooldown_after_exit,cooldown_after_exit,cooldown_after_exit,,False,0.6076040863990784,0.6076040863990784,,0.56,cooldown_after_exit,,,,,0.6076040863990784,,,30.0,,89806.4,0.0,
SOL/USDT,xgb_primary,conservative,1m,2025-12-29 08:23:00+00:00,2025-12-29 08:17:00+00:00,2025-12-29 08:23:00+00:00,sell,False,dry_run,dry_run,,,True,0.5656820536,0.5878524780273438,0.51,0.47,gate_close,gate_close,0.020999999999997954,0.017158499999997953,19.2075,0.5878524780273438,7.804573480058871,0.7800616248676552,19.2285,128.05,128.19,0.017158499999997953,6.0
SOL/USDT,xgb_primary,conservative,1m,2025-12-29 08:27:00+00:00,,2025-12-29 08:27:00+00:00,buy,True,dry_run,dry_run,,exchange_qty_step,True,0.565682053565979,0.565682053565979,,0.51,dry_run,,,,,0.565682053565979,0.7803050992931142,,19.224,,128.16,0.0,
BTC/USDT,xgb_primary,conservative,1m,2025-12-29 08:27:00+00:00,,2025-12-29 08:27:00+00:00,buy,True,dry_run,dry_run,,exchange_qty_step,True,0.6076040863990784,0.6076040863990784,,0.56,dry_run,,,,,0.6076040863990784,0.0011137185128041406,,26.936790000000002,,89789.3,0.0,
BTC/USDT,xgb_primary,conservative,1m,2025-12-29 08:28:00+00:00,2025-12-29 08:27:00+00:00,2025-12-29 08:28:00+00:00,sell,False,min_hold,min_hold,,,False,0.6076040864,0.5878524780273438,0.56,0.5,gate_close,gate_close,-3.0000000027939675e-06,-0.005393358000172646,26.93679,0.5878524780273438,2.9492453585037706,0.0011137185128041406,,89789.3,89789.29,-0.005393358000172646,1.0
BTC/USDT,xgb_primary,conservative,1m,2025-12-29 08:32:00+00:00,2025-12-29 08:27:00+00:00,2025-12-29 08:32:00+00:00,sell,False,dry_run,dry_run,,exchange_qty_step,True,0.6076040864,0.565682053565979,0.56,0.5,gate_close,gate_close,-0.02173999999999942,-0.02533157199999942,26.93679,0.565682053565979,2.7968522881059243,0.0011150683020884292,17.936120000000003,89789.3,89680.6,-0.02533157199999942,5.0
ETH/USDT,xgb_primary,primary,1m,2025-12-29 08:38:00+00:00,2025-12-29 08:11:00+00:00,2025-12-29 08:38:00+00:00,sell,False,dry_run,dry_run,,,True,0.5656820536,0.41829004883766174,0.51,0.47,prob_floor,prob_floor,-0.014520000000000437,-0.016936496000000436,12.08248,0.41829004883766174,0.0331278303597294,0.03314556371561199,12.06796,3020.62,3016.99,-0.016936496000000436,27.0
SOL/USDT,xgb_primary,conservative,1m,2025-12-29 08:39:00+00:00,2025-12-29 08:27:00+00:00,2025-12-29 08:39:00+00:00,sell,False,dry_run,dry_run,,,True,0.5656820536,0.3731343150138855,0.51,0.47,prob_floor,"prob_floor,trailing_prob_drop",-0.018000000000000682,-0.02184480000000068,19.224,0.3731343150138855,10.160218835483365,0.7809754383239741,19.206,128.16,128.04,-0.02184480000000068,12.0
SOL/USDT,xgb_primary,conservative,1m,2025-12-29 08:43:00+00:00,,2025-12-29 08:43:00+00:00,buy,True,cooldown_after_loss,cooldown_after_loss,cooldown_after_loss,,False,0.565682053565979,0.565682053565979,,0.51,cooldown_after_loss,,,,,0.565682053565979,,,20.0,,128.2,0.0,
SOL/USDT,xgb_primary,conservative,1m,2025-12-29 08:45:00+00:00,,2025-12-29 08:45:00+00:00,buy,True,dry_run,dry_run,,exchange_qty_step,True,0.565682053565979,0.565682053565979,,0.51,dry_run,,,,,0.565682053565979,0.7806096561429551,,19.2165,,128.11,0.0,
SOL/USDT,xgb_primary,conservative,1m,2025-12-29 08:46:00+00:00,2025-12-29 08:45:00+00:00,2025-12-29 08:46:00+00:00,sell,False,min_hold,min_hold,,,False,0.5656820536,0.41829004883766174,0.51,0.47,prob_floor,prob_floor,0.0014999999999986357,-0.0038431243902439026,19.2165,0.41829004883766174,4.684206417362969,0.780487804877339,,128.11,128.12,-0.0038431243902439026,1.0
SOL/USDT,xgb_primary,conservative,1m,2025-12-29 08:49:00+00:00,2025-12-29 08:45:00+00:00,2025-12-29 08:49:00+00:00,sell,False,dry_run,dry_run,,,True,0.5656820536,0.41829004883766174,0.51,0.47,prob_floor,prob_floor,0.013499999999996248,0.009656699999996247,19.2165,0.41829004883766174,1.561158379516182,0.7800007800022877,19.229999999999997,128.11,128.2,0.009656699999996247,4.0
SOL/USDT,xgb_primary,conservative,1m,2025-12-29 09:17:00+00:00,,2025-12-29 09:17:00+00:00,buy,True,dry_run,dry_run,,exchange_qty_step,True,0.565682053565979,0.565682053565979,,0.51,dry_run,,,,,0.565682053565979,0.7825032278251031,,19.169999999999998,,127.8,0.0,
SOL/USDT,xgb_primary,conservative,1m,2025-12-29 09:20:00+00:00,2025-12-29 09:17:00+00:00,2025-12-29 09:20:00+00:00,sell,False,dry_run,dry_run,,,True,0.5656820536,0.41829004883766174,0.51,0.47,prob_floor,prob_floor,0.0045000000000001705,0.0006660000000001708,19.169999999999998,0.41829004883766174,0.7822889775487065,0.7822583799432953,19.1745,127.8,127.83,0.0006660000000001708,3.0
ETH/USDT,xgb_primary,primary,1m,2025-12-29 09:22:00+00:00,,2025-12-29 09:22:00+00:00,buy,True,dry_run,dry_run,,exchange_qty_step,True,0.565682053565979,0.565682053565979,,0.51,dry_run,,,,,0.565682053565979,0.03319320269667646,,12.05068,,3012.67,0.0,
ETH/USDT,xgb_primary,primary,1m,2025-12-29 09:27:00+00:00,2025-12-29 09:22:00+00:00,2025-12-29 09:27:00+00:00,sell,False,dry_run,dry_run,,,True,0.5656820536,0.41829004883766174,0.51,0.47,prob_floor,prob_floor,-0.019600000000000364,-0.022010136000000364,12.05068,0.41829004883766174,0.03324943392760112,0.033247167757622424,12.03108,3012.67,3007.77,-0.022010136000000364,5.0
ETH/USDT,xgb_primary,primary,1m,2025-12-29 10:00:00+00:00,,2025-12-29 10:00:00+00:00,buy,True,dry_run,dry_run,,exchange_qty_step,True,0.6076040863990784,0.6076040863990784,,0.51,dry_run,,,,,0.6076040863990784,0.03360457828695128,,14.87895,,2975.79,0.0,
BTC/USDT,xgb_primary,conservative,1m,2025-12-29 10:00:00+00:00,,2025-12-29 10:00:00+00:00,buy,True,dry_run,dry_run,,exchange_qty_step,True,0.565682053565979,0.565682053565979,,0.56,dry_run,,,,,0.565682053565979,0.0011351935495706642,,26.427213000000005,,88090.71,0.0,
SOL/USDT,xgb_primary,conservative,1m,2025-12-29 10:01:00+00:00,,2025-12-29 10:01:00+00:00,buy,True,dry_run,dry_run,,exchange_qty_step,True,0.565682053565979,0.565682053565979,,0.51,dry_run,,,,,0.565682053565979,0.793934341629225,,18.894,,125.96,0.0,
BTC/USDT,xgb_primary,conservative,1m,2025-12-29 10:01:00+00:00,2025-12-29 10:00:00+00:00,2025-12-29 10:01:00+00:00,sell,False,min_hold,min_hold,,,False,0.5656820536,0.4742901027202606,0.56,0.5,prob_floor,prob_floor,0.011015999999995982,0.005727558650171412,26.427213,0.4742901027202606,4.484889590400364,0.0011347204204131467,,88090.71,88127.43,0.005727558650171412,1.0
SOL/USDT,xgb_primary,conservative,1m,2025-12-29 10:02:00+00:00,2025-12-29 10:01:00+00:00,2025-12-29 10:02:00+00:00,sell,False,min_hold,min_hold,,,False,0.5656820536,0.6076040863990784,0.51,0.47,gate_close,gate_close,-0.005999999999998806,-0.011279216914829828,18.894,0.6076040863990784,7.939658594679978,0.7941234862025107,,125.96,125.92,-0.011279216914829828,1.0
BTC/USDT,xgb_primary,conservative,1m,2025-12-29 10:02:00+00:00,2025-12-29 10:00:00+00:00,2025-12-29 10:02:00+00:00,sell,False,min_hold,min_hold,,,False,0.5656820536,0.565682053565979,0.56,0.5,gate_close,gate_close,0.0027869999999980788,-0.0025014422834850436,26.427213,0.565682053565979,9.268956314836773,0.0011350737147814362,,88090.71,88100.0,-0.0025014422834850436,2.0
BTC/USDT,xgb_primary,conservative,1m,2025-12-29 10:05:00+00:00,2025-12-29 10:00:00+00:00,2025-12-29 10:05:00+00:00,sell,False,dry_run,dry_run,,exchange_qty_step,True,0.5656820536,0.565682053565979,0.56,0.5,gate_close,gate_close,-0.029310000000000582,-0.032833628400000585,26.427213,0.565682053565979,10.032504769901267,0.0011370851033449814,17.588832,88090.71,87944.16,-0.032833628400000585,5.0
SOL/USDT,xgb_primary,conservative,1m,2025-12-29 10:06:00+00:00,2025-12-29 10:01:00+00:00,2025-12-29 10:06:00+00:00,sell,False,dry_run,dry_run,,,True,0.5656820536,0.565682053565979,0.51,0.47,gate_close,gate_close,-0.016499999999999914,-0.020278799999999913,18.894,0.565682053565979,7.947230390208561,0.7945651742088211,18.877499999999998,125.96,125.85,-0.020278799999999913,5.0
BTC/USDT,xgb_primary,conservative,1m,2025-12-29 10:07:00+00:00,,2025-12-29 10:07:00+00:00,buy,True,cooldown_after_loss,cooldown_after_loss,cooldown_after_loss,,False,0.565682053565979,0.565682053565979,,0.56,cooldown_after_loss,,,,,0.565682053565979,,,30.0,,88114.0,0.0,
SOL/USDT,xgb_primary,conservative,1m,2025-12-29 10:08:00+00:00,,2025-12-29 10:08:00+00:00,buy,True,cooldown_after_loss,cooldown_after_loss,cooldown_after_loss,,False,0.6076040863990784,0.6076040863990784,,0.51,cooldown_after_loss,,,,,0.6076040863990784,,,20.0,,125.95,0.0,
SOL/USDT,xgb_primary,conservative,1m,2025-12-29 10:10:00+00:00,,2025-12-29 10:10:00+00:00,buy,True,cooldown_after_loss,cooldown_after_loss,cooldown_after_loss,,False,0.6115108132362366,0.6115108132362366,,0.51,cooldown_after_loss,,,,,0.6115108132362366,,,20.0,,126.26,0.0,
BTC/USDT,xgb_primary,conservative,1m,2025-12-29 10:10:00+00:00,,2025-12-29 10:10:00+00:00,buy,True,cooldown_after_loss,cooldown_after_loss,cooldown_after_loss,,False,0.6076040863990784,0.6076040863990784,,0.56,cooldown_after_loss,,,,,0.6076040863990784,,,30.0,,88251.96,0.0,
SOL/USDT,xgb_primary,conservative,1m,2025-12-29 10:11:00+00:00,,2025-12-29 10:11:00+00:00,buy,True,dry_run,dry_run,,exchange_qty_step,True,0.6115108132362366,0.6115108132362366,,0.51,dry_run,,,,,0.6115108132362366,0.7933045099365448,,18.909,,126.06,0.0,
BTC/USDT,xgb_primary,conservative,1m,2025-12-29 10:12:00+00:00,,2025-12-29 10:12:00+00:00,buy,True,dry_run,dry_run,,exchange_qty_step,True,0.6076040863990784,0.6076040863990784,,0.56,dry_run,,,,,0.6076040863990784,0.0011346009429511086,,26.441016,,88136.72,0.0,
BTC/USDT,xgb_primary,conservative,1m,2025-12-29 10:15:00+00:00,2025-12-29 10:12:00+00:00,2025-12-29 10:15:00+00:00,sell,False,dry_run,dry_run,,exchange_qty_step,True,0.6076040864,0.4742901027202606,0.56,0.5,prob_floor,prob_floor,-0.0267,-0.030225468800000002,26.441015999999998,0.4742901027202606,7.735605805701084,0.0011363219921498684,17.600644000000003,88136.72,88003.22,-0.030225468800000002,3.0
BTC/USDT,xgb_primary,conservative,1m,2025-12-29 10:22:00+00:00,,2025-12-29 10:22:00+00:00,buy,True,dry_run,dry_run,,exchange_qty_step,True,0.565682053565979,0.565682053565979,,0.56,dry_run,,,,,0.565682053565979,0.0011361098846971423,,8.801966,,88019.66,0.0,
BTC/USDT,xgb_primary,conservative,1m,2025-12-29 10:23:00+00:00,2025-12-29 10:22:00+00:00,2025-12-29 10:23:00+00:00,sell,False,min_hold,min_hold,,,False,0.5656820536,0.4742901027202606,0.56,0.5,prob_floor,prob_floor,0.00045800000000017463,-0.0013033931479113797,8.801966,0.4742901027202606,4.583664139082322,0.0011360506409070945,,88019.66,88024.24,-0.0013033931479113797,1.0
SOL/USDT,xgb_primary,conservative,1m,2025-12-29 10:24:00+00:00,2025-12-29 10:11:00+00:00,2025-12-29 10:24:00+00:00,sell,False,dry_run,dry_run,,,True,0.6115108132,0.41829004883766174,0.51,0.47,prob_floor,"prob_floor,trailing_prob_drop",-0.022500000000000853,-0.02628180000000085,18.909,0.41829004883766174,0.79418655442204,0.79418655442204,18.886499999999998,126.06,125.91,-0.02628180000000085,13.0
BTC/USDT,xgb_primary,conservative,1m,2025-12-29 10:25:00+00:00,2025-12-29 10:22:00+00:00,2025-12-29 10:25:00+00:00,sell,False,dry_run,dry_run,,,True,0.5656820536,0.4742901027202606,0.56,0.5,prob_floor,prob_floor,-0.005016999999999825,-0.006777393199999825,8.801966,0.4742901027202606,0.0011367576902381116,0.0011367576902381116,8.796949000000001,88019.66,87969.49,-0.006777393199999825,3.0
ETH/USDT,xgb_primary,primary,1m,2025-12-29 10:26:00+00:00,2025-12-29 10:00:00+00:00,2025-12-29 10:26:00+00:00,sell,False,dry_run,dry_run,,,True,0.6076040864,0.4007633626461029,0.51,0.47,prob_floor,"prob_floor,trailing_prob_drop",-0.017449999999998907,-0.020425789999998906,14.87895,0.4007633626461029,9.078224030396157,0.033643922813316705,14.861500000000001,2975.79,2972.3,-0.020425789999998906,26.0
ETH/USDT,xgb_primary,primary,1m,2025-12-29 10:31:00+00:00,,2025-12-29 10:31:00+00:00,buy,True,dry_run,dry_run,,exchange_qty_step,True,0.565682053565979,0.565682053565979,,0.51,dry_run,,,,,0.565682053565979,0.03363577501103515,,14.865150000000002,,2973.03,0.0,
SOL/USDT,xgb_primary,conservative,1m,2025-12-29 10:43:00+00:00,,2025-12-29 10:43:00+00:00,buy,True,dry_run,dry_run,,exchange_qty_step,True,0.565682053565979,0.565682053565979,,0.51,dry_run,,,,,0.565682053565979,0.7939973798090528,,18.8925,,125.95,0.0,
ETH/USDT,xgb_primary,primary,1m,2025-12-29 10:47:00+00:00,2025-12-29 10:31:00+00:00,2025-12-29 10:47:00+00:00,sell,False,dry_run,dry_run,,,True,0.5656820536,0.41829004883766174,0.51,0.47,prob_floor,prob_floor,0.0005999999999994543,-0.002373030000000546,14.865150000000002,0.41829004883766174,0.033634304298845945,0.033634304298845945,14.86575,2973.03,2973.15,-0.002373030000000546,16.0
SOL/USDT,xgb_primary,conservative,1m,2025-12-29 10:48:00+00:00,2025-12-29 10:43:00+00:00,2025-12-29 10:48:00+00:00,sell,False,dry_run,dry_run,,,True,0.5656820536,0.41829004883766174,0.51,0.47,prob_floor,prob_floor,-0.031500000000001194,-0.03527850000000119,18.8925,0.41829004883766174,12.713547874454573,0.7952602489168648,18.860999999999997,125.95,125.74,-0.03527850000000119,5.0
ETH/USDT,xgb_primary,primary,1m,2025-12-29 11:13:00+00:00,,2025-12-29 11:13:00+00:00,buy,True,dry_run,dry_run,,exchange_qty_step,True,0.565682053565979,0.565682053565979,,0.51,dry_run,,,,,0.565682053565979,0.03373278573851451,,29.6448,,2964.48,0.0,
BTC/USDT,xgb_primary,conservative,1m,2025-12-29 11:17:00+00:00,,2025-12-29 11:17:00+00:00,buy,True,dry_run,dry_run,,exchange_qty_step,True,0.565682053565979,0.565682053565979,,0.56,dry_run,,,,,0.565682053565979,0.0011392039447116102,,8.778060000000002,,87780.6,0.0,
SOL/USDT,xgb_primary,conservative,1m,2025-12-29 11:18:00+00:00,,2025-12-29 11:18:00+00:00,buy,True,dry_run,dry_run,,exchange_qty_step,True,0.565682053565979,0.565682053565979,,0.51,dry_run,,,,,0.565682053565979,0.7972256547208438,,8.780800000000001,,125.44,0.0,
BTC/USDT,xgb_primary,conservative,1m,2025-12-29 11:22:00+00:00,2025-12-29 11:17:00+00:00,2025-12-29 11:22:00+00:00,sell,False,dry_run,dry_run,,,True,0.5656820536,0.4742901027202606,0.56,0.5,prob_floor,prob_floor,-0.005690000000000873,-0.007445612000000873,8.778060000000002,0.4742901027202606,3.782156449089807,0.001139942733758592,8.77237,87780.6,87723.7,-0.007445612000000873,5.0
ETH/USDT,xgb_primary,primary,1m,2025-12-29 11:32:00+00:00,2025-12-29 11:13:00+00:00,2025-12-29 11:32:00+00:00,sell,False,dry_run,dry_run,,,True,0.5656820536,0.41829004883766174,0.51,0.47,prob_floor,prob_floor,-0.04170000000000073,-0.04762896000000073,29.6448,0.41829004883766174,0.033780188933334045,0.033780188933334045,29.6031,2964.48,2960.31,-0.04762896000000073,19.0
SOL/USDT,xgb_primary,conservative,1m,2025-12-29 11:32:00+00:00,2025-12-29 11:18:00+00:00,2025-12-29 11:32:00+00:00,sell,False,dry_run,dry_run,,,True,0.5656820536,0.41829004883766174,0.51,0.47,prob_floor,prob_floor,-0.010499999999999404,-0.012256159999999404,8.780800000000001,0.41829004883766174,3.1928480204335923,0.7981164451886271,8.7703,125.44,125.29,-0.012256159999999404,14.0
ETH/USDT,xgb_primary,primary,1m,2025-12-29 11:45:00+00:00,,2025-12-29 11:45:00+00:00,buy,True,dry_run,dry_run,,exchange_qty_step,True,0.565682053565979,0.565682053565979,,0.51,dry_run,,,,,0.565682053565979,0.03373745177726628,,29.640700000000002,,2964.07,0.0,
SOL/USDT,xgb_primary,conservative,1m,2025-12-29 11:53:00+00:00,,2025-12-29 11:53:00+00:00,buy,True,dry_run,dry_run,,exchange_qty_step,True,0.565682053565979,0.565682053565979,,0.51,dry_run,,,,,0.565682053565979,0.7981801492600964,,8.7703,,125.29,0.0,
ETH/USDT,xgb_primary,primary,1m,2025-12-29 11:56:00+00:00,2025-12-29 11:45:00+00:00,2025-12-29 11:56:00+00:00,sell,False,dry_run,dry_run,,,True,0.5656820536,0.41829004883766174,0.51,0.47,prob_floor,prob_floor,-0.029100000000003092,-0.035028140000003094,29.640700000000002,0.41829004883766174,0.03377049235763045,0.03377049235763045,29.6116,2964.07,2961.16,-0.035028140000003094,11.0
SOL/USDT,xgb_primary,conservative,1m,2025-12-29 11:58:00+00:00,2025-12-29 11:53:00+00:00,2025-12-29 11:58:00+00:00,sell,False,dry_run,dry_run,,,True,0.5656820536,0.41829004883766174,0.51,0.47,prob_floor,prob_floor,-0.013300000000000837,-0.015054060000000837,8.7703,0.41829004883766174,0.7993285640066438,0.7993285640066438,8.757,125.29,125.1,-0.015054060000000837,5.0
SOL/USDT,xgb_primary,conservative,1m,2025-12-29 12:26:00+00:00,,2025-12-29 12:26:00+00:00,buy,True,dry_run,dry_run,,exchange_qty_step,True,0.565682053565979,0.565682053565979,,0.51,dry_run,,,,,0.565682053565979,0.8069396812592387,,9.9144,,123.93,0.0,
BTC/USDT,xgb_primary,conservative,1m,2025-12-29 12:26:00+00:00,,2025-12-29 12:26:00+00:00,buy,True,dry_run,dry_run,,exchange_qty_step,True,0.6076040863990784,0.6076040863990784,,0.56,dry_run,,,,,0.6076040863990784,0.0011449231724792194,,8.734211,,87342.11,0.0,
ETH/USDT,xgb_primary,primary,1m,2025-12-29 12:27:00+00:00,,2025-12-29 12:27:00+00:00,buy,True,dry_run,dry_run,,exchange_qty_step,True,0.565682053565979,0.565682053565979,,0.51,dry_run,,,,,0.565682053565979,0.03407520739097477,,29.3469,,2934.69,0.0,
BTC/USDT,xgb_primary,conservative,1m,2025-12-29 12:27:00+00:00,2025-12-29 12:26:00+00:00,2025-12-29 12:27:00+00:00,sell,False,min_hold,min_hold,,,False,0.6076040864,0.6076040863990784,0.56,0.5,gate_close,gate_close,-0.004489999999999418,-0.006237842714276468,8.734211,0.6076040863990784,15.080927172471693,0.0011455119152153149,,87342.11,87297.21,-0.006237842714276468,1.0
SOL/USDT,xgb_primary,conservative,1m,2025-12-29 12:30:00+00:00,2025-12-29 12:26:00+00:00,2025-12-29 12:30:00+00:00,sell,False,dry_run,dry_run,,,True,0.5656820536,0.6076040863990784,0.51,0.47,gate_close,gate_close,-0.026400000000001003,-0.028382880000001002,9.9144,0.6076040863990784,11.303996770286684,0.8090287609728666,9.888,123.93,123.6,-0.028382880000001002,4.0
BTC/USDT,xgb_primary,conservative,1m,2025-12-29 12:30:00+00:00,2025-12-29 12:26:00+00:00,2025-12-29 12:30:00+00:00,sell,False,dry_run,dry_run,,,True,0.6076040864,0.6699029207229614,0.56,0.5,gate_close,gate_close,-0.008122999999999592,-0.009869842199999592,8.734211,0.6699029207229614,12.430806823957274,0.001145988835061816,8.726088,87342.11,87260.88,-0.009869842199999592,4.0
BTC/USDT,xgb_primary,conservative,1m,2025-12-29 12:31:00+00:00,,2025-12-29 12:31:00+00:00,buy,True,cooldown_after_loss,cooldown_after_loss,cooldown_after_loss,,False,0.6076040863990784,0.6076040863990784,,0.56,cooldown_after_loss,,,,,0.6076040863990784,,,15.0,,87361.54,0.0,
SOL/USDT,xgb_primary,conservative,1m,2025-12-29 12:32:00+00:00,,2025-12-29 12:32:00+00:00,buy,True,cooldown_after_loss,cooldown_after_loss,cooldown_after_loss,,False,0.6844155788421631,0.6844155788421631,,0.51,cooldown_after_loss,,,,,0.6844155788421631,,,10.0,,123.9,0.0,
BTC/USDT,xgb_primary,conservative,1m,2025-12-29 12:33:00+00:00,,2025-12-29 12:33:00+00:00,buy,True,cooldown_after_loss,cooldown_after_loss,cooldown_after_loss,,False,0.6076040863990784,0.6076040863990784,,0.56,cooldown_after_loss,,,,,0.6076040863990784,,,15.0,,87361.6,0.0,
SOL/USDT,xgb_primary,conservative,1m,2025-12-29 12:35:00+00:00,,2025-12-29 12:35:00+00:00,buy,True,dry_run,dry_run,,exchange_qty_step,True,0.6699029207229614,0.6699029207229614,,0.51,dry_run,,,,,0.6699029207229614,0.8071350740550559,,9.912,,123.9,0.0,
BTC/USDT,xgb_primary,conservative,1m,2025-12-29 12:35:00+00:00,,2025-12-29 12:35:00+00:00,buy,True,dry_run,dry_run,,exchange_qty_step,True,0.6699029207229614,0.6699029207229614,,0.56,dry_run,,,,,0.6699029207229614,0.0011447577672256777,,8.735473,,87354.73,0.0,
SOL/USDT,xgb_primary,conservative,1m,2025-12-29 12:37:00+00:00,2025-12-29 12:35:00+00:00,2025-12-29 12:37:00+00:00,sell,False,min_hold,min_hold,,,False,0.6699029207,0.5878524780273438,0.51,0.47,gate_close,gate_close,0.002400000000000091,-0.0003821740751192046,9.912,0.5878524780273438,12.101653892699128,0.80687457134715,,123.9,123.93,-0.0003821740751192046,2.0
SOL/USDT,xgb_primary,conservative,1m,2025-12-29 12:42:00+00:00,2025-12-29 12:35:00+00:00,2025-12-29 12:42:00+00:00,sell,False,dry_run,dry_run,,,True,0.6699029207,0.41829004883766174,0.51,0.47,prob_floor,"prob_floor,trailing_prob_drop",-0.02240000000000009,-0.02438240000000009,9.912,0.41829004883766174,9.694619486185534,0.808897876642338,9.8896,123.9,123.62,-0.02438240000000009,7.0
BTC/USDT,xgb_primary,conservative,1m,2025-12-29 12:42:00+00:00,2025-12-29 12:35:00+00:00,2025-12-29 12:42:00+00:00,sell,False,dry_run,dry_run,,,True,0.6699029207,0.5002435445785522,0.56,0.5,prob_trailing,trailing_prob_drop,3.700000000098953e-05,-0.0017100945999990107,8.735473,0.5002435445785522,5.411482093694048,0.0011447527874600242,8.735510000000001,87354.73,87355.1,-0.0017100945999990107,7.0
BTC/USDT,xgb_primary,conservative,1m,2025-12-29 12:46:00+00:00,,2025-12-29 12:46:00+00:00,buy,True,cooldown_after_loss,cooldown_after_loss,cooldown_after_loss,,False,0.565682053565979,0.565682053565979,,0.56,cooldown_after_loss,,,,,0.565682053565979,,,30.0,,87326.22,0.0,
ETH/USDT,xgb_primary,primary,1m,2025-12-29 12:47:00+00:00,2025-12-29 12:27:00+00:00,2025-12-29 12:47:00+00:00,sell,False,dry_run,dry_run,,,True,0.5656820536,0.41829004883766174,0.51,0.47,prob_floor,prob_floor,-0.047200000000002545,-0.053069380000002546,29.3469,0.41829004883766174,0.03412998404497745,0.03412998404497745,29.299699999999998,2934.69,2929.97,-0.053069380000002546,20.0
BTC/USDT,xgb_primary,conservative,1m,2025-12-29 12:54:00+00:00,,2025-12-29 12:54:00+00:00,buy,True,dry_run,dry_run,,exchange_qty_step,True,0.565682053565979,0.565682053565979,,0.56,dry_run,,,,,0.565682053565979,0.0011441715027626564,,26.219847000000005,,87399.49,0.0,
BTC/USDT,xgb_primary,conservative,1m,2025-12-29 12:56:00+00:00,2025-12-29 12:54:00+00:00,2025-12-29 12:56:00+00:00,sell,False,min_hold,min_hold,,,False,0.5656820536,0.4742901027202606,0.56,0.5,prob_floor,prob_floor,-0.01484700000000157,-0.020093971099541974,26.219846999999998,0.4742901027202606,2.089693872435606,0.0011448196247683456,,87399.49,87350.0,-0.020093971099541974,2.0
BTC/USDT,xgb_primary,conservative,1m,2025-12-29 12:57:00+00:00,2025-12-29 12:54:00+00:00,2025-12-29 12:57:00+00:00,sell,False,dry_run,dry_run,,exchange_qty_step,True,0.5656820536,0.4742901027202606,0.56,0.5,prob_floor,prob_floor,-0.008240000000002329,-0.01173597960000233,26.219846999999998,0.4742901027202606,3.622209087325739,0.0011447109870119632,17.471657999999998,87399.49,87358.29,-0.01173597960000233,3.0
SOL/USDT,xgb_primary,conservative,1m,2025-12-29 12:59:00+00:00,,2025-12-29 12:59:00+00:00,buy,True,cooldown_after_loss,cooldown_after_loss,cooldown_after_loss,,False,0.565682053565979,0.565682053565979,,0.51,cooldown_after_loss,,,,,0.565682053565979,,,10.0,,123.72,0.0,
ETH/USDT,xgb_primary,primary,1m,2025-12-29 12:59:00+00:00,,2025-12-29 12:59:00+00:00,buy,True,cooldown_after_loss,cooldown_after_loss,cooldown_after_loss,,False,0.565682053565979,0.565682053565979,,0.51,cooldown_after_loss,,,,,0.565682053565979,,,15.0,,2930.96,0.0,
BTC/USDT,xgb_primary,conservative,1m,2025-12-29 12:59:00+00:00,,2025-12-29 12:59:00+00:00,buy,True,cooldown_after_loss,cooldown_after_loss,cooldown_after_loss,,False,0.565682053565979,0.565682053565979,,0.56,cooldown_after_loss,,,,,0.565682053565979,,,30.0,,87362.01,0.0,
ETH/USDT,xgb_primary,primary,1m,2025-12-29 13:00:00+00:00,,2025-12-29 13:00:00+00:00,buy,True,cooldown_after_loss,cooldown_after_loss,cooldown_after_loss,,False,0.565682053565979,0.565682053565979,,0.51,cooldown_after_loss,,,,,0.565682053565979,,,15.0,,2929.1,0.0,
SOL/USDT,xgb_primary,conservative,1m,2025-12-29 13:02:00+00:00,,2025-12-29 13:02:00+00:00,buy,True,dry_run,dry_run,,exchange_qty_step,True,0.6076040863990784,0.6076040863990784,,0.51,dry_run,,,,,0.6076040863990784,0.8070048016789829,,9.9136,,123.92,0.0,
ETH/USDT,xgb_primary,primary,1m,2025-12-29 13:02:00+00:00,,2025-12-29 13:02:00+00:00,buy,True,dry_run,dry_run,,exchange_qty_step,True,0.565682053565979,0.565682053565979,,0.51,dry_run,,,,,0.565682053565979,0.03406162770374654,,14.679300000000001,,2935.86,0.0,
SOL/USDT,xgb_primary,conservative,1m,2025-12-29 13:03:00+00:00,2025-12-29 13:02:00+00:00,2025-12-29 13:03:00+00:00,sell,False,min_hold,min_hold,,,False,0.6076040864,0.6076040863990784,0.51,0.47,gate_close,gate_close,-0.0015999999999996818,-0.004382816848390867,9.9136,0.6076040863990784,9.676638980726581,0.8070699326089267,,123.92,123.9,-0.004382816848390867,1.0
BTC/USDT,xgb_primary,conservative,1m,2025-12-29 13:03:00+00:00,,2025-12-29 13:03:00+00:00,buy,True,dry_run,dry_run,,exchange_qty_step,True,0.5878524780273438,0.5878524780273438,,0.56,dry_run,,,,,0.5878524780273438,0.0011427762337010894,,26.25186,,87506.2,0.0,
BTC/USDT,xgb_primary,conservative,1m,2025-12-29 13:16:00+00:00,2025-12-29 13:03:00+00:00,2025-12-29 13:16:00+00:00,sell,False,dry_run,dry_run,,exchange_qty_step,True,0.587852478,0.4742901027202606,0.56,0.5,prob_floor,prob_floor,-0.023627999999999885,-0.027128247999999886,26.251859999999997,0.4742901027202606,7.686998153451332,0.0011443210247661653,17.477612,87506.2,87388.06,-0.027128247999999886,13.0
BTC/USDT,xgb_primary,conservative,1m,2025-12-29 13:21:00+00:00,,2025-12-29 13:21:00+00:00,buy,True,dry_run,dry_run,,exchange_qty_step,True,0.565682053565979,0.565682053565979,,0.56,dry_run,,,,,0.565682053565979,0.001143819193905231,,26.227923000000004,,87426.41,0.0,
BTC/USDT,xgb_primary,conservative,1m,2025-12-29 13:23:00+00:00,2025-12-29 13:21:00+00:00,2025-12-29 13:23:00+00:00,sell,False,min_hold,min_hold,,,False,0.5656820536,0.4742901027202606,0.56,0.5,prob_floor,prob_floor,-0.009149999999999998,-0.014398585646786482,26.227922999999997,0.4742901027202606,6.106001094617245,0.0011442182388915214,,87426.41,87395.91,-0.014398585646786482,2.0
BTC/USDT,xgb_primary,conservative,1m,2025-12-29 13:25:00+00:00,2025-12-29 13:21:00+00:00,2025-12-29 13:25:00+00:00,sell,False,dry_run,dry_run,,exchange_qty_step,True,0.5656820536,0.39150944352149963,0.56,0.5,prob_floor,"prob_floor,trailing_prob_drop",-0.018436000000001514,-0.021933056400001514,26.227922999999997,0.39150944352149963,28.794195002366784,0.001145026347263845,17.466846,87426.41,87334.23,-0.021933056400001514,4.0
SOL/USDT,xgb_primary,conservative,1m,2025-12-29 13:27:00+00:00,2025-12-29 13:02:00+00:00,2025-12-29 13:27:00+00:00,sell,False,dry_run,dry_run,,,True,0.6076040864,0.41829004883766174,0.51,0.47,prob_floor,"prob_floor,trailing_prob_drop",-0.008000000000000682,-0.009982720000000682,9.9136,0.41829004883766174,9.697753353806736,0.8075913587728744,9.9056,123.92,123.82,-0.009982720000000682,25.0
SOL/USDT,xgb_primary,conservative,1m,2025-12-29 13:29:00+00:00,,2025-12-29 13:29:00+00:00,buy,True,cooldown_after_loss,cooldown_after_loss,cooldown_after_loss,,False,0.565682053565979,0.565682053565979,,0.51,cooldown_after_loss,,,,,0.565682053565979,,,10.0,,123.86,0.0,
ETH/USDT,xgb_primary,primary,1m,2025-12-29 13:30:00+00:00,2025-12-29 13:02:00+00:00,2025-12-29 13:30:00+00:00,sell,False,dry_run,dry_run,,,True,0.5656820536,0.41829004883766174,0.51,0.47,prob_floor,prob_floor,-0.023100000000001727,-0.02603586000000173,14.679300000000001,0.41829004883766174,0.03411519678572852,0.03411519678572852,14.656199999999998,2935.86,2931.24,-0.02603586000000173,28.0
BTC/USDT,xgb_primary,conservative,1m,2025-12-29 13:58:00+00:00,,2025-12-29 13:58:00+00:00,buy,True,dry_run,dry_run,,exchange_qty_step,True,0.565682053565979,0.565682053565979,,0.56,dry_run,,,,,0.565682053565979,0.001144539617158735,,8.737138000000002,,87371.38,0.0,
BTC/USDT,xgb_primary,conservative,1m,2025-12-29 13:59:00+00:00,2025-12-29 13:58:00+00:00,2025-12-29 13:59:00+00:00,sell,False,min_hold,min_hold,,,False,0.5656820536,0.565682053565979,0.56,0.5,gate_close,gate_close,-0.0005200000000011642,-0.0022684276594644613,8.737138000000002,0.565682053565979,5.160728833630767,0.001144607608689017,,87371.38,87366.18,-0.0022684276594644613,1.0
ETH/USDT,xgb_primary,primary,1m,2025-12-29 14:04:00+00:00,,2025-12-29 14:04:00+00:00,buy,True,dry_run,dry_run,,exchange_qty_step,True,0.565682053565979,0.565682053565979,,0.51,dry_run,,,,,0.565682053565979,0.03420633604037127,,14.6172,,2923.44,0.0,
ETH/USDT,xgb_primary,primary,1m,2025-12-29 14:06:00+00:00,2025-12-29 14:04:00+00:00,2025-12-29 14:06:00+00:00,sell,False,min_hold,min_hold,,,False,0.5656820536,0.41829004883766174,0.51,0.47,prob_floor,prob_floor,-0.0225,-0.02547351699699602,14.6172,0.41829004883766174,,0.03425895314835851,,2923.44,2918.94,-0.02547351699699602,2.0
ETH/USDT,xgb_primary,primary,1m,2025-12-29 14:07:00+00:00,2025-12-29 14:04:00+00:00,2025-12-29 14:07:00+00:00,sell,False,dry_run,dry_run,,,True,0.5656820536,0.41829004883766174,0.51,0.47,prob_floor,prob_floor,-0.00884999999999991,-0.01177343999999991,14.6172,0.41829004883766174,0.034226941736379066,0.034226941736379066,14.608350000000002,2923.44,2921.67,-0.01177343999999991,3.0
BTC/USDT,xgb_primary,conservative,1m,2025-12-29 14:12:00+00:00,2025-12-29 13:58:00+00:00,2025-12-29 14:12:00+00:00,sell,False,dry_run,dry_run,,,True,0.5656820536,0.4742901027202606,0.56,0.5,prob_floor,prob_floor,-0.004438999999999942,-0.0061864275999999425,8.737138000000002,0.4742901027202606,5.02869333470281,0.0011451212760454326,8.732699,87371.38,87326.99,-0.0061864275999999425,14.0
BTC/USDT,xgb_primary,conservative,1m,2025-12-29 14:15:00+00:00,,2025-12-29 14:15:00+00:00,buy,True,cooldown_after_loss,cooldown_after_loss,cooldown_after_loss,,False,0.565682053565979,0.565682053565979,,0.56,cooldown_after_loss,,,,,0.565682053565979,,,15.0,,87483.4,0.0,
BTC/USDT,xgb_primary,conservative,1m,2025-12-29 14:16:00+00:00,,2025-12-29 14:16:00+00:00,buy,True,cooldown_after_loss,cooldown_after_loss,cooldown_after_loss,,False,0.565682053565979,0.565682053565979,,0.56,cooldown_after_loss,,,,,0.565682053565979,,,15.0,,87476.07,0.0,
ETH/USDT,xgb_primary,primary,1m,2025-12-29 14:17:00+00:00,,2025-12-29 14:17:00+00:00,buy,True,dry_run,dry_run,,exchange_qty_step,True,0.565682053565979,0.565682053565979,,0.51,dry_run,,,,,0.565682053565979,0.03414595003497665,,14.64305,,2928.61,0.0,
BTC/USDT,xgb_primary,conservative,1m,2025-12-29 14:17:00+00:00,,2025-12-29 14:17:00+00:00,buy,True,dry_run,dry_run,,exchange_qty_step,True,0.565682053565979,0.565682053565979,,0.56,dry_run,,,,,0.565682053565979,0.0011431914114271367,,8.747442,,87474.42,0.0,
SOL/USDT,xgb_primary,conservative,1m,2025-12-29 14:19:00+00:00,,2025-12-29 14:19:00+00:00,buy,True,dry_run,dry_run,,exchange_qty_step,True,0.565682053565979,0.565682053565979,,0.51,dry_run,,,,,0.565682053565979,0.8139676854833029,,9.8288,,122.86,0.0,
ETH/USDT,xgb_primary,primary,1m,2025-12-29 14:27:00+00:00,2025-12-29 14:17:00+00:00,2025-12-29 14:27:00+00:00,sell,False,dry_run,dry_run,,,True,0.5656820536,0.6076040863990784,0.51,0.47,gate_close,gate_close,0.010799999999999272,0.007871389999999272,14.64305,0.6076040863990784,9.28590692926597,0.03412066774221248,14.65385,2928.61,2930.77,0.007871389999999272,10.0
SOL/USDT,xgb_primary,conservative,1m,2025-12-29 14:28:00+00:00,2025-12-29 14:19:00+00:00,2025-12-29 14:28:00+00:00,sell,True,dry_run,dry_run,,,True,0.5656820536,0.6076040863990784,0.51,0.47,take_profit,take_profit,0.024800000000000183,0.022834240000000183,9.8288,0.6076040863990784,5.689206762029209,0.8118530545975332,9.8536,122.86,123.17,0.022834240000000183,9.0
ETH/USDT,xgb_primary,primary,1m,2025-12-29 14:29:00+00:00,,2025-12-29 14:29:00+00:00,buy,True,dry_run,dry_run,,exchange_qty_step,True,0.5878524780273438,0.5878524780273438,,0.51,dry_run,,,,,0.5878524780273438,0.03408066552643051,,29.3422,,2934.22,0.0,
BTC/USDT,xgb_primary,conservative,1m,2025-12-29 14:29:00+00:00,2025-12-29 14:17:00+00:00,2025-12-29 14:29:00+00:00,sell,False,dry_run,dry_run,,,True,0.5656820536,0.5878524780273438,0.56,0.5,gate_close,gate_close,-0.0021000000000000003,-0.0038494884,8.747442,0.5878524780273438,15.788771483154612,0.0011434657927646987,8.745342,87474.42,87453.42,-0.0038494884,12.0
ETH/USDT,xgb_primary,primary,1m,2025-12-29 14:32:00+00:00,2025-12-29 14:29:00+00:00,2025-12-29 14:32:00+00:00,sell,True,dry_run,dry_run,,,True,0.587852478,0.6076040863990784,0.51,0.47,take_profit,take_profit,0.215600000000004,0.209731560000004,29.3422,0.6076040863990784,0.033831960036888785,0.033831960036888785,29.557800000000004,2934.22,2955.78,0.209731560000004,3.0
ETH/USDT,xgb_primary,primary,1m,2025-12-29 14:35:00+00:00,,2025-12-29 14:35:00+00:00,buy,True,dry_run,dry_run,,exchange_qty_step,True,0.6699029207229614,0.6699029207229614,,0.51,dry_run,,,,,0.6699029207229614,0.6092133363562825,,29.5472,,2954.72,0.0,
BTC/USDT,xgb_primary,conservative,1m,2025-12-29 14:39:00+00:00,,2025-12-29 14:39:00+00:00,buy,True,dry_run,dry_run,,exchange_qty_step,True,0.6844155788421631,0.6844155788421631,,0.56,dry_run,,,,,0.6844155788421631,6.901350044661117,,8.808562,,88085.62,0.0,
BTC/USDT,xgb_primary,conservative,1m,2025-12-29 14:41:00+00:00,2025-12-29 14:39:00+00:00,2025-12-29 14:41:00+00:00,sell,False,min_hold,min_hold,,,False,0.6844155788,0.565682053565979,0.56,0.5,gate_close,gate_close,-0.00616299999999901,-0.007925713100091682,8.808562,0.565682053565979,70.25785362450584,0.0011360538674439068,,88085.62,88023.99,-0.007925713100091682,2.0
BTC/USDT,xgb_primary,conservative,1m,2025-12-29 14:42:00+00:00,2025-12-29 14:39:00+00:00,2025-12-29 14:42:00+00:00,sell,False,dry_run,dry_run,,,True,0.6844155788,0.6844155788421631,0.56,0.5,gate_close,gate_close,-0.008820999999999185,-0.010582712399999186,8.808562,0.6844155788421631,18.51767910089056,0.0011363970174307176,8.799741000000001,88085.62,87997.41,-0.010582712399999186,3.0
SOL/USDT,xgb_primary,conservative,1m,2025-12-29 14:43:00+00:00,,2025-12-29 14:43:00+00:00,buy,True,dry_run,dry_run,,exchange_qty_step,True,0.6699029207229614,0.6699029207229614,,0.51,dry_run,,,,,0.6699029207229614,0.8083094208467135,,19.7952,,123.72,0.0,
SOL/USDT,xgb_primary,conservative,1m,2025-12-29 14:44:00+00:00,2025-12-29 14:43:00+00:00,2025-12-29 14:44:00+00:00,sell,False,min_hold,min_hold,,,False,0.6699029207,0.6844155788421631,0.51,0.47,gate_close,gate_close,0.028800000000001092,0.02324334892700307,19.7952,0.6844155788421631,16.939582156972957,0.8070699326089267,,123.72,123.9,0.02324334892700307,1.0
SOL/USDT,xgb_primary,conservative,1m,2025-12-29 14:47:00+00:00,2025-12-29 14:43:00+00:00,2025-12-29 14:47:00+00:00,sell,False,dry_run,dry_run,,,True,0.6699029207,0.5002435445785522,0.51,0.47,take_profit,take_profit,0.05279999999999973,0.048840959999999725,19.7952,0.5002435445785522,15.302835051546209,0.8060940711785188,19.848,123.72,124.05,0.048840959999999725,4.0
SOL/USDT,xgb_primary,conservative,1m,2025-12-29 14:48:00+00:00,,2025-12-29 14:48:00+00:00,buy,True,cooldown_after_exit,cooldown_after_exit,cooldown_after_exit,,False,0.6076040863990784,0.6076040863990784,,0.51,cooldown_after_exit,,,,,0.6076040863990784,,,20.0,,123.99,0.0,
ETH/USDT,xgb_primary,primary,1m,2025-12-29 14:51:00+00:00,2025-12-29 14:35:00+00:00,2025-12-29 14:51:00+00:00,sell,False,dry_run,dry_run,,,True,0.6699029207,0.41829004883766174,0.51,0.47,prob_floor,"prob_floor,trailing_prob_drop",-0.10739999999999782,-0.11330943999999782,29.5472,0.41829004883766174,0.03396756437197721,0.03396756437197721,29.4398,2954.72,2943.98,-0.11330943999999782,16.0
ETH/USDT,xgb_primary,primary,1m,2025-12-29 15:12:00+00:00,,2025-12-29 15:12:00+00:00,buy,True,dry_run,dry_run,,exchange_qty_step,True,0.565682053565979,0.565682053565979,,0.51,dry_run,,,,,0.565682053565979,0.13621843989008406,,29.364800000000002,,2936.48,0.0,
SOL/USDT,xgb_primary,conservative,1m,2025-12-29 15:13:00+00:00,,2025-12-29 15:13:00+00:00,buy,True,dry_run,dry_run,,exchange_qty_step,True,0.6076040863990784,0.6076040863990784,,0.51,dry_run,,,,,0.6076040863990784,0.8070048016789829,,19.8272,,123.92,0.0,
SOL/USDT,xgb_primary,conservative,1m,2025-12-29 15:14:00+00:00,2025-12-29 15:13:00+00:00,2025-12-29 15:14:00+00:00,sell,False,min_hold,min_hold,,,False,0.6076040864,0.6076040863990784,0.51,0.47,gate_close,gate_close,-0.0016000000000008186,-0.007165504560385771,19.8272,0.6076040863990784,9.683666881859631,0.8070048016789829,,123.92,123.91,-0.007165504560385771,1.0
SOL/USDT,xgb_primary,conservative,1m,2025-12-29 15:15:00+00:00,2025-12-29 15:13:00+00:00,2025-12-29 15:15:00+00:00,sell,False,min_hold,min_hold,,,False,0.6076040864,0.6115108132362366,0.51,0.47,gate_close,gate_close,0.006399999999998727,0.0008351408090972508,19.8272,0.6115108132362366,8.069722401548928,0.806679304642852,,123.92,123.96,0.0008351408090972508,2.0
BTC/USDT,xgb_primary,conservative,1m,2025-12-29 15:15:00+00:00,,2025-12-29 15:15:00+00:00,buy,True,dry_run,dry_run,,exchange_qty_step,True,0.6076040863990784,0.6076040863990784,,0.56,dry_run,,,,,0.6076040863990784,0.001138481277284142,,8.783632,,87836.32,0.0,
ETH/USDT,xgb_primary,primary,1m,2025-12-29 15:15:00+00:00,2025-12-29 15:12:00+00:00,2025-12-29 15:15:00+00:00,sell,True,dry_run,dry_run,,,True,0.5656820536,0.6699029207229614,0.51,0.47,take_profit,take_profit,0.08519999999999982,0.07932703999999982,29.364800000000002,0.6699029207229614,0.0339557997362255,0.0339557997362255,29.45,2936.48,2945.0,0.07932703999999982,3.0
ETH/USDT,xgb_primary,primary,1m,2025-12-29 15:17:00+00:00,,2025-12-29 15:17:00+00:00,buy,True,dry_run,dry_run,,exchange_qty_step,True,0.6699029207229614,0.6699029207229614,,0.51,dry_run,,,,,0.6699029207229614,0.033992966854353844,,29.4179,,2941.79,0.0,
SOL/USDT,xgb_primary,conservative,1m,2025-12-29 15:17:00+00:00,2025-12-29 15:13:00+00:00,2025-12-29 15:17:00+00:00,sell,False,dry_run,dry_run,,,True,0.6076040864,0.6076040863990784,0.51,0.47,gate_close,gate_close,-0.01759999999999991,-0.02156543999999991,19.8272,0.6076040863990784,12.115338017930013,0.8076565844195699,19.8096,123.92,123.81,-0.02156543999999991,4.0
BTC/USDT,xgb_primary,conservative,1m,2025-12-29 15:17:00+00:00,2025-12-29 15:15:00+00:00,2025-12-29 15:17:00+00:00,sell,False,min_hold,min_hold,,,False,0.6076040864,0.6115108132362366,0.56,0.5,gate_close,gate_close,-0.004912000000000989,-0.007104959524326564,8.783632,0.6115108132362366,9.386267935573999,0.49664321584234694,,87836.32,87787.2,-0.007104959524326564,2.0
SOL/USDT,xgb_primary,conservative,1m,2025-12-29 15:18:00+00:00,,2025-12-29 15:18:00+00:00,buy,True,cooldown_after_loss,cooldown_after_loss,cooldown_after_loss,,False,0.6076040863990784,0.6076040863990784,,0.51,cooldown_after_loss,,,,,0.6076040863990784,,,20.0,,123.66,0.0,
SOL/USDT,xgb_primary,conservative,1m,2025-12-29 15:19:00+00:00,,2025-12-29 15:19:00+00:00,buy,True,cooldown_after_loss,cooldown_after_loss,cooldown_after_loss,,False,0.5878524780273438,0.5878524780273438,,0.51,cooldown_after_loss,,,,,0.5878524780273438,,,20.0,,123.5,0.0,
BTC/USDT,xgb_primary,conservative,1m,2025-12-29 15:19:00+00:00,2025-12-29 15:15:00+00:00,2025-12-29 15:19:00+00:00,sell,False,dry_run,dry_run,,,True,0.6076040864,0.565682053565979,0.56,0.5,gate_close,gate_close,-0.03201000000000059,-0.033766726400000585,8.783632,0.565682053565979,34.63732658085058,0.0011426452631796344,8.751622000000001,87836.32,87516.22,-0.033766726400000585,4.0
SOL/USDT,xgb_primary,conservative,1m,2025-12-29 15:22:00+00:00,,2025-12-29 15:22:00+00:00,buy,True,cooldown_after_loss,cooldown_after_loss,cooldown_after_loss,,False,0.6076040863990784,0.6076040863990784,,0.51,cooldown_after_loss,,,,,0.6076040863990784,,,20.0,,123.61,0.0,
BTC/USDT,xgb_primary,conservative,1m,2025-12-29 15:23:00+00:00,,2025-12-29 15:23:00+00:00,buy,True,cooldown_after_loss,cooldown_after_loss,cooldown_after_loss,,False,0.6076040863990784,0.6076040863990784,,0.56,cooldown_after_loss,,,,,0.6076040863990784,,,15.0,,87578.54,0.0,
SOL/USDT,xgb_primary,conservative,1m,2025-12-29 15:23:00+00:00,,2025-12-29 15:23:00+00:00,buy,True,cooldown_after_loss,cooldown_after_loss,cooldown_after_loss,,False,0.5878524780273438,0.5878524780273438,,0.51,cooldown_after_loss,,,,,0.5878524780273438,,,20.0,,123.66,0.0,
SOL/USDT,xgb_primary,conservative,1m,2025-12-29 15:24:00+00:00,,2025-12-29 15:24:00+00:00,buy,True,dry_run,dry_run,,exchange_qty_step,True,0.565682053565979,0.565682053565979,,0.51,dry_run,,,,,0.565682053565979,0.8078523245954774,,19.8064,,123.79,0.0,
ETH/USDT,xgb_primary,primary,1m,2025-12-29 15:25:00+00:00,2025-12-29 15:17:00+00:00,2025-12-29 15:25:00+00:00,sell,False,dry_run,dry_run,,,True,0.6699029207,0.6115108132362366,0.51,0.47,gate_close,gate_close,-0.011900000000000546,-0.017783580000000545,29.4179,0.6115108132362366,8.675328386694181,0.0340066074845764,29.406,2941.79,2940.6,-0.017783580000000545,8.0
ETH/USDT,xgb_primary,primary,1m,2025-12-29 15:26:00+00:00,,2025-12-29 15:26:00+00:00,buy,True,cooldown_after_loss,cooldown_after_loss,cooldown_after_loss,,False,0.6076040863990784,0.6076040863990784,,0.51,cooldown_after_loss,,,,,0.6076040863990784,,,30.0,,2943.83,0.0,
BTC/USDT,xgb_primary,conservative,1m,2025-12-29 15:26:00+00:00,,2025-12-29 15:26:00+00:00,buy,True,cooldown_after_loss,cooldown_after_loss,cooldown_after_loss,,False,0.6076040863990784,0.6076040863990784,,0.56,cooldown_after_loss,,,,,0.6076040863990784,,,15.0,,87746.76,0.0,
ETH/USDT,xgb_primary,primary,1m,2025-12-29 15:27:00+00:00,,2025-12-29 15:27:00+00:00,buy,True,cooldown_after_loss,cooldown_after_loss,cooldown_after_loss,,False,0.565682053565979,0.565682053565979,,0.51,cooldown_after_loss,,,,,0.565682053565979,,,30.0,,2941.07,0.0,
BTC/USDT,xgb_primary,conservative,1m,2025-12-29 15:27:00+00:00,,2025-12-29 15:27:00+00:00,buy,True,cooldown_after_loss,cooldown_after_loss,cooldown_after_loss,,False,0.6076040863990784,0.6076040863990784,,0.56,cooldown_after_loss,,,,,0.6076040863990784,,,15.0,,87713.83,0.0,
ETH/USDT,xgb_primary,primary,1m,2025-12-29 15:29:00+00:00,,2025-12-29 15:29:00+00:00,buy,True,cooldown_after_loss,cooldown_after_loss,cooldown_after_loss,,False,0.6076040863990784,0.6076040863990784,,0.51,cooldown_after_loss,,,,,0.6076040863990784,,,30.0,,2941.98,0.0,
BTC/USDT,xgb_primary,conservative,1m,2025-12-29 15:29:00+00:00,,2025-12-29 15:29:00+00:00,buy,True,cooldown_after_loss,cooldown_after_loss,cooldown_after_loss,,False,0.565682053565979,0.565682053565979,,0.56,cooldown_after_loss,,,,,0.565682053565979,,,15.0,,87797.38,0.0,
BTC/USDT,xgb_primary,conservative,1m,2025-12-29 15:34:00+00:00,,2025-12-29 15:34:00+00:00,buy,True,dry_run,dry_run,,exchange_qty_step,True,0.5878524780273438,0.5878524780273438,,0.56,dry_run,,,,,0.5878524780273438,0.0011381161406278282,,8.78645,,87864.5,0.0,
ETH/USDT,xgb_primary,primary,1m,2025-12-29 15:35:00+00:00,,2025-12-29 15:35:00+00:00,buy,True,dry_run,dry_run,,exchange_qty_step,True,0.6076040863990784,0.6076040863990784,,0.51,dry_run,,,,,0.6076040863990784,0.03394784592350373,,29.456999999999997,,2945.7,0.0,
BTC/USDT,xgb_primary,conservative,1m,2025-12-29 15:35:00+00:00,2025-12-29 15:34:00+00:00,2025-12-29 15:35:00+00:00,sell,False,min_hold,min_hold,,,False,0.587852478,0.6076040863990784,0.56,0.5,gate_close,gate_close,-0.004683000000000175,-0.006441290533206662,8.78645,0.6076040863990784,10.701706684918882,0.0011387229273333997,,87864.5,87817.67,-0.006441290533206662,1.0
SOL/USDT,xgb_primary,conservative,1m,2025-12-29 15:39:00+00:00,2025-12-29 15:24:00+00:00,2025-12-29 15:39:00+00:00,sell,False,dry_run,dry_run,,,True,0.5656820536,0.565682053565979,0.51,0.47,gate_close,gate_close,0.0,-0.00396128,19.8064,0.565682053565979,8.078196946442242,0.8077870673283174,19.8064,123.79,123.79,-0.00396128,15.0
ETH/USDT,xgb_primary,primary,1m,2025-12-29 15:43:00+00:00,2025-12-29 15:35:00+00:00,2025-12-29 15:43:00+00:00,sell,False,dry_run,dry_run,,,True,0.6076040864,0.41829004883766174,0.51,0.47,prob_floor,"prob_floor,trailing_prob_drop",-0.051399999999998724,-0.05729139999999872,29.456999999999997,0.41829004883766174,0.034007070070609824,0.034007070070609824,29.4056,2945.7,2940.56,-0.05729139999999872,8.0
BTC/USDT,xgb_primary,conservative,1m,2025-12-29 15:50:00+00:00,2025-12-29 15:34:00+00:00,2025-12-29 15:50:00+00:00,sell,False,dry_run,dry_run,,,True,0.587852478,0.39150944352149963,0.56,0.5,prob_floor,"prob_floor,trailing_prob_drop",-0.02141600000000035,-0.023173290000000353,8.78645,0.39150944352149963,33.16565302452178,0.0011408968224042046,8.765034,87864.5,87650.34,-0.023173290000000353,16.0
ETH/USDT,xgb_primary,primary,1m,2025-12-29 16:05:00+00:00,,2025-12-29 16:05:00+00:00,buy,True,dry_run,dry_run,,exchange_qty_step,True,0.565682053565979,0.565682053565979,,0.51,dry_run,,,,,0.565682053565979,0.03404921814402319,,29.3693,,2936.93,0.0,
BTC/USDT,xgb_primary,conservative,1m,2025-12-29 16:08:00+00:00,,2025-12-29 16:08:00+00:00,buy,True,dry_run,dry_run,,exchange_qty_step,True,0.565682053565979,0.565682053565979,,0.56,dry_run,,,,,0.565682053565979,0.0011396909505474206,,8.774309,,87743.09,0.0,
SOL/USDT,xgb_primary,conservative,1m,2025-12-29 16:09:00+00:00,,2025-12-29 16:09:00+00:00,buy,True,dry_run,dry_run,,exchange_qty_step,True,0.565682053565979,0.565682053565979,,0.51,dry_run,,,,,0.565682053565979,0.809290656738632,,19.7712,,123.57,0.0,
SOL/USDT,xgb_primary,conservative,1m,2025-12-29 16:12:00+00:00,2025-12-29 16:09:00+00:00,2025-12-29 16:12:00+00:00,sell,False,dry_run,dry_run,,,True,0.5656820536,0.41829004883766174,0.51,0.47,prob_floor,prob_floor,0.004800000000000182,0.0008457600000001814,19.7712,0.41829004883766174,0.8090287609728666,0.8090287609728666,19.776,123.57,123.6,0.0008457600000001814,3.0
SOL/USDT,xgb_primary,conservative,1m,2025-12-29 16:15:00+00:00,,2025-12-29 16:15:00+00:00,buy,True,dry_run,dry_run,,exchange_qty_step,True,0.5878524780273438,0.5878524780273438,,0.51,dry_run,,,,,0.5878524780273438,0.8102742778434645,,19.7472,,123.42,0.0,
SOL/USDT,xgb_primary,conservative,1m,2025-12-29 16:16:00+00:00,2025-12-29 16:15:00+00:00,2025-12-29 16:16:00+00:00,sell,False,min_hold,min_hold,,,False,0.587852478,0.41829004883766174,0.51,0.47,prob_floor,prob_floor,-0.027200000000000273,-0.03275158190093817,19.7472,0.41829004883766174,26.809651474530693,0.8113261125313469,,123.42,123.25,-0.03275158190093817,1.0
BTC/USDT,xgb_primary,conservative,1m,2025-12-29 16:16:00+00:00,2025-12-29 16:08:00+00:00,2025-12-29 16:16:00+00:00,sell,False,dry_run,dry_run,,,True,0.5656820536,0.41829004883766174,0.56,0.5,prob_floor,prob_floor,-0.008759999999999128,-0.010514861799999128,8.774309,0.41829004883766174,12.0140553148704,0.0011408297899363083,8.765549000000002,87743.09,87655.49,-0.010514861799999128,8.0
SOL/USDT,xgb_primary,conservative,1m,2025-12-29 16:17:00+00:00,2025-12-29 16:15:00+00:00,2025-12-29 16:17:00+00:00,sell,False,min_hold,min_hold,,,False,0.587852478,0.37037035822868347,0.51,0.47,prob_floor,"prob_floor,trailing_prob_drop",0.0016000000000008186,-0.003949245565680069,19.7472,0.37037035822868347,10.548523206750685,0.8101429902370402,,123.42,123.43,-0.003949245565680069,2.0
SOL/USDT,xgb_primary,conservative,1m,2025-12-29 16:18:00+00:00,2025-12-29 16:15:00+00:00,2025-12-29 16:18:00+00:00,sell,False,dry_run,dry_run,,,True,0.587852478,0.41829004883766174,0.51,0.47,prob_floor,prob_floor,-0.009600000000000363,-0.013549440000000364,19.7472,0.41829004883766174,11.345218800648345,0.8106026830952957,19.7376,123.42,123.36,-0.013549440000000364,3.0
ETH/USDT,xgb_primary,primary,1m,2025-12-29 16:23:00+00:00,2025-12-29 16:05:00+00:00,2025-12-29 16:23:00+00:00,sell,False,dry_run,dry_run,,,True,0.5656820536,0.41829004883766174,0.51,0.47,prob_floor,prob_floor,-0.019400000000000545,-0.025273860000000543,29.3693,0.41829004883766174,5.3867921311920055,0.03407160829990606,29.349899999999998,2936.93,2934.99,-0.025273860000000543,18.0
ETH/USDT,xgb_primary,primary,1m,2025-12-29 16:38:00+00:00,,2025-12-29 16:38:00+00:00,buy,True,dry_run,dry_run,,exchange_qty_step,True,0.565682053565979,0.565682053565979,,0.51,dry_run,,,,,0.565682053565979,0.03406441239659674,,14.6781,,2935.62,0.0,
BTC/USDT,xgb_primary,conservative,1m,2025-12-29 16:40:00+00:00,,2025-12-29 16:40:00+00:00,buy,True,dry_run,dry_run,,exchange_qty_step,True,0.565682053565979,0.565682053565979,,0.56,dry_run,,,,,0.565682053565979,0.0011413327781998718,,8.761687,,87616.87,0.0,
SOL/USDT,xgb_primary,conservative,1m,2025-12-29 16:42:00+00:00,,2025-12-29 16:42:00+00:00,buy,True,dry_run,dry_run,,exchange_qty_step,True,0.6076040863990784,0.6076040863990784,,0.51,dry_run,,,,,0.6076040863990784,0.812380681586653,,19.695999999999998,,123.1,0.0,
SOL/USDT,xgb_primary,conservative,1m,2025-12-29 16:45:00+00:00,2025-12-29 16:42:00+00:00,2025-12-29 16:45:00+00:00,sell,False,dry_run,dry_run,,,True,0.6076040864,0.6699029207229614,0.51,0.47,gate_close,gate_close,0.038400000000001454,0.03446080000000146,19.695999999999998,0.6699029207229614,12.973323603340354,0.8107341197446921,19.7344,123.1,123.34,0.03446080000000146,3.0
SOL/USDT,xgb_primary,conservative,1m,2025-12-29 16:46:00+00:00,,2025-12-29 16:46:00+00:00,buy,True,cooldown_after_exit,cooldown_after_exit,cooldown_after_exit,,False,0.6076040863990784,0.6076040863990784,,0.51,cooldown_after_exit,,,,,0.6076040863990784,,,20.0,,123.32,0.0,
SOL/USDT,xgb_primary,conservative,1m,2025-12-29 16:47:00+00:00,,2025-12-29 16:47:00+00:00,buy,True,dry_run,dry_run,,exchange_qty_step,True,0.6076040863990784,0.6076040863990784,,0.51,dry_run,,,,,0.6076040863990784,0.8107998540564411,,19.7344,,123.34,0.0,
ETH/USDT,xgb_primary,primary,1m,2025-12-29 16:47:00+00:00,2025-12-29 16:38:00+00:00,2025-12-29 16:47:00+00:00,sell,False,dry_run,dry_run,,,True,0.5656820536,0.565682053565979,0.51,0.47,gate_close,gate_close,0.005,0.0020643799999999998,14.6781,0.565682053565979,7.7288172526267145,0.03405269654865119,14.6831,2935.62,2936.62,0.0020643799999999998,9.0
ETH/USDT,xgb_primary,primary,1m,2025-12-29 16:49:00+00:00,,2025-12-29 16:49:00+00:00,buy,True,dry_run,dry_run,,exchange_qty_step,True,0.565682053565979,0.565682053565979,,0.51,dry_run,,,,,0.565682053565979,0.03401968038584536,,29.3948,,2939.48,0.0,
SOL/USDT,xgb_primary,conservative,1m,2025-12-29 16:49:00+00:00,2025-12-29 16:47:00+00:00,2025-12-29 16:49:00+00:00,sell,False,min_hold,min_hold,,,False,0.6076040864,0.6076040863990784,0.51,0.47,gate_close,gate_close,0.027200000000000273,0.021655386931143692,19.7344,0.6076040863990784,6.479831524380228,0.8096182649873218,,123.34,123.51,0.021655386931143692,2.0
SOL/USDT,xgb_primary,conservative,1m,2025-12-29 16:52:00+00:00,2025-12-29 16:47:00+00:00,2025-12-29 16:52:00+00:00,sell,False,dry_run,dry_run,,,True,0.6076040864,0.6076040863990784,0.51,0.47,gate_close,gate_close,0.011199999999998909,0.007253119999998909,19.7344,0.6076040863990784,8.10110174983867,0.8102742778434645,19.7456,123.34,123.41,0.007253119999998909,5.0
SOL/USDT,xgb_primary,conservative,1m,2025-12-29 16:53:00+00:00,,2025-12-29 16:53:00+00:00,buy,True,cooldown_after_exit,cooldown_after_exit,cooldown_after_exit,,False,0.6076040863990784,0.6076040863990784,,0.51,cooldown_after_exit,,,,,0.6076040863990784,,,20.0,,123.43,0.0,
BTC/USDT,xgb_primary,conservative,1m,2025-12-29 16:53:00+00:00,2025-12-29 16:40:00+00:00,2025-12-29 16:53:00+00:00,sell,False,dry_run,dry_run,,,True,0.5656820536,0.41829004883766174,0.56,0.5,prob_floor,prob_floor,-0.006226999999998953,-0.007979337399998954,8.761687,0.41829004883766174,9.179411093356885,0.0011421443789006083,8.755460000000001,87616.87,87554.6,-0.007979337399998954,13.0
SOL/USDT,xgb_primary,conservative,1m,2025-12-29 16:56:00+00:00,,2025-12-29 16:56:00+00:00,buy,True,cooldown_after_loss,cooldown_after_loss,cooldown_after_loss,,False,0.6076040863990784,0.6076040863990784,,0.51,cooldown_after_loss,,,,,0.6076040863990784,,,20.0,,123.56,0.0,
SOL/USDT,xgb_primary,conservative,1m,2025-12-29 16:59:00+00:00,,2025-12-29 16:59:00+00:00,buy,True,dry_run,dry_run,,exchange_qty_step,True,0.6076040863990784,0.6076040863990784,,0.51,dry_run,,,,,0.6076040863990784,0.8101429902370402,,19.7504,,123.44,0.0,
SOL/USDT,xgb_primary,conservative,1m,2025-12-29 17:01:00+00:00,2025-12-29 16:59:00+00:00,2025-12-29 17:01:00+00:00,sell,False,min_hold,min_hold,,,False,0.6076040864,0.565682053565979,0.51,0.47,gate_close,gate_close,0.025599999999999457,0.020052055835927608,19.7504,0.565682053565979,8.90327802509101,0.8090287609728666,,123.44,123.6,0.020052055835927608,2.0
SOL/USDT,xgb_primary,conservative,1m,2025-12-29 17:03:00+00:00,2025-12-29 16:59:00+00:00,2025-12-29 17:03:00+00:00,sell,False,dry_run,dry_run,,,True,0.6076040864,0.565682053565979,0.51,0.47,gate_close,gate_close,0.0,-0.00395008,19.7504,0.565682053565979,12.150668286755081,0.8100773623885225,19.7504,123.44,123.44,-0.00395008,4.0
ETH/USDT,xgb_primary,primary,1m,2025-12-29 17:06:00+00:00,2025-12-29 16:49:00+00:00,2025-12-29 17:06:00+00:00,sell,False,dry_run,dry_run,,,True,0.5656820536,0.41829004883766174,0.51,0.47,prob_floor,prob_floor,-0.035100000000002185,-0.04097896000000219,29.3948,0.41829004883766174,0.03406023552727213,0.03406023552727213,29.3597,2939.48,2935.97,-0.04097896000000219,17.0
SOL/USDT,xgb_primary,conservative,1m,2025-12-29 17:07:00+00:00,,2025-12-29 17:07:00+00:00,buy,True,cooldown_after_loss,cooldown_after_loss,cooldown_after_loss,,False,0.5878524780273438,0.5878524780273438,,0.51,cooldown_after_loss,,,,,0.5878524780273438,,,20.0,,123.65,0.0,
SOL/USDT,xgb_primary,conservative,1m,2025-12-29 17:08:00+00:00,,2025-12-29 17:08:00+00:00,buy,True,cooldown_after_loss,cooldown_after_loss,cooldown_after_loss,,False,0.6076040863990784,0.6076040863990784,,0.51,cooldown_after_loss,,,,,0.6076040863990784,,,20.0,,123.72,0.0,
SOL/USDT,xgb_primary,conservative,1m,2025-12-29 17:09:00+00:00,,2025-12-29 17:09:00+00:00,buy,True,cooldown_after_loss,cooldown_after_loss,cooldown_after_loss,,False,0.6076040863990784,0.6076040863990784,,0.51,cooldown_after_loss,,,,,0.6076040863990784,,,20.0,,123.56,0.0,
BTC/USDT,xgb_primary,conservative,1m,2025-12-29 17:09:00+00:00,,2025-12-29 17:09:00+00:00,buy,True,cooldown_after_loss,cooldown_after_loss,cooldown_after_loss,,False,0.565682053565979,0.565682053565979,,0.56,cooldown_after_loss,,,,,0.565682053565979,,,15.0,,87621.24,0.0,
BTC/USDT,xgb_primary,conservative,1m,2025-12-29 17:10:00+00:00,,2025-12-29 17:10:00+00:00,buy,True,cooldown_after_loss,cooldown_after_loss,cooldown_after_loss,,False,0.565682053565979,0.565682053565979,,0.56,cooldown_after_loss,,,,,0.565682053565979,,,15.0,,87592.67,0.0,
SOL/USDT,xgb_primary,conservative,1m,2025-12-29 17:19:00+00:00,,2025-12-29 17:19:00+00:00,buy,True,dry_run,dry_run,,exchange_qty_step,True,0.5878524780273438,0.5878524780273438,,0.51,dry_run,,,,,0.5878524780273438,0.8090287609728666,,19.7776,,123.61,0.0,
ETH/USDT,xgb_primary,primary,1m,2025-12-29 17:21:00+00:00,,2025-12-29 17:21:00+00:00,buy,True,dry_run,dry_run,,exchange_qty_step,True,0.565682053565979,0.565682053565979,,0.51,dry_run,,,,,0.565682053565979,0.03403971413522371,,29.3775,,2937.75,0.0,
SOL/USDT,xgb_primary,conservative,1m,2025-12-29 17:24:00+00:00,2025-12-29 17:19:00+00:00,2025-12-29 17:24:00+00:00,sell,False,dry_run,dry_run,,,True,0.587852478,0.41829004883766174,0.51,0.47,prob_floor,prob_floor,-0.043199999999999364,-0.04715551999999936,19.7776,0.41829004883766174,0.8107341197446921,0.8107341197446921,19.7344,123.61,123.34,-0.04715551999999936,5.0
ETH/USDT,xgb_primary,primary,1m,2025-12-29 17:27:00+00:00,2025-12-29 17:21:00+00:00,2025-12-29 17:27:00+00:00,sell,False,dry_run,dry_run,,,True,0.5656820536,0.41829004883766174,0.51,0.47,prob_floor,prob_floor,-0.0725,-0.0783755,29.3775,0.41829004883766174,5.696411942681382,0.03412381142573816,29.305,2937.75,2930.5,-0.0783755,6.0
BTC/USDT,xgb_primary,conservative,1m,2025-12-29 17:41:00+00:00,,2025-12-29 17:41:00+00:00,buy,True,dry_run,dry_run,,exchange_qty_step,True,0.565682053565979,0.565682053565979,,0.56,dry_run,,,,,0.565682053565979,0.0011414010423061124,,8.761163000000002,,87611.63,0.0,
ETH/USDT,xgb_primary,primary,1m,2025-12-29 17:42:00+00:00,,2025-12-29 17:42:00+00:00,buy,True,dry_run,dry_run,,exchange_qty_step,True,0.565682053565979,0.565682053565979,,0.51,dry_run,,,,,0.565682053565979,0.03407741366135665,,29.345,,2934.5,0.0,
SOL/USDT,xgb_primary,conservative,1m,2025-12-29 17:43:00+00:00,,2025-12-29 17:43:00+00:00,buy,True,dry_run,dry_run,,exchange_qty_step,True,0.565682053565979,0.565682053565979,,0.51,dry_run,,,,,0.565682053565979,0.8109313546600905,,19.731199999999998,,123.32,0.0,
BTC/USDT,xgb_primary,conservative,1m,2025-12-29 17:45:00+00:00,2025-12-29 17:41:00+00:00,2025-12-29 17:45:00+00:00,sell,False,dry_run,dry_run,,,True,0.5656820536,0.565682053565979,0.56,0.5,gate_close,gate_close,0.010308999999999652,0.008556767399999651,8.761163000000002,0.565682053565979,21.449047163380413,0.0011400594364015062,8.771472000000001,87611.63,87714.72,0.008556767399999651,4.0
BTC/USDT,xgb_primary,conservative,1m,2025-12-29 17:46:00+00:00,,2025-12-29 17:46:00+00:00,buy,True,cooldown_after_exit,cooldown_after_exit,cooldown_after_exit,,False,0.6076040863990784,0.6076040863990784,,0.56,cooldown_after_exit,,,,,0.6076040863990784,,,30.0,,87712.33,0.0,
SOL/USDT,xgb_primary,conservative,1m,2025-12-29 17:47:00+00:00,2025-12-29 17:43:00+00:00,2025-12-29 17:47:00+00:00,sell,True,dry_run,dry_run,,,True,0.5656820536,0.6076040863990784,0.51,0.47,take_profit,take_profit,0.057600000000002184,0.05365376000000219,19.731199999999998,0.6076040863990784,1.6182539040372215,0.8085054776238756,19.788800000000002,123.32,123.68,0.05365376000000219,4.0
BTC/USDT,xgb_primary,conservative,1m,2025-12-29 17:47:00+00:00,,2025-12-29 17:47:00+00:00,buy,True,dry_run,dry_run,,exchange_qty_step,True,0.6076040863990784,0.6076040863990784,,0.56,dry_run,,,,,0.6076040863990784,0.0011392012177105588,,26.334243,,87780.81,0.0,
SOL/USDT,xgb_primary,conservative,1m,2025-12-29 17:48:00+00:00,,2025-12-29 17:48:00+00:00,buy,True,cooldown_after_exit,cooldown_after_exit,cooldown_after_exit,,False,0.6076040863990784,0.6076040863990784,,0.51,cooldown_after_exit,,,,,0.6076040863990784,,,20.0,,123.66,0.0,
BTC/USDT,xgb_primary,conservative,1m,2025-12-29 17:48:00+00:00,2025-12-29 17:47:00+00:00,2025-12-29 17:48:00+00:00,sell,False,min_hold,min_hold,,,False,0.6076040864,0.6076040863990784,0.56,0.5,gate_close,gate_close,-0.00692999999999738,-0.012199849389499043,26.334242999999997,0.6076040863990784,7.802389588610571,0.0011395009538205628,,87780.81,87757.71,-0.012199849389499043,1.0
SOL/USDT,xgb_primary,conservative,1m,2025-12-29 17:49:00+00:00,,2025-12-29 17:49:00+00:00,buy,True,dry_run,dry_run,,exchange_qty_step,True,0.6076040863990784,0.6076040863990784,,0.51,dry_run,,,,,0.6076040863990784,0.8085708510212343,,19.788800000000002,,123.68,0.0,
ETH/USDT,xgb_primary,primary,1m,2025-12-29 17:54:00+00:00,2025-12-29 17:42:00+00:00,2025-12-29 17:54:00+00:00,sell,True,dry_run,dry_run,,,True,0.5656820536,0.6076040863990784,0.51,0.47,take_profit,take_profit,0.08239999999999782,0.07653099999999782,29.345,0.6076040863990784,0.03398187746548981,0.03398187746548981,29.4274,2934.5,2942.74,0.07653099999999782,12.0
ETH/USDT,xgb_primary,primary,1m,2025-12-29 17:55:00+00:00,,2025-12-29 17:55:00+00:00,buy,True,cooldown_after_exit,cooldown_after_exit,cooldown_after_exit,,False,0.6076040863990784,0.6076040863990784,,0.51,cooldown_after_exit,,,,,0.6076040863990784,,,30.0,,2940.43,0.0,
SOL/USDT,xgb_primary,conservative,1m,2025-12-29 17:55:00+00:00,2025-12-29 17:49:00+00:00,2025-12-29 17:55:00+00:00,sell,False,dry_run,dry_run,,,True,0.6076040864,0.6076040863990784,0.51,0.47,gate_close,gate_close,0.0031999999999993635,-0.0007577600000006368,19.788800000000002,0.6076040863990784,7.273902852985468,0.8083747625391783,19.792,123.68,123.7,-0.0007577600000006368,6.0
BTC/USDT,xgb_primary,conservative,1m,2025-12-29 17:55:00+00:00,2025-12-29 17:47:00+00:00,2025-12-29 17:55:00+00:00,sell,False,dry_run,dry_run,,exchange_qty_step,True,0.6076040864,0.6076040863990784,0.56,0.5,gate_close,gate_close,-0.0020720000000001167,-0.005583232400000117,26.334242999999997,0.6076040863990784,7.007380309671518,0.001139335555377174,17.55409,87780.81,87770.45,-0.005583232400000117,8.0
ETH/USDT,xgb_primary,primary,1m,2025-12-29 17:56:00+00:00,,2025-12-29 17:56:00+00:00,buy,True,dry_run,dry_run,,exchange_qty_step,True,0.6076040863990784,0.6076040863990784,,0.51,dry_run,,,,,0.6076040863990784,0.03399967020394117,,29.412100000000002,,2941.21,0.0,
SOL/USDT,xgb_primary,conservative,1m,2025-12-29 17:56:00+00:00,,2025-12-29 17:56:00+00:00,buy,True,cooldown_after_loss,cooldown_after_loss,cooldown_after_loss,,False,0.6076040863990784,0.6076040863990784,,0.51,cooldown_after_loss,,,,,0.6076040863990784,,,20.0,,123.7,0.0,
BTC/USDT,xgb_primary,conservative,1m,2025-12-29 17:56:00+00:00,,2025-12-29 17:56:00+00:00,buy,True,cooldown_after_loss,cooldown_after_loss,cooldown_after_loss,,False,0.6076040863990784,0.6076040863990784,,0.56,cooldown_after_loss,,,,,0.6076040863990784,,,30.0,,87783.12,0.0,
SOL/USDT,xgb_primary,conservative,1m,2025-12-29 17:57:00+00:00,,2025-12-29 17:57:00+00:00,buy,True,cooldown_after_loss,cooldown_after_loss,cooldown_after_loss,,False,0.6076040863990784,0.6076040863990784,,0.51,cooldown_after_loss,,,,,0.6076040863990784,,,20.0,,123.79,0.0,
BTC/USDT,xgb_primary,conservative,1m,2025-12-29 17:57:00+00:00,,2025-12-29 17:57:00+00:00,buy,True,cooldown_after_loss,cooldown_after_loss,cooldown_after_loss,,False,0.6076040863990784,0.6076040863990784,,0.56,cooldown_after_loss,,,,,0.6076040863990784,,,30.0,,87793.62,0.0,
SOL/USDT,xgb_primary,conservative,1m,2025-12-29 17:58:00+00:00,,2025-12-29 17:58:00+00:00,buy,True,cooldown_after_loss,cooldown_after_loss,cooldown_after_loss,,False,0.6076040863990784,0.6076040863990784,,0.51,cooldown_after_loss,,,,,0.6076040863990784,,,20.0,,123.9,0.0,
BTC/USDT,xgb_primary,conservative,1m,2025-12-29 17:58:00+00:00,,2025-12-29 17:58:00+00:00,buy,True,cooldown_after_loss,cooldown_after_loss,cooldown_after_loss,,False,0.6076040863990784,0.6076040863990784,,0.56,cooldown_after_loss,,,,,0.6076040863990784,,,30.0,,87833.19,0.0,
BTC/USDT,xgb_primary,conservative,1m,2025-12-29 17:59:00+00:00,,2025-12-29 17:59:00+00:00,buy,True,cooldown_after_loss,cooldown_after_loss,cooldown_after_loss,,False,0.6076040863990784,0.6076040863990784,,0.56,cooldown_after_loss,,,,,0.6076040863990784,,,30.0,,87872.69,0.0,
SOL/USDT,xgb_primary,conservative,1m,2025-12-29 18:00:00+00:00,,2025-12-29 18:00:00+00:00,buy,True,dry_run,dry_run,,exchange_qty_step,True,0.6076040863990784,0.6076040863990784,,0.51,dry_run,,,,,0.6076040863990784,0.8077218206053968,,19.8096,,123.81,0.0,
SOL/USDT,xgb_primary,conservative,1m,2025-12-29 18:01:00+00:00,2025-12-29 18:00:00+00:00,2025-12-29 18:01:00+00:00,sell,False,min_hold,min_hold,,,False,0.6076040864,0.565682053565979,0.51,0.47,gate_close,gate_close,0.012799999999999728,0.007239177703699624,19.8096,0.565682053565979,12.924071082390679,0.8071350740550559,,123.81,123.89,0.007239177703699624,1.0
BTC/USDT,xgb_primary,conservative,1m,2025-12-29 18:01:00+00:00,,2025-12-29 18:01:00+00:00,buy,True,dry_run,dry_run,,exchange_qty_step,True,0.6076040863990784,0.6076040863990784,,0.56,dry_run,,,,,0.6076040863990784,0.0011373110287792928,,26.378010000000003,,87926.7,0.0,
SOL/USDT,xgb_primary,conservative,1m,2025-12-29 18:02:00+00:00,2025-12-29 18:00:00+00:00,2025-12-29 18:02:00+00:00,sell,False,min_hold,min_hold,,,False,0.6076040864,0.6076040863990784,0.51,0.47,gate_close,gate_close,-0.01759999999999991,-0.023163278069599523,19.8096,0.6076040863990784,6.457341189764977,0.8083747625391783,,123.81,123.7,-0.023163278069599523,2.0
BTC/USDT,xgb_primary,conservative,1m,2025-12-29 18:03:00+00:00,2025-12-29 18:01:00+00:00,2025-12-29 18:03:00+00:00,sell,False,min_hold,min_hold,,,False,0.6076040864,0.6076040863990784,0.56,0.5,gate_close,gate_close,0.0047519999999989515,-0.0005266014594804812,26.378009999999996,0.6076040863990784,7.907652988576363,0.0011371060513785706,,87926.7,87942.54,-0.0005266014594804812,2.0
ETH/USDT,xgb_primary,primary,1m,2025-12-29 18:09:00+00:00,2025-12-29 17:56:00+00:00,2025-12-29 18:09:00+00:00,sell,False,dry_run,dry_run,,,True,0.6076040864,0.41829004883766174,0.51,0.47,prob_floor,"prob_floor,trailing_prob_drop",-0.048400000000001456,-0.054282420000001455,29.412100000000002,0.41829004883766174,0.03405559576082169,0.03405559576082169,29.363699999999998,2941.21,2936.37,-0.054282420000001455,13.0
SOL/USDT,xgb_primary,conservative,1m,2025-12-29 18:09:00+00:00,2025-12-29 18:00:00+00:00,2025-12-29 18:09:00+00:00,sell,False,dry_run,dry_run,,,True,0.6076040864,0.41829004883766174,0.51,0.47,prob_floor,"prob_floor,trailing_prob_drop",-0.043199999999999364,-0.047161919999999365,19.8096,0.41829004883766174,1.6172070833678525,0.8094216682173221,19.7664,123.81,123.54,-0.047161919999999365,9.0
BTC/USDT,xgb_primary,conservative,1m,2025-12-29 18:09:00+00:00,2025-12-29 18:01:00+00:00,2025-12-29 18:09:00+00:00,sell,False,dry_run,dry_run,,exchange_qty_step,True,0.6076040864,0.41829004883766174,0.56,0.5,prob_floor,"prob_floor,trailing_prob_drop",-0.04835599999999977,-0.051873067999999765,26.378009999999996,0.41829004883766174,9.699846119936252,0.0011404468892185643,17.536984,87926.7,87684.92,-0.051873067999999765,8.0
ETH/USDT,xgb_primary,primary,1m,2025-12-29 18:22:00+00:00,,2025-12-29 18:22:00+00:00,buy,True,dry_run,dry_run,,exchange_qty_step,True,0.565682053565979,0.565682053565979,,0.51,dry_run,,,,,0.565682053565979,0.033996780505628266,,29.4146,,2941.46,0.0,
SOL/USDT,xgb_primary,conservative,1m,2025-12-29 18:22:00+00:00,,2025-12-29 18:22:00+00:00,buy,True,dry_run,dry_run,,exchange_qty_step,True,0.565682053565979,0.565682053565979,,0.51,dry_run,,,,,0.565682053565979,0.8075261436593141,,19.814400000000003,,123.84,0.0,
BTC/USDT,xgb_primary,conservative,1m,2025-12-29 18:24:00+00:00,,2025-12-29 18:24:00+00:00,buy,True,dry_run,dry_run,,exchange_qty_step,True,0.565682053565979,0.565682053565979,,0.56,dry_run,,,,,0.565682053565979,0.0011398668497953825,,26.318865000000002,,87729.55,0.0,
BTC/USDT,xgb_primary,conservative,1m,2025-12-29 18:27:00+00:00,2025-12-29 18:24:00+00:00,2025-12-29 18:27:00+00:00,sell,False,dry_run,dry_run,,exchange_qty_step,True,0.5656820536,0.4742901027202606,0.56,0.5,prob_floor,prob_floor,-0.006433999999999651,-0.009943181999999651,26.318865,0.4742901027202606,2.9663218726000187,0.0011402848551027272,17.539476,87729.55,87697.38,-0.009943181999999651,3.0
ETH/USDT,xgb_primary,primary,1m,2025-12-29 18:29:00+00:00,2025-12-29 18:22:00+00:00,2025-12-29 18:29:00+00:00,sell,False,dry_run,dry_run,,,True,0.5656820536,0.41829004883766174,0.51,0.47,prob_floor,prob_floor,-0.06090000000000146,-0.06678292000000147,29.4146,0.41829004883766174,0.03406719754790539,0.03406719754790539,29.3537,2941.46,2935.37,-0.06678292000000147,7.0
SOL/USDT,xgb_primary,conservative,1m,2025-12-29 18:31:00+00:00,2025-12-29 18:22:00+00:00,2025-12-29 18:31:00+00:00,sell,False,dry_run,dry_run,,,True,0.5656820536,0.41829004883766174,0.51,0.47,prob_floor,prob_floor,-0.03680000000000064,-0.04076288000000064,19.814400000000003,0.41829004883766174,4.047272138578368,0.808963313514146,19.7776,123.84,123.61,-0.04076288000000064,9.0
ETH/USDT,xgb_primary,primary,1m,2025-12-29 19:08:00+00:00,,2025-12-29 19:08:00+00:00,buy,True,dry_run,dry_run,,exchange_qty_step,True,0.565682053565979,0.565682053565979,,0.51,dry_run,,,,,0.565682053565979,0.034109262200348524,,29.317600000000002,,2931.76,0.0,
SOL/USDT,xgb_primary,conservative,1m,2025-12-29 19:08:00+00:00,,2025-12-29 19:08:00+00:00,buy,True,dry_run,dry_run,,exchange_qty_step,True,0.565682053565979,0.565682053565979,,0.51,dry_run,,,,,0.565682053565979,0.8103399376030878,,19.7456,,123.41,0.0,
SOL/USDT,xgb_primary,conservative,1m,2025-12-29 19:09:00+00:00,2025-12-29 19:08:00+00:00,2025-12-29 19:09:00+00:00,sell,False,min_hold,min_hold,,,False,0.5656820536,0.565682053565979,0.51,0.47,gate_close,gate_close,0.0032000000000016373,-0.002348795942800813,19.7456,0.565682053565979,11.345218800648345,0.8101429902370402,,123.41,123.43,-0.002348795942800813,1.0
BTC/USDT,xgb_primary,conservative,1m,2025-12-29 19:10:00+00:00,,2025-12-29 19:10:00+00:00,buy,True,dry_run,dry_run,,exchange_qty_step,True,0.6076040863990784,0.6076040863990784,,0.56,dry_run,,,,,0.6076040863990784,0.001140871569379088,,8.765229,,87652.29,0.0,
SOL/USDT,xgb_primary,conservative,1m,2025-12-29 19:16:00+00:00,2025-12-29 19:08:00+00:00,2025-12-29 19:16:00+00:00,sell,False,dry_run,dry_run,,,True,0.5656820536,0.6076040863990784,0.51,0.47,gate_close,gate_close,-0.019199999999998454,-0.023149119999998455,19.7456,0.6076040863990784,7.298678128294818,0.8110628979269966,19.7264,123.41,123.29,-0.023149119999998455,8.0
SOL/USDT,xgb_primary,conservative,1m,2025-12-29 19:17:00+00:00,,2025-12-29 19:17:00+00:00,buy,True,cooldown_after_loss,cooldown_after_loss,cooldown_after_loss,,False,0.6076040863990784,0.6076040863990784,,0.51,cooldown_after_loss,,,,,0.6076040863990784,,,10.0,,123.25,0.0,
SOL/USDT,xgb_primary,conservative,1m,2025-12-29 19:18:00+00:00,,2025-12-29 19:18:00+00:00,buy,True,cooldown_after_loss,cooldown_after_loss,cooldown_after_loss,,False,0.6076040863990784,0.6076040863990784,,0.51,cooldown_after_loss,,,,,0.6076040863990784,,,10.0,,123.3,0.0,
SOL/USDT,xgb_primary,conservative,1m,2025-12-29 19:19:00+00:00,,2025-12-29 19:19:00+00:00,buy,True,cooldown_after_loss,cooldown_after_loss,cooldown_after_loss,,False,0.6076040863990784,0.6076040863990784,,0.51,cooldown_after_loss,,,,,0.6076040863990784,,,10.0,,123.3,0.0,
SOL/USDT,xgb_primary,conservative,1m,2025-12-29 19:20:00+00:00,,2025-12-29 19:20:00+00:00,buy,True,cooldown_after_loss,cooldown_after_loss,cooldown_after_loss,,False,0.565682053565979,0.565682053565979,,0.51,cooldown_after_loss,,,,,0.565682053565979,,,10.0,,123.34,0.0,
SOL/USDT,xgb_primary,conservative,1m,2025-12-29 19:22:00+00:00,,2025-12-29 19:22:00+00:00,buy,True,dry_run,dry_run,,exchange_qty_step,True,0.565682053565979,0.565682053565979,,0.51,dry_run,,,,,0.565682053565979,0.8113919428784223,,9.86,,123.25,0.0,
SOL/USDT,xgb_primary,conservative,1m,2025-12-29 19:24:00+00:00,2025-12-29 19:22:00+00:00,2025-12-29 19:24:00+00:00,sell,False,min_hold,min_hold,,,False,0.5656820536,0.41829004883766174,0.51,0.47,prob_floor,prob_floor,-0.004800000000000182,-0.007572357157352756,9.86,0.41829004883766174,2.4350649350650273,0.8117212549214754,,123.25,123.19,-0.007572357157352756,2.0
BTC/USDT,xgb_primary,conservative,1m,2025-12-29 19:24:00+00:00,2025-12-29 19:10:00+00:00,2025-12-29 19:24:00+00:00,sell,False,dry_run,dry_run,,,True,0.6076040864,0.41829004883766174,0.56,0.5,prob_floor,"prob_floor,trailing_prob_drop",-0.01842899999999936,-0.020182045799999358,8.765229,0.41829004883766174,1.7624337587229106,0.0011432751889975438,8.7468,87652.29,87468.0,-0.020182045799999358,14.0
SOL/USDT,xgb_primary,conservative,1m,2025-12-29 19:25:00+00:00,2025-12-29 19:22:00+00:00,2025-12-29 19:25:00+00:00,sell,False,dry_run,dry_run,,,True,0.5656820536,0.41829004883766174,0.51,0.47,prob_floor,prob_floor,-0.004800000000000182,-0.0067720000000001815,9.86,0.41829004883766174,0.8117212549214754,0.8117212549214754,9.8552,123.25,123.19,-0.0067720000000001815,3.0
ETH/USDT,xgb_primary,primary,1m,2025-12-29 19:31:00+00:00,2025-12-29 19:08:00+00:00,2025-12-29 19:31:00+00:00,sell,False,dry_run,dry_run,,,True,0.5656820536,0.565682053565979,0.51,0.47,gate_close,gate_close,0.06779999999999746,0.06193647999999746,29.317600000000002,0.565682053565979,7.4867110878185015,0.03403044704171036,29.3854,2931.76,2938.54,0.06193647999999746,23.0
ETH/USDT,xgb_primary,primary,1m,2025-12-29 19:33:00+00:00,,2025-12-29 19:33:00+00:00,buy,True,dry_run,dry_run,,exchange_qty_step,True,0.6076040863990784,0.6076040863990784,,0.51,dry_run,,,,,0.6076040863990784,0.03403299498783672,,29.3833,,2938.33,0.0,
SOL/USDT,xgb_primary,conservative,1m,2025-12-29 19:33:00+00:00,,2025-12-29 19:33:00+00:00,buy,True,dry_run,dry_run,,exchange_qty_step,True,0.565682053565979,0.565682053565979,,0.51,dry_run,,,,,0.565682053565979,0.8117212549214754,,9.856,,123.2,0.0,
BTC/USDT,xgb_primary,conservative,1m,2025-12-29 19:33:00+00:00,,2025-12-29 19:33:00+00:00,buy,True,dry_run,dry_run,,exchange_qty_step,True,0.565682053565979,0.565682053565979,,0.56,dry_run,,,,,0.565682053565979,0.0011425960427398688,,8.752,,87520.0,0.0,
SOL/USDT,xgb_primary,conservative,1m,2025-12-29 19:35:00+00:00,2025-12-29 19:33:00+00:00,2025-12-29 19:35:00+00:00,sell,False,min_hold,min_hold,,,False,0.5656820536,0.41829004883766174,0.51,0.47,prob_floor,prob_floor,-0.011200000000000045,-0.013972077585015365,9.856,0.41829004883766174,4.060748802080027,0.8125787185626218,,123.2,123.06,-0.013972077585015365,2.0
BTC/USDT,xgb_primary,conservative,1m,2025-12-29 19:36:00+00:00,2025-12-29 19:33:00+00:00,2025-12-29 19:36:00+00:00,sell,False,dry_run,dry_run,,,True,0.5656820536,0.41829004883766174,0.56,0.5,prob_floor,prob_floor,-0.013152999999999884,-0.014903399999999883,8.752,0.41829004883766174,6.755291979049204,0.001144315654296669,8.738847,87520.0,87388.47,-0.014903399999999883,3.0
SOL/USDT,xgb_primary,conservative,1m,2025-12-29 19:36:00+00:00,2025-12-29 19:33:00+00:00,2025-12-29 19:36:00+00:00,sell,False,dry_run,dry_run,,,True,0.5656820536,0.41829004883766174,0.51,0.47,prob_floor,prob_floor,-0.011200000000000045,-0.013171200000000044,9.856,0.41829004883766174,0.8126117341127015,0.8125787185626218,9.844800000000001,123.2,123.06,-0.013171200000000044,3.0
ETH/USDT,xgb_primary,primary,1m,2025-12-29 19:37:00+00:00,2025-12-29 19:33:00+00:00,2025-12-29 19:37:00+00:00,sell,False,dry_run,dry_run,,,True,0.6076040864,0.41829004883766174,0.51,0.47,prob_floor,"prob_floor,trailing_prob_drop",-0.05670000000000073,-0.06257666000000073,29.3833,0.41829004883766174,0.034098678165485244,0.034098678165485244,29.3266,2938.33,2932.66,-0.06257666000000073,4.0
