symbol,model,policy_id,timeframe,occurred_at,entry_ts,exit_ts,side,gate_pass,decision,skip_reason,risk_block_reason,risk_clip_reasons,executed,entry_prob,exit_prob,entry_threshold,exit_threshold,exit_reason_primary,exit_reason_all,pnl_gross,pnl_net,pnl_notional,probability,spread_entry_bps,spread_exit_bps,intended_notional,entry_price,exit_price,pnl,hold_minutes
ETH/USDT,xgb_primary,primary,1m,2025-12-19 00:02:00+00:00,2025-12-18 23:55:00+00:00,2025-12-19 00:02:00+00:00,sell,True,dry_run,dry_run,,,True,0.5002435446,0.565682053565979,0.48,0.43,take_profit,take_profit,0.06902000000000089,0.06505931600000088,19.80342,0.565682053565979,0.03522460086040854,0.03522460086040854,19.87244,2829.06,2838.92,0.06505931600000088,7.0
SOL/USDT,xgb_primary,conservative,1m,2025-12-19 00:02:00+00:00,2025-12-18 22:52:00+00:00,2025-12-19 00:02:00+00:00,sell,False,pnl_block,pnl_block,,,False,0.6076040864,0.6076040863990784,0.48,0.44,gate_close,gate_close,-0.0232000000000005,-0.025922064364168797,9.600800000000001,0.6076040863990784,18.354747205072492,0.835247442055136,,120.01,119.72,-0.025922064364168797,70.0
ETH/USDT,xgb_primary,primary,1m,2025-12-19 00:03:00+00:00,,2025-12-19 00:03:00+00:00,buy,True,cooldown_after_exit,cooldown_after_exit,cooldown_after_exit,,False,0.6699029207229614,0.6699029207229614,,0.48,cooldown_after_exit,,,,,0.6699029207229614,,,20.0,,2836.13,0.0,
SOL/USDT,xgb_primary,conservative,1m,2025-12-19 00:03:00+00:00,2025-12-18 22:52:00+00:00,2025-12-19 00:03:00+00:00,sell,False,pnl_block,pnl_block,,,False,0.6076040864,0.6076040863990784,0.48,0.44,gate_close,gate_close,-0.038400000000000316,-0.04112333898523518,9.600800000000001,0.6076040863990784,15.870364183093695,0.8365750616978388,,120.01,119.53,-0.04112333898523518,71.0
ETH/USDT,xgb_primary,primary,1m,2025-12-19 00:04:00+00:00,,2025-12-19 00:04:00+00:00,buy,True,dry_run,dry_run,,exchange_qty_step,True,0.6076040863990784,0.6076040863990784,,0.48,dry_run,,,,,0.6076040863990784,0.03534749235968735,,19.80342,,2829.06,0.0,
SOL/USDT,xgb_primary,conservative,1m,2025-12-19 00:04:00+00:00,2025-12-18 22:52:00+00:00,2025-12-19 00:04:00+00:00,sell,False,pnl_block,pnl_block,,,False,0.6076040864,0.5002435445785522,0.48,0.44,gate_close,gate_close,-0.04080000000000041,-0.04352354061169071,9.600800000000001,0.5002435445785522,15.89559106500441,0.836785071754748,,120.01,119.5,-0.04352354061169071,72.0
SOL/USDT,xgb_primary,conservative,1m,2025-12-19 00:06:00+00:00,2025-12-18 22:52:00+00:00,2025-12-19 00:06:00+00:00,sell,False,pnl_block,pnl_block,,,False,0.6076040864,0.41829004883766174,0.48,0.44,prob_floor,"prob_floor,trailing_prob_drop",-0.04800000000000068,-0.05072414609889989,9.600800000000001,0.41829004883766174,0.8375910880312518,0.8374157350420899,,120.01,119.41,-0.05072414609889989,74.0
SOL/USDT,xgb_primary,conservative,1m,2025-12-19 00:07:00+00:00,2025-12-18 22:52:00+00:00,2025-12-19 00:07:00+00:00,sell,False,pnl_block,pnl_block,,,False,0.6076040864,0.41829004883766174,0.48,0.44,prob_floor,"prob_floor,trailing_prob_drop",-0.028000000000000684,-0.030722466438809434,9.600800000000001,0.41829004883766174,5.018820577164557,0.8356662349062062,,120.01,119.66,-0.030722466438809434,75.0
SOL/USDT,xgb_primary,conservative,1m,2025-12-19 00:08:00+00:00,2025-12-18 22:52:00+00:00,2025-12-19 00:08:00+00:00,sell,False,pnl_block,pnl_block,,,False,0.6076040864,0.5002435445785522,0.48,0.44,gate_close,gate_close,-0.0232000000000005,-0.02672390175227614,9.600800000000001,0.5002435445785522,16.71821449469102,1.6704251231935208,,120.01,119.72,-0.02672390175227614,76.0
ETH/USDT,xgb_primary,primary,1m,2025-12-19 00:09:00+00:00,2025-12-19 00:04:00+00:00,2025-12-19 00:09:00+00:00,sell,True,min_hold,min_hold,,,False,0.6076040864,0.565682053565979,0.48,0.43,take_profit,take_profit,0.02163000000000102,0.017599392496522107,19.80342,0.565682053565979,,0.03530880195386034,,2829.06,2832.15,0.017599392496522107,5.0
SOL/USDT,xgb_primary,conservative,1m,2025-12-19 00:10:00+00:00,2025-12-18 22:52:00+00:00,2025-12-19 00:10:00+00:00,sell,False,pnl_block,pnl_block,,,False,0.6076040864,0.565682053565979,0.48,0.44,gate_close,gate_close,-0.015200000000000956,-0.017921395134572617,9.600800000000001,0.565682053565979,9.184269850546833,0.8345503859799805,,120.01,119.82,-0.017921395134572617,78.0
ETH/USDT,xgb_primary,primary,1m,2025-12-19 00:10:00+00:00,2025-12-19 00:04:00+00:00,2025-12-19 00:10:00+00:00,sell,True,dry_run,dry_run,,,True,0.6076040864,0.6076040863990784,0.48,0.43,take_profit,take_profit,0.02044000000000051,0.01647931600000051,19.80342,0.6076040863990784,0.035310921490627714,0.035310921490627714,19.82386,2829.06,2831.98,0.01647931600000051,6.0
ETH/USDT,xgb_primary,primary,1m,2025-12-19 00:11:00+00:00,,2025-12-19 00:11:00+00:00,buy,True,cooldown_after_exit,cooldown_after_exit,cooldown_after_exit,,False,0.565682053565979,0.565682053565979,,0.48,cooldown_after_exit,,,,,0.565682053565979,,,20.0,,2833.21,0.0,
ETH/USDT,xgb_primary,primary,1m,2025-12-19 00:12:00+00:00,,2025-12-19 00:12:00+00:00,buy,True,dry_run,dry_run,,exchange_qty_step,True,0.6076040863990784,0.6076040863990784,,0.48,dry_run,,,,,0.6076040863990784,0.03531541076314229,,19.82141,,2831.63,0.0,
SOL/USDT,xgb_primary,conservative,1m,2025-12-19 00:17:00+00:00,2025-12-18 22:52:00+00:00,2025-12-19 00:17:00+00:00,sell,False,pnl_block,pnl_block,,,False,0.6076040864,0.41829004883766174,0.48,0.44,prob_floor,"prob_floor,trailing_prob_drop",-0.029600000000000366,-0.0323226005533043,9.600800000000001,0.41829004883766174,19.197062014857188,0.8358059258644418,,120.01,119.64,-0.0323226005533043,85.0
ETH/USDT,xgb_primary,primary,1m,2025-12-19 00:18:00+00:00,2025-12-19 00:12:00+00:00,2025-12-19 00:18:00+00:00,sell,False,dry_run,dry_run,,,True,0.6076040864,0.4742901027202606,0.48,0.43,prob_trailing,trailing_prob_drop,0.006929999999998472,0.0029657179999984717,19.82141,0.4742901027202606,0.03530294338367514,0.03530294338367514,19.82834,2831.63,2832.62,0.0029657179999984717,6.0
SOL/USDT,xgb_primary,conservative,1m,2025-12-19 00:18:00+00:00,2025-12-18 22:52:00+00:00,2025-12-19 00:18:00+00:00,sell,False,pnl_block,pnl_block,,,False,0.6076040864,0.4742901027202606,0.48,0.44,trailing_prob_drop,trailing_prob_drop,-0.03360000000000014,-0.03632293603578686,9.600800000000001,0.4742901027202606,13.37233597994121,0.8361553576646937,,120.01,119.59,-0.03632293603578686,86.0
ETH/USDT,xgb_primary,primary,1m,2025-12-19 00:20:00+00:00,,2025-12-19 00:20:00+00:00,buy,True,dry_run,dry_run,,exchange_qty_step,True,0.565682053565979,0.565682053565979,,0.48,dry_run,,,,,0.565682053565979,0.035325391007086385,,19.81581,,2830.83,0.0,
SOL/USDT,xgb_primary,conservative,1m,2025-12-19 00:21:00+00:00,2025-12-18 22:52:00+00:00,2025-12-19 00:21:00+00:00,sell,False,pnl_block,pnl_block,,,False,0.6076040864,0.6076040863990784,0.48,0.44,gate_close,gate_close,-0.031200000000000047,-0.033922734712642996,9.600800000000001,0.6076040863990784,10.0200400801607,0.8359456635311101,,120.01,119.62,-0.033922734712642996,89.0
SOL/USDT,xgb_primary,conservative,1m,2025-12-19 00:22:00+00:00,2025-12-18 22:52:00+00:00,2025-12-19 00:22:00+00:00,sell,True,dry_run,dry_run,,,True,0.6076040864,0.6076040863990784,0.48,0.44,time_limit,time_exit,-0.05280000000000087,-0.054720160000000864,9.600800000000001,0.6076040863990784,0.8378367056265021,0.8378367056265021,9.548,120.01,119.35,-0.054720160000000864,90.0
BTC/USDT,xgb_primary,conservative,1m,2025-12-19 00:22:00+00:00,2025-12-18 22:55:00+00:00,2025-12-19 00:22:00+00:00,sell,False,pnl_block,pnl_block,,,False,0.5656820536,0.565682053565979,0.56,0.45,gate_close,gate_close,-0.02736200000000099,-0.02907688420315817,8.569405000000001,0.565682053565979,5.073220797024816,0.0011706800614294725,,85694.05,85420.43,-0.02907688420315817,87.0
BTC/USDT,xgb_primary,conservative,1m,2025-12-19 00:23:00+00:00,2025-12-18 22:55:00+00:00,2025-12-19 00:23:00+00:00,sell,False,pnl_block,pnl_block,,,False,0.5656820536,0.41829004883766174,0.56,0.45,prob_floor,"prob_floor,trailing_prob_drop",-0.02506100000000006,-0.02677588393299223,8.569405000000001,0.41829004883766174,11.113265162295233,0.0011703647944861435,,85694.05,85443.44,-0.02677588393299223,88.0
ETH/USDT,xgb_primary,primary,1m,2025-12-19 00:25:00+00:00,2025-12-19 00:20:00+00:00,2025-12-19 00:25:00+00:00,sell,False,min_hold,min_hold,,,False,0.5656820536,0.41829004883766174,0.48,0.43,prob_floor,"prob_floor,trailing_prob_drop",-0.034509999999998854,-0.03854328399631342,19.81581,0.41829004883766174,,0.035386893755322744,,2830.83,2825.9,-0.03854328399631342,5.0
BTC/USDT,xgb_primary,conservative,1m,2025-12-19 00:25:00+00:00,2025-12-18 22:55:00+00:00,2025-12-19 00:25:00+00:00,sell,False,dry_run,dry_run,,,True,0.5656820536,0.41829004883766174,0.56,0.45,time_limit,"time_exit,prob_floor,trailing_prob_drop",-0.025658000000000177,-0.027371881000000178,8.569405000000001,0.41829004883766174,0.0011704465744992241,0.0011704465744992241,8.543747,85694.05,85437.47,-0.027371881000000178,90.0
ETH/USDT,xgb_primary,primary,1m,2025-12-19 00:26:00+00:00,2025-12-19 00:20:00+00:00,2025-12-19 00:26:00+00:00,sell,False,pnl_block,pnl_block,,,False,0.5656820536,0.41829004883766174,0.48,0.43,prob_floor,"prob_floor,trailing_prob_drop",-0.02820999999999822,-0.03224326167082635,19.81581,0.41829004883766174,,0.03537562725325422,,2830.83,2826.8,-0.03224326167082635,6.0
ETH/USDT,xgb_primary,primary,1m,2025-12-19 00:28:00+00:00,2025-12-19 00:20:00+00:00,2025-12-19 00:28:00+00:00,sell,False,pnl_block,pnl_block,,,False,0.5656820536,0.41829004883766174,0.48,0.43,prob_floor,"prob_floor,trailing_prob_drop",-0.036889999999999874,-0.040923292434091575,19.81581,0.41829004883766174,,0.035391151858896464,,2830.83,2825.56,-0.040923292434091575,8.0
ETH/USDT,xgb_primary,primary,1m,2025-12-19 00:30:00+00:00,2025-12-19 00:20:00+00:00,2025-12-19 00:30:00+00:00,sell,False,pnl_block,pnl_block,,,False,0.5656820536,0.41829004883766174,0.48,0.43,prob_floor,"prob_floor,trailing_prob_drop",-0.045009999999998856,-0.04904332123707545,19.81581,0.41829004883766174,,0.0354056872147002,,2830.83,2824.4,-0.04904332123707545,10.0
ETH/USDT,xgb_primary,primary,1m,2025-12-19 00:31:00+00:00,2025-12-19 00:20:00+00:00,2025-12-19 00:31:00+00:00,sell,False,pnl_block,pnl_block,,,False,0.5656820536,0.41829004883766174,0.48,0.43,prob_floor,"prob_floor,trailing_prob_drop",-0.06831999999999834,-0.07235340405311473,19.81581,0.41829004883766174,0.035405749892945516,0.035447480126418233,,2830.83,2821.07,-0.07235340405311473,11.0
ETH/USDT,xgb_primary,primary,1m,2025-12-19 00:32:00+00:00,2025-12-19 00:20:00+00:00,2025-12-19 00:32:00+00:00,sell,False,pnl_block,pnl_block,,,False,0.5656820536,0.3731343150138855,0.48,0.43,prob_floor,"prob_floor,trailing_prob_drop",-0.08042999999999847,-0.08446344715488208,19.81581,0.3731343150138855,,0.035469231327714526,,2830.83,2819.34,-0.08446344715488208,12.0
ETH/USDT,xgb_primary,primary,1m,2025-12-19 00:34:00+00:00,2025-12-19 00:20:00+00:00,2025-12-19 00:34:00+00:00,sell,False,pnl_block,pnl_block,,,False,0.5656820536,0.3245033025741577,0.48,0.43,prob_floor,"prob_floor,trailing_prob_drop",-0.06783000000000039,-0.07186340231023057,19.81581,0.3245033025741577,,0.03544660058316137,,2830.83,2821.14,-0.07186340231023057,14.0
ETH/USDT,xgb_primary,primary,1m,2025-12-19 00:35:00+00:00,2025-12-19 00:20:00+00:00,2025-12-19 00:35:00+00:00,sell,False,pnl_block,pnl_block,,,False,0.5656820536,0.3245033025741577,0.48,0.43,prob_floor,"prob_floor,trailing_prob_drop",-0.07161000000000013,-0.0756434157576175,19.81581,0.3245033025741577,0.03544666340634736,0.03545338677417887,,2830.83,2820.6,-0.0756434157576175,15.0
ETH/USDT,xgb_primary,primary,1m,2025-12-19 00:36:00+00:00,2025-12-19 00:20:00+00:00,2025-12-19 00:36:00+00:00,sell,False,pnl_block,pnl_block,,,False,0.5656820536,0.3245033025741577,0.48,0.43,prob_floor,"prob_floor,trailing_prob_drop",-0.08511999999999899,-0.08915346386168765,19.81581,0.3245033025741577,,0.035477662375987054,,2830.83,2818.67,-0.08915346386168765,16.0
ETH/USDT,xgb_primary,primary,1m,2025-12-19 00:37:00+00:00,2025-12-19 00:20:00+00:00,2025-12-19 00:37:00+00:00,sell,False,pnl_block,pnl_block,,,False,0.5656820536,0.3245033025741577,0.48,0.43,prob_floor,"prob_floor,trailing_prob_drop",-0.07734999999999809,-0.08138343618756747,19.81581,0.3245033025741577,,0.03546369669944174,,2830.83,2819.78,-0.08138343618756747,17.0
ETH/USDT,xgb_primary,primary,1m,2025-12-19 00:38:00+00:00,2025-12-19 00:20:00+00:00,2025-12-19 00:38:00+00:00,sell,False,pnl_block,pnl_block,,,False,0.5656820536,0.41829004883766174,0.48,0.43,prob_floor,"prob_floor,trailing_prob_drop",-0.06250999999999886,-0.06654338339299236,19.81581,0.41829004883766174,0.03546375958324242,0.03543705404598501,,2830.83,2821.9,-0.06654338339299236,18.0
ETH/USDT,xgb_primary,primary,1m,2025-12-19 00:39:00+00:00,2025-12-19 00:20:00+00:00,2025-12-19 00:39:00+00:00,sell,False,pnl_block,pnl_block,,,False,0.5656820536,0.41829004883766174,0.48,0.43,prob_floor,"prob_floor,trailing_prob_drop",-0.06600999999999886,-0.07004339583739382,19.81581,0.41829004883766174,,0.03544333408271245,,2830.83,2821.4,-0.07004339583739382,19.0
ETH/USDT,xgb_primary,primary,1m,2025-12-19 00:40:00+00:00,2025-12-19 00:20:00+00:00,2025-12-19 00:40:00+00:00,sell,False,pnl_block,pnl_block,,,False,0.5656820536,0.41829004883766174,0.48,0.43,prob_floor,"prob_floor,trailing_prob_drop",-0.09638999999999988,-0.10042350404038741,19.81581,0.41829004883766174,,0.035497938457998944,,2830.83,2817.06,-0.10042350404038741,20.0
ETH/USDT,xgb_primary,primary,1m,2025-12-19 00:41:00+00:00,2025-12-19 00:20:00+00:00,2025-12-19 00:41:00+00:00,sell,False,pnl_block,pnl_block,,,False,0.5656820536,0.41829004883766174,0.48,0.43,prob_floor,"prob_floor,trailing_prob_drop",-0.08980999999999949,-0.09384348057644074,19.81581,0.41829004883766174,4.506214673228407,0.03548609743495231,,2830.83,2818.0,-0.09384348057644074,21.0
ETH/USDT,xgb_primary,primary,1m,2025-12-19 00:42:00+00:00,2025-12-19 00:20:00+00:00,2025-12-19 00:42:00+00:00,sell,False,pnl_block,pnl_block,,,False,0.5656820536,0.3396226465702057,0.48,0.43,prob_floor,"prob_floor,trailing_prob_drop",-0.10709999999999809,-0.11113354226520357,19.81581,0.3396226465702057,5.998523440384099,0.03551722851878429,,2830.83,2815.53,-0.11113354226520357,22.0
ETH/USDT,xgb_primary,primary,1m,2025-12-19 00:44:00+00:00,2025-12-19 00:20:00+00:00,2025-12-19 00:44:00+00:00,sell,False,pnl_block,pnl_block,,,False,0.5656820536,0.3245033025741577,0.48,0.43,prob_floor,"prob_floor,trailing_prob_drop",-0.10450999999999885,-0.10854353301748534,19.81581,0.3245033025741577,,0.03551256168004081,,2830.83,2815.9,-0.10854353301748534,24.0
ETH/USDT,xgb_primary,primary,1m,2025-12-19 00:45:00+00:00,2025-12-19 00:20:00+00:00,2025-12-19 00:45:00+00:00,sell,False,pnl_block,pnl_block,,,False,0.5656820536,0.39150944352149963,0.48,0.43,prob_floor,"prob_floor,trailing_prob_drop",-0.091,-0.09503348481876132,19.81581,0.39150944352149963,0.03551262473725463,0.035488238311392535,,2830.83,2817.83,-0.09503348481876132,25.0
ETH/USDT,xgb_primary,primary,1m,2025-12-19 00:50:00+00:00,2025-12-19 00:20:00+00:00,2025-12-19 00:50:00+00:00,sell,False,pnl_block,pnl_block,,,False,0.5656820536,0.41829004883766174,0.48,0.43,prob_floor,"prob_floor,trailing_prob_drop",-0.07006999999999834,-0.07410341027842586,19.81581,0.41829004883766174,,0.035450621714440037,,2830.83,2820.82,-0.07410341027842586,30.0
BTC/USDT,xgb_primary,conservative,1m,2025-12-19 00:53:00+00:00,,2025-12-19 00:53:00+00:00,buy,True,dry_run,dry_run,,exchange_qty_step,True,0.565682053565979,0.565682053565979,,0.56,dry_run,,,,,0.565682053565979,0.0011695867440396613,,8.550029,,85500.29,0.0,
SOL/USDT,xgb_primary,conservative,1m,2025-12-19 00:57:00+00:00,,2025-12-19 00:57:00+00:00,buy,True,dry_run,dry_run,,exchange_qty_step,True,0.565682053565979,0.565682053565979,,0.48,dry_run,,,,,0.565682053565979,0.8447016091569977,,9.4712,,118.39,0.0,
BTC/USDT,xgb_primary,conservative,1m,2025-12-19 00:57:00+00:00,2025-12-19 00:53:00+00:00,2025-12-19 00:57:00+00:00,sell,True,min_hold,min_hold,,,False,0.5656820536,0.6076040863990784,0.56,0.45,take_profit,take_profit,0.009498000000001049,0.007786995309700676,8.550029,0.6076040863990784,2.9354309199730886,0.001168288786356643,,85500.29,85595.27,0.007786995309700676,4.0
BTC/USDT,xgb_primary,conservative,1m,2025-12-19 00:58:00+00:00,2025-12-19 00:53:00+00:00,2025-12-19 00:58:00+00:00,sell,True,dry_run,dry_run,,,True,0.5656820536,0.6076040863990784,0.56,0.45,take_profit,take_profit,0.009970000000001165,0.008259994200001165,8.550029,0.6076040863990784,1.5084244512452905,0.0011682243666908288,8.559999000000001,85500.29,85599.99,0.008259994200001165,5.0
BTC/USDT,xgb_primary,conservative,1m,2025-12-19 00:59:00+00:00,,2025-12-19 00:59:00+00:00,buy,True,cooldown_after_exit,cooldown_after_exit,cooldown_after_exit,,False,0.6076040863990784,0.6076040863990784,,0.56,cooldown_after_exit,,,,,0.6076040863990784,,,15.0,,85587.15,0.0,
BTC/USDT,xgb_primary,conservative,1m,2025-12-19 01:00:00+00:00,,2025-12-19 01:00:00+00:00,buy,True,dry_run,dry_run,,exchange_qty_step,True,0.6076040863990784,0.6076040863990784,,0.56,dry_run,,,,,0.6076040863990784,0.001169747089486556,,8.548857000000002,,85488.57,0.0,
SOL/USDT,xgb_primary,conservative,1m,2025-12-19 01:01:00+00:00,2025-12-19 00:57:00+00:00,2025-12-19 01:01:00+00:00,sell,False,min_hold,min_hold,,,False,0.5656820536,0.41829004883766174,0.48,0.44,prob_floor,"prob_floor,trailing_prob_drop",-0.02240000000000009,-0.02509610259154264,9.4712,0.41829004883766174,13.538669825689336,0.8466325191554939,,118.39,118.11,-0.02509610259154264,4.0
BTC/USDT,xgb_primary,conservative,1m,2025-12-19 01:01:00+00:00,2025-12-19 01:00:00+00:00,2025-12-19 01:01:00+00:00,sell,False,min_hold,min_hold,,,False,0.6076040864,0.565682053565979,0.56,0.45,gate_close,gate_close,-0.008856000000001222,-0.010566772436945766,8.548857000000002,0.565682053565979,11.531366122978449,0.0011709599827720435,,85488.57,85400.01,-0.010566772436945766,1.0
BTC/USDT,xgb_primary,conservative,1m,2025-12-19 01:02:00+00:00,2025-12-19 01:00:00+00:00,2025-12-19 01:02:00+00:00,sell,False,min_hold,min_hold,,,False,0.6076040864,0.5002435445785522,0.56,0.45,trailing_prob_drop,trailing_prob_drop,-0.009753000000001339,-0.011463772542100955,8.548857000000002,0.5002435445785522,7.975842784233452,0.0011710829876028835,,85488.57,85391.04,-0.011463772542100955,2.0
SOL/USDT,xgb_primary,conservative,1m,2025-12-19 01:02:00+00:00,2025-12-19 00:57:00+00:00,2025-12-19 01:02:00+00:00,sell,False,pnl_block,pnl_block,,,False,0.5656820536,0.41829004883766174,0.48,0.44,prob_floor,"prob_floor,trailing_prob_drop",-0.030399999999999636,-0.033096782049738344,9.4712,0.41829004883766174,9.313351960037206,0.8473499131458632,,118.39,118.01,-0.033096782049738344,5.0
BTC/USDT,xgb_primary,conservative,1m,2025-12-19 01:05:00+00:00,2025-12-19 01:00:00+00:00,2025-12-19 01:05:00+00:00,sell,False,pnl_block,pnl_block,,,False,0.6076040864,0.5002435445785522,0.56,0.45,trailing_prob_drop,trailing_prob_drop,-0.009315000000000873,-0.011025772490749649,8.548857000000002,0.5002435445785522,,0.0011710229201109207,,85488.57,85395.42,-0.011025772490749649,5.0
SOL/USDT,xgb_primary,conservative,1m,2025-12-19 01:05:00+00:00,2025-12-19 00:57:00+00:00,2025-12-19 01:05:00+00:00,sell,False,pnl_block,pnl_block,,,False,0.5656820536,0.41829004883766174,0.48,0.44,prob_floor,"prob_floor,trailing_prob_drop",-0.0367999999999995,-0.03949732644592237,9.4712,0.41829004883766174,0.8478168715561777,0.8479247042854882,,118.39,117.93,-0.03949732644592237,8.0
SOL/USDT,xgb_primary,conservative,1m,2025-12-19 01:06:00+00:00,2025-12-19 00:57:00+00:00,2025-12-19 01:06:00+00:00,sell,False,pnl_block,pnl_block,,,False,0.5656820536,0.3245033025741577,0.48,0.44,prob_floor,"prob_floor,trailing_prob_drop",-0.026399999999999865,-0.02909644217676617,9.4712,0.3245033025741577,,0.8469910642435019,,118.39,118.06,-0.02909644217676617,9.0
BTC/USDT,xgb_primary,conservative,1m,2025-12-19 01:06:00+00:00,2025-12-19 01:00:00+00:00,2025-12-19 01:06:00+00:00,sell,False,pnl_block,pnl_block,,,False,0.6076040864,0.41829004883766174,0.56,0.45,prob_floor,"prob_floor,trailing_prob_drop",-0.009207000000000699,-0.010917772478088792,8.548857000000002,0.41829004883766174,1.4206525163574262,0.001171008110315675,,85488.57,85396.5,-0.010917772478088792,6.0
SOL/USDT,xgb_primary,conservative,1m,2025-12-19 01:07:00+00:00,2025-12-19 00:57:00+00:00,2025-12-19 01:07:00+00:00,sell,False,pnl_block,pnl_block,,,False,0.5656820536,0.3245033025741577,0.48,0.44,prob_floor,"prob_floor,trailing_prob_drop",-0.004800000000000182,-0.007494611825749524,9.4712,0.3245033025741577,10.164323225478956,0.8450585203029632,,118.39,118.33,-0.007494611825749524,10.0
BTC/USDT,xgb_primary,conservative,1m,2025-12-19 01:07:00+00:00,2025-12-19 01:00:00+00:00,2025-12-19 01:07:00+00:00,sell,False,pnl_block,pnl_block,,,False,0.6076040864,0.41829004883766174,0.56,0.45,prob_floor,"prob_floor,trailing_prob_drop",0.0008549999999988359,-0.0008557712999402514,8.548857000000002,0.41829004883766174,1.037808074381155,0.0011696299740269894,,85488.57,85497.12,-0.0008557712999402514,7.0
SOL/USDT,xgb_primary,conservative,1m,2025-12-19 01:08:00+00:00,2025-12-19 00:57:00+00:00,2025-12-19 01:08:00+00:00,sell,False,pnl_block,pnl_block,,,False,0.5656820536,0.41829004883766174,0.48,0.44,prob_floor,"prob_floor,trailing_prob_drop",-0.024800000000000183,-0.027496306308168437,9.4712,0.41829004883766174,10.152284263959775,0.8468476097730546,,118.39,118.08,-0.027496306308168437,11.0
BTC/USDT,xgb_primary,conservative,1m,2025-12-19 01:08:00+00:00,2025-12-19 01:00:00+00:00,2025-12-19 01:08:00+00:00,sell,False,pnl_block,pnl_block,,,False,0.6076040864,0.41829004883766174,0.56,0.45,prob_floor,"prob_floor,trailing_prob_drop",-0.010711000000000059,-0.012421772654428702,8.548857000000002,0.41829004883766174,0.8067595443224699,0.0011712143841478137,,85488.57,85381.46,-0.012421772654428702,8.0
SOL/USDT,xgb_primary,conservative,1m,2025-12-19 01:09:00+00:00,2025-12-19 00:57:00+00:00,2025-12-19 01:09:00+00:00,sell,False,pnl_block,pnl_block,,,False,0.5656820536,0.4007633626461029,0.48,0.44,prob_floor,"prob_floor,trailing_prob_drop",-0.0015999999999996818,-0.004294341372755026,9.4712,0.4007633626461029,21.17208672086721,0.8447729672642792,,118.39,118.37,-0.004294341372755026,12.0
BTC/USDT,xgb_primary,conservative,1m,2025-12-19 01:09:00+00:00,2025-12-19 01:00:00+00:00,2025-12-19 01:09:00+00:00,sell,False,pnl_block,pnl_block,,,False,0.6076040864,0.41829004883766174,0.56,0.45,prob_floor,"prob_floor,trailing_prob_drop",-0.002019000000000233,-0.003729771636168908,8.548857000000002,0.41829004883766174,13.547437581882326,0.0011700232775851923,,85488.57,85468.38,-0.003729771636168908,9.0
BTC/USDT,xgb_primary,conservative,1m,2025-12-19 01:10:00+00:00,2025-12-19 01:00:00+00:00,2025-12-19 01:10:00+00:00,sell,False,pnl_block,pnl_block,,,False,0.6076040864,0.41829004883766174,0.56,0.45,prob_floor,"prob_floor,trailing_prob_drop",-0.0011210000000006404,-0.002831771531087452,8.548857000000002,0.41829004883766174,9.171559413168819,0.0011699003583885994,,85488.57,85477.36,-0.002831771531087452,10.0
SOL/USDT,xgb_primary,conservative,1m,2025-12-19 01:10:00+00:00,2025-12-19 00:57:00+00:00,2025-12-19 01:10:00+00:00,sell,False,dry_run,dry_run,,,True,0.5656820536,0.5002435445785522,0.48,0.44,gate_close,gate_close,0.003999999999999773,0.0021057599999997727,9.4712,0.5002435445785522,13.513513513514425,0.8442737135383609,9.4752,118.39,118.44,0.0021057599999997727,13.0
SOL/USDT,xgb_primary,conservative,1m,2025-12-19 01:11:00+00:00,,2025-12-19 01:11:00+00:00,buy,True,cooldown_after_exit,cooldown_after_exit,cooldown_after_exit,,False,0.565682053565979,0.565682053565979,,0.48,cooldown_after_exit,,,,,0.565682053565979,,,10.0,,118.39,0.0,
BTC/USDT,xgb_primary,conservative,1m,2025-12-19 01:11:00+00:00,2025-12-19 01:00:00+00:00,2025-12-19 01:11:00+00:00,sell,False,pnl_block,pnl_block,,,False,0.6076040864,0.4742901027202606,0.56,0.45,trailing_prob_drop,trailing_prob_drop,-0.0020580000000001747,-0.003768771640733039,8.548857000000002,0.4742901027202606,1.051740361219664,0.0011700286165319909,,85488.57,85467.99,-0.003768771640733039,11.0
SOL/USDT,xgb_primary,conservative,1m,2025-12-19 01:12:00+00:00,,2025-12-19 01:12:00+00:00,buy,True,dry_run,dry_run,,exchange_qty_step,True,0.565682053565979,0.565682053565979,,0.48,dry_run,,,,,0.565682053565979,0.8454872120063509,,9.4624,,118.28,0.0,
BTC/USDT,xgb_primary,conservative,1m,2025-12-19 01:12:00+00:00,2025-12-19 01:00:00+00:00,2025-12-19 01:12:00+00:00,sell,False,pnl_block,pnl_block,,,False,0.6076040864,0.41829004883766174,0.56,0.45,prob_floor,"prob_floor,trailing_prob_drop",-0.017438000000000467,-0.030950710259155037,8.548857000000002,0.41829004883766174,2.16918216918142,13.806452557522679,,85488.57,85314.19,-0.030950710259155037,12.0
SOL/USDT,xgb_primary,conservative,1m,2025-12-19 01:13:00+00:00,2025-12-19 01:12:00+00:00,2025-12-19 01:13:00+00:00,sell,False,min_hold,min_hold,,,False,0.5656820536,0.41829004883766174,0.48,0.44,prob_floor,"prob_floor,trailing_prob_drop",0.0008000000000004093,-0.001892378558686889,9.4624,0.41829004883766174,6.764183647585888,0.8453442664517439,,118.28,118.29,-0.001892378558686889,1.0
BTC/USDT,xgb_primary,conservative,1m,2025-12-19 01:13:00+00:00,2025-12-19 01:00:00+00:00,2025-12-19 01:13:00+00:00,sell,False,pnl_block,pnl_block,,,False,0.6076040864,0.41829004883766174,0.56,0.45,prob_floor,"prob_floor,trailing_prob_drop",-0.004658000000000175,-0.006368771945106305,8.548857000000002,0.41829004883766174,4.448086152405478,0.0011703846562526204,,85488.57,85441.99,-0.006368771945106305,13.0
SOL/USDT,xgb_primary,conservative,1m,2025-12-19 01:14:00+00:00,2025-12-19 01:12:00+00:00,2025-12-19 01:14:00+00:00,sell,False,min_hold,min_hold,,,False,0.5656820536,0.41829004883766174,0.48,0.44,prob_floor,"prob_floor,trailing_prob_drop",0.005599999999999454,0.0029080269494308393,9.4624,0.41829004883766174,10.99458728010787,0.8449157196573965,,118.28,118.35,0.0029080269494308393,2.0
BTC/USDT,xgb_primary,conservative,1m,2025-12-19 01:14:00+00:00,2025-12-19 01:00:00+00:00,2025-12-19 01:14:00+00:00,sell,False,pnl_block,pnl_block,,,False,0.6076040864,0.4007633626461029,0.56,0.45,prob_floor,"prob_floor,trailing_prob_drop",-0.003095000000001164,-0.0048057717621113865,8.548857000000002,0.4007633626461029,14.957516790047015,0.0011701705973356064,,85488.57,85457.62,-0.0048057717621113865,14.0
SOL/USDT,xgb_primary,conservative,1m,2025-12-19 01:15:00+00:00,2025-12-19 01:12:00+00:00,2025-12-19 01:15:00+00:00,sell,True,min_hold,min_hold,,,False,0.5656820536,0.5002435445785522,0.48,0.44,take_profit,take_profit,0.015199999999999818,0.012508836733487487,9.4624,0.5002435445785522,4.225114078079868,0.8440599282553379,,118.28,118.47,0.012508836733487487,3.0
BTC/USDT,xgb_primary,conservative,1m,2025-12-19 01:15:00+00:00,2025-12-19 01:00:00+00:00,2025-12-19 01:15:00+00:00,sell,False,pnl_block,pnl_block,,,False,0.6076040864,0.41829004883766174,0.56,0.45,prob_floor,"prob_floor,trailing_prob_drop",0.00034799999999959256,-0.001362771359235862,8.548857000000002,0.41829004883766174,4.495795693818557,0.0011696993357758578,,85488.57,85492.05,-0.001362771359235862,15.0
SOL/USDT,xgb_primary,conservative,1m,2025-12-19 01:16:00+00:00,2025-12-19 01:12:00+00:00,2025-12-19 01:16:00+00:00,sell,True,min_hold,min_hold,,,False,0.5656820536,0.6076040863990784,0.48,0.44,take_profit,take_profit,0.012799999999999728,0.010108634441301188,9.4624,0.6076040863990784,4.222616333079737,0.8442737135383609,,118.28,118.44,0.010108634441301188,4.0
BTC/USDT,xgb_primary,conservative,1m,2025-12-19 01:16:00+00:00,2025-12-19 01:00:00+00:00,2025-12-19 01:16:00+00:00,sell,False,pnl_block,pnl_block,,,False,0.6076040864,0.5002435445785522,0.56,0.45,trailing_prob_drop,trailing_prob_drop,0.0009649999999994179,-0.0007457712870737375,8.548857000000002,0.5002435445785522,5.543205479339823,0.0011696149241415608,,85488.57,85498.22,-0.0007457712870737375,16.0
SOL/USDT,xgb_primary,conservative,1m,2025-12-19 01:17:00+00:00,2025-12-19 01:12:00+00:00,2025-12-19 01:17:00+00:00,sell,True,dry_run,dry_run,,,True,0.5656820536,0.6076040863990784,0.48,0.44,take_profit,take_profit,0.01759999999999991,0.015707519999999912,9.4624,0.6076040863990784,5.909666525960944,0.8438462512134607,9.48,118.28,118.5,0.015707519999999912,5.0
SOL/USDT,xgb_primary,conservative,1m,2025-12-19 01:18:00+00:00,,2025-12-19 01:18:00+00:00,buy,True,cooldown_after_exit,cooldown_after_exit,cooldown_after_exit,,False,0.6076040863990784,0.6076040863990784,,0.48,cooldown_after_exit,,,,,0.6076040863990784,,,10.0,,118.3,0.0,
BTC/USDT,xgb_primary,conservative,1m,2025-12-19 01:19:00+00:00,2025-12-19 01:00:00+00:00,2025-12-19 01:19:00+00:00,sell,False,pnl_block,pnl_block,,,False,0.6076040864,0.5002435445785522,0.56,0.45,trailing_prob_drop,trailing_prob_drop,-0.012058000000000174,-0.013768772812414221,8.548857000000002,0.5002435445785522,14.17194196705089,0.0011713991871030018,,85488.57,85367.99,-0.013768772812414221,19.0
SOL/USDT,xgb_primary,conservative,1m,2025-12-19 01:20:00+00:00,,2025-12-19 01:20:00+00:00,buy,True,dry_run,dry_run,,exchange_qty_step,True,0.6076040863990784,0.6076040863990784,,0.48,dry_run,,,,,0.6076040863990784,0.8477809334060366,,9.4368,,117.96,0.0,
BTC/USDT,xgb_primary,conservative,1m,2025-12-19 01:20:00+00:00,2025-12-19 01:00:00+00:00,2025-12-19 01:20:00+00:00,sell,False,pnl_block,pnl_block,,,False,0.6076040864,0.4742901027202606,0.56,0.45,trailing_prob_drop,trailing_prob_drop,-0.01473700000000099,-0.01644777312677623,8.548857000000002,0.4742901027202606,3.884359478962081,0.001171766910171145,,85488.57,85341.2,-0.01644777312677623,20.0
SOL/USDT,xgb_primary,conservative,1m,2025-12-19 01:21:00+00:00,2025-12-19 01:20:00+00:00,2025-12-19 01:21:00+00:00,sell,False,min_hold,min_hold,,,False,0.6076040864,0.5002435445785522,0.48,0.44,gate_close,gate_close,-0.0031999999999993635,-0.0058875974390500165,9.4368,0.5002435445785522,21.19362495761275,0.8479966080140017,,117.96,117.92,-0.0058875974390500165,1.0
BTC/USDT,xgb_primary,conservative,1m,2025-12-19 01:21:00+00:00,2025-12-19 01:00:00+00:00,2025-12-19 01:21:00+00:00,sell,False,pnl_block,pnl_block,,,False,0.6076040864,0.4742901027202606,0.56,0.45,trailing_prob_drop,trailing_prob_drop,-0.016857000000000698,-0.01856777337567985,8.548857000000002,0.4742901027202606,7.793421255685824,0.0011720580647834361,,85488.57,85320.0,-0.01856777337567985,21.0
SOL/USDT,xgb_primary,conservative,1m,2025-12-19 01:22:00+00:00,2025-12-19 01:20:00+00:00,2025-12-19 01:22:00+00:00,sell,False,min_hold,min_hold,,,False,0.6076040864,0.4742901027202606,0.48,0.44,take_profit,"take_profit,trailing_prob_drop",0.014400000000000546,0.011713892697956039,9.4368,0.4742901027202606,1.695202576708784,0.8464175377718156,,117.96,118.14,0.011713892697956039,2.0
BTC/USDT,xgb_primary,conservative,1m,2025-12-19 01:22:00+00:00,2025-12-19 01:00:00+00:00,2025-12-19 01:22:00+00:00,sell,False,pnl_block,pnl_block,,,False,0.6076040864,0.4742901027202606,0.56,0.45,trailing_prob_drop,trailing_prob_drop,-0.008956000000001223,-0.010666772448667646,8.548857000000002,0.4742901027202606,3.302859434733724,0.0011709736944054009,,85488.57,85399.01,-0.010666772448667646,22.0
ETH/USDT,xgb_primary,primary,1m,2025-12-19 01:23:00+00:00,2025-12-19 00:20:00+00:00,2025-12-19 01:23:00+00:00,sell,False,pnl_block,pnl_block,,,False,0.5656820536,0.41829004883766174,0.48,0.43,prob_floor,"prob_floor,trailing_prob_drop",-0.029750000000000002,-0.03378326712685956,19.81581,0.41829004883766174,,0.035378380626155864,,2830.83,2826.58,-0.03378326712685956,63.0
SOL/USDT,xgb_primary,conservative,1m,2025-12-19 01:23:00+00:00,2025-12-19 01:20:00+00:00,2025-12-19 01:23:00+00:00,sell,False,min_hold,min_hold,,,False,0.6076040864,0.41829004883766174,0.48,0.44,take_profit,"take_profit,prob_floor,trailing_prob_drop",0.016800000000000637,0.014114095468584956,9.4368,0.41829004883766174,17.77552056881613,0.8462026655388293,,117.96,118.17,0.014114095468584956,3.0
BTC/USDT,xgb_primary,conservative,1m,2025-12-19 01:23:00+00:00,2025-12-19 01:00:00+00:00,2025-12-19 01:23:00+00:00,sell,False,pnl_block,pnl_block,,,False,0.6076040864,0.41829004883766174,0.56,0.45,prob_floor,"prob_floor,trailing_prob_drop",-0.008177000000000408,-0.009887772357359194,8.548857000000002,0.41829004883766174,9.251863692566145,0.0011708668875695925,,85488.57,85406.8,-0.009887772357359194,23.0
BTC/USDT,xgb_primary,conservative,1m,2025-12-19 01:24:00+00:00,2025-12-19 01:00:00+00:00,2025-12-19 01:24:00+00:00,sell,False,pnl_block,pnl_block,,,False,0.6076040864,0.5002435445785522,0.56,0.45,trailing_prob_drop,trailing_prob_drop,-0.011371000000000641,-0.013081772731832383,8.548857000000002,0.5002435445785522,3.2292503104555053,0.0011713049261935949,,85488.57,85374.86,-0.013081772731832383,24.0
BTC/USDT,xgb_primary,conservative,1m,2025-12-19 01:25:00+00:00,2025-12-19 01:00:00+00:00,2025-12-19 01:25:00+00:00,sell,False,pnl_block,pnl_block,,,False,0.6076040864,0.4742901027202606,0.56,0.45,trailing_prob_drop,trailing_prob_drop,-0.0128570000000007,-0.014567772906150508,8.548857000000002,0.4742901027202606,3.7411477171212475,0.0011715088342322977,,85488.57,85360.0,-0.014567772906150508,25.0
SOL/USDT,xgb_primary,conservative,1m,2025-12-19 01:25:00+00:00,2025-12-19 01:20:00+00:00,2025-12-19 01:25:00+00:00,sell,False,dry_run,dry_run,,,True,0.6076040864,0.41829004883766174,0.48,0.44,prob_floor,"prob_floor,trailing_prob_drop",0.008799999999999955,0.006912639999999955,9.4368,0.41829004883766174,0.8469193309341619,0.8469193309341619,9.445599999999999,117.96,118.07,0.006912639999999955,5.0
BTC/USDT,xgb_primary,conservative,1m,2025-12-19 01:26:00+00:00,2025-12-19 01:00:00+00:00,2025-12-19 01:26:00+00:00,sell,False,pnl_block,pnl_block,,,False,0.6076040864,0.41829004883766174,0.56,0.45,prob_floor,"prob_floor,trailing_prob_drop",-0.012018000000000757,-0.013728772807722611,8.548857000000002,0.41829004883766174,1.7420337394558745,0.0011713936984244944,,85488.57,85368.39,-0.013728772807722611,26.0
BTC/USDT,xgb_primary,conservative,1m,2025-12-19 01:27:00+00:00,2025-12-19 01:00:00+00:00,2025-12-19 01:27:00+00:00,sell,False,pnl_block,pnl_block,,,False,0.6076040864,0.4742901027202606,0.56,0.45,trailing_prob_drop,trailing_prob_drop,-0.013490000000000875,-0.015200772980424392,8.548857000000002,0.4742901027202606,0.9851915518129918,0.00117159571568082,,85488.57,85353.67,-0.015200772980424392,27.0
BTC/USDT,xgb_primary,conservative,1m,2025-12-19 01:28:00+00:00,2025-12-19 01:00:00+00:00,2025-12-19 01:28:00+00:00,sell,False,pnl_block,pnl_block,,,False,0.6076040864,0.4742901027202606,0.56,0.45,trailing_prob_drop,trailing_prob_drop,-0.02394800000000105,-0.025658774209122714,8.548857000000002,0.4742901027202606,3.3835686268680254,0.0011730329816771927,,85488.57,85249.09,-0.025658774209122714,28.0
BTC/USDT,xgb_primary,conservative,1m,2025-12-19 01:29:00+00:00,2025-12-19 01:00:00+00:00,2025-12-19 01:29:00+00:00,sell,False,pnl_block,pnl_block,,,False,0.6076040864,0.3245033025741577,0.56,0.45,prob_floor,"prob_floor,trailing_prob_drop",-0.030599000000000525,-0.03230977499210747,8.548857000000002,0.3245033025741577,12.267578191439814,0.0011739488763767045,,85488.57,85182.58,-0.03230977499210747,29.0
ETH/USDT,xgb_primary,primary,1m,2025-12-19 01:30:00+00:00,2025-12-19 00:20:00+00:00,2025-12-19 01:30:00+00:00,sell,False,pnl_block,pnl_block,,,False,0.5656820536,0.41829004883766174,0.48,0.43,prob_floor,"prob_floor,trailing_prob_drop",-0.09211999999999898,-0.09615348881199658,19.81581,0.41829004883766174,0.035405123122088475,0.03549025348829631,,2830.83,2817.67,-0.09615348881199658,70.0
BTC/USDT,xgb_primary,conservative,1m,2025-12-19 01:30:00+00:00,2025-12-19 01:00:00+00:00,2025-12-19 01:30:00+00:00,sell,False,pnl_block,pnl_block,,,False,0.6076040864,0.3245033025741577,0.56,0.45,prob_floor,"prob_floor,trailing_prob_drop",-0.02631200000000099,-0.028123082621096484,8.548857000000002,0.3245033025741577,7.942938567956441,0.11850849896716478,,85488.57,85225.45,-0.028123082621096484,30.0
BTC/USDT,xgb_primary,conservative,1m,2025-12-19 01:31:00+00:00,2025-12-19 01:00:00+00:00,2025-12-19 01:31:00+00:00,sell,False,pnl_block,pnl_block,,,False,0.6076040864,0.3245033025741577,0.56,0.45,prob_floor,"prob_floor,trailing_prob_drop",-0.027424000000000524,-0.029134774618179194,8.548857000000002,0.3245033025741577,6.571980552756807,0.001173511474889913,,85488.57,85214.33,-0.029134774618179194,31.0
ETH/USDT,xgb_primary,primary,1m,2025-12-19 01:32:00+00:00,2025-12-19 00:20:00+00:00,2025-12-19 01:32:00+00:00,sell,False,pnl_block,pnl_block,,,False,0.5656820536,0.3245033025741577,0.48,0.43,prob_floor,"prob_floor,trailing_prob_drop",-0.07041999999999962,-0.07445341152362499,19.81581,0.3245033025741577,,0.03545125010048047,,2830.83,2820.77,-0.07445341152362499,72.0
BTC/USDT,xgb_primary,conservative,1m,2025-12-19 01:32:00+00:00,2025-12-19 01:00:00+00:00,2025-12-19 01:32:00+00:00,sell,False,pnl_block,pnl_block,,,False,0.6076040864,0.3245033025741577,0.56,0.45,prob_floor,"prob_floor,trailing_prob_drop",-0.026109000000001107,-0.027819774463391744,8.548857000000002,0.3245033025741577,3.589100776504153,0.0011733304120511389,,85488.57,85227.48,-0.027819774463391744,32.0
BTC/USDT,xgb_primary,conservative,1m,2025-12-19 01:33:00+00:00,2025-12-19 01:00:00+00:00,2025-12-19 01:33:00+00:00,sell,False,pnl_block,pnl_block,,,False,0.6076040864,0.3245033025741577,0.56,0.45,prob_floor,"prob_floor,trailing_prob_drop",-0.030433000000000175,-0.03214377497254995,8.548857000000002,0.3245033025741577,2.88404631933289,0.0011739259994334999,,85488.57,85184.24,-0.03214377497254995,33.0
BTC/USDT,xgb_primary,conservative,1m,2025-12-19 01:34:00+00:00,2025-12-19 01:00:00+00:00,2025-12-19 01:34:00+00:00,sell,False,pnl_block,pnl_block,,,False,0.6076040864,0.41829004883766174,0.56,0.45,prob_floor,"prob_floor,trailing_prob_drop",-0.026858000000000177,-0.02856877455154877,8.548857000000002,0.41829004883766174,1.3365880837362953,0.0011734335345550432,,85488.57,85219.99,-0.02856877455154877,34.0
ETH/USDT,xgb_primary,primary,1m,2025-12-19 01:34:00+00:00,2025-12-19 00:20:00+00:00,2025-12-19 01:34:00+00:00,sell,False,pnl_block,pnl_block,,,False,0.5656820536,0.41829004883766174,0.48,0.43,prob_floor,"prob_floor,trailing_prob_drop",-0.06600999999999886,-0.07004339583739382,19.81581,0.41829004883766174,,0.03544333408271245,,2830.83,2821.4,-0.07004339583739382,74.0
ETH/USDT,xgb_primary,primary,1m,2025-12-19 01:35:00+00:00,2025-12-19 00:20:00+00:00,2025-12-19 01:35:00+00:00,sell,False,pnl_block,pnl_block,,,False,0.5656820536,0.41829004883766174,0.48,0.43,prob_floor,"prob_floor,trailing_prob_drop",-0.06516999999999962,-0.06920339285033918,19.81581,0.41829004883766174,,0.03544182667252028,,2830.83,2821.52,-0.06920339285033918,75.0
BTC/USDT,xgb_primary,conservative,1m,2025-12-19 01:35:00+00:00,2025-12-19 01:00:00+00:00,2025-12-19 01:35:00+00:00,sell,False,pnl_block,pnl_block,,,False,0.6076040864,0.41829004883766174,0.56,0.45,prob_floor,"prob_floor,trailing_prob_drop",-0.026604000000000814,-0.028557526500296686,8.548857000000002,0.41829004883766174,4.195025134361082,0.28513180217644357,,85488.57,85222.53,-0.028557526500296686,35.0
BTC/USDT,xgb_primary,conservative,1m,2025-12-19 01:36:00+00:00,2025-12-19 01:00:00+00:00,2025-12-19 01:36:00+00:00,sell,False,pnl_block,pnl_block,,,False,0.6076040864,0.41829004883766174,0.56,0.45,prob_floor,"prob_floor,trailing_prob_drop",-0.02610500000000029,-0.0278157744629187,8.548857000000002,0.41829004883766174,4.855975384500385,0.001173329859662276,,85488.57,85227.52,-0.0278157744629187,36.0
SOL/USDT,xgb_primary,conservative,1m,2025-12-19 01:37:00+00:00,,2025-12-19 01:37:00+00:00,buy,True,dry_run,dry_run,,exchange_qty_step,True,0.565682053565979,0.565682053565979,,0.48,dry_run,,,,,0.565682053565979,0.847206337103835,,9.443200000000001,,118.04,0.0,
BTC/USDT,xgb_primary,conservative,1m,2025-12-19 01:37:00+00:00,2025-12-19 01:00:00+00:00,2025-12-19 01:37:00+00:00,sell,False,pnl_block,pnl_block,,,False,0.6076040864,0.41829004883766174,0.56,0.45,prob_floor,"prob_floor,trailing_prob_drop",-0.028949000000000526,-0.042054786702986874,8.548857000000002,0.41829004883766174,2.3572198275875045,13.330454940334537,,85488.57,85199.08,-0.042054786702986874,37.0
BTC/USDT,xgb_primary,conservative,1m,2025-12-19 01:38:00+00:00,2025-12-19 01:00:00+00:00,2025-12-19 01:38:00+00:00,sell,False,pnl_block,pnl_block,,,False,0.6076040864,0.41829004883766174,0.56,0.45,prob_floor,"prob_floor,trailing_prob_drop",-0.012097000000000116,-0.013807772816989092,8.548857000000002,0.41829004883766174,11.238651019608055,0.001171404538614069,,85488.57,85367.6,-0.013807772816989092,38.0
BTC/USDT,xgb_primary,conservative,1m,2025-12-19 01:39:00+00:00,2025-12-19 01:00:00+00:00,2025-12-19 01:39:00+00:00,sell,False,pnl_block,pnl_block,,,False,0.6076040864,0.41829004883766174,0.56,0.45,prob_floor,"prob_floor,trailing_prob_drop",-0.020856000000001224,-0.022566773845534092,8.548857000000002,0.41829004883766174,19.74051045127239,0.0011726076747656795,,85488.57,85280.01,-0.022566773845534092,39.0
BTC/USDT,xgb_primary,conservative,1m,2025-12-19 01:40:00+00:00,2025-12-19 01:00:00+00:00,2025-12-19 01:40:00+00:00,sell,False,pnl_block,pnl_block,,,False,0.6076040864,0.41829004883766174,0.56,0.45,prob_floor,"prob_floor,trailing_prob_drop",-0.01976600000000035,-0.02147677371742132,8.548857000000002,0.41829004883766174,8.582039549836512,0.0011724578162587785,,85488.57,85290.91,-0.02147677371742132,40.0
SOL/USDT,xgb_primary,conservative,1m,2025-12-19 01:41:00+00:00,2025-12-19 01:37:00+00:00,2025-12-19 01:41:00+00:00,sell,False,min_hold,min_hold,,,False,0.5656820536,0.41829004883766174,0.48,0.44,prob_floor,"prob_floor,trailing_prob_drop",-0.008799999999999955,-0.011489352256750827,9.443200000000001,0.41829004883766174,,0.8479247042854882,,118.04,117.93,-0.011489352256750827,4.0
BTC/USDT,xgb_primary,conservative,1m,2025-12-19 01:41:00+00:00,2025-12-19 01:00:00+00:00,2025-12-19 01:41:00+00:00,sell,False,pnl_block,pnl_block,,,False,0.6076040864,0.4742901027202606,0.56,0.45,trailing_prob_drop,trailing_prob_drop,-0.01698700000000099,-0.018697773390948694,8.548857000000002,0.4742901027202606,2.884246060425403,0.001172075925122542,,85488.57,85318.7,-0.018697773390948694,41.0
ETH/USDT,xgb_primary,primary,1m,2025-12-19 01:41:00+00:00,2025-12-19 00:20:00+00:00,2025-12-19 01:41:00+00:00,sell,False,pnl_block,pnl_block,,,False,0.5656820536,0.41829004883766174,0.48,0.43,prob_floor,"prob_floor,trailing_prob_drop",-0.07238000000000103,-0.07641341849753225,19.81581,0.41829004883766174,,0.035454769464999154,,2830.83,2820.49,-0.07641341849753225,81.0
BTC/USDT,xgb_primary,conservative,1m,2025-12-19 01:42:00+00:00,2025-12-19 01:00:00+00:00,2025-12-19 01:42:00+00:00,sell,False,pnl_block,pnl_block,,,False,0.6076040864,0.4742901027202606,0.56,0.45,trailing_prob_drop,trailing_prob_drop,-0.017402000000000407,-0.019112773439687016,8.548857000000002,0.4742901027202606,3.4775486552069994,0.0011721329373119641,,85488.57,85314.55,-0.019112773439687016,42.0
ETH/USDT,xgb_primary,primary,1m,2025-12-19 01:43:00+00:00,2025-12-19 00:20:00+00:00,2025-12-19 01:43:00+00:00,sell,False,pnl_block,pnl_block,,,False,0.5656820536,0.41829004883766174,0.48,0.43,prob_floor,"prob_floor,trailing_prob_drop",-0.07266000000000077,-0.07669341949391728,19.81581,0.41829004883766174,,0.035455272288401264,,2830.83,2820.45,-0.07669341949391728,83.0
BTC/USDT,xgb_primary,conservative,1m,2025-12-19 01:43:00+00:00,2025-12-19 01:00:00+00:00,2025-12-19 01:43:00+00:00,sell,False,pnl_block,pnl_block,,,False,0.6076040864,0.4742901027202606,0.56,0.45,trailing_prob_drop,trailing_prob_drop,-0.015208000000000175,-0.01691877318206253,8.548857000000002,0.4742901027202606,1.7476501080241746,0.0011718315821104806,,85488.57,85336.49,-0.01691877318206253,43.0
SOL/USDT,xgb_primary,conservative,1m,2025-12-19 01:46:00+00:00,2025-12-19 01:37:00+00:00,2025-12-19 01:46:00+00:00,sell,False,pnl_block,pnl_block,,,False,0.5656820536,0.5002435445785522,0.48,0.44,gate_close,gate_close,-0.008799999999999955,-0.011489352256750827,9.443200000000001,0.5002435445785522,6.784260515603655,0.8479247042854882,,118.04,117.93,-0.011489352256750827,9.0
BTC/USDT,xgb_primary,conservative,1m,2025-12-19 01:46:00+00:00,2025-12-19 01:00:00+00:00,2025-12-19 01:46:00+00:00,sell,False,pnl_block,pnl_block,,,False,0.6076040864,0.5002435445785522,0.56,0.45,trailing_prob_drop,trailing_prob_drop,-0.036304000000000815,-0.05315069670013835,8.548857000000002,0.5002435445785522,13.061618207351616,17.706373261522007,,85488.57,85125.53,-0.05315069670013835,46.0
BTC/USDT,xgb_primary,conservative,1m,2025-12-19 01:48:00+00:00,2025-12-19 01:00:00+00:00,2025-12-19 01:48:00+00:00,sell,False,pnl_block,pnl_block,,,False,0.6076040864,0.5002435445785522,0.56,0.45,trailing_prob_drop,trailing_prob_drop,-0.0315570000000007,-0.03326777510498863,8.548857000000002,0.5002435445785522,17.699526198020763,0.0011740809185681908,,85488.57,85173.0,-0.03326777510498863,48.0
ETH/USDT,xgb_primary,primary,1m,2025-12-19 01:49:00+00:00,2025-12-19 00:20:00+00:00,2025-12-19 01:49:00+00:00,sell,False,pnl_block,pnl_block,,,False,0.5656820536,0.41829004883766174,0.48,0.43,prob_floor,"prob_floor,trailing_prob_drop",-0.12866000000000077,-0.1326936193406531,19.81581,0.41829004883766174,,0.03555612445432293,,2830.83,2812.45,-0.1326936193406531,89.0
BTC/USDT,xgb_primary,conservative,1m,2025-12-19 01:49:00+00:00,2025-12-19 01:00:00+00:00,2025-12-19 01:49:00+00:00,sell,False,pnl_block,pnl_block,,,False,0.6076040864,0.4742901027202606,0.56,0.45,trailing_prob_drop,trailing_prob_drop,-0.02678700000000099,-0.028497774543193476,8.548857000000002,0.4742901027202606,6.835499512756527,0.0011734237600255976,,85488.57,85220.7,-0.028497774543193476,49.0
SOL/USDT,xgb_primary,conservative,1m,2025-12-19 01:50:00+00:00,2025-12-19 01:37:00+00:00,2025-12-19 01:50:00+00:00,sell,False,dry_run,dry_run,,,True,0.5656820536,0.41829004883766174,0.48,0.44,take_profit,"take_profit,prob_floor,trailing_prob_drop",0.02,0.01811136,9.443200000000001,0.41829004883766174,9.32914935120002,0.8453442664517439,9.4632,118.04,118.29,0.01811136,13.0
ETH/USDT,xgb_primary,primary,1m,2025-12-19 01:50:00+00:00,2025-12-19 00:20:00+00:00,2025-12-19 01:50:00+00:00,sell,False,dry_run,dry_run,,,True,0.5656820536,0.41829004883766174,0.48,0.43,time_limit,"time_exit,prob_floor,trailing_prob_drop",-0.08652000000000089,-0.0904831620000009,19.81581,0.41829004883766174,0.03548017988528648,0.03548017988528648,19.72929,2830.83,2818.47,-0.0904831620000009,90.0
BTC/USDT,xgb_primary,conservative,1m,2025-12-19 01:50:00+00:00,2025-12-19 01:00:00+00:00,2025-12-19 01:50:00+00:00,sell,False,pnl_block,pnl_block,,,False,0.6076040864,0.4742901027202606,0.56,0.45,trailing_prob_drop,trailing_prob_drop,-0.018082000000000698,-0.019792773519561286,8.548857000000002,0.4742901027202606,4.576820166173778,0.0011722263696613876,,85488.57,85307.75,-0.019792773519561286,50.0
BTC/USDT,xgb_primary,conservative,1m,2025-12-19 01:51:00+00:00,2025-12-19 01:00:00+00:00,2025-12-19 01:51:00+00:00,sell,False,pnl_block,pnl_block,,,False,0.6076040864,0.5002435445785522,0.56,0.45,trailing_prob_drop,trailing_prob_drop,-0.017970000000001166,-0.01968077350640662,8.548857000000002,0.5002435445785522,10.20540337777021,0.0011722109814850125,,85488.57,85308.87,-0.01968077350640662,51.0
SOL/USDT,xgb_primary,conservative,1m,2025-12-19 01:52:00+00:00,,2025-12-19 01:52:00+00:00,buy,True,cooldown_after_loss,cooldown_after_loss,cooldown_after_loss,,False,0.6076040863990784,0.6076040863990784,,0.48,cooldown_after_loss,,,,,0.6076040863990784,,,10.0,,118.52,0.0,
ETH/USDT,xgb_primary,primary,1m,2025-12-19 01:52:00+00:00,,2025-12-19 01:52:00+00:00,buy,True,cooldown_after_loss,cooldown_after_loss,cooldown_after_loss,,False,0.5002435445785522,0.5002435445785522,,0.48,cooldown_after_loss,,,,,0.5002435445785522,,,20.0,,2821.03,0.0,
BTC/USDT,xgb_primary,conservative,1m,2025-12-19 01:53:00+00:00,2025-12-19 01:00:00+00:00,2025-12-19 01:53:00+00:00,sell,False,pnl_block,pnl_block,,,False,0.6076040864,0.5002435445785522,0.56,0.45,trailing_prob_drop,trailing_prob_drop,-0.009189000000001397,-0.010899772475980864,8.548857000000002,0.5002435445785522,7.291251037633263,0.001171005643756924,,85488.57,85396.68,-0.010899772475980864,53.0
SOL/USDT,xgb_primary,conservative,1m,2025-12-19 01:54:00+00:00,,2025-12-19 01:54:00+00:00,buy,True,cooldown_after_loss,cooldown_after_loss,cooldown_after_loss,,False,0.6076040863990784,0.6076040863990784,,0.48,cooldown_after_loss,,,,,0.6076040863990784,,,10.0,,118.38,0.0,
BTC/USDT,xgb_primary,conservative,1m,2025-12-19 01:54:00+00:00,2025-12-19 01:00:00+00:00,2025-12-19 01:54:00+00:00,sell,False,pnl_block,pnl_block,,,False,0.6076040864,0.5002435445785522,0.56,0.45,trailing_prob_drop,trailing_prob_drop,-0.009456000000001222,-0.01116677250728116,8.548857000000002,0.5002435445785522,4.3793916135129205,0.0011710422573892592,,85488.57,85394.01,-0.01116677250728116,54.0
ETH/USDT,xgb_primary,primary,1m,2025-12-19 01:55:00+00:00,,2025-12-19 01:55:00+00:00,buy,True,dry_run,dry_run,,exchange_qty_step,True,0.5878524780273438,0.5878524780273438,,0.48,dry_run,,,,,0.5878524780273438,0.03540468439295494,,19.77143,,2824.49,0.0,
SOL/USDT,xgb_primary,conservative,1m,2025-12-19 01:55:00+00:00,,2025-12-19 01:55:00+00:00,buy,True,dry_run,dry_run,,exchange_qty_step,True,0.6076040863990784,0.6076040863990784,,0.48,dry_run,,,,,0.6076040863990784,0.843988690550779,,9.4792,,118.49,0.0,
BTC/USDT,xgb_primary,conservative,1m,2025-12-19 01:56:00+00:00,2025-12-19 01:00:00+00:00,2025-12-19 01:56:00+00:00,sell,False,pnl_block,pnl_block,,,False,0.6076040864,0.5002435445785522,0.56,0.45,trailing_prob_drop,trailing_prob_drop,-0.008858000000000175,-0.010568772437177697,8.548857000000002,0.5002435445785522,5.968090748721509,0.0011709602552975923,,85488.57,85399.99,-0.010568772437177697,56.0
BTC/USDT,xgb_primary,conservative,1m,2025-12-19 01:58:00+00:00,2025-12-19 01:00:00+00:00,2025-12-19 01:58:00+00:00,sell,False,pnl_block,pnl_block,,,False,0.6076040864,0.5002435445785522,0.56,0.45,trailing_prob_drop,trailing_prob_drop,-0.015204000000000816,-0.016914773181593602,8.548857000000002,0.5002435445785522,4.274660214886342,0.001171831032835035,,85488.57,85336.53,-0.016914773181593602,58.0
BTC/USDT,xgb_primary,conservative,1m,2025-12-19 01:59:00+00:00,2025-12-19 01:00:00+00:00,2025-12-19 01:59:00+00:00,sell,False,pnl_block,pnl_block,,,False,0.6076040864,0.4742901027202606,0.56,0.45,trailing_prob_drop,trailing_prob_drop,-0.024381000000001225,-0.026091774260060485,8.548857000000002,0.4742901027202606,3.6760337365459037,0.0011730925657796377,,85488.57,85244.76,-0.026091774260060485,59.0
SOL/USDT,xgb_primary,conservative,1m,2025-12-19 02:00:00+00:00,2025-12-19 01:55:00+00:00,2025-12-19 02:00:00+00:00,sell,False,pnl_block,pnl_block,,,False,0.6076040864,0.565682053565979,0.48,0.44,gate_close,gate_close,-0.02399999999999977,-0.026697836700368217,9.4792,0.565682053565979,14.381186024871138,0.846059477981735,,118.49,118.19,-0.026697836700368217,5.0
BTC/USDT,xgb_primary,conservative,1m,2025-12-19 02:00:00+00:00,2025-12-19 01:00:00+00:00,2025-12-19 02:00:00+00:00,sell,False,pnl_block,pnl_block,,,False,0.6076040864,0.41829004883766174,0.56,0.45,prob_floor,"prob_floor,trailing_prob_drop",-0.026112000000000992,-0.027822774463744707,8.548857000000002,0.41829004883766174,10.765469834687748,0.0011733308250625606,,85488.57,85227.45,-0.027822774463744707,60.0
BTC/USDT,xgb_primary,conservative,1m,2025-12-19 02:01:00+00:00,2025-12-19 01:00:00+00:00,2025-12-19 02:01:00+00:00,sell,False,pnl_block,pnl_block,,,False,0.6076040864,0.4742901027202606,0.56,0.45,trailing_prob_drop,trailing_prob_drop,-0.023796000000000643,-0.025506774191240977,8.548857000000002,0.4742901027202606,3.209059615293688,0.0011730120650462535,,85488.57,85250.61,-0.025506774191240977,61.0
BTC/USDT,xgb_primary,conservative,1m,2025-12-19 02:02:00+00:00,2025-12-19 01:00:00+00:00,2025-12-19 02:02:00+00:00,sell,False,pnl_block,pnl_block,,,False,0.6076040864,0.4742901027202606,0.56,0.45,trailing_prob_drop,trailing_prob_drop,-0.031834000000001104,-0.044874478483731724,8.548857000000002,0.4742901027202606,4.005319627437739,13.25406084547983,,85488.57,85170.23,-0.044874478483731724,62.0
SOL/USDT,xgb_primary,conservative,1m,2025-12-19 02:03:00+00:00,2025-12-19 01:55:00+00:00,2025-12-19 02:03:00+00:00,sell,False,pnl_block,pnl_block,,,False,0.6076040864,0.5878524780273438,0.48,0.44,gate_close,gate_close,-0.032799999999999725,-0.0354985837862558,9.4792,0.5878524780273438,10.160880609653223,0.8468476097730546,,118.49,118.08,-0.0354985837862558,8.0
BTC/USDT,xgb_primary,conservative,1m,2025-12-19 02:03:00+00:00,2025-12-19 01:00:00+00:00,2025-12-19 02:03:00+00:00,sell,False,pnl_block,pnl_block,,,False,0.6076040864,0.41829004883766174,0.56,0.45,prob_floor,"prob_floor,trailing_prob_drop",-0.02671800000000076,-0.028428774535069777,8.548857000000002,0.41829004883766174,10.16082732194026,0.0011734142576240757,,85488.57,85221.39,-0.028428774535069777,63.0
BTC/USDT,xgb_primary,conservative,1m,2025-12-19 02:04:00+00:00,2025-12-19 01:00:00+00:00,2025-12-19 02:04:00+00:00,sell,False,pnl_block,pnl_block,,,False,0.6076040864,0.4742901027202606,0.56,0.45,trailing_prob_drop,trailing_prob_drop,-0.0252820000000007,-0.026992774366067642,8.548857000000002,0.4742901027202606,13.592050388277457,0.001173216567948663,,85488.57,85235.75,-0.026992774366067642,64.0
SOL/USDT,xgb_primary,conservative,1m,2025-12-19 02:05:00+00:00,2025-12-19 01:55:00+00:00,2025-12-19 02:05:00+00:00,sell,False,pnl_block,pnl_block,,,False,0.6076040864,0.565682053565979,0.48,0.44,gate_close,gate_close,-0.027999999999999546,-0.030698176112404205,9.4792,0.565682053565979,14.389707127137438,0.8464175377718156,,118.49,118.14,-0.030698176112404205,10.0
BTC/USDT,xgb_primary,conservative,1m,2025-12-19 02:05:00+00:00,2025-12-19 01:00:00+00:00,2025-12-19 02:05:00+00:00,sell,False,pnl_block,pnl_block,,,False,0.6076040864,0.5002435445785522,0.56,0.45,trailing_prob_drop,trailing_prob_drop,-0.02378600000000006,-0.02549677419006411,8.548857000000002,0.5002435445785522,3.140700938280484,0.0011730106890905621,,85488.57,85250.71,-0.02549677419006411,65.0
SOL/USDT,xgb_primary,conservative,1m,2025-12-19 02:06:00+00:00,2025-12-19 01:55:00+00:00,2025-12-19 02:06:00+00:00,sell,False,pnl_block,pnl_block,,,False,0.6076040864,0.41829004883766174,0.48,0.44,prob_floor,"prob_floor,trailing_prob_drop",-0.025599999999999457,-0.028297972430717022,9.4792,0.41829004883766174,,0.8462026655388293,,118.49,118.17,-0.028297972430717022,11.0
BTC/USDT,xgb_primary,conservative,1m,2025-12-19 02:06:00+00:00,2025-12-19 01:00:00+00:00,2025-12-19 02:06:00+00:00,sell,False,pnl_block,pnl_block,,,False,0.6076040864,0.4742901027202606,0.56,0.45,trailing_prob_drop,trailing_prob_drop,-0.022085000000000583,-0.023795773990018733,8.548857000000002,0.4742901027202606,3.287949156083138,0.0011727766859924208,,85488.57,85267.72,-0.023795773990018733,66.0
SOL/USDT,xgb_primary,conservative,1m,2025-12-19 02:07:00+00:00,2025-12-19 01:55:00+00:00,2025-12-19 02:07:00+00:00,sell,False,pnl_block,pnl_block,,,False,0.6076040864,0.41829004883766174,0.48,0.44,prob_floor,"prob_floor,trailing_prob_drop",-0.009599999999999227,-0.012296617191128383,9.4792,0.41829004883766174,2.538715410002635,0.8447729672642792,,118.49,118.37,-0.012296617191128383,12.0
BTC/USDT,xgb_primary,conservative,1m,2025-12-19 02:07:00+00:00,2025-12-19 01:00:00+00:00,2025-12-19 02:07:00+00:00,sell,False,pnl_block,pnl_block,,,False,0.6076040864,0.4742901027202606,0.56,0.45,trailing_prob_drop,trailing_prob_drop,-0.021140000000000873,-0.022850773878916892,8.548857000000002,0.4742901027202606,2.6776625589237355,0.001172646724608468,,85488.57,85277.17,-0.022850773878916892,67.0
ETH/USDT,xgb_primary,primary,1m,2025-12-19 02:07:00+00:00,2025-12-19 01:55:00+00:00,2025-12-19 02:07:00+00:00,sell,False,pnl_block,pnl_block,,,False,0.587852478,0.41829004883766174,0.48,0.43,prob_floor,"prob_floor,trailing_prob_drop",-0.05368999999999733,-0.057714476480412454,19.77143,0.41829004883766174,,0.03550096296278091,,2824.49,2816.82,-0.057714476480412454,12.0
SOL/USDT,xgb_primary,conservative,1m,2025-12-19 02:08:00+00:00,2025-12-19 01:55:00+00:00,2025-12-19 02:08:00+00:00,sell,False,pnl_block,pnl_block,,,False,0.6076040864,0.41829004883766174,0.48,0.44,prob_floor,"prob_floor,trailing_prob_drop",-0.03199999999999932,-0.034698515811844986,9.4792,0.41829004883766174,4.22761477974103,0.8467759007570943,,118.49,118.09,-0.034698515811844986,13.0
BTC/USDT,xgb_primary,conservative,1m,2025-12-19 02:08:00+00:00,2025-12-19 01:00:00+00:00,2025-12-19 02:08:00+00:00,sell,False,pnl_block,pnl_block,,,False,0.6076040864,0.4742901027202606,0.56,0.45,trailing_prob_drop,trailing_prob_drop,-0.025988000000000466,-0.027698774449149057,8.548857000000002,0.4742901027202606,2.1740869010921973,0.0011733137524587594,,85488.57,85228.69,-0.027698774449149057,68.0
ETH/USDT,xgb_primary,primary,1m,2025-12-19 02:08:00+00:00,2025-12-19 01:55:00+00:00,2025-12-19 02:08:00+00:00,sell,False,pnl_block,pnl_block,,,False,0.587852478,0.41829004883766174,0.48,0.43,prob_floor,"prob_floor,trailing_prob_drop",-0.049,-0.05302445978912982,19.77143,0.41829004883766174,,0.03549252083932103,,2824.49,2817.49,-0.05302445978912982,13.0
ETH/USDT,xgb_primary,primary,1m,2025-12-19 02:09:00+00:00,2025-12-19 01:55:00+00:00,2025-12-19 02:09:00+00:00,sell,False,pnl_block,pnl_block,,,False,0.587852478,0.41829004883766174,0.48,0.43,prob_floor,"prob_floor,trailing_prob_drop",-0.06825,-0.07227452834877558,19.77143,0.41829004883766174,,0.035527196958226336,,2824.49,2814.74,-0.07227452834877558,14.0
SOL/USDT,xgb_primary,conservative,1m,2025-12-19 02:09:00+00:00,2025-12-19 01:55:00+00:00,2025-12-19 02:09:00+00:00,sell,False,pnl_block,pnl_block,,,False,0.6076040864,0.4007633626461029,0.48,0.44,prob_floor,"prob_floor,trailing_prob_drop",-0.03519999999999982,-0.03789878777857801,9.4792,0.4007633626461029,22.86198137171975,0.8470628097077731,,118.49,118.05,-0.03789878777857801,14.0
BTC/USDT,xgb_primary,conservative,1m,2025-12-19 02:09:00+00:00,2025-12-19 01:00:00+00:00,2025-12-19 02:09:00+00:00,sell,False,pnl_block,pnl_block,,,False,0.6076040864,0.41829004883766174,0.56,0.45,prob_floor,"prob_floor,trailing_prob_drop",-0.02856100000000006,-0.030271774752054243,8.548857000000002,0.41829004883766174,6.821645760172268,0.001173668075372883,,85488.57,85202.96,-0.030271774752054243,69.0
ETH/USDT,xgb_primary,primary,1m,2025-12-19 02:10:00+00:00,2025-12-19 01:55:00+00:00,2025-12-19 02:10:00+00:00,sell,False,pnl_block,pnl_block,,,False,0.587852478,0.3245033025741577,0.48,0.43,prob_floor,"prob_floor,trailing_prob_drop",-0.07755999999999949,-0.0815845615547983,19.77143,0.3245033025741577,,0.035543991910963295,,2824.49,2813.41,-0.0815845615547983,15.0
SOL/USDT,xgb_primary,conservative,1m,2025-12-19 02:10:00+00:00,2025-12-19 01:55:00+00:00,2025-12-19 02:10:00+00:00,sell,False,pnl_block,pnl_block,,,False,0.6076040864,0.41829004883766174,0.48,0.44,prob_floor,"prob_floor,trailing_prob_drop",-0.040799999999999274,-0.0434992641640872,9.4792,0.41829004883766174,,0.8475653684782731,,118.49,117.98,-0.0434992641640872,15.0
BTC/USDT,xgb_primary,conservative,1m,2025-12-19 02:10:00+00:00,2025-12-19 01:00:00+00:00,2025-12-19 02:10:00+00:00,sell,False,pnl_block,pnl_block,,,False,0.6076040864,0.41829004883766174,0.56,0.45,prob_floor,"prob_floor,trailing_prob_drop",-0.028204000000000815,-0.02991477471001636,8.548857000000002,0.41829004883766174,2.5123210513967957,0.0011736189007992533,,85488.57,85206.53,-0.02991477471001636,70.0
ETH/USDT,xgb_primary,primary,1m,2025-12-19 02:11:00+00:00,2025-12-19 01:55:00+00:00,2025-12-19 02:11:00+00:00,sell,False,pnl_block,pnl_block,,,False,0.587852478,0.3245033025741577,0.48,0.43,prob_floor,"prob_floor,trailing_prob_drop",-0.0762299999999991,-0.08025455680915829,19.77143,0.3245033025741577,0.0355440550798436,0.03554159165987507,,2824.49,2813.6,-0.08025455680915829,16.0
SOL/USDT,xgb_primary,conservative,1m,2025-12-19 02:11:00+00:00,2025-12-19 01:55:00+00:00,2025-12-19 02:11:00+00:00,sell,False,pnl_block,pnl_block,,,False,0.6076040864,0.3245033025741577,0.48,0.44,prob_floor,"prob_floor,trailing_prob_drop",-0.023199999999999363,-0.025897768852416046,9.4792,0.3245033025741577,5.084745762712058,0.8459879023722267,,118.49,118.2,-0.025897768852416046,16.0
BTC/USDT,xgb_primary,conservative,1m,2025-12-19 02:11:00+00:00,2025-12-19 01:00:00+00:00,2025-12-19 02:11:00+00:00,sell,False,pnl_block,pnl_block,,,False,0.6076040864,0.41829004883766174,0.56,0.45,prob_floor,"prob_floor,trailing_prob_drop",-0.02063600000000006,-0.022346773819671678,8.548857000000002,0.41829004883766174,0.7417271892180604,0.0011725774236470419,,85488.57,85282.21,-0.022346773819671678,71.0
ETH/USDT,xgb_primary,primary,1m,2025-12-19 02:12:00+00:00,2025-12-19 01:55:00+00:00,2025-12-19 02:12:00+00:00,sell,False,pnl_block,pnl_block,,,False,0.587852478,0.3245033025741577,0.48,0.43,prob_floor,"prob_floor,trailing_prob_drop",-0.03541999999999962,-0.03944441150386983,19.77143,0.3245033025741577,,0.035468099105736714,,2824.49,2819.43,-0.03944441150386983,17.0
SOL/USDT,xgb_primary,conservative,1m,2025-12-19 02:12:00+00:00,2025-12-19 01:55:00+00:00,2025-12-19 02:12:00+00:00,sell,False,pnl_block,pnl_block,,,False,0.6076040864,0.3245033025741577,0.48,0.44,prob_floor,"prob_floor,trailing_prob_drop",-0.02399999999999977,-0.026697836700368217,9.4792,0.3245033025741577,20.28911995942253,0.846059477981735,,118.49,118.19,-0.026697836700368217,17.0
BTC/USDT,xgb_primary,conservative,1m,2025-12-19 02:12:00+00:00,2025-12-19 01:00:00+00:00,2025-12-19 02:12:00+00:00,sell,False,pnl_block,pnl_block,,,False,0.6076040864,0.41829004883766174,0.56,0.45,prob_floor,"prob_floor,trailing_prob_drop",-0.02127100000000064,-0.02298177389431665,8.548857000000002,0.41829004883766174,12.639138358419583,0.0011726647386996673,,85488.57,85275.86,-0.02298177389431665,72.0
BTC/USDT,xgb_primary,conservative,1m,2025-12-19 02:13:00+00:00,2025-12-19 01:00:00+00:00,2025-12-19 02:13:00+00:00,sell,False,pnl_block,pnl_block,,,False,0.6076040864,0.41829004883766174,0.56,0.45,prob_floor,"prob_floor,trailing_prob_drop",-0.0254570000000007,-0.027167774386660255,8.548857000000002,0.41829004883766174,3.529720658376845,0.0011732406560927542,,85488.57,85234.0,-0.027167774386660255,73.0
ETH/USDT,xgb_primary,primary,1m,2025-12-19 02:13:00+00:00,2025-12-19 01:55:00+00:00,2025-12-19 02:13:00+00:00,sell,False,pnl_block,pnl_block,,,False,0.587852478,0.41829004883766174,0.48,0.43,prob_floor,"prob_floor,trailing_prob_drop",-0.033739999999997966,-0.0377644055350491,19.77143,0.41829004883766174,,0.03546508019457395,,2824.49,2819.67,-0.0377644055350491,18.0
SOL/USDT,xgb_primary,conservative,1m,2025-12-19 02:13:00+00:00,2025-12-19 01:55:00+00:00,2025-12-19 02:13:00+00:00,sell,False,pnl_block,pnl_block,,,False,0.6076040864,0.41829004883766174,0.48,0.44,prob_floor,"prob_floor,trailing_prob_drop",-0.03360000000000014,-0.036298651772179245,9.4792,0.41829004883766174,5.920162381597378,0.8469193309341619,,118.49,118.07,-0.036298651772179245,18.0
SOL/USDT,xgb_primary,conservative,1m,2025-12-19 02:14:00+00:00,2025-12-19 01:55:00+00:00,2025-12-19 02:14:00+00:00,sell,False,pnl_block,pnl_block,,,False,0.6076040864,0.41829004883766174,0.48,0.44,prob_floor,"prob_floor,trailing_prob_drop",-0.029599999999999228,-0.03229831195767045,9.4792,0.41829004883766174,5.927682276229416,0.8465608465600767,,118.49,118.12,-0.03229831195767045,19.0
BTC/USDT,xgb_primary,conservative,1m,2025-12-19 02:15:00+00:00,2025-12-19 01:00:00+00:00,2025-12-19 02:15:00+00:00,sell,False,pnl_block,pnl_block,,,False,0.6076040864,0.5002435445785522,0.56,0.45,trailing_prob_drop,trailing_prob_drop,-0.019477000000000407,-0.021187773683459976,8.548857000000002,0.5002435445785522,,0.0011724180900079802,,85488.57,85293.8,-0.021187773683459976,75.0
SOL/USDT,xgb_primary,conservative,1m,2025-12-19 02:15:00+00:00,2025-12-19 01:55:00+00:00,2025-12-19 02:15:00+00:00,sell,False,pnl_block,pnl_block,,,False,0.6076040864,0.4742901027202606,0.48,0.44,trailing_prob_drop,trailing_prob_drop,-0.03360000000000014,-0.036298651772179245,9.4792,0.4742901027202606,,0.8469193309341619,,118.49,118.07,-0.036298651772179245,20.0
SOL/USDT,xgb_primary,conservative,1m,2025-12-19 02:16:00+00:00,2025-12-19 01:55:00+00:00,2025-12-19 02:16:00+00:00,sell,False,pnl_block,pnl_block,,,False,0.6076040864,0.4742901027202606,0.48,0.44,trailing_prob_drop,trailing_prob_drop,-0.027199999999999138,-0.029898108207014617,9.4792,0.4742901027202606,,0.8463459015692019,,118.49,118.15,-0.029898108207014617,21.0
BTC/USDT,xgb_primary,conservative,1m,2025-12-19 02:16:00+00:00,2025-12-19 01:00:00+00:00,2025-12-19 02:16:00+00:00,sell,False,pnl_block,pnl_block,,,False,0.6076040864,0.5002435445785522,0.56,0.45,trailing_prob_drop,trailing_prob_drop,-0.019481000000001223,-0.02119177368393229,8.548857000000002,0.5002435445785522,4.222487065994306,0.001172418641540003,,85488.57,85293.76,-0.02119177368393229,76.0
SOL/USDT,xgb_primary,conservative,1m,2025-12-19 02:17:00+00:00,2025-12-19 01:55:00+00:00,2025-12-19 02:17:00+00:00,sell,False,pnl_block,pnl_block,,,False,0.6076040864,0.4742901027202606,0.48,0.44,trailing_prob_drop,trailing_prob_drop,-0.027999999999999546,-0.030698176112404205,9.4792,0.4742901027202606,5.92467202708484,0.8464175377718156,,118.49,118.14,-0.030698176112404205,22.0
BTC/USDT,xgb_primary,conservative,1m,2025-12-19 02:17:00+00:00,2025-12-19 01:00:00+00:00,2025-12-19 02:17:00+00:00,sell,False,pnl_block,pnl_block,,,False,0.6076040864,0.5002435445785522,0.56,0.45,trailing_prob_drop,trailing_prob_drop,-0.016939000000001397,-0.018649773385311964,8.548857000000002,0.5002435445785522,2.5722863463535877,0.0011720693311021695,,85488.57,85319.18,-0.018649773385311964,77.0
SOL/USDT,xgb_primary,conservative,1m,2025-12-19 02:19:00+00:00,2025-12-19 01:55:00+00:00,2025-12-19 02:19:00+00:00,sell,False,pnl_block,pnl_block,,,False,0.6076040864,0.4742901027202606,0.48,0.44,trailing_prob_drop,trailing_prob_drop,-0.038399999999999185,-0.04109905992966841,9.4792,0.4742901027202606,6.775641568562082,0.8473499131458632,,118.49,118.01,-0.04109905992966841,24.0
SOL/USDT,xgb_primary,conservative,1m,2025-12-19 02:20:00+00:00,2025-12-19 01:55:00+00:00,2025-12-19 02:20:00+00:00,sell,False,pnl_block,pnl_block,,,False,0.6076040864,0.4742901027202606,0.48,0.44,trailing_prob_drop,trailing_prob_drop,-0.043999999999999775,-0.04669953663826378,9.4792,0.4742901027202606,2.541511352084136,0.8478528127521401,,118.49,117.94,-0.04669953663826378,25.0
BTC/USDT,xgb_primary,conservative,1m,2025-12-19 02:21:00+00:00,2025-12-19 01:00:00+00:00,2025-12-19 02:21:00+00:00,sell,False,pnl_block,pnl_block,,,False,0.6076040864,0.5002435445785522,0.56,0.45,trailing_prob_drop,trailing_prob_drop,-0.021774000000000526,-0.023484773953452186,8.548857000000002,0.5002435445785522,1.0263055603710465,0.0011727339124521664,,85488.57,85270.83,-0.023484773953452186,81.0
SOL/USDT,xgb_primary,conservative,1m,2025-12-19 02:21:00+00:00,2025-12-19 01:55:00+00:00,2025-12-19 02:21:00+00:00,sell,False,pnl_block,pnl_block,,,False,0.6076040864,0.4742901027202606,0.48,0.44,trailing_prob_drop,trailing_prob_drop,-0.03360000000000014,-0.036298651772179245,9.4792,0.4742901027202606,1.6952025767075793,0.8469193309341619,,118.49,118.07,-0.036298651772179245,26.0
SOL/USDT,xgb_primary,conservative,1m,2025-12-19 02:22:00+00:00,2025-12-19 01:55:00+00:00,2025-12-19 02:22:00+00:00,sell,False,pnl_block,pnl_block,,,False,0.6076040864,0.41829004883766174,0.48,0.44,prob_floor,"prob_floor,trailing_prob_drop",-0.01759999999999991,-0.02029729423800497,9.4792,0.41829004883766174,8.469551960700798,0.8454872120063509,,118.49,118.27,-0.02029729423800497,27.0
BTC/USDT,xgb_primary,conservative,1m,2025-12-19 02:22:00+00:00,2025-12-19 01:00:00+00:00,2025-12-19 02:22:00+00:00,sell,False,pnl_block,pnl_block,,,False,0.6076040864,0.5002435445785522,0.56,0.45,trailing_prob_drop,trailing_prob_drop,-0.033775,-0.05790102245742354,8.548857000000002,0.5002435445785522,5.1670671358695515,26.221342873583605,,85488.57,85150.82,-0.05790102245742354,82.0
SOL/USDT,xgb_primary,conservative,1m,2025-12-19 02:23:00+00:00,2025-12-19 01:55:00+00:00,2025-12-19 02:23:00+00:00,sell,False,pnl_block,pnl_block,,,False,0.6076040864,0.4742901027202606,0.48,0.44,trailing_prob_drop,trailing_prob_drop,-0.010399999999999637,-0.013096684844337477,9.4792,0.4742901027202606,12.682844339223088,0.8448443374312605,,118.49,118.36,-0.013096684844337477,28.0
BTC/USDT,xgb_primary,conservative,1m,2025-12-19 02:23:00+00:00,2025-12-19 01:00:00+00:00,2025-12-19 02:23:00+00:00,sell,False,pnl_block,pnl_block,,,False,0.6076040864,0.5002435445785522,0.56,0.45,trailing_prob_drop,trailing_prob_drop,-0.006789000000001397,-0.008499772194716163,8.548857000000002,0.5002435445785522,14.239680798798958,0.0011706766352099877,,85488.57,85420.68,-0.008499772194716163,83.0
ETH/USDT,xgb_primary,primary,1m,2025-12-19 02:27:00+00:00,2025-12-19 01:55:00+00:00,2025-12-19 02:27:00+00:00,sell,True,dry_run,dry_run,,,True,0.587852478,0.5878524780273438,0.48,0.43,take_profit,take_profit,0.027370000000002167,0.02341571400000217,19.77143,0.5878524780273438,0.03535561561998205,0.03535561561998205,19.7988,2824.49,2828.4,0.02341571400000217,32.0
SOL/USDT,xgb_primary,conservative,1m,2025-12-19 02:27:00+00:00,2025-12-19 01:55:00+00:00,2025-12-19 02:27:00+00:00,sell,False,pnl_block,pnl_block,,,False,0.6076040864,0.565682053565979,0.48,0.44,gate_close,gate_close,-0.003999999999999773,-0.006696143938537056,9.4792,0.565682053565979,9.285834880972432,0.8442737135383609,,118.49,118.44,-0.006696143938537056,32.0
BTC/USDT,xgb_primary,conservative,1m,2025-12-19 02:27:00+00:00,2025-12-19 01:00:00+00:00,2025-12-19 02:27:00+00:00,sell,False,pnl_block,pnl_block,,,False,0.6076040864,0.565682053565979,0.56,0.45,gate_close,gate_close,0.0011429999999993015,-0.0005677712662574927,8.548857000000002,0.565682053565979,10.033402562290746,0.0011695905742650319,,85488.57,85500.0,-0.0005677712662574927,87.0
ETH/USDT,xgb_primary,primary,1m,2025-12-19 02:29:00+00:00,,2025-12-19 02:29:00+00:00,buy,True,dry_run,dry_run,,exchange_qty_step,True,0.6076040863990784,0.6076040863990784,,0.48,dry_run,,,,,0.6076040863990784,0.03533874840831902,,19.808320000000002,,2829.76,0.0,
SOL/USDT,xgb_primary,conservative,1m,2025-12-19 02:29:00+00:00,2025-12-19 01:55:00+00:00,2025-12-19 02:29:00+00:00,sell,False,pnl_block,pnl_block,,,False,0.6076040864,0.6076040863990784,0.48,0.44,gate_close,gate_close,-0.0015999999999996818,-0.004295941287191482,9.4792,0.6076040863990784,9.280350966000121,0.8440599282553379,,118.49,118.47,-0.004295941287191482,34.0
BTC/USDT,xgb_primary,conservative,1m,2025-12-19 02:29:00+00:00,2025-12-19 01:00:00+00:00,2025-12-19 02:29:00+00:00,sell,False,pnl_block,pnl_block,,,False,0.6076040864,0.6076040863990784,0.56,0.45,gate_close,gate_close,0.00027599999999947615,-0.0014347713676575416,8.548857000000002,0.6076040863990784,7.092050157841198,0.0011697091868738874,,85488.57,85491.33,-0.0014347713676575416,89.0
BTC/USDT,xgb_primary,conservative,1m,2025-12-19 02:30:00+00:00,2025-12-19 01:00:00+00:00,2025-12-19 02:30:00+00:00,sell,True,dry_run,dry_run,,,True,0.6076040864,0.6076040863990784,0.56,0.45,time_limit,time_exit,0.0015939999999987778,-0.00011577140000122244,8.548857000000002,0.6076040863990784,4.664735035913676,0.00116952888503177,8.550451,85488.57,85504.51,-0.00011577140000122244,90.0
BTC/USDT,xgb_primary,conservative,1m,2025-12-19 02:31:00+00:00,,2025-12-19 02:31:00+00:00,buy,True,cooldown_after_exit,cooldown_after_exit,cooldown_after_exit,,False,0.6076040863990784,0.6076040863990784,,0.56,cooldown_after_exit,,,,,0.6076040863990784,,,15.0,,85495.64,0.0,
BTC/USDT,xgb_primary,conservative,1m,2025-12-19 02:32:00+00:00,,2025-12-19 02:32:00+00:00,buy,True,dry_run,dry_run,,exchange_qty_step,True,0.6076040863990784,0.6076040863990784,,0.56,dry_run,,,,,0.6076040863990784,0.267763209628268,,8.552447,,85524.47,0.0,
SOL/USDT,xgb_primary,conservative,1m,2025-12-19 02:33:00+00:00,2025-12-19 01:55:00+00:00,2025-12-19 02:33:00+00:00,sell,False,pnl_block,pnl_block,,,False,0.6076040864,0.6076040863990784,0.48,0.44,gate_close,gate_close,-0.0031999999999993635,-0.005896076376681764,9.4792,0.6076040863990784,14.338731443994746,0.844202439744283,,118.49,118.45,-0.005896076376681764,38.0
ETH/USDT,xgb_primary,primary,1m,2025-12-19 02:33:00+00:00,2025-12-19 02:29:00+00:00,2025-12-19 02:33:00+00:00,sell,False,min_hold,min_hold,,,False,0.6076040864,0.5878524780273438,0.48,0.43,gate_close,gate_close,-0.006370000000002165,-0.010401686394223262,19.808320000000002,0.5878524780273438,26.198529775229588,0.035349991428398696,,2829.76,2828.85,-0.010401686394223262,4.0
BTC/USDT,xgb_primary,conservative,1m,2025-12-19 02:33:00+00:00,2025-12-19 02:32:00+00:00,2025-12-19 02:33:00+00:00,sell,False,min_hold,min_hold,,,False,0.6076040864,0.6076040863990784,0.56,0.45,gate_close,gate_close,-0.006950999999999477,-0.008662490213351342,8.552447,0.6076040863990784,9.133202811122956,0.0011702070201259004,,85524.47,85454.96,-0.008662490213351342,1.0
BTC/USDT,xgb_primary,conservative,1m,2025-12-19 02:34:00+00:00,2025-12-19 02:32:00+00:00,2025-12-19 02:34:00+00:00,sell,False,min_hold,min_hold,,,False,0.6076040864,0.5878524780273438,0.56,0.45,gate_close,gate_close,-0.005972999999999593,-0.007684490098825234,8.552447,0.5878524780273438,7.2523044905426834,0.0011700731096502203,,85524.47,85464.74,-0.007684490098825234,2.0
SOL/USDT,xgb_primary,conservative,1m,2025-12-19 02:36:00+00:00,2025-12-19 01:55:00+00:00,2025-12-19 02:36:00+00:00,sell,False,pnl_block,pnl_block,,,False,0.6076040864,0.6076040863990784,0.48,0.44,gate_close,gate_close,-0.005599999999999454,-0.008296279096474426,9.4792,0.6076040863990784,11.832319134550422,0.8444162972349686,,118.49,118.42,-0.008296279096474426,41.0
BTC/USDT,xgb_primary,conservative,1m,2025-12-19 02:36:00+00:00,2025-12-19 02:32:00+00:00,2025-12-19 02:36:00+00:00,sell,False,min_hold,min_hold,,,False,0.6076040864,0.565682053565979,0.56,0.45,gate_close,gate_close,-0.01095,-0.012661490681917546,8.552447,0.565682053565979,6.774628279448216,0.0011707548933616511,,85524.47,85414.97,-0.012661490681917546,4.0
BTC/USDT,xgb_primary,conservative,1m,2025-12-19 02:37:00+00:00,2025-12-19 02:32:00+00:00,2025-12-19 02:37:00+00:00,sell,False,pnl_block,pnl_block,,,False,0.6076040864,0.565682053565979,0.56,0.45,gate_close,gate_close,-0.010447000000000118,-0.012158490622956675,8.552447,0.565682053565979,8.070013956570794,0.001170685952870327,,85524.47,85420.0,-0.012158490622956675,5.0
SOL/USDT,xgb_primary,conservative,1m,2025-12-19 02:39:00+00:00,2025-12-19 01:55:00+00:00,2025-12-19 02:39:00+00:00,sell,False,pnl_block,pnl_block,,,False,0.6076040864,0.565682053565979,0.48,0.44,gate_close,gate_close,-0.003999999999999773,-0.006696143938537056,9.4792,0.565682053565979,9.28113398582513,0.8442737135383609,,118.49,118.44,-0.006696143938537056,44.0
BTC/USDT,xgb_primary,conservative,1m,2025-12-19 02:39:00+00:00,2025-12-19 02:32:00+00:00,2025-12-19 02:39:00+00:00,sell,False,pnl_block,pnl_block,,,False,0.6076040864,0.5002435445785522,0.56,0.45,trailing_prob_drop,trailing_prob_drop,-0.0037960000000006404,-0.005507489843989726,8.552447,0.5002435445785522,18.01233871527408,0.0011697751404783814,,85524.47,85486.51,-0.005507489843989726,7.0
SOL/USDT,xgb_primary,conservative,1m,2025-12-19 02:41:00+00:00,2025-12-19 01:55:00+00:00,2025-12-19 02:41:00+00:00,sell,True,dry_run,dry_run,,,True,0.6076040864,0.6076040863990784,0.48,0.44,take_profit,take_profit,0.01600000000000023,0.01410416000000023,9.4792,0.6076040863990784,0.8435259384218393,0.8424954715872712,9.4952,118.49,118.69,0.01410416000000023,46.0
SOL/USDT,xgb_primary,conservative,1m,2025-12-19 02:43:00+00:00,,2025-12-19 02:43:00+00:00,buy,True,dry_run,dry_run,,exchange_qty_step,True,0.5878524780273438,0.5878524780273438,,0.48,dry_run,,,,,0.5878524780273438,0.8427084650069622,,9.4936,,118.67,0.0,
BTC/USDT,xgb_primary,conservative,1m,2025-12-19 02:44:00+00:00,2025-12-19 02:32:00+00:00,2025-12-19 02:44:00+00:00,sell,False,dry_run,dry_run,,,True,0.6076040864,0.5002435445785522,0.56,0.45,take_profit,"take_profit,trailing_prob_drop",0.0118,0.0100895106,8.552447,0.5002435445785522,10.201713088764219,0.001167644909230065,8.564247,85524.47,85642.47,0.0100895106,12.0
SOL/USDT,xgb_primary,conservative,1m,2025-12-19 02:44:00+00:00,2025-12-19 02:43:00+00:00,2025-12-19 02:44:00+00:00,sell,True,min_hold,min_hold,,,False,0.587852478,0.565682053565979,0.48,0.44,take_profit,take_profit,0.015199999999999818,0.012502592413241323,9.4936,0.565682053565979,0.8432414200177843,0.8412905396883116,,118.67,118.86,0.012502592413241323,1.0
SOL/USDT,xgb_primary,conservative,1m,2025-12-19 02:45:00+00:00,2025-12-19 02:43:00+00:00,2025-12-19 02:45:00+00:00,sell,False,min_hold,min_hold,,,False,0.587852478,0.5878524780273438,0.48,0.44,take_profit,"take_profit,gate_close",0.02080000000000041,0.01810306248623311,9.4936,0.5878524780273438,17.667844522968867,0.8407953924404847,,118.67,118.93,0.01810306248623311,2.0
BTC/USDT,xgb_primary,conservative,1m,2025-12-19 02:45:00+00:00,,2025-12-19 02:45:00+00:00,buy,True,cooldown_after_exit,cooldown_after_exit,cooldown_after_exit,,False,0.565682053565979,0.565682053565979,,0.56,cooldown_after_exit,,,,,0.565682053565979,,,15.0,,85660.94,0.0,
ETH/USDT,xgb_primary,primary,1m,2025-12-19 02:45:00+00:00,2025-12-19 02:29:00+00:00,2025-12-19 02:45:00+00:00,sell,True,dry_run,dry_run,,,True,0.6076040864,0.565682053565979,0.48,0.43,take_profit,take_profit,0.03443999999999733,0.030478335999997327,19.808320000000002,0.565682053565979,0.03527728830617257,0.03527728830617257,19.84276,2829.76,2834.68,0.030478335999997327,16.0
SOL/USDT,xgb_primary,conservative,1m,2025-12-19 02:46:00+00:00,2025-12-19 02:43:00+00:00,2025-12-19 02:46:00+00:00,sell,True,min_hold,min_hold,,,False,0.587852478,0.6076040863990784,0.48,0.44,take_profit,take_profit,0.027999999999999546,0.025303666053349275,9.4936,0.6076040863990784,1.6823687752351968,0.8401596303301925,,118.67,119.02,0.025303666053349275,3.0
ETH/USDT,xgb_primary,primary,1m,2025-12-19 02:47:00+00:00,,2025-12-19 02:47:00+00:00,buy,True,dry_run,dry_run,,exchange_qty_step,True,0.6076040863990784,0.6076040863990784,,0.48,dry_run,,,,,0.6076040863990784,0.03526049572647563,,19.85228,,2836.04,0.0,
SOL/USDT,xgb_primary,conservative,1m,2025-12-19 02:47:00+00:00,2025-12-19 02:43:00+00:00,2025-12-19 02:47:00+00:00,sell,False,min_hold,min_hold,,,False,0.587852478,0.6076040863990784,0.48,0.44,take_profit,"take_profit,gate_close",0.026399999999999865,0.023703532006217682,9.4936,0.6076040863990784,11.76272895311717,0.8403008276967452,,118.67,119.0,0.023703532006217682,4.0
SOL/USDT,xgb_primary,conservative,1m,2025-12-19 02:48:00+00:00,2025-12-19 02:43:00+00:00,2025-12-19 02:48:00+00:00,sell,False,dry_run,dry_run,,,True,0.587852478,0.6115108132362366,0.48,0.44,take_profit,"take_profit,gate_close",0.024800000000000183,0.022901280000000183,9.4936,0.6115108132362366,7.55921384175955,0.8404420725293864,9.5184,118.67,118.98,0.022901280000000183,5.0
SOL/USDT,xgb_primary,conservative,1m,2025-12-19 02:50:00+00:00,,2025-12-19 02:50:00+00:00,buy,True,dry_run,dry_run,,exchange_qty_step,True,0.6115108132362366,0.6115108132362366,,0.48,dry_run,,,,,0.6115108132362366,0.8409368035996397,,9.5136,,118.92,0.0,
BTC/USDT,xgb_primary,conservative,1m,2025-12-19 02:50:00+00:00,,2025-12-19 02:50:00+00:00,buy,True,dry_run,dry_run,,exchange_qty_step,True,0.6076040863990784,0.6076040863990784,,0.56,dry_run,,,,,0.6076040863990784,19.530493190110864,,8.58932,,85893.2,0.0,
SOL/USDT,xgb_primary,conservative,1m,2025-12-19 02:51:00+00:00,2025-12-19 02:50:00+00:00,2025-12-19 02:51:00+00:00,sell,False,min_hold,min_hold,,,False,0.6115108132,0.6844155788421631,0.48,0.44,take_profit,"take_profit,gate_close",0.009600000000000363,0.0068981200184814965,9.5136,0.6844155788421631,12.590229981534806,0.840018480405805,,118.92,119.04,0.0068981200184814965,1.0
BTC/USDT,xgb_primary,conservative,1m,2025-12-19 02:51:00+00:00,2025-12-19 02:50:00+00:00,2025-12-19 02:51:00+00:00,sell,False,min_hold,min_hold,,,False,0.6076040864,0.6844155788421631,0.56,0.45,gate_close,gate_close,-0.0033209999999991853,-0.0050398643867329024,8.58932,0.6844155788421631,21.685069365212765,0.0011646867664925104,,85893.2,85859.99,-0.0050398643867329024,1.0
SOL/USDT,xgb_primary,conservative,1m,2025-12-19 02:52:00+00:00,2025-12-19 02:50:00+00:00,2025-12-19 02:52:00+00:00,sell,False,min_hold,min_hold,,,False,0.6115108132,0.6699029207229614,0.48,0.44,take_profit,"take_profit,gate_close",0.011200000000000045,0.008498254257759139,9.5136,0.6699029207229614,9.239815203695878,0.8398773779020623,,118.92,119.06,0.008498254257759139,2.0
BTC/USDT,xgb_primary,conservative,1m,2025-12-19 02:52:00+00:00,2025-12-19 02:50:00+00:00,2025-12-19 02:52:00+00:00,sell,False,min_hold,min_hold,,,False,0.6076040864,0.6115108132362366,0.56,0.45,gate_close,gate_close,-0.006664999999999418,-0.008383864776506817,8.58932,0.6115108132362366,19.522047625177365,0.0011651405552467195,,85893.2,85826.55,-0.008383864776506817,2.0
SOL/USDT,xgb_primary,conservative,1m,2025-12-19 02:53:00+00:00,2025-12-19 02:50:00+00:00,2025-12-19 02:53:00+00:00,sell,True,min_hold,min_hold,,,False,0.6115108132,0.6699029207229614,0.48,0.44,take_profit,take_profit,0.02080000000000041,0.018099058747326723,9.5136,0.6699029207229614,,0.8390317573512527,,118.92,119.18,0.018099058747326723,3.0
SOL/USDT,xgb_primary,conservative,1m,2025-12-19 02:54:00+00:00,2025-12-19 02:50:00+00:00,2025-12-19 02:54:00+00:00,sell,False,min_hold,min_hold,,,False,0.6115108132,0.6844155788421631,0.48,0.44,take_profit,"take_profit,gate_close",0.010399999999999637,0.007698187143756315,9.5136,0.6844155788421631,7.552870090634728,0.8399479232291895,,118.92,119.05,0.007698187143756315,4.0
ETH/USDT,xgb_primary,primary,1m,2025-12-19 02:54:00+00:00,2025-12-19 02:47:00+00:00,2025-12-19 02:54:00+00:00,sell,True,dry_run,dry_run,,,True,0.6076040864,0.6076040863990784,0.48,0.43,take_profit,take_profit,0.03199000000000115,0.02801954400000115,19.85228,0.6076040863990784,0.03520364428042354,0.03520364428042354,19.88427,2836.04,2840.61,0.02801954400000115,7.0
ETH/USDT,xgb_primary,primary,1m,2025-12-19 02:55:00+00:00,,2025-12-19 02:55:00+00:00,buy,True,cooldown_after_exit,cooldown_after_exit,cooldown_after_exit,,False,0.6076040863990784,0.6076040863990784,,0.48,cooldown_after_exit,,,,,0.6076040863990784,,,20.0,,2838.68,0.0,
BTC/USDT,xgb_primary,conservative,1m,2025-12-19 02:55:00+00:00,2025-12-19 02:50:00+00:00,2025-12-19 02:55:00+00:00,sell,False,pnl_block,pnl_block,,,False,0.6076040864,0.6076040863990784,0.56,0.45,gate_close,gate_close,-0.015066999999999825,-0.01678586575717851,8.58932,0.6076040863990784,10.098502647869836,0.0011662822885702307,,85893.2,85742.53,-0.01678586575717851,5.0
ETH/USDT,xgb_primary,primary,1m,2025-12-19 02:56:00+00:00,,2025-12-19 02:56:00+00:00,buy,True,dry_run,dry_run,,exchange_qty_step,True,0.6076040863990784,0.6076040863990784,,0.48,dry_run,,,,,0.6076040863990784,0.03524260125716801,,19.86236,,2837.48,0.0,
BTC/USDT,xgb_primary,conservative,1m,2025-12-19 02:56:00+00:00,2025-12-19 02:50:00+00:00,2025-12-19 02:56:00+00:00,sell,False,pnl_block,pnl_block,,,False,0.6076040864,0.6076040863990784,0.56,0.45,gate_close,gate_close,-0.014938999999999942,-0.016657865742225664,8.58932,0.6076040863990784,7.731944335598911,0.0011662648797832503,,85893.2,85743.81,-0.016657865742225664,6.0
SOL/USDT,xgb_primary,conservative,1m,2025-12-19 03:00:00+00:00,2025-12-19 02:50:00+00:00,2025-12-19 03:00:00+00:00,sell,True,dry_run,dry_run,,,True,0.6115108132,0.565682053565979,0.48,0.44,take_profit,take_profit,0.01600000000000023,0.01409728000000023,9.5136,0.565682053565979,2.5216441119610944,0.8394543546687013,9.5296,118.92,119.12,0.01409728000000023,10.0
BTC/USDT,xgb_primary,conservative,1m,2025-12-19 03:00:00+00:00,2025-12-19 02:50:00+00:00,2025-12-19 03:00:00+00:00,sell,False,pnl_block,pnl_block,,,False,0.6076040864,0.4742901027202606,0.56,0.45,trailing_prob_drop,trailing_prob_drop,-0.021363999999999942,-0.02308286649341923,8.58932,0.4742901027202606,3.5589508021481677,0.0011671394467646077,,85893.2,85679.56,-0.02308286649341923,10.0
BTC/USDT,xgb_primary,conservative,1m,2025-12-19 03:01:00+00:00,2025-12-19 02:50:00+00:00,2025-12-19 03:01:00+00:00,sell,False,pnl_block,pnl_block,,,False,0.6076040864,0.5002435445785522,0.56,0.45,trailing_prob_drop,trailing_prob_drop,-0.007248999999999069,-0.008967864844608148,8.58932,0.5002435445785522,8.971665966485164,0.0011652198417085328,,85893.2,85820.71,-0.008967864844608148,11.0
ETH/USDT,xgb_primary,primary,1m,2025-12-19 03:02:00+00:00,2025-12-19 02:56:00+00:00,2025-12-19 03:02:00+00:00,sell,True,dry_run,dry_run,,,True,0.6076040864,0.565682053565979,0.48,0.43,take_profit,take_profit,0.03975999999999885,0.035787527999998854,19.86236,0.565682053565979,0.035172070562975694,0.035172070562975694,19.90212,2837.48,2843.16,0.035787527999998854,6.0
BTC/USDT,xgb_primary,conservative,1m,2025-12-19 03:02:00+00:00,2025-12-19 02:50:00+00:00,2025-12-19 03:02:00+00:00,sell,False,dry_run,dry_run,,,True,0.6076040864,0.5002435445785522,0.56,0.45,take_profit,"take_profit,trailing_prob_drop",0.016480000000000293,0.014762136000000294,8.58932,0.5002435445785522,16.44707903255621,0.23356068316090353,8.6058,85893.2,86058.0,0.014762136000000294,12.0
ETH/USDT,xgb_primary,primary,1m,2025-12-19 03:03:00+00:00,,2025-12-19 03:03:00+00:00,buy,True,spread_too_wide,spread_too_wide,spread_too_wide,,False,0.6076040863990784,0.6076040863990784,,0.48,spread_too_wide,,,,,0.6076040863990784,,,20.0,,2851.73,0.0,
ETH/USDT,xgb_primary,primary,1m,2025-12-19 03:04:00+00:00,,2025-12-19 03:04:00+00:00,buy,True,dry_run,dry_run,,exchange_qty_step,True,0.6844155788421631,0.6844155788421631,,0.48,dry_run,,,,,0.6844155788421631,0.03499654409044342,,17.144579999999998,,2857.43,0.0,
SOL/USDT,xgb_primary,conservative,1m,2025-12-19 03:04:00+00:00,,2025-12-19 03:04:00+00:00,buy,True,dry_run,dry_run,,exchange_qty_step,True,0.6699029207229614,0.6699029207229614,,0.48,dry_run,,,,,0.6699029207229614,0.8335069806213892,,9.5984,,119.98,0.0,
SOL/USDT,xgb_primary,conservative,1m,2025-12-19 03:05:00+00:00,2025-12-19 03:04:00+00:00,2025-12-19 03:05:00+00:00,sell,False,min_hold,min_hold,,,False,0.6699029207,0.6844155788421631,0.48,0.44,gate_close,gate_close,-0.013600000000000136,-0.01632078169845119,9.5984,0.6844155788421631,23.391812865497172,0.8346200392263827,,119.98,119.81,-0.01632078169845119,1.0
SOL/USDT,xgb_primary,conservative,1m,2025-12-19 03:07:00+00:00,2025-12-19 03:04:00+00:00,2025-12-19 03:07:00+00:00,sell,False,min_hold,min_hold,,,False,0.6699029207,0.6844155788421631,0.48,0.44,gate_close,gate_close,0.003999999999999773,0.0012806865597527694,9.5984,0.6844155788421631,16.666666666666902,0.8330903486487371,,119.98,120.03,0.0012806865597527694,3.0
SOL/USDT,xgb_primary,conservative,1m,2025-12-19 03:09:00+00:00,2025-12-19 03:04:00+00:00,2025-12-19 03:09:00+00:00,sell,False,pnl_block,pnl_block,,,False,0.6699029207,0.6076040863990784,0.48,0.44,gate_close,gate_close,-0.036000000000000226,-0.03872265820722028,9.5984,0.6076040863990784,28.406717353162623,0.8365750616978388,,119.98,119.53,-0.03872265820722028,5.0
ETH/USDT,xgb_primary,primary,1m,2025-12-19 03:11:00+00:00,2025-12-19 03:04:00+00:00,2025-12-19 03:11:00+00:00,sell,False,dry_run,dry_run,,,True,0.6844155788,0.6076040863990784,0.48,0.43,take_profit,"take_profit,gate_close",0.01980000000000109,0.01637108400000109,17.144579999999998,0.6076040863990784,8.88221065233253,0.03495605150341969,17.16438,2857.43,2860.73,0.01637108400000109,7.0
SOL/USDT,xgb_primary,conservative,1m,2025-12-19 03:11:00+00:00,2025-12-19 03:04:00+00:00,2025-12-19 03:11:00+00:00,sell,False,dry_run,dry_run,,,True,0.6699029207,0.6844155788421631,0.48,0.44,take_profit,"take_profit,gate_close",0.024800000000000183,0.022880320000000183,9.5984,0.6844155788421631,29.19586252919539,0.8312897460402265,9.6232,119.98,120.29,0.022880320000000183,7.0
ETH/USDT,xgb_primary,primary,1m,2025-12-19 03:12:00+00:00,,2025-12-19 03:12:00+00:00,buy,True,cooldown_after_exit,cooldown_after_exit,cooldown_after_exit,,False,0.6699029207229614,0.6699029207229614,,0.48,cooldown_after_exit,,,,,0.6699029207229614,,,20.0,,2867.01,0.0,
ETH/USDT,xgb_primary,primary,1m,2025-12-19 03:13:00+00:00,,2025-12-19 03:13:00+00:00,buy,True,spread_too_wide,spread_too_wide,spread_too_wide,,False,0.6699029207229614,0.6699029207229614,,0.48,spread_too_wide,,,,,0.6699029207229614,,,20.0,,2871.89,0.0,
ETH/USDT,xgb_primary,primary,1m,2025-12-19 03:15:00+00:00,,2025-12-19 03:15:00+00:00,buy,True,dry_run,dry_run,,exchange_qty_step,True,0.6844155788421631,0.6844155788421631,,0.48,dry_run,,,,,0.6844155788421631,0.03485784101066224,,17.2128,,2868.8,0.0,
ETH/USDT,xgb_primary,primary,1m,2025-12-19 03:17:00+00:00,2025-12-19 03:15:00+00:00,2025-12-19 03:17:00+00:00,sell,False,min_hold,min_hold,,,False,0.6844155788,0.6699029207229614,0.48,0.43,gate_close,gate_close,-0.04182000000000153,-0.04532270602519298,17.2128,0.6699029207229614,,0.03494261549047475,,2868.8,2861.83,-0.04532270602519298,2.0
ETH/USDT,xgb_primary,primary,1m,2025-12-19 03:18:00+00:00,2025-12-19 03:15:00+00:00,2025-12-19 03:18:00+00:00,sell,False,min_hold,min_hold,,,False,0.6844155788,0.6699029207229614,0.48,0.43,gate_close,gate_close,-0.02556000000000131,-0.029062649124104355,17.2128,0.6699029207229614,,0.03490955806321171,,2868.8,2864.54,-0.029062649124104355,3.0
ETH/USDT,xgb_primary,primary,1m,2025-12-19 03:19:00+00:00,2025-12-19 03:15:00+00:00,2025-12-19 03:19:00+00:00,sell,False,min_hold,min_hold,,,False,0.6844155788,0.6699029207229614,0.48,0.43,gate_close,gate_close,-0.06066000000000076,-0.070604248916247,17.2128,0.6699029207229614,,3.777240725649658,,2868.8,2858.69,-0.070604248916247,4.0
BTC/USDT,xgb_primary,conservative,1m,2025-12-19 03:20:00+00:00,,2025-12-19 03:20:00+00:00,buy,True,dry_run,dry_run,,exchange_qty_step,True,0.565682053565979,0.565682053565979,,0.56,dry_run,,,,,0.565682053565979,0.05918789679572548,,8.616652,,86166.52,0.0,
SOL/USDT,xgb_primary,conservative,1m,2025-12-19 03:20:00+00:00,,2025-12-19 03:20:00+00:00,buy,True,dry_run,dry_run,,exchange_qty_step,True,0.6076040863990784,0.6076040863990784,,0.48,dry_run,,,,,0.6076040863990784,0.8345503859799805,,9.5864,,119.83,0.0,
SOL/USDT,xgb_primary,conservative,1m,2025-12-19 03:21:00+00:00,2025-12-19 03:20:00+00:00,2025-12-19 03:21:00+00:00,sell,False,min_hold,min_hold,,,False,0.6076040864,0.565682053565979,0.48,0.44,take_profit,"take_profit,gate_close",0.0232000000000005,0.020484684620188532,9.5864,0.565682053565979,40.06677796327246,0.8324661810606372,,119.83,120.12,0.020484684620188532,1.0
BTC/USDT,xgb_primary,conservative,1m,2025-12-19 03:21:00+00:00,2025-12-19 03:20:00+00:00,2025-12-19 03:21:00+00:00,sell,False,min_hold,min_hold,,,False,0.5656820536,0.5002435445785522,0.56,0.45,take_profit,take_profit,0.017201999999998954,0.015477671592445315,8.616652,0.5002435445785522,22.946267297321647,0.0011582312406716172,,86166.52,86338.54,0.015477671592445315,1.0
ETH/USDT,xgb_primary,primary,1m,2025-12-19 03:21:00+00:00,2025-12-19 03:15:00+00:00,2025-12-19 03:21:00+00:00,sell,False,pnl_block,pnl_block,,,False,0.6844155788,0.6115108132362366,0.48,0.43,gate_close,gate_close,-0.10260000000000219,-0.10610291967956363,17.2128,0.6115108132362366,11.615950700641667,0.03506674077514427,,2868.8,2851.7,-0.10610291967956363,6.0
ETH/USDT,xgb_primary,primary,1m,2025-12-19 03:22:00+00:00,2025-12-19 03:15:00+00:00,2025-12-19 03:22:00+00:00,sell,False,pnl_block,pnl_block,,,False,0.6844155788,0.565682053565979,0.48,0.43,gate_close,gate_close,-0.05046000000000186,-0.05396273630432478,17.2128,0.565682053565979,,0.034960206545663376,,2868.8,2860.39,-0.05396273630432478,7.0
SOL/USDT,xgb_primary,conservative,1m,2025-12-19 03:22:00+00:00,2025-12-19 03:20:00+00:00,2025-12-19 03:22:00+00:00,sell,False,min_hold,min_hold,,,False,0.6076040864,0.5002435445785522,0.48,0.44,take_profit,"take_profit,gate_close",0.04800000000000068,0.045286738765310496,9.5864,0.5002435445785522,28.305028305028586,0.830323410967817,,119.83,120.43,0.045286738765310496,2.0
BTC/USDT,xgb_primary,conservative,1m,2025-12-19 03:22:00+00:00,2025-12-19 03:20:00+00:00,2025-12-19 03:22:00+00:00,sell,False,min_hold,min_hold,,,False,0.5656820536,0.41829004883766174,0.56,0.45,take_profit,"take_profit,prob_floor,trailing_prob_drop",0.03021999999999971,0.028495673094963293,8.616652,0.41829004883766174,49.50576296572798,0.0011564875039803478,,86166.52,86468.72,0.028495673094963293,2.0
SOL/USDT,xgb_primary,conservative,1m,2025-12-19 03:23:00+00:00,2025-12-19 03:20:00+00:00,2025-12-19 03:23:00+00:00,sell,False,min_hold,min_hold,,,False,0.6076040864,0.565682053565979,0.48,0.44,take_profit,"take_profit,gate_close",0.05840000000000032,0.055687597037283834,9.5864,0.565682053565979,30.723241717180482,0.8294281093178705,,119.83,120.56,0.055687597037283834,3.0
ETH/USDT,xgb_primary,primary,1m,2025-12-19 03:23:00+00:00,2025-12-19 03:15:00+00:00,2025-12-19 03:23:00+00:00,sell,False,dry_run,dry_run,,,True,0.6844155788,0.41829004883766174,0.48,0.43,prob_floor,"prob_floor,trailing_prob_drop",0.014760000000000219,0.011317440000000218,17.2128,0.41829004883766174,70.75231777858093,0.03482785462074566,17.22756,2868.8,2871.26,0.011317440000000218,8.0
BTC/USDT,xgb_primary,conservative,1m,2025-12-19 03:23:00+00:00,2025-12-19 03:20:00+00:00,2025-12-19 03:23:00+00:00,sell,False,min_hold,min_hold,,,False,0.5656820536,0.5002435445785522,0.56,0.45,take_profit,take_profit,0.03196699999999983,0.030242673296254994,8.616652,0.5002435445785522,17.199283162743843,0.0011562538963312363,,86166.52,86486.19,0.030242673296254994,3.0
SOL/USDT,xgb_primary,conservative,1m,2025-12-19 03:24:00+00:00,2025-12-19 03:20:00+00:00,2025-12-19 03:24:00+00:00,sell,False,min_hold,min_hold,,,False,0.6076040864,0.6844155788421631,0.48,0.44,take_profit,"take_profit,gate_close",0.10879999999999995,0.10609173027270057,9.5864,0.6844155788421631,11.61054901310338,0.8251165477127865,,119.83,121.19,0.10609173027270057,4.0
BTC/USDT,xgb_primary,conservative,1m,2025-12-19 03:24:00+00:00,2025-12-19 03:20:00+00:00,2025-12-19 03:24:00+00:00,sell,False,min_hold,min_hold,,,False,0.5656820536,0.6076040863990784,0.56,0.45,take_profit,"take_profit,gate_close",0.06334700000000013,0.061622676898100144,8.616652,0.6076040863990784,9.753011236435043,0.0011520737984790565,,86166.52,86799.99,0.061622676898100144,4.0
BTC/USDT,xgb_primary,conservative,1m,2025-12-19 03:25:00+00:00,2025-12-19 03:20:00+00:00,2025-12-19 03:25:00+00:00,sell,False,dry_run,dry_run,,,True,0.5656820536,0.6844155788421631,0.56,0.45,take_profit,"take_profit,gate_close",0.07471199999999954,0.07298866959999954,8.616652,0.6844155788421631,36.15207789770516,0.001150567324010092,8.691364,86166.52,86913.64,0.07298866959999954,5.0
SOL/USDT,xgb_primary,conservative,1m,2025-12-19 03:25:00+00:00,2025-12-19 03:20:00+00:00,2025-12-19 03:25:00+00:00,sell,False,dry_run,dry_run,,,True,0.6076040864,0.6844155788421631,0.48,0.44,take_profit,"take_profit,gate_close",0.13039999999999963,0.12848271999999963,9.5864,0.6844155788421631,48.68388480897792,0.823282427037016,9.7168,119.83,121.46,0.12848271999999963,5.0
BTC/USDT,xgb_primary,conservative,1m,2025-12-19 03:52:00+00:00,,2025-12-19 03:52:00+00:00,buy,True,dry_run,dry_run,,exchange_qty_step,True,0.6076040863990784,0.6076040863990784,,0.56,dry_run,,,,,0.6076040863990784,0.001147345887182203,,8.715767999999999,,87157.68,0.0,
BTC/USDT,xgb_primary,conservative,1m,2025-12-19 03:53:00+00:00,2025-12-19 03:52:00+00:00,2025-12-19 03:53:00+00:00,sell,False,min_hold,min_hold,,,False,0.6076040864,0.6076040863990784,0.56,0.45,gate_close,gate_close,-0.009284999999999127,-0.011029154666387805,8.715767999999999,0.6076040863990784,7.03093600368147,0.0011485693385580196,,87157.68,87064.83,-0.011029154666387805,1.0
BTC/USDT,xgb_primary,conservative,1m,2025-12-19 03:54:00+00:00,2025-12-19 03:52:00+00:00,2025-12-19 03:54:00+00:00,sell,False,min_hold,min_hold,,,False,0.6076040864,0.565682053565979,0.56,0.45,gate_close,gate_close,-0.015342999999999302,-0.017087155363418278,8.715767999999999,0.565682053565979,11.646492430240352,0.0011493690733586893,,87157.68,87004.25,-0.017087155363418278,2.0
BTC/USDT,xgb_primary,conservative,1m,2025-12-19 03:55:00+00:00,2025-12-19 03:52:00+00:00,2025-12-19 03:55:00+00:00,sell,False,min_hold,min_hold,,,False,0.6076040864,0.39150944352149963,0.56,0.45,prob_floor,"prob_floor,trailing_prob_drop",-0.041565999999998895,-0.04331015839185099,8.715767999999999,0.39150944352149963,10.223637325346097,0.001152843733445387,,87157.68,86742.02,-0.04331015839185099,3.0
ETH/USDT,xgb_primary,primary,1m,2025-12-19 03:56:00+00:00,,2025-12-19 03:56:00+00:00,buy,True,dry_run,dry_run,,exchange_qty_step,True,0.6076040863990784,0.6076040863990784,,0.48,dry_run,,,,,0.6076040863990784,0.03443010430675253,,17.42664,,2904.44,0.0,
BTC/USDT,xgb_primary,conservative,1m,2025-12-19 03:56:00+00:00,2025-12-19 03:52:00+00:00,2025-12-19 03:56:00+00:00,sell,False,min_hold,min_hold,,,False,0.6076040864,0.41829004883766174,0.56,0.45,prob_floor,"prob_floor,trailing_prob_drop",-0.04338799999999901,-0.0451321586029501,8.715767999999999,0.41829004883766174,65.90788716177357,0.0011530859369882711,,87157.68,86723.8,-0.0451321586029501,4.0
BTC/USDT,xgb_primary,conservative,1m,2025-12-19 03:57:00+00:00,2025-12-19 03:52:00+00:00,2025-12-19 03:57:00+00:00,sell,False,pnl_block,pnl_block,,,False,0.6076040864,0.4007633626461029,0.56,0.45,prob_floor,"prob_floor,trailing_prob_drop",-0.029897999999999595,-0.046854096349012386,8.715767999999999,0.4007633626461029,12.9053370694851,17.454506302844223,,87157.68,86858.7,-0.046854096349012386,5.0
BTC/USDT,xgb_primary,conservative,1m,2025-12-19 03:58:00+00:00,2025-12-19 03:52:00+00:00,2025-12-19 03:58:00+00:00,sell,False,pnl_block,pnl_block,,,False,0.6076040864,0.41829004883766174,0.56,0.45,prob_floor,"prob_floor,trailing_prob_drop",-0.032414999999999417,-0.034159157332946076,8.715767999999999,0.41829004883766174,9.788018433178785,0.0011516288027155995,,87157.68,86833.53,-0.034159157332946076,6.0
ETH/USDT,xgb_primary,primary,1m,2025-12-19 03:58:00+00:00,2025-12-19 03:56:00+00:00,2025-12-19 03:58:00+00:00,sell,False,min_hold,min_hold,,,False,0.6076040864,0.4742901027202606,0.48,0.43,take_profit,"take_profit,trailing_prob_drop",0.0208199999999988,0.016315918941619656,17.42664,0.4742901027202606,,0.5845952279837922,,2904.44,2907.91,0.016315918941619656,2.0
ETH/USDT,xgb_primary,primary,1m,2025-12-19 03:59:00+00:00,2025-12-19 03:56:00+00:00,2025-12-19 03:59:00+00:00,sell,False,min_hold,min_hold,,,False,0.6076040864,0.6076040863990784,0.48,0.43,take_profit,"take_profit,gate_close",0.01823999999999978,0.014694734837814635,17.42664,0.6076040863990784,64.40217019939017,0.03439398655457735,,2904.44,2907.48,0.014694734837814635,3.0
SOL/USDT,xgb_primary,conservative,1m,2025-12-19 03:59:00+00:00,,2025-12-19 03:59:00+00:00,buy,True,dry_run,dry_run,,exchange_qty_step,True,0.5002435445785522,0.5002435445785522,,0.48,dry_run,,,,,0.5002435445785522,0.8224698770411741,,9.7272,,121.59,0.0,
BTC/USDT,xgb_primary,conservative,1m,2025-12-19 03:59:00+00:00,2025-12-19 03:52:00+00:00,2025-12-19 03:59:00+00:00,sell,False,pnl_block,pnl_block,,,False,0.6076040864,0.4742901027202606,0.56,0.45,trailing_prob_drop,trailing_prob_drop,-0.018163999999999944,-0.01990815568833451,8.715767999999999,0.4742901027202606,6.194929718420216,0.0011497418639020924,,87157.68,86976.04,-0.01990815568833451,7.0
BTC/USDT,xgb_primary,conservative,1m,2025-12-19 04:00:00+00:00,2025-12-19 03:52:00+00:00,2025-12-19 04:00:00+00:00,sell,False,pnl_block,pnl_block,,,False,0.6076040864,0.41829004883766174,0.56,0.45,prob_floor,"prob_floor,trailing_prob_drop",-0.005622999999999593,-0.007367154245512129,8.715767999999999,0.41829004883766174,9.370076366582877,0.0011480864480752045,,87157.68,87101.45,-0.007367154245512129,8.0
ETH/USDT,xgb_primary,primary,1m,2025-12-19 04:00:00+00:00,2025-12-19 03:56:00+00:00,2025-12-19 04:00:00+00:00,sell,True,min_hold,min_hold,,,False,0.6076040864,0.5002435445785522,0.48,0.43,take_profit,take_profit,0.05969999999999891,0.0561548769481944,17.42664,0.5002435445785522,,0.03431243877449103,,2904.44,2914.39,0.0561548769481944,4.0
SOL/USDT,xgb_primary,conservative,1m,2025-12-19 04:00:00+00:00,2025-12-19 03:59:00+00:00,2025-12-19 04:00:00+00:00,sell,False,min_hold,min_hold,,,False,0.5002435446,0.41829004883766174,0.48,0.44,take_profit,"take_profit,prob_floor",0.01759999999999991,0.014856037650536285,9.7272,0.41829004883766174,7.410456978180601,0.8209169642483196,,121.59,121.81,0.014856037650536285,1.0
ETH/USDT,xgb_primary,primary,1m,2025-12-19 04:01:00+00:00,2025-12-19 03:56:00+00:00,2025-12-19 04:01:00+00:00,sell,True,min_hold,min_hold,,,False,0.6076040864,0.565682053565979,0.48,0.43,take_profit,take_profit,0.10517999999999847,0.10163503206467944,17.42664,0.565682053565979,,0.034223427648143054,,2904.44,2921.97,0.10163503206467944,5.0
SOL/USDT,xgb_primary,conservative,1m,2025-12-19 04:01:00+00:00,2025-12-19 03:59:00+00:00,2025-12-19 04:01:00+00:00,sell,False,min_hold,min_hold,,,False,0.5002435446,0.41829004883766174,0.48,0.44,prob_floor,prob_floor,-0.019200000000000727,-0.021946989173912388,9.7272,0.41829004883766174,21.34471718249775,0.8240286761983533,,121.59,121.35,-0.021946989173912388,2.0
BTC/USDT,xgb_primary,conservative,1m,2025-12-19 04:01:00+00:00,2025-12-19 03:52:00+00:00,2025-12-19 04:01:00+00:00,sell,False,pnl_block,pnl_block,,,False,0.6076040864,0.3245033025741577,0.56,0.45,prob_floor,"prob_floor,trailing_prob_drop",-0.02408299999999872,-0.025827156370749622,8.715767999999999,0.3245033025741577,87.23276133749756,0.0011505248314335936,,87157.68,86916.85,-0.025827156370749622,9.0
SOL/USDT,xgb_primary,conservative,1m,2025-12-19 04:02:00+00:00,2025-12-19 03:59:00+00:00,2025-12-19 04:02:00+00:00,sell,False,min_hold,min_hold,,,False,0.5002435446,0.4007633626461029,0.48,0.44,prob_floor,prob_floor,-0.0008000000000004093,-0.0035454728987959,9.7272,0.4007633626461029,31.29117259552005,0.8224698770411741,,121.59,121.58,-0.0035454728987959,3.0
ETH/USDT,xgb_primary,primary,1m,2025-12-19 04:02:00+00:00,2025-12-19 03:56:00+00:00,2025-12-19 04:02:00+00:00,sell,True,dry_run,dry_run,,,True,0.6076040864,0.6076040863990784,0.48,0.43,take_profit,take_profit,0.050939999999998695,0.04745467199999869,17.42664,0.6076040863990784,0.03432963660438108,0.03432963660438108,17.47758,2904.44,2912.93,0.04745467199999869,6.0
BTC/USDT,xgb_primary,conservative,1m,2025-12-19 04:02:00+00:00,2025-12-19 03:52:00+00:00,2025-12-19 04:02:00+00:00,sell,False,pnl_block,pnl_block,,,False,0.6076040864,0.39150944352149963,0.56,0.45,prob_floor,"prob_floor,trailing_prob_drop",-0.025767999999999302,-0.028756747425342562,8.715767999999999,0.39150944352149963,15.714403988740674,1.4291268713706713,,87157.68,86900.0,-0.028756747425342562,10.0
BTC/USDT,xgb_primary,conservative,1m,2025-12-19 04:03:00+00:00,2025-12-19 03:52:00+00:00,2025-12-19 04:03:00+00:00,sell,False,pnl_block,pnl_block,,,False,0.6076040864,0.39150944352149963,0.56,0.45,prob_floor,"prob_floor,trailing_prob_drop",-0.02062699999999895,-0.02237115597218524,8.715767999999999,0.39150944352149963,35.56568784990691,0.0011500675399890052,,87157.68,86951.41,-0.02237115597218524,11.0
SOL/USDT,xgb_primary,conservative,1m,2025-12-19 04:03:00+00:00,2025-12-19 03:59:00+00:00,2025-12-19 04:03:00+00:00,sell,False,min_hold,min_hold,,,False,0.5002435446,0.4007633626461029,0.48,0.44,prob_floor,prob_floor,-0.014400000000000546,-0.01714659307004996,9.7272,0.4007633626461029,19.738465334321006,0.8236214635757622,,121.59,121.41,-0.01714659307004996,4.0
SOL/USDT,xgb_primary,conservative,1m,2025-12-19 04:04:00+00:00,2025-12-19 03:59:00+00:00,2025-12-19 04:04:00+00:00,sell,False,dry_run,dry_run,,,True,0.5002435446,0.3245033025741577,0.48,0.44,prob_floor,"prob_floor,trailing_prob_drop",0.003999999999999773,0.002054559999999773,9.7272,0.3245033025741577,8.231807704971542,0.8220642032146915,9.7312,121.59,121.64,0.002054559999999773,5.0
BTC/USDT,xgb_primary,conservative,1m,2025-12-19 04:04:00+00:00,2025-12-19 03:52:00+00:00,2025-12-19 04:04:00+00:00,sell,False,pnl_block,pnl_block,,,False,0.6076040864,0.3396226465702057,0.56,0.45,prob_floor,"prob_floor,trailing_prob_drop",-0.015155999999999769,-0.016900155341889562,8.715767999999999,0.3396226465702057,2.297835078236279,0.0011493443719408519,,87157.68,87006.12,-0.016900155341889562,12.0
ETH/USDT,xgb_primary,primary,1m,2025-12-19 04:04:00+00:00,,2025-12-19 04:04:00+00:00,buy,True,dry_run,dry_run,,exchange_qty_step,True,0.5002435445785522,0.5002435445785522,,0.48,dry_run,,,,,0.5002435445785522,0.03430278727216871,,17.491319999999998,,2915.22,0.0,
BTC/USDT,xgb_primary,conservative,1m,2025-12-19 04:05:00+00:00,2025-12-19 03:52:00+00:00,2025-12-19 04:05:00+00:00,sell,False,pnl_block,pnl_block,,,False,0.6076040864,0.41829004883766174,0.56,0.45,prob_floor,"prob_floor,trailing_prob_drop",-0.011236999999999536,-0.012981154890879823,8.715767999999999,0.41829004883766174,7.763821671395404,0.0011488269080665886,,87157.68,87045.31,-0.012981154890879823,13.0
ETH/USDT,xgb_primary,primary,1m,2025-12-19 04:06:00+00:00,2025-12-19 04:04:00+00:00,2025-12-19 04:06:00+00:00,sell,False,min_hold,min_hold,,,False,0.5002435446,0.41829004883766174,0.48,0.43,take_profit,"take_profit,prob_floor",0.033,0.029441849088358604,17.491319999999998,0.41829004883766174,0.0342808561994127,0.03423807445144024,,2915.22,2920.72,0.029441849088358604,2.0
BTC/USDT,xgb_primary,conservative,1m,2025-12-19 04:06:00+00:00,2025-12-19 03:52:00+00:00,2025-12-19 04:06:00+00:00,sell,False,pnl_block,pnl_block,,,False,0.6076040864,0.4007633626461029,0.56,0.45,prob_floor,"prob_floor,trailing_prob_drop",-0.019821999999998664,-0.021566155879393485,8.715767999999999,0.4007633626461029,5.415319874429625,0.0011499610760900279,,87157.68,86959.46,-0.021566155879393485,14.0
BTC/USDT,xgb_primary,conservative,1m,2025-12-19 04:07:00+00:00,2025-12-19 03:52:00+00:00,2025-12-19 04:07:00+00:00,sell,False,pnl_block,pnl_block,,,False,0.6076040864,0.3731343150138855,0.56,0.45,prob_floor,"prob_floor,trailing_prob_drop",-0.012325999999999476,-0.014070155016162728,8.715767999999999,0.3731343150138855,10.610322396935693,0.0011489706509534947,,87157.68,87034.42,-0.014070155016162728,15.0
ETH/USDT,xgb_primary,primary,1m,2025-12-19 04:08:00+00:00,2025-12-19 04:04:00+00:00,2025-12-19 04:08:00+00:00,sell,False,min_hold,min_hold,,,False,0.5002435446,0.4742901027202606,0.48,0.43,take_profit,take_profit,0.06390000000000055,0.06034195449873894,17.491319999999998,0.4742901027202606,,0.03417781005756664,,2915.22,2925.87,0.06034195449873894,4.0
BTC/USDT,xgb_primary,conservative,1m,2025-12-19 04:08:00+00:00,2025-12-19 03:52:00+00:00,2025-12-19 04:08:00+00:00,sell,False,pnl_block,pnl_block,,,False,0.6076040864,0.41829004883766174,0.56,0.45,prob_floor,"prob_floor,trailing_prob_drop",-0.0021750000000000003,-0.003919153849553541,8.715767999999999,0.41829004883766174,14.61251556557984,0.0011476321461763423,,87157.68,87135.93,-0.003919153849553541,16.0
ETH/USDT,xgb_primary,primary,1m,2025-12-19 04:09:00+00:00,2025-12-19 04:04:00+00:00,2025-12-19 04:09:00+00:00,sell,True,min_hold,min_hold,,,False,0.5002435446,0.6076040863990784,0.48,0.43,take_profit,take_profit,0.07806000000000131,0.07450200267941882,17.491319999999998,0.6076040863990784,,0.034150264578367284,,2915.22,2928.23,0.07450200267941882,5.0
SOL/USDT,xgb_primary,conservative,1m,2025-12-19 04:09:00+00:00,,2025-12-19 04:09:00+00:00,buy,True,dry_run,dry_run,,exchange_qty_step,True,0.565682053565979,0.565682053565979,,0.48,dry_run,,,,,0.565682053565979,0.8202436123532886,,9.7536,,121.92,0.0,
BTC/USDT,xgb_primary,conservative,1m,2025-12-19 04:09:00+00:00,2025-12-19 03:52:00+00:00,2025-12-19 04:09:00+00:00,sell,False,pnl_block,pnl_block,,,False,0.6076040864,0.5002435445785522,0.56,0.45,trailing_prob_drop,trailing_prob_drop,-0.0015739999999990688,-0.0033181537805660084,8.715767999999999,0.5002435445785522,11.64961457345951,0.0011475529946871521,,87157.68,87141.94,-0.0033181537805660084,17.0
BTC/USDT,xgb_primary,conservative,1m,2025-12-19 04:10:00+00:00,2025-12-19 03:52:00+00:00,2025-12-19 04:10:00+00:00,sell,True,dry_run,dry_run,,,True,0.6076040864,0.565682053565979,0.56,0.45,take_profit,take_profit,0.01040300000000134,0.00865984640000134,8.715767999999999,0.565682053565979,4.124021362728284,0.0011459779348550862,8.726171,87157.68,87261.71,0.00865984640000134,18.0
SOL/USDT,xgb_primary,conservative,1m,2025-12-19 04:10:00+00:00,2025-12-19 04:09:00+00:00,2025-12-19 04:10:00+00:00,sell,False,min_hold,min_hold,,,False,0.5656820536,0.6076040863990784,0.48,0.44,gate_close,gate_close,0.008799999999999955,0.006050033882082555,9.7536,0.6076040863990784,9.023049790829253,0.8194370467493027,,121.92,122.03,0.006050033882082555,1.0
ETH/USDT,xgb_primary,primary,1m,2025-12-19 04:10:00+00:00,2025-12-19 04:04:00+00:00,2025-12-19 04:10:00+00:00,sell,True,dry_run,dry_run,,,True,0.5002435446,0.6076040863990784,0.48,0.43,take_profit,take_profit,0.08406000000000131,0.08056173600000131,17.491319999999998,0.6076040863990784,0.03413860615404204,0.03413860615404204,17.57538,2915.22,2929.23,0.08056173600000131,6.0
SOL/USDT,xgb_primary,conservative,1m,2025-12-19 04:11:00+00:00,2025-12-19 04:09:00+00:00,2025-12-19 04:11:00+00:00,sell,False,min_hold,min_hold,,,False,0.5656820536,0.6699029207229614,0.48,0.44,gate_close,gate_close,0.009600000000000363,0.006850099369905634,9.7536,0.6699029207229614,10.652245165520293,0.8193699045426609,,121.92,122.04,0.006850099369905634,2.0
ETH/USDT,xgb_primary,primary,1m,2025-12-19 04:12:00+00:00,,2025-12-19 04:12:00+00:00,buy,True,dry_run,dry_run,,exchange_qty_step,True,0.6699029207229614,0.6699029207229614,,0.48,dry_run,,,,,0.6699029207229614,0.03411391660245272,,17.588160000000002,,2931.36,0.0,
BTC/USDT,xgb_primary,conservative,1m,2025-12-19 04:12:00+00:00,,2025-12-19 04:12:00+00:00,buy,True,dry_run,dry_run,,exchange_qty_step,True,0.6844155788421631,0.6844155788421631,,0.56,dry_run,,,,,0.6844155788421631,0.0011462047806896256,,8.724445,,87244.45,0.0,
SOL/USDT,xgb_primary,conservative,1m,2025-12-19 04:13:00+00:00,2025-12-19 04:09:00+00:00,2025-12-19 04:13:00+00:00,sell,False,min_hold,min_hold,,,False,0.5656820536,0.6076040863990784,0.48,0.44,take_profit,"take_profit,gate_close",0.012799999999999728,0.010050361213907663,9.7536,0.6076040863990784,9.841712457966892,0.8191014457144706,,121.92,122.08,0.010050361213907663,4.0
BTC/USDT,xgb_primary,conservative,1m,2025-12-19 04:13:00+00:00,2025-12-19 04:12:00+00:00,2025-12-19 04:13:00+00:00,sell,True,min_hold,min_hold,,,False,0.6844155788,0.6076040863990784,0.56,0.45,take_profit,take_profit,0.010588000000000467,0.008842112212188672,8.724445,0.6076040863990784,5.865129529729199,0.001144815299765171,,87244.45,87350.33,0.008842112212188672,1.0
SOL/USDT,xgb_primary,conservative,1m,2025-12-19 04:14:00+00:00,2025-12-19 04:09:00+00:00,2025-12-19 04:14:00+00:00,sell,True,dry_run,dry_run,,,True,0.5656820536,0.6076040863990784,0.48,0.44,take_profit,take_profit,0.01439999999999941,0.01244927999999941,9.7536,0.6076040863990784,1.6393442622959207,0.8189672822574929,9.767999999999999,121.92,122.1,0.01244927999999941,5.0
BTC/USDT,xgb_primary,conservative,1m,2025-12-19 04:14:00+00:00,2025-12-19 04:12:00+00:00,2025-12-19 04:14:00+00:00,sell,False,min_hold,min_hold,,,False,0.6844155788,0.6844155788421631,0.56,0.45,take_profit,"take_profit,gate_close",0.010099000000000524,0.00835311215627199,8.724445,0.6844155788421631,12.570651963624632,0.0011448793917944217,,87244.45,87345.44,0.00835311215627199,2.0
BTC/USDT,xgb_primary,conservative,1m,2025-12-19 04:15:00+00:00,2025-12-19 04:12:00+00:00,2025-12-19 04:15:00+00:00,sell,False,min_hold,min_hold,,,False,0.6844155788,0.6076040863990784,0.56,0.45,gate_close,gate_close,-0.02606499999999942,-0.06416981923094515,8.724445,0.6076040863990784,23.3269162847063,41.675923489626825,,87244.45,86983.8,-0.06416981923094515,3.0
BTC/USDT,xgb_primary,conservative,1m,2025-12-19 04:16:00+00:00,2025-12-19 04:12:00+00:00,2025-12-19 04:16:00+00:00,sell,False,min_hold,min_hold,,,False,0.6844155788,0.5002435445785522,0.56,0.45,trailing_prob_drop,trailing_prob_drop,0.006391999999999826,0.0046461117321737865,8.724445,0.5002435445785522,35.72186631124042,0.0011453654943541472,,87244.45,87308.37,0.0046461117321737865,4.0
BTC/USDT,xgb_primary,conservative,1m,2025-12-19 04:17:00+00:00,2025-12-19 04:12:00+00:00,2025-12-19 04:17:00+00:00,sell,False,dry_run,dry_run,,,True,0.6844155788,0.565682053565979,0.56,0.45,gate_close,"gate_close,trailing_prob_drop",0.005972999999999593,0.004228110999999594,8.724445,0.565682053565979,42.940895249688914,0.0011454204640147807,8.730418,87244.45,87304.18,0.004228110999999594,5.0
BTC/USDT,xgb_primary,conservative,1m,2025-12-19 04:18:00+00:00,,2025-12-19 04:18:00+00:00,buy,True,cooldown_after_exit,cooldown_after_exit,cooldown_after_exit,,False,0.6115108132362366,0.6115108132362366,,0.56,cooldown_after_exit,,,,,0.6115108132362366,,,15.0,,87281.21,0.0,
SOL/USDT,xgb_primary,conservative,1m,2025-12-19 04:18:00+00:00,,2025-12-19 04:18:00+00:00,buy,True,dry_run,dry_run,,exchange_qty_step,True,0.6115108132362366,0.6115108132362366,,0.48,dry_run,,,,,0.6115108132362366,0.8189002170089763,,9.7696,,122.12,0.0,
BTC/USDT,xgb_primary,conservative,1m,2025-12-19 04:20:00+00:00,,2025-12-19 04:20:00+00:00,buy,True,dry_run,dry_run,,exchange_qty_step,True,0.6076040863990784,0.6076040863990784,,0.56,dry_run,,,,,0.6076040863990784,0.0011467096279244103,,8.720604,,87206.04,0.0,
BTC/USDT,xgb_primary,conservative,1m,2025-12-19 04:22:00+00:00,2025-12-19 04:20:00+00:00,2025-12-19 04:22:00+00:00,sell,False,min_hold,min_hold,,,False,0.6076040864,0.565682053565979,0.56,0.45,gate_close,gate_close,-0.00727899999999936,-0.009024121635328584,8.720604,0.565682053565979,11.776254831817761,0.001147667442787637,,87206.04,87133.25,-0.009024121635328584,2.0
SOL/USDT,xgb_primary,conservative,1m,2025-12-19 04:22:00+00:00,2025-12-19 04:18:00+00:00,2025-12-19 04:22:00+00:00,sell,False,min_hold,min_hold,,,False,0.6115108132,0.565682053565979,0.48,0.44,gate_close,gate_close,-0.0232000000000005,-0.02595579138342932,9.7696,0.565682053565979,12.313249055984706,0.8207822054422059,,122.12,121.83,-0.02595579138342932,4.0
SOL/USDT,xgb_primary,conservative,1m,2025-12-19 04:23:00+00:00,2025-12-19 04:18:00+00:00,2025-12-19 04:23:00+00:00,sell,False,pnl_block,pnl_block,,,False,0.6115108132,0.4742901027202606,0.48,0.44,trailing_prob_drop,trailing_prob_drop,-0.031200000000000047,-0.033956450085841514,9.7696,0.4742901027202606,3.28299409061115,0.8214564422714015,,122.12,121.73,-0.033956450085841514,5.0
SOL/USDT,xgb_primary,conservative,1m,2025-12-19 04:24:00+00:00,2025-12-19 04:18:00+00:00,2025-12-19 04:24:00+00:00,sell,False,pnl_block,pnl_block,,,False,0.6115108132,0.4742901027202606,0.48,0.44,trailing_prob_drop,trailing_prob_drop,-0.015199999999999818,-0.01795513376142936,9.7696,0.4742901027202606,5.75090371344129,0.8201090745061635,,122.12,121.93,-0.01795513376142936,6.0
BTC/USDT,xgb_primary,conservative,1m,2025-12-19 04:24:00+00:00,2025-12-19 04:20:00+00:00,2025-12-19 04:24:00+00:00,sell,False,min_hold,min_hold,,,False,0.6076040864,0.4742901027202606,0.56,0.45,trailing_prob_drop,trailing_prob_drop,-7.199999999866123e-05,-0.001817120808197178,8.720604,0.4742901027202606,4.667445377971125,0.0011467189640955193,,87206.04,87205.32,-0.001817120808197178,4.0
ETH/USDT,xgb_primary,primary,1m,2025-12-19 04:25:00+00:00,2025-12-19 04:12:00+00:00,2025-12-19 04:25:00+00:00,sell,False,pnl_block,pnl_block,,,False,0.6699029207,0.41829004883766174,0.48,0.43,prob_floor,"prob_floor,trailing_prob_drop",-0.025920000000000984,-0.02949772045098272,17.588160000000002,0.41829004883766174,,0.03416414848496787,,2931.36,2927.04,-0.02949772045098272,13.0
SOL/USDT,xgb_primary,conservative,1m,2025-12-19 04:25:00+00:00,2025-12-19 04:18:00+00:00,2025-12-19 04:25:00+00:00,sell,False,pnl_block,pnl_block,,,False,0.6115108132,0.5002435445785522,0.48,0.44,gate_close,"gate_close,trailing_prob_drop",-0.02,-0.022755528205127478,9.7696,0.5002435445785522,18.857096007215215,0.8205128205120743,,122.12,121.87,-0.022755528205127478,7.0
BTC/USDT,xgb_primary,conservative,1m,2025-12-19 04:25:00+00:00,2025-12-19 04:20:00+00:00,2025-12-19 04:25:00+00:00,sell,False,pnl_block,pnl_block,,,False,0.6076040864,0.5002435445785522,0.56,0.45,trailing_prob_drop,trailing_prob_drop,-0.010263999999999942,-0.012009121978313018,8.720604,0.5002435445785522,12.924670192140386,0.0011480607456520473,,87206.04,87103.4,-0.012009121978313018,5.0
ETH/USDT,xgb_primary,primary,1m,2025-12-19 04:26:00+00:00,2025-12-19 04:12:00+00:00,2025-12-19 04:26:00+00:00,sell,False,pnl_block,pnl_block,,,False,0.6699029207,0.4742901027202606,0.48,0.43,trailing_prob_drop,trailing_prob_drop,-0.04026000000000022,-0.08618363490965708,17.588160000000002,0.4742901027202606,,24.110539652616794,,2931.36,2924.65,-0.08618363490965708,14.0
SOL/USDT,xgb_primary,conservative,1m,2025-12-19 04:26:00+00:00,2025-12-19 04:18:00+00:00,2025-12-19 04:26:00+00:00,sell,True,pnl_block,pnl_block,,,False,0.6115108132,0.5002435445785522,0.48,0.44,trailing_prob_drop,trailing_prob_drop,-0.01759999999999991,-0.02035533093474345,9.7696,0.5002435445785522,3.278151122767272,0.8203108978295316,,122.12,121.9,-0.02035533093474345,8.0
BTC/USDT,xgb_primary,conservative,1m,2025-12-19 04:26:00+00:00,2025-12-19 04:20:00+00:00,2025-12-19 04:26:00+00:00,sell,False,pnl_block,pnl_block,,,False,0.6076040864,0.41829004883766174,0.56,0.45,prob_floor,"prob_floor,trailing_prob_drop",-0.007376999999998953,-0.00912212164658484,8.720604,0.41829004883766174,11.699886376435032,0.001147680350910304,,87206.04,87132.27,-0.00912212164658484,6.0
ETH/USDT,xgb_primary,primary,1m,2025-12-19 04:27:00+00:00,2025-12-19 04:12:00+00:00,2025-12-19 04:27:00+00:00,sell,False,pnl_block,pnl_block,,,False,0.6699029207,0.6844155788421631,0.48,0.43,gate_close,gate_close,-0.030840000000001967,-0.035319291980183576,17.588160000000002,0.6844155788421631,,0.5467655401028918,,2931.36,2926.22,-0.035319291980183576,15.0
SOL/USDT,xgb_primary,conservative,1m,2025-12-19 04:27:00+00:00,2025-12-19 04:18:00+00:00,2025-12-19 04:27:00+00:00,sell,False,pnl_block,pnl_block,,,False,0.6115108132,0.41829004883766174,0.48,0.44,prob_floor,"prob_floor,trailing_prob_drop",-0.016800000000000637,-0.019555265199525305,9.7696,0.41829004883766174,4.922067268252852,0.8202436123532886,,122.12,121.91,-0.019555265199525305,9.0
BTC/USDT,xgb_primary,conservative,1m,2025-12-19 04:27:00+00:00,2025-12-19 04:20:00+00:00,2025-12-19 04:27:00+00:00,sell,False,pnl_block,pnl_block,,,False,0.6076040864,0.41829004883766174,0.56,0.45,prob_floor,"prob_floor,trailing_prob_drop",-0.015220999999999187,-0.01696612254839952,8.720604,0.41829004883766174,3.704712387270392,0.0011487144701622062,,87206.04,87053.83,-0.01696612254839952,7.0
BTC/USDT,xgb_primary,conservative,1m,2025-12-19 04:28:00+00:00,2025-12-19 04:20:00+00:00,2025-12-19 04:28:00+00:00,sell,False,pnl_block,pnl_block,,,False,0.6076040864,0.41829004883766174,0.56,0.45,prob_floor,"prob_floor,trailing_prob_drop",-0.01655599999999977,-0.01830112270204663,8.720604,0.41829004883766174,9.009367076743262,0.0011488906581015978,,87206.04,87040.48,-0.01830112270204663,8.0
SOL/USDT,xgb_primary,conservative,1m,2025-12-19 04:28:00+00:00,2025-12-19 04:18:00+00:00,2025-12-19 04:28:00+00:00,sell,True,pnl_block,pnl_block,,,False,0.6115108132,0.5002435445785522,0.48,0.44,trailing_prob_drop,trailing_prob_drop,-0.014400000000000546,-0.017155068058551944,9.7696,0.5002435445785522,,0.8200418221333483,,122.12,121.94,-0.017155068058551944,10.0
SOL/USDT,xgb_primary,conservative,1m,2025-12-19 04:29:00+00:00,2025-12-19 04:18:00+00:00,2025-12-19 04:29:00+00:00,sell,False,pnl_block,pnl_block,,,False,0.6115108132,0.4742901027202606,0.48,0.44,trailing_prob_drop,trailing_prob_drop,-0.015199999999999818,-0.01795513376142936,9.7696,0.4742901027202606,,0.8201090745061635,,122.12,121.93,-0.01795513376142936,11.0
BTC/USDT,xgb_primary,conservative,1m,2025-12-19 04:29:00+00:00,2025-12-19 04:20:00+00:00,2025-12-19 04:29:00+00:00,sell,False,pnl_block,pnl_block,,,False,0.6076040864,0.3245033025741577,0.56,0.45,prob_floor,"prob_floor,trailing_prob_drop",-0.016356999999999244,-0.01810212267913876,8.720604,0.3245033025741577,4.276170779829154,0.0011488643900304202,,87206.04,87042.47,-0.01810212267913876,9.0
ETH/USDT,xgb_primary,primary,1m,2025-12-19 04:29:00+00:00,2025-12-19 04:12:00+00:00,2025-12-19 04:29:00+00:00,sell,False,pnl_block,pnl_block,,,False,0.6699029207,0.41829004883766174,0.48,0.43,prob_floor,"prob_floor,trailing_prob_drop",-0.04194000000000142,-0.04551777531267638,17.588160000000002,0.41829004883766174,,0.03419534088555086,,2931.36,2924.37,-0.04551777531267638,17.0
ETH/USDT,xgb_primary,primary,1m,2025-12-19 04:30:00+00:00,2025-12-19 04:12:00+00:00,2025-12-19 04:30:00+00:00,sell,False,pnl_block,pnl_block,,,False,0.6699029207,0.41829004883766174,0.48,0.43,prob_floor,"prob_floor,trailing_prob_drop",-0.05184000000000197,-0.05541780926608203,17.588160000000002,0.41829004883766174,,0.03421464557978694,,2931.36,2922.72,-0.05541780926608203,18.0
SOL/USDT,xgb_primary,conservative,1m,2025-12-19 04:30:00+00:00,2025-12-19 04:18:00+00:00,2025-12-19 04:30:00+00:00,sell,False,dry_run,dry_run,,,True,0.6115108132,0.41829004883766174,0.48,0.44,take_profit,"take_profit,prob_floor,trailing_prob_drop",0.011200000000000045,0.009246080000000045,9.7696,0.41829004883766174,0.8178955547369161,0.8178955547369161,9.780800000000001,122.12,122.26,0.009246080000000045,12.0
BTC/USDT,xgb_primary,conservative,1m,2025-12-19 04:30:00+00:00,2025-12-19 04:20:00+00:00,2025-12-19 04:30:00+00:00,sell,False,pnl_block,pnl_block,,,False,0.6076040864,0.3245033025741577,0.56,0.45,prob_floor,"prob_floor,trailing_prob_drop",-0.009350999999999476,-0.01109612187338064,8.720604,0.3245033025741577,1.1188921726835732,0.001147940419224548,,87206.04,87112.53,-0.01109612187338064,10.0
ETH/USDT,xgb_primary,primary,1m,2025-12-19 04:31:00+00:00,2025-12-19 04:12:00+00:00,2025-12-19 04:31:00+00:00,sell,False,pnl_block,pnl_block,,,False,0.6699029207,0.41829004883766174,0.48,0.43,prob_floor,"prob_floor,trailing_prob_drop",-0.03161999999999989,-0.03519773995958283,17.588160000000002,0.41829004883766174,11.755981368136693,0.03417524037928888,,2931.36,2926.09,-0.03519773995958283,19.0
BTC/USDT,xgb_primary,conservative,1m,2025-12-19 04:31:00+00:00,2025-12-19 04:20:00+00:00,2025-12-19 04:31:00+00:00,sell,False,pnl_block,pnl_block,,,False,0.6076040864,0.3396226465702057,0.56,0.45,prob_floor,"prob_floor,trailing_prob_drop",-0.006736999999999535,-0.008482121573077095,8.720604,0.3396226465702057,8.043618983399108,0.0011475960582096655,,87206.04,87138.67,-0.008482121573077095,11.0
SOL/USDT,xgb_primary,conservative,1m,2025-12-19 04:32:00+00:00,,2025-12-19 04:32:00+00:00,buy,True,dry_run,dry_run,,exchange_qty_step,True,0.6076040863990784,0.6076040863990784,,0.48,dry_run,,,,,0.6076040863990784,0.8178286648951228,,9.7824,,122.28,0.0,
BTC/USDT,xgb_primary,conservative,1m,2025-12-19 04:32:00+00:00,2025-12-19 04:20:00+00:00,2025-12-19 04:32:00+00:00,sell,False,pnl_block,pnl_block,,,False,0.6076040864,0.41829004883766174,0.56,0.45,prob_floor,"prob_floor,trailing_prob_drop",-0.007200000000000001,-0.008945121626256618,8.720604,0.41829004883766174,9.03043286861843,0.0011476570391416151,,87206.04,87134.04,-0.008945121626256618,12.0
BTC/USDT,xgb_primary,conservative,1m,2025-12-19 04:33:00+00:00,2025-12-19 04:20:00+00:00,2025-12-19 04:33:00+00:00,sell,False,pnl_block,pnl_block,,,False,0.6076040864,0.41829004883766174,0.56,0.45,prob_floor,"prob_floor,trailing_prob_drop",-0.008836999999999534,-0.010582121814316713,8.720604,0.41829004883766174,3.8216977174810944,0.0011478726899864249,,87206.04,87117.67,-0.010582121814316713,13.0
ETH/USDT,xgb_primary,primary,1m,2025-12-19 04:33:00+00:00,2025-12-19 04:12:00+00:00,2025-12-19 04:33:00+00:00,sell,False,pnl_block,pnl_block,,,False,0.6699029207,0.4742901027202606,0.48,0.43,trailing_prob_drop,trailing_prob_drop,-0.025200000000001638,-0.02877771798763945,17.588160000000002,0.4742901027202606,,0.03416274791553697,,2931.36,2927.16,-0.02877771798763945,21.0
SOL/USDT,xgb_primary,conservative,1m,2025-12-19 04:33:00+00:00,2025-12-19 04:32:00+00:00,2025-12-19 04:33:00+00:00,sell,False,min_hold,min_hold,,,False,0.6076040864,0.5002435445785522,0.48,0.44,gate_close,gate_close,-0.012000000000000455,-0.014757429768699436,9.7824,0.5002435445785522,7.360758976035758,0.8187661194583958,,122.28,122.13,-0.014757429768699436,1.0
ETH/USDT,xgb_primary,primary,1m,2025-12-19 04:34:00+00:00,2025-12-19 04:12:00+00:00,2025-12-19 04:34:00+00:00,sell,False,pnl_block,pnl_block,,,False,0.6699029207,0.4742901027202606,0.48,0.43,trailing_prob_drop,trailing_prob_drop,-0.03185999999999967,-0.035437740781275436,17.588160000000002,0.4742901027202606,,0.03417570756449735,,2931.36,2926.05,-0.035437740781275436,22.0
BTC/USDT,xgb_primary,conservative,1m,2025-12-19 04:34:00+00:00,2025-12-19 04:20:00+00:00,2025-12-19 04:34:00+00:00,sell,False,pnl_block,pnl_block,,,False,0.6076040864,0.39150944352149963,0.56,0.45,prob_floor,"prob_floor,trailing_prob_drop",-0.008861999999999535,-0.010607121817189315,8.720604,0.39150944352149963,25.30413904482685,0.0011478759840251604,,87206.04,87117.42,-0.010607121817189315,14.0
ETH/USDT,xgb_primary,primary,1m,2025-12-19 04:35:00+00:00,2025-12-19 04:12:00+00:00,2025-12-19 04:35:00+00:00,sell,True,pnl_block,pnl_block,,,False,0.6699029207,0.5002435445785522,0.48,0.43,trailing_prob_drop,trailing_prob_drop,-0.026340000000001966,-0.029917721888027604,17.588160000000002,0.5002435445785522,,0.03416496553683677,,2931.36,2926.97,-0.029917721888027604,23.0
BTC/USDT,xgb_primary,conservative,1m,2025-12-19 04:35:00+00:00,2025-12-19 04:20:00+00:00,2025-12-19 04:35:00+00:00,sell,False,pnl_block,pnl_block,,,False,0.6076040864,0.4742901027202606,0.56,0.45,trailing_prob_drop,trailing_prob_drop,-0.01875599999999977,-0.02050112295534735,8.720604,0.4742901027202606,1.7216419459925512,0.0011491811204611556,,87206.04,87018.48,-0.02050112295534735,15.0
ETH/USDT,xgb_primary,primary,1m,2025-12-19 04:36:00+00:00,2025-12-19 04:12:00+00:00,2025-12-19 04:36:00+00:00,sell,True,pnl_block,pnl_block,,,False,0.6699029207,0.5002435445785522,0.48,0.43,trailing_prob_drop,trailing_prob_drop,-0.06504000000000087,-0.06861785459696677,17.588160000000002,0.5002435445785522,,0.034240419103477214,,2931.36,2920.52,-0.06861785459696677,24.0
SOL/USDT,xgb_primary,conservative,1m,2025-12-19 04:36:00+00:00,2025-12-19 04:32:00+00:00,2025-12-19 04:36:00+00:00,sell,False,min_hold,min_hold,,,False,0.6076040864,0.4742901027202606,0.48,0.44,trailing_prob_drop,trailing_prob_drop,-0.01759999999999991,-0.020357889085322576,9.7824,0.4742901027202606,13.943569553805915,0.8192356531348793,,122.28,122.06,-0.020357889085322576,4.0
BTC/USDT,xgb_primary,conservative,1m,2025-12-19 04:36:00+00:00,2025-12-19 04:20:00+00:00,2025-12-19 04:36:00+00:00,sell,False,pnl_block,pnl_block,,,False,0.6076040864,0.41829004883766174,0.56,0.45,prob_floor,"prob_floor,trailing_prob_drop",-0.019154999999998836,-0.02090012300129822,8.720604,0.41829004883766174,9.74692241757539,0.001149233813833122,,87206.04,87014.49,-0.02090012300129822,16.0
ETH/USDT,xgb_primary,primary,1m,2025-12-19 04:37:00+00:00,2025-12-19 04:12:00+00:00,2025-12-19 04:37:00+00:00,sell,False,pnl_block,pnl_block,,,False,0.6699029207,0.4742901027202606,0.48,0.43,trailing_prob_drop,trailing_prob_drop,-0.06288000000000012,-0.06645784717450916,17.588160000000002,0.4742901027202606,,0.03423619895943706,,2931.36,2920.88,-0.06645784717450916,25.0
SOL/USDT,xgb_primary,conservative,1m,2025-12-19 04:37:00+00:00,2025-12-19 04:32:00+00:00,2025-12-19 04:37:00+00:00,sell,False,pnl_block,pnl_block,,,False,0.6076040864,0.5878524780273438,0.48,0.44,gate_close,gate_close,-0.014400000000000546,-0.017157626554196115,9.7824,0.5878524780273438,7.373422906767443,0.8189672822574929,,122.28,122.1,-0.017157626554196115,5.0
BTC/USDT,xgb_primary,conservative,1m,2025-12-19 04:37:00+00:00,2025-12-19 04:20:00+00:00,2025-12-19 04:37:00+00:00,sell,False,pnl_block,pnl_block,,,False,0.6076040864,0.4742901027202606,0.56,0.45,trailing_prob_drop,trailing_prob_drop,-0.019561999999999535,-0.03638692810572142,8.720604,0.4742901027202606,2.3134075355262236,17.29330595188348,,87206.04,87010.42,-0.03638692810572142,17.0
BTC/USDT,xgb_primary,conservative,1m,2025-12-19 04:38:00+00:00,2025-12-19 04:20:00+00:00,2025-12-19 04:38:00+00:00,sell,False,pnl_block,pnl_block,,,False,0.6076040864,0.41829004883766174,0.56,0.45,prob_floor,"prob_floor,trailing_prob_drop",-0.017686999999999536,-0.01943212283224854,8.720604,0.41829004883766174,4.434566862473505,0.0011490399621461782,,87206.04,87029.17,-0.01943212283224854,18.0
ETH/USDT,xgb_primary,primary,1m,2025-12-19 04:38:00+00:00,2025-12-19 04:12:00+00:00,2025-12-19 04:38:00+00:00,sell,False,pnl_block,pnl_block,,,False,0.6699029207,0.4742901027202606,0.48,0.43,trailing_prob_drop,trailing_prob_drop,-0.07223999999999978,-0.07660107614415242,17.588160000000002,0.4742901027202606,,0.479552235226786,,2931.36,2919.32,-0.07660107614415242,26.0
BTC/USDT,xgb_primary,conservative,1m,2025-12-19 04:39:00+00:00,2025-12-19 04:20:00+00:00,2025-12-19 04:39:00+00:00,sell,False,pnl_block,pnl_block,,,False,0.6076040864,0.4742901027202606,0.56,0.45,trailing_prob_drop,trailing_prob_drop,-0.01814699999999866,-0.01989212288521372,8.720604,0.4742901027202606,4.4674671185003305,0.00114910069882689,,87206.04,87024.57,-0.01989212288521372,19.0
ETH/USDT,xgb_primary,primary,1m,2025-12-19 04:40:00+00:00,2025-12-19 04:12:00+00:00,2025-12-19 04:40:00+00:00,sell,False,pnl_block,pnl_block,,,False,0.6699029207,0.4742901027202606,0.48,0.43,trailing_prob_drop,trailing_prob_drop,-0.056220000000002074,-0.0597978243001271,17.588160000000002,0.4742901027202606,,0.03422319340114641,,2931.36,2921.99,-0.0597978243001271,28.0
SOL/USDT,xgb_primary,conservative,1m,2025-12-19 04:40:00+00:00,2025-12-19 04:32:00+00:00,2025-12-19 04:40:00+00:00,sell,False,pnl_block,pnl_block,,,False,0.6076040864,0.6076040863990784,0.48,0.44,gate_close,gate_close,-0.004800000000000182,-0.0075568399918189595,9.7824,0.6076040863990784,10.629599345870439,0.8181632235635194,,122.28,122.22,-0.0075568399918189595,8.0
BTC/USDT,xgb_primary,conservative,1m,2025-12-19 04:40:00+00:00,2025-12-19 04:20:00+00:00,2025-12-19 04:40:00+00:00,sell,False,pnl_block,pnl_block,,,False,0.6076040864,0.41829004883766174,0.56,0.45,prob_floor,"prob_floor,trailing_prob_drop",-0.01940799999999872,-0.02115312303043857,8.720604,0.41829004883766174,2.175247499039124,0.001149267229485199,,87206.04,87011.96,-0.02115312303043857,20.0
ETH/USDT,xgb_primary,primary,1m,2025-12-19 04:41:00+00:00,2025-12-19 04:12:00+00:00,2025-12-19 04:41:00+00:00,sell,True,pnl_block,pnl_block,,,False,0.6699029207,0.5002435445785522,0.48,0.43,trailing_prob_drop,trailing_prob_drop,-0.07242000000000098,-0.07599787997083088,17.588160000000002,0.5002435445785522,,0.03425484577686831,,2931.36,2919.29,-0.07599787997083088,29.0
BTC/USDT,xgb_primary,conservative,1m,2025-12-19 04:41:00+00:00,2025-12-19 04:20:00+00:00,2025-12-19 04:41:00+00:00,sell,False,pnl_block,pnl_block,,,False,0.6076040864,0.4742901027202606,0.56,0.45,trailing_prob_drop,trailing_prob_drop,-0.02160399999999936,-0.023349123283445065,8.720604,0.4742901027202606,1.4997936490793575,0.0011495573537168217,,87206.04,86990.0,-0.023349123283445065,21.0
ETH/USDT,xgb_primary,primary,1m,2025-12-19 04:42:00+00:00,2025-12-19 04:12:00+00:00,2025-12-19 04:42:00+00:00,sell,False,pnl_block,pnl_block,,,False,0.6699029207,0.41829004883766174,0.48,0.43,prob_floor,"prob_floor,trailing_prob_drop",-0.06834000000000197,-0.07191786594036237,17.588160000000002,0.41829004883766174,,0.03424686855270432,,2931.36,2919.97,-0.07191786594036237,30.0
SOL/USDT,xgb_primary,conservative,1m,2025-12-19 04:42:00+00:00,2025-12-19 04:32:00+00:00,2025-12-19 04:42:00+00:00,sell,False,pnl_block,pnl_block,,,False,0.6076040864,0.6076040863990784,0.48,0.44,gate_close,gate_close,-0.003999999999999773,-0.006756774514663421,9.7824,0.6076040863990784,8.993541002370979,0.8180962899325811,,122.28,122.23,-0.006756774514663421,10.0
BTC/USDT,xgb_primary,conservative,1m,2025-12-19 04:42:00+00:00,2025-12-19 04:20:00+00:00,2025-12-19 04:42:00+00:00,sell,False,pnl_block,pnl_block,,,False,0.6076040864,0.41829004883766174,0.56,0.45,prob_floor,"prob_floor,trailing_prob_drop",-0.022186999999999537,-0.023932123350635378,8.720604,0.41829004883766174,13.042480203624926,0.0011496344012875113,,87206.04,86984.17,-0.023932123350635378,22.0
BTC/USDT,xgb_primary,conservative,1m,2025-12-19 04:43:00+00:00,2025-12-19 04:20:00+00:00,2025-12-19 04:43:00+00:00,sell,False,pnl_block,pnl_block,,,False,0.6076040864,0.4742901027202606,0.56,0.45,trailing_prob_drop,trailing_prob_drop,-0.02239899999999907,-0.02414412337506992,8.720604,0.4742901027202606,4.405398774810826,0.0011496624211466734,,87206.04,86982.05,-0.02414412337506992,23.0
ETH/USDT,xgb_primary,primary,1m,2025-12-19 04:44:00+00:00,2025-12-19 04:12:00+00:00,2025-12-19 04:44:00+00:00,sell,False,pnl_block,pnl_block,,,False,0.6699029207,0.41829004883766174,0.48,0.43,prob_floor,"prob_floor,trailing_prob_drop",-0.0706800000000012,-0.07425787398644922,17.588160000000002,0.41829004883766174,0.03424880386127275,0.03425144327093843,,2931.36,2919.58,-0.07425787398644922,32.0
SOL/USDT,xgb_primary,conservative,1m,2025-12-19 04:44:00+00:00,2025-12-19 04:32:00+00:00,2025-12-19 04:44:00+00:00,sell,True,dry_run,dry_run,,,True,0.6076040864,0.6076040863990784,0.48,0.44,take_profit,take_profit,0.015199999999999818,0.013243519999999818,9.7824,0.6076040863990784,1.636393388970383,0.8164931618701871,9.797600000000001,122.28,122.47,0.013243519999999818,12.0
BTC/USDT,xgb_primary,conservative,1m,2025-12-19 04:44:00+00:00,2025-12-19 04:20:00+00:00,2025-12-19 04:44:00+00:00,sell,False,pnl_block,pnl_block,,,False,0.6076040864,0.4742901027202606,0.56,0.45,trailing_prob_drop,trailing_prob_drop,-0.014725,-0.01647012249132919,8.720604,0.4742901027202606,2.227842280722457,0.0011486490261338014,,87206.04,87058.79,-0.01647012249132919,24.0
ETH/USDT,xgb_primary,primary,1m,2025-12-19 04:45:00+00:00,2025-12-19 04:12:00+00:00,2025-12-19 04:45:00+00:00,sell,False,pnl_block,pnl_block,,,False,0.6699029207,0.4742901027202606,0.48,0.43,trailing_prob_drop,trailing_prob_drop,-0.06,-0.06357783728074919,17.588160000000002,0.4742901027202606,,0.03423057372072141,,2931.36,2921.36,-0.06357783728074919,33.0
BTC/USDT,xgb_primary,conservative,1m,2025-12-19 04:45:00+00:00,2025-12-19 04:20:00+00:00,2025-12-19 04:45:00+00:00,sell,False,pnl_block,pnl_block,,,False,0.6076040864,0.4742901027202606,0.56,0.45,trailing_prob_drop,trailing_prob_drop,-0.012851999999998953,-0.014597122275867201,8.720604,0.4742901027202606,7.638266231890736,0.0011484019550120782,,87206.04,87077.52,-0.014597122275867201,25.0
BTC/USDT,xgb_primary,conservative,1m,2025-12-19 04:46:00+00:00,2025-12-19 04:20:00+00:00,2025-12-19 04:46:00+00:00,sell,False,pnl_block,pnl_block,,,False,0.6076040864,0.4742901027202606,0.56,0.45,trailing_prob_drop,trailing_prob_drop,-0.0161679999999993,-0.01791312265738495,8.720604,0.4742901027202606,3.7920230396985395,0.0011488394446626511,,87206.04,87044.36,-0.01791312265738495,26.0
ETH/USDT,xgb_primary,primary,1m,2025-12-19 04:47:00+00:00,2025-12-19 04:12:00+00:00,2025-12-19 04:47:00+00:00,sell,False,pnl_block,pnl_block,,,False,0.6699029207,0.4742901027202606,0.48,0.43,trailing_prob_drop,trailing_prob_drop,-0.06408000000000175,-0.06765785129787326,17.588160000000002,0.4742901027202606,,0.03423854335615884,,2931.36,2920.68,-0.06765785129787326,35.0
BTC/USDT,xgb_primary,conservative,1m,2025-12-19 04:47:00+00:00,2025-12-19 04:20:00+00:00,2025-12-19 04:47:00+00:00,sell,False,pnl_block,pnl_block,,,False,0.6076040864,0.41829004883766174,0.56,0.45,prob_floor,"prob_floor,trailing_prob_drop",-0.01290399999999936,-0.01464912228184815,8.720604,0.41829004883766174,18.302162253820658,0.0011484088129536966,,87206.04,87077.0,-0.01464912228184815,27.0
ETH/USDT,xgb_primary,primary,1m,2025-12-19 04:48:00+00:00,2025-12-19 04:12:00+00:00,2025-12-19 04:48:00+00:00,sell,False,pnl_block,pnl_block,,,False,0.6699029207,0.41829004883766174,0.48,0.43,prob_floor,"prob_floor,trailing_prob_drop",-0.05952000000000044,-0.06309783563210573,17.588160000000002,0.41829004883766174,,0.03422963636064869,,2931.36,2921.44,-0.06309783563210573,36.0
BTC/USDT,xgb_primary,conservative,1m,2025-12-19 04:48:00+00:00,2025-12-19 04:20:00+00:00,2025-12-19 04:48:00+00:00,sell,False,pnl_block,pnl_block,,,False,0.6076040864,0.4742901027202606,0.56,0.45,trailing_prob_drop,trailing_prob_drop,-0.008783999999999651,-0.010529121808228428,8.720604,0.4742901027202606,4.3823282841626945,0.0011478657083571942,,87206.04,87118.2,-0.010529121808228428,28.0
BTC/USDT,xgb_primary,conservative,1m,2025-12-19 04:49:00+00:00,2025-12-19 04:20:00+00:00,2025-12-19 04:49:00+00:00,sell,False,pnl_block,pnl_block,,,False,0.6076040864,0.5002435445785522,0.56,0.45,trailing_prob_drop,trailing_prob_drop,-0.014917999999999302,-0.016663122513533947,8.720604,0.5002435445785522,8.648020735048597,0.0011486744893422606,,87206.04,87056.86,-0.016663122513533947,29.0
BTC/USDT,xgb_primary,conservative,1m,2025-12-19 04:50:00+00:00,2025-12-19 04:20:00+00:00,2025-12-19 04:50:00+00:00,sell,False,pnl_block,pnl_block,,,False,0.6076040864,0.41829004883766174,0.56,0.45,prob_floor,"prob_floor,trailing_prob_drop",-0.016005999999999767,-0.017751122638741453,8.720604,0.41829004883766174,7.0448202422165815,0.0011488180654527862,,87206.04,87045.98,-0.017751122638741453,30.0
SOL/USDT,xgb_primary,conservative,1m,2025-12-19 04:50:00+00:00,,2025-12-19 04:50:00+00:00,buy,True,dry_run,dry_run,,exchange_qty_step,True,0.6076040863990784,0.6076040863990784,,0.48,dry_run,,,,,0.6076040863990784,0.814829904257903,,9.8184,,122.73,0.0,
ETH/USDT,xgb_primary,primary,1m,2025-12-19 04:50:00+00:00,2025-12-19 04:12:00+00:00,2025-12-19 04:50:00+00:00,sell,False,pnl_block,pnl_block,,,False,0.6699029207,0.3245033025741577,0.48,0.43,prob_floor,"prob_floor,trailing_prob_drop",-0.06234000000000196,-0.06591784531918608,17.588160000000002,0.3245033025741577,,0.03423514408790996,,2931.36,2920.97,-0.06591784531918608,38.0
ETH/USDT,xgb_primary,primary,1m,2025-12-19 04:51:00+00:00,2025-12-19 04:12:00+00:00,2025-12-19 04:51:00+00:00,sell,False,pnl_block,pnl_block,,,False,0.6699029207,0.565682053565979,0.48,0.43,gate_close,gate_close,-0.06504000000000087,-0.06861785459696677,17.588160000000002,0.565682053565979,,0.034240419103477214,,2931.36,2920.52,-0.06861785459696677,39.0
BTC/USDT,xgb_primary,conservative,1m,2025-12-19 04:51:00+00:00,2025-12-19 04:20:00+00:00,2025-12-19 04:51:00+00:00,sell,False,pnl_block,pnl_block,,,False,0.6076040864,0.5002435445785522,0.56,0.45,trailing_prob_drop,trailing_prob_drop,-0.011101999999998953,-0.012847122074640694,8.720604,0.5002435445785522,1.2510629439750598,0.001148171206651736,,87206.04,87095.02,-0.012847122074640694,31.0
ETH/USDT,xgb_primary,primary,1m,2025-12-19 04:52:00+00:00,2025-12-19 04:12:00+00:00,2025-12-19 04:52:00+00:00,sell,False,pnl_block,pnl_block,,,False,0.6699029207,0.5002435445785522,0.48,0.43,gate_close,"gate_close,trailing_prob_drop",-0.05088000000000011,-0.05445780597194764,17.588160000000002,0.5002435445785522,,0.03421277265360605,,2931.36,2922.88,-0.05445780597194764,40.0
ETH/USDT,xgb_primary,primary,1m,2025-12-19 04:53:00+00:00,2025-12-19 04:12:00+00:00,2025-12-19 04:53:00+00:00,sell,False,pnl_block,pnl_block,,,False,0.6699029207,0.565682053565979,0.48,0.43,gate_close,gate_close,-0.05556000000000131,-0.059137822034241644,17.588160000000002,0.565682053565979,,0.03422190509998196,,2931.36,2922.1,-0.059137822034241644,41.0
SOL/USDT,xgb_primary,conservative,1m,2025-12-19 04:53:00+00:00,2025-12-19 04:50:00+00:00,2025-12-19 04:53:00+00:00,sell,True,min_hold,min_hold,,,False,0.6076040864,0.6699029207229614,0.48,0.44,take_profit,take_profit,0.01839999999999918,0.01563784889033342,9.8184,0.6699029207229614,6.516780710328959,0.8132395397068365,,122.73,122.96,0.01563784889033342,3.0
ETH/USDT,xgb_primary,primary,1m,2025-12-19 04:54:00+00:00,2025-12-19 04:12:00+00:00,2025-12-19 04:54:00+00:00,sell,False,pnl_block,pnl_block,,,False,0.6699029207,0.565682053565979,0.48,0.43,gate_close,gate_close,-0.04446000000000186,-0.048037783951726094,17.588160000000002,0.565682053565979,,0.034200252740614265,,2931.36,2923.95,-0.048037783951726094,42.0
SOL/USDT,xgb_primary,conservative,1m,2025-12-19 04:54:00+00:00,2025-12-19 04:50:00+00:00,2025-12-19 04:54:00+00:00,sell,False,min_hold,min_hold,,,False,0.6076040864,0.6844155788421631,0.48,0.44,take_profit,"take_profit,gate_close",0.011999999999999319,0.009237329073522937,9.8184,0.6844155788421631,9.76244712007847,0.8137689709895525,,122.73,122.88,0.009237329073522937,4.0
BTC/USDT,xgb_primary,conservative,1m,2025-12-19 04:54:00+00:00,2025-12-19 04:20:00+00:00,2025-12-19 04:54:00+00:00,sell,False,pnl_block,pnl_block,,,False,0.6076040864,0.5002435445785522,0.56,0.45,trailing_prob_drop,trailing_prob_drop,-0.013427999999999884,-0.01517312234211955,8.720604,0.5002435445785522,23.791140377716925,0.0011484779261466936,,87206.04,87071.76,-0.01517312234211955,34.0
ETH/USDT,xgb_primary,primary,1m,2025-12-19 04:55:00+00:00,2025-12-19 04:12:00+00:00,2025-12-19 04:55:00+00:00,sell,False,pnl_block,pnl_block,,,False,0.6699029207,0.565682053565979,0.48,0.43,gate_close,gate_close,-0.05328000000000065,-0.05685781420794897,17.588160000000002,0.565682053565979,,0.03421745534968881,,2931.36,2922.48,-0.05685781420794897,43.0
SOL/USDT,xgb_primary,conservative,1m,2025-12-19 04:55:00+00:00,2025-12-19 04:50:00+00:00,2025-12-19 04:55:00+00:00,sell,True,dry_run,dry_run,,,True,0.6076040864,0.6115108132362366,0.48,0.44,take_profit,take_profit,0.01759999999999991,0.015636319999999912,9.8184,0.6115108132362366,6.510416666666528,0.8133056809394417,9.836,122.73,122.95,0.015636319999999912,5.0
SOL/USDT,xgb_primary,conservative,1m,2025-12-19 04:56:00+00:00,,2025-12-19 04:56:00+00:00,buy,True,cooldown_after_exit,cooldown_after_exit,cooldown_after_exit,,False,0.6844155788421631,0.6844155788421631,,0.48,cooldown_after_exit,,,,,0.6844155788421631,,,10.0,,123.01,0.0,
ETH/USDT,xgb_primary,primary,1m,2025-12-19 04:56:00+00:00,2025-12-19 04:12:00+00:00,2025-12-19 04:56:00+00:00,sell,False,pnl_block,pnl_block,,,False,0.6699029207,0.565682053565979,0.48,0.43,gate_close,gate_close,-0.05292000000000098,-0.0564978129724082,17.588160000000002,0.565682053565979,,0.0342167528651168,,2931.36,2922.54,-0.0564978129724082,44.0
ETH/USDT,xgb_primary,primary,1m,2025-12-19 04:57:00+00:00,2025-12-19 04:12:00+00:00,2025-12-19 04:57:00+00:00,sell,False,pnl_block,pnl_block,,,False,0.6699029207,0.565682053565979,0.48,0.43,gate_close,gate_close,-0.0556800000000012,-0.05925782244620788,17.588160000000002,0.565682053565979,,0.03422213932934284,,2931.36,2922.08,-0.05925782244620788,45.0
SOL/USDT,xgb_primary,conservative,1m,2025-12-19 04:57:00+00:00,,2025-12-19 04:57:00+00:00,buy,True,dry_run,dry_run,,exchange_qty_step,True,0.6844155788421631,0.6844155788421631,,0.48,dry_run,,,,,0.6844155788421631,0.8133056809394417,,9.8368,,122.96,0.0,
BTC/USDT,xgb_primary,conservative,1m,2025-12-19 04:58:00+00:00,2025-12-19 04:20:00+00:00,2025-12-19 04:58:00+00:00,sell,False,pnl_block,pnl_block,,,False,0.6076040864,0.5002435445785522,0.56,0.45,trailing_prob_drop,trailing_prob_drop,-0.010270999999999185,-0.012016121979115396,8.720604,0.5002435445785522,20.306136214256302,0.0011480616666125715,,87206.04,87103.33,-0.012016121979115396,38.0
ETH/USDT,xgb_primary,primary,1m,2025-12-19 04:59:00+00:00,2025-12-19 04:12:00+00:00,2025-12-19 04:59:00+00:00,sell,False,pnl_block,pnl_block,,,False,0.6699029207,0.565682053565979,0.48,0.43,gate_close,gate_close,-0.060180000000001205,-0.06375783789901787,17.588160000000002,0.565682053565979,,0.0342309252455411,,2931.36,2921.33,-0.06375783789901787,47.0
SOL/USDT,xgb_primary,conservative,1m,2025-12-19 04:59:00+00:00,2025-12-19 04:57:00+00:00,2025-12-19 04:59:00+00:00,sell,False,min_hold,min_hold,,,False,0.6844155788,0.6076040863990784,0.48,0.44,gate_close,gate_close,-0.033599999999999,-0.03637006920886032,9.8368,0.6076040863990784,13.028255028091898,0.8160267656771721,,122.96,122.54,-0.03637006920886032,2.0
ETH/USDT,xgb_primary,primary,1m,2025-12-19 05:00:00+00:00,2025-12-19 04:12:00+00:00,2025-12-19 05:00:00+00:00,sell,False,pnl_block,pnl_block,,,False,0.6699029207,0.5002435445785522,0.48,0.43,gate_close,"gate_close,trailing_prob_drop",-0.063,-0.0665778475868196,17.588160000000002,0.5002435445785522,0.03423098383345353,0.03423643338450607,,2931.36,2920.86,-0.0665778475868196,48.0
SOL/USDT,xgb_primary,conservative,1m,2025-12-19 05:00:00+00:00,2025-12-19 04:57:00+00:00,2025-12-19 05:00:00+00:00,sell,False,min_hold,min_hold,,,False,0.6844155788,0.565682053565979,0.48,0.44,gate_close,"gate_close,trailing_prob_drop",-0.038399999999999185,-0.04117046242070303,9.8368,0.565682053565979,15.495025281356853,0.8164265012034866,,122.96,122.48,-0.04117046242070303,3.0
SOL/USDT,xgb_primary,conservative,1m,2025-12-19 05:01:00+00:00,2025-12-19 04:57:00+00:00,2025-12-19 05:01:00+00:00,sell,False,min_hold,min_hold,,,False,0.6844155788,0.4742901027202606,0.48,0.44,trailing_prob_drop,trailing_prob_drop,-0.05599999999999909,-0.058771907499282704,9.8368,0.4742901027202606,8.164598301763089,0.8178955547369161,,122.96,122.26,-0.058771907499282704,4.0
BTC/USDT,xgb_primary,conservative,1m,2025-12-19 05:01:00+00:00,2025-12-19 04:20:00+00:00,2025-12-19 05:01:00+00:00,sell,False,pnl_block,pnl_block,,,False,0.6076040864,0.5002435445785522,0.56,0.45,trailing_prob_drop,trailing_prob_drop,-0.016741999999999826,-0.018487122723457157,8.720604,0.5002435445785522,4.433795070266851,0.0011489152096914705,,87206.04,87038.62,-0.018487122723457157,41.0
ETH/USDT,xgb_primary,primary,1m,2025-12-19 05:01:00+00:00,2025-12-19 04:12:00+00:00,2025-12-19 05:01:00+00:00,sell,False,pnl_block,pnl_block,,,False,0.6699029207,0.5002435445785522,0.48,0.43,gate_close,"gate_close,trailing_prob_drop",-0.062400000000000545,-0.0659778455253238,17.588160000000002,0.5002435445785522,,0.03423526129126344,,2931.36,2920.96,-0.0659778455253238,49.0
ETH/USDT,xgb_primary,primary,1m,2025-12-19 05:02:00+00:00,2025-12-19 04:12:00+00:00,2025-12-19 05:02:00+00:00,sell,False,pnl_block,pnl_block,,,False,0.6699029207,0.5002435445785522,0.48,0.43,gate_close,"gate_close,trailing_prob_drop",-0.08261999999999989,-0.08619791507561382,17.588160000000002,0.5002435445785522,,0.03427480510407897,,2931.36,2917.59,-0.08619791507561382,50.0
SOL/USDT,xgb_primary,conservative,1m,2025-12-19 05:02:00+00:00,2025-12-19 04:57:00+00:00,2025-12-19 05:02:00+00:00,sell,False,pnl_block,pnl_block,,,False,0.6844155788,0.4742901027202606,0.48,0.44,trailing_prob_drop,trailing_prob_drop,-0.04719999999999914,-0.04997118431051935,9.8368,0.4742901027202606,4.904364884747611,0.8171603677214223,,122.96,122.37,-0.04997118431051935,5.0
BTC/USDT,xgb_primary,conservative,1m,2025-12-19 05:02:00+00:00,2025-12-19 04:20:00+00:00,2025-12-19 05:02:00+00:00,sell,False,pnl_block,pnl_block,,,False,0.6076040864,0.4742901027202606,0.56,0.45,trailing_prob_drop,trailing_prob_drop,-0.005814999999999418,-0.007560121467198027,8.720604,0.4742901027202606,9.544038089754743,0.0011474746458031272,,87206.04,87147.89,-0.007560121467198027,42.0
SOL/USDT,xgb_primary,conservative,1m,2025-12-19 05:03:00+00:00,2025-12-19 04:57:00+00:00,2025-12-19 05:03:00+00:00,sell,False,pnl_block,pnl_block,,,False,0.6844155788,0.41829004883766174,0.48,0.44,prob_floor,"prob_floor,trailing_prob_drop",-0.05199999999999932,-0.05477157861586745,9.8368,0.41829004883766174,13.891158686059953,0.8175612148952217,,122.96,122.31,-0.05477157861586745,6.0
ETH/USDT,xgb_primary,primary,1m,2025-12-19 05:03:00+00:00,2025-12-19 04:12:00+00:00,2025-12-19 05:03:00+00:00,sell,False,pnl_block,pnl_block,,,False,0.6699029207,0.4742901027202606,0.48,0.43,trailing_prob_drop,trailing_prob_drop,-0.07626000000000022,-0.07983789318194733,17.588160000000002,0.4742901027202606,18.180510903170617,0.034262357146574475,,2931.36,2918.65,-0.07983789318194733,51.0
BTC/USDT,xgb_primary,conservative,1m,2025-12-19 05:03:00+00:00,2025-12-19 04:20:00+00:00,2025-12-19 05:03:00+00:00,sell,False,pnl_block,pnl_block,,,False,0.6076040864,0.5002435445785522,0.56,0.45,trailing_prob_drop,trailing_prob_drop,-0.01146999999999971,-0.013215122116951254,8.720604,0.5002435445785522,18.15075291544524,0.001148219723706555,,87206.04,87091.34,-0.013215122116951254,43.0
SOL/USDT,xgb_primary,conservative,1m,2025-12-19 05:04:00+00:00,2025-12-19 04:57:00+00:00,2025-12-19 05:04:00+00:00,sell,False,pnl_block,pnl_block,,,False,0.6844155788,0.41829004883766174,0.48,0.44,prob_floor,"prob_floor,trailing_prob_drop",-0.05839999999999918,-0.061172104958480064,9.8368,0.41829004883766174,0.8171269815333483,0.8180962899325811,,122.96,122.23,-0.061172104958480064,7.0
ETH/USDT,xgb_primary,primary,1m,2025-12-19 05:04:00+00:00,2025-12-19 04:12:00+00:00,2025-12-19 05:04:00+00:00,sell,False,pnl_block,pnl_block,,,False,0.6699029207,0.6699029207229614,0.48,0.43,gate_close,gate_close,-0.08064000000000032,-0.08421790825795618,17.588160000000002,0.6699029207229614,10.006373923115659,0.03427092882703815,,2931.36,2917.92,-0.08421790825795618,52.0
BTC/USDT,xgb_primary,conservative,1m,2025-12-19 05:04:00+00:00,2025-12-19 04:20:00+00:00,2025-12-19 05:04:00+00:00,sell,False,pnl_block,pnl_block,,,False,0.6076040864,0.41829004883766174,0.56,0.45,prob_floor,"prob_floor,trailing_prob_drop",-0.013504999999998836,-0.015250122350974041,8.720604,0.41829004883766174,25.53870160469418,0.0011484880808771407,,87206.04,87070.99,-0.015250122350974041,44.0
SOL/USDT,xgb_primary,conservative,1m,2025-12-19 05:05:00+00:00,2025-12-19 04:57:00+00:00,2025-12-19 05:05:00+00:00,sell,False,pnl_block,pnl_block,,,False,0.6844155788,0.37037035822868347,0.48,0.44,prob_floor,"prob_floor,trailing_prob_drop",-0.06879999999999996,-0.07157296173621101,9.8368,0.37037035822868347,,0.8189672822574929,,122.96,122.1,-0.07157296173621101,8.0
BTC/USDT,xgb_primary,conservative,1m,2025-12-19 05:05:00+00:00,2025-12-19 04:20:00+00:00,2025-12-19 05:05:00+00:00,sell,False,pnl_block,pnl_block,,,False,0.6076040864,0.5002435445785522,0.56,0.45,trailing_prob_drop,trailing_prob_drop,-0.025572999999999593,-0.027318123741047952,8.720604,0.5002435445785522,2.3383218681676388,0.0011500820910554752,,87206.04,86950.31,-0.027318123741047952,45.0
SOL/USDT,xgb_primary,conservative,1m,2025-12-19 05:06:00+00:00,2025-12-19 04:57:00+00:00,2025-12-19 05:06:00+00:00,sell,False,pnl_block,pnl_block,,,False,0.6844155788,0.3245033025741577,0.48,0.44,prob_floor,"prob_floor,trailing_prob_drop",-0.07439999999999941,-0.07717342383414577,9.8368,0.3245033025741577,2.4547909336389115,0.8194370467493027,,122.96,122.03,-0.07717342383414577,9.0
ETH/USDT,xgb_primary,primary,1m,2025-12-19 05:06:00+00:00,2025-12-19 04:12:00+00:00,2025-12-19 05:06:00+00:00,sell,False,pnl_block,pnl_block,,,False,0.6699029207,0.4742901027202606,0.48,0.43,trailing_prob_drop,trailing_prob_drop,-0.10290000000000055,-0.10647798499385853,17.588160000000002,0.4742901027202606,,0.03431455812204498,,2931.36,2914.21,-0.10647798499385853,54.0
BTC/USDT,xgb_primary,conservative,1m,2025-12-19 05:06:00+00:00,2025-12-19 04:20:00+00:00,2025-12-19 05:06:00+00:00,sell,False,pnl_block,pnl_block,,,False,0.6076040864,0.41829004883766174,0.56,0.45,prob_floor,"prob_floor,trailing_prob_drop",-0.03328099999999977,-0.035026124630927455,8.720604,0.41829004883766174,11.093734351285713,0.0011511025241909348,,87206.04,86873.23,-0.035026124630927455,46.0
BTC/USDT,xgb_primary,conservative,1m,2025-12-19 05:07:00+00:00,2025-12-19 04:20:00+00:00,2025-12-19 05:07:00+00:00,sell,False,pnl_block,pnl_block,,,False,0.6076040864,0.39150944352149963,0.56,0.45,prob_floor,"prob_floor,trailing_prob_drop",-0.025790999999998895,-0.027536123766191953,8.720604,0.39150944352149963,9.262921470409204,0.0011501109247209625,,87206.04,86948.13,-0.027536123766191953,47.0
SOL/USDT,xgb_primary,conservative,1m,2025-12-19 05:07:00+00:00,2025-12-19 04:57:00+00:00,2025-12-19 05:07:00+00:00,sell,False,pnl_block,pnl_block,,,False,0.6844155788,0.3245033025741577,0.48,0.44,prob_floor,"prob_floor,trailing_prob_drop",-0.07039999999999964,-0.07317309371012005,9.8368,0.3245033025741577,10.652245165519128,0.8191014457144706,,122.96,122.08,-0.07317309371012005,10.0
BTC/USDT,xgb_primary,conservative,1m,2025-12-19 05:08:00+00:00,2025-12-19 04:20:00+00:00,2025-12-19 05:08:00+00:00,sell,False,pnl_block,pnl_block,,,False,0.6076040864,0.41829004883766174,0.56,0.45,prob_floor,"prob_floor,trailing_prob_drop",-0.029204999999998836,-0.03095012416015912,8.720604,0.41829004883766174,9.558572450034356,0.0011505626907106629,,87206.04,86913.99,-0.03095012416015912,48.0
ETH/USDT,xgb_primary,primary,1m,2025-12-19 05:08:00+00:00,2025-12-19 04:12:00+00:00,2025-12-19 05:08:00+00:00,sell,False,pnl_block,pnl_block,,,False,0.6699029207,0.4007633626461029,0.48,0.43,prob_floor,"prob_floor,trailing_prob_drop",-0.09216000000000077,-0.09694422342932195,17.588160000000002,0.4007633626461029,,0.7201386781341426,,2931.36,2916.0,-0.09694422342932195,56.0
SOL/USDT,xgb_primary,conservative,1m,2025-12-19 05:08:00+00:00,2025-12-19 04:57:00+00:00,2025-12-19 05:08:00+00:00,sell,False,pnl_block,pnl_block,,,False,0.6844155788,0.3245033025741577,0.48,0.44,prob_floor,"prob_floor,trailing_prob_drop",-0.07120000000000004,-0.07397315971329146,9.8368,0.3245033025741577,2.4582104228122854,0.8191685439283324,,122.96,122.07,-0.07397315971329146,11.0
ETH/USDT,xgb_primary,primary,1m,2025-12-19 05:09:00+00:00,2025-12-19 04:12:00+00:00,2025-12-19 05:09:00+00:00,sell,False,pnl_block,pnl_block,,,False,0.6699029207,0.41829004883766174,0.48,0.43,prob_floor,"prob_floor,trailing_prob_drop",-0.0856800000000012,-0.08925792561503258,17.588160000000002,0.41829004883766174,0.17146776406098044,0.034280797440658324,,2931.36,2917.08,-0.08925792561503258,57.0
SOL/USDT,xgb_primary,conservative,1m,2025-12-19 05:09:00+00:00,2025-12-19 04:57:00+00:00,2025-12-19 05:09:00+00:00,sell,False,pnl_block,pnl_block,,,False,0.6844155788,0.3245033025741577,0.48,0.44,prob_floor,"prob_floor,trailing_prob_drop",-0.06959999999999923,-0.07237302771775926,9.8368,0.3245033025741577,,0.8190343584905938,,122.96,122.09,-0.07237302771775926,12.0
BTC/USDT,xgb_primary,conservative,1m,2025-12-19 05:09:00+00:00,2025-12-19 04:20:00+00:00,2025-12-19 05:09:00+00:00,sell,False,pnl_block,pnl_block,,,False,0.6076040864,0.41829004883766174,0.56,0.45,prob_floor,"prob_floor,trailing_prob_drop",-0.027670999999999186,-0.02941612398310135,8.720604,0.41829004883766174,3.928020802172195,0.0011503596564682464,,87206.04,86929.33,-0.02941612398310135,49.0
ETH/USDT,xgb_primary,primary,1m,2025-12-19 05:10:00+00:00,2025-12-19 04:12:00+00:00,2025-12-19 05:10:00+00:00,sell,False,pnl_block,pnl_block,,,False,0.6699029207,0.41829004883766174,0.48,0.43,prob_floor,"prob_floor,trailing_prob_drop",-0.08297999999999957,-0.0865579163153534,17.588160000000002,0.41829004883766174,,0.03427550997593356,,2931.36,2917.53,-0.0865579163153534,58.0
SOL/USDT,xgb_primary,conservative,1m,2025-12-19 05:10:00+00:00,2025-12-19 04:57:00+00:00,2025-12-19 05:10:00+00:00,sell,False,pnl_block,pnl_block,,,False,0.6844155788,0.3191489577293396,0.48,0.44,prob_floor,"prob_floor,trailing_prob_drop",-0.06319999999999937,-0.06597250016779188,9.8368,0.3191489577293396,3.2762716029152297,0.8184980560675356,,122.96,122.17,-0.06597250016779188,13.0
BTC/USDT,xgb_primary,conservative,1m,2025-12-19 05:10:00+00:00,2025-12-19 04:20:00+00:00,2025-12-19 05:10:00+00:00,sell,False,pnl_block,pnl_block,,,False,0.6076040864,0.41829004883766174,0.56,0.45,prob_floor,"prob_floor,trailing_prob_drop",-0.02540799999999872,-0.027153123722013815,8.720604,0.41829004883766174,2.337931687523808,0.0011500602654306098,,87206.04,86951.96,-0.027153123722013815,50.0
SOL/USDT,xgb_primary,conservative,1m,2025-12-19 05:11:00+00:00,2025-12-19 04:57:00+00:00,2025-12-19 05:11:00+00:00,sell,False,pnl_block,pnl_block,,,False,0.6844155788,0.3191489577293396,0.48,0.44,prob_floor,"prob_floor,trailing_prob_drop",-0.033599999999999,-0.03637006920886032,9.8368,0.3191489577293396,,0.8160267656771721,,122.96,122.54,-0.03637006920886032,14.0
BTC/USDT,xgb_primary,conservative,1m,2025-12-19 05:11:00+00:00,2025-12-19 04:20:00+00:00,2025-12-19 05:11:00+00:00,sell,False,pnl_block,pnl_block,,,False,0.6076040864,0.41829004883766174,0.56,0.45,prob_floor,"prob_floor,trailing_prob_drop",-0.02288299999999872,-0.02462812343085962,8.720604,0.41829004883766174,8.291934994908829,0.001149726396132747,,87206.04,86977.21,-0.02462812343085962,51.0
SOL/USDT,xgb_primary,conservative,1m,2025-12-19 05:12:00+00:00,2025-12-19 04:57:00+00:00,2025-12-19 05:12:00+00:00,sell,False,pnl_block,pnl_block,,,False,0.6844155788,0.3245033025741577,0.48,0.44,prob_floor,"prob_floor,trailing_prob_drop",-0.038399999999999185,-0.04117046242070303,9.8368,0.3245033025741577,12.254901960784778,0.8164265012034866,,122.96,122.48,-0.04117046242070303,15.0
BTC/USDT,xgb_primary,conservative,1m,2025-12-19 05:12:00+00:00,2025-12-19 04:20:00+00:00,2025-12-19 05:12:00+00:00,sell,False,pnl_block,pnl_block,,,False,0.6076040864,0.41829004883766174,0.56,0.45,prob_floor,"prob_floor,trailing_prob_drop",-0.0269679999999993,-0.028713123901980324,8.720604,0.41829004883766174,17.912158361638177,0.001150266634078997,,87206.04,86936.36,-0.028713123901980324,52.0
ETH/USDT,xgb_primary,primary,1m,2025-12-19 05:12:00+00:00,2025-12-19 04:12:00+00:00,2025-12-19 05:12:00+00:00,sell,False,pnl_block,pnl_block,,,False,0.6699029207,0.4742901027202606,0.48,0.43,trailing_prob_drop,trailing_prob_drop,-0.047160000000000764,-0.05073779321060373,17.588160000000002,0.4742901027202606,,0.034205517008584825,,2931.36,2923.5,-0.05073779321060373,60.0
SOL/USDT,xgb_primary,conservative,1m,2025-12-19 05:13:00+00:00,2025-12-19 04:57:00+00:00,2025-12-19 05:13:00+00:00,sell,False,pnl_block,pnl_block,,,False,0.6844155788,0.3245033025741577,0.48,0.44,prob_floor,"prob_floor,trailing_prob_drop",-0.007199999999999136,-0.0099679134079333,9.8368,0.3245033025741577,7.347538574577796,0.8138351983715895,,122.96,122.87,-0.0099679134079333,16.0
BTC/USDT,xgb_primary,conservative,1m,2025-12-19 05:13:00+00:00,2025-12-19 04:20:00+00:00,2025-12-19 05:13:00+00:00,sell,False,pnl_block,pnl_block,,,False,0.6076040864,0.3245033025741577,0.56,0.45,prob_floor,"prob_floor,trailing_prob_drop",-0.021398999999999068,-0.02314412325982088,8.720604,0.3245033025741577,35.9711361309428,0.0011495302639719582,,87206.04,86992.05,-0.02314412325982088,53.0
SOL/USDT,xgb_primary,conservative,1m,2025-12-19 05:14:00+00:00,2025-12-19 04:57:00+00:00,2025-12-19 05:14:00+00:00,sell,False,pnl_block,pnl_block,,,False,0.6844155788,0.41829004883766174,0.48,0.44,prob_floor,"prob_floor,trailing_prob_drop",0.0,-0.002767327470418821,9.8368,0.41829004883766174,25.244299674267285,0.8132395397068365,,122.96,122.96,-0.002767327470418821,17.0
BTC/USDT,xgb_primary,conservative,1m,2025-12-19 05:14:00+00:00,2025-12-19 04:20:00+00:00,2025-12-19 05:14:00+00:00,sell,False,pnl_block,pnl_block,,,False,0.6076040864,0.41829004883766174,0.56,0.45,prob_floor,"prob_floor,trailing_prob_drop",-0.025015999999998897,-0.026761123676801935,8.720604,0.41829004883766174,6.401734411363145,0.0011500084203342085,,87206.04,86955.88,-0.026761123676801935,54.0
SOL/USDT,xgb_primary,conservative,1m,2025-12-19 05:15:00+00:00,2025-12-19 04:57:00+00:00,2025-12-19 05:15:00+00:00,sell,False,dry_run,dry_run,,,True,0.6844155788,0.6076040863990784,0.48,0.44,take_profit,"take_profit,gate_close",0.030400000000000774,0.028432640000000772,9.8368,0.6076040863990784,8.132726089784834,0.8107341197446921,9.8672,122.96,123.34,0.028432640000000772,18.0
BTC/USDT,xgb_primary,conservative,1m,2025-12-19 05:15:00+00:00,2025-12-19 04:20:00+00:00,2025-12-19 05:15:00+00:00,sell,False,pnl_block,pnl_block,,,False,0.6076040864,0.41829004883766174,0.56,0.45,prob_floor,"prob_floor,trailing_prob_drop",-0.025892999999999302,-0.027638123777958424,8.720604,0.41829004883766174,4.158430210995884,0.0011501244169816688,,87206.04,86947.11,-0.027638123777958424,55.0
SOL/USDT,xgb_primary,conservative,1m,2025-12-19 05:16:00+00:00,,2025-12-19 05:16:00+00:00,buy,True,cooldown_after_exit,cooldown_after_exit,cooldown_after_exit,,False,0.6076040863990784,0.6076040863990784,,0.48,cooldown_after_exit,,,,,0.6076040863990784,,,10.0,,122.98,0.0,
BTC/USDT,xgb_primary,conservative,1m,2025-12-19 05:16:00+00:00,2025-12-19 04:20:00+00:00,2025-12-19 05:16:00+00:00,sell,False,pnl_block,pnl_block,,,False,0.6076040864,0.41829004883766174,0.56,0.45,prob_floor,"prob_floor,trailing_prob_drop",-0.027975999999999477,-0.029721124018300526,8.720604,0.41829004883766174,3.2920773088332393,0.0011504000193682854,,87206.04,86926.28,-0.029721124018300526,56.0
BTC/USDT,xgb_primary,conservative,1m,2025-12-19 05:17:00+00:00,2025-12-19 04:20:00+00:00,2025-12-19 05:17:00+00:00,sell,False,pnl_block,pnl_block,,,False,0.6076040864,0.41829004883766174,0.56,0.45,prob_floor,"prob_floor,trailing_prob_drop",-0.033511999999999535,-0.03525712465761881,8.720604,0.41829004883766174,2.3974337795194396,0.001151133131684889,,87206.04,86870.92,-0.03525712465761881,57.0
BTC/USDT,xgb_primary,conservative,1m,2025-12-19 05:18:00+00:00,2025-12-19 04:20:00+00:00,2025-12-19 05:18:00+00:00,sell,False,pnl_block,pnl_block,,,False,0.6076040864,0.3245033025741577,0.56,0.45,prob_floor,"prob_floor,trailing_prob_drop",-0.03454499999999971,-0.036290124777005404,8.720604,0.3245033025741577,30.140932085786535,0.0011512700332427179,,87206.04,86860.59,-0.036290124777005404,58.0
BTC/USDT,xgb_primary,conservative,1m,2025-12-19 05:19:00+00:00,2025-12-19 04:20:00+00:00,2025-12-19 05:19:00+00:00,sell,False,pnl_block,pnl_block,,,False,0.6076040864,0.41829004883766174,0.56,0.45,prob_floor,"prob_floor,trailing_prob_drop",-0.03569499999999971,-0.0374401249099456,8.720604,0.41829004883766174,1.330847396356825,0.0011514224770348184,,87206.04,86849.09,-0.0374401249099456,59.0
BTC/USDT,xgb_primary,conservative,1m,2025-12-19 05:20:00+00:00,2025-12-19 04:20:00+00:00,2025-12-19 05:20:00+00:00,sell,False,pnl_block,pnl_block,,,False,0.6076040864,0.41829004883766174,0.56,0.45,prob_floor,"prob_floor,trailing_prob_drop",-0.0375659999999989,-0.039311125126306495,8.720604,0.41829004883766174,4.094279418911412,0.001151670581071512,,87206.04,86830.38,-0.039311125126306495,60.0
SOL/USDT,xgb_primary,conservative,1m,2025-12-19 05:20:00+00:00,,2025-12-19 05:20:00+00:00,buy,True,dry_run,dry_run,,exchange_qty_step,True,0.6076040863990784,0.6076040863990784,,0.48,dry_run,,,,,0.6076040863990784,0.8134379956880388,,9.8352,,122.94,0.0,
SOL/USDT,xgb_primary,conservative,1m,2025-12-19 05:21:00+00:00,2025-12-19 05:20:00+00:00,2025-12-19 05:21:00+00:00,sell,False,min_hold,min_hold,,,False,0.6076040864,0.6844155788421631,0.48,0.44,gate_close,gate_close,-0.005599999999999454,-0.00836746319430188,9.8352,0.6844155788421631,16.27339300244124,0.8138351983715895,,122.94,122.87,-0.00836746319430188,1.0
BTC/USDT,xgb_primary,conservative,1m,2025-12-19 05:21:00+00:00,2025-12-19 04:20:00+00:00,2025-12-19 05:21:00+00:00,sell,False,pnl_block,pnl_block,,,False,0.6076040864,0.41829004883766174,0.56,0.45,prob_floor,"prob_floor,trailing_prob_drop",-0.03668699999999954,-0.03843212502464762,8.720604,0.41829004883766174,0.8521251887064316,0.0011515540071357555,,87206.04,86839.17,-0.03843212502464762,61.0
SOL/USDT,xgb_primary,conservative,1m,2025-12-19 05:22:00+00:00,2025-12-19 05:20:00+00:00,2025-12-19 05:22:00+00:00,sell,False,min_hold,min_hold,,,False,0.6076040864,0.6844155788421631,0.48,0.44,gate_close,gate_close,-0.011999999999999319,-0.01476798466386927,9.8352,0.6844155788421631,9.76721471593721,0.8143654057568228,,122.94,122.79,-0.01476798466386927,2.0
BTC/USDT,xgb_primary,conservative,1m,2025-12-19 05:22:00+00:00,2025-12-19 04:20:00+00:00,2025-12-19 05:22:00+00:00,sell,False,pnl_block,pnl_block,,,False,0.6076040864,0.4742901027202606,0.56,0.45,trailing_prob_drop,trailing_prob_drop,-0.03782899999999936,-0.039574125156727855,8.720604,0.4742901027202606,3.372901882870783,0.0011517054650049758,,87206.04,86827.75,-0.039574125156727855,62.0
BTC/USDT,xgb_primary,conservative,1m,2025-12-19 05:23:00+00:00,2025-12-19 04:20:00+00:00,2025-12-19 05:23:00+00:00,sell,False,pnl_block,pnl_block,,,False,0.6076040864,0.41829004883766174,0.56,0.45,prob_floor,"prob_floor,trailing_prob_drop",-0.03807599999999948,-0.039821125185299844,8.720604,0.41829004883766174,2.404760873711893,0.0011517382286463339,,87206.04,86825.28,-0.039821125185299844,63.0
BTC/USDT,xgb_primary,conservative,1m,2025-12-19 05:24:00+00:00,2025-12-19 04:20:00+00:00,2025-12-19 05:24:00+00:00,sell,False,pnl_block,pnl_block,,,False,0.6076040864,0.41829004883766174,0.56,0.45,prob_floor,"prob_floor,trailing_prob_drop",-0.03002999999999884,-0.031775124255408536,8.720604,0.41829004883766174,1.7460352560917156,0.0011506719141250454,,87206.04,86905.74,-0.031775124255408536,64.0
BTC/USDT,xgb_primary,conservative,1m,2025-12-19 05:25:00+00:00,2025-12-19 04:20:00+00:00,2025-12-19 05:25:00+00:00,sell,False,pnl_block,pnl_block,,,False,0.6076040864,0.4742901027202606,0.56,0.45,trailing_prob_drop,trailing_prob_drop,-0.03447099999999919,-0.03621612476845022,8.720604,0.4742901027202606,9.25830675856467,0.00115126022352308,,87206.04,86861.33,-0.03621612476845022,65.0
BTC/USDT,xgb_primary,conservative,1m,2025-12-19 05:26:00+00:00,2025-12-19 04:20:00+00:00,2025-12-19 05:26:00+00:00,sell,False,pnl_block,pnl_block,,,False,0.6076040864,0.41829004883766174,0.56,0.45,prob_floor,"prob_floor,trailing_prob_drop",-0.03991699999999983,-0.04166212539831167,8.720604,0.41829004883766174,5.112746949649918,0.0011519824909390214,,87206.04,86806.87,-0.04166212539831167,66.0
BTC/USDT,xgb_primary,conservative,1m,2025-12-19 05:27:00+00:00,2025-12-19 04:20:00+00:00,2025-12-19 05:27:00+00:00,sell,False,pnl_block,pnl_block,,,False,0.6076040864,0.41829004883766174,0.56,0.45,prob_floor,"prob_floor,trailing_prob_drop",-0.04360499999999884,-0.045350125825295365,8.720604,0.41829004883766174,6.274848983726883,0.0011524721183585767,,87206.04,86769.99,-0.045350125825295365,67.0
ETH/USDT,xgb_primary,primary,1m,2025-12-19 05:27:00+00:00,2025-12-19 04:12:00+00:00,2025-12-19 05:27:00+00:00,sell,True,pnl_block,pnl_block,,,False,0.6699029207,0.5002435445785522,0.48,0.43,trailing_prob_drop,trailing_prob_drop,-0.09756000000000131,-0.1016206356584823,17.588160000000002,0.5002435445785522,,0.3087324987269776,,2931.36,2915.1,-0.1016206356584823,75.0
SOL/USDT,xgb_primary,conservative,1m,2025-12-19 05:27:00+00:00,2025-12-19 05:20:00+00:00,2025-12-19 05:27:00+00:00,sell,False,pnl_block,pnl_block,,,False,0.6076040864,0.565682053565979,0.48,0.44,gate_close,gate_close,-0.027999999999999546,-0.030769291315305314,9.8352,0.565682053565979,11.420181091443068,0.8156939516286068,,122.94,122.59,-0.030769291315305314,7.0
BTC/USDT,xgb_primary,conservative,1m,2025-12-19 05:28:00+00:00,2025-12-19 04:20:00+00:00,2025-12-19 05:28:00+00:00,sell,False,pnl_block,pnl_block,,,False,0.6076040864,0.41829004883766174,0.56,0.45,prob_floor,"prob_floor,trailing_prob_drop",-0.04411100000000006,-0.0458561258839096,8.720604,0.41829004883766174,4.250316929813311,0.0011525393304695297,,87206.04,86764.93,-0.0458561258839096,68.0
BTC/USDT,xgb_primary,conservative,1m,2025-12-19 05:29:00+00:00,2025-12-19 04:20:00+00:00,2025-12-19 05:29:00+00:00,sell,False,pnl_block,pnl_block,,,False,0.6076040864,0.37037035822868347,0.56,0.45,prob_floor,"prob_floor,trailing_prob_drop",-0.042346999999998663,-0.04409212567960674,8.720604,0.37037035822868347,8.066554433338121,0.0011523050560278154,,87206.04,86782.57,-0.04409212567960674,69.0
ETH/USDT,xgb_primary,primary,1m,2025-12-19 05:29:00+00:00,2025-12-19 04:12:00+00:00,2025-12-19 05:29:00+00:00,sell,False,pnl_block,pnl_block,,,False,0.6699029207,0.41829004883766174,0.48,0.43,prob_floor,"prob_floor,trailing_prob_drop",-0.08723999999999979,-0.0908179309894818,17.588160000000002,0.41829004883766174,,0.03428385316144621,,2931.36,2916.82,-0.0908179309894818,77.0
SOL/USDT,xgb_primary,conservative,1m,2025-12-19 05:29:00+00:00,2025-12-19 05:20:00+00:00,2025-12-19 05:29:00+00:00,sell,False,pnl_block,pnl_block,,,False,0.6076040864,0.41829004883766174,0.48,0.44,prob_floor,"prob_floor,trailing_prob_drop",-0.012799999999999728,-0.015568049895345661,9.8352,0.41829004883766174,4.076640847942223,0.8144317302606275,,122.94,122.78,-0.015568049895345661,9.0
ETH/USDT,xgb_primary,primary,1m,2025-12-19 05:30:00+00:00,2025-12-19 04:12:00+00:00,2025-12-19 05:30:00+00:00,sell,False,pnl_block,pnl_block,,,False,0.6699029207,0.41829004883766174,0.48,0.43,prob_floor,"prob_floor,trailing_prob_drop",-0.09342000000000099,-0.09699795229000897,17.588160000000002,0.41829004883766174,,0.03429596388023945,,2931.36,2915.79,-0.09699795229000897,78.0
SOL/USDT,xgb_primary,conservative,1m,2025-12-19 05:30:00+00:00,2025-12-19 05:20:00+00:00,2025-12-19 05:30:00+00:00,sell,False,pnl_block,pnl_block,,,False,0.6076040864,0.41829004883766174,0.48,0.44,prob_floor,"prob_floor,trailing_prob_drop",-0.020799999999999274,-0.023568702794961253,9.8352,0.41829004883766174,8.147967082213682,0.815095569954836,,122.94,122.68,-0.023568702794961253,10.0
BTC/USDT,xgb_primary,conservative,1m,2025-12-19 05:30:00+00:00,2025-12-19 04:20:00+00:00,2025-12-19 05:30:00+00:00,sell,False,pnl_block,pnl_block,,,False,0.6076040864,0.41829004883766174,0.56,0.45,prob_floor,"prob_floor,trailing_prob_drop",-0.04235099999999948,-0.044096125680070736,8.720604,0.41829004883766174,10.214032610465374,0.0011523055871508375,,87206.04,86782.53,-0.044096125680070736,70.0
ETH/USDT,xgb_primary,primary,1m,2025-12-19 05:31:00+00:00,2025-12-19 04:12:00+00:00,2025-12-19 05:31:00+00:00,sell,False,pnl_block,pnl_block,,,False,0.6699029207,0.3245033025741577,0.48,0.43,prob_floor,"prob_floor,trailing_prob_drop",-0.09072000000000208,-0.09429794298210538,17.588160000000002,0.3245033025741577,,0.03429067173786249,,2931.36,2916.24,-0.09429794298210538,79.0
SOL/USDT,xgb_primary,conservative,1m,2025-12-19 05:31:00+00:00,2025-12-19 05:20:00+00:00,2025-12-19 05:31:00+00:00,sell,False,pnl_block,pnl_block,,,False,0.6076040864,0.3245033025741577,0.48,0.44,prob_floor,"prob_floor,trailing_prob_drop",-0.0367999999999995,-0.03957001179246315,9.8352,0.3245033025741577,6.5199674001628605,0.8164265012034866,,122.94,122.48,-0.03957001179246315,11.0
BTC/USDT,xgb_primary,conservative,1m,2025-12-19 05:31:00+00:00,2025-12-19 04:20:00+00:00,2025-12-19 05:31:00+00:00,sell,False,pnl_block,pnl_block,,,False,0.6076040864,0.41829004883766174,0.56,0.45,prob_floor,"prob_floor,trailing_prob_drop",-0.04780399999999936,-0.04954912631188626,8.720604,0.41829004883766174,1.3044100004928394,0.0011530300961911104,,87206.04,86728.0,-0.04954912631188626,71.0
SOL/USDT,xgb_primary,conservative,1m,2025-12-19 05:32:00+00:00,2025-12-19 05:20:00+00:00,2025-12-19 05:32:00+00:00,sell,False,pnl_block,pnl_block,,,False,0.6076040864,0.3245033025741577,0.48,0.44,prob_floor,"prob_floor,trailing_prob_drop",-0.02240000000000009,-0.025168833502629613,9.8352,0.3245033025741577,,0.8152284677785119,,122.94,122.66,-0.025168833502629613,12.0
BTC/USDT,xgb_primary,conservative,1m,2025-12-19 05:32:00+00:00,2025-12-19 04:20:00+00:00,2025-12-19 05:32:00+00:00,sell,False,pnl_block,pnl_block,,,False,0.6076040864,0.41829004883766174,0.56,0.45,prob_floor,"prob_floor,trailing_prob_drop",-0.04622799999999989,-0.04797312612920229,8.720604,0.41829004883766174,5.409542238817023,0.0011528206101399016,,87206.04,86743.76,-0.04797312612920229,72.0
ETH/USDT,xgb_primary,primary,1m,2025-12-19 05:32:00+00:00,2025-12-19 04:12:00+00:00,2025-12-19 05:32:00+00:00,sell,False,pnl_block,pnl_block,,,False,0.6699029207,0.37037035822868347,0.48,0.43,prob_floor,"prob_floor,trailing_prob_drop",-0.10020000000000163,-0.10377797567586279,17.588160000000002,0.37037035822868347,,0.034309260241634214,,2931.36,2914.66,-0.10377797567586279,80.0
BTC/USDT,xgb_primary,conservative,1m,2025-12-19 05:33:00+00:00,2025-12-19 04:20:00+00:00,2025-12-19 05:33:00+00:00,sell,False,pnl_block,pnl_block,,,False,0.6076040864,0.41829004883766174,0.56,0.45,prob_floor,"prob_floor,trailing_prob_drop",-0.05032799999999989,-0.052073126604602324,8.720604,0.41829004883766174,4.583615005851114,0.0011533657559033123,,87206.04,86702.76,-0.052073126604602324,73.0
SOL/USDT,xgb_primary,conservative,1m,2025-12-19 05:33:00+00:00,2025-12-19 05:20:00+00:00,2025-12-19 05:33:00+00:00,sell,False,pnl_block,pnl_block,,,False,0.6076040864,0.4742901027202606,0.48,0.44,trailing_prob_drop,trailing_prob_drop,-0.0367999999999995,-0.03957001179246315,9.8352,0.4742901027202606,13.859448883091611,0.8164265012034866,,122.94,122.48,-0.03957001179246315,13.0
ETH/USDT,xgb_primary,primary,1m,2025-12-19 05:34:00+00:00,2025-12-19 04:12:00+00:00,2025-12-19 05:34:00+00:00,sell,False,pnl_block,pnl_block,,,False,0.6699029207,0.41829004883766174,0.48,0.43,prob_floor,"prob_floor,trailing_prob_drop",-0.11676000000000022,-0.12033803287159317,17.588160000000002,0.41829004883766174,,0.03434177969323701,,2931.36,2911.9,-0.12033803287159317,82.0
SOL/USDT,xgb_primary,conservative,1m,2025-12-19 05:34:00+00:00,2025-12-19 05:20:00+00:00,2025-12-19 05:34:00+00:00,sell,False,pnl_block,pnl_block,,,False,0.6076040864,0.41829004883766174,0.48,0.44,prob_floor,"prob_floor,trailing_prob_drop",-0.020799999999999274,-0.023568702794961253,9.8352,0.41829004883766174,11.426705843943894,0.815095569954836,,122.94,122.68,-0.023568702794961253,14.0
BTC/USDT,xgb_primary,conservative,1m,2025-12-19 05:34:00+00:00,2025-12-19 04:20:00+00:00,2025-12-19 05:34:00+00:00,sell,False,pnl_block,pnl_block,,,False,0.6076040864,0.41829004883766174,0.56,0.45,prob_floor,"prob_floor,trailing_prob_drop",-0.04320599999999977,-0.044951125779085166,8.720604,0.41829004883766174,4.147262414683783,0.0011524191276121784,,87206.04,86773.98,-0.044951125779085166,74.0
ETH/USDT,xgb_primary,primary,1m,2025-12-19 05:35:00+00:00,2025-12-19 04:12:00+00:00,2025-12-19 05:35:00+00:00,sell,False,pnl_block,pnl_block,,,False,0.6699029207,0.41829004883766174,0.48,0.43,prob_floor,"prob_floor,trailing_prob_drop",-0.09864000000000032,-0.10221797029343697,17.588160000000002,0.41829004883766174,,0.034306199987181596,,2931.36,2914.92,-0.10221797029343697,83.0
SOL/USDT,xgb_primary,conservative,1m,2025-12-19 05:35:00+00:00,2025-12-19 05:20:00+00:00,2025-12-19 05:35:00+00:00,sell,False,pnl_block,pnl_block,,,False,0.6076040864,0.4742901027202606,0.48,0.44,trailing_prob_drop,trailing_prob_drop,-0.020799999999999274,-0.023568702794961253,9.8352,0.4742901027202606,6.52103032279202,0.815095569954836,,122.94,122.68,-0.023568702794961253,15.0
BTC/USDT,xgb_primary,conservative,1m,2025-12-19 05:35:00+00:00,2025-12-19 04:20:00+00:00,2025-12-19 05:35:00+00:00,sell,False,pnl_block,pnl_block,,,False,0.6076040864,0.41829004883766174,0.56,0.45,prob_floor,"prob_floor,trailing_prob_drop",-0.04218299999999872,-0.04392812566061714,8.720604,0.41829004883766174,8.206377072941896,0.0011522832804054643,,87206.04,86784.21,-0.04392812566061714,75.0
SOL/USDT,xgb_primary,conservative,1m,2025-12-19 05:36:00+00:00,2025-12-19 05:20:00+00:00,2025-12-19 05:36:00+00:00,sell,False,pnl_block,pnl_block,,,False,0.6076040864,0.41829004883766174,0.48,0.44,prob_floor,"prob_floor,trailing_prob_drop",-0.02,-0.022768637457109504,9.8352,0.41829004883766174,6.518373665770251,0.8150291372920753,,122.94,122.69,-0.022768637457109504,16.0
ETH/USDT,xgb_primary,primary,1m,2025-12-19 05:36:00+00:00,2025-12-19 04:12:00+00:00,2025-12-19 05:36:00+00:00,sell,False,pnl_block,pnl_block,,,False,0.6699029207,0.41829004883766174,0.48,0.43,prob_floor,"prob_floor,trailing_prob_drop",-0.08406000000000131,-0.08763792003488355,17.588160000000002,0.41829004883766174,3.0181949136544315,0.03427762476701766,,2931.36,2917.35,-0.08763792003488355,84.0
BTC/USDT,xgb_primary,conservative,1m,2025-12-19 05:36:00+00:00,2025-12-19 04:20:00+00:00,2025-12-19 05:36:00+00:00,sell,False,pnl_block,pnl_block,,,False,0.6076040864,0.4742901027202606,0.56,0.45,trailing_prob_drop,trailing_prob_drop,-0.03832099999999919,-0.04006612521364169,8.720604,0.4742901027202606,4.874883370346678,0.0011517707288366374,,87206.04,86822.83,-0.04006612521364169,76.0
SOL/USDT,xgb_primary,conservative,1m,2025-12-19 05:37:00+00:00,2025-12-19 05:20:00+00:00,2025-12-19 05:37:00+00:00,sell,False,pnl_block,pnl_block,,,False,0.6076040864,0.4742901027202606,0.48,0.44,trailing_prob_drop,trailing_prob_drop,-0.02399999999999977,-0.02676896425292529,9.8352,0.4742901027202606,,0.8153614089449317,,122.94,122.64,-0.02676896425292529,17.0
ETH/USDT,xgb_primary,primary,1m,2025-12-19 05:37:00+00:00,2025-12-19 04:12:00+00:00,2025-12-19 05:37:00+00:00,sell,False,pnl_block,pnl_block,,,False,0.6699029207,0.4742901027202606,0.48,0.43,trailing_prob_drop,trailing_prob_drop,-0.06546000000000185,-0.06903785604043522,17.588160000000002,0.4742901027202606,0.7201646090536227,0.03424123980755834,,2931.36,2920.45,-0.06903785604043522,85.0
BTC/USDT,xgb_primary,conservative,1m,2025-12-19 05:37:00+00:00,2025-12-19 04:20:00+00:00,2025-12-19 05:37:00+00:00,sell,False,pnl_block,pnl_block,,,False,0.6076040864,0.4742901027202606,0.56,0.45,trailing_prob_drop,trailing_prob_drop,-0.030248999999999072,-0.0319941242806962,8.720604,0.4742901027202606,4.446987042463437,0.001150700911459987,,87206.04,86903.55,-0.0319941242806962,77.0
BTC/USDT,xgb_primary,conservative,1m,2025-12-19 05:38:00+00:00,2025-12-19 04:20:00+00:00,2025-12-19 05:38:00+00:00,sell,False,pnl_block,pnl_block,,,False,0.6076040864,0.5002435445785522,0.56,0.45,trailing_prob_drop,trailing_prob_drop,-0.03244399999999878,-0.03418912453421794,8.720604,0.5002435445785522,9.288458296582954,0.0011509916276018738,,87206.04,86881.6,-0.03418912453421794,78.0
SOL/USDT,xgb_primary,conservative,1m,2025-12-19 05:38:00+00:00,2025-12-19 05:20:00+00:00,2025-12-19 05:38:00+00:00,sell,False,pnl_block,pnl_block,,,False,0.6076040864,0.41829004883766174,0.48,0.44,prob_floor,"prob_floor,trailing_prob_drop",-0.023199999999999363,-0.02596889887244574,9.8352,0.41829004883766174,,0.8152949329412503,,122.94,122.65,-0.02596889887244574,18.0
ETH/USDT,xgb_primary,primary,1m,2025-12-19 05:38:00+00:00,2025-12-19 04:12:00+00:00,2025-12-19 05:38:00+00:00,sell,False,pnl_block,pnl_block,,,False,0.6699029207,0.5002435445785522,0.48,0.43,gate_close,"gate_close,trailing_prob_drop",-0.06516000000000076,-0.06873785500937887,17.588160000000002,0.5002435445785522,9.622760396690406,0.034240653586343046,,2931.36,2920.5,-0.06873785500937887,86.0
SOL/USDT,xgb_primary,conservative,1m,2025-12-19 05:39:00+00:00,2025-12-19 05:20:00+00:00,2025-12-19 05:39:00+00:00,sell,False,pnl_block,pnl_block,,,False,0.6076040864,0.4742901027202606,0.48,0.44,trailing_prob_drop,trailing_prob_drop,-0.015199999999999818,-0.017968245653537763,9.8352,0.4742901027202606,7.337355291048705,0.8146307686045471,,122.94,122.75,-0.017968245653537763,19.0
BTC/USDT,xgb_primary,conservative,1m,2025-12-19 05:40:00+00:00,2025-12-19 04:20:00+00:00,2025-12-19 05:40:00+00:00,sell,False,pnl_block,pnl_block,,,False,0.6076040864,0.5002435445785522,0.56,0.45,trailing_prob_drop,trailing_prob_drop,-0.02748399999999965,-0.02922912396152354,8.720604,0.5002435445785522,5.44582673551176,0.0011503349124532699,,87206.04,86931.2,-0.02922912396152354,80.0
SOL/USDT,xgb_primary,conservative,1m,2025-12-19 05:42:00+00:00,2025-12-19 05:20:00+00:00,2025-12-19 05:42:00+00:00,sell,False,pnl_block,pnl_block,,,False,0.6076040864,0.565682053565979,0.48,0.44,gate_close,gate_close,-0.027200000000000273,-0.02996922588149002,9.8352,0.565682053565979,7.334365577377835,0.8156274213943245,,122.94,122.6,-0.02996922588149002,22.0
ETH/USDT,xgb_primary,primary,1m,2025-12-19 05:43:00+00:00,2025-12-19 04:12:00+00:00,2025-12-19 05:43:00+00:00,sell,True,dry_run,dry_run,,,True,0.6699029207,0.6076040863990784,0.48,0.43,time_limit,time_exit,-0.06396000000000186,-0.06747763200000187,17.588160000000002,0.6076040863990784,0.034238308902194085,0.034238308902194085,17.5242,2931.36,2920.7,-0.06747763200000187,91.0
SOL/USDT,xgb_primary,conservative,1m,2025-12-19 05:44:00+00:00,2025-12-19 05:20:00+00:00,2025-12-19 05:44:00+00:00,sell,False,pnl_block,pnl_block,,,False,0.6076040864,0.4742901027202606,0.48,0.44,trailing_prob_drop,trailing_prob_drop,-0.027200000000000273,-0.02996922588149002,9.8352,0.4742901027202606,4.079967360260886,0.8156274213943245,,122.94,122.6,-0.02996922588149002,24.0
ETH/USDT,xgb_primary,primary,1m,2025-12-19 05:45:00+00:00,,2025-12-19 05:45:00+00:00,buy,True,cooldown_after_loss,cooldown_after_loss,cooldown_after_loss,,False,0.6076040863990784,0.6076040863990784,,0.48,cooldown_after_loss,,,,,0.6076040863990784,,,20.0,,2920.38,0.0,
SOL/USDT,xgb_primary,conservative,1m,2025-12-19 05:45:00+00:00,2025-12-19 05:20:00+00:00,2025-12-19 05:45:00+00:00,sell,False,pnl_block,pnl_block,,,False,0.6076040864,0.41829004883766174,0.48,0.44,prob_floor,"prob_floor,trailing_prob_drop",-0.03360000000000014,-0.03636974965109216,9.8352,0.41829004883766174,,0.8161599673540189,,122.94,122.52,-0.03636974965109216,25.0
ETH/USDT,xgb_primary,primary,1m,2025-12-19 05:46:00+00:00,,2025-12-19 05:46:00+00:00,buy,True,cooldown_after_loss,cooldown_after_loss,cooldown_after_loss,,False,0.6076040863990784,0.6076040863990784,,0.48,cooldown_after_loss,,,,,0.6076040863990784,,,20.0,,2919.35,0.0,
SOL/USDT,xgb_primary,conservative,1m,2025-12-19 05:46:00+00:00,2025-12-19 05:20:00+00:00,2025-12-19 05:46:00+00:00,sell,False,pnl_block,pnl_block,,,False,0.6076040864,0.4742901027202606,0.48,0.44,trailing_prob_drop,trailing_prob_drop,-0.027200000000000273,-0.02996922588149002,9.8352,0.4742901027202606,,0.8156274213943245,,122.94,122.6,-0.02996922588149002,26.0
SOL/USDT,xgb_primary,conservative,1m,2025-12-19 05:47:00+00:00,2025-12-19 05:20:00+00:00,2025-12-19 05:47:00+00:00,sell,False,pnl_block,pnl_block,,,False,0.6076040864,0.565682053565979,0.48,0.44,gate_close,gate_close,-0.046399999999999865,-0.04917079924488239,9.8352,0.565682053565979,6.525285481239665,0.8172271482862841,,122.94,122.36,-0.04917079924488239,27.0
ETH/USDT,xgb_primary,primary,1m,2025-12-19 05:47:00+00:00,,2025-12-19 05:47:00+00:00,buy,True,cooldown_after_loss,cooldown_after_loss,cooldown_after_loss,,False,0.6076040863990784,0.6076040863990784,,0.48,cooldown_after_loss,,,,,0.6076040863990784,,,20.0,,2921.08,0.0,
ETH/USDT,xgb_primary,primary,1m,2025-12-19 05:48:00+00:00,,2025-12-19 05:48:00+00:00,buy,True,dry_run,dry_run,,exchange_qty_step,True,0.6076040863990784,0.6076040863990784,,0.48,dry_run,,,,,0.6076040863990784,0.03425308577405477,,17.5167,,2919.45,0.0,
SOL/USDT,xgb_primary,conservative,1m,2025-12-19 05:48:00+00:00,2025-12-19 05:20:00+00:00,2025-12-19 05:48:00+00:00,sell,False,pnl_block,pnl_block,,,False,0.6076040864,0.4742901027202606,0.48,0.44,trailing_prob_drop,trailing_prob_drop,-0.05039999999999964,-0.05317112780607339,9.8352,0.4742901027202606,,0.8175612148952217,,122.94,122.31,-0.05317112780607339,28.0
SOL/USDT,xgb_primary,conservative,1m,2025-12-19 05:50:00+00:00,2025-12-19 05:20:00+00:00,2025-12-19 05:50:00+00:00,sell,False,pnl_block,pnl_block,,,False,0.6076040864,0.41829004883766174,0.48,0.44,prob_floor,"prob_floor,trailing_prob_drop",-0.03759999999999991,-0.04037007735456248,9.8352,0.41829004883766174,,0.8164931618701871,,122.94,122.47,-0.04037007735456248,30.0
BTC/USDT,xgb_primary,conservative,1m,2025-12-19 05:50:00+00:00,2025-12-19 04:20:00+00:00,2025-12-19 05:50:00+00:00,sell,True,dry_run,dry_run,,,True,0.6076040864,0.6076040863990784,0.56,0.45,time_limit,time_exit,-0.014296999999998661,-0.01604112079999866,8.720604,0.6076040863990784,0.0011485925571502395,0.0011485925571502395,8.706307,87206.04,87063.07,-0.01604112079999866,90.0
SOL/USDT,xgb_primary,conservative,1m,2025-12-19 05:51:00+00:00,2025-12-19 05:20:00+00:00,2025-12-19 05:51:00+00:00,sell,False,pnl_block,pnl_block,,,False,0.6076040864,0.41829004883766174,0.48,0.44,prob_floor,"prob_floor,trailing_prob_drop",-0.026399999999999865,-0.029169160458345503,9.8352,0.41829004883766174,5.7175528873636505,0.8155609020107749,,122.94,122.61,-0.029169160458345503,31.0
BTC/USDT,xgb_primary,conservative,1m,2025-12-19 05:51:00+00:00,,2025-12-19 05:51:00+00:00,buy,True,cooldown_after_loss,cooldown_after_loss,cooldown_after_loss,,False,0.6076040863990784,0.6076040863990784,,0.56,cooldown_after_loss,,,,,0.6076040863990784,,,15.0,,87193.79,0.0,
SOL/USDT,xgb_primary,conservative,1m,2025-12-19 05:52:00+00:00,2025-12-19 05:20:00+00:00,2025-12-19 05:52:00+00:00,sell,False,pnl_block,pnl_block,,,False,0.6076040864,0.4742901027202606,0.48,0.44,trailing_prob_drop,trailing_prob_drop,-0.027200000000000273,-0.02996922588149002,9.8352,0.4742901027202606,15.495025281356853,0.8156274213943245,,122.94,122.6,-0.02996922588149002,32.0
ETH/USDT,xgb_primary,primary,1m,2025-12-19 05:52:00+00:00,2025-12-19 05:48:00+00:00,2025-12-19 05:52:00+00:00,sell,False,min_hold,min_hold,,,False,0.6076040864,0.6076040863990784,0.48,0.43,take_profit,"take_profit,gate_close",0.031140000000000327,0.027576766577036574,17.5167,0.6076040863990784,15.246403763058701,0.034192184009403805,,2919.45,2924.64,0.027576766577036574,4.0
ETH/USDT,xgb_primary,primary,1m,2025-12-19 05:53:00+00:00,2025-12-19 05:48:00+00:00,2025-12-19 05:53:00+00:00,sell,True,min_hold,min_hold,,,False,0.6076040864,0.565682053565979,0.48,0.43,take_profit,take_profit,0.021660000000000765,0.018096734202933708,17.5167,0.565682053565979,2.325072487555019,0.0342106658600417,,2919.45,2923.06,0.018096734202933708,5.0
SOL/USDT,xgb_primary,conservative,1m,2025-12-19 05:54:00+00:00,2025-12-19 05:20:00+00:00,2025-12-19 05:54:00+00:00,sell,False,pnl_block,pnl_block,,,False,0.6076040864,0.4742901027202606,0.48,0.44,trailing_prob_drop,trailing_prob_drop,-0.03519999999999982,-0.03796988070037981,9.8352,0.4742901027202606,4.895960832313527,0.8162932125223554,,122.94,122.5,-0.03796988070037981,34.0
BTC/USDT,xgb_primary,conservative,1m,2025-12-19 05:55:00+00:00,,2025-12-19 05:55:00+00:00,buy,True,dry_run,dry_run,,exchange_qty_step,True,0.6076040863990784,0.6076040863990784,,0.56,dry_run,,,,,0.6076040863990784,0.0011478799385669838,,8.711713000000001,,87117.13,0.0,
ETH/USDT,xgb_primary,primary,1m,2025-12-19 05:55:00+00:00,2025-12-19 05:48:00+00:00,2025-12-19 05:55:00+00:00,sell,True,dry_run,dry_run,,,True,0.6076040864,0.5002435445785522,0.48,0.43,take_profit,take_profit,0.021900000000000548,0.018396660000000547,17.5167,0.5002435445785522,0.03421019771858445,0.03421019771858445,17.5386,2919.45,2923.1,0.018396660000000547,7.0
SOL/USDT,xgb_primary,conservative,1m,2025-12-19 05:55:00+00:00,2025-12-19 05:20:00+00:00,2025-12-19 05:55:00+00:00,sell,False,pnl_block,pnl_block,,,False,0.6076040864,0.41829004883766174,0.48,0.44,prob_floor,"prob_floor,trailing_prob_drop",-0.0367999999999995,-0.03957001179246315,9.8352,0.41829004883766174,4.89835904971737,0.8164265012034866,,122.94,122.48,-0.03957001179246315,35.0
SOL/USDT,xgb_primary,conservative,1m,2025-12-19 05:56:00+00:00,2025-12-19 05:20:00+00:00,2025-12-19 05:56:00+00:00,sell,False,pnl_block,pnl_block,,,False,0.6076040864,0.41829004883766174,0.48,0.44,prob_floor,"prob_floor,trailing_prob_drop",-0.036000000000000226,-0.038769946241071704,9.8352,0.41829004883766174,6.530612244897821,0.8163598514229247,,122.94,122.49,-0.038769946241071704,36.0
ETH/USDT,xgb_primary,primary,1m,2025-12-19 05:57:00+00:00,,2025-12-19 05:57:00+00:00,buy,True,dry_run,dry_run,,exchange_qty_step,True,0.5002435445785522,0.5002435445785522,,0.48,dry_run,,,,,0.5002435445785522,0.03421359203445404,,17.536920000000002,,2922.82,0.0,
SOL/USDT,xgb_primary,conservative,1m,2025-12-19 05:57:00+00:00,2025-12-19 05:20:00+00:00,2025-12-19 05:57:00+00:00,sell,False,pnl_block,pnl_block,,,False,0.6076040864,0.41829004883766174,0.48,0.44,prob_floor,"prob_floor,trailing_prob_drop",-0.04240000000000009,-0.0451704709520897,9.8352,0.41829004883766174,4.080633314291306,0.8168933545729785,,122.94,122.41,-0.0451704709520897,37.0
SOL/USDT,xgb_primary,conservative,1m,2025-12-19 05:58:00+00:00,2025-12-19 05:20:00+00:00,2025-12-19 05:58:00+00:00,sell,False,pnl_block,pnl_block,,,False,0.6076040864,0.4742901027202606,0.48,0.44,trailing_prob_drop,trailing_prob_drop,-0.027999999999999546,-0.030769291315305314,9.8352,0.4742901027202606,,0.8156939516286068,,122.94,122.59,-0.030769291315305314,38.0
BTC/USDT,xgb_primary,conservative,1m,2025-12-19 05:58:00+00:00,2025-12-19 05:55:00+00:00,2025-12-19 05:58:00+00:00,sell,False,min_hold,min_hold,,,False,0.6076040864,0.5002435445785522,0.56,0.45,trailing_prob_drop,trailing_prob_drop,0.0020629999999990105,0.00010171199992437896,8.711713000000001,0.5002435445785522,60.074825633120426,0.25132301772869614,,87117.13,87137.76,0.00010171199992437896,3.0
BTC/USDT,xgb_primary,conservative,1m,2025-12-19 05:59:00+00:00,2025-12-19 05:55:00+00:00,2025-12-19 05:59:00+00:00,sell,False,min_hold,min_hold,,,False,0.6076040864,0.6076040863990784,0.56,0.45,gate_close,gate_close,-0.005757000000000699,-0.007500343261215594,8.711713000000001,0.6076040863990784,8.87996837271425,0.0011486388668853589,,87117.13,87059.56,-0.007500343261215594,4.0
SOL/USDT,xgb_primary,conservative,1m,2025-12-19 05:59:00+00:00,2025-12-19 05:20:00+00:00,2025-12-19 05:59:00+00:00,sell,False,pnl_block,pnl_block,,,False,0.6076040864,0.5002435445785522,0.48,0.44,gate_close,gate_close,-0.029600000000000366,-0.0323694222149712,9.8352,0.5002435445785522,12.235908312260843,0.8158270446669481,,122.94,122.57,-0.0323694222149712,39.0
BTC/USDT,xgb_primary,conservative,1m,2025-12-19 06:00:00+00:00,2025-12-19 05:55:00+00:00,2025-12-19 06:00:00+00:00,sell,False,pnl_block,pnl_block,,,False,0.6076040864,0.565682053565979,0.56,0.45,gate_close,gate_close,-0.009622000000000117,-0.011365343705653331,8.711713000000001,0.565682053565979,9.232758673169428,0.0011491490286859557,,87117.13,87020.91,-0.011365343705653331,5.0
SOL/USDT,xgb_primary,conservative,1m,2025-12-19 06:02:00+00:00,2025-12-19 05:20:00+00:00,2025-12-19 06:02:00+00:00,sell,False,pnl_block,pnl_block,,,False,0.6076040864,0.4742901027202606,0.48,0.44,trailing_prob_drop,trailing_prob_drop,-0.05199999999999932,-0.0547712593057756,9.8352,0.4742901027202606,4.079301623561815,0.8176949180253408,,122.94,122.29,-0.0547712593057756,42.0
SOL/USDT,xgb_primary,conservative,1m,2025-12-19 06:03:00+00:00,2025-12-19 05:20:00+00:00,2025-12-19 06:03:00+00:00,sell,False,pnl_block,pnl_block,,,False,0.6076040864,0.4742901027202606,0.48,0.44,trailing_prob_drop,trailing_prob_drop,-0.05919999999999959,-0.06197185158708613,9.8352,0.4742901027202606,18.809290153745827,0.8182971236848661,,122.94,122.2,-0.06197185158708613,43.0
BTC/USDT,xgb_primary,conservative,1m,2025-12-19 06:04:00+00:00,2025-12-19 05:55:00+00:00,2025-12-19 06:04:00+00:00,sell,False,dry_run,dry_run,,,True,0.6076040864,0.5002435445785522,0.56,0.45,prob_trailing,trailing_prob_drop,0.0029789999999993598,0.0012366573999993595,8.711713000000001,0.5002435445785522,4.3879237078061415,0.0011474874179165026,8.714692,87117.13,87146.92,0.0012366573999993595,9.0
ETH/USDT,xgb_primary,primary,1m,2025-12-19 06:05:00+00:00,2025-12-19 05:57:00+00:00,2025-12-19 06:05:00+00:00,sell,False,pnl_block,pnl_block,,,False,0.5002435446,0.41829004883766174,0.48,0.43,prob_floor,prob_floor,-0.008820000000001528,-0.012387414088780135,17.536920000000002,0.41829004883766174,,0.034230690895896865,,2922.82,2921.35,-0.012387414088780135,8.0
SOL/USDT,xgb_primary,conservative,1m,2025-12-19 06:05:00+00:00,2025-12-19 05:20:00+00:00,2025-12-19 06:05:00+00:00,sell,False,pnl_block,pnl_block,,,False,0.6076040864,0.4742901027202606,0.48,0.44,trailing_prob_drop,trailing_prob_drop,-0.038400000000000316,-0.04117014292736773,9.8352,0.4742901027202606,16.33853443346155,0.8165598334222117,,122.94,122.46,-0.04117014292736773,45.0
BTC/USDT,xgb_primary,conservative,1m,2025-12-19 06:06:00+00:00,,2025-12-19 06:06:00+00:00,buy,True,dry_run,dry_run,,exchange_qty_step,True,0.565682053565979,0.565682053565979,,0.56,dry_run,,,,,0.565682053565979,0.0011476497950456102,,8.713460000000001,,87134.6,0.0,
ETH/USDT,xgb_primary,primary,1m,2025-12-19 06:07:00+00:00,2025-12-19 05:57:00+00:00,2025-12-19 06:07:00+00:00,sell,False,pnl_block,pnl_block,,,False,0.5002435446,0.41829004883766174,0.48,0.43,prob_floor,prob_floor,-0.016320000000001528,-0.01988743978566808,17.536920000000002,0.41829004883766174,,0.03424534391817513,,2922.82,2920.1,-0.01988743978566808,10.0
SOL/USDT,xgb_primary,conservative,1m,2025-12-19 06:07:00+00:00,2025-12-19 05:20:00+00:00,2025-12-19 06:07:00+00:00,sell,False,pnl_block,pnl_block,,,False,0.6076040864,0.37037035822868347,0.48,0.44,prob_floor,"prob_floor,trailing_prob_drop",-0.04799999999999954,-0.05077093063713151,9.8352,0.37037035822868347,12.260912211867867,0.8173607421628105,,122.94,122.34,-0.05077093063713151,47.0
BTC/USDT,xgb_primary,conservative,1m,2025-12-19 06:07:00+00:00,2025-12-19 06:06:00+00:00,2025-12-19 06:07:00+00:00,sell,False,min_hold,min_hold,,,False,0.5656820536,0.41829004883766174,0.56,0.45,prob_floor,"prob_floor,trailing_prob_drop",-0.004335000000000582,-0.006078692497696412,8.713460000000001,0.41829004883766174,7.506776871644959,0.001148220908604579,,87134.6,87091.25,-0.006078692497696412,1.0
SOL/USDT,xgb_primary,conservative,1m,2025-12-19 06:08:00+00:00,2025-12-19 05:20:00+00:00,2025-12-19 06:08:00+00:00,sell,False,pnl_block,pnl_block,,,False,0.6076040864,0.41829004883766174,0.48,0.44,prob_floor,"prob_floor,trailing_prob_drop",-0.043999999999999775,-0.046770602237019676,9.8352,0.41829004883766174,,0.81702683933209,,122.94,122.39,-0.046770602237019676,48.0
BTC/USDT,xgb_primary,conservative,1m,2025-12-19 06:08:00+00:00,2025-12-19 06:06:00+00:00,2025-12-19 06:08:00+00:00,sell,False,min_hold,min_hold,,,False,0.5656820536,0.41829004883766174,0.56,0.45,prob_floor,"prob_floor,trailing_prob_drop",-0.0035470000000001165,-0.005290692407179297,8.713460000000001,0.41829004883766174,4.976389134800789,0.001148117027196804,,87134.6,87099.13,-0.005290692407179297,2.0
SOL/USDT,xgb_primary,conservative,1m,2025-12-19 06:10:00+00:00,2025-12-19 05:20:00+00:00,2025-12-19 06:10:00+00:00,sell,False,pnl_block,pnl_block,,,False,0.6076040864,0.4742901027202606,0.48,0.44,trailing_prob_drop,trailing_prob_drop,-0.041599999999999686,-0.04437040532570972,9.8352,0.4742901027202606,,0.8168266285485085,,122.94,122.42,-0.04437040532570972,50.0
BTC/USDT,xgb_primary,conservative,1m,2025-12-19 06:11:00+00:00,2025-12-19 06:06:00+00:00,2025-12-19 06:11:00+00:00,sell,False,pnl_block,pnl_block,,,False,0.5656820536,0.41829004883766174,0.56,0.45,prob_floor,"prob_floor,trailing_prob_drop",-0.0067760000000009315,-0.008519692778197054,8.713460000000001,0.41829004883766174,5.387707594750274,0.0011485428246898375,,87134.6,87066.84,-0.008519692778197054,5.0
SOL/USDT,xgb_primary,conservative,1m,2025-12-19 06:11:00+00:00,2025-12-19 05:20:00+00:00,2025-12-19 06:11:00+00:00,sell,False,pnl_block,pnl_block,,,False,0.6076040864,0.4742901027202606,0.48,0.44,trailing_prob_drop,trailing_prob_drop,-0.041599999999999686,-0.04437040532570972,9.8352,0.4742901027202606,0.8168599901980981,0.8168266285485085,,122.94,122.42,-0.04437040532570972,51.0
ETH/USDT,xgb_primary,primary,1m,2025-12-19 06:12:00+00:00,2025-12-19 05:57:00+00:00,2025-12-19 06:12:00+00:00,sell,False,pnl_block,pnl_block,,,False,0.5002435446,0.41829004883766174,0.48,0.43,prob_floor,prob_floor,-0.012660000000000764,-0.01622742724283543,17.536920000000002,0.41829004883766174,,0.03423819167485883,,2922.82,2920.71,-0.01622742724283543,15.0
SOL/USDT,xgb_primary,conservative,1m,2025-12-19 06:12:00+00:00,2025-12-19 05:20:00+00:00,2025-12-19 06:12:00+00:00,sell,False,pnl_block,pnl_block,,,False,0.6076040864,0.4742901027202606,0.48,0.44,trailing_prob_drop,trailing_prob_drop,-0.046399999999999865,-0.04917079924488239,9.8352,0.4742901027202606,2.4509803921569553,0.8172271482862841,,122.94,122.36,-0.04917079924488239,52.0
SOL/USDT,xgb_primary,conservative,1m,2025-12-19 06:13:00+00:00,2025-12-19 05:20:00+00:00,2025-12-19 06:13:00+00:00,sell,False,pnl_block,pnl_block,,,False,0.6076040864,0.4742901027202606,0.48,0.44,trailing_prob_drop,trailing_prob_drop,-0.040799999999999274,-0.043570339710048776,9.8352,0.4742901027202606,,0.8167599134227064,,122.94,122.43,-0.043570339710048776,53.0
SOL/USDT,xgb_primary,conservative,1m,2025-12-19 06:14:00+00:00,2025-12-19 05:20:00+00:00,2025-12-19 06:14:00+00:00,sell,False,pnl_block,pnl_block,,,False,0.6076040864,0.41829004883766174,0.48,0.44,prob_floor,"prob_floor,trailing_prob_drop",-0.03919999999999959,-0.04197020851088041,9.8352,0.41829004883766174,,0.8166265158622275,,122.94,122.45,-0.04197020851088041,54.0
SOL/USDT,xgb_primary,conservative,1m,2025-12-19 06:15:00+00:00,2025-12-19 05:20:00+00:00,2025-12-19 06:15:00+00:00,sell,False,pnl_block,pnl_block,,,False,0.6076040864,0.4742901027202606,0.48,0.44,trailing_prob_drop,trailing_prob_drop,-0.049600000000000366,-0.05237106207234903,9.8352,0.4742901027202606,5.716152212968104,0.8174943797265576,,122.94,122.32,-0.05237106207234903,55.0
SOL/USDT,xgb_primary,conservative,1m,2025-12-19 06:16:00+00:00,2025-12-19 05:20:00+00:00,2025-12-19 06:16:00+00:00,sell,False,pnl_block,pnl_block,,,False,0.6076040864,0.41829004883766174,0.48,0.44,prob_floor,"prob_floor,trailing_prob_drop",-0.046399999999999865,-0.04917079924488239,9.8352,0.41829004883766174,3.2693093583985497,0.8172271482862841,,122.94,122.36,-0.04917079924488239,56.0
SOL/USDT,xgb_primary,conservative,1m,2025-12-19 06:17:00+00:00,2025-12-19 05:20:00+00:00,2025-12-19 06:17:00+00:00,sell,False,pnl_block,pnl_block,,,False,0.6076040864,0.41829004883766174,0.48,0.44,prob_floor,"prob_floor,trailing_prob_drop",-0.05600000000000023,-0.058771588243282574,9.8352,0.41829004883766174,1.634921932477399,0.8180293672547029,,122.94,122.24,-0.058771588243282574,57.0
ETH/USDT,xgb_primary,primary,1m,2025-12-19 06:18:00+00:00,2025-12-19 05:57:00+00:00,2025-12-19 06:18:00+00:00,sell,False,pnl_block,pnl_block,,,False,0.5002435446,0.41829004883766174,0.48,0.43,prob_floor,prob_floor,-0.04038000000000011,-0.043947522369976344,17.536920000000002,0.41829004883766174,,0.03429243560228158,,2922.82,2916.09,-0.043947522369976344,21.0
BTC/USDT,xgb_primary,conservative,1m,2025-12-19 06:18:00+00:00,2025-12-19 06:06:00+00:00,2025-12-19 06:18:00+00:00,sell,False,pnl_block,pnl_block,,,False,0.5656820536,0.41829004883766174,0.56,0.45,prob_floor,"prob_floor,trailing_prob_drop",-0.022680000000000294,-0.02442369460960428,8.713460000000001,0.41829004883766174,7.4858230108478265,0.001150644639426955,,87134.6,86907.8,-0.02442369460960428,12.0
BTC/USDT,xgb_primary,conservative,1m,2025-12-19 06:19:00+00:00,2025-12-19 06:06:00+00:00,2025-12-19 06:19:00+00:00,sell,False,pnl_block,pnl_block,,,False,0.5656820536,0.3396226465702057,0.56,0.45,prob_floor,"prob_floor,trailing_prob_drop",-0.017750000000000002,-0.019493694041178285,8.713460000000001,0.3396226465702057,29.248234422198394,0.0011499922858242936,,87134.6,86957.1,-0.019493694041178285,13.0
SOL/USDT,xgb_primary,conservative,1m,2025-12-19 06:20:00+00:00,2025-12-19 05:20:00+00:00,2025-12-19 06:20:00+00:00,sell,False,pnl_block,pnl_block,,,False,0.6076040864,0.4742901027202606,0.48,0.44,trailing_prob_drop,trailing_prob_drop,-0.048799999999999955,-0.0515709963493689,9.8352,0.4742901027202606,,0.8174275554833135,,122.94,122.33,-0.0515709963493689,60.0
ETH/USDT,xgb_primary,primary,1m,2025-12-19 06:20:00+00:00,2025-12-19 05:57:00+00:00,2025-12-19 06:20:00+00:00,sell,False,pnl_block,pnl_block,,,False,0.5002435446,0.41829004883766174,0.48,0.43,prob_floor,prob_floor,-0.020400000000000546,-0.023967453774012843,17.536920000000002,0.41829004883766174,,0.03425332043043932,,2922.82,2919.42,-0.023967453774012843,23.0
BTC/USDT,xgb_primary,conservative,1m,2025-12-19 06:20:00+00:00,2025-12-19 06:06:00+00:00,2025-12-19 06:20:00+00:00,sell,False,pnl_block,pnl_block,,,False,0.5656820536,0.41829004883766174,0.56,0.45,prob_floor,"prob_floor,trailing_prob_drop",-0.019625,-0.021368694257288563,8.713460000000001,0.41829004883766174,7.2346010579242455,0.0011502403047264132,,87134.6,86938.35,-0.021368694257288563,14.0
BTC/USDT,xgb_primary,conservative,1m,2025-12-19 06:21:00+00:00,2025-12-19 06:06:00+00:00,2025-12-19 06:21:00+00:00,sell,False,pnl_block,pnl_block,,,False,0.5656820536,0.41829004883766174,0.56,0.45,prob_floor,"prob_floor,trailing_prob_drop",-0.009875,-0.011618693134531906,8.713460000000001,0.41829004883766174,2.492570598294959,0.0011489517733537873,,87134.6,87035.85,-0.011618693134531906,15.0
SOL/USDT,xgb_primary,conservative,1m,2025-12-19 06:21:00+00:00,2025-12-19 05:20:00+00:00,2025-12-19 06:21:00+00:00,sell,False,pnl_block,pnl_block,,,False,0.6076040864,0.4742901027202606,0.48,0.44,trailing_prob_drop,trailing_prob_drop,-0.01600000000000023,-0.018768310927533328,9.8352,0.4742901027202606,,0.8146971363399825,,122.94,122.74,-0.018768310927533328,61.0
SOL/USDT,xgb_primary,conservative,1m,2025-12-19 06:22:00+00:00,2025-12-19 05:20:00+00:00,2025-12-19 06:22:00+00:00,sell,False,pnl_block,pnl_block,,,False,0.6076040864,0.565682053565979,0.48,0.44,gate_close,gate_close,-0.012799999999999728,-0.015568049895345661,9.8352,0.565682053565979,8.161932745673711,0.8144317302606275,,122.94,122.78,-0.015568049895345661,62.0
BTC/USDT,xgb_primary,conservative,1m,2025-12-19 06:22:00+00:00,2025-12-19 06:06:00+00:00,2025-12-19 06:22:00+00:00,sell,False,pnl_block,pnl_block,,,False,0.5656820536,0.41829004883766174,0.56,0.45,prob_floor,"prob_floor,trailing_prob_drop",-0.01656800000000076,-0.018311693904991013,8.713460000000001,0.41829004883766174,11.202279152524028,0.001149835989666575,,87134.6,86968.92,-0.018311693904991013,16.0
SOL/USDT,xgb_primary,conservative,1m,2025-12-19 06:23:00+00:00,2025-12-19 05:20:00+00:00,2025-12-19 06:23:00+00:00,sell,False,pnl_block,pnl_block,,,False,0.6076040864,0.6076040863990784,0.48,0.44,gate_close,gate_close,-0.011999999999999319,-0.01476798466386927,9.8352,0.6076040863990784,9.772782799902643,0.8143654057568228,,122.94,122.79,-0.01476798466386927,63.0
BTC/USDT,xgb_primary,conservative,1m,2025-12-19 06:23:00+00:00,2025-12-19 06:06:00+00:00,2025-12-19 06:23:00+00:00,sell,False,pnl_block,pnl_block,,,False,0.5656820536,0.41829004883766174,0.56,0.45,prob_floor,"prob_floor,trailing_prob_drop",-0.020909000000001107,-0.02265269440533723,8.713460000000001,0.41829004883766174,11.003929794237678,0.0011504102114682007,,87134.6,86925.51,-0.02265269440533723,17.0
SOL/USDT,xgb_primary,conservative,1m,2025-12-19 06:24:00+00:00,2025-12-19 05:20:00+00:00,2025-12-19 06:24:00+00:00,sell,True,dry_run,dry_run,,,True,0.6076040864,0.6076040863990784,0.48,0.44,take_profit,take_profit,0.012000000000000455,0.010032960000000455,9.8352,0.6076040863990784,2.4425989252554086,0.812380681586653,9.8472,122.94,123.09,0.010032960000000455,64.0
BTC/USDT,xgb_primary,conservative,1m,2025-12-19 06:24:00+00:00,2025-12-19 06:06:00+00:00,2025-12-19 06:24:00+00:00,sell,False,pnl_block,pnl_block,,,False,0.5656820536,0.41829004883766174,0.56,0.45,prob_floor,"prob_floor,trailing_prob_drop",-0.01526100000000006,-0.017004693754443086,8.713460000000001,0.41829004883766174,4.9939304360777985,0.0011496632141814304,,87134.6,86981.99,-0.017004693754443086,18.0
BTC/USDT,xgb_primary,conservative,1m,2025-12-19 06:25:00+00:00,2025-12-19 06:06:00+00:00,2025-12-19 06:25:00+00:00,sell,False,pnl_block,pnl_block,,,False,0.5656820536,0.41829004883766174,0.56,0.45,prob_floor,"prob_floor,trailing_prob_drop",-0.011594000000000233,-0.013337693332300083,8.713460000000001,0.41829004883766174,6.494447126992394,0.0011491787416827539,,87134.6,87018.66,-0.013337693332300083,19.0
SOL/USDT,xgb_primary,conservative,1m,2025-12-19 06:28:00+00:00,,2025-12-19 06:28:00+00:00,buy,True,dry_run,dry_run,,exchange_qty_step,True,0.6844155788421631,0.6844155788421631,,0.48,dry_run,,,,,0.6844155788421631,0.8125126955112831,,9.846400000000001,,123.08,0.0,
SOL/USDT,xgb_primary,conservative,1m,2025-12-19 06:30:00+00:00,2025-12-19 06:28:00+00:00,2025-12-19 06:30:00+00:00,sell,False,min_hold,min_hold,,,False,0.6844155788,0.6076040863990784,0.48,0.44,gate_close,gate_close,-0.02080000000000041,-0.023570940899654797,9.846400000000001,0.6076040863990784,11.395083835259692,0.8141664970490631,,123.08,122.82,-0.023570940899654797,2.0
BTC/USDT,xgb_primary,conservative,1m,2025-12-19 06:30:00+00:00,2025-12-19 06:06:00+00:00,2025-12-19 06:30:00+00:00,sell,False,pnl_block,pnl_block,,,False,0.5656820536,0.41829004883766174,0.56,0.45,prob_floor,"prob_floor,trailing_prob_drop",-0.017460000000000583,-0.01920369400776213,8.713460000000001,0.41829004883766174,5.755196148698965,0.0011499539351177946,,87134.6,86960.0,-0.01920369400776213,24.0
SOL/USDT,xgb_primary,conservative,1m,2025-12-19 06:37:00+00:00,2025-12-19 06:28:00+00:00,2025-12-19 06:37:00+00:00,sell,False,pnl_block,pnl_block,,,False,0.6844155788,0.5002435445785522,0.48,0.44,gate_close,"gate_close,trailing_prob_drop",-0.015199999999999818,-0.017970484280076717,9.846400000000001,0.5002435445785522,7.330184069066901,0.8137027543842398,,123.08,122.89,-0.017970484280076717,9.0
BTC/USDT,xgb_primary,conservative,1m,2025-12-19 06:38:00+00:00,2025-12-19 06:06:00+00:00,2025-12-19 06:38:00+00:00,sell,False,pnl_block,pnl_block,,,False,0.5656820536,0.565682053565979,0.56,0.45,gate_close,gate_close,-0.011654000000000815,-0.013397693339206429,8.713460000000001,0.565682053565979,7.922410452527892,0.0011491866670803614,,87134.6,87018.06,-0.013397693339206429,32.0
SOL/USDT,xgb_primary,conservative,1m,2025-12-19 06:38:00+00:00,2025-12-19 06:28:00+00:00,2025-12-19 06:38:00+00:00,sell,True,pnl_block,pnl_block,,,False,0.6844155788,0.5002435445785522,0.48,0.44,trailing_prob_drop,trailing_prob_drop,-0.025599999999999457,-0.028371332702316163,9.846400000000001,0.5002435445785522,4.070004070003839,0.8145644116801127,,123.08,122.76,-0.028371332702316163,10.0
SOL/USDT,xgb_primary,conservative,1m,2025-12-19 06:39:00+00:00,2025-12-19 06:28:00+00:00,2025-12-19 06:39:00+00:00,sell,True,pnl_block,pnl_block,,,False,0.6844155788,0.5002435445785522,0.48,0.44,trailing_prob_drop,trailing_prob_drop,-0.02240000000000009,-0.025171071458003024,9.846400000000001,0.5002435445785522,2.443394689688967,0.814299092056929,,123.08,122.8,-0.025171071458003024,11.0
SOL/USDT,xgb_primary,conservative,1m,2025-12-19 06:40:00+00:00,2025-12-19 06:28:00+00:00,2025-12-19 06:40:00+00:00,sell,False,pnl_block,pnl_block,,,False,0.6844155788,0.41829004883766174,0.48,0.44,prob_floor,"prob_floor,trailing_prob_drop",-0.027999999999999546,-0.030771528747299912,9.846400000000001,0.41829004883766174,3.257859586252342,0.8147635148890622,,123.08,122.73,-0.030771528747299912,12.0
SOL/USDT,xgb_primary,conservative,1m,2025-12-19 06:41:00+00:00,2025-12-19 06:28:00+00:00,2025-12-19 06:41:00+00:00,sell,False,pnl_block,pnl_block,,,False,0.6844155788,0.3396226465702057,0.48,0.44,prob_floor,"prob_floor,trailing_prob_drop",-0.024800000000000183,-0.027571267375280577,9.846400000000001,0.3396226465702057,7.333170373991966,0.8144980655675109,,123.08,122.77,-0.027571267375280577,13.0
SOL/USDT,xgb_primary,conservative,1m,2025-12-19 06:42:00+00:00,2025-12-19 06:28:00+00:00,2025-12-19 06:42:00+00:00,sell,False,pnl_block,pnl_block,,,False,0.6844155788,0.3245033025741577,0.48,0.44,prob_floor,"prob_floor,trailing_prob_drop",-0.024800000000000183,-0.027571267375280577,9.846400000000001,0.3245033025741577,,0.8144980655675109,,123.08,122.77,-0.027571267375280577,14.0
SOL/USDT,xgb_primary,conservative,1m,2025-12-19 06:43:00+00:00,2025-12-19 06:28:00+00:00,2025-12-19 06:43:00+00:00,sell,False,pnl_block,pnl_block,,,False,0.6844155788,0.41829004883766174,0.48,0.44,prob_floor,"prob_floor,trailing_prob_drop",-0.02080000000000041,-0.023570940899654797,9.846400000000001,0.41829004883766174,,0.8141664970490631,,123.08,122.82,-0.023570940899654797,15.0
ETH/USDT,xgb_primary,primary,1m,2025-12-19 06:44:00+00:00,2025-12-19 05:57:00+00:00,2025-12-19 06:44:00+00:00,sell,True,dry_run,dry_run,,,True,0.5002435446,0.565682053565979,0.48,0.43,take_profit,take_profit,0.029699999999998908,0.026192615999998906,17.536920000000002,0.565682053565979,0.03415563012942688,0.03415563012942688,17.56662,2922.82,2927.77,0.026192615999998906,47.0
SOL/USDT,xgb_primary,conservative,1m,2025-12-19 06:44:00+00:00,2025-12-19 06:28:00+00:00,2025-12-19 06:44:00+00:00,sell,False,pnl_block,pnl_block,,,False,0.6844155788,0.41829004883766174,0.48,0.44,prob_floor,"prob_floor,trailing_prob_drop",-0.029600000000000366,-0.03237165949720976,9.846400000000001,0.41829004883766174,,0.8148963044456762,,123.08,122.71,-0.03237165949720976,16.0
BTC/USDT,xgb_primary,conservative,1m,2025-12-19 06:44:00+00:00,2025-12-19 06:06:00+00:00,2025-12-19 06:44:00+00:00,sell,False,pnl_block,pnl_block,,,False,0.5656820536,0.565682053565979,0.56,0.45,gate_close,gate_close,-0.0015580000000001747,-0.0033016921787780524,8.713460000000001,0.565682053565979,6.6089627773531054,0.0011478549025039377,,87134.6,87119.02,-0.0033016921787780524,38.0
ETH/USDT,xgb_primary,primary,1m,2025-12-19 06:45:00+00:00,,2025-12-19 06:45:00+00:00,buy,True,cooldown_after_exit,cooldown_after_exit,cooldown_after_exit,,False,0.6076040863990784,0.6076040863990784,,0.48,cooldown_after_exit,,,,,0.6076040863990784,,,20.0,,2927.1,0.0,
SOL/USDT,xgb_primary,conservative,1m,2025-12-19 06:45:00+00:00,2025-12-19 06:28:00+00:00,2025-12-19 06:45:00+00:00,sell,False,pnl_block,pnl_block,,,False,0.6844155788,0.41829004883766174,0.48,0.44,prob_floor,"prob_floor,trailing_prob_drop",-0.029600000000000366,-0.03237165949720976,9.846400000000001,0.41829004883766174,5.7040417209914756,0.8148963044456762,,123.08,122.71,-0.03237165949720976,17.0
BTC/USDT,xgb_primary,conservative,1m,2025-12-19 06:46:00+00:00,2025-12-19 06:06:00+00:00,2025-12-19 06:46:00+00:00,sell,False,pnl_block,pnl_block,,,False,0.5656820536,0.565682053565979,0.56,0.45,gate_close,gate_close,-0.0006860000000000582,-0.0024296920786771132,8.713460000000001,0.565682053565979,4.623097075626985,0.0011477400218221315,,87134.6,87127.74,-0.0024296920786771132,40.0
SOL/USDT,xgb_primary,conservative,1m,2025-12-19 06:46:00+00:00,2025-12-19 06:28:00+00:00,2025-12-19 06:46:00+00:00,sell,False,pnl_block,pnl_block,,,False,0.6844155788,0.41829004883766174,0.48,0.44,prob_floor,"prob_floor,trailing_prob_drop",-0.024800000000000183,-0.027571267375280577,9.846400000000001,0.41829004883766174,,0.8144980655675109,,123.08,122.77,-0.027571267375280577,18.0
ETH/USDT,xgb_primary,primary,1m,2025-12-19 06:46:00+00:00,,2025-12-19 06:46:00+00:00,buy,True,dry_run,dry_run,,exchange_qty_step,True,0.6076040863990784,0.6076040863990784,,0.48,dry_run,,,,,0.6076040863990784,0.03417734281487425,,17.55552,,2925.92,0.0,
SOL/USDT,xgb_primary,conservative,1m,2025-12-19 06:47:00+00:00,2025-12-19 06:28:00+00:00,2025-12-19 06:47:00+00:00,sell,False,pnl_block,pnl_block,,,False,0.6844155788,0.41829004883766174,0.48,0.44,prob_floor,"prob_floor,trailing_prob_drop",-0.030399999999999636,-0.03317172488814527,9.846400000000001,0.41829004883766174,,0.8149627154550267,,123.08,122.7,-0.03317172488814527,19.0
SOL/USDT,xgb_primary,conservative,1m,2025-12-19 06:48:00+00:00,2025-12-19 06:28:00+00:00,2025-12-19 06:48:00+00:00,sell,False,pnl_block,pnl_block,,,False,0.6844155788,0.41829004883766174,0.48,0.44,prob_floor,"prob_floor,trailing_prob_drop",-0.029600000000000366,-0.03237165949720976,9.846400000000001,0.41829004883766174,4.073983541106262,0.8148963044456762,,123.08,122.71,-0.03237165949720976,20.0
SOL/USDT,xgb_primary,conservative,1m,2025-12-19 06:49:00+00:00,2025-12-19 06:28:00+00:00,2025-12-19 06:49:00+00:00,sell,False,pnl_block,pnl_block,,,False,0.6844155788,0.41829004883766174,0.48,0.44,prob_floor,"prob_floor,trailing_prob_drop",-0.03199999999999932,-0.03477185570199965,9.846400000000001,0.41829004883766174,,0.815095569954836,,123.08,122.68,-0.03477185570199965,21.0
SOL/USDT,xgb_primary,conservative,1m,2025-12-19 06:50:00+00:00,2025-12-19 06:28:00+00:00,2025-12-19 06:50:00+00:00,sell,False,pnl_block,pnl_block,,,False,0.6844155788,0.41829004883766174,0.48,0.44,prob_floor,"prob_floor,trailing_prob_drop",-0.025599999999999457,-0.028371332702316163,9.846400000000001,0.41829004883766174,4.891969017528583,0.8145644116801127,,123.08,122.76,-0.028371332702316163,22.0
SOL/USDT,xgb_primary,conservative,1m,2025-12-19 06:51:00+00:00,2025-12-19 06:28:00+00:00,2025-12-19 06:51:00+00:00,sell,False,pnl_block,pnl_block,,,False,0.6844155788,0.4742901027202606,0.48,0.44,trailing_prob_drop,trailing_prob_drop,-0.02399999999999977,-0.026771202058883597,9.846400000000001,0.4742901027202606,,0.8144317302606275,,123.08,122.78,-0.026771202058883597,23.0
SOL/USDT,xgb_primary,conservative,1m,2025-12-19 06:52:00+00:00,2025-12-19 06:28:00+00:00,2025-12-19 06:52:00+00:00,sell,True,pnl_block,pnl_block,,,False,0.6844155788,0.5002435445785522,0.48,0.44,trailing_prob_drop,trailing_prob_drop,-0.02,-0.022770875636423254,9.846400000000001,0.5002435445785522,,0.8141002157369736,,123.08,122.83,-0.022770875636423254,24.0
BTC/USDT,xgb_primary,conservative,1m,2025-12-19 06:52:00+00:00,2025-12-19 06:06:00+00:00,2025-12-19 06:52:00+00:00,sell,False,dry_run,dry_run,,,True,0.5656820536,0.565682053565979,0.56,0.45,gate_close,gate_close,0.004329999999998836,0.002587307999998835,8.713460000000001,0.565682053565979,4.842569433596405,0.0011470796424063216,8.717789999999999,87134.6,87177.9,0.002587307999998835,46.0
SOL/USDT,xgb_primary,conservative,1m,2025-12-19 06:53:00+00:00,2025-12-19 06:28:00+00:00,2025-12-19 06:53:00+00:00,sell,False,pnl_block,pnl_block,,,False,0.6844155788,0.4742901027202606,0.48,0.44,trailing_prob_drop,trailing_prob_drop,-0.02,-0.022770875636423254,9.846400000000001,0.4742901027202606,0.8144648965633748,0.8141002157369736,,123.08,122.83,-0.022770875636423254,25.0
SOL/USDT,xgb_primary,conservative,1m,2025-12-19 06:54:00+00:00,2025-12-19 06:28:00+00:00,2025-12-19 06:54:00+00:00,sell,True,dry_run,dry_run,,,True,0.6844155788,0.5002435445785522,0.48,0.44,take_profit,"take_profit,trailing_prob_drop",0.010399999999999637,0.008430719999999637,9.846400000000001,0.5002435445785522,0.8115894980323106,0.8115894980323106,9.8568,123.08,123.21,0.008430719999999637,26.0
BTC/USDT,xgb_primary,conservative,1m,2025-12-19 06:54:00+00:00,,2025-12-19 06:54:00+00:00,buy,True,dry_run,dry_run,,exchange_qty_step,True,0.6076040863990784,0.6076040863990784,,0.56,dry_run,,,,,0.6076040863990784,0.0011446141593593898,,8.736569000000001,,87365.69,0.0,
BTC/USDT,xgb_primary,conservative,1m,2025-12-19 06:55:00+00:00,2025-12-19 06:54:00+00:00,2025-12-19 06:55:00+00:00,sell,False,min_hold,min_hold,,,False,0.6076040864,0.565682053565979,0.56,0.45,gate_close,gate_close,0.005661999999999535,0.003913686847716523,8.736569000000001,0.565682053565979,36.12630999652099,0.0011438727067926793,,87365.69,87422.31,0.003913686847716523,1.0
BTC/USDT,xgb_primary,conservative,1m,2025-12-19 06:56:00+00:00,2025-12-19 06:54:00+00:00,2025-12-19 06:56:00+00:00,sell,False,min_hold,min_hold,,,False,0.6076040864,0.6076040863990784,0.56,0.45,gate_close,gate_close,-0.003419000000000233,-0.005167314191439202,8.736569000000001,0.6076040863990784,8.557563003856776,0.0011450621393460825,,87365.69,87331.5,-0.005167314191439202,2.0
ETH/USDT,xgb_primary,primary,1m,2025-12-19 06:56:00+00:00,2025-12-19 06:46:00+00:00,2025-12-19 06:56:00+00:00,sell,False,dry_run,dry_run,,,True,0.6076040864,0.5002435445785522,0.48,0.43,take_profit,"take_profit,gate_close",0.1273199999999988,0.1238088959999988,17.55552,0.5002435445785522,81.51177165835698,0.03393114353117434,17.68284,2925.92,2947.14,0.1238088959999988,10.0
BTC/USDT,xgb_primary,conservative,1m,2025-12-19 06:57:00+00:00,2025-12-19 06:54:00+00:00,2025-12-19 06:57:00+00:00,sell,False,min_hold,min_hold,,,False,0.6076040864,0.6076040863990784,0.56,0.45,gate_close,gate_close,0.001775,2.6686403185463255e-05,8.736569000000001,0.6076040863990784,10.398308697515047,0.0011443815238414222,,87365.69,87383.44,2.6686403185463255e-05,3.0
SOL/USDT,xgb_primary,conservative,1m,2025-12-19 06:58:00+00:00,,2025-12-19 06:58:00+00:00,buy,True,dry_run,dry_run,,exchange_qty_step,True,0.6076040863990784,0.6076040863990784,,0.48,dry_run,,,,,0.6076040863990784,0.810405608007222,,9.872,,123.4,0.0,
ETH/USDT,xgb_primary,primary,1m,2025-12-19 06:59:00+00:00,,2025-12-19 06:59:00+00:00,buy,True,dry_run,dry_run,,exchange_qty_step,True,0.6699029207229614,0.6699029207229614,,0.48,dry_run,,,,,0.6699029207229614,0.033928610809192385,,17.68422,,2947.37,0.0,
SOL/USDT,xgb_primary,conservative,1m,2025-12-19 06:59:00+00:00,2025-12-19 06:58:00+00:00,2025-12-19 06:59:00+00:00,sell,True,min_hold,min_hold,,,False,0.6076040864,0.6699029207229614,0.48,0.44,take_profit,take_profit,0.02399999999999977,0.021227572434421096,9.872,0.6699029207229614,6.483507577599344,0.8083747625391783,,123.4,123.7,0.021227572434421096,1.0
BTC/USDT,xgb_primary,conservative,1m,2025-12-19 06:59:00+00:00,2025-12-19 06:54:00+00:00,2025-12-19 06:59:00+00:00,sell,False,spread_threshold,spread_threshold,,,False,0.6076040864,0.6076040863990784,0.56,0.45,take_profit,"take_profit,gate_close",0.029422000000000118,0.027673689556437845,8.736569000000001,0.6076040863990784,7.63988327822665,0.0011407722668635156,,87365.69,87659.91,0.027673689556437845,5.0
ETH/USDT,xgb_primary,primary,1m,2025-12-19 07:00:00+00:00,2025-12-19 06:59:00+00:00,2025-12-19 07:00:00+00:00,sell,True,min_hold,min_hold,,,False,0.6699029207,0.6699029207229614,0.48,0.43,take_profit,take_profit,0.030359999999999672,0.026763258931985015,17.68422,0.6699029207229614,0.033928668366821596,0.03387034769679359,,2947.37,2952.43,0.026763258931985015,1.0
SOL/USDT,xgb_primary,conservative,1m,2025-12-19 07:00:00+00:00,2025-12-19 06:58:00+00:00,2025-12-19 07:00:00+00:00,sell,False,min_hold,min_hold,,,False,0.6076040864,0.6844155788421631,0.48,0.44,take_profit,"take_profit,gate_close",0.027999999999999546,0.0252278948567726,9.872,0.6844155788421631,25.058604801551052,0.8080481596707298,,123.4,123.75,0.0252278948567726,2.0
BTC/USDT,xgb_primary,conservative,1m,2025-12-19 07:00:00+00:00,2025-12-19 06:54:00+00:00,2025-12-19 07:00:00+00:00,sell,False,dry_run,dry_run,,,True,0.6076040864,0.6076040863990784,0.56,0.45,take_profit,"take_profit,gate_close",0.02169700000000012,0.01994968620000012,8.736569000000001,0.6076040863990784,30.097970847743728,0.0011417784552184283,8.758266,87365.69,87582.66,0.01994968620000012,6.0
SOL/USDT,xgb_primary,conservative,1m,2025-12-19 07:01:00+00:00,2025-12-19 06:58:00+00:00,2025-12-19 07:01:00+00:00,sell,False,min_hold,min_hold,,,False,0.6076040864,0.6844155788421631,0.48,0.44,take_profit,"take_profit,gate_close",0.03439999999999941,0.03162841019097894,9.872,0.6844155788421631,15.352294764059286,0.8075261436593141,,123.4,123.83,0.03162841019097894,3.0
SOL/USDT,xgb_primary,conservative,1m,2025-12-19 07:02:00+00:00,2025-12-19 06:58:00+00:00,2025-12-19 07:02:00+00:00,sell,True,min_hold,min_hold,,,False,0.6076040864,0.6844155788421631,0.48,0.44,take_profit,take_profit,0.05439999999999941,0.05163001632751643,9.872,0.6844155788421631,4.845743821675663,0.8058991820127425,,123.4,124.08,0.05163001632751643,4.0
ETH/USDT,xgb_primary,primary,1m,2025-12-19 07:02:00+00:00,2025-12-19 06:59:00+00:00,2025-12-19 07:02:00+00:00,sell,True,min_hold,min_hold,,,False,0.6699029207,0.6844155788421631,0.48,0.43,take_profit,take_profit,0.03288000000000011,0.02928326745145849,17.68422,0.6844155788421631,,0.0338655301402144,,2947.37,2952.85,0.02928326745145849,3.0
ETH/USDT,xgb_primary,primary,1m,2025-12-19 07:03:00+00:00,2025-12-19 06:59:00+00:00,2025-12-19 07:03:00+00:00,sell,True,min_hold,min_hold,,,False,0.6699029207,0.6699029207229614,0.48,0.43,take_profit,take_profit,0.06264000000000033,0.0590433678793762,17.68422,0.6699029207229614,,0.03380874057443849,,2947.37,2957.81,0.0590433678793762,4.0
SOL/USDT,xgb_primary,conservative,1m,2025-12-19 07:03:00+00:00,2025-12-19 06:58:00+00:00,2025-12-19 07:03:00+00:00,sell,False,dry_run,dry_run,,,True,0.6076040864,0.6844155788421631,0.48,0.44,take_profit,"take_profit,gate_close",0.05279999999999973,0.05082559999999973,9.872,0.6844155788421631,20.14829142488717,0.8060290976496921,9.924800000000001,123.4,124.06,0.05082559999999973,5.0
SOL/USDT,xgb_primary,conservative,1m,2025-12-19 07:05:00+00:00,,2025-12-19 07:05:00+00:00,buy,True,dry_run,dry_run,,exchange_qty_step,True,0.6699029207229614,0.6699029207229614,,0.48,dry_run,,,,,0.6699029207229614,0.8043434546555494,,9.9464,,124.33,0.0,
ETH/USDT,xgb_primary,primary,1m,2025-12-19 07:05:00+00:00,2025-12-19 06:59:00+00:00,2025-12-19 07:05:00+00:00,sell,True,dry_run,dry_run,,,True,0.6699029207,0.6699029207229614,0.48,0.43,take_profit,take_profit,0.08142000000000098,0.07788315600000098,17.68422,0.6699029207229614,0.033773001524052396,0.033773001524052396,17.76564,2947.37,2960.94,0.07788315600000098,6.0
SOL/USDT,xgb_primary,conservative,1m,2025-12-19 07:06:00+00:00,2025-12-19 07:05:00+00:00,2025-12-19 07:06:00+00:00,sell,False,min_hold,min_hold,,,False,0.6699029207,0.6844155788421631,0.48,0.44,take_profit,"take_profit,gate_close",0.03919999999999959,0.03641389244141717,9.9464,0.6844155788421631,14.461315979754707,0.8011215701986876,,124.33,124.82,0.03641389244141717,1.0
ETH/USDT,xgb_primary,primary,1m,2025-12-19 07:07:00+00:00,,2025-12-19 07:07:00+00:00,buy,True,dry_run,dry_run,,exchange_qty_step,True,0.6699029207229614,0.6699029207229614,,0.48,dry_run,,,,,0.6699029207229614,0.03363079773854251,,17.84082,,2973.47,0.0,
SOL/USDT,xgb_primary,conservative,1m,2025-12-19 07:07:00+00:00,2025-12-19 07:05:00+00:00,2025-12-19 07:07:00+00:00,sell,False,min_hold,min_hold,,,False,0.6699029207,0.6844155788421631,0.48,0.44,take_profit,"take_profit,gate_close",0.04800000000000068,0.04521459401448894,9.9464,0.6844155788421631,28.040378144527665,0.8004162164318169,,124.33,124.93,0.04521459401448894,2.0
SOL/USDT,xgb_primary,conservative,1m,2025-12-19 07:08:00+00:00,2025-12-19 07:05:00+00:00,2025-12-19 07:08:00+00:00,sell,False,min_hold,min_hold,,,False,0.6699029207,0.6844155788421631,0.48,0.44,take_profit,"take_profit,gate_close",0.04560000000000059,0.0428144027989285,9.9464,0.6844155788421631,30.41703353878249,0.8006084624307197,,124.33,124.9,0.0428144027989285,3.0
BTC/USDT,xgb_primary,conservative,1m,2025-12-19 07:09:00+00:00,,2025-12-19 07:09:00+00:00,buy,True,dry_run,dry_run,,exchange_qty_step,True,0.6844155788421631,0.6844155788421631,,0.56,dry_run,,,,,0.6844155788421631,0.0011330345116435131,,8.825857000000001,,88258.57,0.0,
SOL/USDT,xgb_primary,conservative,1m,2025-12-19 07:09:00+00:00,2025-12-19 07:05:00+00:00,2025-12-19 07:09:00+00:00,sell,True,min_hold,min_hold,,,False,0.6699029207,0.6844155788421631,0.48,0.44,take_profit,take_profit,0.048799999999999955,0.04601465773260189,9.9464,0.6844155788421631,6.405124099280425,0.8003521549485867,,124.33,124.94,0.04601465773260189,4.0
BTC/USDT,xgb_primary,conservative,1m,2025-12-19 07:10:00+00:00,2025-12-19 07:09:00+00:00,2025-12-19 07:10:00+00:00,sell,True,min_hold,min_hold,,,False,0.6844155788,0.6844155788421631,0.56,0.45,take_profit,take_profit,0.013129999999998837,0.011363830085518731,8.825857000000001,0.6844155788421631,6.124808187977798,0.0011313513011884254,,88258.57,88389.87,0.011363830085518731,1.0
SOL/USDT,xgb_primary,conservative,1m,2025-12-19 07:10:00+00:00,2025-12-19 07:05:00+00:00,2025-12-19 07:10:00+00:00,sell,False,dry_run,dry_run,,,True,0.6699029207,0.6844155788421631,0.48,0.44,take_profit,"take_profit,gate_close",0.06800000000000068,0.06601072000000069,9.9464,0.6844155788421631,8.804226028493632,0.7988177497296725,10.0144,124.33,125.18,0.06601072000000069,5.0
BTC/USDT,xgb_primary,conservative,1m,2025-12-19 07:11:00+00:00,2025-12-19 07:09:00+00:00,2025-12-19 07:11:00+00:00,sell,False,min_hold,min_hold,,,False,0.6844155788,0.6844155788421631,0.56,0.45,gate_close,gate_close,0.0019779999999998835,0.00021182882412103103,8.825857000000001,0.6844155788421631,45.44299024311251,0.001132780509419473,,88258.57,88278.35,0.00021182882412103103,2.0
ETH/USDT,xgb_primary,primary,1m,2025-12-19 07:12:00+00:00,2025-12-19 07:07:00+00:00,2025-12-19 07:12:00+00:00,sell,True,min_hold,min_hold,,,False,0.6699029207,0.6699029207229614,0.48,0.43,take_profit,take_profit,0.028020000000000437,0.024391930186145203,17.84082,0.6699029207229614,,0.033577948690269546,,2973.47,2978.14,0.024391930186145203,5.0
BTC/USDT,xgb_primary,conservative,1m,2025-12-19 07:12:00+00:00,2025-12-19 07:09:00+00:00,2025-12-19 07:12:00+00:00,sell,False,min_hold,min_hold,,,False,0.6844155788,0.6844155788421631,0.56,0.45,gate_close,gate_close,0.0018589999999996509,9.282881064354956e-05,8.825857000000001,0.6844155788421631,12.631634751709793,0.0011327957796063465,,88258.57,88277.16,9.282881064354956e-05,3.0
BTC/USDT,xgb_primary,conservative,1m,2025-12-19 07:14:00+00:00,2025-12-19 07:09:00+00:00,2025-12-19 07:14:00+00:00,sell,False,pnl_block,pnl_block,,,False,0.6844155788,0.6844155788421631,0.56,0.45,gate_close,gate_close,-0.01604100000000035,-0.017807173220752846,8.825857000000001,0.6844155788421631,12.328089622535355,0.001135097421695595,,88258.57,88098.16,-0.017807173220752846,5.0
BTC/USDT,xgb_primary,conservative,1m,2025-12-19 07:15:00+00:00,2025-12-19 07:09:00+00:00,2025-12-19 07:15:00+00:00,sell,False,pnl_block,pnl_block,,,False,0.6844155788,0.6844155788421631,0.56,0.45,gate_close,gate_close,-0.012707000000000699,-0.01447317284176609,8.825857000000001,0.6844155788421631,10.932122653625798,0.0011346680162515447,,88258.57,88131.5,-0.01447317284176609,6.0
BTC/USDT,xgb_primary,conservative,1m,2025-12-19 07:16:00+00:00,2025-12-19 07:09:00+00:00,2025-12-19 07:16:00+00:00,sell,False,pnl_block,pnl_block,,,False,0.6844155788,0.6844155788421631,0.56,0.45,gate_close,gate_close,-0.0258570000000007,-0.027623174338238642,8.825857000000001,0.6844155788421631,9.092929008575645,0.0011363635712022188,,88258.57,88000.0,-0.027623174338238642,7.0
BTC/USDT,xgb_primary,conservative,1m,2025-12-19 07:17:00+00:00,2025-12-19 07:09:00+00:00,2025-12-19 07:17:00+00:00,sell,False,pnl_block,pnl_block,,,False,0.6844155788,0.6076040863990784,0.56,0.45,gate_close,gate_close,-0.03927800000000134,-0.04104417587017181,8.825857000000001,0.6076040863990784,15.305680078898604,0.0011380993035245656,,88258.57,87865.79,-0.04104417587017181,8.0
ETH/USDT,xgb_primary,primary,1m,2025-12-19 07:18:00+00:00,2025-12-19 07:07:00+00:00,2025-12-19 07:18:00+00:00,sell,False,pnl_block,pnl_block,,,False,0.6699029207,0.5878524780273438,0.48,0.43,gate_close,gate_close,-0.0765,-0.08012842228133443,17.84082,0.5878524780273438,14.409368118764867,0.033775511066439064,,2973.47,2960.72,-0.08012842228133443,11.0
BTC/USDT,xgb_primary,conservative,1m,2025-12-19 07:18:00+00:00,2025-12-19 07:09:00+00:00,2025-12-19 07:18:00+00:00,sell,False,pnl_block,pnl_block,,,False,0.6844155788,0.565682053565979,0.56,0.45,gate_close,"gate_close,trailing_prob_drop",-0.027368000000000756,-0.02913417451047732,8.825857000000001,0.565682053565979,15.275569706936132,0.00113655872349013,,88258.57,87984.89,-0.02913417451047732,9.0
ETH/USDT,xgb_primary,primary,1m,2025-12-19 07:21:00+00:00,2025-12-19 07:07:00+00:00,2025-12-19 07:21:00+00:00,sell,False,pnl_block,pnl_block,,,False,0.6699029207,0.4742901027202606,0.48,0.43,trailing_prob_drop,trailing_prob_drop,-0.09329999999999837,-0.09692847932239355,17.84082,0.4742901027202606,,0.03380748328562601,,2973.47,2957.92,-0.09692847932239355,14.0
BTC/USDT,xgb_primary,conservative,1m,2025-12-19 07:21:00+00:00,2025-12-19 07:09:00+00:00,2025-12-19 07:21:00+00:00,sell,False,pnl_block,pnl_block,,,False,0.6844155788,0.4742901027202606,0.56,0.45,trailing_prob_drop,trailing_prob_drop,-0.02867700000000041,-0.03044317465973748,8.825857000000001,0.4742901027202606,5.138864823965473,0.001136727840785046,,88258.57,87971.8,-0.03044317465973748,12.0
BTC/USDT,xgb_primary,conservative,1m,2025-12-19 07:22:00+00:00,2025-12-19 07:09:00+00:00,2025-12-19 07:22:00+00:00,sell,False,pnl_block,pnl_block,,,False,0.6844155788,0.5002435445785522,0.56,0.45,trailing_prob_drop,trailing_prob_drop,-0.03596500000000088,-0.03773117549157485,8.825857000000001,0.5002435445785522,5.56883209493664,0.001137670340651073,,88258.57,87898.92,-0.03773117549157485,13.0
ETH/USDT,xgb_primary,primary,1m,2025-12-19 07:22:00+00:00,2025-12-19 07:07:00+00:00,2025-12-19 07:22:00+00:00,sell,False,pnl_block,pnl_block,,,False,0.6699029207,0.4742901027202606,0.48,0.43,trailing_prob_drop,trailing_prob_drop,-0.0808199999999988,-0.08444843693872825,17.84082,0.4742901027202606,,0.033783726717415266,,2973.47,2960.0,-0.08444843693872825,15.0
ETH/USDT,xgb_primary,primary,1m,2025-12-19 07:23:00+00:00,2025-12-19 07:07:00+00:00,2025-12-19 07:23:00+00:00,sell,False,pnl_block,pnl_block,,,False,0.6699029207,0.3396226465702057,0.48,0.43,prob_floor,"prob_floor,trailing_prob_drop",-0.0975,-0.10112849359954143,17.84082,0.3396226465702057,,0.03381548580246102,,2973.47,2957.22,-0.10112849359954143,16.0
BTC/USDT,xgb_primary,conservative,1m,2025-12-19 07:24:00+00:00,2025-12-19 07:09:00+00:00,2025-12-19 07:24:00+00:00,sell,False,pnl_block,pnl_block,,,False,0.6844155788,0.41829004883766174,0.56,0.45,prob_floor,"prob_floor,trailing_prob_drop",-0.037058000000000174,-0.03882417561644582,8.825857000000001,0.41829004883766174,7.849255134833532,0.0011378118245570753,,88258.57,87887.99,-0.03882417561644582,15.0
ETH/USDT,xgb_primary,primary,1m,2025-12-19 07:25:00+00:00,2025-12-19 07:07:00+00:00,2025-12-19 07:25:00+00:00,sell,False,pnl_block,pnl_block,,,False,0.6699029207,0.3245033025741577,0.48,0.43,prob_floor,"prob_floor,trailing_prob_drop",-0.0973800000000001,-0.10100849319152935,17.84082,0.3245033025741577,,0.03381525710659171,,2973.47,2957.24,-0.10100849319152935,18.0
BTC/USDT,xgb_primary,conservative,1m,2025-12-19 07:25:00+00:00,2025-12-19 07:09:00+00:00,2025-12-19 07:25:00+00:00,sell,False,pnl_block,pnl_block,,,False,0.6844155788,0.41829004883766174,0.56,0.45,prob_floor,"prob_floor,trailing_prob_drop",-0.03402000000000117,-0.0357861752694435,8.825857000000001,0.41829004883766174,6.5993089613267975,0.0011374186578531763,,88258.57,87918.37,-0.0357861752694435,16.0
BTC/USDT,xgb_primary,conservative,1m,2025-12-19 07:26:00+00:00,2025-12-19 07:09:00+00:00,2025-12-19 07:26:00+00:00,sell,False,pnl_block,pnl_block,,,False,0.6844155788,0.41829004883766174,0.56,0.45,prob_floor,"prob_floor,trailing_prob_drop",-0.03567700000000041,-0.038840714400916625,8.825857000000001,0.41829004883766174,4.908554851393268,1.584597394809609,,88258.57,87901.8,-0.038840714400916625,17.0
ETH/USDT,xgb_primary,primary,1m,2025-12-19 07:27:00+00:00,2025-12-19 07:07:00+00:00,2025-12-19 07:27:00+00:00,sell,False,pnl_block,pnl_block,,,False,0.6699029207,0.3245033025741577,0.48,0.43,prob_floor,"prob_floor,trailing_prob_drop",-0.10079999999999836,-0.10442850482203521,17.84082,0.3245033025741577,,0.03382177614977477,,2973.47,2956.67,-0.10442850482203521,20.0
BTC/USDT,xgb_primary,conservative,1m,2025-12-19 07:27:00+00:00,2025-12-19 07:09:00+00:00,2025-12-19 07:27:00+00:00,sell,False,pnl_block,pnl_block,,,False,0.6844155788,0.3245033025741577,0.56,0.45,prob_floor,"prob_floor,trailing_prob_drop",-0.033969000000000235,-0.035735175263617865,8.825857000000001,0.3245033025741577,19.871037908211008,0.0011374120582581671,,88258.57,87918.88,-0.035735175263617865,18.0
ETH/USDT,xgb_primary,primary,1m,2025-12-19 07:28:00+00:00,2025-12-19 07:07:00+00:00,2025-12-19 07:28:00+00:00,sell,False,pnl_block,pnl_block,,,False,0.6699029207,0.3245033025741577,0.48,0.43,prob_floor,"prob_floor,trailing_prob_drop",-0.1063199999999988,-0.10994852360355319,17.84082,0.3245033025741577,,0.033832303422368495,,2973.47,2955.75,-0.10994852360355319,21.0
BTC/USDT,xgb_primary,conservative,1m,2025-12-19 07:28:00+00:00,2025-12-19 07:09:00+00:00,2025-12-19 07:28:00+00:00,sell,False,pnl_block,pnl_block,,,False,0.6844155788,0.3245033025741577,0.56,0.45,prob_floor,"prob_floor,trailing_prob_drop",-0.030524000000000526,-0.03229017487041985,8.825857000000001,0.3245033025741577,34.3198254108019,0.0011369665510422443,,88258.57,87953.33,-0.03229017487041985,19.0
BTC/USDT,xgb_primary,conservative,1m,2025-12-19 07:29:00+00:00,2025-12-19 07:09:00+00:00,2025-12-19 07:29:00+00:00,sell,False,pnl_block,pnl_block,,,False,0.6844155788,0.3396226465702057,0.56,0.45,prob_floor,"prob_floor,trailing_prob_drop",-0.033459000000001106,-0.03522517520539144,8.825857000000001,0.3396226465702057,5.1288564060053865,0.001137346084724575,,88258.57,87923.98,-0.03522517520539144,20.0
ETH/USDT,xgb_primary,primary,1m,2025-12-19 07:30:00+00:00,2025-12-19 07:07:00+00:00,2025-12-19 07:30:00+00:00,sell,False,pnl_block,pnl_block,,,False,0.6699029207,0.3191489577293396,0.48,0.43,prob_floor,"prob_floor,trailing_prob_drop",-0.10157999999999902,-0.10520850747523917,17.84082,0.3191489577293396,,0.033823263303004954,,2973.47,2956.54,-0.10520850747523917,23.0
BTC/USDT,xgb_primary,conservative,1m,2025-12-19 07:30:00+00:00,2025-12-19 07:09:00+00:00,2025-12-19 07:30:00+00:00,sell,False,pnl_block,pnl_block,,,False,0.6844155788,0.4007633626461029,0.56,0.45,prob_floor,"prob_floor,trailing_prob_drop",-0.032574000000000526,-0.034742651353339114,8.825857000000001,0.4007633626461029,14.219764299635838,0.45715668556445604,,88258.57,87932.83,-0.034742651353339114,21.0
BTC/USDT,xgb_primary,conservative,1m,2025-12-19 07:31:00+00:00,2025-12-19 07:09:00+00:00,2025-12-19 07:31:00+00:00,sell,False,pnl_block,pnl_block,,,False,0.6844155788,0.41829004883766174,0.56,0.45,prob_floor,"prob_floor,trailing_prob_drop",-0.051480000000000296,-0.053246177267025664,8.825857000000001,0.41829004883766174,3.718677392681425,0.0011396819882392012,,88258.57,87743.77,-0.053246177267025664,22.0
ETH/USDT,xgb_primary,primary,1m,2025-12-19 07:32:00+00:00,2025-12-19 07:07:00+00:00,2025-12-19 07:32:00+00:00,sell,False,pnl_block,pnl_block,,,False,0.6699029207,0.3245033025741577,0.48,0.43,prob_floor,"prob_floor,trailing_prob_drop",-0.1435199999999977,-0.14714865048016024,17.84082,0.3245033025741577,,0.03390341932855475,,2973.47,2949.55,-0.14714865048016024,25.0
BTC/USDT,xgb_primary,conservative,1m,2025-12-19 07:32:00+00:00,2025-12-19 07:09:00+00:00,2025-12-19 07:32:00+00:00,sell,False,pnl_block,pnl_block,,,False,0.6844155788,0.3245033025741577,0.56,0.45,prob_floor,"prob_floor,trailing_prob_drop",-0.048015000000000876,-0.049781176869966345,8.825857000000001,0.3245033025741577,10.476902261305398,0.0011392321056981044,,88258.57,87778.42,-0.049781176869966345,23.0
BTC/USDT,xgb_primary,conservative,1m,2025-12-19 07:33:00+00:00,2025-12-19 07:09:00+00:00,2025-12-19 07:33:00+00:00,sell,False,pnl_block,pnl_block,,,False,0.6844155788,0.41829004883766174,0.56,0.45,prob_floor,"prob_floor,trailing_prob_drop",-0.050132000000000704,-0.05189817711251933,8.825857000000001,0.41829004883766174,2.939515369621032,0.0011395069267790235,,88258.57,87757.25,-0.05189817711251933,24.0
ETH/USDT,xgb_primary,primary,1m,2025-12-19 07:33:00+00:00,2025-12-19 07:07:00+00:00,2025-12-19 07:33:00+00:00,sell,False,pnl_block,pnl_block,,,False,0.6699029207,0.3245033025741577,0.48,0.43,prob_floor,"prob_floor,trailing_prob_drop",-0.13805999999999857,-0.1416886318245604,17.84082,0.3245033025741577,,0.03389296263390188,,2973.47,2950.46,-0.1416886318245604,26.0
BTC/USDT,xgb_primary,conservative,1m,2025-12-19 07:34:00+00:00,2025-12-19 07:09:00+00:00,2025-12-19 07:34:00+00:00,sell,False,pnl_block,pnl_block,,,False,0.6844155788,0.4742901027202606,0.56,0.45,trailing_prob_drop,trailing_prob_drop,-0.041801000000000935,-0.043567176158680276,8.825857000000001,0.4742901027202606,1.1415177880260794,0.0011384261940156266,,88258.57,87840.56,-0.043567176158680276,25.0
ETH/USDT,xgb_primary,primary,1m,2025-12-19 07:34:00+00:00,2025-12-19 07:07:00+00:00,2025-12-19 07:34:00+00:00,sell,False,pnl_block,pnl_block,,,False,0.6699029207,0.41829004883766174,0.48,0.43,prob_floor,"prob_floor,trailing_prob_drop",-0.14405999999999858,-0.15397831866180303,17.84082,0.41829004883766174,,3.5593401322385767,,2973.47,2949.46,-0.15397831866180303,27.0
ETH/USDT,xgb_primary,primary,1m,2025-12-19 07:35:00+00:00,2025-12-19 07:07:00+00:00,2025-12-19 07:35:00+00:00,sell,False,pnl_block,pnl_block,,,False,0.6699029207,0.3245033025741577,0.48,0.43,prob_floor,"prob_floor,trailing_prob_drop",-0.14033999999999924,-0.1439686396134151,17.84082,0.3245033025741577,,0.033897328382803474,,2973.47,2950.08,-0.1439686396134151,28.0
BTC/USDT,xgb_primary,conservative,1m,2025-12-19 07:35:00+00:00,2025-12-19 07:09:00+00:00,2025-12-19 07:35:00+00:00,sell,False,pnl_block,pnl_block,,,False,0.6844155788,0.41829004883766174,0.56,0.45,prob_floor,"prob_floor,trailing_prob_drop",-0.03711100000000006,-0.03887717562250157,8.825857000000001,0.41829004883766174,9.485366499785574,0.0011378186860619213,,88258.57,87887.46,-0.03887717562250157,26.0
ETH/USDT,xgb_primary,primary,1m,2025-12-19 07:36:00+00:00,2025-12-19 07:07:00+00:00,2025-12-19 07:36:00+00:00,sell,False,pnl_block,pnl_block,,,False,0.6699029207,0.41829004883766174,0.48,0.43,prob_floor,"prob_floor,trailing_prob_drop",-0.1243199999999988,-0.12794858492892922,17.84082,0.41829004883766174,,0.03386667705318686,,2973.47,2952.75,-0.12794858492892922,29.0
SOL/USDT,xgb_primary,conservative,1m,2025-12-19 07:36:00+00:00,,2025-12-19 07:36:00+00:00,buy,True,dry_run,dry_run,,exchange_qty_step,True,0.6076040863990784,0.6076040863990784,,0.48,dry_run,,,,,0.6076040863990784,0.8036324185310326,,9.9552,,124.44,0.0,
BTC/USDT,xgb_primary,conservative,1m,2025-12-19 07:36:00+00:00,2025-12-19 07:09:00+00:00,2025-12-19 07:36:00+00:00,sell,False,pnl_block,pnl_block,,,False,0.6844155788,0.4742901027202606,0.56,0.45,trailing_prob_drop,trailing_prob_drop,-0.03609500000000117,-0.03786117550642705,8.825857000000001,0.4742901027202606,16.728921269045372,0.001137687168374939,,88258.57,87897.62,-0.03786117550642705,27.0
ETH/USDT,xgb_primary,primary,1m,2025-12-19 07:37:00+00:00,2025-12-19 07:07:00+00:00,2025-12-19 07:37:00+00:00,sell,False,pnl_block,pnl_block,,,False,0.6699029207,0.41829004883766174,0.48,0.43,prob_floor,"prob_floor,trailing_prob_drop",-0.10739999999999782,-0.11102852727956128,17.84082,0.41829004883766174,,0.033834363870866184,,2973.47,2955.57,-0.11102852727956128,30.0
SOL/USDT,xgb_primary,conservative,1m,2025-12-19 07:37:00+00:00,2025-12-19 07:36:00+00:00,2025-12-19 07:37:00+00:00,sell,False,min_hold,min_hold,,,False,0.6076040864,0.565682053565979,0.48,0.44,gate_close,gate_close,-0.006399999999999864,-0.009191522450850594,9.9552,0.565682053565979,7.232401157184459,0.8040847505331175,,124.44,124.36,-0.009191522450850594,1.0
BTC/USDT,xgb_primary,conservative,1m,2025-12-19 07:37:00+00:00,2025-12-19 07:09:00+00:00,2025-12-19 07:37:00+00:00,sell,False,pnl_block,pnl_block,,,False,0.6844155788,0.5002435445785522,0.56,0.45,trailing_prob_drop,trailing_prob_drop,-0.04085800000000018,-0.04262417605082519,8.825857000000001,0.5002435445785522,0.5779977203225758,0.0011383039913390217,,88258.57,87849.99,-0.04262417605082519,28.0
BTC/USDT,xgb_primary,conservative,1m,2025-12-19 07:38:00+00:00,2025-12-19 07:09:00+00:00,2025-12-19 07:38:00+00:00,sell,False,pnl_block,pnl_block,,,False,0.6844155788,0.41829004883766174,0.56,0.45,prob_floor,"prob_floor,trailing_prob_drop",-0.041426000000000934,-0.043192176115787975,8.825857000000001,0.41829004883766174,7.989528559746376,0.0011383775955579169,,88258.57,87844.31,-0.043192176115787975,29.0
ETH/USDT,xgb_primary,primary,1m,2025-12-19 07:38:00+00:00,2025-12-19 07:07:00+00:00,2025-12-19 07:38:00+00:00,sell,False,pnl_block,pnl_block,,,False,0.6699029207,0.41829004883766174,0.48,0.43,prob_floor,"prob_floor,trailing_prob_drop",-0.11753999999999815,-0.12116856181507754,17.84082,0.41829004883766174,,0.0338537214541647,,2973.47,2953.88,-0.12116856181507754,31.0
SOL/USDT,xgb_primary,conservative,1m,2025-12-19 07:38:00+00:00,2025-12-19 07:36:00+00:00,2025-12-19 07:38:00+00:00,sell,False,min_hold,min_hold,,,False,0.6076040864,0.5002435445785522,0.48,0.44,gate_close,gate_close,-0.012799999999999728,-0.015592037706883511,9.9552,0.5002435445785522,11.257639112254791,0.8046023253011317,,124.44,124.28,-0.015592037706883511,2.0
ETH/USDT,xgb_primary,primary,1m,2025-12-19 07:39:00+00:00,2025-12-19 07:07:00+00:00,2025-12-19 07:39:00+00:00,sell,False,pnl_block,pnl_block,,,False,0.6699029207,0.4742901027202606,0.48,0.43,trailing_prob_drop,trailing_prob_drop,-0.11873999999999979,-0.12236856590474045,17.84082,0.4742901027202606,,0.033856013759823,,2973.47,2953.68,-0.12236856590474045,32.0
SOL/USDT,xgb_primary,conservative,1m,2025-12-19 07:39:00+00:00,2025-12-19 07:36:00+00:00,2025-12-19 07:39:00+00:00,sell,False,min_hold,min_hold,,,False,0.6076040864,0.5002435445785522,0.48,0.44,gate_close,gate_close,-0.011200000000000045,-0.013991908830699139,9.9552,0.5002435445785522,8.046346958481536,0.8044728691528993,,124.44,124.3,-0.013991908830699139,3.0
BTC/USDT,xgb_primary,conservative,1m,2025-12-19 07:39:00+00:00,2025-12-19 07:09:00+00:00,2025-12-19 07:39:00+00:00,sell,False,pnl_block,pnl_block,,,False,0.6844155788,0.5002435445785522,0.56,0.45,trailing_prob_drop,trailing_prob_drop,-0.03934900000000052,-0.041115175878286225,8.825857000000001,0.5002435445785522,4.350878918523265,0.0011381084983598788,,88258.57,87865.08,-0.041115175878286225,30.0
ETH/USDT,xgb_primary,primary,1m,2025-12-19 07:40:00+00:00,2025-12-19 07:07:00+00:00,2025-12-19 07:40:00+00:00,sell,False,pnl_block,pnl_block,,,False,0.6699029207,0.4742901027202606,0.48,0.43,trailing_prob_drop,trailing_prob_drop,-0.11165999999999804,-0.11528854178375322,17.84082,0.4742901027202606,,0.03384249364950186,,2973.47,2954.86,-0.11528854178375322,33.0
BTC/USDT,xgb_primary,conservative,1m,2025-12-19 07:40:00+00:00,2025-12-19 07:09:00+00:00,2025-12-19 07:40:00+00:00,sell,False,pnl_block,pnl_block,,,False,0.6844155788,0.5002435445785522,0.56,0.45,trailing_prob_drop,trailing_prob_drop,-0.04446700000000128,-0.04623317646372191,8.825857000000001,0.5002435445785522,2.98507326801405,0.0011387718162987088,,88258.57,87813.9,-0.04623317646372191,31.0
ETH/USDT,xgb_primary,primary,1m,2025-12-19 07:41:00+00:00,2025-12-19 07:07:00+00:00,2025-12-19 07:41:00+00:00,sell,False,pnl_block,pnl_block,,,False,0.6699029207,0.4742901027202606,0.48,0.43,trailing_prob_drop,trailing_prob_drop,-0.13097999999999957,-0.1346086076509142,17.84082,0.4742901027202606,,0.033879413006029785,,2973.47,2951.64,-0.1346086076509142,34.0
SOL/USDT,xgb_primary,conservative,1m,2025-12-19 07:41:00+00:00,2025-12-19 07:36:00+00:00,2025-12-19 07:41:00+00:00,sell,False,pnl_block,pnl_block,,,False,0.6076040864,0.4742901027202606,0.48,0.44,trailing_prob_drop,trailing_prob_drop,-0.010399999999999637,-0.013191844408155608,9.9552,0.4742901027202606,,0.8044081566979773,,124.44,124.31,-0.013191844408155608,5.0
BTC/USDT,xgb_primary,conservative,1m,2025-12-19 07:41:00+00:00,2025-12-19 07:09:00+00:00,2025-12-19 07:41:00+00:00,sell,False,pnl_block,pnl_block,,,False,0.6844155788,0.4742901027202606,0.56,0.45,trailing_prob_drop,trailing_prob_drop,-0.0428320000000007,-0.0445981762766227,8.825857000000001,0.4742901027202606,4.512359458449078,0.0011385598271075623,,88258.57,87830.25,-0.0445981762766227,32.0
ETH/USDT,xgb_primary,primary,1m,2025-12-19 07:42:00+00:00,2025-12-19 07:07:00+00:00,2025-12-19 07:42:00+00:00,sell,False,pnl_block,pnl_block,,,False,0.6699029207,0.41829004883766174,0.48,0.43,prob_floor,"prob_floor,trailing_prob_drop",-0.1303199999999988,-0.1339486053984224,17.84082,0.41829004883766174,,0.03387815045699348,,2973.47,2951.75,-0.1339486053984224,35.0
BTC/USDT,xgb_primary,conservative,1m,2025-12-19 07:42:00+00:00,2025-12-19 07:09:00+00:00,2025-12-19 07:42:00+00:00,sell,False,pnl_block,pnl_block,,,False,0.6844155788,0.4742901027202606,0.56,0.45,trailing_prob_drop,trailing_prob_drop,-0.04580300000000134,-0.047569176616655544,8.825857000000001,0.4742901027202606,5.2009409968720375,0.0011389450953081472,,88258.57,87800.54,-0.047569176616655544,33.0
BTC/USDT,xgb_primary,conservative,1m,2025-12-19 07:43:00+00:00,2025-12-19 07:09:00+00:00,2025-12-19 07:43:00+00:00,sell,False,pnl_block,pnl_block,,,False,0.6844155788,0.41829004883766174,0.56,0.45,prob_floor,"prob_floor,trailing_prob_drop",-0.04682800000000134,-0.04859417673402012,8.825857000000001,0.41829004883766174,3.3838060677082855,0.0011390780734149744,,88258.57,87790.29,-0.04859417673402012,34.0
ETH/USDT,xgb_primary,primary,1m,2025-12-19 07:43:00+00:00,2025-12-19 07:07:00+00:00,2025-12-19 07:43:00+00:00,sell,False,pnl_block,pnl_block,,,False,0.6699029207,0.4742901027202606,0.48,0.43,trailing_prob_drop,trailing_prob_drop,-0.14147999999999958,-0.14510864350859357,17.84082,0.4742901027202606,,0.033899511678274236,,2973.47,2949.89,-0.14510864350859357,36.0
SOL/USDT,xgb_primary,conservative,1m,2025-12-19 07:44:00+00:00,2025-12-19 07:36:00+00:00,2025-12-19 07:44:00+00:00,sell,False,pnl_block,pnl_block,,,False,0.6076040864,0.565682053565979,0.48,0.44,gate_close,gate_close,-0.007999999999999546,-0.010791651202700977,9.9552,0.565682053565979,8.043111075364637,0.8042140817878407,,124.44,124.34,-0.010791651202700977,8.0
BTC/USDT,xgb_primary,conservative,1m,2025-12-19 07:44:00+00:00,2025-12-19 07:09:00+00:00,2025-12-19 07:44:00+00:00,sell,False,pnl_block,pnl_block,,,False,0.6844155788,0.41829004883766174,0.56,0.45,prob_floor,"prob_floor,trailing_prob_drop",-0.04291000000000059,-0.04467617628554674,8.825857000000001,0.41829004883766174,1.558243804557905,0.0011385699384815074,,88258.57,87829.47,-0.04467617628554674,35.0
ETH/USDT,xgb_primary,primary,1m,2025-12-19 07:44:00+00:00,2025-12-19 07:07:00+00:00,2025-12-19 07:44:00+00:00,sell,False,pnl_block,pnl_block,,,False,0.6699029207,0.41829004883766174,0.48,0.43,prob_floor,"prob_floor,trailing_prob_drop",-0.13715999999999803,-0.14078862875056555,17.84082,0.41829004883766174,,0.03389123962212465,,2973.47,2950.61,-0.14078862875056555,37.0
ETH/USDT,xgb_primary,primary,1m,2025-12-19 07:45:00+00:00,2025-12-19 07:07:00+00:00,2025-12-19 07:45:00+00:00,sell,False,pnl_block,pnl_block,,,False,0.6699029207,0.41829004883766174,0.48,0.43,prob_floor,"prob_floor,trailing_prob_drop",-0.1303800000000001,-0.1340086056031887,17.84082,0.41829004883766174,,0.033878265230290146,,2973.47,2951.74,-0.1340086056031887,38.0
BTC/USDT,xgb_primary,conservative,1m,2025-12-19 07:45:00+00:00,2025-12-19 07:09:00+00:00,2025-12-19 07:45:00+00:00,sell,False,pnl_block,pnl_block,,,False,0.6844155788,0.41829004883766174,0.56,0.45,prob_floor,"prob_floor,trailing_prob_drop",-0.048171000000000644,-0.049937176887835666,8.825857000000001,0.41829004883766174,6.500095412156722,0.001139252352514676,,88258.57,87776.86,-0.049937176887835666,36.0
ETH/USDT,xgb_primary,primary,1m,2025-12-19 07:46:00+00:00,2025-12-19 07:07:00+00:00,2025-12-19 07:46:00+00:00,sell,False,pnl_block,pnl_block,,,False,0.6699029207,0.41829004883766174,0.48,0.43,prob_floor,"prob_floor,trailing_prob_drop",-0.13829999999999837,-0.1419286326443448,17.84082,0.41829004883766174,,0.03389342213329785,,2973.47,2950.42,-0.1419286326443448,39.0
BTC/USDT,xgb_primary,conservative,1m,2025-12-19 07:46:00+00:00,2025-12-19 07:09:00+00:00,2025-12-19 07:46:00+00:00,sell,False,pnl_block,pnl_block,,,False,0.6844155788,0.41829004883766174,0.56,0.45,prob_floor,"prob_floor,trailing_prob_drop",-0.040921000000000644,-0.04268717605803037,8.825857000000001,0.41829004883766174,6.592474463132022,0.0011383121545342203,,88258.57,87849.36,-0.04268717605803037,37.0
SOL/USDT,xgb_primary,conservative,1m,2025-12-19 07:47:00+00:00,2025-12-19 07:36:00+00:00,2025-12-19 07:47:00+00:00,sell,False,pnl_block,pnl_block,,,False,0.6076040864,0.6076040863990784,0.48,0.44,gate_close,gate_close,-0.011200000000000045,-0.013991908830699139,9.9552,0.6076040863990784,7.235890014470912,0.8044728691528993,,124.44,124.3,-0.013991908830699139,11.0
BTC/USDT,xgb_primary,conservative,1m,2025-12-19 07:47:00+00:00,2025-12-19 07:09:00+00:00,2025-12-19 07:47:00+00:00,sell,False,pnl_block,pnl_block,,,False,0.6844155788,0.565682053565979,0.56,0.45,gate_close,"gate_close,trailing_prob_drop",-0.0458570000000007,-0.04762317662283587,8.825857000000001,0.565682053565979,8.253900967075205,0.0011389520985518522,,88258.57,87800.0,-0.04762317662283587,38.0
BTC/USDT,xgb_primary,conservative,1m,2025-12-19 07:48:00+00:00,2025-12-19 07:09:00+00:00,2025-12-19 07:48:00+00:00,sell,True,pnl_block,pnl_block,,,False,0.6844155788,0.565682053565979,0.56,0.45,trailing_prob_drop,trailing_prob_drop,-0.0444140000000014,-0.04618017645765601,8.825857000000001,0.565682053565979,5.740043210846383,0.0011387649432935741,,88258.57,87814.43,-0.04618017645765601,39.0
BTC/USDT,xgb_primary,conservative,1m,2025-12-19 07:49:00+00:00,2025-12-19 07:09:00+00:00,2025-12-19 07:49:00+00:00,sell,False,pnl_block,pnl_block,,,False,0.6844155788,0.5002435445785522,0.56,0.45,trailing_prob_drop,trailing_prob_drop,-0.04381800000000076,-0.04558417638944488,8.825857000000001,0.5002435445785522,4.519758313068568,0.001138687658460351,,88258.57,87820.39,-0.04558417638944488,40.0
ETH/USDT,xgb_primary,primary,1m,2025-12-19 07:49:00+00:00,2025-12-19 07:07:00+00:00,2025-12-19 07:49:00+00:00,sell,True,pnl_block,pnl_block,,,False,0.6699029207,0.5002435445785522,0.48,0.43,trailing_prob_drop,trailing_prob_drop,-0.13697999999999957,-0.1406086281358085,17.84082,0.5002435445785522,,0.03389089504233237,,2973.47,2950.64,-0.1406086281358085,42.0
ETH/USDT,xgb_primary,primary,1m,2025-12-19 07:50:00+00:00,2025-12-19 07:07:00+00:00,2025-12-19 07:50:00+00:00,sell,True,pnl_block,pnl_block,,,False,0.6699029207,0.5002435445785522,0.48,0.43,trailing_prob_drop,trailing_prob_drop,-0.1391999999999989,-0.1428286357187383,17.84082,0.5002435445785522,,0.03389514536854456,,2973.47,2950.27,-0.1428286357187383,43.0
BTC/USDT,xgb_primary,conservative,1m,2025-12-19 07:50:00+00:00,2025-12-19 07:09:00+00:00,2025-12-19 07:50:00+00:00,sell,False,pnl_block,pnl_block,,,False,0.6844155788,0.5002435445785522,0.56,0.45,trailing_prob_drop,trailing_prob_drop,-0.03988100000000122,-0.04164717593911059,8.825857000000001,0.5002435445785522,4.570290787738755,0.0011381774136674763,,88258.57,87859.76,-0.04164717593911059,41.0
ETH/USDT,xgb_primary,primary,1m,2025-12-19 07:51:00+00:00,2025-12-19 07:07:00+00:00,2025-12-19 07:51:00+00:00,sell,False,pnl_block,pnl_block,,,False,0.6699029207,0.4742901027202606,0.48,0.43,trailing_prob_drop,trailing_prob_drop,-0.13673999999999978,-0.14036862731614633,17.84082,0.4742901027202606,,0.03389043561145388,,2973.47,2950.68,-0.14036862731614633,44.0
SOL/USDT,xgb_primary,conservative,1m,2025-12-19 07:51:00+00:00,2025-12-19 07:36:00+00:00,2025-12-19 07:51:00+00:00,sell,False,dry_run,dry_run,,,True,0.6076040864,0.5002435445785522,0.48,0.44,gate_close,gate_close,0.008000000000000682,0.0060089600000006824,9.9552,0.5002435445785522,8.841022343674604,0.8029226384030594,9.9632,124.44,124.54,0.0060089600000006824,15.0
BTC/USDT,xgb_primary,conservative,1m,2025-12-19 07:51:00+00:00,2025-12-19 07:09:00+00:00,2025-12-19 07:51:00+00:00,sell,False,pnl_block,pnl_block,,,False,0.6844155788,0.4742901027202606,0.56,0.45,trailing_prob_drop,trailing_prob_drop,-0.03126800000000076,-0.03303417495531114,8.825857000000001,0.4742901027202606,4.482142395775069,0.001137062735533172,,88258.57,87945.89,-0.03303417495531114,42.0
BTC/USDT,xgb_primary,conservative,1m,2025-12-19 07:52:00+00:00,2025-12-19 07:09:00+00:00,2025-12-19 07:52:00+00:00,sell,False,pnl_block,pnl_block,,,False,0.6844155788,0.5002435445785522,0.56,0.45,trailing_prob_drop,trailing_prob_drop,-0.03157800000000134,-0.0333441749906887,8.825857000000001,0.5002435445785522,10.904432259426128,0.0011371028188623326,,88258.57,87942.79,-0.0333441749906887,43.0
BTC/USDT,xgb_primary,conservative,1m,2025-12-19 07:53:00+00:00,2025-12-19 07:09:00+00:00,2025-12-19 07:53:00+00:00,sell,True,pnl_block,pnl_block,,,False,0.6844155788,0.565682053565979,0.56,0.45,trailing_prob_drop,trailing_prob_drop,-0.032699000000000526,-0.03446517511862966,8.825857000000001,0.565682053565979,2.35266586379649,0.0011372477813019418,,88258.57,87931.58,-0.03446517511862966,44.0
ETH/USDT,xgb_primary,primary,1m,2025-12-19 07:53:00+00:00,2025-12-19 07:07:00+00:00,2025-12-19 07:53:00+00:00,sell,True,pnl_block,pnl_block,,,False,0.6699029207,0.5002435445785522,0.48,0.43,trailing_prob_drop,trailing_prob_drop,-0.12779999999999836,-0.13142859679954302,17.84082,0.5002435445785522,,0.03387333067912143,,2973.47,2952.17,-0.13142859679954302,46.0
ETH/USDT,xgb_primary,primary,1m,2025-12-19 07:54:00+00:00,2025-12-19 07:07:00+00:00,2025-12-19 07:54:00+00:00,sell,False,pnl_block,pnl_block,,,False,0.6699029207,0.4742901027202606,0.48,0.43,trailing_prob_drop,trailing_prob_drop,-0.138,-0.14162863161962191,17.84082,0.4742901027202606,,0.033892847762540874,,2973.47,2950.47,-0.14162863161962191,47.0
SOL/USDT,xgb_primary,conservative,1m,2025-12-19 07:54:00+00:00,,2025-12-19 07:54:00+00:00,buy,True,turnover_limit,turnover_limit,turnover_limit,,False,0.565682053565979,0.565682053565979,,0.48,turnover_limit,,,,,0.565682053565979,,,10.0,,124.34,0.0,
BTC/USDT,xgb_primary,conservative,1m,2025-12-19 07:54:00+00:00,2025-12-19 07:09:00+00:00,2025-12-19 07:54:00+00:00,sell,True,pnl_block,pnl_block,,,False,0.6844155788,0.565682053565979,0.56,0.45,trailing_prob_drop,trailing_prob_drop,-0.03225200000000041,-0.034018175067608125,8.825857000000001,0.565682053565979,2.0959477812172844,0.0011371899722771633,,88258.57,87936.05,-0.034018175067608125,45.0
BTC/USDT,xgb_primary,conservative,1m,2025-12-19 07:55:00+00:00,2025-12-19 07:09:00+00:00,2025-12-19 07:55:00+00:00,sell,True,pnl_block,pnl_block,,,False,0.6844155788,0.565682053565979,0.56,0.45,trailing_prob_drop,trailing_prob_drop,-0.025760000000000585,-0.027526174327183538,8.825857000000001,0.565682053565979,2.2356411229699837,0.0011363510455152696,,88258.57,88000.97,-0.027526174327183538,46.0
ETH/USDT,xgb_primary,primary,1m,2025-12-19 07:55:00+00:00,2025-12-19 07:07:00+00:00,2025-12-19 07:55:00+00:00,sell,False,pnl_block,pnl_block,,,False,0.6699029207,0.41829004883766174,0.48,0.43,prob_floor,"prob_floor,trailing_prob_drop",-0.1408199999999988,-0.14444864125342852,17.84082,0.41829004883766174,,0.03389824763082869,,2973.47,2950.0,-0.14444864125342852,48.0
SOL/USDT,xgb_primary,conservative,1m,2025-12-19 07:55:00+00:00,,2025-12-19 07:55:00+00:00,buy,True,turnover_limit,turnover_limit,turnover_limit,,False,0.565682053565979,0.565682053565979,,0.48,turnover_limit,,,,,0.565682053565979,,,10.0,,124.43,0.0,
ETH/USDT,xgb_primary,primary,1m,2025-12-19 07:56:00+00:00,2025-12-19 07:07:00+00:00,2025-12-19 07:56:00+00:00,sell,False,pnl_block,pnl_block,,,False,0.6699029207,0.4742901027202606,0.48,0.43,trailing_prob_drop,trailing_prob_drop,-0.12521999999999936,-0.12945281672779935,17.84082,0.4742901027202606,,0.3725460644746079,,2973.47,2952.6,-0.12945281672779935,49.0
SOL/USDT,xgb_primary,conservative,1m,2025-12-19 07:56:00+00:00,,2025-12-19 07:56:00+00:00,buy,True,turnover_limit,turnover_limit,turnover_limit,,False,0.565682053565979,0.565682053565979,,0.48,turnover_limit,,,,,0.565682053565979,,,10.0,,124.39,0.0,
BTC/USDT,xgb_primary,conservative,1m,2025-12-19 07:56:00+00:00,2025-12-19 07:09:00+00:00,2025-12-19 07:56:00+00:00,sell,False,pnl_block,pnl_block,,,False,0.6844155788,0.6076040863990784,0.56,0.45,gate_close,gate_close,-0.02971700000000128,-0.031483174778358894,8.825857000000001,0.6076040863990784,5.862435379973256,0.0011368622419472751,,88258.57,87961.4,-0.031483174778358894,47.0
BTC/USDT,xgb_primary,conservative,1m,2025-12-19 07:57:00+00:00,2025-12-19 07:09:00+00:00,2025-12-19 07:57:00+00:00,sell,True,pnl_block,pnl_block,,,False,0.6844155788,0.565682053565979,0.56,0.45,trailing_prob_drop,trailing_prob_drop,-0.030585000000000584,-0.03235117487737953,8.825857000000001,0.565682053565979,4.475816720022753,0.001136974436523861,,88258.57,87952.72,-0.03235117487737953,48.0
SOL/USDT,xgb_primary,conservative,1m,2025-12-19 07:57:00+00:00,,2025-12-19 07:57:00+00:00,buy,True,turnover_limit,turnover_limit,turnover_limit,,False,0.565682053565979,0.565682053565979,,0.48,turnover_limit,,,,,0.565682053565979,,,10.0,,124.41,0.0,
SOL/USDT,xgb_primary,conservative,1m,2025-12-19 07:58:00+00:00,,2025-12-19 07:58:00+00:00,buy,True,turnover_limit,turnover_limit,turnover_limit,,False,0.565682053565979,0.565682053565979,,0.48,turnover_limit,,,,,0.565682053565979,,,10.0,,124.45,0.0,
BTC/USDT,xgb_primary,conservative,1m,2025-12-19 07:59:00+00:00,2025-12-19 07:09:00+00:00,2025-12-19 07:59:00+00:00,sell,False,pnl_block,pnl_block,,,False,0.6844155788,0.5002435445785522,0.56,0.45,trailing_prob_drop,trailing_prob_drop,-0.0309390000000014,-0.032705174917772285,8.825857000000001,0.5002435445785522,24.160524113965362,0.0011370202019851832,,88258.57,87949.18,-0.032705174917772285,50.0
SOL/USDT,xgb_primary,conservative,1m,2025-12-19 07:59:00+00:00,,2025-12-19 07:59:00+00:00,buy,True,turnover_limit,turnover_limit,turnover_limit,,False,0.565682053565979,0.565682053565979,,0.48,turnover_limit,,,,,0.565682053565979,,,10.0,,124.54,0.0,
BTC/USDT,xgb_primary,conservative,1m,2025-12-19 08:00:00+00:00,2025-12-19 07:09:00+00:00,2025-12-19 08:00:00+00:00,sell,True,pnl_block,pnl_block,,,False,0.6844155788,0.565682053565979,0.56,0.45,trailing_prob_drop,trailing_prob_drop,-0.028363000000000468,-0.03012917462392921,8.825857000000001,0.565682053565979,4.269510611752412,0.0011366872687173955,,88258.57,87974.94,-0.03012917462392921,51.0
ETH/USDT,xgb_primary,primary,1m,2025-12-19 08:00:00+00:00,2025-12-19 07:07:00+00:00,2025-12-19 08:00:00+00:00,sell,True,pnl_block,pnl_block,,,False,0.6699029207,0.5002435445785522,0.48,0.43,trailing_prob_drop,trailing_prob_drop,-0.1316999999999989,-0.13532861010836794,17.84082,0.5002435445785522,,0.033880790439580484,,2973.47,2951.52,-0.13532861010836794,53.0
SOL/USDT,xgb_primary,conservative,1m,2025-12-19 08:01:00+00:00,,2025-12-19 08:01:00+00:00,buy,True,turnover_limit,turnover_limit,turnover_limit,,False,0.6076040863990784,0.6076040863990784,,0.48,turnover_limit,,,,,0.6076040863990784,,,10.0,,124.72,0.0,
ETH/USDT,xgb_primary,primary,1m,2025-12-19 08:02:00+00:00,2025-12-19 07:07:00+00:00,2025-12-19 08:02:00+00:00,sell,True,pnl_block,pnl_block,,,False,0.6699029207,0.5002435445785522,0.48,0.43,trailing_prob_drop,trailing_prob_drop,-0.10103999999999815,-0.10466850563837954,17.84082,0.5002435445785522,,0.03382223372098189,,2973.47,2956.63,-0.10466850563837954,55.0
SOL/USDT,xgb_primary,conservative,1m,2025-12-19 08:03:00+00:00,,2025-12-19 08:03:00+00:00,buy,True,turnover_limit,turnover_limit,turnover_limit,,False,0.6076040863990784,0.6076040863990784,,0.48,turnover_limit,,,,,0.6076040863990784,,,10.0,,124.43,0.0,
BTC/USDT,xgb_primary,conservative,1m,2025-12-19 08:04:00+00:00,2025-12-19 07:09:00+00:00,2025-12-19 08:04:00+00:00,sell,False,pnl_block,pnl_block,,,False,0.6844155788,0.5002435445785522,0.56,0.45,trailing_prob_drop,trailing_prob_drop,-0.03949000000000087,-0.04125617589440603,8.825857000000001,0.5002435445785522,10.070955128792743,0.0011381267622554271,,88258.57,87863.67,-0.04125617589440603,55.0
SOL/USDT,xgb_primary,conservative,1m,2025-12-19 08:05:00+00:00,,2025-12-19 08:05:00+00:00,buy,True,turnover_limit,turnover_limit,turnover_limit,,False,0.565682053565979,0.565682053565979,,0.48,turnover_limit,,,,,0.565682053565979,,,10.0,,124.44,0.0,
BTC/USDT,xgb_primary,conservative,1m,2025-12-19 08:05:00+00:00,2025-12-19 07:09:00+00:00,2025-12-19 08:05:00+00:00,sell,False,pnl_block,pnl_block,,,False,0.6844155788,0.5002435445785522,0.56,0.45,trailing_prob_drop,trailing_prob_drop,-0.0345570000000007,-0.03632317533076104,8.825857000000001,0.5002435445785522,3.8992220676403853,0.0011374881332700787,,88258.57,87913.0,-0.03632317533076104,56.0
BTC/USDT,xgb_primary,conservative,1m,2025-12-19 08:06:00+00:00,2025-12-19 07:09:00+00:00,2025-12-19 08:06:00+00:00,sell,False,pnl_block,pnl_block,,,False,0.6844155788,0.5002435445785522,0.56,0.45,trailing_prob_drop,trailing_prob_drop,-0.03067700000000041,-0.03250940483543645,8.825857000000001,0.5002435445785522,5.89218886854082,0.07617779829884218,,88258.57,87951.8,-0.03250940483543645,57.0
BTC/USDT,xgb_primary,conservative,1m,2025-12-19 08:07:00+00:00,2025-12-19 07:09:00+00:00,2025-12-19 08:07:00+00:00,sell,False,pnl_block,pnl_block,,,False,0.6844155788,0.5002435445785522,0.56,0.45,trailing_prob_drop,trailing_prob_drop,-0.021479000000000817,-0.023245173839525127,8.825857000000001,0.5002435445785522,17.642483491367354,0.0011357985114748656,,88258.57,88043.78,-0.023245173839525127,58.0
SOL/USDT,xgb_primary,conservative,1m,2025-12-19 08:08:00+00:00,,2025-12-19 08:08:00+00:00,buy,True,turnover_limit,turnover_limit,turnover_limit,,False,0.565682053565979,0.565682053565979,,0.48,turnover_limit,,,,,0.565682053565979,,,10.0,,124.37,0.0,
BTC/USDT,xgb_primary,conservative,1m,2025-12-19 08:08:00+00:00,2025-12-19 07:09:00+00:00,2025-12-19 08:08:00+00:00,sell,False,pnl_block,pnl_block,,,False,0.6844155788,0.565682053565979,0.56,0.45,gate_close,"gate_close,trailing_prob_drop",-0.021172000000000118,-0.02293817380457157,8.825857000000001,0.565682053565979,8.364360826077112,0.001135758908681214,,88258.57,88046.85,-0.02293817380457157,59.0
BTC/USDT,xgb_primary,conservative,1m,2025-12-19 08:09:00+00:00,2025-12-19 07:09:00+00:00,2025-12-19 08:09:00+00:00,sell,False,pnl_block,pnl_block,,,False,0.6844155788,0.565682053565979,0.56,0.45,gate_close,"gate_close,trailing_prob_drop",-0.014410000000000582,-0.016176173035315936,8.825857000000001,0.565682053565979,10.025343322861202,0.0011348873150252906,,88258.57,88114.47,-0.016176173035315936,60.0
ETH/USDT,xgb_primary,primary,1m,2025-12-19 08:09:00+00:00,2025-12-19 07:07:00+00:00,2025-12-19 08:09:00+00:00,sell,False,pnl_block,pnl_block,,,False,0.6699029207,0.5002435445785522,0.48,0.43,gate_close,"gate_close,trailing_prob_drop",-0.06353999999999814,-0.06716837835188685,17.84082,0.5002435445785522,67.80622547596182,0.03375088806944424,,2973.47,2962.88,-0.06716837835188685,62.0
BTC/USDT,xgb_primary,conservative,1m,2025-12-19 08:10:00+00:00,2025-12-19 07:09:00+00:00,2025-12-19 08:10:00+00:00,sell,False,pnl_block,pnl_block,,,False,0.6844155788,0.565682053565979,0.56,0.45,gate_close,"gate_close,trailing_prob_drop",-0.017349000000000524,-0.019115173369516177,8.825857000000001,0.565682053565979,12.043115100997928,0.0011352659754782903,,88258.57,88085.08,-0.019115173369516177,61.0
SOL/USDT,xgb_primary,conservative,1m,2025-12-19 08:11:00+00:00,,2025-12-19 08:11:00+00:00,buy,True,turnover_limit,turnover_limit,turnover_limit,,False,0.5002435445785522,0.5002435445785522,,0.48,turnover_limit,,,,,0.5002435445785522,,,10.0,,124.14,0.0,
BTC/USDT,xgb_primary,conservative,1m,2025-12-19 08:11:00+00:00,2025-12-19 07:09:00+00:00,2025-12-19 08:11:00+00:00,sell,True,pnl_block,pnl_block,,,False,0.6844155788,0.565682053565979,0.56,0.45,trailing_prob_drop,trailing_prob_drop,-0.0301570000000007,-0.031923174828550296,8.825857000000001,0.565682053565979,4.101715738725437,0.001136919111190895,,88258.57,87957.0,-0.031923174828550296,62.0
BTC/USDT,xgb_primary,conservative,1m,2025-12-19 08:12:00+00:00,2025-12-19 07:09:00+00:00,2025-12-19 08:12:00+00:00,sell,False,pnl_block,pnl_block,,,False,0.6844155788,0.4742901027202606,0.56,0.45,trailing_prob_drop,trailing_prob_drop,-0.0283890000000014,-0.030155174626896524,8.825857000000001,0.4742901027202606,15.351817893764107,0.0011366906297320901,,88258.57,87974.68,-0.030155174626896524,63.0
BTC/USDT,xgb_primary,conservative,1m,2025-12-19 08:13:00+00:00,2025-12-19 07:09:00+00:00,2025-12-19 08:13:00+00:00,sell,False,pnl_block,pnl_block,,,False,0.6844155788,0.5002435445785522,0.56,0.45,trailing_prob_drop,trailing_prob_drop,-0.02916100000000006,-0.030927174714937136,8.825857000000001,0.5002435445785522,4.202345493044268,0.0011367903842949805,,88258.57,87966.96,-0.030927174714937136,64.0
BTC/USDT,xgb_primary,conservative,1m,2025-12-19 08:14:00+00:00,2025-12-19 07:09:00+00:00,2025-12-19 08:14:00+00:00,sell,False,pnl_block,pnl_block,,,False,0.6844155788,0.5002435445785522,0.56,0.45,trailing_prob_drop,trailing_prob_drop,-0.02723500000000058,-0.029001174495314124,8.825857000000001,0.5002435445785522,2.8146931529757664,0.0011365415432655862,,88258.57,87986.22,-0.029001174495314124,65.0
BTC/USDT,xgb_primary,conservative,1m,2025-12-19 08:15:00+00:00,2025-12-19 07:09:00+00:00,2025-12-19 08:15:00+00:00,sell,True,pnl_block,pnl_block,,,False,0.6844155788,0.565682053565979,0.56,0.45,trailing_prob_drop,trailing_prob_drop,-0.026517000000001283,-0.028283174413466693,8.825857000000001,0.565682053565979,2.6343860800759056,0.001136448806511491,,88258.57,87993.4,-0.028283174413466693,66.0
BTC/USDT,xgb_primary,conservative,1m,2025-12-19 08:17:00+00:00,2025-12-19 07:09:00+00:00,2025-12-19 08:17:00+00:00,sell,False,pnl_block,pnl_block,,,False,0.6844155788,0.4742901027202606,0.56,0.45,trailing_prob_drop,trailing_prob_drop,-0.02635300000000134,-0.028119174394773173,8.825857000000001,0.4742901027202606,,0.001136427626045674,,88258.57,87995.04,-0.028119174394773173,68.0
BTC/USDT,xgb_primary,conservative,1m,2025-12-19 08:18:00+00:00,2025-12-19 07:09:00+00:00,2025-12-19 08:18:00+00:00,sell,False,pnl_block,pnl_block,,,False,0.6844155788,0.41829004883766174,0.56,0.45,prob_floor,"prob_floor,trailing_prob_drop",-0.035283000000000175,-0.037140540179904036,8.825857000000001,0.41829004883766174,9.554190833617055,0.10465700940300611,,88258.57,87905.74,-0.037140540179904036,69.0
BTC/USDT,xgb_primary,conservative,1m,2025-12-19 08:19:00+00:00,2025-12-19 07:09:00+00:00,2025-12-19 08:19:00+00:00,sell,True,pnl_block,pnl_block,,,False,0.6844155788,0.565682053565979,0.56,0.45,trailing_prob_drop,trailing_prob_drop,-0.03130600000000122,-0.033072174959649286,8.825857000000001,0.565682053565979,1.7846923896692506,0.0011370676502733795,,88258.57,87945.51,-0.033072174959649286,70.0
ETH/USDT,xgb_primary,primary,1m,2025-12-19 08:19:00+00:00,2025-12-19 07:07:00+00:00,2025-12-19 08:19:00+00:00,sell,True,pnl_block,pnl_block,,,False,0.6699029207,0.5002435445785522,0.48,0.43,trailing_prob_drop,trailing_prob_drop,-0.1166399999999976,-0.12032895329195022,17.84082,0.5002435445785522,,0.06770389026547308,,2973.47,2954.03,-0.12032895329195022,72.0
ETH/USDT,xgb_primary,primary,1m,2025-12-19 08:20:00+00:00,2025-12-19 07:07:00+00:00,2025-12-19 08:20:00+00:00,sell,True,pnl_block,pnl_block,,,False,0.6699029207,0.5002435445785522,0.48,0.43,trailing_prob_drop,trailing_prob_drop,-0.11057999999999903,-0.11420853810597843,17.84082,0.5002435445785522,,0.033840432210738854,,2973.47,2955.04,-0.11420853810597843,73.0
BTC/USDT,xgb_primary,conservative,1m,2025-12-19 08:20:00+00:00,2025-12-19 07:09:00+00:00,2025-12-19 08:20:00+00:00,sell,False,pnl_block,pnl_block,,,False,0.6844155788,0.565682053565979,0.56,0.45,gate_close,"gate_close,trailing_prob_drop",-0.03399300000000076,-0.03575917526635873,8.825857000000001,0.565682053565979,7.2349660691109365,0.0011374151631615014,,88258.57,87918.64,-0.03575917526635873,71.0
BTC/USDT,xgb_primary,conservative,1m,2025-12-19 08:21:00+00:00,2025-12-19 07:09:00+00:00,2025-12-19 08:21:00+00:00,sell,False,pnl_block,pnl_block,,,False,0.6844155788,0.5002435445785522,0.56,0.45,trailing_prob_drop,trailing_prob_drop,-0.03457600000000093,-0.036342175332932464,8.825857000000001,0.5002435445785522,3.412245685329072,0.0011374905933012412,,88258.57,87912.81,-0.036342175332932464,72.0
SOL/USDT,xgb_primary,conservative,1m,2025-12-19 08:21:00+00:00,,2025-12-19 08:21:00+00:00,buy,True,turnover_limit,turnover_limit,turnover_limit,,False,0.565682053565979,0.565682053565979,,0.48,turnover_limit,,,,,0.565682053565979,,,10.0,,124.38,0.0,
SOL/USDT,xgb_primary,conservative,1m,2025-12-19 08:22:00+00:00,,2025-12-19 08:22:00+00:00,buy,True,turnover_limit,turnover_limit,turnover_limit,,False,0.5002435445785522,0.5002435445785522,,0.48,turnover_limit,,,,,0.5002435445785522,,,10.0,,124.34,0.0,
BTC/USDT,xgb_primary,conservative,1m,2025-12-19 08:22:00+00:00,2025-12-19 07:09:00+00:00,2025-12-19 08:22:00+00:00,sell,False,pnl_block,pnl_block,,,False,0.6844155788,0.4742901027202606,0.56,0.45,trailing_prob_drop,trailing_prob_drop,-0.03569800000000105,-0.037464175461077324,8.825857000000001,0.4742901027202606,1.5060376297840143,0.0011376357857116502,,88258.57,87901.59,-0.037464175461077324,73.0
ETH/USDT,xgb_primary,primary,1m,2025-12-19 08:23:00+00:00,2025-12-19 07:07:00+00:00,2025-12-19 08:23:00+00:00,sell,False,pnl_block,pnl_block,,,False,0.6699029207,0.41829004883766174,0.48,0.43,prob_floor,"prob_floor,trailing_prob_drop",-0.1289399999999987,-0.1325686006892081,17.84082,0.41829004883766174,,0.03387551088424749,,2973.47,2951.98,-0.1325686006892081,76.0
BTC/USDT,xgb_primary,conservative,1m,2025-12-19 08:23:00+00:00,2025-12-19 07:09:00+00:00,2025-12-19 08:23:00+00:00,sell,False,pnl_block,pnl_block,,,False,0.6844155788,0.41829004883766174,0.56,0.45,prob_floor,"prob_floor,trailing_prob_drop",-0.03949200000000128,-0.0414861932181834,8.825857000000001,0.41829004883766174,1.27528964205337,0.2594896089774796,,88258.57,87863.65,-0.0414861932181834,74.0
ETH/USDT,xgb_primary,primary,1m,2025-12-19 08:24:00+00:00,2025-12-19 07:07:00+00:00,2025-12-19 08:24:00+00:00,sell,False,pnl_block,pnl_block,,,False,0.6699029207,0.3245033025741577,0.48,0.43,prob_floor,"prob_floor,trailing_prob_drop",-0.1303800000000001,-0.1340086056031887,17.84082,0.3245033025741577,,0.033878265230290146,,2973.47,2951.74,-0.1340086056031887,77.0
SOL/USDT,xgb_primary,conservative,1m,2025-12-19 08:24:00+00:00,,2025-12-19 08:24:00+00:00,buy,True,turnover_limit,turnover_limit,turnover_limit,,False,0.5002435445785522,0.5002435445785522,,0.48,turnover_limit,,,,,0.5002435445785522,,,10.0,,124.27,0.0,
BTC/USDT,xgb_primary,conservative,1m,2025-12-19 08:24:00+00:00,2025-12-19 07:09:00+00:00,2025-12-19 08:24:00+00:00,sell,False,pnl_block,pnl_block,,,False,0.6844155788,0.41829004883766174,0.56,0.45,prob_floor,"prob_floor,trailing_prob_drop",-0.040026000000000936,-0.04484047578656855,8.825857000000001,0.41829004883766174,2.7252145153472407,3.4549669075395304,,88258.57,87858.31,-0.04484047578656855,75.0
BTC/USDT,xgb_primary,conservative,1m,2025-12-19 08:25:00+00:00,2025-12-19 07:09:00+00:00,2025-12-19 08:25:00+00:00,sell,False,pnl_block,pnl_block,,,False,0.6844155788,0.41829004883766174,0.56,0.45,prob_floor,"prob_floor,trailing_prob_drop",-0.03606800000000076,-0.03783417550334082,8.825857000000001,0.41829004883766174,2.08783659396207,0.0011376836720334784,,88258.57,87897.89,-0.03783417550334082,76.0
ETH/USDT,xgb_primary,primary,1m,2025-12-19 08:25:00+00:00,2025-12-19 07:07:00+00:00,2025-12-19 08:25:00+00:00,sell,False,pnl_block,pnl_block,,,False,0.6699029207,0.3731343150138855,0.48,0.43,prob_floor,"prob_floor,trailing_prob_drop",-0.13835999999999968,-0.14198863284929847,17.84082,0.3731343150138855,,0.0338935370116349,,2973.47,2950.41,-0.14198863284929847,78.0
ETH/USDT,xgb_primary,primary,1m,2025-12-19 08:26:00+00:00,2025-12-19 07:07:00+00:00,2025-12-19 08:26:00+00:00,sell,False,pnl_block,pnl_block,,,False,0.6699029207,0.3245033025741577,0.48,0.43,prob_floor,"prob_floor,trailing_prob_drop",-0.14033999999999924,-0.1439686396134151,17.84082,0.3245033025741577,,0.033897328382803474,,2973.47,2950.08,-0.1439686396134151,79.0
SOL/USDT,xgb_primary,conservative,1m,2025-12-19 08:26:00+00:00,,2025-12-19 08:26:00+00:00,buy,True,turnover_limit,turnover_limit,turnover_limit,,False,0.5002435445785522,0.5002435445785522,,0.48,turnover_limit,,,,,0.5002435445785522,,,10.0,,124.31,0.0,
BTC/USDT,xgb_primary,conservative,1m,2025-12-19 08:26:00+00:00,2025-12-19 07:09:00+00:00,2025-12-19 08:26:00+00:00,sell,False,pnl_block,pnl_block,,,False,0.6844155788,0.41829004883766174,0.56,0.45,prob_floor,"prob_floor,trailing_prob_drop",-0.0350140000000014,-0.03678017538295346,8.825857000000001,0.41829004883766174,5.703207926469763,0.0011375472682812777,,88258.57,87908.43,-0.03678017538295346,77.0
ETH/USDT,xgb_primary,primary,1m,2025-12-19 08:27:00+00:00,2025-12-19 07:07:00+00:00,2025-12-19 08:27:00+00:00,sell,False,pnl_block,pnl_block,,,False,0.6699029207,0.3245033025741577,0.48,0.43,prob_floor,"prob_floor,trailing_prob_drop",-0.14315999999999804,-0.1467886492497665,17.84082,0.3245033025741577,,0.03390272967747836,,2973.47,2949.61,-0.1467886492497665,80.0
SOL/USDT,xgb_primary,conservative,1m,2025-12-19 08:27:00+00:00,,2025-12-19 08:27:00+00:00,buy,True,turnover_limit,turnover_limit,turnover_limit,,False,0.565682053565979,0.565682053565979,,0.48,turnover_limit,,,,,0.565682053565979,,,10.0,,124.06,0.0,
BTC/USDT,xgb_primary,conservative,1m,2025-12-19 08:27:00+00:00,2025-12-19 07:09:00+00:00,2025-12-19 08:27:00+00:00,sell,False,pnl_block,pnl_block,,,False,0.6844155788,0.4742901027202606,0.56,0.45,trailing_prob_drop,trailing_prob_drop,-0.04716300000000047,-0.048929176772381906,8.825857000000001,0.4742901027202606,1.2001124351786183,0.00113912153962771,,88258.57,87786.94,-0.048929176772381906,78.0
ETH/USDT,xgb_primary,primary,1m,2025-12-19 08:28:00+00:00,2025-12-19 07:07:00+00:00,2025-12-19 08:28:00+00:00,sell,False,pnl_block,pnl_block,,,False,0.6699029207,0.4742901027202606,0.48,0.43,trailing_prob_drop,trailing_prob_drop,-0.1739399999999987,-0.17756875462959804,17.84082,0.4742901027202606,,0.03396179637445439,,2973.47,2944.48,-0.17756875462959804,81.0
BTC/USDT,xgb_primary,conservative,1m,2025-12-19 08:28:00+00:00,2025-12-19 07:09:00+00:00,2025-12-19 08:28:00+00:00,sell,False,pnl_block,pnl_block,,,False,0.6844155788,0.39150944352149963,0.56,0.45,prob_floor,"prob_floor,trailing_prob_drop",-0.05006500000000087,-0.051831177104841246,8.825857000000001,0.39150944352149963,13.839188380411787,0.0011394982270559967,,88258.57,87757.92,-0.051831177104841246,79.0
BTC/USDT,xgb_primary,conservative,1m,2025-12-19 08:29:00+00:00,2025-12-19 07:09:00+00:00,2025-12-19 08:29:00+00:00,sell,False,pnl_block,pnl_block,,,False,0.6844155788,0.41829004883766174,0.56,0.45,prob_floor,"prob_floor,trailing_prob_drop",-0.04759300000000076,-0.049359176821629984,8.825857000000001,0.41829004883766174,3.3079635433472943,0.0011391773390698483,,88258.57,87782.64,-0.049359176821629984,80.0
ETH/USDT,xgb_primary,primary,1m,2025-12-19 08:30:00+00:00,2025-12-19 07:07:00+00:00,2025-12-19 08:30:00+00:00,sell,False,pnl_block,pnl_block,,,False,0.6699029207,0.4007633626461029,0.48,0.43,prob_floor,"prob_floor,trailing_prob_drop",-0.18725999999999748,-0.19088880034648423,17.84082,0.4007633626461029,,0.03398742125458968,,2973.47,2942.26,-0.19088880034648423,83.0
ETH/USDT,xgb_primary,primary,1m,2025-12-19 08:31:00+00:00,2025-12-19 07:07:00+00:00,2025-12-19 08:31:00+00:00,sell,False,pnl_block,pnl_block,,,False,0.6699029207,0.39150944352149963,0.48,0.43,prob_floor,"prob_floor,trailing_prob_drop",-0.19967999999999847,-0.20330884303659155,17.84082,0.39150944352149963,,0.034011349586553045,,2973.47,2940.19,-0.20330884303659155,84.0
BTC/USDT,xgb_primary,conservative,1m,2025-12-19 08:31:00+00:00,2025-12-19 07:09:00+00:00,2025-12-19 08:31:00+00:00,sell,False,pnl_block,pnl_block,,,False,0.6844155788,0.41829004883766174,0.56,0.45,prob_floor,"prob_floor,trailing_prob_drop",-0.050175000000000004,-0.05194117711744652,8.825857000000001,0.41829004883766174,,0.0011395125102533403,,88258.57,87756.82,-0.05194117711744652,82.0
BTC/USDT,xgb_primary,conservative,1m,2025-12-19 08:32:00+00:00,2025-12-19 07:09:00+00:00,2025-12-19 08:32:00+00:00,sell,False,pnl_block,pnl_block,,,False,0.6844155788,0.41829004883766174,0.56,0.45,prob_floor,"prob_floor,trailing_prob_drop",-0.03057700000000041,-0.03234317487646661,8.825857000000001,0.41829004883766174,11.160451321594685,0.0011369734023561058,,88258.57,87952.8,-0.03234317487646661,83.0
BTC/USDT,xgb_primary,conservative,1m,2025-12-19 08:33:00+00:00,2025-12-19 07:09:00+00:00,2025-12-19 08:33:00+00:00,sell,False,pnl_block,pnl_block,,,False,0.6844155788,0.5002435445785522,0.56,0.45,trailing_prob_drop,trailing_prob_drop,-0.019006000000001223,-0.021072815831083495,8.825857000000001,0.5002435445785522,22.15847339044647,0.34177353098092617,,88258.57,88068.51,-0.021072815831083495,84.0
ETH/USDT,xgb_primary,primary,1m,2025-12-19 08:33:00+00:00,2025-12-19 07:07:00+00:00,2025-12-19 08:33:00+00:00,sell,False,pnl_block,pnl_block,,,False,0.6699029207,0.3245033025741577,0.48,0.43,prob_floor,"prob_floor,trailing_prob_drop",-0.16679999999999837,-0.17042873015206733,17.84082,0.3245033025741577,,0.033948076416317245,,2973.47,2945.67,-0.17042873015206733,86.0
ETH/USDT,xgb_primary,primary,1m,2025-12-19 08:34:00+00:00,2025-12-19 07:07:00+00:00,2025-12-19 08:34:00+00:00,sell,False,pnl_block,pnl_block,,,False,0.6699029207,0.41829004883766174,0.48,0.43,prob_floor,"prob_floor,trailing_prob_drop",-0.14538000000000012,-0.14900865683799897,17.84082,0.41829004883766174,,0.03390698297434862,,2973.47,2949.24,-0.14900865683799897,87.0
BTC/USDT,xgb_primary,conservative,1m,2025-12-19 08:34:00+00:00,2025-12-19 07:09:00+00:00,2025-12-19 08:34:00+00:00,sell,False,pnl_block,pnl_block,,,False,0.6844155788,0.5002435445785522,0.56,0.45,trailing_prob_drop,trailing_prob_drop,-0.013745000000001164,-0.015511172959730255,8.825857000000001,0.5002435445785522,39.35231787161977,0.0011348016731871303,,88258.57,88121.12,-0.015511172959730255,85.0
ETH/USDT,xgb_primary,primary,1m,2025-12-19 08:35:00+00:00,2025-12-19 07:07:00+00:00,2025-12-19 08:35:00+00:00,sell,False,pnl_block,pnl_block,,,False,0.6699029207,0.41829004883766174,0.48,0.43,prob_floor,"prob_floor,trailing_prob_drop",-0.14159999999999945,-0.14522864391864138,17.84082,0.41829004883766174,,0.03389974151521091,,2973.47,2949.87,-0.14522864391864138,88.0
BTC/USDT,xgb_primary,conservative,1m,2025-12-19 08:35:00+00:00,2025-12-19 07:09:00+00:00,2025-12-19 08:35:00+00:00,sell,False,pnl_block,pnl_block,,,False,0.6844155788,0.565682053565979,0.56,0.45,gate_close,"gate_close,trailing_prob_drop",-0.018177000000000408,-0.019943173463710072,8.825857000000001,0.565682053565979,9.371192740174177,0.0011353727005380487,,88258.57,88076.8,-0.019943173463710072,86.0
ETH/USDT,xgb_primary,primary,1m,2025-12-19 08:36:00+00:00,2025-12-19 07:07:00+00:00,2025-12-19 08:36:00+00:00,sell,False,pnl_block,pnl_block,,,False,0.6699029207,0.41829004883766174,0.48,0.43,prob_floor,"prob_floor,trailing_prob_drop",-0.15257999999999902,-0.15620868146157232,17.84082,0.41829004883766174,,0.03392078479201735,,2973.47,2948.04,-0.15620868146157232,89.0
ETH/USDT,xgb_primary,primary,1m,2025-12-19 08:37:00+00:00,2025-12-19 07:07:00+00:00,2025-12-19 08:37:00+00:00,sell,False,dry_run,dry_run,,,True,0.6699029207,0.41829004883766174,0.48,0.43,time_limit,"time_exit,prob_floor,trailing_prob_drop",-0.14903999999999815,-0.15260816399999816,17.84082,0.41829004883766174,0.033913997492953624,0.033913997492953624,17.69178,2973.47,2948.63,-0.15260816399999816,90.0
BTC/USDT,xgb_primary,conservative,1m,2025-12-19 08:37:00+00:00,2025-12-19 07:09:00+00:00,2025-12-19 08:37:00+00:00,sell,True,pnl_block,pnl_block,,,False,0.6844155788,0.565682053565979,0.56,0.45,trailing_prob_drop,trailing_prob_drop,-0.02875300000000134,-0.030519174668407235,8.825857000000001,0.565682053565979,4.3128691836468045,0.0011367376628654605,,88258.57,87971.04,-0.030519174668407235,88.0
BTC/USDT,xgb_primary,conservative,1m,2025-12-19 08:38:00+00:00,2025-12-19 07:09:00+00:00,2025-12-19 08:38:00+00:00,sell,False,pnl_block,pnl_block,,,False,0.6844155788,0.5002435445785522,0.56,0.45,trailing_prob_drop,trailing_prob_drop,-0.027113000000000467,-0.028879174481405475,8.825857000000001,0.5002435445785522,7.000672673826289,0.0011365257844185963,,88258.57,87987.44,-0.028879174481405475,89.0
BTC/USDT,xgb_primary,conservative,1m,2025-12-19 08:39:00+00:00,2025-12-19 07:09:00+00:00,2025-12-19 08:39:00+00:00,sell,True,dry_run,dry_run,,,True,0.6844155788,0.565682053565979,0.56,0.45,time_limit,"time_exit,trailing_prob_drop",-0.027070000000001166,-0.028835171400001167,8.825857000000001,0.565682053565979,3.291378860438081,0.0011365202318288998,8.798787,88258.57,87987.87,-0.028835171400001167,90.0
SOL/USDT,xgb_primary,conservative,1m,2025-12-19 08:40:00+00:00,,2025-12-19 08:40:00+00:00,buy,True,turnover_limit,turnover_limit,turnover_limit,,False,0.6076040863990784,0.6076040863990784,,0.48,turnover_limit,,,,,0.6076040863990784,,,10.0,,124.73,0.0,
BTC/USDT,xgb_primary,conservative,1m,2025-12-19 08:40:00+00:00,,2025-12-19 08:40:00+00:00,buy,True,turnover_limit,turnover_limit,turnover_limit,,False,0.565682053565979,0.565682053565979,,0.56,turnover_limit,,,,,0.565682053565979,,,15.0,,87964.8,0.0,
BTC/USDT,xgb_primary,conservative,1m,2025-12-19 08:41:00+00:00,,2025-12-19 08:41:00+00:00,buy,True,turnover_limit,turnover_limit,turnover_limit,,False,0.565682053565979,0.565682053565979,,0.56,turnover_limit,,,,,0.565682053565979,,,15.0,,87938.08,0.0,
ETH/USDT,xgb_primary,primary,1m,2025-12-19 08:41:00+00:00,,2025-12-19 08:41:00+00:00,buy,True,turnover_limit,turnover_limit,turnover_limit,,False,0.5002435445785522,0.5002435445785522,,0.48,turnover_limit,,,,,0.5002435445785522,,,20.0,,2951.0,0.0,
SOL/USDT,xgb_primary,conservative,1m,2025-12-19 08:41:00+00:00,,2025-12-19 08:41:00+00:00,buy,True,turnover_limit,turnover_limit,turnover_limit,,False,0.6076040863990784,0.6076040863990784,,0.48,turnover_limit,,,,,0.6076040863990784,,,10.0,,124.7,0.0,
ETH/USDT,xgb_primary,primary,1m,2025-12-19 08:42:00+00:00,,2025-12-19 08:42:00+00:00,buy,True,turnover_limit,turnover_limit,turnover_limit,,False,0.5002435445785522,0.5002435445785522,,0.48,turnover_limit,,,,,0.5002435445785522,,,20.0,,2950.22,0.0,
SOL/USDT,xgb_primary,conservative,1m,2025-12-19 08:42:00+00:00,,2025-12-19 08:42:00+00:00,buy,True,turnover_limit,turnover_limit,turnover_limit,,False,0.6076040863990784,0.6076040863990784,,0.48,turnover_limit,,,,,0.6076040863990784,,,10.0,,124.63,0.0,
BTC/USDT,xgb_primary,conservative,1m,2025-12-19 08:43:00+00:00,,2025-12-19 08:43:00+00:00,buy,True,turnover_limit,turnover_limit,turnover_limit,,False,0.565682053565979,0.565682053565979,,0.56,turnover_limit,,,,,0.565682053565979,,,15.0,,87938.08,0.0,
ETH/USDT,xgb_primary,primary,1m,2025-12-19 08:43:00+00:00,,2025-12-19 08:43:00+00:00,buy,True,turnover_limit,turnover_limit,turnover_limit,,False,0.5002435445785522,0.5002435445785522,,0.48,turnover_limit,,,,,0.5002435445785522,,,20.0,,2948.29,0.0,
SOL/USDT,xgb_primary,conservative,1m,2025-12-19 08:43:00+00:00,,2025-12-19 08:43:00+00:00,buy,True,turnover_limit,turnover_limit,turnover_limit,,False,0.6076040863990784,0.6076040863990784,,0.48,turnover_limit,,,,,0.6076040863990784,,,10.0,,124.67,0.0,
SOL/USDT,xgb_primary,conservative,1m,2025-12-19 08:44:00+00:00,,2025-12-19 08:44:00+00:00,buy,True,turnover_limit,turnover_limit,turnover_limit,,False,0.6844155788421631,0.6844155788421631,,0.48,turnover_limit,,,,,0.6844155788421631,,,10.0,,124.68,0.0,
SOL/USDT,xgb_primary,conservative,1m,2025-12-19 08:45:00+00:00,,2025-12-19 08:45:00+00:00,buy,True,turnover_limit,turnover_limit,turnover_limit,,False,0.6699029207229614,0.6699029207229614,,0.48,turnover_limit,,,,,0.6699029207229614,,,10.0,,124.66,0.0,
ETH/USDT,xgb_primary,primary,1m,2025-12-19 08:45:00+00:00,,2025-12-19 08:45:00+00:00,buy,True,turnover_limit,turnover_limit,turnover_limit,,False,0.6076040863990784,0.6076040863990784,,0.48,turnover_limit,,,,,0.6076040863990784,,,20.0,,2950.08,0.0,
BTC/USDT,xgb_primary,conservative,1m,2025-12-19 08:45:00+00:00,,2025-12-19 08:45:00+00:00,buy,True,turnover_limit,turnover_limit,turnover_limit,,False,0.6076040863990784,0.6076040863990784,,0.56,turnover_limit,,,,,0.6076040863990784,,,15.0,,87993.67,0.0,
SOL/USDT,xgb_primary,conservative,1m,2025-12-19 08:46:00+00:00,,2025-12-19 08:46:00+00:00,buy,True,turnover_limit,turnover_limit,turnover_limit,,False,0.6844155788421631,0.6844155788421631,,0.48,turnover_limit,,,,,0.6844155788421631,,,10.0,,124.93,0.0,
ETH/USDT,xgb_primary,primary,1m,2025-12-19 08:46:00+00:00,,2025-12-19 08:46:00+00:00,buy,True,turnover_limit,turnover_limit,turnover_limit,,False,0.6076040863990784,0.6076040863990784,,0.48,turnover_limit,,,,,0.6076040863990784,,,20.0,,2950.77,0.0,
ETH/USDT,xgb_primary,primary,1m,2025-12-19 08:48:00+00:00,,2025-12-19 08:48:00+00:00,buy,True,turnover_limit,turnover_limit,turnover_limit,,False,0.6076040863990784,0.6076040863990784,,0.48,turnover_limit,,,,,0.6076040863990784,,,20.0,,2951.06,0.0,
BTC/USDT,xgb_primary,conservative,1m,2025-12-19 08:48:00+00:00,,2025-12-19 08:48:00+00:00,buy,True,turnover_limit,turnover_limit,turnover_limit,,False,0.565682053565979,0.565682053565979,,0.56,turnover_limit,,,,,0.565682053565979,,,15.0,,88094.1,0.0,
ETH/USDT,xgb_primary,primary,1m,2025-12-19 08:50:00+00:00,,2025-12-19 08:50:00+00:00,buy,True,turnover_limit,turnover_limit,turnover_limit,,False,0.6076040863990784,0.6076040863990784,,0.48,turnover_limit,,,,,0.6076040863990784,,,20.0,,2953.75,0.0,
BTC/USDT,xgb_primary,conservative,1m,2025-12-19 08:51:00+00:00,,2025-12-19 08:51:00+00:00,buy,True,turnover_limit,turnover_limit,turnover_limit,,False,0.565682053565979,0.565682053565979,,0.56,turnover_limit,,,,,0.565682053565979,,,15.0,,88165.27,0.0,
ETH/USDT,xgb_primary,primary,1m,2025-12-19 08:52:00+00:00,,2025-12-19 08:52:00+00:00,buy,True,turnover_limit,turnover_limit,turnover_limit,,False,0.565682053565979,0.565682053565979,,0.48,turnover_limit,,,,,0.565682053565979,,,20.0,,2952.09,0.0,
BTC/USDT,xgb_primary,conservative,1m,2025-12-19 08:52:00+00:00,,2025-12-19 08:52:00+00:00,buy,True,turnover_limit,turnover_limit,turnover_limit,,False,0.565682053565979,0.565682053565979,,0.56,turnover_limit,,,,,0.565682053565979,,,15.0,,88200.0,0.0,
ETH/USDT,xgb_primary,primary,1m,2025-12-19 08:53:00+00:00,,2025-12-19 08:53:00+00:00,buy,True,turnover_limit,turnover_limit,turnover_limit,,False,0.5878524780273438,0.5878524780273438,,0.48,turnover_limit,,,,,0.5878524780273438,,,20.0,,2953.47,0.0,
BTC/USDT,xgb_primary,conservative,1m,2025-12-19 08:53:00+00:00,,2025-12-19 08:53:00+00:00,buy,True,turnover_limit,turnover_limit,turnover_limit,,False,0.6076040863990784,0.6076040863990784,,0.56,turnover_limit,,,,,0.6076040863990784,,,15.0,,88193.25,0.0,
SOL/USDT,xgb_primary,conservative,1m,2025-12-19 08:54:00+00:00,,2025-12-19 08:54:00+00:00,buy,True,turnover_limit,turnover_limit,turnover_limit,,False,0.6844155788421631,0.6844155788421631,,0.48,turnover_limit,,,,,0.6844155788421631,,,10.0,,125.21,0.0,
BTC/USDT,xgb_primary,conservative,1m,2025-12-19 08:55:00+00:00,,2025-12-19 08:55:00+00:00,buy,True,turnover_limit,turnover_limit,turnover_limit,,False,0.6076040863990784,0.6076040863990784,,0.56,turnover_limit,,,,,0.6076040863990784,,,15.0,,88152.75,0.0,
ETH/USDT,xgb_primary,primary,1m,2025-12-19 08:55:00+00:00,,2025-12-19 08:55:00+00:00,buy,True,turnover_limit,turnover_limit,turnover_limit,,False,0.6076040863990784,0.6076040863990784,,0.48,turnover_limit,,,,,0.6076040863990784,,,20.0,,2952.47,0.0,
SOL/USDT,xgb_primary,conservative,1m,2025-12-19 08:55:00+00:00,,2025-12-19 08:55:00+00:00,buy,True,turnover_limit,turnover_limit,turnover_limit,,False,0.6076040863990784,0.6076040863990784,,0.48,turnover_limit,,,,,0.6076040863990784,,,10.0,,125.14,0.0,
ETH/USDT,xgb_primary,primary,1m,2025-12-19 08:56:00+00:00,,2025-12-19 08:56:00+00:00,buy,True,turnover_limit,turnover_limit,turnover_limit,,False,0.565682053565979,0.565682053565979,,0.48,turnover_limit,,,,,0.565682053565979,,,20.0,,2952.66,0.0,
SOL/USDT,xgb_primary,conservative,1m,2025-12-19 08:56:00+00:00,,2025-12-19 08:56:00+00:00,buy,True,turnover_limit,turnover_limit,turnover_limit,,False,0.6076040863990784,0.6076040863990784,,0.48,turnover_limit,,,,,0.6076040863990784,,,10.0,,125.13,0.0,
BTC/USDT,xgb_primary,conservative,1m,2025-12-19 08:56:00+00:00,,2025-12-19 08:56:00+00:00,buy,True,turnover_limit,turnover_limit,turnover_limit,,False,0.6076040863990784,0.6076040863990784,,0.56,turnover_limit,,,,,0.6076040863990784,,,15.0,,88139.02,0.0,
ETH/USDT,xgb_primary,primary,1m,2025-12-19 08:57:00+00:00,,2025-12-19 08:57:00+00:00,buy,True,turnover_limit,turnover_limit,turnover_limit,,False,0.565682053565979,0.565682053565979,,0.48,turnover_limit,,,,,0.565682053565979,,,20.0,,2952.66,0.0,
SOL/USDT,xgb_primary,conservative,1m,2025-12-19 08:57:00+00:00,,2025-12-19 08:57:00+00:00,buy,True,turnover_limit,turnover_limit,turnover_limit,,False,0.6115108132362366,0.6115108132362366,,0.48,turnover_limit,,,,,0.6115108132362366,,,10.0,,125.05,0.0,
BTC/USDT,xgb_primary,conservative,1m,2025-12-19 08:57:00+00:00,,2025-12-19 08:57:00+00:00,buy,True,turnover_limit,turnover_limit,turnover_limit,,False,0.6076040863990784,0.6076040863990784,,0.56,turnover_limit,,,,,0.6076040863990784,,,15.0,,88124.05,0.0,
SOL/USDT,xgb_primary,conservative,1m,2025-12-19 08:58:00+00:00,,2025-12-19 08:58:00+00:00,buy,True,turnover_limit,turnover_limit,turnover_limit,,False,0.6699029207229614,0.6699029207229614,,0.48,turnover_limit,,,,,0.6699029207229614,,,10.0,,125.02,0.0,
BTC/USDT,xgb_primary,conservative,1m,2025-12-19 08:58:00+00:00,,2025-12-19 08:58:00+00:00,buy,True,turnover_limit,turnover_limit,turnover_limit,,False,0.6076040863990784,0.6076040863990784,,0.56,turnover_limit,,,,,0.6076040863990784,,,15.0,,88116.0,0.0,
SOL/USDT,xgb_primary,conservative,1m,2025-12-19 08:59:00+00:00,,2025-12-19 08:59:00+00:00,buy,True,turnover_limit,turnover_limit,turnover_limit,,False,0.6076040863990784,0.6076040863990784,,0.48,turnover_limit,,,,,0.6076040863990784,,,10.0,,125.0,0.0,
BTC/USDT,xgb_primary,conservative,1m,2025-12-19 08:59:00+00:00,,2025-12-19 08:59:00+00:00,buy,True,turnover_limit,turnover_limit,turnover_limit,,False,0.6076040863990784,0.6076040863990784,,0.56,turnover_limit,,,,,0.6076040863990784,,,15.0,,88111.23,0.0,
ETH/USDT,xgb_primary,primary,1m,2025-12-19 08:59:00+00:00,,2025-12-19 08:59:00+00:00,buy,True,turnover_limit,turnover_limit,turnover_limit,,False,0.565682053565979,0.565682053565979,,0.48,turnover_limit,,,,,0.565682053565979,,,20.0,,2951.75,0.0,
ETH/USDT,xgb_primary,primary,1m,2025-12-19 09:00:00+00:00,,2025-12-19 09:00:00+00:00,buy,True,turnover_limit,turnover_limit,turnover_limit,,False,0.565682053565979,0.565682053565979,,0.48,turnover_limit,,,,,0.565682053565979,,,20.0,,2951.63,0.0,
SOL/USDT,xgb_primary,conservative,1m,2025-12-19 09:00:00+00:00,,2025-12-19 09:00:00+00:00,buy,True,turnover_limit,turnover_limit,turnover_limit,,False,0.6076040863990784,0.6076040863990784,,0.48,turnover_limit,,,,,0.6076040863990784,,,10.0,,124.71,0.0,
BTC/USDT,xgb_primary,conservative,1m,2025-12-19 09:00:00+00:00,,2025-12-19 09:00:00+00:00,buy,True,turnover_limit,turnover_limit,turnover_limit,,False,0.5878524780273438,0.5878524780273438,,0.56,turnover_limit,,,,,0.5878524780273438,,,15.0,,88039.93,0.0,
ETH/USDT,xgb_primary,primary,1m,2025-12-19 09:01:00+00:00,,2025-12-19 09:01:00+00:00,buy,True,turnover_limit,turnover_limit,turnover_limit,,False,0.565682053565979,0.565682053565979,,0.48,turnover_limit,,,,,0.565682053565979,,,20.0,,2948.81,0.0,
ETH/USDT,xgb_primary,primary,1m,2025-12-19 09:02:00+00:00,,2025-12-19 09:02:00+00:00,buy,True,turnover_limit,turnover_limit,turnover_limit,,False,0.5002435445785522,0.5002435445785522,,0.48,turnover_limit,,,,,0.5002435445785522,,,20.0,,2946.46,0.0,
ETH/USDT,xgb_primary,primary,1m,2025-12-19 09:11:00+00:00,,2025-12-19 09:11:00+00:00,buy,True,turnover_limit,turnover_limit,turnover_limit,,False,0.5002435445785522,0.5002435445785522,,0.48,turnover_limit,,,,,0.5002435445785522,,,20.0,,2953.61,0.0,
ETH/USDT,xgb_primary,primary,1m,2025-12-19 09:12:00+00:00,,2025-12-19 09:12:00+00:00,buy,True,turnover_limit,turnover_limit,turnover_limit,,False,0.565682053565979,0.565682053565979,,0.48,turnover_limit,,,,,0.565682053565979,,,20.0,,2953.35,0.0,
ETH/USDT,xgb_primary,primary,1m,2025-12-19 09:13:00+00:00,,2025-12-19 09:13:00+00:00,buy,True,turnover_limit,turnover_limit,turnover_limit,,False,0.5002435445785522,0.5002435445785522,,0.48,turnover_limit,,,,,0.5002435445785522,,,20.0,,2951.73,0.0,
ETH/USDT,xgb_primary,primary,1m,2025-12-19 09:17:00+00:00,,2025-12-19 09:17:00+00:00,buy,True,turnover_limit,turnover_limit,turnover_limit,,False,0.5002435445785522,0.5002435445785522,,0.48,turnover_limit,,,,,0.5002435445785522,,,20.0,,2950.51,0.0,
SOL/USDT,xgb_primary,conservative,1m,2025-12-19 09:17:00+00:00,,2025-12-19 09:17:00+00:00,buy,True,turnover_limit,turnover_limit,turnover_limit,,False,0.565682053565979,0.565682053565979,,0.48,turnover_limit,,,,,0.565682053565979,,,10.0,,124.87,0.0,
SOL/USDT,xgb_primary,conservative,1m,2025-12-19 09:18:00+00:00,,2025-12-19 09:18:00+00:00,buy,True,turnover_limit,turnover_limit,turnover_limit,,False,0.5002435445785522,0.5002435445785522,,0.48,turnover_limit,,,,,0.5002435445785522,,,10.0,,124.89,0.0,
BTC/USDT,xgb_primary,conservative,1m,2025-12-19 09:19:00+00:00,,2025-12-19 09:19:00+00:00,buy,True,turnover_limit,turnover_limit,turnover_limit,,False,0.565682053565979,0.565682053565979,,0.56,turnover_limit,,,,,0.565682053565979,,,15.0,,88001.19,0.0,
SOL/USDT,xgb_primary,conservative,1m,2025-12-19 09:19:00+00:00,,2025-12-19 09:19:00+00:00,buy,True,turnover_limit,turnover_limit,turnover_limit,,False,0.5002435445785522,0.5002435445785522,,0.48,turnover_limit,,,,,0.5002435445785522,,,10.0,,124.68,0.0,
ETH/USDT,xgb_primary,primary,1m,2025-12-19 09:20:00+00:00,,2025-12-19 09:20:00+00:00,buy,True,turnover_limit,turnover_limit,turnover_limit,,False,0.5002435445785522,0.5002435445785522,,0.48,turnover_limit,,,,,0.5002435445785522,,,20.0,,2951.78,0.0,
ETH/USDT,xgb_primary,primary,1m,2025-12-19 09:22:00+00:00,,2025-12-19 09:22:00+00:00,buy,True,turnover_limit,turnover_limit,turnover_limit,,False,0.6076040863990784,0.6076040863990784,,0.48,turnover_limit,,,,,0.6076040863990784,,,20.0,,2950.46,0.0,
ETH/USDT,xgb_primary,primary,1m,2025-12-19 09:24:00+00:00,,2025-12-19 09:24:00+00:00,buy,True,turnover_limit,turnover_limit,turnover_limit,,False,0.565682053565979,0.565682053565979,,0.48,turnover_limit,,,,,0.565682053565979,,,20.0,,2951.8,0.0,
ETH/USDT,xgb_primary,primary,1m,2025-12-19 09:25:00+00:00,,2025-12-19 09:25:00+00:00,buy,True,turnover_limit,turnover_limit,turnover_limit,,False,0.5002435445785522,0.5002435445785522,,0.48,turnover_limit,,,,,0.5002435445785522,,,20.0,,2951.17,0.0,
ETH/USDT,xgb_primary,primary,1m,2025-12-19 09:28:00+00:00,,2025-12-19 09:28:00+00:00,buy,True,turnover_limit,turnover_limit,turnover_limit,,False,0.5002435445785522,0.5002435445785522,,0.48,turnover_limit,,,,,0.5002435445785522,,,20.0,,2955.25,0.0,
ETH/USDT,xgb_primary,primary,1m,2025-12-19 09:29:00+00:00,,2025-12-19 09:29:00+00:00,buy,True,turnover_limit,turnover_limit,turnover_limit,,False,0.5878524780273438,0.5878524780273438,,0.48,turnover_limit,,,,,0.5878524780273438,,,20.0,,2955.65,0.0,
BTC/USDT,xgb_primary,conservative,1m,2025-12-19 09:29:00+00:00,,2025-12-19 09:29:00+00:00,buy,True,turnover_limit,turnover_limit,turnover_limit,,False,0.565682053565979,0.565682053565979,,0.56,turnover_limit,,,,,0.565682053565979,,,15.0,,88009.3,0.0,
ETH/USDT,xgb_primary,primary,1m,2025-12-19 09:30:00+00:00,,2025-12-19 09:30:00+00:00,buy,True,turnover_limit,turnover_limit,turnover_limit,,False,0.6076040863990784,0.6076040863990784,,0.48,turnover_limit,,,,,0.6076040863990784,,,20.0,,2954.14,0.0,
BTC/USDT,xgb_primary,conservative,1m,2025-12-19 09:30:00+00:00,,2025-12-19 09:30:00+00:00,buy,True,turnover_limit,turnover_limit,turnover_limit,,False,0.565682053565979,0.565682053565979,,0.56,turnover_limit,,,,,0.565682053565979,,,15.0,,88088.5,0.0,
SOL/USDT,xgb_primary,conservative,1m,2025-12-19 09:32:00+00:00,,2025-12-19 09:32:00+00:00,buy,True,turnover_limit,turnover_limit,turnover_limit,,False,0.5002435445785522,0.5002435445785522,,0.48,turnover_limit,,,,,0.5002435445785522,,,10.0,,124.67,0.0,
ETH/USDT,xgb_primary,primary,1m,2025-12-19 09:32:00+00:00,,2025-12-19 09:32:00+00:00,buy,True,turnover_limit,turnover_limit,turnover_limit,,False,0.6076040863990784,0.6076040863990784,,0.48,turnover_limit,,,,,0.6076040863990784,,,20.0,,2957.96,0.0,
BTC/USDT,xgb_primary,conservative,1m,2025-12-19 09:32:00+00:00,,2025-12-19 09:32:00+00:00,buy,True,turnover_limit,turnover_limit,turnover_limit,,False,0.565682053565979,0.565682053565979,,0.56,turnover_limit,,,,,0.565682053565979,,,15.0,,88153.31,0.0,
ETH/USDT,xgb_primary,primary,1m,2025-12-19 09:33:00+00:00,,2025-12-19 09:33:00+00:00,buy,True,turnover_limit,turnover_limit,turnover_limit,,False,0.6076040863990784,0.6076040863990784,,0.48,turnover_limit,,,,,0.6076040863990784,,,20.0,,2950.52,0.0,
ETH/USDT,xgb_primary,primary,1m,2025-12-19 09:35:00+00:00,,2025-12-19 09:35:00+00:00,buy,True,turnover_limit,turnover_limit,turnover_limit,,False,0.5002435445785522,0.5002435445785522,,0.48,turnover_limit,,,,,0.5002435445785522,,,20.0,,2951.5,0.0,
BTC/USDT,xgb_primary,conservative,1m,2025-12-19 09:36:00+00:00,,2025-12-19 09:36:00+00:00,buy,True,turnover_limit,turnover_limit,turnover_limit,,False,0.565682053565979,0.565682053565979,,0.56,turnover_limit,,,,,0.565682053565979,,,15.0,,87960.13,0.0,
ETH/USDT,xgb_primary,primary,1m,2025-12-19 09:36:00+00:00,,2025-12-19 09:36:00+00:00,buy,True,turnover_limit,turnover_limit,turnover_limit,,False,0.5002435445785522,0.5002435445785522,,0.48,turnover_limit,,,,,0.5002435445785522,,,20.0,,2949.04,0.0,
ETH/USDT,xgb_primary,primary,1m,2025-12-19 09:41:00+00:00,,2025-12-19 09:41:00+00:00,buy,True,turnover_limit,turnover_limit,turnover_limit,,False,0.5002435445785522,0.5002435445785522,,0.48,turnover_limit,,,,,0.5002435445785522,,,20.0,,2950.61,0.0,
ETH/USDT,xgb_primary,primary,1m,2025-12-19 09:42:00+00:00,,2025-12-19 09:42:00+00:00,buy,True,turnover_limit,turnover_limit,turnover_limit,,False,0.5002435445785522,0.5002435445785522,,0.48,turnover_limit,,,,,0.5002435445785522,,,20.0,,2950.33,0.0,
SOL/USDT,xgb_primary,conservative,1m,2025-12-19 09:45:00+00:00,,2025-12-19 09:45:00+00:00,buy,True,turnover_limit,turnover_limit,turnover_limit,,False,0.5002435445785522,0.5002435445785522,,0.48,turnover_limit,,,,,0.5002435445785522,,,10.0,,124.61,0.0,
SOL/USDT,xgb_primary,conservative,1m,2025-12-19 09:49:00+00:00,,2025-12-19 09:49:00+00:00,buy,True,turnover_limit,turnover_limit,turnover_limit,,False,0.6076040863990784,0.6076040863990784,,0.48,turnover_limit,,,,,0.6076040863990784,,,10.0,,124.9,0.0,
SOL/USDT,xgb_primary,conservative,1m,2025-12-19 09:50:00+00:00,,2025-12-19 09:50:00+00:00,buy,True,turnover_limit,turnover_limit,turnover_limit,,False,0.6076040863990784,0.6076040863990784,,0.48,turnover_limit,,,,,0.6076040863990784,,,10.0,,124.91,0.0,
SOL/USDT,xgb_primary,conservative,1m,2025-12-19 09:51:00+00:00,,2025-12-19 09:51:00+00:00,buy,True,turnover_limit,turnover_limit,turnover_limit,,False,0.6076040863990784,0.6076040863990784,,0.48,turnover_limit,,,,,0.6076040863990784,,,10.0,,124.92,0.0,
SOL/USDT,xgb_primary,conservative,1m,2025-12-19 09:52:00+00:00,,2025-12-19 09:52:00+00:00,buy,True,turnover_limit,turnover_limit,turnover_limit,,False,0.6115108132362366,0.6115108132362366,,0.48,turnover_limit,,,,,0.6115108132362366,,,10.0,,124.81,0.0,
BTC/USDT,xgb_primary,conservative,1m,2025-12-19 09:52:00+00:00,,2025-12-19 09:52:00+00:00,buy,True,turnover_limit,turnover_limit,turnover_limit,,False,0.565682053565979,0.565682053565979,,0.56,turnover_limit,,,,,0.565682053565979,,,15.0,,88067.36,0.0,
ETH/USDT,xgb_primary,primary,1m,2025-12-19 09:53:00+00:00,,2025-12-19 09:53:00+00:00,buy,True,turnover_limit,turnover_limit,turnover_limit,,False,0.5878524780273438,0.5878524780273438,,0.48,turnover_limit,,,,,0.5878524780273438,,,20.0,,2953.66,0.0,
SOL/USDT,xgb_primary,conservative,1m,2025-12-19 09:53:00+00:00,,2025-12-19 09:53:00+00:00,buy,True,turnover_limit,turnover_limit,turnover_limit,,False,0.6076040863990784,0.6076040863990784,,0.48,turnover_limit,,,,,0.6076040863990784,,,10.0,,124.74,0.0,
BTC/USDT,xgb_primary,conservative,1m,2025-12-19 09:53:00+00:00,,2025-12-19 09:53:00+00:00,buy,True,turnover_limit,turnover_limit,turnover_limit,,False,0.565682053565979,0.565682053565979,,0.56,turnover_limit,,,,,0.565682053565979,,,15.0,,88063.43,0.0,
SOL/USDT,xgb_primary,conservative,1m,2025-12-19 09:54:00+00:00,,2025-12-19 09:54:00+00:00,buy,True,turnover_limit,turnover_limit,turnover_limit,,False,0.6076040863990784,0.6076040863990784,,0.48,turnover_limit,,,,,0.6076040863990784,,,10.0,,124.69,0.0,
BTC/USDT,xgb_primary,conservative,1m,2025-12-19 09:54:00+00:00,,2025-12-19 09:54:00+00:00,buy,True,turnover_limit,turnover_limit,turnover_limit,,False,0.565682053565979,0.565682053565979,,0.56,turnover_limit,,,,,0.565682053565979,,,15.0,,88068.61,0.0,
ETH/USDT,xgb_primary,primary,1m,2025-12-19 09:54:00+00:00,,2025-12-19 09:54:00+00:00,buy,True,turnover_limit,turnover_limit,turnover_limit,,False,0.5878524780273438,0.5878524780273438,,0.48,turnover_limit,,,,,0.5878524780273438,,,20.0,,2954.27,0.0,
ETH/USDT,xgb_primary,primary,1m,2025-12-19 09:55:00+00:00,,2025-12-19 09:55:00+00:00,buy,True,turnover_limit,turnover_limit,turnover_limit,,False,0.5878524780273438,0.5878524780273438,,0.48,turnover_limit,,,,,0.5878524780273438,,,20.0,,2953.8,0.0,
SOL/USDT,xgb_primary,conservative,1m,2025-12-19 09:55:00+00:00,,2025-12-19 09:55:00+00:00,buy,True,turnover_limit,turnover_limit,turnover_limit,,False,0.6076040863990784,0.6076040863990784,,0.48,turnover_limit,,,,,0.6076040863990784,,,10.0,,124.63,0.0,
ETH/USDT,xgb_primary,primary,1m,2025-12-19 09:56:00+00:00,,2025-12-19 09:56:00+00:00,buy,True,turnover_limit,turnover_limit,turnover_limit,,False,0.565682053565979,0.565682053565979,,0.48,turnover_limit,,,,,0.565682053565979,,,20.0,,2952.46,0.0,
SOL/USDT,xgb_primary,conservative,1m,2025-12-19 09:56:00+00:00,,2025-12-19 09:56:00+00:00,buy,True,turnover_limit,turnover_limit,turnover_limit,,False,0.6076040863990784,0.6076040863990784,,0.48,turnover_limit,,,,,0.6076040863990784,,,10.0,,124.64,0.0,
BTC/USDT,xgb_primary,conservative,1m,2025-12-19 09:56:00+00:00,,2025-12-19 09:56:00+00:00,buy,True,turnover_limit,turnover_limit,turnover_limit,,False,0.565682053565979,0.565682053565979,,0.56,turnover_limit,,,,,0.565682053565979,,,15.0,,88064.62,0.0,
ETH/USDT,xgb_primary,primary,1m,2025-12-19 09:57:00+00:00,,2025-12-19 09:57:00+00:00,buy,True,turnover_limit,turnover_limit,turnover_limit,,False,0.565682053565979,0.565682053565979,,0.48,turnover_limit,,,,,0.565682053565979,,,20.0,,2953.66,0.0,
SOL/USDT,xgb_primary,conservative,1m,2025-12-19 09:57:00+00:00,,2025-12-19 09:57:00+00:00,buy,True,turnover_limit,turnover_limit,turnover_limit,,False,0.5878524780273438,0.5878524780273438,,0.48,turnover_limit,,,,,0.5878524780273438,,,10.0,,124.7,0.0,
BTC/USDT,xgb_primary,conservative,1m,2025-12-19 09:57:00+00:00,,2025-12-19 09:57:00+00:00,buy,True,turnover_limit,turnover_limit,turnover_limit,,False,0.565682053565979,0.565682053565979,,0.56,turnover_limit,,,,,0.565682053565979,,,15.0,,88072.72,0.0,
ETH/USDT,xgb_primary,primary,1m,2025-12-19 09:58:00+00:00,,2025-12-19 09:58:00+00:00,buy,True,turnover_limit,turnover_limit,turnover_limit,,False,0.565682053565979,0.565682053565979,,0.48,turnover_limit,,,,,0.565682053565979,,,20.0,,2954.37,0.0,
SOL/USDT,xgb_primary,conservative,1m,2025-12-19 09:58:00+00:00,,2025-12-19 09:58:00+00:00,buy,True,turnover_limit,turnover_limit,turnover_limit,,False,0.565682053565979,0.565682053565979,,0.48,turnover_limit,,,,,0.565682053565979,,,10.0,,124.72,0.0,
BTC/USDT,xgb_primary,conservative,1m,2025-12-19 09:58:00+00:00,,2025-12-19 09:58:00+00:00,buy,True,turnover_limit,turnover_limit,turnover_limit,,False,0.565682053565979,0.565682053565979,,0.56,turnover_limit,,,,,0.565682053565979,,,15.0,,88105.04,0.0,
SOL/USDT,xgb_primary,conservative,1m,2025-12-19 09:59:00+00:00,,2025-12-19 09:59:00+00:00,buy,True,turnover_limit,turnover_limit,turnover_limit,,False,0.565682053565979,0.565682053565979,,0.48,turnover_limit,,,,,0.565682053565979,,,10.0,,124.71,0.0,
ETH/USDT,xgb_primary,primary,1m,2025-12-19 09:59:00+00:00,,2025-12-19 09:59:00+00:00,buy,True,turnover_limit,turnover_limit,turnover_limit,,False,0.565682053565979,0.565682053565979,,0.48,turnover_limit,,,,,0.565682053565979,,,20.0,,2955.46,0.0,
BTC/USDT,xgb_primary,conservative,1m,2025-12-19 09:59:00+00:00,,2025-12-19 09:59:00+00:00,buy,True,turnover_limit,turnover_limit,turnover_limit,,False,0.565682053565979,0.565682053565979,,0.56,turnover_limit,,,,,0.565682053565979,,,15.0,,88087.2,0.0,
ETH/USDT,xgb_primary,primary,1m,2025-12-19 10:00:00+00:00,,2025-12-19 10:00:00+00:00,buy,True,turnover_limit,turnover_limit,turnover_limit,,False,0.565682053565979,0.565682053565979,,0.48,turnover_limit,,,,,0.565682053565979,,,20.0,,2955.09,0.0,
ETH/USDT,xgb_primary,primary,1m,2025-12-19 10:01:00+00:00,,2025-12-19 10:01:00+00:00,buy,True,turnover_limit,turnover_limit,turnover_limit,,False,0.565682053565979,0.565682053565979,,0.48,turnover_limit,,,,,0.565682053565979,,,20.0,,2956.4,0.0,
BTC/USDT,xgb_primary,conservative,1m,2025-12-19 10:01:00+00:00,,2025-12-19 10:01:00+00:00,buy,True,turnover_limit,turnover_limit,turnover_limit,,False,0.565682053565979,0.565682053565979,,0.56,turnover_limit,,,,,0.565682053565979,,,15.0,,88146.16,0.0,
ETH/USDT,xgb_primary,primary,1m,2025-12-19 10:02:00+00:00,,2025-12-19 10:02:00+00:00,buy,True,turnover_limit,turnover_limit,turnover_limit,,False,0.6076040863990784,0.6076040863990784,,0.48,turnover_limit,,,,,0.6076040863990784,,,20.0,,2959.31,0.0,
SOL/USDT,xgb_primary,conservative,1m,2025-12-19 10:02:00+00:00,,2025-12-19 10:02:00+00:00,buy,True,turnover_limit,turnover_limit,turnover_limit,,False,0.565682053565979,0.565682053565979,,0.48,turnover_limit,,,,,0.565682053565979,,,10.0,,124.83,0.0,
SOL/USDT,xgb_primary,conservative,1m,2025-12-19 10:03:00+00:00,,2025-12-19 10:03:00+00:00,buy,True,turnover_limit,turnover_limit,turnover_limit,,False,0.565682053565979,0.565682053565979,,0.48,turnover_limit,,,,,0.565682053565979,,,10.0,,124.96,0.0,
ETH/USDT,xgb_primary,primary,1m,2025-12-19 10:04:00+00:00,,2025-12-19 10:04:00+00:00,buy,True,turnover_limit,turnover_limit,turnover_limit,,False,0.6076040863990784,0.6076040863990784,,0.48,turnover_limit,,,,,0.6076040863990784,,,20.0,,2962.71,0.0,
ETH/USDT,xgb_primary,primary,1m,2025-12-19 10:05:00+00:00,,2025-12-19 10:05:00+00:00,buy,True,turnover_limit,turnover_limit,turnover_limit,,False,0.6076040863990784,0.6076040863990784,,0.48,turnover_limit,,,,,0.6076040863990784,,,20.0,,2960.6,0.0,
SOL/USDT,xgb_primary,conservative,1m,2025-12-19 10:05:00+00:00,,2025-12-19 10:05:00+00:00,buy,True,turnover_limit,turnover_limit,turnover_limit,,False,0.565682053565979,0.565682053565979,,0.48,turnover_limit,,,,,0.565682053565979,,,10.0,,124.85,0.0,
BTC/USDT,xgb_primary,conservative,1m,2025-12-19 10:05:00+00:00,,2025-12-19 10:05:00+00:00,buy,True,turnover_limit,turnover_limit,turnover_limit,,False,0.5878524780273438,0.5878524780273438,,0.56,turnover_limit,,,,,0.5878524780273438,,,15.0,,88206.53,0.0,
ETH/USDT,xgb_primary,primary,1m,2025-12-19 10:06:00+00:00,,2025-12-19 10:06:00+00:00,buy,True,turnover_limit,turnover_limit,turnover_limit,,False,0.6076040863990784,0.6076040863990784,,0.48,turnover_limit,,,,,0.6076040863990784,,,20.0,,2959.93,0.0,
BTC/USDT,xgb_primary,conservative,1m,2025-12-19 10:06:00+00:00,,2025-12-19 10:06:00+00:00,buy,True,turnover_limit,turnover_limit,turnover_limit,,False,0.6076040863990784,0.6076040863990784,,0.56,turnover_limit,,,,,0.6076040863990784,,,15.0,,88106.8,0.0,
ETH/USDT,xgb_primary,primary,1m,2025-12-19 10:07:00+00:00,,2025-12-19 10:07:00+00:00,buy,True,turnover_limit,turnover_limit,turnover_limit,,False,0.6076040863990784,0.6076040863990784,,0.48,turnover_limit,,,,,0.6076040863990784,,,20.0,,2954.53,0.0,
BTC/USDT,xgb_primary,conservative,1m,2025-12-19 10:09:00+00:00,,2025-12-19 10:09:00+00:00,buy,True,turnover_limit,turnover_limit,turnover_limit,,False,0.565682053565979,0.565682053565979,,0.56,turnover_limit,,,,,0.565682053565979,,,15.0,,88101.04,0.0,
ETH/USDT,xgb_primary,primary,1m,2025-12-19 10:12:00+00:00,,2025-12-19 10:12:00+00:00,buy,True,turnover_limit,turnover_limit,turnover_limit,,False,0.565682053565979,0.565682053565979,,0.48,turnover_limit,,,,,0.565682053565979,,,20.0,,2955.4,0.0,
BTC/USDT,xgb_primary,conservative,1m,2025-12-19 10:12:00+00:00,,2025-12-19 10:12:00+00:00,buy,True,turnover_limit,turnover_limit,turnover_limit,,False,0.565682053565979,0.565682053565979,,0.56,turnover_limit,,,,,0.565682053565979,,,15.0,,88153.63,0.0,
SOL/USDT,xgb_primary,conservative,1m,2025-12-19 10:13:00+00:00,,2025-12-19 10:13:00+00:00,buy,True,turnover_limit,turnover_limit,turnover_limit,,False,0.565682053565979,0.565682053565979,,0.48,turnover_limit,,,,,0.565682053565979,,,10.0,,124.88,0.0,
ETH/USDT,xgb_primary,primary,1m,2025-12-19 10:13:00+00:00,,2025-12-19 10:13:00+00:00,buy,True,turnover_limit,turnover_limit,turnover_limit,,False,0.565682053565979,0.565682053565979,,0.48,turnover_limit,,,,,0.565682053565979,,,20.0,,2955.02,0.0,
BTC/USDT,xgb_primary,conservative,1m,2025-12-19 10:13:00+00:00,,2025-12-19 10:13:00+00:00,buy,True,turnover_limit,turnover_limit,turnover_limit,,False,0.565682053565979,0.565682053565979,,0.56,turnover_limit,,,,,0.565682053565979,,,15.0,,88185.37,0.0,
SOL/USDT,xgb_primary,conservative,1m,2025-12-19 10:14:00+00:00,,2025-12-19 10:14:00+00:00,buy,True,turnover_limit,turnover_limit,turnover_limit,,False,0.5878524780273438,0.5878524780273438,,0.48,turnover_limit,,,,,0.5878524780273438,,,10.0,,124.86,0.0,
BTC/USDT,xgb_primary,conservative,1m,2025-12-19 10:14:00+00:00,,2025-12-19 10:14:00+00:00,buy,True,turnover_limit,turnover_limit,turnover_limit,,False,0.565682053565979,0.565682053565979,,0.56,turnover_limit,,,,,0.565682053565979,,,15.0,,88181.49,0.0,
ETH/USDT,xgb_primary,primary,1m,2025-12-19 10:15:00+00:00,,2025-12-19 10:15:00+00:00,buy,True,turnover_limit,turnover_limit,turnover_limit,,False,0.565682053565979,0.565682053565979,,0.48,turnover_limit,,,,,0.565682053565979,,,20.0,,2956.93,0.0,
SOL/USDT,xgb_primary,conservative,1m,2025-12-19 10:15:00+00:00,,2025-12-19 10:15:00+00:00,buy,True,turnover_limit,turnover_limit,turnover_limit,,False,0.5878524780273438,0.5878524780273438,,0.48,turnover_limit,,,,,0.5878524780273438,,,10.0,,124.96,0.0,
BTC/USDT,xgb_primary,conservative,1m,2025-12-19 10:15:00+00:00,,2025-12-19 10:15:00+00:00,buy,True,turnover_limit,turnover_limit,turnover_limit,,False,0.565682053565979,0.565682053565979,,0.56,turnover_limit,,,,,0.565682053565979,,,15.0,,88219.71,0.0,
ETH/USDT,xgb_primary,primary,1m,2025-12-19 10:16:00+00:00,,2025-12-19 10:16:00+00:00,buy,True,turnover_limit,turnover_limit,turnover_limit,,False,0.5002435445785522,0.5002435445785522,,0.48,turnover_limit,,,,,0.5002435445785522,,,20.0,,2958.21,0.0,
BTC/USDT,xgb_primary,conservative,1m,2025-12-19 10:17:00+00:00,,2025-12-19 10:17:00+00:00,buy,True,turnover_limit,turnover_limit,turnover_limit,,False,0.565682053565979,0.565682053565979,,0.56,turnover_limit,,,,,0.565682053565979,,,15.0,,88152.0,0.0,
ETH/USDT,xgb_primary,primary,1m,2025-12-19 10:17:00+00:00,,2025-12-19 10:17:00+00:00,buy,True,turnover_limit,turnover_limit,turnover_limit,,False,0.5002435445785522,0.5002435445785522,,0.48,turnover_limit,,,,,0.5002435445785522,,,20.0,,2958.3,0.0,
SOL/USDT,xgb_primary,conservative,1m,2025-12-19 10:17:00+00:00,,2025-12-19 10:17:00+00:00,buy,True,turnover_limit,turnover_limit,turnover_limit,,False,0.565682053565979,0.565682053565979,,0.48,turnover_limit,,,,,0.565682053565979,,,10.0,,124.81,0.0,
ETH/USDT,xgb_primary,primary,1m,2025-12-19 10:18:00+00:00,,2025-12-19 10:18:00+00:00,buy,True,turnover_limit,turnover_limit,turnover_limit,,False,0.5002435445785522,0.5002435445785522,,0.48,turnover_limit,,,,,0.5002435445785522,,,20.0,,2954.84,0.0,
ETH/USDT,xgb_primary,primary,1m,2025-12-19 10:22:00+00:00,,2025-12-19 10:22:00+00:00,buy,True,turnover_limit,turnover_limit,turnover_limit,,False,0.5002435445785522,0.5002435445785522,,0.48,turnover_limit,,,,,0.5002435445785522,,,20.0,,2955.53,0.0,
SOL/USDT,xgb_primary,conservative,1m,2025-12-19 10:22:00+00:00,,2025-12-19 10:22:00+00:00,buy,True,turnover_limit,turnover_limit,turnover_limit,,False,0.565682053565979,0.565682053565979,,0.48,turnover_limit,,,,,0.565682053565979,,,10.0,,124.59,0.0,
ETH/USDT,xgb_primary,primary,1m,2025-12-19 10:23:00+00:00,,2025-12-19 10:23:00+00:00,buy,True,turnover_limit,turnover_limit,turnover_limit,,False,0.565682053565979,0.565682053565979,,0.48,turnover_limit,,,,,0.565682053565979,,,20.0,,2952.84,0.0,
ETH/USDT,xgb_primary,primary,1m,2025-12-19 10:24:00+00:00,,2025-12-19 10:24:00+00:00,buy,True,turnover_limit,turnover_limit,turnover_limit,,False,0.565682053565979,0.565682053565979,,0.48,turnover_limit,,,,,0.565682053565979,,,20.0,,2954.71,0.0,
ETH/USDT,xgb_primary,primary,1m,2025-12-19 10:25:00+00:00,,2025-12-19 10:25:00+00:00,buy,True,turnover_limit,turnover_limit,turnover_limit,,False,0.565682053565979,0.565682053565979,,0.48,turnover_limit,,,,,0.565682053565979,,,20.0,,2956.83,0.0,
SOL/USDT,xgb_primary,conservative,1m,2025-12-19 10:25:00+00:00,,2025-12-19 10:25:00+00:00,buy,True,turnover_limit,turnover_limit,turnover_limit,,False,0.5002435445785522,0.5002435445785522,,0.48,turnover_limit,,,,,0.5002435445785522,,,10.0,,124.66,0.0,
ETH/USDT,xgb_primary,primary,1m,2025-12-19 10:26:00+00:00,,2025-12-19 10:26:00+00:00,buy,True,turnover_limit,turnover_limit,turnover_limit,,False,0.565682053565979,0.565682053565979,,0.48,turnover_limit,,,,,0.565682053565979,,,20.0,,2954.75,0.0,
ETH/USDT,xgb_primary,primary,1m,2025-12-19 10:27:00+00:00,,2025-12-19 10:27:00+00:00,buy,True,turnover_limit,turnover_limit,turnover_limit,,False,0.5002435445785522,0.5002435445785522,,0.48,turnover_limit,,,,,0.5002435445785522,,,20.0,,2952.08,0.0,
BTC/USDT,xgb_primary,conservative,1m,2025-12-19 10:38:00+00:00,,2025-12-19 10:38:00+00:00,buy,True,turnover_limit,turnover_limit,turnover_limit,,False,0.565682053565979,0.565682053565979,,0.56,turnover_limit,,,,,0.565682053565979,,,15.0,,87997.33,0.0,
SOL/USDT,xgb_primary,conservative,1m,2025-12-19 10:38:00+00:00,,2025-12-19 10:38:00+00:00,buy,True,turnover_limit,turnover_limit,turnover_limit,,False,0.565682053565979,0.565682053565979,,0.48,turnover_limit,,,,,0.565682053565979,,,10.0,,124.59,0.0,
SOL/USDT,xgb_primary,conservative,1m,2025-12-19 10:42:00+00:00,,2025-12-19 10:42:00+00:00,buy,True,turnover_limit,turnover_limit,turnover_limit,,False,0.5002435445785522,0.5002435445785522,,0.48,turnover_limit,,,,,0.5002435445785522,,,10.0,,124.64,0.0,
ETH/USDT,xgb_primary,primary,1m,2025-12-19 10:43:00+00:00,,2025-12-19 10:43:00+00:00,buy,True,turnover_limit,turnover_limit,turnover_limit,,False,0.5002435445785522,0.5002435445785522,,0.48,turnover_limit,,,,,0.5002435445785522,,,20.0,,2951.09,0.0,
SOL/USDT,xgb_primary,conservative,1m,2025-12-19 10:44:00+00:00,,2025-12-19 10:44:00+00:00,buy,True,turnover_limit,turnover_limit,turnover_limit,,False,0.565682053565979,0.565682053565979,,0.48,turnover_limit,,,,,0.565682053565979,,,10.0,,124.76,0.0,
BTC/USDT,xgb_primary,conservative,1m,2025-12-19 10:44:00+00:00,,2025-12-19 10:44:00+00:00,buy,True,turnover_limit,turnover_limit,turnover_limit,,False,0.565682053565979,0.565682053565979,,0.56,turnover_limit,,,,,0.565682053565979,,,15.0,,88110.89,0.0,
ETH/USDT,xgb_primary,primary,1m,2025-12-19 10:45:00+00:00,,2025-12-19 10:45:00+00:00,buy,True,turnover_limit,turnover_limit,turnover_limit,,False,0.5002435445785522,0.5002435445785522,,0.48,turnover_limit,,,,,0.5002435445785522,,,20.0,,2952.99,0.0,
SOL/USDT,xgb_primary,conservative,1m,2025-12-19 10:45:00+00:00,,2025-12-19 10:45:00+00:00,buy,True,turnover_limit,turnover_limit,turnover_limit,,False,0.565682053565979,0.565682053565979,,0.48,turnover_limit,,,,,0.565682053565979,,,10.0,,124.8,0.0,
BTC/USDT,xgb_primary,conservative,1m,2025-12-19 10:45:00+00:00,,2025-12-19 10:45:00+00:00,buy,True,turnover_limit,turnover_limit,turnover_limit,,False,0.565682053565979,0.565682053565979,,0.56,turnover_limit,,,,,0.565682053565979,,,15.0,,88114.01,0.0,
SOL/USDT,xgb_primary,conservative,1m,2025-12-19 10:46:00+00:00,,2025-12-19 10:46:00+00:00,buy,True,turnover_limit,turnover_limit,turnover_limit,,False,0.565682053565979,0.565682053565979,,0.48,turnover_limit,,,,,0.565682053565979,,,10.0,,124.81,0.0,
ETH/USDT,xgb_primary,primary,1m,2025-12-19 10:46:00+00:00,,2025-12-19 10:46:00+00:00,buy,True,turnover_limit,turnover_limit,turnover_limit,,False,0.565682053565979,0.565682053565979,,0.48,turnover_limit,,,,,0.565682053565979,,,20.0,,2953.18,0.0,
BTC/USDT,xgb_primary,conservative,1m,2025-12-19 10:46:00+00:00,,2025-12-19 10:46:00+00:00,buy,True,turnover_limit,turnover_limit,turnover_limit,,False,0.6076040863990784,0.6076040863990784,,0.56,turnover_limit,,,,,0.6076040863990784,,,15.0,,88169.47,0.0,
SOL/USDT,xgb_primary,conservative,1m,2025-12-19 10:47:00+00:00,,2025-12-19 10:47:00+00:00,buy,True,turnover_limit,turnover_limit,turnover_limit,,False,0.565682053565979,0.565682053565979,,0.48,turnover_limit,,,,,0.565682053565979,,,10.0,,124.75,0.0,
ETH/USDT,xgb_primary,primary,1m,2025-12-19 10:47:00+00:00,,2025-12-19 10:47:00+00:00,buy,True,turnover_limit,turnover_limit,turnover_limit,,False,0.565682053565979,0.565682053565979,,0.48,turnover_limit,,,,,0.565682053565979,,,20.0,,2954.16,0.0,
SOL/USDT,xgb_primary,conservative,1m,2025-12-19 10:48:00+00:00,,2025-12-19 10:48:00+00:00,buy,True,turnover_limit,turnover_limit,turnover_limit,,False,0.565682053565979,0.565682053565979,,0.48,turnover_limit,,,,,0.565682053565979,,,10.0,,124.74,0.0,
ETH/USDT,xgb_primary,primary,1m,2025-12-19 10:49:00+00:00,,2025-12-19 10:49:00+00:00,buy,True,turnover_limit,turnover_limit,turnover_limit,,False,0.565682053565979,0.565682053565979,,0.48,turnover_limit,,,,,0.565682053565979,,,20.0,,2953.2,0.0,
BTC/USDT,xgb_primary,conservative,1m,2025-12-19 10:49:00+00:00,,2025-12-19 10:49:00+00:00,buy,True,turnover_limit,turnover_limit,turnover_limit,,False,0.6076040863990784,0.6076040863990784,,0.56,turnover_limit,,,,,0.6076040863990784,,,15.0,,88168.6,0.0,
ETH/USDT,xgb_primary,primary,1m,2025-12-19 10:50:00+00:00,,2025-12-19 10:50:00+00:00,buy,True,turnover_limit,turnover_limit,turnover_limit,,False,0.565682053565979,0.565682053565979,,0.48,turnover_limit,,,,,0.565682053565979,,,20.0,,2953.01,0.0,
SOL/USDT,xgb_primary,conservative,1m,2025-12-19 10:50:00+00:00,,2025-12-19 10:50:00+00:00,buy,True,turnover_limit,turnover_limit,turnover_limit,,False,0.565682053565979,0.565682053565979,,0.48,turnover_limit,,,,,0.565682053565979,,,10.0,,124.81,0.0,
BTC/USDT,xgb_primary,conservative,1m,2025-12-19 10:50:00+00:00,,2025-12-19 10:50:00+00:00,buy,True,turnover_limit,turnover_limit,turnover_limit,,False,0.6076040863990784,0.6076040863990784,,0.56,turnover_limit,,,,,0.6076040863990784,,,15.0,,88207.73,0.0,
ETH/USDT,xgb_primary,primary,1m,2025-12-19 10:51:00+00:00,,2025-12-19 10:51:00+00:00,buy,True,turnover_limit,turnover_limit,turnover_limit,,False,0.565682053565979,0.565682053565979,,0.48,turnover_limit,,,,,0.565682053565979,,,20.0,,2955.52,0.0,
SOL/USDT,xgb_primary,conservative,1m,2025-12-19 10:51:00+00:00,,2025-12-19 10:51:00+00:00,buy,True,turnover_limit,turnover_limit,turnover_limit,,False,0.565682053565979,0.565682053565979,,0.48,turnover_limit,,,,,0.565682053565979,,,10.0,,124.73,0.0,
BTC/USDT,xgb_primary,conservative,1m,2025-12-19 10:51:00+00:00,,2025-12-19 10:51:00+00:00,buy,True,turnover_limit,turnover_limit,turnover_limit,,False,0.6076040863990784,0.6076040863990784,,0.56,turnover_limit,,,,,0.6076040863990784,,,15.0,,88211.51,0.0,
ETH/USDT,xgb_primary,primary,1m,2025-12-19 10:52:00+00:00,,2025-12-19 10:52:00+00:00,buy,True,turnover_limit,turnover_limit,turnover_limit,,False,0.6076040863990784,0.6076040863990784,,0.48,turnover_limit,,,,,0.6076040863990784,,,20.0,,2954.22,0.0,
SOL/USDT,xgb_primary,conservative,1m,2025-12-19 10:52:00+00:00,,2025-12-19 10:52:00+00:00,buy,True,turnover_limit,turnover_limit,turnover_limit,,False,0.5878524780273438,0.5878524780273438,,0.48,turnover_limit,,,,,0.5878524780273438,,,10.0,,124.73,0.0,
BTC/USDT,xgb_primary,conservative,1m,2025-12-19 10:52:00+00:00,,2025-12-19 10:52:00+00:00,buy,True,turnover_limit,turnover_limit,turnover_limit,,False,0.6076040863990784,0.6076040863990784,,0.56,turnover_limit,,,,,0.6076040863990784,,,15.0,,88303.49,0.0,
SOL/USDT,xgb_primary,conservative,1m,2025-12-19 10:53:00+00:00,,2025-12-19 10:53:00+00:00,buy,True,turnover_limit,turnover_limit,turnover_limit,,False,0.565682053565979,0.565682053565979,,0.48,turnover_limit,,,,,0.565682053565979,,,10.0,,124.77,0.0,
ETH/USDT,xgb_primary,primary,1m,2025-12-19 10:53:00+00:00,,2025-12-19 10:53:00+00:00,buy,True,turnover_limit,turnover_limit,turnover_limit,,False,0.565682053565979,0.565682053565979,,0.48,turnover_limit,,,,,0.565682053565979,,,20.0,,2955.66,0.0,
ETH/USDT,xgb_primary,primary,1m,2025-12-19 10:54:00+00:00,,2025-12-19 10:54:00+00:00,buy,True,turnover_limit,turnover_limit,turnover_limit,,False,0.6076040863990784,0.6076040863990784,,0.48,turnover_limit,,,,,0.6076040863990784,,,20.0,,2955.54,0.0,
BTC/USDT,xgb_primary,conservative,1m,2025-12-19 10:54:00+00:00,,2025-12-19 10:54:00+00:00,buy,True,turnover_limit,turnover_limit,turnover_limit,,False,0.6076040863990784,0.6076040863990784,,0.56,turnover_limit,,,,,0.6076040863990784,,,15.0,,88280.0,0.0,
SOL/USDT,xgb_primary,conservative,1m,2025-12-19 10:55:00+00:00,,2025-12-19 10:55:00+00:00,buy,True,turnover_limit,turnover_limit,turnover_limit,,False,0.565682053565979,0.565682053565979,,0.48,turnover_limit,,,,,0.565682053565979,,,10.0,,124.83,0.0,
ETH/USDT,xgb_primary,primary,1m,2025-12-19 10:55:00+00:00,,2025-12-19 10:55:00+00:00,buy,True,turnover_limit,turnover_limit,turnover_limit,,False,0.6076040863990784,0.6076040863990784,,0.48,turnover_limit,,,,,0.6076040863990784,,,20.0,,2955.21,0.0,
ETH/USDT,xgb_primary,primary,1m,2025-12-19 10:56:00+00:00,,2025-12-19 10:56:00+00:00,buy,True,turnover_limit,turnover_limit,turnover_limit,,False,0.565682053565979,0.565682053565979,,0.48,turnover_limit,,,,,0.565682053565979,,,20.0,,2954.8,0.0,
BTC/USDT,xgb_primary,conservative,1m,2025-12-19 10:56:00+00:00,,2025-12-19 10:56:00+00:00,buy,True,turnover_limit,turnover_limit,turnover_limit,,False,0.6076040863990784,0.6076040863990784,,0.56,turnover_limit,,,,,0.6076040863990784,,,15.0,,88251.24,0.0,
ETH/USDT,xgb_primary,primary,1m,2025-12-19 10:57:00+00:00,,2025-12-19 10:57:00+00:00,buy,True,turnover_limit,turnover_limit,turnover_limit,,False,0.565682053565979,0.565682053565979,,0.48,turnover_limit,,,,,0.565682053565979,,,20.0,,2955.5,0.0,
BTC/USDT,xgb_primary,conservative,1m,2025-12-19 10:57:00+00:00,,2025-12-19 10:57:00+00:00,buy,True,turnover_limit,turnover_limit,turnover_limit,,False,0.6076040863990784,0.6076040863990784,,0.56,turnover_limit,,,,,0.6076040863990784,,,15.0,,88300.01,0.0,
ETH/USDT,xgb_primary,primary,1m,2025-12-19 10:58:00+00:00,,2025-12-19 10:58:00+00:00,buy,True,turnover_limit,turnover_limit,turnover_limit,,False,0.5878524780273438,0.5878524780273438,,0.48,turnover_limit,,,,,0.5878524780273438,,,20.0,,2954.51,0.0,
SOL/USDT,xgb_primary,conservative,1m,2025-12-19 10:58:00+00:00,,2025-12-19 10:58:00+00:00,buy,True,turnover_limit,turnover_limit,turnover_limit,,False,0.565682053565979,0.565682053565979,,0.48,turnover_limit,,,,,0.565682053565979,,,10.0,,124.69,0.0,
BTC/USDT,xgb_primary,conservative,1m,2025-12-19 10:58:00+00:00,,2025-12-19 10:58:00+00:00,buy,True,turnover_limit,turnover_limit,turnover_limit,,False,0.6076040863990784,0.6076040863990784,,0.56,turnover_limit,,,,,0.6076040863990784,,,15.0,,88259.94,0.0,
BTC/USDT,xgb_primary,conservative,1m,2025-12-19 10:59:00+00:00,,2025-12-19 10:59:00+00:00,buy,True,turnover_limit,turnover_limit,turnover_limit,,False,0.6076040863990784,0.6076040863990784,,0.56,turnover_limit,,,,,0.6076040863990784,,,15.0,,88213.51,0.0,
ETH/USDT,xgb_primary,primary,1m,2025-12-19 10:59:00+00:00,,2025-12-19 10:59:00+00:00,buy,True,turnover_limit,turnover_limit,turnover_limit,,False,0.565682053565979,0.565682053565979,,0.48,turnover_limit,,,,,0.565682053565979,,,20.0,,2954.04,0.0,
SOL/USDT,xgb_primary,conservative,1m,2025-12-19 10:59:00+00:00,,2025-12-19 10:59:00+00:00,buy,True,turnover_limit,turnover_limit,turnover_limit,,False,0.5002435445785522,0.5002435445785522,,0.48,turnover_limit,,,,,0.5002435445785522,,,10.0,,124.71,0.0,
ETH/USDT,xgb_primary,primary,1m,2025-12-19 11:00:00+00:00,,2025-12-19 11:00:00+00:00,buy,True,turnover_limit,turnover_limit,turnover_limit,,False,0.565682053565979,0.565682053565979,,0.48,turnover_limit,,,,,0.565682053565979,,,20.0,,2951.24,0.0,
BTC/USDT,xgb_primary,conservative,1m,2025-12-19 11:00:00+00:00,,2025-12-19 11:00:00+00:00,buy,True,turnover_limit,turnover_limit,turnover_limit,,False,0.565682053565979,0.565682053565979,,0.56,turnover_limit,,,,,0.565682053565979,,,15.0,,88206.08,0.0,
BTC/USDT,xgb_primary,conservative,1m,2025-12-19 11:01:00+00:00,,2025-12-19 11:01:00+00:00,buy,True,turnover_limit,turnover_limit,turnover_limit,,False,0.565682053565979,0.565682053565979,,0.56,turnover_limit,,,,,0.565682053565979,,,15.0,,88301.67,0.0,
ETH/USDT,xgb_primary,primary,1m,2025-12-19 11:03:00+00:00,,2025-12-19 11:03:00+00:00,buy,True,turnover_limit,turnover_limit,turnover_limit,,False,0.5002435445785522,0.5002435445785522,,0.48,turnover_limit,,,,,0.5002435445785522,,,20.0,,2951.33,0.0,
SOL/USDT,xgb_primary,conservative,1m,2025-12-19 11:05:00+00:00,,2025-12-19 11:05:00+00:00,buy,True,turnover_limit,turnover_limit,turnover_limit,,False,0.565682053565979,0.565682053565979,,0.48,turnover_limit,,,,,0.565682053565979,,,10.0,,124.8,0.0,
ETH/USDT,xgb_primary,primary,1m,2025-12-19 11:05:00+00:00,,2025-12-19 11:05:00+00:00,buy,True,turnover_limit,turnover_limit,turnover_limit,,False,0.565682053565979,0.565682053565979,,0.48,turnover_limit,,,,,0.565682053565979,,,20.0,,2951.28,0.0,
SOL/USDT,xgb_primary,conservative,1m,2025-12-19 11:06:00+00:00,,2025-12-19 11:06:00+00:00,buy,True,turnover_limit,turnover_limit,turnover_limit,,False,0.565682053565979,0.565682053565979,,0.48,turnover_limit,,,,,0.565682053565979,,,10.0,,124.89,0.0,
ETH/USDT,xgb_primary,primary,1m,2025-12-19 11:07:00+00:00,,2025-12-19 11:07:00+00:00,buy,True,turnover_limit,turnover_limit,turnover_limit,,False,0.5002435445785522,0.5002435445785522,,0.48,turnover_limit,,,,,0.5002435445785522,,,20.0,,2952.87,0.0,
SOL/USDT,xgb_primary,conservative,1m,2025-12-19 11:07:00+00:00,,2025-12-19 11:07:00+00:00,buy,True,turnover_limit,turnover_limit,turnover_limit,,False,0.565682053565979,0.565682053565979,,0.48,turnover_limit,,,,,0.565682053565979,,,10.0,,124.91,0.0,
SOL/USDT,xgb_primary,conservative,1m,2025-12-19 11:08:00+00:00,,2025-12-19 11:08:00+00:00,buy,True,turnover_limit,turnover_limit,turnover_limit,,False,0.6076040863990784,0.6076040863990784,,0.48,turnover_limit,,,,,0.6076040863990784,,,10.0,,124.79,0.0,
ETH/USDT,xgb_primary,primary,1m,2025-12-19 11:11:00+00:00,,2025-12-19 11:11:00+00:00,buy,True,turnover_limit,turnover_limit,turnover_limit,,False,0.5002435445785522,0.5002435445785522,,0.48,turnover_limit,,,,,0.5002435445785522,,,20.0,,2956.76,0.0,
ETH/USDT,xgb_primary,primary,1m,2025-12-19 11:12:00+00:00,,2025-12-19 11:12:00+00:00,buy,True,turnover_limit,turnover_limit,turnover_limit,,False,0.565682053565979,0.565682053565979,,0.48,turnover_limit,,,,,0.565682053565979,,,20.0,,2956.91,0.0,
SOL/USDT,xgb_primary,conservative,1m,2025-12-19 11:12:00+00:00,,2025-12-19 11:12:00+00:00,buy,True,turnover_limit,turnover_limit,turnover_limit,,False,0.6076040863990784,0.6076040863990784,,0.48,turnover_limit,,,,,0.6076040863990784,,,10.0,,125.29,0.0,
ETH/USDT,xgb_primary,primary,1m,2025-12-19 11:13:00+00:00,,2025-12-19 11:13:00+00:00,buy,True,turnover_limit,turnover_limit,turnover_limit,,False,0.565682053565979,0.565682053565979,,0.48,turnover_limit,,,,,0.565682053565979,,,20.0,,2960.83,0.0,
ETH/USDT,xgb_primary,primary,1m,2025-12-19 11:14:00+00:00,,2025-12-19 11:14:00+00:00,buy,True,turnover_limit,turnover_limit,turnover_limit,,False,0.6076040863990784,0.6076040863990784,,0.48,turnover_limit,,,,,0.6076040863990784,,,20.0,,2960.01,0.0,
BTC/USDT,xgb_primary,conservative,1m,2025-12-19 11:14:00+00:00,,2025-12-19 11:14:00+00:00,buy,True,turnover_limit,turnover_limit,turnover_limit,,False,0.565682053565979,0.565682053565979,,0.56,turnover_limit,,,,,0.565682053565979,,,15.0,,88350.0,0.0,
SOL/USDT,xgb_primary,conservative,1m,2025-12-19 11:15:00+00:00,,2025-12-19 11:15:00+00:00,buy,True,turnover_limit,turnover_limit,turnover_limit,,False,0.6076040863990784,0.6076040863990784,,0.48,turnover_limit,,,,,0.6076040863990784,,,10.0,,125.17,0.0,
ETH/USDT,xgb_primary,primary,1m,2025-12-19 11:15:00+00:00,,2025-12-19 11:15:00+00:00,buy,True,turnover_limit,turnover_limit,turnover_limit,,False,0.6076040863990784,0.6076040863990784,,0.48,turnover_limit,,,,,0.6076040863990784,,,20.0,,2959.18,0.0,
BTC/USDT,xgb_primary,conservative,1m,2025-12-19 11:15:00+00:00,,2025-12-19 11:15:00+00:00,buy,True,turnover_limit,turnover_limit,turnover_limit,,False,0.5878524780273438,0.5878524780273438,,0.56,turnover_limit,,,,,0.5878524780273438,,,15.0,,88290.66,0.0,
ETH/USDT,xgb_primary,primary,1m,2025-12-19 11:16:00+00:00,,2025-12-19 11:16:00+00:00,buy,True,turnover_limit,turnover_limit,turnover_limit,,False,0.6076040863990784,0.6076040863990784,,0.48,turnover_limit,,,,,0.6076040863990784,,,20.0,,2957.27,0.0,
ETH/USDT,xgb_primary,primary,1m,2025-12-19 11:17:00+00:00,,2025-12-19 11:17:00+00:00,buy,True,turnover_limit,turnover_limit,turnover_limit,,False,0.565682053565979,0.565682053565979,,0.48,turnover_limit,,,,,0.565682053565979,,,20.0,,2957.05,0.0,
SOL/USDT,xgb_primary,conservative,1m,2025-12-19 11:17:00+00:00,,2025-12-19 11:17:00+00:00,buy,True,turnover_limit,turnover_limit,turnover_limit,,False,0.565682053565979,0.565682053565979,,0.48,turnover_limit,,,,,0.565682053565979,,,10.0,,125.15,0.0,
SOL/USDT,xgb_primary,conservative,1m,2025-12-19 11:18:00+00:00,,2025-12-19 11:18:00+00:00,buy,True,turnover_limit,turnover_limit,turnover_limit,,False,0.6076040863990784,0.6076040863990784,,0.48,turnover_limit,,,,,0.6076040863990784,,,10.0,,125.12,0.0,
ETH/USDT,xgb_primary,primary,1m,2025-12-19 11:18:00+00:00,,2025-12-19 11:18:00+00:00,buy,True,turnover_limit,turnover_limit,turnover_limit,,False,0.6076040863990784,0.6076040863990784,,0.48,turnover_limit,,,,,0.6076040863990784,,,20.0,,2957.6,0.0,
ETH/USDT,xgb_primary,primary,1m,2025-12-19 11:19:00+00:00,,2025-12-19 11:19:00+00:00,buy,True,turnover_limit,turnover_limit,turnover_limit,,False,0.565682053565979,0.565682053565979,,0.48,turnover_limit,,,,,0.565682053565979,,,20.0,,2957.2,0.0,
SOL/USDT,xgb_primary,conservative,1m,2025-12-19 11:20:00+00:00,,2025-12-19 11:20:00+00:00,buy,True,turnover_limit,turnover_limit,turnover_limit,,False,0.6076040863990784,0.6076040863990784,,0.48,turnover_limit,,,,,0.6076040863990784,,,10.0,,125.23,0.0,
ETH/USDT,xgb_primary,primary,1m,2025-12-19 11:20:00+00:00,,2025-12-19 11:20:00+00:00,buy,True,turnover_limit,turnover_limit,turnover_limit,,False,0.6076040863990784,0.6076040863990784,,0.48,turnover_limit,,,,,0.6076040863990784,,,20.0,,2960.31,0.0,
BTC/USDT,xgb_primary,conservative,1m,2025-12-19 11:20:00+00:00,,2025-12-19 11:20:00+00:00,buy,True,turnover_limit,turnover_limit,turnover_limit,,False,0.565682053565979,0.565682053565979,,0.56,turnover_limit,,,,,0.565682053565979,,,15.0,,88304.01,0.0,
ETH/USDT,xgb_primary,primary,1m,2025-12-19 11:21:00+00:00,,2025-12-19 11:21:00+00:00,buy,True,turnover_limit,turnover_limit,turnover_limit,,False,0.6076040863990784,0.6076040863990784,,0.48,turnover_limit,,,,,0.6076040863990784,,,20.0,,2961.72,0.0,
BTC/USDT,xgb_primary,conservative,1m,2025-12-19 11:21:00+00:00,,2025-12-19 11:21:00+00:00,buy,True,turnover_limit,turnover_limit,turnover_limit,,False,0.565682053565979,0.565682053565979,,0.56,turnover_limit,,,,,0.565682053565979,,,15.0,,88231.49,0.0,
ETH/USDT,xgb_primary,primary,1m,2025-12-19 11:22:00+00:00,,2025-12-19 11:22:00+00:00,buy,True,turnover_limit,turnover_limit,turnover_limit,,False,0.6076040863990784,0.6076040863990784,,0.48,turnover_limit,,,,,0.6076040863990784,,,20.0,,2957.72,0.0,
SOL/USDT,xgb_primary,conservative,1m,2025-12-19 11:22:00+00:00,,2025-12-19 11:22:00+00:00,buy,True,turnover_limit,turnover_limit,turnover_limit,,False,0.6076040863990784,0.6076040863990784,,0.48,turnover_limit,,,,,0.6076040863990784,,,10.0,,125.07,0.0,
BTC/USDT,xgb_primary,conservative,1m,2025-12-19 11:22:00+00:00,,2025-12-19 11:22:00+00:00,buy,True,turnover_limit,turnover_limit,turnover_limit,,False,0.565682053565979,0.565682053565979,,0.56,turnover_limit,,,,,0.565682053565979,,,15.0,,88181.75,0.0,
ETH/USDT,xgb_primary,primary,1m,2025-12-19 11:23:00+00:00,,2025-12-19 11:23:00+00:00,buy,True,turnover_limit,turnover_limit,turnover_limit,,False,0.565682053565979,0.565682053565979,,0.48,turnover_limit,,,,,0.565682053565979,,,20.0,,2957.51,0.0,
SOL/USDT,xgb_primary,conservative,1m,2025-12-19 11:23:00+00:00,,2025-12-19 11:23:00+00:00,buy,True,turnover_limit,turnover_limit,turnover_limit,,False,0.565682053565979,0.565682053565979,,0.48,turnover_limit,,,,,0.565682053565979,,,10.0,,125.09,0.0,
SOL/USDT,xgb_primary,conservative,1m,2025-12-19 11:24:00+00:00,,2025-12-19 11:24:00+00:00,buy,True,turnover_limit,turnover_limit,turnover_limit,,False,0.6076040863990784,0.6076040863990784,,0.48,turnover_limit,,,,,0.6076040863990784,,,10.0,,125.27,0.0,
ETH/USDT,xgb_primary,primary,1m,2025-12-19 11:25:00+00:00,,2025-12-19 11:25:00+00:00,buy,True,turnover_limit,turnover_limit,turnover_limit,,False,0.565682053565979,0.565682053565979,,0.48,turnover_limit,,,,,0.565682053565979,,,20.0,,2960.64,0.0,
ETH/USDT,xgb_primary,primary,1m,2025-12-19 11:26:00+00:00,,2025-12-19 11:26:00+00:00,buy,True,turnover_limit,turnover_limit,turnover_limit,,False,0.565682053565979,0.565682053565979,,0.48,turnover_limit,,,,,0.565682053565979,,,20.0,,2961.43,0.0,
SOL/USDT,xgb_primary,conservative,1m,2025-12-19 11:26:00+00:00,,2025-12-19 11:26:00+00:00,buy,True,turnover_limit,turnover_limit,turnover_limit,,False,0.565682053565979,0.565682053565979,,0.48,turnover_limit,,,,,0.565682053565979,,,10.0,,125.25,0.0,
SOL/USDT,xgb_primary,conservative,1m,2025-12-19 11:27:00+00:00,,2025-12-19 11:27:00+00:00,buy,True,turnover_limit,turnover_limit,turnover_limit,,False,0.565682053565979,0.565682053565979,,0.48,turnover_limit,,,,,0.565682053565979,,,10.0,,125.32,0.0,
ETH/USDT,xgb_primary,primary,1m,2025-12-19 11:28:00+00:00,,2025-12-19 11:28:00+00:00,buy,True,turnover_limit,turnover_limit,turnover_limit,,False,0.5002435445785522,0.5002435445785522,,0.48,turnover_limit,,,,,0.5002435445785522,,,20.0,,2963.27,0.0,
ETH/USDT,xgb_primary,primary,1m,2025-12-19 11:29:00+00:00,,2025-12-19 11:29:00+00:00,buy,True,turnover_limit,turnover_limit,turnover_limit,,False,0.565682053565979,0.565682053565979,,0.48,turnover_limit,,,,,0.565682053565979,,,20.0,,2963.28,0.0,
SOL/USDT,xgb_primary,conservative,1m,2025-12-19 11:29:00+00:00,,2025-12-19 11:29:00+00:00,buy,True,turnover_limit,turnover_limit,turnover_limit,,False,0.6076040863990784,0.6076040863990784,,0.48,turnover_limit,,,,,0.6076040863990784,,,10.0,,125.4,0.0,
SOL/USDT,xgb_primary,conservative,1m,2025-12-19 11:30:00+00:00,,2025-12-19 11:30:00+00:00,buy,True,turnover_limit,turnover_limit,turnover_limit,,False,0.6076040863990784,0.6076040863990784,,0.48,turnover_limit,,,,,0.6076040863990784,,,10.0,,125.65,0.0,
ETH/USDT,xgb_primary,primary,1m,2025-12-19 11:30:00+00:00,,2025-12-19 11:30:00+00:00,buy,True,turnover_limit,turnover_limit,turnover_limit,,False,0.6076040863990784,0.6076040863990784,,0.48,turnover_limit,,,,,0.6076040863990784,,,20.0,,2962.92,0.0,
ETH/USDT,xgb_primary,primary,1m,2025-12-19 11:31:00+00:00,,2025-12-19 11:31:00+00:00,buy,True,turnover_limit,turnover_limit,turnover_limit,,False,0.6076040863990784,0.6076040863990784,,0.48,turnover_limit,,,,,0.6076040863990784,,,20.0,,2967.76,0.0,
BTC/USDT,xgb_primary,conservative,1m,2025-12-19 11:32:00+00:00,,2025-12-19 11:32:00+00:00,buy,True,turnover_limit,turnover_limit,turnover_limit,,False,0.6076040863990784,0.6076040863990784,,0.56,turnover_limit,,,,,0.6076040863990784,,,15.0,,88289.99,0.0,
ETH/USDT,xgb_primary,primary,1m,2025-12-19 11:32:00+00:00,,2025-12-19 11:32:00+00:00,buy,True,turnover_limit,turnover_limit,turnover_limit,,False,0.6076040863990784,0.6076040863990784,,0.48,turnover_limit,,,,,0.6076040863990784,,,20.0,,2966.69,0.0,
ETH/USDT,xgb_primary,primary,1m,2025-12-19 11:33:00+00:00,,2025-12-19 11:33:00+00:00,buy,True,turnover_limit,turnover_limit,turnover_limit,,False,0.6076040863990784,0.6076040863990784,,0.48,turnover_limit,,,,,0.6076040863990784,,,20.0,,2965.31,0.0,
ETH/USDT,xgb_primary,primary,1m,2025-12-19 11:34:00+00:00,,2025-12-19 11:34:00+00:00,buy,True,turnover_limit,turnover_limit,turnover_limit,,False,0.6076040863990784,0.6076040863990784,,0.48,turnover_limit,,,,,0.6076040863990784,,,20.0,,2970.21,0.0,
BTC/USDT,xgb_primary,conservative,1m,2025-12-19 11:34:00+00:00,,2025-12-19 11:34:00+00:00,buy,True,turnover_limit,turnover_limit,turnover_limit,,False,0.565682053565979,0.565682053565979,,0.56,turnover_limit,,,,,0.565682053565979,,,15.0,,88280.21,0.0,
ETH/USDT,xgb_primary,primary,1m,2025-12-19 11:35:00+00:00,,2025-12-19 11:35:00+00:00,buy,True,turnover_limit,turnover_limit,turnover_limit,,False,0.6076040863990784,0.6076040863990784,,0.48,turnover_limit,,,,,0.6076040863990784,,,20.0,,2965.39,0.0,
ETH/USDT,xgb_primary,primary,1m,2025-12-19 11:36:00+00:00,,2025-12-19 11:36:00+00:00,buy,True,turnover_limit,turnover_limit,turnover_limit,,False,0.565682053565979,0.565682053565979,,0.48,turnover_limit,,,,,0.565682053565979,,,20.0,,2962.56,0.0,
ETH/USDT,xgb_primary,primary,1m,2025-12-19 11:37:00+00:00,,2025-12-19 11:37:00+00:00,buy,True,turnover_limit,turnover_limit,turnover_limit,,False,0.6076040863990784,0.6076040863990784,,0.48,turnover_limit,,,,,0.6076040863990784,,,20.0,,2965.21,0.0,
ETH/USDT,xgb_primary,primary,1m,2025-12-19 11:38:00+00:00,,2025-12-19 11:38:00+00:00,buy,True,turnover_limit,turnover_limit,turnover_limit,,False,0.6076040863990784,0.6076040863990784,,0.48,turnover_limit,,,,,0.6076040863990784,,,20.0,,2964.54,0.0,
BTC/USDT,xgb_primary,conservative,1m,2025-12-19 11:38:00+00:00,,2025-12-19 11:38:00+00:00,buy,True,turnover_limit,turnover_limit,turnover_limit,,False,0.565682053565979,0.565682053565979,,0.56,turnover_limit,,,,,0.565682053565979,,,15.0,,88225.76,0.0,
SOL/USDT,xgb_primary,conservative,1m,2025-12-19 11:38:00+00:00,,2025-12-19 11:38:00+00:00,buy,True,turnover_limit,turnover_limit,turnover_limit,,False,0.565682053565979,0.565682053565979,,0.48,turnover_limit,,,,,0.565682053565979,,,10.0,,125.21,0.0,
BTC/USDT,xgb_primary,conservative,1m,2025-12-19 11:39:00+00:00,,2025-12-19 11:39:00+00:00,buy,True,turnover_limit,turnover_limit,turnover_limit,,False,0.565682053565979,0.565682053565979,,0.56,turnover_limit,,,,,0.565682053565979,,,15.0,,88257.09,0.0,
ETH/USDT,xgb_primary,primary,1m,2025-12-19 11:39:00+00:00,,2025-12-19 11:39:00+00:00,buy,True,turnover_limit,turnover_limit,turnover_limit,,False,0.6076040863990784,0.6076040863990784,,0.48,turnover_limit,,,,,0.6076040863990784,,,20.0,,2964.91,0.0,
ETH/USDT,xgb_primary,primary,1m,2025-12-19 11:40:00+00:00,,2025-12-19 11:40:00+00:00,buy,True,turnover_limit,turnover_limit,turnover_limit,,False,0.5878524780273438,0.5878524780273438,,0.48,turnover_limit,,,,,0.5878524780273438,,,20.0,,2966.01,0.0,
ETH/USDT,xgb_primary,primary,1m,2025-12-19 11:41:00+00:00,,2025-12-19 11:41:00+00:00,buy,True,turnover_limit,turnover_limit,turnover_limit,,False,0.6076040863990784,0.6076040863990784,,0.48,turnover_limit,,,,,0.6076040863990784,,,20.0,,2967.4,0.0,
SOL/USDT,xgb_primary,conservative,1m,2025-12-19 11:41:00+00:00,,2025-12-19 11:41:00+00:00,buy,True,turnover_limit,turnover_limit,turnover_limit,,False,0.565682053565979,0.565682053565979,,0.48,turnover_limit,,,,,0.565682053565979,,,10.0,,125.34,0.0,
ETH/USDT,xgb_primary,primary,1m,2025-12-19 11:42:00+00:00,,2025-12-19 11:42:00+00:00,buy,True,turnover_limit,turnover_limit,turnover_limit,,False,0.6076040863990784,0.6076040863990784,,0.48,turnover_limit,,,,,0.6076040863990784,,,20.0,,2967.92,0.0,
SOL/USDT,xgb_primary,conservative,1m,2025-12-19 11:42:00+00:00,,2025-12-19 11:42:00+00:00,buy,True,turnover_limit,turnover_limit,turnover_limit,,False,0.565682053565979,0.565682053565979,,0.48,turnover_limit,,,,,0.565682053565979,,,10.0,,125.47,0.0,
ETH/USDT,xgb_primary,primary,1m,2025-12-19 11:43:00+00:00,,2025-12-19 11:43:00+00:00,buy,True,turnover_limit,turnover_limit,turnover_limit,,False,0.5878524780273438,0.5878524780273438,,0.48,turnover_limit,,,,,0.5878524780273438,,,20.0,,2969.99,0.0,
SOL/USDT,xgb_primary,conservative,1m,2025-12-19 11:43:00+00:00,,2025-12-19 11:43:00+00:00,buy,True,turnover_limit,turnover_limit,turnover_limit,,False,0.565682053565979,0.565682053565979,,0.48,turnover_limit,,,,,0.565682053565979,,,10.0,,125.45,0.0,
ETH/USDT,xgb_primary,primary,1m,2025-12-19 11:44:00+00:00,,2025-12-19 11:44:00+00:00,buy,True,turnover_limit,turnover_limit,turnover_limit,,False,0.6076040863990784,0.6076040863990784,,0.48,turnover_limit,,,,,0.6076040863990784,,,20.0,,2969.68,0.0,
SOL/USDT,xgb_primary,conservative,1m,2025-12-19 11:44:00+00:00,,2025-12-19 11:44:00+00:00,buy,True,turnover_limit,turnover_limit,turnover_limit,,False,0.565682053565979,0.565682053565979,,0.48,turnover_limit,,,,,0.565682053565979,,,10.0,,125.45,0.0,
ETH/USDT,xgb_primary,primary,1m,2025-12-19 11:45:00+00:00,,2025-12-19 11:45:00+00:00,buy,True,turnover_limit,turnover_limit,turnover_limit,,False,0.6076040863990784,0.6076040863990784,,0.48,turnover_limit,,,,,0.6076040863990784,,,20.0,,2970.11,0.0,
SOL/USDT,xgb_primary,conservative,1m,2025-12-19 11:45:00+00:00,,2025-12-19 11:45:00+00:00,buy,True,turnover_limit,turnover_limit,turnover_limit,,False,0.5002435445785522,0.5002435445785522,,0.48,turnover_limit,,,,,0.5002435445785522,,,10.0,,125.41,0.0,
ETH/USDT,xgb_primary,primary,1m,2025-12-19 11:46:00+00:00,,2025-12-19 11:46:00+00:00,buy,True,turnover_limit,turnover_limit,turnover_limit,,False,0.565682053565979,0.565682053565979,,0.48,turnover_limit,,,,,0.565682053565979,,,20.0,,2969.3,0.0,
ETH/USDT,xgb_primary,primary,1m,2025-12-19 11:48:00+00:00,,2025-12-19 11:48:00+00:00,buy,True,turnover_limit,turnover_limit,turnover_limit,,False,0.5878524780273438,0.5878524780273438,,0.48,turnover_limit,,,,,0.5878524780273438,,,20.0,,2970.0,0.0,
ETH/USDT,xgb_primary,primary,1m,2025-12-19 11:49:00+00:00,,2025-12-19 11:49:00+00:00,buy,True,turnover_limit,turnover_limit,turnover_limit,,False,0.5002435445785522,0.5002435445785522,,0.48,turnover_limit,,,,,0.5002435445785522,,,20.0,,2969.69,0.0,
ETH/USDT,xgb_primary,primary,1m,2025-12-19 11:50:00+00:00,,2025-12-19 11:50:00+00:00,buy,True,turnover_limit,turnover_limit,turnover_limit,,False,0.5878524780273438,0.5878524780273438,,0.48,turnover_limit,,,,,0.5878524780273438,,,20.0,,2969.03,0.0,
SOL/USDT,xgb_primary,conservative,1m,2025-12-19 11:50:00+00:00,,2025-12-19 11:50:00+00:00,buy,True,turnover_limit,turnover_limit,turnover_limit,,False,0.5002435445785522,0.5002435445785522,,0.48,turnover_limit,,,,,0.5002435445785522,,,10.0,,125.37,0.0,
ETH/USDT,xgb_primary,primary,1m,2025-12-19 11:51:00+00:00,,2025-12-19 11:51:00+00:00,buy,True,turnover_limit,turnover_limit,turnover_limit,,False,0.6076040863990784,0.6076040863990784,,0.48,turnover_limit,,,,,0.6076040863990784,,,20.0,,2970.75,0.0,
SOL/USDT,xgb_primary,conservative,1m,2025-12-19 11:51:00+00:00,,2025-12-19 11:51:00+00:00,buy,True,turnover_limit,turnover_limit,turnover_limit,,False,0.565682053565979,0.565682053565979,,0.48,turnover_limit,,,,,0.565682053565979,,,10.0,,125.37,0.0,
ETH/USDT,xgb_primary,primary,1m,2025-12-19 11:52:00+00:00,,2025-12-19 11:52:00+00:00,buy,True,turnover_limit,turnover_limit,turnover_limit,,False,0.6076040863990784,0.6076040863990784,,0.48,turnover_limit,,,,,0.6076040863990784,,,20.0,,2965.5,0.0,
SOL/USDT,xgb_primary,conservative,1m,2025-12-19 11:52:00+00:00,,2025-12-19 11:52:00+00:00,buy,True,turnover_limit,turnover_limit,turnover_limit,,False,0.565682053565979,0.565682053565979,,0.48,turnover_limit,,,,,0.565682053565979,,,10.0,,125.4,0.0,
SOL/USDT,xgb_primary,conservative,1m,2025-12-19 11:53:00+00:00,,2025-12-19 11:53:00+00:00,buy,True,turnover_limit,turnover_limit,turnover_limit,,False,0.565682053565979,0.565682053565979,,0.48,turnover_limit,,,,,0.565682053565979,,,10.0,,125.36,0.0,
ETH/USDT,xgb_primary,primary,1m,2025-12-19 11:54:00+00:00,,2025-12-19 11:54:00+00:00,buy,True,turnover_limit,turnover_limit,turnover_limit,,False,0.565682053565979,0.565682053565979,,0.48,turnover_limit,,,,,0.565682053565979,,,20.0,,2965.97,0.0,
SOL/USDT,xgb_primary,conservative,1m,2025-12-19 11:54:00+00:00,,2025-12-19 11:54:00+00:00,buy,True,turnover_limit,turnover_limit,turnover_limit,,False,0.565682053565979,0.565682053565979,,0.48,turnover_limit,,,,,0.565682053565979,,,10.0,,125.35,0.0,
ETH/USDT,xgb_primary,primary,1m,2025-12-19 11:55:00+00:00,,2025-12-19 11:55:00+00:00,buy,True,turnover_limit,turnover_limit,turnover_limit,,False,0.565682053565979,0.565682053565979,,0.48,turnover_limit,,,,,0.565682053565979,,,20.0,,2965.19,0.0,
SOL/USDT,xgb_primary,conservative,1m,2025-12-19 11:55:00+00:00,,2025-12-19 11:55:00+00:00,buy,True,turnover_limit,turnover_limit,turnover_limit,,False,0.565682053565979,0.565682053565979,,0.48,turnover_limit,,,,,0.565682053565979,,,10.0,,125.38,0.0,
SOL/USDT,xgb_primary,conservative,1m,2025-12-19 11:56:00+00:00,,2025-12-19 11:56:00+00:00,buy,True,turnover_limit,turnover_limit,turnover_limit,,False,0.5002435445785522,0.5002435445785522,,0.48,turnover_limit,,,,,0.5002435445785522,,,10.0,,125.38,0.0,
ETH/USDT,xgb_primary,primary,1m,2025-12-19 11:56:00+00:00,,2025-12-19 11:56:00+00:00,buy,True,turnover_limit,turnover_limit,turnover_limit,,False,0.5002435445785522,0.5002435445785522,,0.48,turnover_limit,,,,,0.5002435445785522,,,20.0,,2965.43,0.0,
SOL/USDT,xgb_primary,conservative,1m,2025-12-19 11:57:00+00:00,,2025-12-19 11:57:00+00:00,buy,True,turnover_limit,turnover_limit,turnover_limit,,False,0.5002435445785522,0.5002435445785522,,0.48,turnover_limit,,,,,0.5002435445785522,,,10.0,,125.31,0.0,
SOL/USDT,xgb_primary,conservative,1m,2025-12-19 12:13:00+00:00,,2025-12-19 12:13:00+00:00,buy,True,turnover_limit,turnover_limit,turnover_limit,,False,0.565682053565979,0.565682053565979,,0.48,turnover_limit,,,,,0.565682053565979,,,10.0,,125.58,0.0,
ETH/USDT,xgb_primary,primary,1m,2025-12-19 12:15:00+00:00,,2025-12-19 12:15:00+00:00,buy,True,turnover_limit,turnover_limit,turnover_limit,,False,0.5002435445785522,0.5002435445785522,,0.48,turnover_limit,,,,,0.5002435445785522,,,20.0,,2964.71,0.0,
SOL/USDT,xgb_primary,conservative,1m,2025-12-19 12:16:00+00:00,,2025-12-19 12:16:00+00:00,buy,True,turnover_limit,turnover_limit,turnover_limit,,False,0.6844155788421631,0.6844155788421631,,0.48,turnover_limit,,,,,0.6844155788421631,,,10.0,,125.61,0.0,
SOL/USDT,xgb_primary,conservative,1m,2025-12-19 12:21:00+00:00,,2025-12-19 12:21:00+00:00,buy,True,turnover_limit,turnover_limit,turnover_limit,,False,0.6844155788421631,0.6844155788421631,,0.48,turnover_limit,,,,,0.6844155788421631,,,10.0,,126.08,0.0,
BTC/USDT,xgb_primary,conservative,1m,2025-12-19 12:21:00+00:00,,2025-12-19 12:21:00+00:00,buy,True,turnover_limit,turnover_limit,turnover_limit,,False,0.565682053565979,0.565682053565979,,0.56,turnover_limit,,,,,0.565682053565979,,,15.0,,88056.1,0.0,
ETH/USDT,xgb_primary,primary,1m,2025-12-19 12:22:00+00:00,,2025-12-19 12:22:00+00:00,buy,True,turnover_limit,turnover_limit,turnover_limit,,False,0.5002435445785522,0.5002435445785522,,0.48,turnover_limit,,,,,0.5002435445785522,,,20.0,,2959.01,0.0,
BTC/USDT,xgb_primary,conservative,1m,2025-12-19 12:22:00+00:00,,2025-12-19 12:22:00+00:00,buy,True,turnover_limit,turnover_limit,turnover_limit,,False,0.565682053565979,0.565682053565979,,0.56,turnover_limit,,,,,0.565682053565979,,,15.0,,88040.39,0.0,
ETH/USDT,xgb_primary,primary,1m,2025-12-19 12:23:00+00:00,,2025-12-19 12:23:00+00:00,buy,True,turnover_limit,turnover_limit,turnover_limit,,False,0.5878524780273438,0.5878524780273438,,0.48,turnover_limit,,,,,0.5878524780273438,,,20.0,,2957.7,0.0,
ETH/USDT,xgb_primary,primary,1m,2025-12-19 12:24:00+00:00,,2025-12-19 12:24:00+00:00,buy,True,turnover_limit,turnover_limit,turnover_limit,,False,0.6076040863990784,0.6076040863990784,,0.48,turnover_limit,,,,,0.6076040863990784,,,20.0,,2957.7,0.0,
ETH/USDT,xgb_primary,primary,1m,2025-12-19 12:25:00+00:00,,2025-12-19 12:25:00+00:00,buy,True,turnover_limit,turnover_limit,turnover_limit,,False,0.6076040863990784,0.6076040863990784,,0.48,turnover_limit,,,,,0.6076040863990784,,,20.0,,2959.02,0.0,
ETH/USDT,xgb_primary,primary,1m,2025-12-19 12:26:00+00:00,,2025-12-19 12:26:00+00:00,buy,True,turnover_limit,turnover_limit,turnover_limit,,False,0.6076040863990784,0.6076040863990784,,0.48,turnover_limit,,,,,0.6076040863990784,,,20.0,,2958.55,0.0,
SOL/USDT,xgb_primary,conservative,1m,2025-12-19 12:26:00+00:00,,2025-12-19 12:26:00+00:00,buy,True,turnover_limit,turnover_limit,turnover_limit,,False,0.6076040863990784,0.6076040863990784,,0.48,turnover_limit,,,,,0.6076040863990784,,,10.0,,125.91,0.0,
SOL/USDT,xgb_primary,conservative,1m,2025-12-19 12:27:00+00:00,,2025-12-19 12:27:00+00:00,buy,True,turnover_limit,turnover_limit,turnover_limit,,False,0.6076040863990784,0.6076040863990784,,0.48,turnover_limit,,,,,0.6076040863990784,,,10.0,,125.89,0.0,
ETH/USDT,xgb_primary,primary,1m,2025-12-19 12:28:00+00:00,,2025-12-19 12:28:00+00:00,buy,True,turnover_limit,turnover_limit,turnover_limit,,False,0.6076040863990784,0.6076040863990784,,0.48,turnover_limit,,,,,0.6076040863990784,,,20.0,,2958.5,0.0,
SOL/USDT,xgb_primary,conservative,1m,2025-12-19 12:28:00+00:00,,2025-12-19 12:28:00+00:00,buy,True,turnover_limit,turnover_limit,turnover_limit,,False,0.6076040863990784,0.6076040863990784,,0.48,turnover_limit,,,,,0.6076040863990784,,,10.0,,125.78,0.0,
SOL/USDT,xgb_primary,conservative,1m,2025-12-19 12:33:00+00:00,,2025-12-19 12:33:00+00:00,buy,True,turnover_limit,turnover_limit,turnover_limit,,False,0.6076040863990784,0.6076040863990784,,0.48,turnover_limit,,,,,0.6076040863990784,,,10.0,,125.9,0.0,
ETH/USDT,xgb_primary,primary,1m,2025-12-19 12:34:00+00:00,,2025-12-19 12:34:00+00:00,buy,True,turnover_limit,turnover_limit,turnover_limit,,False,0.5002435445785522,0.5002435445785522,,0.48,turnover_limit,,,,,0.5002435445785522,,,20.0,,2956.5,0.0,
SOL/USDT,xgb_primary,conservative,1m,2025-12-19 12:34:00+00:00,,2025-12-19 12:34:00+00:00,buy,True,turnover_limit,turnover_limit,turnover_limit,,False,0.565682053565979,0.565682053565979,,0.48,turnover_limit,,,,,0.565682053565979,,,10.0,,125.87,0.0,
ETH/USDT,xgb_primary,primary,1m,2025-12-19 12:35:00+00:00,,2025-12-19 12:35:00+00:00,buy,True,turnover_limit,turnover_limit,turnover_limit,,False,0.565682053565979,0.565682053565979,,0.48,turnover_limit,,,,,0.565682053565979,,,20.0,,2956.16,0.0,
SOL/USDT,xgb_primary,conservative,1m,2025-12-19 12:35:00+00:00,,2025-12-19 12:35:00+00:00,buy,True,turnover_limit,turnover_limit,turnover_limit,,False,0.565682053565979,0.565682053565979,,0.48,turnover_limit,,,,,0.565682053565979,,,10.0,,125.81,0.0,
ETH/USDT,xgb_primary,primary,1m,2025-12-19 12:39:00+00:00,,2025-12-19 12:39:00+00:00,buy,True,turnover_limit,turnover_limit,turnover_limit,,False,0.5002435445785522,0.5002435445785522,,0.48,turnover_limit,,,,,0.5002435445785522,,,20.0,,2959.74,0.0,
ETH/USDT,xgb_primary,primary,1m,2025-12-19 12:40:00+00:00,,2025-12-19 12:40:00+00:00,buy,True,turnover_limit,turnover_limit,turnover_limit,,False,0.565682053565979,0.565682053565979,,0.48,turnover_limit,,,,,0.565682053565979,,,20.0,,2959.01,0.0,
ETH/USDT,xgb_primary,primary,1m,2025-12-19 12:42:00+00:00,,2025-12-19 12:42:00+00:00,buy,True,turnover_limit,turnover_limit,turnover_limit,,False,0.565682053565979,0.565682053565979,,0.48,turnover_limit,,,,,0.565682053565979,,,20.0,,2958.06,0.0,
ETH/USDT,xgb_primary,primary,1m,2025-12-19 12:43:00+00:00,,2025-12-19 12:43:00+00:00,buy,True,turnover_limit,turnover_limit,turnover_limit,,False,0.5002435445785522,0.5002435445785522,,0.48,turnover_limit,,,,,0.5002435445785522,,,20.0,,2958.0,0.0,
SOL/USDT,xgb_primary,conservative,1m,2025-12-19 12:43:00+00:00,,2025-12-19 12:43:00+00:00,buy,True,turnover_limit,turnover_limit,turnover_limit,,False,0.5002435445785522,0.5002435445785522,,0.48,turnover_limit,,,,,0.5002435445785522,,,10.0,,125.88,0.0,
SOL/USDT,xgb_primary,conservative,1m,2025-12-19 12:44:00+00:00,,2025-12-19 12:44:00+00:00,buy,True,turnover_limit,turnover_limit,turnover_limit,,False,0.565682053565979,0.565682053565979,,0.48,turnover_limit,,,,,0.565682053565979,,,10.0,,125.88,0.0,
ETH/USDT,xgb_primary,primary,1m,2025-12-19 12:44:00+00:00,,2025-12-19 12:44:00+00:00,buy,True,turnover_limit,turnover_limit,turnover_limit,,False,0.5002435445785522,0.5002435445785522,,0.48,turnover_limit,,,,,0.5002435445785522,,,20.0,,2958.3,0.0,
ETH/USDT,xgb_primary,primary,1m,2025-12-19 12:45:00+00:00,,2025-12-19 12:45:00+00:00,buy,True,turnover_limit,turnover_limit,turnover_limit,,False,0.5002435445785522,0.5002435445785522,,0.48,turnover_limit,,,,,0.5002435445785522,,,20.0,,2958.83,0.0,
SOL/USDT,xgb_primary,conservative,1m,2025-12-19 12:45:00+00:00,,2025-12-19 12:45:00+00:00,buy,True,turnover_limit,turnover_limit,turnover_limit,,False,0.6076040863990784,0.6076040863990784,,0.48,turnover_limit,,,,,0.6076040863990784,,,10.0,,125.98,0.0,
BTC/USDT,xgb_primary,conservative,1m,2025-12-19 12:45:00+00:00,,2025-12-19 12:45:00+00:00,buy,True,turnover_limit,turnover_limit,turnover_limit,,False,0.565682053565979,0.565682053565979,,0.56,turnover_limit,,,,,0.565682053565979,,,15.0,,88110.35,0.0,
SOL/USDT,xgb_primary,conservative,1m,2025-12-19 12:46:00+00:00,,2025-12-19 12:46:00+00:00,buy,True,turnover_limit,turnover_limit,turnover_limit,,False,0.6076040863990784,0.6076040863990784,,0.48,turnover_limit,,,,,0.6076040863990784,,,10.0,,125.92,0.0,
BTC/USDT,xgb_primary,conservative,1m,2025-12-19 12:46:00+00:00,,2025-12-19 12:46:00+00:00,buy,True,turnover_limit,turnover_limit,turnover_limit,,False,0.5878524780273438,0.5878524780273438,,0.56,turnover_limit,,,,,0.5878524780273438,,,15.0,,88093.33,0.0,
ETH/USDT,xgb_primary,primary,1m,2025-12-19 12:47:00+00:00,,2025-12-19 12:47:00+00:00,buy,True,turnover_limit,turnover_limit,turnover_limit,,False,0.6076040863990784,0.6076040863990784,,0.48,turnover_limit,,,,,0.6076040863990784,,,20.0,,2961.16,0.0,
SOL/USDT,xgb_primary,conservative,1m,2025-12-19 12:47:00+00:00,,2025-12-19 12:47:00+00:00,buy,True,turnover_limit,turnover_limit,turnover_limit,,False,0.6076040863990784,0.6076040863990784,,0.48,turnover_limit,,,,,0.6076040863990784,,,10.0,,126.01,0.0,
BTC/USDT,xgb_primary,conservative,1m,2025-12-19 12:47:00+00:00,,2025-12-19 12:47:00+00:00,buy,True,turnover_limit,turnover_limit,turnover_limit,,False,0.565682053565979,0.565682053565979,,0.56,turnover_limit,,,,,0.565682053565979,,,15.0,,88147.27,0.0,
ETH/USDT,xgb_primary,primary,1m,2025-12-19 12:48:00+00:00,,2025-12-19 12:48:00+00:00,buy,True,turnover_limit,turnover_limit,turnover_limit,,False,0.6076040863990784,0.6076040863990784,,0.48,turnover_limit,,,,,0.6076040863990784,,,20.0,,2963.0,0.0,
ETH/USDT,xgb_primary,primary,1m,2025-12-19 12:49:00+00:00,,2025-12-19 12:49:00+00:00,buy,True,turnover_limit,turnover_limit,turnover_limit,,False,0.6076040863990784,0.6076040863990784,,0.48,turnover_limit,,,,,0.6076040863990784,,,20.0,,2963.08,0.0,
BTC/USDT,xgb_primary,conservative,1m,2025-12-19 12:49:00+00:00,,2025-12-19 12:49:00+00:00,buy,True,turnover_limit,turnover_limit,turnover_limit,,False,0.565682053565979,0.565682053565979,,0.56,turnover_limit,,,,,0.565682053565979,,,15.0,,88042.8,0.0,
ETH/USDT,xgb_primary,primary,1m,2025-12-19 12:50:00+00:00,,2025-12-19 12:50:00+00:00,buy,True,turnover_limit,turnover_limit,turnover_limit,,False,0.6076040863990784,0.6076040863990784,,0.48,turnover_limit,,,,,0.6076040863990784,,,20.0,,2961.68,0.0,
ETH/USDT,xgb_primary,primary,1m,2025-12-19 12:51:00+00:00,,2025-12-19 12:51:00+00:00,buy,True,turnover_limit,turnover_limit,turnover_limit,,False,0.6076040863990784,0.6076040863990784,,0.48,turnover_limit,,,,,0.6076040863990784,,,20.0,,2958.36,0.0,
ETH/USDT,xgb_primary,primary,1m,2025-12-19 12:52:00+00:00,,2025-12-19 12:52:00+00:00,buy,True,turnover_limit,turnover_limit,turnover_limit,,False,0.565682053565979,0.565682053565979,,0.48,turnover_limit,,,,,0.565682053565979,,,20.0,,2957.3,0.0,
SOL/USDT,xgb_primary,conservative,1m,2025-12-19 12:52:00+00:00,,2025-12-19 12:52:00+00:00,buy,True,turnover_limit,turnover_limit,turnover_limit,,False,0.565682053565979,0.565682053565979,,0.48,turnover_limit,,,,,0.565682053565979,,,10.0,,125.93,0.0,
ETH/USDT,xgb_primary,primary,1m,2025-12-19 12:54:00+00:00,,2025-12-19 12:54:00+00:00,buy,True,turnover_limit,turnover_limit,turnover_limit,,False,0.565682053565979,0.565682053565979,,0.48,turnover_limit,,,,,0.565682053565979,,,20.0,,2956.77,0.0,
SOL/USDT,xgb_primary,conservative,1m,2025-12-19 12:54:00+00:00,,2025-12-19 12:54:00+00:00,buy,True,turnover_limit,turnover_limit,turnover_limit,,False,0.5002435445785522,0.5002435445785522,,0.48,turnover_limit,,,,,0.5002435445785522,,,10.0,,125.84,0.0,
SOL/USDT,xgb_primary,conservative,1m,2025-12-19 12:55:00+00:00,,2025-12-19 12:55:00+00:00,buy,True,turnover_limit,turnover_limit,turnover_limit,,False,0.565682053565979,0.565682053565979,,0.48,turnover_limit,,,,,0.565682053565979,,,10.0,,125.89,0.0,
ETH/USDT,xgb_primary,primary,1m,2025-12-19 12:57:00+00:00,,2025-12-19 12:57:00+00:00,buy,True,turnover_limit,turnover_limit,turnover_limit,,False,0.5002435445785522,0.5002435445785522,,0.48,turnover_limit,,,,,0.5002435445785522,,,20.0,,2956.35,0.0,
SOL/USDT,xgb_primary,conservative,1m,2025-12-19 13:01:00+00:00,,2025-12-19 13:01:00+00:00,buy,True,turnover_limit,turnover_limit,turnover_limit,,False,0.5002435445785522,0.5002435445785522,,0.48,turnover_limit,,,,,0.5002435445785522,,,10.0,,125.87,0.0,
SOL/USDT,xgb_primary,conservative,1m,2025-12-19 13:02:00+00:00,,2025-12-19 13:02:00+00:00,buy,True,turnover_limit,turnover_limit,turnover_limit,,False,0.5002435445785522,0.5002435445785522,,0.48,turnover_limit,,,,,0.5002435445785522,,,10.0,,125.92,0.0,
SOL/USDT,xgb_primary,conservative,1m,2025-12-19 13:05:00+00:00,,2025-12-19 13:05:00+00:00,buy,True,turnover_limit,turnover_limit,turnover_limit,,False,0.565682053565979,0.565682053565979,,0.48,turnover_limit,,,,,0.565682053565979,,,10.0,,126.11,0.0,
ETH/USDT,xgb_primary,primary,1m,2025-12-19 13:05:00+00:00,,2025-12-19 13:05:00+00:00,buy,True,turnover_limit,turnover_limit,turnover_limit,,False,0.5002435445785522,0.5002435445785522,,0.48,turnover_limit,,,,,0.5002435445785522,,,20.0,,2961.67,0.0,
SOL/USDT,xgb_primary,conservative,1m,2025-12-19 13:06:00+00:00,,2025-12-19 13:06:00+00:00,buy,True,turnover_limit,turnover_limit,turnover_limit,,False,0.6076040863990784,0.6076040863990784,,0.48,turnover_limit,,,,,0.6076040863990784,,,10.0,,126.13,0.0,
ETH/USDT,xgb_primary,primary,1m,2025-12-19 13:06:00+00:00,,2025-12-19 13:06:00+00:00,buy,True,turnover_limit,turnover_limit,turnover_limit,,False,0.565682053565979,0.565682053565979,,0.48,turnover_limit,,,,,0.565682053565979,,,20.0,,2961.69,0.0,
ETH/USDT,xgb_primary,primary,1m,2025-12-19 13:07:00+00:00,,2025-12-19 13:07:00+00:00,buy,True,turnover_limit,turnover_limit,turnover_limit,,False,0.5878524780273438,0.5878524780273438,,0.48,turnover_limit,,,,,0.5878524780273438,,,20.0,,2961.33,0.0,
SOL/USDT,xgb_primary,conservative,1m,2025-12-19 13:07:00+00:00,,2025-12-19 13:07:00+00:00,buy,True,turnover_limit,turnover_limit,turnover_limit,,False,0.6076040863990784,0.6076040863990784,,0.48,turnover_limit,,,,,0.6076040863990784,,,10.0,,126.15,0.0,
ETH/USDT,xgb_primary,primary,1m,2025-12-19 13:08:00+00:00,,2025-12-19 13:08:00+00:00,buy,True,turnover_limit,turnover_limit,turnover_limit,,False,0.5878524780273438,0.5878524780273438,,0.48,turnover_limit,,,,,0.5878524780273438,,,20.0,,2961.11,0.0,
SOL/USDT,xgb_primary,conservative,1m,2025-12-19 13:08:00+00:00,,2025-12-19 13:08:00+00:00,buy,True,turnover_limit,turnover_limit,turnover_limit,,False,0.6076040863990784,0.6076040863990784,,0.48,turnover_limit,,,,,0.6076040863990784,,,10.0,,126.15,0.0,
ETH/USDT,xgb_primary,primary,1m,2025-12-19 13:09:00+00:00,,2025-12-19 13:09:00+00:00,buy,True,turnover_limit,turnover_limit,turnover_limit,,False,0.5878524780273438,0.5878524780273438,,0.48,turnover_limit,,,,,0.5878524780273438,,,20.0,,2959.56,0.0,
SOL/USDT,xgb_primary,conservative,1m,2025-12-19 13:09:00+00:00,,2025-12-19 13:09:00+00:00,buy,True,turnover_limit,turnover_limit,turnover_limit,,False,0.6076040863990784,0.6076040863990784,,0.48,turnover_limit,,,,,0.6076040863990784,,,10.0,,126.18,0.0,
BTC/USDT,xgb_primary,conservative,1m,2025-12-19 13:09:00+00:00,,2025-12-19 13:09:00+00:00,buy,True,turnover_limit,turnover_limit,turnover_limit,,False,0.565682053565979,0.565682053565979,,0.56,turnover_limit,,,,,0.565682053565979,,,15.0,,87960.02,0.0,
ETH/USDT,xgb_primary,primary,1m,2025-12-19 13:10:00+00:00,,2025-12-19 13:10:00+00:00,buy,True,turnover_limit,turnover_limit,turnover_limit,,False,0.565682053565979,0.565682053565979,,0.48,turnover_limit,,,,,0.565682053565979,,,20.0,,2959.8,0.0,
SOL/USDT,xgb_primary,conservative,1m,2025-12-19 13:10:00+00:00,,2025-12-19 13:10:00+00:00,buy,True,turnover_limit,turnover_limit,turnover_limit,,False,0.6076040863990784,0.6076040863990784,,0.48,turnover_limit,,,,,0.6076040863990784,,,10.0,,126.14,0.0,
ETH/USDT,xgb_primary,primary,1m,2025-12-19 13:11:00+00:00,,2025-12-19 13:11:00+00:00,buy,True,turnover_limit,turnover_limit,turnover_limit,,False,0.565682053565979,0.565682053565979,,0.48,turnover_limit,,,,,0.565682053565979,,,20.0,,2957.23,0.0,
SOL/USDT,xgb_primary,conservative,1m,2025-12-19 13:12:00+00:00,,2025-12-19 13:12:00+00:00,buy,True,turnover_limit,turnover_limit,turnover_limit,,False,0.6076040863990784,0.6076040863990784,,0.48,turnover_limit,,,,,0.6076040863990784,,,10.0,,126.38,0.0,
ETH/USDT,xgb_primary,primary,1m,2025-12-19 13:12:00+00:00,,2025-12-19 13:12:00+00:00,buy,True,turnover_limit,turnover_limit,turnover_limit,,False,0.565682053565979,0.565682053565979,,0.48,turnover_limit,,,,,0.565682053565979,,,20.0,,2960.16,0.0,
ETH/USDT,xgb_primary,primary,1m,2025-12-19 13:13:00+00:00,,2025-12-19 13:13:00+00:00,buy,True,turnover_limit,turnover_limit,turnover_limit,,False,0.6076040863990784,0.6076040863990784,,0.48,turnover_limit,,,,,0.6076040863990784,,,20.0,,2962.23,0.0,
BTC/USDT,xgb_primary,conservative,1m,2025-12-19 13:13:00+00:00,,2025-12-19 13:13:00+00:00,buy,True,turnover_limit,turnover_limit,turnover_limit,,False,0.565682053565979,0.565682053565979,,0.56,turnover_limit,,,,,0.565682053565979,,,15.0,,88014.39,0.0,
SOL/USDT,xgb_primary,conservative,1m,2025-12-19 13:14:00+00:00,,2025-12-19 13:14:00+00:00,buy,True,turnover_limit,turnover_limit,turnover_limit,,False,0.6699029207229614,0.6699029207229614,,0.48,turnover_limit,,,,,0.6699029207229614,,,10.0,,126.15,0.0,
BTC/USDT,xgb_primary,conservative,1m,2025-12-19 13:14:00+00:00,,2025-12-19 13:14:00+00:00,buy,True,turnover_limit,turnover_limit,turnover_limit,,False,0.565682053565979,0.565682053565979,,0.56,turnover_limit,,,,,0.565682053565979,,,15.0,,87980.0,0.0,
ETH/USDT,xgb_primary,primary,1m,2025-12-19 13:15:00+00:00,,2025-12-19 13:15:00+00:00,buy,True,turnover_limit,turnover_limit,turnover_limit,,False,0.5878524780273438,0.5878524780273438,,0.48,turnover_limit,,,,,0.5878524780273438,,,20.0,,2962.5,0.0,
SOL/USDT,xgb_primary,conservative,1m,2025-12-19 13:16:00+00:00,,2025-12-19 13:16:00+00:00,buy,True,turnover_limit,turnover_limit,turnover_limit,,False,0.5878524780273438,0.5878524780273438,,0.48,turnover_limit,,,,,0.5878524780273438,,,10.0,,126.24,0.0,
ETH/USDT,xgb_primary,primary,1m,2025-12-19 13:17:00+00:00,,2025-12-19 13:17:00+00:00,buy,True,turnover_limit,turnover_limit,turnover_limit,,False,0.6076040863990784,0.6076040863990784,,0.48,turnover_limit,,,,,0.6076040863990784,,,20.0,,2962.16,0.0,
SOL/USDT,xgb_primary,conservative,1m,2025-12-19 13:17:00+00:00,,2025-12-19 13:17:00+00:00,buy,True,turnover_limit,turnover_limit,turnover_limit,,False,0.6076040863990784,0.6076040863990784,,0.48,turnover_limit,,,,,0.6076040863990784,,,10.0,,126.09,0.0,
ETH/USDT,xgb_primary,primary,1m,2025-12-19 13:18:00+00:00,,2025-12-19 13:18:00+00:00,buy,True,turnover_limit,turnover_limit,turnover_limit,,False,0.6076040863990784,0.6076040863990784,,0.48,turnover_limit,,,,,0.6076040863990784,,,20.0,,2959.37,0.0,
SOL/USDT,xgb_primary,conservative,1m,2025-12-19 13:19:00+00:00,,2025-12-19 13:19:00+00:00,buy,True,turnover_limit,turnover_limit,turnover_limit,,False,0.565682053565979,0.565682053565979,,0.48,turnover_limit,,,,,0.565682053565979,,,10.0,,126.12,0.0,
SOL/USDT,xgb_primary,conservative,1m,2025-12-19 13:20:00+00:00,,2025-12-19 13:20:00+00:00,buy,True,turnover_limit,turnover_limit,turnover_limit,,False,0.565682053565979,0.565682053565979,,0.48,turnover_limit,,,,,0.565682053565979,,,10.0,,126.14,0.0,
ETH/USDT,xgb_primary,primary,1m,2025-12-19 13:20:00+00:00,,2025-12-19 13:20:00+00:00,buy,True,turnover_limit,turnover_limit,turnover_limit,,False,0.5002435445785522,0.5002435445785522,,0.48,turnover_limit,,,,,0.5002435445785522,,,20.0,,2959.39,0.0,
SOL/USDT,xgb_primary,conservative,1m,2025-12-19 13:21:00+00:00,,2025-12-19 13:21:00+00:00,buy,True,turnover_limit,turnover_limit,turnover_limit,,False,0.5002435445785522,0.5002435445785522,,0.48,turnover_limit,,,,,0.5002435445785522,,,10.0,,126.25,0.0,
SOL/USDT,xgb_primary,conservative,1m,2025-12-19 13:23:00+00:00,,2025-12-19 13:23:00+00:00,buy,True,turnover_limit,turnover_limit,turnover_limit,,False,0.565682053565979,0.565682053565979,,0.48,turnover_limit,,,,,0.565682053565979,,,10.0,,126.25,0.0,
ETH/USDT,xgb_primary,primary,1m,2025-12-19 13:24:00+00:00,,2025-12-19 13:24:00+00:00,buy,True,turnover_limit,turnover_limit,turnover_limit,,False,0.5002435445785522,0.5002435445785522,,0.48,turnover_limit,,,,,0.5002435445785522,,,20.0,,2963.39,0.0,
SOL/USDT,xgb_primary,conservative,1m,2025-12-19 13:24:00+00:00,,2025-12-19 13:24:00+00:00,buy,True,turnover_limit,turnover_limit,turnover_limit,,False,0.565682053565979,0.565682053565979,,0.48,turnover_limit,,,,,0.565682053565979,,,10.0,,126.28,0.0,
ETH/USDT,xgb_primary,primary,1m,2025-12-19 13:25:00+00:00,,2025-12-19 13:25:00+00:00,buy,True,turnover_limit,turnover_limit,turnover_limit,,False,0.565682053565979,0.565682053565979,,0.48,turnover_limit,,,,,0.565682053565979,,,20.0,,2964.71,0.0,
SOL/USDT,xgb_primary,conservative,1m,2025-12-19 13:25:00+00:00,,2025-12-19 13:25:00+00:00,buy,True,turnover_limit,turnover_limit,turnover_limit,,False,0.565682053565979,0.565682053565979,,0.48,turnover_limit,,,,,0.565682053565979,,,10.0,,126.45,0.0,
BTC/USDT,xgb_primary,conservative,1m,2025-12-19 13:25:00+00:00,,2025-12-19 13:25:00+00:00,buy,True,turnover_limit,turnover_limit,turnover_limit,,False,0.565682053565979,0.565682053565979,,0.56,turnover_limit,,,,,0.565682053565979,,,15.0,,88036.71,0.0,
ETH/USDT,xgb_primary,primary,1m,2025-12-19 13:26:00+00:00,,2025-12-19 13:26:00+00:00,buy,True,turnover_limit,turnover_limit,turnover_limit,,False,0.6076040863990784,0.6076040863990784,,0.48,turnover_limit,,,,,0.6076040863990784,,,20.0,,2965.81,0.0,
SOL/USDT,xgb_primary,conservative,1m,2025-12-19 13:26:00+00:00,,2025-12-19 13:26:00+00:00,buy,True,turnover_limit,turnover_limit,turnover_limit,,False,0.6076040863990784,0.6076040863990784,,0.48,turnover_limit,,,,,0.6076040863990784,,,10.0,,126.49,0.0,
BTC/USDT,xgb_primary,conservative,1m,2025-12-19 13:26:00+00:00,,2025-12-19 13:26:00+00:00,buy,True,turnover_limit,turnover_limit,turnover_limit,,False,0.5878524780273438,0.5878524780273438,,0.56,turnover_limit,,,,,0.5878524780273438,,,15.0,,88013.57,0.0,
SOL/USDT,xgb_primary,conservative,1m,2025-12-19 13:27:00+00:00,,2025-12-19 13:27:00+00:00,buy,True,turnover_limit,turnover_limit,turnover_limit,,False,0.6076040863990784,0.6076040863990784,,0.48,turnover_limit,,,,,0.6076040863990784,,,10.0,,126.46,0.0,
SOL/USDT,xgb_primary,conservative,1m,2025-12-19 13:28:00+00:00,,2025-12-19 13:28:00+00:00,buy,True,turnover_limit,turnover_limit,turnover_limit,,False,0.565682053565979,0.565682053565979,,0.48,turnover_limit,,,,,0.565682053565979,,,10.0,,126.47,0.0,
BTC/USDT,xgb_primary,conservative,1m,2025-12-19 13:28:00+00:00,,2025-12-19 13:28:00+00:00,buy,True,turnover_limit,turnover_limit,turnover_limit,,False,0.565682053565979,0.565682053565979,,0.56,turnover_limit,,,,,0.565682053565979,,,15.0,,88019.66,0.0,
ETH/USDT,xgb_primary,primary,1m,2025-12-19 13:28:00+00:00,,2025-12-19 13:28:00+00:00,buy,True,turnover_limit,turnover_limit,turnover_limit,,False,0.6076040863990784,0.6076040863990784,,0.48,turnover_limit,,,,,0.6076040863990784,,,20.0,,2965.52,0.0,
ETH/USDT,xgb_primary,primary,1m,2025-12-19 13:29:00+00:00,,2025-12-19 13:29:00+00:00,buy,True,turnover_limit,turnover_limit,turnover_limit,,False,0.565682053565979,0.565682053565979,,0.48,turnover_limit,,,,,0.565682053565979,,,20.0,,2966.04,0.0,
SOL/USDT,xgb_primary,conservative,1m,2025-12-19 13:29:00+00:00,,2025-12-19 13:29:00+00:00,buy,True,turnover_limit,turnover_limit,turnover_limit,,False,0.565682053565979,0.565682053565979,,0.48,turnover_limit,,,,,0.565682053565979,,,10.0,,126.38,0.0,
ETH/USDT,xgb_primary,primary,1m,2025-12-19 13:30:00+00:00,,2025-12-19 13:30:00+00:00,buy,True,turnover_limit,turnover_limit,turnover_limit,,False,0.565682053565979,0.565682053565979,,0.48,turnover_limit,,,,,0.565682053565979,,,20.0,,2965.21,0.0,
SOL/USDT,xgb_primary,conservative,1m,2025-12-19 13:30:00+00:00,,2025-12-19 13:30:00+00:00,buy,True,turnover_limit,turnover_limit,turnover_limit,,False,0.6076040863990784,0.6076040863990784,,0.48,turnover_limit,,,,,0.6076040863990784,,,10.0,,126.21,0.0,
ETH/USDT,xgb_primary,primary,1m,2025-12-19 13:32:00+00:00,,2025-12-19 13:32:00+00:00,buy,True,turnover_limit,turnover_limit,turnover_limit,,False,0.5002435445785522,0.5002435445785522,,0.48,turnover_limit,,,,,0.5002435445785522,,,20.0,,2956.68,0.0,
BTC/USDT,xgb_primary,conservative,1m,2025-12-19 13:36:00+00:00,,2025-12-19 13:36:00+00:00,buy,True,turnover_limit,turnover_limit,turnover_limit,,False,0.565682053565979,0.565682053565979,,0.56,turnover_limit,,,,,0.565682053565979,,,15.0,,88031.19,0.0,
ETH/USDT,xgb_primary,primary,1m,2025-12-19 13:37:00+00:00,,2025-12-19 13:37:00+00:00,buy,True,turnover_limit,turnover_limit,turnover_limit,,False,0.5002435445785522,0.5002435445785522,,0.48,turnover_limit,,,,,0.5002435445785522,,,20.0,,2964.18,0.0,
SOL/USDT,xgb_primary,conservative,1m,2025-12-19 13:39:00+00:00,,2025-12-19 13:39:00+00:00,buy,True,turnover_limit,turnover_limit,turnover_limit,,False,0.565682053565979,0.565682053565979,,0.48,turnover_limit,,,,,0.565682053565979,,,10.0,,126.25,0.0,
ETH/USDT,xgb_primary,primary,1m,2025-12-19 13:39:00+00:00,,2025-12-19 13:39:00+00:00,buy,True,turnover_limit,turnover_limit,turnover_limit,,False,0.565682053565979,0.565682053565979,,0.48,turnover_limit,,,,,0.565682053565979,,,20.0,,2965.57,0.0,
BTC/USDT,xgb_primary,conservative,1m,2025-12-19 13:40:00+00:00,,2025-12-19 13:40:00+00:00,buy,True,turnover_limit,turnover_limit,turnover_limit,,False,0.6076040863990784,0.6076040863990784,,0.56,turnover_limit,,,,,0.6076040863990784,,,15.0,,88117.67,0.0,
ETH/USDT,xgb_primary,primary,1m,2025-12-19 13:40:00+00:00,,2025-12-19 13:40:00+00:00,buy,True,turnover_limit,turnover_limit,turnover_limit,,False,0.565682053565979,0.565682053565979,,0.48,turnover_limit,,,,,0.565682053565979,,,20.0,,2963.75,0.0,
BTC/USDT,xgb_primary,conservative,1m,2025-12-19 13:43:00+00:00,,2025-12-19 13:43:00+00:00,buy,True,turnover_limit,turnover_limit,turnover_limit,,False,0.565682053565979,0.565682053565979,,0.56,turnover_limit,,,,,0.565682053565979,,,15.0,,88090.76,0.0,
BTC/USDT,xgb_primary,conservative,1m,2025-12-19 13:44:00+00:00,,2025-12-19 13:44:00+00:00,buy,True,turnover_limit,turnover_limit,turnover_limit,,False,0.565682053565979,0.565682053565979,,0.56,turnover_limit,,,,,0.565682053565979,,,15.0,,88083.72,0.0,
ETH/USDT,xgb_primary,primary,1m,2025-12-19 13:46:00+00:00,,2025-12-19 13:46:00+00:00,buy,True,turnover_limit,turnover_limit,turnover_limit,,False,0.565682053565979,0.565682053565979,,0.48,turnover_limit,,,,,0.565682053565979,,,20.0,,2962.32,0.0,
BTC/USDT,xgb_primary,conservative,1m,2025-12-19 13:46:00+00:00,,2025-12-19 13:46:00+00:00,buy,True,turnover_limit,turnover_limit,turnover_limit,,False,0.5878524780273438,0.5878524780273438,,0.56,turnover_limit,,,,,0.5878524780273438,,,15.0,,88028.18,0.0,
ETH/USDT,xgb_primary,primary,1m,2025-12-19 13:47:00+00:00,,2025-12-19 13:47:00+00:00,buy,True,turnover_limit,turnover_limit,turnover_limit,,False,0.6076040863990784,0.6076040863990784,,0.48,turnover_limit,,,,,0.6076040863990784,,,20.0,,2962.0,0.0,
SOL/USDT,xgb_primary,conservative,1m,2025-12-19 13:47:00+00:00,,2025-12-19 13:47:00+00:00,buy,True,turnover_limit,turnover_limit,turnover_limit,,False,0.5002435445785522,0.5002435445785522,,0.48,turnover_limit,,,,,0.5002435445785522,,,10.0,,125.89,0.0,
ETH/USDT,xgb_primary,primary,1m,2025-12-19 13:48:00+00:00,,2025-12-19 13:48:00+00:00,buy,True,turnover_limit,turnover_limit,turnover_limit,,False,0.6076040863990784,0.6076040863990784,,0.48,turnover_limit,,,,,0.6076040863990784,,,20.0,,2961.08,0.0,
SOL/USDT,xgb_primary,conservative,1m,2025-12-19 13:48:00+00:00,,2025-12-19 13:48:00+00:00,buy,True,turnover_limit,turnover_limit,turnover_limit,,False,0.5002435445785522,0.5002435445785522,,0.48,turnover_limit,,,,,0.5002435445785522,,,10.0,,125.92,0.0,
ETH/USDT,xgb_primary,primary,1m,2025-12-19 13:49:00+00:00,,2025-12-19 13:49:00+00:00,buy,True,turnover_limit,turnover_limit,turnover_limit,,False,0.565682053565979,0.565682053565979,,0.48,turnover_limit,,,,,0.565682053565979,,,20.0,,2960.72,0.0,
BTC/USDT,xgb_primary,conservative,1m,2025-12-19 13:49:00+00:00,,2025-12-19 13:49:00+00:00,buy,True,turnover_limit,turnover_limit,turnover_limit,,False,0.565682053565979,0.565682053565979,,0.56,turnover_limit,,,,,0.565682053565979,,,15.0,,88044.78,0.0,
BTC/USDT,xgb_primary,conservative,1m,2025-12-19 13:50:00+00:00,,2025-12-19 13:50:00+00:00,buy,True,turnover_limit,turnover_limit,turnover_limit,,False,0.565682053565979,0.565682053565979,,0.56,turnover_limit,,,,,0.565682053565979,,,15.0,,87963.72,0.0,
SOL/USDT,xgb_primary,conservative,1m,2025-12-19 13:50:00+00:00,,2025-12-19 13:50:00+00:00,buy,True,turnover_limit,turnover_limit,turnover_limit,,False,0.5002435445785522,0.5002435445785522,,0.48,turnover_limit,,,,,0.5002435445785522,,,10.0,,126.09,0.0,
ETH/USDT,xgb_primary,primary,1m,2025-12-19 13:50:00+00:00,,2025-12-19 13:50:00+00:00,buy,True,turnover_limit,turnover_limit,turnover_limit,,False,0.565682053565979,0.565682053565979,,0.48,turnover_limit,,,,,0.565682053565979,,,20.0,,2962.0,0.0,
ETH/USDT,xgb_primary,primary,1m,2025-12-19 13:51:00+00:00,,2025-12-19 13:51:00+00:00,buy,True,turnover_limit,turnover_limit,turnover_limit,,False,0.565682053565979,0.565682053565979,,0.48,turnover_limit,,,,,0.565682053565979,,,20.0,,2960.12,0.0,
ETH/USDT,xgb_primary,primary,1m,2025-12-19 13:56:00+00:00,,2025-12-19 13:56:00+00:00,buy,True,turnover_limit,turnover_limit,turnover_limit,,False,0.5002435445785522,0.5002435445785522,,0.48,turnover_limit,,,,,0.5002435445785522,,,20.0,,2959.55,0.0,
ETH/USDT,xgb_primary,primary,1m,2025-12-19 14:00:00+00:00,,2025-12-19 14:00:00+00:00,buy,True,turnover_limit,turnover_limit,turnover_limit,,False,0.5002435445785522,0.5002435445785522,,0.48,turnover_limit,,,,,0.5002435445785522,,,20.0,,2957.98,0.0,
ETH/USDT,xgb_primary,primary,1m,2025-12-19 14:02:00+00:00,,2025-12-19 14:02:00+00:00,buy,True,turnover_limit,turnover_limit,turnover_limit,,False,0.5002435445785522,0.5002435445785522,,0.48,turnover_limit,,,,,0.5002435445785522,,,20.0,,2962.76,0.0,
SOL/USDT,xgb_primary,conservative,1m,2025-12-19 14:02:00+00:00,,2025-12-19 14:02:00+00:00,buy,True,turnover_limit,turnover_limit,turnover_limit,,False,0.565682053565979,0.565682053565979,,0.48,turnover_limit,,,,,0.565682053565979,,,10.0,,126.14,0.0,
ETH/USDT,xgb_primary,primary,1m,2025-12-19 14:04:00+00:00,,2025-12-19 14:04:00+00:00,buy,True,turnover_limit,turnover_limit,turnover_limit,,False,0.565682053565979,0.565682053565979,,0.48,turnover_limit,,,,,0.565682053565979,,,20.0,,2964.34,0.0,
SOL/USDT,xgb_primary,conservative,1m,2025-12-19 14:04:00+00:00,,2025-12-19 14:04:00+00:00,buy,True,turnover_limit,turnover_limit,turnover_limit,,False,0.6076040863990784,0.6076040863990784,,0.48,turnover_limit,,,,,0.6076040863990784,,,10.0,,126.28,0.0,
ETH/USDT,xgb_primary,primary,1m,2025-12-19 14:05:00+00:00,,2025-12-19 14:05:00+00:00,buy,True,turnover_limit,turnover_limit,turnover_limit,,False,0.565682053565979,0.565682053565979,,0.48,turnover_limit,,,,,0.565682053565979,,,20.0,,2966.11,0.0,
BTC/USDT,xgb_primary,conservative,1m,2025-12-19 14:05:00+00:00,,2025-12-19 14:05:00+00:00,buy,True,turnover_limit,turnover_limit,turnover_limit,,False,0.565682053565979,0.565682053565979,,0.56,turnover_limit,,,,,0.565682053565979,,,15.0,,88083.71,0.0,
SOL/USDT,xgb_primary,conservative,1m,2025-12-19 14:05:00+00:00,,2025-12-19 14:05:00+00:00,buy,True,turnover_limit,turnover_limit,turnover_limit,,False,0.5878524780273438,0.5878524780273438,,0.48,turnover_limit,,,,,0.5878524780273438,,,10.0,,126.26,0.0,
ETH/USDT,xgb_primary,primary,1m,2025-12-19 14:06:00+00:00,,2025-12-19 14:06:00+00:00,buy,True,turnover_limit,turnover_limit,turnover_limit,,False,0.6076040863990784,0.6076040863990784,,0.48,turnover_limit,,,,,0.6076040863990784,,,20.0,,2966.35,0.0,
SOL/USDT,xgb_primary,conservative,1m,2025-12-19 14:06:00+00:00,,2025-12-19 14:06:00+00:00,buy,True,turnover_limit,turnover_limit,turnover_limit,,False,0.6076040863990784,0.6076040863990784,,0.48,turnover_limit,,,,,0.6076040863990784,,,10.0,,126.24,0.0,
BTC/USDT,xgb_primary,conservative,1m,2025-12-19 14:07:00+00:00,,2025-12-19 14:07:00+00:00,buy,True,turnover_limit,turnover_limit,turnover_limit,,False,0.5878524780273438,0.5878524780273438,,0.56,turnover_limit,,,,,0.5878524780273438,,,15.0,,88127.5,0.0,
ETH/USDT,xgb_primary,primary,1m,2025-12-19 14:07:00+00:00,,2025-12-19 14:07:00+00:00,buy,True,turnover_limit,turnover_limit,turnover_limit,,False,0.6076040863990784,0.6076040863990784,,0.48,turnover_limit,,,,,0.6076040863990784,,,20.0,,2968.0,0.0,
SOL/USDT,xgb_primary,conservative,1m,2025-12-19 14:07:00+00:00,,2025-12-19 14:07:00+00:00,buy,True,turnover_limit,turnover_limit,turnover_limit,,False,0.6076040863990784,0.6076040863990784,,0.48,turnover_limit,,,,,0.6076040863990784,,,10.0,,126.27,0.0,
SOL/USDT,xgb_primary,conservative,1m,2025-12-19 14:08:00+00:00,,2025-12-19 14:08:00+00:00,buy,True,turnover_limit,turnover_limit,turnover_limit,,False,0.565682053565979,0.565682053565979,,0.48,turnover_limit,,,,,0.565682053565979,,,10.0,,126.21,0.0,
ETH/USDT,xgb_primary,primary,1m,2025-12-19 14:08:00+00:00,,2025-12-19 14:08:00+00:00,buy,True,turnover_limit,turnover_limit,turnover_limit,,False,0.6076040863990784,0.6076040863990784,,0.48,turnover_limit,,,,,0.6076040863990784,,,20.0,,2966.53,0.0,
BTC/USDT,xgb_primary,conservative,1m,2025-12-19 14:08:00+00:00,,2025-12-19 14:08:00+00:00,buy,True,turnover_limit,turnover_limit,turnover_limit,,False,0.565682053565979,0.565682053565979,,0.56,turnover_limit,,,,,0.565682053565979,,,15.0,,88112.65,0.0,
SOL/USDT,xgb_primary,conservative,1m,2025-12-19 14:09:00+00:00,,2025-12-19 14:09:00+00:00,buy,True,turnover_limit,turnover_limit,turnover_limit,,False,0.5878524780273438,0.5878524780273438,,0.48,turnover_limit,,,,,0.5878524780273438,,,10.0,,126.22,0.0,
ETH/USDT,xgb_primary,primary,1m,2025-12-19 14:10:00+00:00,,2025-12-19 14:10:00+00:00,buy,True,turnover_limit,turnover_limit,turnover_limit,,False,0.6076040863990784,0.6076040863990784,,0.48,turnover_limit,,,,,0.6076040863990784,,,20.0,,2969.89,0.0,
SOL/USDT,xgb_primary,conservative,1m,2025-12-19 14:10:00+00:00,,2025-12-19 14:10:00+00:00,buy,True,turnover_limit,turnover_limit,turnover_limit,,False,0.5878524780273438,0.5878524780273438,,0.48,turnover_limit,,,,,0.5878524780273438,,,10.0,,126.16,0.0,
BTC/USDT,xgb_primary,conservative,1m,2025-12-19 14:10:00+00:00,,2025-12-19 14:10:00+00:00,buy,True,turnover_limit,turnover_limit,turnover_limit,,False,0.6076040863990784,0.6076040863990784,,0.56,turnover_limit,,,,,0.6076040863990784,,,15.0,,88091.85,0.0,
ETH/USDT,xgb_primary,primary,1m,2025-12-19 14:11:00+00:00,,2025-12-19 14:11:00+00:00,buy,True,turnover_limit,turnover_limit,turnover_limit,,False,0.6076040863990784,0.6076040863990784,,0.48,turnover_limit,,,,,0.6076040863990784,,,20.0,,2968.27,0.0,
SOL/USDT,xgb_primary,conservative,1m,2025-12-19 14:11:00+00:00,,2025-12-19 14:11:00+00:00,buy,True,turnover_limit,turnover_limit,turnover_limit,,False,0.6076040863990784,0.6076040863990784,,0.48,turnover_limit,,,,,0.6076040863990784,,,10.0,,126.15,0.0,
BTC/USDT,xgb_primary,conservative,1m,2025-12-19 14:11:00+00:00,,2025-12-19 14:11:00+00:00,buy,True,turnover_limit,turnover_limit,turnover_limit,,False,0.5878524780273438,0.5878524780273438,,0.56,turnover_limit,,,,,0.5878524780273438,,,15.0,,88103.92,0.0,
BTC/USDT,xgb_primary,conservative,1m,2025-12-19 14:12:00+00:00,,2025-12-19 14:12:00+00:00,buy,True,turnover_limit,turnover_limit,turnover_limit,,False,0.6076040863990784,0.6076040863990784,,0.56,turnover_limit,,,,,0.6076040863990784,,,15.0,,88199.17,0.0,
SOL/USDT,xgb_primary,conservative,1m,2025-12-19 14:12:00+00:00,,2025-12-19 14:12:00+00:00,buy,True,turnover_limit,turnover_limit,turnover_limit,,False,0.6076040863990784,0.6076040863990784,,0.48,turnover_limit,,,,,0.6076040863990784,,,10.0,,126.22,0.0,
ETH/USDT,xgb_primary,primary,1m,2025-12-19 14:12:00+00:00,,2025-12-19 14:12:00+00:00,buy,True,turnover_limit,turnover_limit,turnover_limit,,False,0.6076040863990784,0.6076040863990784,,0.48,turnover_limit,,,,,0.6076040863990784,,,20.0,,2969.71,0.0,
ETH/USDT,xgb_primary,primary,1m,2025-12-19 14:13:00+00:00,,2025-12-19 14:13:00+00:00,buy,True,turnover_limit,turnover_limit,turnover_limit,,False,0.6076040863990784,0.6076040863990784,,0.48,turnover_limit,,,,,0.6076040863990784,,,20.0,,2976.73,0.0,
SOL/USDT,xgb_primary,conservative,1m,2025-12-19 14:13:00+00:00,,2025-12-19 14:13:00+00:00,buy,True,turnover_limit,turnover_limit,turnover_limit,,False,0.6076040863990784,0.6076040863990784,,0.48,turnover_limit,,,,,0.6076040863990784,,,10.0,,126.13,0.0,
SOL/USDT,xgb_primary,conservative,1m,2025-12-19 14:14:00+00:00,,2025-12-19 14:14:00+00:00,buy,True,turnover_limit,turnover_limit,turnover_limit,,False,0.6076040863990784,0.6076040863990784,,0.48,turnover_limit,,,,,0.6076040863990784,,,10.0,,126.19,0.0,
ETH/USDT,xgb_primary,primary,1m,2025-12-19 14:15:00+00:00,,2025-12-19 14:15:00+00:00,buy,True,turnover_limit,turnover_limit,turnover_limit,,False,0.6844155788421631,0.6844155788421631,,0.48,turnover_limit,,,,,0.6844155788421631,,,20.0,,2975.97,0.0,
SOL/USDT,xgb_primary,conservative,1m,2025-12-19 14:15:00+00:00,,2025-12-19 14:15:00+00:00,buy,True,turnover_limit,turnover_limit,turnover_limit,,False,0.6076040863990784,0.6076040863990784,,0.48,turnover_limit,,,,,0.6076040863990784,,,10.0,,126.15,0.0,
SOL/USDT,xgb_primary,conservative,1m,2025-12-19 14:16:00+00:00,,2025-12-19 14:16:00+00:00,buy,True,turnover_limit,turnover_limit,turnover_limit,,False,0.565682053565979,0.565682053565979,,0.48,turnover_limit,,,,,0.565682053565979,,,10.0,,126.12,0.0,
BTC/USDT,xgb_primary,conservative,1m,2025-12-19 14:16:00+00:00,,2025-12-19 14:16:00+00:00,buy,True,turnover_limit,turnover_limit,turnover_limit,,False,0.6076040863990784,0.6076040863990784,,0.56,turnover_limit,,,,,0.6076040863990784,,,15.0,,88226.1,0.0,
ETH/USDT,xgb_primary,primary,1m,2025-12-19 14:18:00+00:00,,2025-12-19 14:18:00+00:00,buy,True,turnover_limit,turnover_limit,turnover_limit,,False,0.6076040863990784,0.6076040863990784,,0.48,turnover_limit,,,,,0.6076040863990784,,,20.0,,2970.68,0.0,
ETH/USDT,xgb_primary,primary,1m,2025-12-19 14:19:00+00:00,,2025-12-19 14:19:00+00:00,buy,True,turnover_limit,turnover_limit,turnover_limit,,False,0.6076040863990784,0.6076040863990784,,0.48,turnover_limit,,,,,0.6076040863990784,,,20.0,,2969.57,0.0,
ETH/USDT,xgb_primary,primary,1m,2025-12-19 14:20:00+00:00,,2025-12-19 14:20:00+00:00,buy,True,turnover_limit,turnover_limit,turnover_limit,,False,0.6076040863990784,0.6076040863990784,,0.48,turnover_limit,,,,,0.6076040863990784,,,20.0,,2970.95,0.0,
ETH/USDT,xgb_primary,primary,1m,2025-12-19 14:21:00+00:00,,2025-12-19 14:21:00+00:00,buy,True,turnover_limit,turnover_limit,turnover_limit,,False,0.6076040863990784,0.6076040863990784,,0.48,turnover_limit,,,,,0.6076040863990784,,,20.0,,2969.21,0.0,
ETH/USDT,xgb_primary,primary,1m,2025-12-19 14:22:00+00:00,,2025-12-19 14:22:00+00:00,buy,True,turnover_limit,turnover_limit,turnover_limit,,False,0.565682053565979,0.565682053565979,,0.48,turnover_limit,,,,,0.565682053565979,,,20.0,,2968.52,0.0,
ETH/USDT,xgb_primary,primary,1m,2025-12-19 14:23:00+00:00,,2025-12-19 14:23:00+00:00,buy,True,turnover_limit,turnover_limit,turnover_limit,,False,0.565682053565979,0.565682053565979,,0.48,turnover_limit,,,,,0.565682053565979,,,20.0,,2969.73,0.0,
ETH/USDT,xgb_primary,primary,1m,2025-12-19 14:25:00+00:00,,2025-12-19 14:25:00+00:00,buy,True,turnover_limit,turnover_limit,turnover_limit,,False,0.5002435445785522,0.5002435445785522,,0.48,turnover_limit,,,,,0.5002435445785522,,,20.0,,2954.37,0.0,
SOL/USDT,xgb_primary,conservative,1m,2025-12-19 15:06:00+00:00,,2025-12-19 15:06:00+00:00,buy,True,turnover_limit,turnover_limit,turnover_limit,,False,0.6076040863990784,0.6076040863990784,,0.48,turnover_limit,,,,,0.6076040863990784,,,10.0,,125.95,0.0,
BTC/USDT,xgb_primary,conservative,1m,2025-12-19 15:06:00+00:00,,2025-12-19 15:06:00+00:00,buy,True,turnover_limit,turnover_limit,turnover_limit,,False,0.565682053565979,0.565682053565979,,0.56,turnover_limit,,,,,0.565682053565979,,,15.0,,88181.87,0.0,
SOL/USDT,xgb_primary,conservative,1m,2025-12-19 15:07:00+00:00,,2025-12-19 15:07:00+00:00,buy,True,turnover_limit,turnover_limit,turnover_limit,,False,0.6076040863990784,0.6076040863990784,,0.48,turnover_limit,,,,,0.6076040863990784,,,10.0,,126.04,0.0,
ETH/USDT,xgb_primary,primary,1m,2025-12-19 15:08:00+00:00,,2025-12-19 15:08:00+00:00,buy,True,turnover_limit,turnover_limit,turnover_limit,,False,0.6076040863990784,0.6076040863990784,,0.48,turnover_limit,,,,,0.6076040863990784,,,20.0,,2977.88,0.0,
BTC/USDT,xgb_primary,conservative,1m,2025-12-19 15:09:00+00:00,,2025-12-19 15:09:00+00:00,buy,True,turnover_limit,turnover_limit,turnover_limit,,False,0.6076040863990784,0.6076040863990784,,0.56,turnover_limit,,,,,0.6076040863990784,,,15.0,,88259.49,0.0,
ETH/USDT,xgb_primary,primary,1m,2025-12-19 15:10:00+00:00,,2025-12-19 15:10:00+00:00,buy,True,turnover_limit,turnover_limit,turnover_limit,,False,0.6844155788421631,0.6844155788421631,,0.48,turnover_limit,,,,,0.6844155788421631,,,20.0,,2979.69,0.0,
ETH/USDT,xgb_primary,primary,1m,2025-12-19 15:11:00+00:00,,2025-12-19 15:11:00+00:00,buy,True,turnover_limit,turnover_limit,turnover_limit,,False,0.6699029207229614,0.6699029207229614,,0.48,turnover_limit,,,,,0.6699029207229614,,,20.0,,2985.67,0.0,
ETH/USDT,xgb_primary,primary,1m,2025-12-19 15:13:00+00:00,,2025-12-19 15:13:00+00:00,buy,True,turnover_limit,turnover_limit,turnover_limit,,False,0.6076040863990784,0.6076040863990784,,0.48,turnover_limit,,,,,0.6076040863990784,,,20.0,,2984.36,0.0,
ETH/USDT,xgb_primary,primary,1m,2025-12-19 15:14:00+00:00,,2025-12-19 15:14:00+00:00,buy,True,turnover_limit,turnover_limit,turnover_limit,,False,0.6076040863990784,0.6076040863990784,,0.48,turnover_limit,,,,,0.6076040863990784,,,20.0,,2987.83,0.0,
ETH/USDT,xgb_primary,primary,1m,2025-12-19 15:15:00+00:00,,2025-12-19 15:15:00+00:00,buy,True,turnover_limit,turnover_limit,turnover_limit,,False,0.6076040863990784,0.6076040863990784,,0.48,turnover_limit,,,,,0.6076040863990784,,,20.0,,2990.85,0.0,
ETH/USDT,xgb_primary,primary,1m,2025-12-19 15:18:00+00:00,,2025-12-19 15:18:00+00:00,buy,True,turnover_limit,turnover_limit,turnover_limit,,False,0.6844155788421631,0.6844155788421631,,0.48,turnover_limit,,,,,0.6844155788421631,,,20.0,,3007.76,0.0,
ETH/USDT,xgb_primary,primary,1m,2025-12-19 15:19:00+00:00,,2025-12-19 15:19:00+00:00,buy,True,turnover_limit,turnover_limit,turnover_limit,,False,0.6699029207229614,0.6699029207229614,,0.48,turnover_limit,,,,,0.6699029207229614,,,20.0,,2980.32,0.0,
SOL/USDT,xgb_primary,conservative,1m,2025-12-19 15:40:00+00:00,,2025-12-19 15:40:00+00:00,buy,True,turnover_limit,turnover_limit,turnover_limit,,False,0.565682053565979,0.565682053565979,,0.48,turnover_limit,,,,,0.565682053565979,,,10.0,,125.81,0.0,
SOL/USDT,xgb_primary,conservative,1m,2025-12-19 15:41:00+00:00,,2025-12-19 15:41:00+00:00,buy,True,turnover_limit,turnover_limit,turnover_limit,,False,0.5878524780273438,0.5878524780273438,,0.48,turnover_limit,,,,,0.5878524780273438,,,10.0,,125.59,0.0,
SOL/USDT,xgb_primary,conservative,1m,2025-12-19 15:42:00+00:00,,2025-12-19 15:42:00+00:00,buy,True,turnover_limit,turnover_limit,turnover_limit,,False,0.565682053565979,0.565682053565979,,0.48,turnover_limit,,,,,0.565682053565979,,,10.0,,125.43,0.0,
ETH/USDT,xgb_primary,primary,1m,2025-12-19 15:44:00+00:00,,2025-12-19 15:44:00+00:00,buy,True,turnover_limit,turnover_limit,turnover_limit,,False,0.6076040863990784,0.6076040863990784,,0.48,turnover_limit,,,,,0.6076040863990784,,,20.0,,2970.01,0.0,
ETH/USDT,xgb_primary,primary,1m,2025-12-19 15:45:00+00:00,,2025-12-19 15:45:00+00:00,buy,True,turnover_limit,turnover_limit,turnover_limit,,False,0.565682053565979,0.565682053565979,,0.48,turnover_limit,,,,,0.565682053565979,,,20.0,,2967.31,0.0,
ETH/USDT,xgb_primary,primary,1m,2025-12-19 15:47:00+00:00,,2025-12-19 15:47:00+00:00,buy,True,turnover_limit,turnover_limit,turnover_limit,,False,0.565682053565979,0.565682053565979,,0.48,turnover_limit,,,,,0.565682053565979,,,20.0,,2960.44,0.0,
ETH/USDT,xgb_primary,primary,1m,2025-12-19 16:02:00+00:00,,2025-12-19 16:02:00+00:00,buy,True,turnover_limit,turnover_limit,turnover_limit,,False,0.6076040863990784,0.6076040863990784,,0.48,turnover_limit,,,,,0.6076040863990784,,,20.0,,2975.95,0.0,
ETH/USDT,xgb_primary,primary,1m,2025-12-19 16:03:00+00:00,,2025-12-19 16:03:00+00:00,buy,True,turnover_limit,turnover_limit,turnover_limit,,False,0.6076040863990784,0.6076040863990784,,0.48,turnover_limit,,,,,0.6076040863990784,,,20.0,,2975.38,0.0,
BTC/USDT,xgb_primary,conservative,1m,2025-12-19 16:03:00+00:00,,2025-12-19 16:03:00+00:00,buy,True,turnover_limit,turnover_limit,turnover_limit,,False,0.6076040863990784,0.6076040863990784,,0.56,turnover_limit,,,,,0.6076040863990784,,,15.0,,88298.88,0.0,
ETH/USDT,xgb_primary,primary,1m,2025-12-19 16:05:00+00:00,,2025-12-19 16:05:00+00:00,buy,True,turnover_limit,turnover_limit,turnover_limit,,False,0.6844155788421631,0.6844155788421631,,0.48,turnover_limit,,,,,0.6844155788421631,,,20.0,,2976.4,0.0,
BTC/USDT,xgb_primary,conservative,1m,2025-12-19 16:05:00+00:00,,2025-12-19 16:05:00+00:00,buy,True,turnover_limit,turnover_limit,turnover_limit,,False,0.6076040863990784,0.6076040863990784,,0.56,turnover_limit,,,,,0.6076040863990784,,,15.0,,88327.39,0.0,
BTC/USDT,xgb_primary,conservative,1m,2025-12-19 16:06:00+00:00,,2025-12-19 16:06:00+00:00,buy,True,turnover_limit,turnover_limit,turnover_limit,,False,0.6115108132362366,0.6115108132362366,,0.56,turnover_limit,,,,,0.6115108132362366,,,15.0,,88389.31,0.0,
ETH/USDT,xgb_primary,primary,1m,2025-12-19 16:06:00+00:00,,2025-12-19 16:06:00+00:00,buy,True,turnover_limit,turnover_limit,turnover_limit,,False,0.6076040863990784,0.6076040863990784,,0.48,turnover_limit,,,,,0.6076040863990784,,,20.0,,2983.22,0.0,
ETH/USDT,xgb_primary,primary,1m,2025-12-19 16:08:00+00:00,,2025-12-19 16:08:00+00:00,buy,True,turnover_limit,turnover_limit,turnover_limit,,False,0.6699029207229614,0.6699029207229614,,0.48,turnover_limit,,,,,0.6699029207229614,,,20.0,,2982.61,0.0,
SOL/USDT,xgb_primary,conservative,1m,2025-12-19 16:08:00+00:00,,2025-12-19 16:08:00+00:00,buy,True,turnover_limit,turnover_limit,turnover_limit,,False,0.6844155788421631,0.6844155788421631,,0.48,turnover_limit,,,,,0.6844155788421631,,,10.0,,126.2,0.0,
BTC/USDT,xgb_primary,conservative,1m,2025-12-19 16:08:00+00:00,,2025-12-19 16:08:00+00:00,buy,True,turnover_limit,turnover_limit,turnover_limit,,False,0.6844155788421631,0.6844155788421631,,0.56,turnover_limit,,,,,0.6844155788421631,,,15.0,,88350.35,0.0,
SOL/USDT,xgb_primary,conservative,1m,2025-12-19 16:09:00+00:00,,2025-12-19 16:09:00+00:00,buy,True,turnover_limit,turnover_limit,turnover_limit,,False,0.6844155788421631,0.6844155788421631,,0.48,turnover_limit,,,,,0.6844155788421631,,,10.0,,126.36,0.0,
ETH/USDT,xgb_primary,primary,1m,2025-12-19 16:10:00+00:00,,2025-12-19 16:10:00+00:00,buy,True,turnover_limit,turnover_limit,turnover_limit,,False,0.6699029207229614,0.6699029207229614,,0.48,turnover_limit,,,,,0.6699029207229614,,,20.0,,2985.5,0.0,
SOL/USDT,xgb_primary,conservative,1m,2025-12-19 16:10:00+00:00,,2025-12-19 16:10:00+00:00,buy,True,turnover_limit,turnover_limit,turnover_limit,,False,0.6844155788421631,0.6844155788421631,,0.48,turnover_limit,,,,,0.6844155788421631,,,10.0,,126.47,0.0,
SOL/USDT,xgb_primary,conservative,1m,2025-12-19 16:11:00+00:00,,2025-12-19 16:11:00+00:00,buy,True,turnover_limit,turnover_limit,turnover_limit,,False,0.6844155788421631,0.6844155788421631,,0.48,turnover_limit,,,,,0.6844155788421631,,,10.0,,126.4,0.0,
BTC/USDT,xgb_primary,conservative,1m,2025-12-19 16:11:00+00:00,,2025-12-19 16:11:00+00:00,buy,True,turnover_limit,turnover_limit,turnover_limit,,False,0.6844155788421631,0.6844155788421631,,0.56,turnover_limit,,,,,0.6844155788421631,,,15.0,,88400.01,0.0,
ETH/USDT,xgb_primary,primary,1m,2025-12-19 16:12:00+00:00,,2025-12-19 16:12:00+00:00,buy,True,turnover_limit,turnover_limit,turnover_limit,,False,0.6699029207229614,0.6699029207229614,,0.48,turnover_limit,,,,,0.6699029207229614,,,20.0,,2985.65,0.0,
ETH/USDT,xgb_primary,primary,1m,2025-12-19 16:13:00+00:00,,2025-12-19 16:13:00+00:00,buy,True,turnover_limit,turnover_limit,turnover_limit,,False,0.6699029207229614,0.6699029207229614,,0.48,turnover_limit,,,,,0.6699029207229614,,,20.0,,2985.17,0.0,
BTC/USDT,xgb_primary,conservative,1m,2025-12-19 16:14:00+00:00,,2025-12-19 16:14:00+00:00,buy,True,turnover_limit,turnover_limit,turnover_limit,,False,0.6844155788421631,0.6844155788421631,,0.56,turnover_limit,,,,,0.6844155788421631,,,15.0,,88411.55,0.0,
BTC/USDT,xgb_primary,conservative,1m,2025-12-19 16:15:00+00:00,,2025-12-19 16:15:00+00:00,buy,True,turnover_limit,turnover_limit,turnover_limit,,False,0.6844155788421631,0.6844155788421631,,0.56,turnover_limit,,,,,0.6844155788421631,,,15.0,,88360.01,0.0,
ETH/USDT,xgb_primary,primary,1m,2025-12-19 16:15:00+00:00,,2025-12-19 16:15:00+00:00,buy,True,turnover_limit,turnover_limit,turnover_limit,,False,0.6699029207229614,0.6699029207229614,,0.48,turnover_limit,,,,,0.6699029207229614,,,20.0,,2985.71,0.0,
SOL/USDT,xgb_primary,conservative,1m,2025-12-19 16:16:00+00:00,,2025-12-19 16:16:00+00:00,buy,True,turnover_limit,turnover_limit,turnover_limit,,False,0.6844155788421631,0.6844155788421631,,0.48,turnover_limit,,,,,0.6844155788421631,,,10.0,,126.24,0.0,
SOL/USDT,xgb_primary,conservative,1m,2025-12-19 16:17:00+00:00,,2025-12-19 16:17:00+00:00,buy,True,turnover_limit,turnover_limit,turnover_limit,,False,0.6844155788421631,0.6844155788421631,,0.48,turnover_limit,,,,,0.6844155788421631,,,10.0,,126.17,0.0,
ETH/USDT,xgb_primary,primary,1m,2025-12-19 16:17:00+00:00,,2025-12-19 16:17:00+00:00,buy,True,turnover_limit,turnover_limit,turnover_limit,,False,0.6076040863990784,0.6076040863990784,,0.48,turnover_limit,,,,,0.6076040863990784,,,20.0,,2978.96,0.0,
BTC/USDT,xgb_primary,conservative,1m,2025-12-19 16:18:00+00:00,,2025-12-19 16:18:00+00:00,buy,True,turnover_limit,turnover_limit,turnover_limit,,False,0.565682053565979,0.565682053565979,,0.56,turnover_limit,,,,,0.565682053565979,,,15.0,,88305.34,0.0,
SOL/USDT,xgb_primary,conservative,1m,2025-12-19 16:19:00+00:00,,2025-12-19 16:19:00+00:00,buy,True,turnover_limit,turnover_limit,turnover_limit,,False,0.6115108132362366,0.6115108132362366,,0.48,turnover_limit,,,,,0.6115108132362366,,,10.0,,126.11,0.0,
ETH/USDT,xgb_primary,primary,1m,2025-12-19 16:20:00+00:00,,2025-12-19 16:20:00+00:00,buy,True,turnover_limit,turnover_limit,turnover_limit,,False,0.565682053565979,0.565682053565979,,0.48,turnover_limit,,,,,0.565682053565979,,,20.0,,2977.8,0.0,
ETH/USDT,xgb_primary,primary,1m,2025-12-19 16:23:00+00:00,,2025-12-19 16:23:00+00:00,buy,True,turnover_limit,turnover_limit,turnover_limit,,False,0.565682053565979,0.565682053565979,,0.48,turnover_limit,,,,,0.565682053565979,,,20.0,,2984.08,0.0,
SOL/USDT,xgb_primary,conservative,1m,2025-12-19 16:23:00+00:00,,2025-12-19 16:23:00+00:00,buy,True,turnover_limit,turnover_limit,turnover_limit,,False,0.5002435445785522,0.5002435445785522,,0.48,turnover_limit,,,,,0.5002435445785522,,,10.0,,126.07,0.0,
ETH/USDT,xgb_primary,primary,1m,2025-12-19 16:24:00+00:00,,2025-12-19 16:24:00+00:00,buy,True,turnover_limit,turnover_limit,turnover_limit,,False,0.565682053565979,0.565682053565979,,0.48,turnover_limit,,,,,0.565682053565979,,,20.0,,2981.36,0.0,
ETH/USDT,xgb_primary,primary,1m,2025-12-19 16:29:00+00:00,,2025-12-19 16:29:00+00:00,buy,True,turnover_limit,turnover_limit,turnover_limit,,False,0.5002435445785522,0.5002435445785522,,0.48,turnover_limit,,,,,0.5002435445785522,,,20.0,,2984.37,0.0,
BTC/USDT,xgb_primary,conservative,1m,2025-12-19 16:29:00+00:00,,2025-12-19 16:29:00+00:00,buy,True,turnover_limit,turnover_limit,turnover_limit,,False,0.565682053565979,0.565682053565979,,0.56,turnover_limit,,,,,0.565682053565979,,,15.0,,88519.35,0.0,
ETH/USDT,xgb_primary,primary,1m,2025-12-19 16:30:00+00:00,,2025-12-19 16:30:00+00:00,buy,True,turnover_limit,turnover_limit,turnover_limit,,False,0.5002435445785522,0.5002435445785522,,0.48,turnover_limit,,,,,0.5002435445785522,,,20.0,,2986.8,0.0,
ETH/USDT,xgb_primary,primary,1m,2025-12-19 16:31:00+00:00,,2025-12-19 16:31:00+00:00,buy,True,turnover_limit,turnover_limit,turnover_limit,,False,0.5002435445785522,0.5002435445785522,,0.48,turnover_limit,,,,,0.5002435445785522,,,20.0,,2993.31,0.0,
SOL/USDT,xgb_primary,conservative,1m,2025-12-19 16:31:00+00:00,,2025-12-19 16:31:00+00:00,buy,True,turnover_limit,turnover_limit,turnover_limit,,False,0.5002435445785522,0.5002435445785522,,0.48,turnover_limit,,,,,0.5002435445785522,,,10.0,,126.67,0.0,
ETH/USDT,xgb_primary,primary,1m,2025-12-19 16:32:00+00:00,,2025-12-19 16:32:00+00:00,buy,True,turnover_limit,turnover_limit,turnover_limit,,False,0.6076040863990784,0.6076040863990784,,0.48,turnover_limit,,,,,0.6076040863990784,,,20.0,,2996.31,0.0,
BTC/USDT,xgb_primary,conservative,1m,2025-12-19 16:32:00+00:00,,2025-12-19 16:32:00+00:00,buy,True,turnover_limit,turnover_limit,turnover_limit,,False,0.6076040863990784,0.6076040863990784,,0.56,turnover_limit,,,,,0.6076040863990784,,,15.0,,88739.04,0.0,
ETH/USDT,xgb_primary,primary,1m,2025-12-19 16:33:00+00:00,,2025-12-19 16:33:00+00:00,buy,True,turnover_limit,turnover_limit,turnover_limit,,False,0.6076040863990784,0.6076040863990784,,0.48,turnover_limit,,,,,0.6076040863990784,,,20.0,,3000.79,0.0,
SOL/USDT,xgb_primary,conservative,1m,2025-12-19 16:34:00+00:00,,2025-12-19 16:34:00+00:00,buy,True,turnover_limit,turnover_limit,turnover_limit,,False,0.6076040863990784,0.6076040863990784,,0.48,turnover_limit,,,,,0.6076040863990784,,,10.0,,126.68,0.0,
ETH/USDT,xgb_primary,primary,1m,2025-12-19 16:35:00+00:00,,2025-12-19 16:35:00+00:00,buy,True,turnover_limit,turnover_limit,turnover_limit,,False,0.6844155788421631,0.6844155788421631,,0.48,turnover_limit,,,,,0.6844155788421631,,,20.0,,2999.14,0.0,
ETH/USDT,xgb_primary,primary,1m,2025-12-19 16:36:00+00:00,,2025-12-19 16:36:00+00:00,buy,True,turnover_limit,turnover_limit,turnover_limit,,False,0.6699029207229614,0.6699029207229614,,0.48,turnover_limit,,,,,0.6699029207229614,,,20.0,,2988.64,0.0,
ETH/USDT,xgb_primary,primary,1m,2025-12-19 16:38:00+00:00,,2025-12-19 16:38:00+00:00,buy,True,turnover_limit,turnover_limit,turnover_limit,,False,0.5696744322776794,0.5696744322776794,,0.48,turnover_limit,,,,,0.5696744322776794,,,20.0,,2989.71,0.0,
SOL/USDT,xgb_primary,conservative,1m,2025-12-19 16:38:00+00:00,,2025-12-19 16:38:00+00:00,buy,True,turnover_limit,turnover_limit,turnover_limit,,False,0.565682053565979,0.565682053565979,,0.48,turnover_limit,,,,,0.565682053565979,,,10.0,,126.26,0.0,
BTC/USDT,xgb_primary,conservative,1m,2025-12-19 16:40:00+00:00,,2025-12-19 16:40:00+00:00,buy,True,turnover_limit,turnover_limit,turnover_limit,,False,0.6076040863990784,0.6076040863990784,,0.56,turnover_limit,,,,,0.6076040863990784,,,15.0,,88451.41,0.0,
BTC/USDT,xgb_primary,conservative,1m,2025-12-19 16:42:00+00:00,,2025-12-19 16:42:00+00:00,buy,True,turnover_limit,turnover_limit,turnover_limit,,False,0.5878524780273438,0.5878524780273438,,0.56,turnover_limit,,,,,0.5878524780273438,,,15.0,,88533.72,0.0,
BTC/USDT,xgb_primary,conservative,1m,2025-12-19 16:43:00+00:00,,2025-12-19 16:43:00+00:00,buy,True,turnover_limit,turnover_limit,turnover_limit,,False,0.5878524780273438,0.5878524780273438,,0.56,turnover_limit,,,,,0.5878524780273438,,,15.0,,88509.94,0.0,
SOL/USDT,xgb_primary,conservative,1m,2025-12-19 16:43:00+00:00,,2025-12-19 16:43:00+00:00,buy,True,turnover_limit,turnover_limit,turnover_limit,,False,0.565682053565979,0.565682053565979,,0.48,turnover_limit,,,,,0.565682053565979,,,10.0,,126.25,0.0,
SOL/USDT,xgb_primary,conservative,1m,2025-12-19 16:44:00+00:00,,2025-12-19 16:44:00+00:00,buy,True,turnover_limit,turnover_limit,turnover_limit,,False,0.5002435445785522,0.5002435445785522,,0.48,turnover_limit,,,,,0.5002435445785522,,,10.0,,126.21,0.0,
BTC/USDT,xgb_primary,conservative,1m,2025-12-19 16:44:00+00:00,,2025-12-19 16:44:00+00:00,buy,True,turnover_limit,turnover_limit,turnover_limit,,False,0.6076040863990784,0.6076040863990784,,0.56,turnover_limit,,,,,0.6076040863990784,,,15.0,,88500.0,0.0,
BTC/USDT,xgb_primary,conservative,1m,2025-12-19 16:45:00+00:00,,2025-12-19 16:45:00+00:00,buy,True,turnover_limit,turnover_limit,turnover_limit,,False,0.565682053565979,0.565682053565979,,0.56,turnover_limit,,,,,0.565682053565979,,,15.0,,88446.81,0.0,
ETH/USDT,xgb_primary,primary,1m,2025-12-19 17:05:00+00:00,,2025-12-19 17:05:00+00:00,buy,True,turnover_limit,turnover_limit,turnover_limit,,False,0.5002435445785522,0.5002435445785522,,0.48,turnover_limit,,,,,0.5002435445785522,,,20.0,,2971.51,0.0,
ETH/USDT,xgb_primary,primary,1m,2025-12-19 17:06:00+00:00,,2025-12-19 17:06:00+00:00,buy,True,turnover_limit,turnover_limit,turnover_limit,,False,0.5002435445785522,0.5002435445785522,,0.48,turnover_limit,,,,,0.5002435445785522,,,20.0,,2975.95,0.0,
SOL/USDT,xgb_primary,conservative,1m,2025-12-19 17:09:00+00:00,,2025-12-19 17:09:00+00:00,buy,True,turnover_limit,turnover_limit,turnover_limit,,False,0.6076040863990784,0.6076040863990784,,0.48,turnover_limit,,,,,0.6076040863990784,,,10.0,,125.98,0.0,
ETH/USDT,xgb_primary,primary,1m,2025-12-19 17:10:00+00:00,,2025-12-19 17:10:00+00:00,buy,True,turnover_limit,turnover_limit,turnover_limit,,False,0.6699029207229614,0.6699029207229614,,0.48,turnover_limit,,,,,0.6699029207229614,,,20.0,,2986.52,0.0,
BTC/USDT,xgb_primary,conservative,1m,2025-12-19 17:11:00+00:00,,2025-12-19 17:11:00+00:00,buy,True,turnover_limit,turnover_limit,turnover_limit,,False,0.6076040863990784,0.6076040863990784,,0.56,turnover_limit,,,,,0.6076040863990784,,,15.0,,88209.04,0.0,
SOL/USDT,xgb_primary,conservative,1m,2025-12-19 17:12:00+00:00,,2025-12-19 17:12:00+00:00,buy,True,turnover_limit,turnover_limit,turnover_limit,,False,0.6844155788421631,0.6844155788421631,,0.48,turnover_limit,,,,,0.6844155788421631,,,10.0,,125.88,0.0,
BTC/USDT,xgb_primary,conservative,1m,2025-12-19 17:12:00+00:00,,2025-12-19 17:12:00+00:00,buy,True,turnover_limit,turnover_limit,turnover_limit,,False,0.6076040863990784,0.6076040863990784,,0.56,turnover_limit,,,,,0.6076040863990784,,,15.0,,88163.76,0.0,
ETH/USDT,xgb_primary,primary,1m,2025-12-19 17:13:00+00:00,,2025-12-19 17:13:00+00:00,buy,True,turnover_limit,turnover_limit,turnover_limit,,False,0.6844155788421631,0.6844155788421631,,0.48,turnover_limit,,,,,0.6844155788421631,,,20.0,,2986.4,0.0,
SOL/USDT,xgb_primary,conservative,1m,2025-12-19 17:13:00+00:00,,2025-12-19 17:13:00+00:00,buy,True,turnover_limit,turnover_limit,turnover_limit,,False,0.6076040863990784,0.6076040863990784,,0.48,turnover_limit,,,,,0.6076040863990784,,,10.0,,125.89,0.0,
BTC/USDT,xgb_primary,conservative,1m,2025-12-19 17:13:00+00:00,,2025-12-19 17:13:00+00:00,buy,True,turnover_limit,turnover_limit,turnover_limit,,False,0.5878524780273438,0.5878524780273438,,0.56,turnover_limit,,,,,0.5878524780273438,,,15.0,,88089.15,0.0,
BTC/USDT,xgb_primary,conservative,1m,2025-12-19 17:14:00+00:00,,2025-12-19 17:14:00+00:00,buy,True,turnover_limit,turnover_limit,turnover_limit,,False,0.565682053565979,0.565682053565979,,0.56,turnover_limit,,,,,0.565682053565979,,,15.0,,88131.17,0.0,
ETH/USDT,xgb_primary,primary,1m,2025-12-19 17:14:00+00:00,,2025-12-19 17:14:00+00:00,buy,True,turnover_limit,turnover_limit,turnover_limit,,False,0.6699029207229614,0.6699029207229614,,0.48,turnover_limit,,,,,0.6699029207229614,,,20.0,,2983.61,0.0,
SOL/USDT,xgb_primary,conservative,1m,2025-12-19 17:14:00+00:00,,2025-12-19 17:14:00+00:00,buy,True,turnover_limit,turnover_limit,turnover_limit,,False,0.6844155788421631,0.6844155788421631,,0.48,turnover_limit,,,,,0.6844155788421631,,,10.0,,125.88,0.0,
ETH/USDT,xgb_primary,primary,1m,2025-12-19 17:15:00+00:00,,2025-12-19 17:15:00+00:00,buy,True,turnover_limit,turnover_limit,turnover_limit,,False,0.6699029207229614,0.6699029207229614,,0.48,turnover_limit,,,,,0.6699029207229614,,,20.0,,2984.69,0.0,
SOL/USDT,xgb_primary,conservative,1m,2025-12-19 17:15:00+00:00,,2025-12-19 17:15:00+00:00,buy,True,turnover_limit,turnover_limit,turnover_limit,,False,0.6699029207229614,0.6699029207229614,,0.48,turnover_limit,,,,,0.6699029207229614,,,10.0,,126.05,0.0,
ETH/USDT,xgb_primary,primary,1m,2025-12-19 17:18:00+00:00,,2025-12-19 17:18:00+00:00,buy,True,turnover_limit,turnover_limit,turnover_limit,,False,0.6076040863990784,0.6076040863990784,,0.48,turnover_limit,,,,,0.6076040863990784,,,20.0,,2986.42,0.0,
SOL/USDT,xgb_primary,conservative,1m,2025-12-19 17:18:00+00:00,,2025-12-19 17:18:00+00:00,buy,True,turnover_limit,turnover_limit,turnover_limit,,False,0.6844155788421631,0.6844155788421631,,0.48,turnover_limit,,,,,0.6844155788421631,,,10.0,,125.92,0.0,
ETH/USDT,xgb_primary,primary,1m,2025-12-19 17:19:00+00:00,,2025-12-19 17:19:00+00:00,buy,True,turnover_limit,turnover_limit,turnover_limit,,False,0.6115108132362366,0.6115108132362366,,0.48,turnover_limit,,,,,0.6115108132362366,,,20.0,,2984.43,0.0,
SOL/USDT,xgb_primary,conservative,1m,2025-12-19 17:20:00+00:00,,2025-12-19 17:20:00+00:00,buy,True,turnover_limit,turnover_limit,turnover_limit,,False,0.6076040863990784,0.6076040863990784,,0.48,turnover_limit,,,,,0.6076040863990784,,,10.0,,126.02,0.0,
ETH/USDT,xgb_primary,primary,1m,2025-12-19 17:20:00+00:00,,2025-12-19 17:20:00+00:00,buy,True,turnover_limit,turnover_limit,turnover_limit,,False,0.6076040863990784,0.6076040863990784,,0.48,turnover_limit,,,,,0.6076040863990784,,,20.0,,2986.28,0.0,
BTC/USDT,xgb_primary,conservative,1m,2025-12-19 17:20:00+00:00,,2025-12-19 17:20:00+00:00,buy,True,turnover_limit,turnover_limit,turnover_limit,,False,0.6076040863990784,0.6076040863990784,,0.56,turnover_limit,,,,,0.6076040863990784,,,15.0,,88267.1,0.0,
ETH/USDT,xgb_primary,primary,1m,2025-12-19 17:22:00+00:00,,2025-12-19 17:22:00+00:00,buy,True,turnover_limit,turnover_limit,turnover_limit,,False,0.6076040863990784,0.6076040863990784,,0.48,turnover_limit,,,,,0.6076040863990784,,,20.0,,2979.07,0.0,
BTC/USDT,xgb_primary,conservative,1m,2025-12-19 17:23:00+00:00,,2025-12-19 17:23:00+00:00,buy,True,turnover_limit,turnover_limit,turnover_limit,,False,0.565682053565979,0.565682053565979,,0.56,turnover_limit,,,,,0.565682053565979,,,15.0,,88052.81,0.0,
SOL/USDT,xgb_primary,conservative,1m,2025-12-19 17:24:00+00:00,,2025-12-19 17:24:00+00:00,buy,True,turnover_limit,turnover_limit,turnover_limit,,False,0.5002435445785522,0.5002435445785522,,0.48,turnover_limit,,,,,0.5002435445785522,,,10.0,,125.67,0.0,
ETH/USDT,xgb_primary,primary,1m,2025-12-19 17:24:00+00:00,,2025-12-19 17:24:00+00:00,buy,True,turnover_limit,turnover_limit,turnover_limit,,False,0.565682053565979,0.565682053565979,,0.48,turnover_limit,,,,,0.565682053565979,,,20.0,,2983.08,0.0,
BTC/USDT,xgb_primary,conservative,1m,2025-12-19 17:57:00+00:00,,2025-12-19 17:57:00+00:00,buy,True,turnover_limit,turnover_limit,turnover_limit,,False,0.565682053565979,0.565682053565979,,0.56,turnover_limit,,,,,0.565682053565979,,,15.0,,87126.53,0.0,
ETH/USDT,xgb_primary,primary,1m,2025-12-19 17:58:00+00:00,,2025-12-19 17:58:00+00:00,buy,True,turnover_limit,turnover_limit,turnover_limit,,False,0.5002435445785522,0.5002435445785522,,0.48,turnover_limit,,,,,0.5002435445785522,,,20.0,,2948.02,0.0,
SOL/USDT,xgb_primary,conservative,1m,2025-12-19 18:02:00+00:00,,2025-12-19 18:02:00+00:00,buy,True,turnover_limit,turnover_limit,turnover_limit,,False,0.565682053565979,0.565682053565979,,0.48,turnover_limit,,,,,0.565682053565979,,,10.0,,123.85,0.0,
BTC/USDT,xgb_primary,conservative,1m,2025-12-19 18:05:00+00:00,,2025-12-19 18:05:00+00:00,buy,True,turnover_limit,turnover_limit,turnover_limit,,False,0.5878524780273438,0.5878524780273438,,0.56,turnover_limit,,,,,0.5878524780273438,,,15.0,,87138.0,0.0,
BTC/USDT,xgb_primary,conservative,1m,2025-12-19 18:06:00+00:00,,2025-12-19 18:06:00+00:00,buy,True,turnover_limit,turnover_limit,turnover_limit,,False,0.5878524780273438,0.5878524780273438,,0.56,turnover_limit,,,,,0.5878524780273438,,,15.0,,87100.08,0.0,
SOL/USDT,xgb_primary,conservative,1m,2025-12-19 18:13:00+00:00,,2025-12-19 18:13:00+00:00,buy,True,turnover_limit,turnover_limit,turnover_limit,,False,0.565682053565979,0.565682053565979,,0.48,turnover_limit,,,,,0.565682053565979,,,10.0,,124.03,0.0,
SOL/USDT,xgb_primary,conservative,1m,2025-12-19 18:14:00+00:00,,2025-12-19 18:14:00+00:00,buy,True,turnover_limit,turnover_limit,turnover_limit,,False,0.6076040863990784,0.6076040863990784,,0.48,turnover_limit,,,,,0.6076040863990784,,,10.0,,124.16,0.0,
BTC/USDT,xgb_primary,conservative,1m,2025-12-19 18:14:00+00:00,,2025-12-19 18:14:00+00:00,buy,True,turnover_limit,turnover_limit,turnover_limit,,False,0.565682053565979,0.565682053565979,,0.56,turnover_limit,,,,,0.565682053565979,,,15.0,,87228.0,0.0,
SOL/USDT,xgb_primary,conservative,1m,2025-12-19 18:15:00+00:00,,2025-12-19 18:15:00+00:00,buy,True,turnover_limit,turnover_limit,turnover_limit,,False,0.6076040863990784,0.6076040863990784,,0.48,turnover_limit,,,,,0.6076040863990784,,,10.0,,124.29,0.0,
BTC/USDT,xgb_primary,conservative,1m,2025-12-19 18:15:00+00:00,,2025-12-19 18:15:00+00:00,buy,True,turnover_limit,turnover_limit,turnover_limit,,False,0.6076040863990784,0.6076040863990784,,0.56,turnover_limit,,,,,0.6076040863990784,,,15.0,,87250.01,0.0,
ETH/USDT,xgb_primary,primary,1m,2025-12-19 18:16:00+00:00,,2025-12-19 18:16:00+00:00,buy,True,turnover_limit,turnover_limit,turnover_limit,,False,0.565682053565979,0.565682053565979,,0.48,turnover_limit,,,,,0.565682053565979,,,20.0,,2957.59,0.0,
BTC/USDT,xgb_primary,conservative,1m,2025-12-19 18:18:00+00:00,,2025-12-19 18:18:00+00:00,buy,True,turnover_limit,turnover_limit,turnover_limit,,False,0.565682053565979,0.565682053565979,,0.56,turnover_limit,,,,,0.565682053565979,,,15.0,,87245.23,0.0,
ETH/USDT,xgb_primary,primary,1m,2025-12-19 18:18:00+00:00,,2025-12-19 18:18:00+00:00,buy,True,turnover_limit,turnover_limit,turnover_limit,,False,0.6699029207229614,0.6699029207229614,,0.48,turnover_limit,,,,,0.6699029207229614,,,20.0,,2959.04,0.0,
SOL/USDT,xgb_primary,conservative,1m,2025-12-19 18:18:00+00:00,,2025-12-19 18:18:00+00:00,buy,True,turnover_limit,turnover_limit,turnover_limit,,False,0.5878524780273438,0.5878524780273438,,0.48,turnover_limit,,,,,0.5878524780273438,,,10.0,,124.25,0.0,
BTC/USDT,xgb_primary,conservative,1m,2025-12-19 18:19:00+00:00,,2025-12-19 18:19:00+00:00,buy,True,turnover_limit,turnover_limit,turnover_limit,,False,0.6076040863990784,0.6076040863990784,,0.56,turnover_limit,,,,,0.6076040863990784,,,15.0,,87435.25,0.0,
ETH/USDT,xgb_primary,primary,1m,2025-12-19 18:20:00+00:00,,2025-12-19 18:20:00+00:00,buy,True,turnover_limit,turnover_limit,turnover_limit,,False,0.6076040863990784,0.6076040863990784,,0.48,turnover_limit,,,,,0.6076040863990784,,,20.0,,2963.5,0.0,
ETH/USDT,xgb_primary,primary,1m,2025-12-19 18:21:00+00:00,,2025-12-19 18:21:00+00:00,buy,True,turnover_limit,turnover_limit,turnover_limit,,False,0.6844155788421631,0.6844155788421631,,0.48,turnover_limit,,,,,0.6844155788421631,,,20.0,,2968.06,0.0,
ETH/USDT,xgb_primary,primary,1m,2025-12-19 18:22:00+00:00,,2025-12-19 18:22:00+00:00,buy,True,turnover_limit,turnover_limit,turnover_limit,,False,0.6699029207229614,0.6699029207229614,,0.48,turnover_limit,,,,,0.6699029207229614,,,20.0,,2967.05,0.0,
SOL/USDT,xgb_primary,conservative,1m,2025-12-19 18:22:00+00:00,,2025-12-19 18:22:00+00:00,buy,True,turnover_limit,turnover_limit,turnover_limit,,False,0.6076040863990784,0.6076040863990784,,0.48,turnover_limit,,,,,0.6076040863990784,,,10.0,,124.3,0.0,
ETH/USDT,xgb_primary,primary,1m,2025-12-19 18:23:00+00:00,,2025-12-19 18:23:00+00:00,buy,True,turnover_limit,turnover_limit,turnover_limit,,False,0.6115108132362366,0.6115108132362366,,0.48,turnover_limit,,,,,0.6115108132362366,,,20.0,,2964.09,0.0,
SOL/USDT,xgb_primary,conservative,1m,2025-12-19 18:23:00+00:00,,2025-12-19 18:23:00+00:00,buy,True,turnover_limit,turnover_limit,turnover_limit,,False,0.6076040863990784,0.6076040863990784,,0.48,turnover_limit,,,,,0.6076040863990784,,,10.0,,124.33,0.0,
SOL/USDT,xgb_primary,conservative,1m,2025-12-19 18:24:00+00:00,,2025-12-19 18:24:00+00:00,buy,True,turnover_limit,turnover_limit,turnover_limit,,False,0.6076040863990784,0.6076040863990784,,0.48,turnover_limit,,,,,0.6076040863990784,,,10.0,,124.42,0.0,
ETH/USDT,xgb_primary,primary,1m,2025-12-19 18:24:00+00:00,,2025-12-19 18:24:00+00:00,buy,True,turnover_limit,turnover_limit,turnover_limit,,False,0.6076040863990784,0.6076040863990784,,0.48,turnover_limit,,,,,0.6076040863990784,,,20.0,,2964.11,0.0,
BTC/USDT,xgb_primary,conservative,1m,2025-12-19 18:24:00+00:00,,2025-12-19 18:24:00+00:00,buy,True,turnover_limit,turnover_limit,turnover_limit,,False,0.6076040863990784,0.6076040863990784,,0.56,turnover_limit,,,,,0.6076040863990784,,,15.0,,87318.03,0.0,
ETH/USDT,xgb_primary,primary,1m,2025-12-19 18:25:00+00:00,,2025-12-19 18:25:00+00:00,buy,True,turnover_limit,turnover_limit,turnover_limit,,False,0.6115108132362366,0.6115108132362366,,0.48,turnover_limit,,,,,0.6115108132362366,,,20.0,,2966.76,0.0,
BTC/USDT,xgb_primary,conservative,1m,2025-12-19 18:26:00+00:00,,2025-12-19 18:26:00+00:00,buy,True,turnover_limit,turnover_limit,turnover_limit,,False,0.6076040863990784,0.6076040863990784,,0.56,turnover_limit,,,,,0.6076040863990784,,,15.0,,87484.86,0.0,
ETH/USDT,xgb_primary,primary,1m,2025-12-19 18:28:00+00:00,,2025-12-19 18:28:00+00:00,buy,True,turnover_limit,turnover_limit,turnover_limit,,False,0.6699029207229614,0.6699029207229614,,0.48,turnover_limit,,,,,0.6699029207229614,,,20.0,,2969.32,0.0,
SOL/USDT,xgb_primary,conservative,1m,2025-12-19 18:28:00+00:00,,2025-12-19 18:28:00+00:00,buy,True,turnover_limit,turnover_limit,turnover_limit,,False,0.6115108132362366,0.6115108132362366,,0.48,turnover_limit,,,,,0.6115108132362366,,,10.0,,124.57,0.0,
SOL/USDT,xgb_primary,conservative,1m,2025-12-19 18:29:00+00:00,,2025-12-19 18:29:00+00:00,buy,True,turnover_limit,turnover_limit,turnover_limit,,False,0.6076040863990784,0.6076040863990784,,0.48,turnover_limit,,,,,0.6076040863990784,,,10.0,,124.56,0.0,
BTC/USDT,xgb_primary,conservative,1m,2025-12-19 18:29:00+00:00,,2025-12-19 18:29:00+00:00,buy,True,turnover_limit,turnover_limit,turnover_limit,,False,0.6076040863990784,0.6076040863990784,,0.56,turnover_limit,,,,,0.6076040863990784,,,15.0,,87334.02,0.0,
ETH/USDT,xgb_primary,primary,1m,2025-12-19 18:30:00+00:00,,2025-12-19 18:30:00+00:00,buy,True,turnover_limit,turnover_limit,turnover_limit,,False,0.6699029207229614,0.6699029207229614,,0.48,turnover_limit,,,,,0.6699029207229614,,,20.0,,2968.87,0.0,
SOL/USDT,xgb_primary,conservative,1m,2025-12-19 18:30:00+00:00,,2025-12-19 18:30:00+00:00,buy,True,turnover_limit,turnover_limit,turnover_limit,,False,0.6076040863990784,0.6076040863990784,,0.48,turnover_limit,,,,,0.6076040863990784,,,10.0,,124.52,0.0,
BTC/USDT,xgb_primary,conservative,1m,2025-12-19 18:30:00+00:00,,2025-12-19 18:30:00+00:00,buy,True,turnover_limit,turnover_limit,turnover_limit,,False,0.565682053565979,0.565682053565979,,0.56,turnover_limit,,,,,0.565682053565979,,,15.0,,87301.67,0.0,
ETH/USDT,xgb_primary,primary,1m,2025-12-19 18:31:00+00:00,,2025-12-19 18:31:00+00:00,buy,True,turnover_limit,turnover_limit,turnover_limit,,False,0.6699029207229614,0.6699029207229614,,0.48,turnover_limit,,,,,0.6699029207229614,,,20.0,,2967.5,0.0,
SOL/USDT,xgb_primary,conservative,1m,2025-12-19 18:31:00+00:00,,2025-12-19 18:31:00+00:00,buy,True,turnover_limit,turnover_limit,turnover_limit,,False,0.6076040863990784,0.6076040863990784,,0.48,turnover_limit,,,,,0.6076040863990784,,,10.0,,124.42,0.0,
BTC/USDT,xgb_primary,conservative,1m,2025-12-19 18:31:00+00:00,,2025-12-19 18:31:00+00:00,buy,True,turnover_limit,turnover_limit,turnover_limit,,False,0.565682053565979,0.565682053565979,,0.56,turnover_limit,,,,,0.565682053565979,,,15.0,,87191.86,0.0,
ETH/USDT,xgb_primary,primary,1m,2025-12-19 18:32:00+00:00,,2025-12-19 18:32:00+00:00,buy,True,turnover_limit,turnover_limit,turnover_limit,,False,0.6076040863990784,0.6076040863990784,,0.48,turnover_limit,,,,,0.6076040863990784,,,20.0,,2964.33,0.0,
ETH/USDT,xgb_primary,primary,1m,2025-12-19 18:33:00+00:00,,2025-12-19 18:33:00+00:00,buy,True,turnover_limit,turnover_limit,turnover_limit,,False,0.6076040863990784,0.6076040863990784,,0.48,turnover_limit,,,,,0.6076040863990784,,,20.0,,2959.91,0.0,
ETH/USDT,xgb_primary,primary,1m,2025-12-19 18:36:00+00:00,,2025-12-19 18:36:00+00:00,buy,True,turnover_limit,turnover_limit,turnover_limit,,False,0.5878524780273438,0.5878524780273438,,0.48,turnover_limit,,,,,0.5878524780273438,,,20.0,,2960.32,0.0,
ETH/USDT,xgb_primary,primary,1m,2025-12-19 18:38:00+00:00,,2025-12-19 18:38:00+00:00,buy,True,turnover_limit,turnover_limit,turnover_limit,,False,0.5002435445785522,0.5002435445785522,,0.48,turnover_limit,,,,,0.5002435445785522,,,20.0,,2959.64,0.0,
SOL/USDT,xgb_primary,conservative,1m,2025-12-19 18:48:00+00:00,,2025-12-19 18:48:00+00:00,buy,True,turnover_limit,turnover_limit,turnover_limit,,False,0.565682053565979,0.565682053565979,,0.48,turnover_limit,,,,,0.565682053565979,,,10.0,,124.15,0.0,
SOL/USDT,xgb_primary,conservative,1m,2025-12-19 18:49:00+00:00,,2025-12-19 18:49:00+00:00,buy,True,turnover_limit,turnover_limit,turnover_limit,,False,0.565682053565979,0.565682053565979,,0.48,turnover_limit,,,,,0.565682053565979,,,10.0,,124.25,0.0,
ETH/USDT,xgb_primary,primary,1m,2025-12-19 18:52:00+00:00,,2025-12-19 18:52:00+00:00,buy,True,turnover_limit,turnover_limit,turnover_limit,,False,0.565682053565979,0.565682053565979,,0.48,turnover_limit,,,,,0.565682053565979,,,20.0,,2965.62,0.0,
SOL/USDT,xgb_primary,conservative,1m,2025-12-19 18:52:00+00:00,,2025-12-19 18:52:00+00:00,buy,True,turnover_limit,turnover_limit,turnover_limit,,False,0.6076040863990784,0.6076040863990784,,0.48,turnover_limit,,,,,0.6076040863990784,,,10.0,,124.85,0.0,
ETH/USDT,xgb_primary,primary,1m,2025-12-19 18:53:00+00:00,,2025-12-19 18:53:00+00:00,buy,True,turnover_limit,turnover_limit,turnover_limit,,False,0.6076040863990784,0.6076040863990784,,0.48,turnover_limit,,,,,0.6076040863990784,,,20.0,,2968.41,0.0,
BTC/USDT,xgb_primary,conservative,1m,2025-12-19 18:53:00+00:00,,2025-12-19 18:53:00+00:00,buy,True,turnover_limit,turnover_limit,turnover_limit,,False,0.6076040863990784,0.6076040863990784,,0.56,turnover_limit,,,,,0.6076040863990784,,,15.0,,87307.69,0.0,
ETH/USDT,xgb_primary,primary,1m,2025-12-19 18:54:00+00:00,,2025-12-19 18:54:00+00:00,buy,True,turnover_limit,turnover_limit,turnover_limit,,False,0.6076040863990784,0.6076040863990784,,0.48,turnover_limit,,,,,0.6076040863990784,,,20.0,,2971.81,0.0,
ETH/USDT,xgb_primary,primary,1m,2025-12-19 18:55:00+00:00,,2025-12-19 18:55:00+00:00,buy,True,turnover_limit,turnover_limit,turnover_limit,,False,0.6076040863990784,0.6076040863990784,,0.48,turnover_limit,,,,,0.6076040863990784,,,20.0,,2968.28,0.0,
SOL/USDT,xgb_primary,conservative,1m,2025-12-19 18:55:00+00:00,,2025-12-19 18:55:00+00:00,buy,True,turnover_limit,turnover_limit,turnover_limit,,False,0.6844155788421631,0.6844155788421631,,0.48,turnover_limit,,,,,0.6844155788421631,,,10.0,,124.99,0.0,
BTC/USDT,xgb_primary,conservative,1m,2025-12-19 18:56:00+00:00,,2025-12-19 18:56:00+00:00,buy,True,turnover_limit,turnover_limit,turnover_limit,,False,0.6076040863990784,0.6076040863990784,,0.56,turnover_limit,,,,,0.6076040863990784,,,15.0,,87220.33,0.0,
SOL/USDT,xgb_primary,conservative,1m,2025-12-19 18:56:00+00:00,,2025-12-19 18:56:00+00:00,buy,True,turnover_limit,turnover_limit,turnover_limit,,False,0.6699029207229614,0.6699029207229614,,0.48,turnover_limit,,,,,0.6699029207229614,,,10.0,,125.0,0.0,
ETH/USDT,xgb_primary,primary,1m,2025-12-19 18:56:00+00:00,,2025-12-19 18:56:00+00:00,buy,True,turnover_limit,turnover_limit,turnover_limit,,False,0.6076040863990784,0.6076040863990784,,0.48,turnover_limit,,,,,0.6076040863990784,,,20.0,,2968.13,0.0,
ETH/USDT,xgb_primary,primary,1m,2025-12-19 18:57:00+00:00,,2025-12-19 18:57:00+00:00,buy,True,turnover_limit,turnover_limit,turnover_limit,,False,0.6076040863990784,0.6076040863990784,,0.48,turnover_limit,,,,,0.6076040863990784,,,20.0,,2967.99,0.0,
SOL/USDT,xgb_primary,conservative,1m,2025-12-19 18:57:00+00:00,,2025-12-19 18:57:00+00:00,buy,True,turnover_limit,turnover_limit,turnover_limit,,False,0.6699029207229614,0.6699029207229614,,0.48,turnover_limit,,,,,0.6699029207229614,,,10.0,,124.91,0.0,
BTC/USDT,xgb_primary,conservative,1m,2025-12-19 18:57:00+00:00,,2025-12-19 18:57:00+00:00,buy,True,turnover_limit,turnover_limit,turnover_limit,,False,0.6076040863990784,0.6076040863990784,,0.56,turnover_limit,,,,,0.6076040863990784,,,15.0,,87184.65,0.0,
ETH/USDT,xgb_primary,primary,1m,2025-12-19 18:58:00+00:00,,2025-12-19 18:58:00+00:00,buy,True,turnover_limit,turnover_limit,turnover_limit,,False,0.6076040863990784,0.6076040863990784,,0.48,turnover_limit,,,,,0.6076040863990784,,,20.0,,2966.87,0.0,
SOL/USDT,xgb_primary,conservative,1m,2025-12-19 18:58:00+00:00,,2025-12-19 18:58:00+00:00,buy,True,turnover_limit,turnover_limit,turnover_limit,,False,0.6699029207229614,0.6699029207229614,,0.48,turnover_limit,,,,,0.6699029207229614,,,10.0,,124.78,0.0,
BTC/USDT,xgb_primary,conservative,1m,2025-12-19 18:58:00+00:00,,2025-12-19 18:58:00+00:00,buy,True,turnover_limit,turnover_limit,turnover_limit,,False,0.5878524780273438,0.5878524780273438,,0.56,turnover_limit,,,,,0.5878524780273438,,,15.0,,87129.5,0.0,
ETH/USDT,xgb_primary,primary,1m,2025-12-19 18:59:00+00:00,,2025-12-19 18:59:00+00:00,buy,True,turnover_limit,turnover_limit,turnover_limit,,False,0.6076040863990784,0.6076040863990784,,0.48,turnover_limit,,,,,0.6076040863990784,,,20.0,,2965.42,0.0,
BTC/USDT,xgb_primary,conservative,1m,2025-12-19 18:59:00+00:00,,2025-12-19 18:59:00+00:00,buy,True,turnover_limit,turnover_limit,turnover_limit,,False,0.565682053565979,0.565682053565979,,0.56,turnover_limit,,,,,0.565682053565979,,,15.0,,87140.32,0.0,
ETH/USDT,xgb_primary,primary,1m,2025-12-19 19:00:00+00:00,,2025-12-19 19:00:00+00:00,buy,True,turnover_limit,turnover_limit,turnover_limit,,False,0.6076040863990784,0.6076040863990784,,0.48,turnover_limit,,,,,0.6076040863990784,,,20.0,,2966.96,0.0,
SOL/USDT,xgb_primary,conservative,1m,2025-12-19 19:00:00+00:00,,2025-12-19 19:00:00+00:00,buy,True,turnover_limit,turnover_limit,turnover_limit,,False,0.6844155788421631,0.6844155788421631,,0.48,turnover_limit,,,,,0.6844155788421631,,,10.0,,124.99,0.0,
BTC/USDT,xgb_primary,conservative,1m,2025-12-19 19:00:00+00:00,,2025-12-19 19:00:00+00:00,buy,True,turnover_limit,turnover_limit,turnover_limit,,False,0.5878524780273438,0.5878524780273438,,0.56,turnover_limit,,,,,0.5878524780273438,,,15.0,,87248.76,0.0,
BTC/USDT,xgb_primary,conservative,1m,2025-12-19 19:02:00+00:00,,2025-12-19 19:02:00+00:00,buy,True,turnover_limit,turnover_limit,turnover_limit,,False,0.6076040863990784,0.6076040863990784,,0.56,turnover_limit,,,,,0.6076040863990784,,,15.0,,87273.47,0.0,
SOL/USDT,xgb_primary,conservative,1m,2025-12-19 19:02:00+00:00,,2025-12-19 19:02:00+00:00,buy,True,turnover_limit,turnover_limit,turnover_limit,,False,0.6699029207229614,0.6699029207229614,,0.48,turnover_limit,,,,,0.6699029207229614,,,10.0,,124.99,0.0,
ETH/USDT,xgb_primary,primary,1m,2025-12-19 19:02:00+00:00,,2025-12-19 19:02:00+00:00,buy,True,turnover_limit,turnover_limit,turnover_limit,,False,0.6699029207229614,0.6699029207229614,,0.48,turnover_limit,,,,,0.6699029207229614,,,20.0,,2969.49,0.0,
ETH/USDT,xgb_primary,primary,1m,2025-12-19 19:03:00+00:00,,2025-12-19 19:03:00+00:00,buy,True,turnover_limit,turnover_limit,turnover_limit,,False,0.6699029207229614,0.6699029207229614,,0.48,turnover_limit,,,,,0.6699029207229614,,,20.0,,2970.24,0.0,
SOL/USDT,xgb_primary,conservative,1m,2025-12-19 19:03:00+00:00,,2025-12-19 19:03:00+00:00,buy,True,turnover_limit,turnover_limit,turnover_limit,,False,0.6844155788421631,0.6844155788421631,,0.48,turnover_limit,,,,,0.6844155788421631,,,10.0,,125.06,0.0,
BTC/USDT,xgb_primary,conservative,1m,2025-12-19 19:03:00+00:00,,2025-12-19 19:03:00+00:00,buy,True,turnover_limit,turnover_limit,turnover_limit,,False,0.6076040863990784,0.6076040863990784,,0.56,turnover_limit,,,,,0.6076040863990784,,,15.0,,87329.01,0.0,
ETH/USDT,xgb_primary,primary,1m,2025-12-19 19:04:00+00:00,,2025-12-19 19:04:00+00:00,buy,True,turnover_limit,turnover_limit,turnover_limit,,False,0.6699029207229614,0.6699029207229614,,0.48,turnover_limit,,,,,0.6699029207229614,,,20.0,,2971.03,0.0,
ETH/USDT,xgb_primary,primary,1m,2025-12-19 19:05:00+00:00,,2025-12-19 19:05:00+00:00,buy,True,turnover_limit,turnover_limit,turnover_limit,,False,0.6699029207229614,0.6699029207229614,,0.48,turnover_limit,,,,,0.6699029207229614,,,20.0,,2973.21,0.0,
BTC/USDT,xgb_primary,conservative,1m,2025-12-19 19:05:00+00:00,,2025-12-19 19:05:00+00:00,buy,True,turnover_limit,turnover_limit,turnover_limit,,False,0.6076040863990784,0.6076040863990784,,0.56,turnover_limit,,,,,0.6076040863990784,,,15.0,,87350.6,0.0,
ETH/USDT,xgb_primary,primary,1m,2025-12-19 19:06:00+00:00,,2025-12-19 19:06:00+00:00,buy,True,turnover_limit,turnover_limit,turnover_limit,,False,0.6844155788421631,0.6844155788421631,,0.48,turnover_limit,,,,,0.6844155788421631,,,20.0,,2971.58,0.0,
SOL/USDT,xgb_primary,conservative,1m,2025-12-19 19:06:00+00:00,,2025-12-19 19:06:00+00:00,buy,True,turnover_limit,turnover_limit,turnover_limit,,False,0.6844155788421631,0.6844155788421631,,0.48,turnover_limit,,,,,0.6844155788421631,,,10.0,,125.2,0.0,
BTC/USDT,xgb_primary,conservative,1m,2025-12-19 19:06:00+00:00,,2025-12-19 19:06:00+00:00,buy,True,turnover_limit,turnover_limit,turnover_limit,,False,0.6076040863990784,0.6076040863990784,,0.56,turnover_limit,,,,,0.6076040863990784,,,15.0,,87312.21,0.0,
BTC/USDT,xgb_primary,conservative,1m,2025-12-19 19:07:00+00:00,,2025-12-19 19:07:00+00:00,buy,True,turnover_limit,turnover_limit,turnover_limit,,False,0.565682053565979,0.565682053565979,,0.56,turnover_limit,,,,,0.565682053565979,,,15.0,,87333.84,0.0,
ETH/USDT,xgb_primary,primary,1m,2025-12-19 19:07:00+00:00,,2025-12-19 19:07:00+00:00,buy,True,turnover_limit,turnover_limit,turnover_limit,,False,0.6076040863990784,0.6076040863990784,,0.48,turnover_limit,,,,,0.6076040863990784,,,20.0,,2970.0,0.0,
SOL/USDT,xgb_primary,conservative,1m,2025-12-19 19:08:00+00:00,,2025-12-19 19:08:00+00:00,buy,True,turnover_limit,turnover_limit,turnover_limit,,False,0.6076040863990784,0.6076040863990784,,0.48,turnover_limit,,,,,0.6076040863990784,,,10.0,,125.33,0.0,
ETH/USDT,xgb_primary,primary,1m,2025-12-19 19:08:00+00:00,,2025-12-19 19:08:00+00:00,buy,True,turnover_limit,turnover_limit,turnover_limit,,False,0.6076040863990784,0.6076040863990784,,0.48,turnover_limit,,,,,0.6076040863990784,,,20.0,,2970.01,0.0,
ETH/USDT,xgb_primary,primary,1m,2025-12-19 19:09:00+00:00,,2025-12-19 19:09:00+00:00,buy,True,turnover_limit,turnover_limit,turnover_limit,,False,0.565682053565979,0.565682053565979,,0.48,turnover_limit,,,,,0.565682053565979,,,20.0,,2970.19,0.0,
BTC/USDT,xgb_primary,conservative,1m,2025-12-19 19:09:00+00:00,,2025-12-19 19:09:00+00:00,buy,True,turnover_limit,turnover_limit,turnover_limit,,False,0.565682053565979,0.565682053565979,,0.56,turnover_limit,,,,,0.565682053565979,,,15.0,,87342.22,0.0,
ETH/USDT,xgb_primary,primary,1m,2025-12-19 19:10:00+00:00,,2025-12-19 19:10:00+00:00,buy,True,turnover_limit,turnover_limit,turnover_limit,,False,0.5002435445785522,0.5002435445785522,,0.48,turnover_limit,,,,,0.5002435445785522,,,20.0,,2973.22,0.0,
SOL/USDT,xgb_primary,conservative,1m,2025-12-19 19:10:00+00:00,,2025-12-19 19:10:00+00:00,buy,True,turnover_limit,turnover_limit,turnover_limit,,False,0.6076040863990784,0.6076040863990784,,0.48,turnover_limit,,,,,0.6076040863990784,,,10.0,,125.44,0.0,
BTC/USDT,xgb_primary,conservative,1m,2025-12-19 19:10:00+00:00,,2025-12-19 19:10:00+00:00,buy,True,turnover_limit,turnover_limit,turnover_limit,,False,0.5878524780273438,0.5878524780273438,,0.56,turnover_limit,,,,,0.5878524780273438,,,15.0,,87311.7,0.0,
ETH/USDT,xgb_primary,primary,1m,2025-12-19 19:11:00+00:00,,2025-12-19 19:11:00+00:00,buy,True,turnover_limit,turnover_limit,turnover_limit,,False,0.5878524780273438,0.5878524780273438,,0.48,turnover_limit,,,,,0.5878524780273438,,,20.0,,2972.08,0.0,
SOL/USDT,xgb_primary,conservative,1m,2025-12-19 19:11:00+00:00,,2025-12-19 19:11:00+00:00,buy,True,turnover_limit,turnover_limit,turnover_limit,,False,0.6076040863990784,0.6076040863990784,,0.48,turnover_limit,,,,,0.6076040863990784,,,10.0,,125.44,0.0,
BTC/USDT,xgb_primary,conservative,1m,2025-12-19 19:11:00+00:00,,2025-12-19 19:11:00+00:00,buy,True,turnover_limit,turnover_limit,turnover_limit,,False,0.565682053565979,0.565682053565979,,0.56,turnover_limit,,,,,0.565682053565979,,,15.0,,87350.6,0.0,
BTC/USDT,xgb_primary,conservative,1m,2025-12-19 19:12:00+00:00,,2025-12-19 19:12:00+00:00,buy,True,turnover_limit,turnover_limit,turnover_limit,,False,0.565682053565979,0.565682053565979,,0.56,turnover_limit,,,,,0.565682053565979,,,15.0,,87333.35,0.0,
SOL/USDT,xgb_primary,conservative,1m,2025-12-19 19:12:00+00:00,,2025-12-19 19:12:00+00:00,buy,True,turnover_limit,turnover_limit,turnover_limit,,False,0.6076040863990784,0.6076040863990784,,0.48,turnover_limit,,,,,0.6076040863990784,,,10.0,,125.43,0.0,
ETH/USDT,xgb_primary,primary,1m,2025-12-19 19:12:00+00:00,,2025-12-19 19:12:00+00:00,buy,True,turnover_limit,turnover_limit,turnover_limit,,False,0.565682053565979,0.565682053565979,,0.48,turnover_limit,,,,,0.565682053565979,,,20.0,,2972.52,0.0,
SOL/USDT,xgb_primary,conservative,1m,2025-12-19 19:13:00+00:00,,2025-12-19 19:13:00+00:00,buy,True,turnover_limit,turnover_limit,turnover_limit,,False,0.6115108132362366,0.6115108132362366,,0.48,turnover_limit,,,,,0.6115108132362366,,,10.0,,125.44,0.0,
ETH/USDT,xgb_primary,primary,1m,2025-12-19 19:13:00+00:00,,2025-12-19 19:13:00+00:00,buy,True,turnover_limit,turnover_limit,turnover_limit,,False,0.565682053565979,0.565682053565979,,0.48,turnover_limit,,,,,0.565682053565979,,,20.0,,2971.5,0.0,
BTC/USDT,xgb_primary,conservative,1m,2025-12-19 19:13:00+00:00,,2025-12-19 19:13:00+00:00,buy,True,turnover_limit,turnover_limit,turnover_limit,,False,0.5878524780273438,0.5878524780273438,,0.56,turnover_limit,,,,,0.5878524780273438,,,15.0,,87292.21,0.0,
SOL/USDT,xgb_primary,conservative,1m,2025-12-19 19:14:00+00:00,,2025-12-19 19:14:00+00:00,buy,True,turnover_limit,turnover_limit,turnover_limit,,False,0.6844155788421631,0.6844155788421631,,0.48,turnover_limit,,,,,0.6844155788421631,,,10.0,,125.65,0.0,
ETH/USDT,xgb_primary,primary,1m,2025-12-19 19:15:00+00:00,,2025-12-19 19:15:00+00:00,buy,True,turnover_limit,turnover_limit,turnover_limit,,False,0.6076040863990784,0.6076040863990784,,0.48,turnover_limit,,,,,0.6076040863990784,,,20.0,,2974.83,0.0,
SOL/USDT,xgb_primary,conservative,1m,2025-12-19 19:16:00+00:00,,2025-12-19 19:16:00+00:00,buy,True,turnover_limit,turnover_limit,turnover_limit,,False,0.6844155788421631,0.6844155788421631,,0.48,turnover_limit,,,,,0.6844155788421631,,,10.0,,125.66,0.0,
ETH/USDT,xgb_primary,primary,1m,2025-12-19 19:16:00+00:00,,2025-12-19 19:16:00+00:00,buy,True,turnover_limit,turnover_limit,turnover_limit,,False,0.6076040863990784,0.6076040863990784,,0.48,turnover_limit,,,,,0.6076040863990784,,,20.0,,2972.15,0.0,
BTC/USDT,xgb_primary,conservative,1m,2025-12-19 19:16:00+00:00,,2025-12-19 19:16:00+00:00,buy,True,turnover_limit,turnover_limit,turnover_limit,,False,0.565682053565979,0.565682053565979,,0.56,turnover_limit,,,,,0.565682053565979,,,15.0,,87334.65,0.0,
BTC/USDT,xgb_primary,conservative,1m,2025-12-19 19:17:00+00:00,,2025-12-19 19:17:00+00:00,buy,True,turnover_limit,turnover_limit,turnover_limit,,False,0.565682053565979,0.565682053565979,,0.56,turnover_limit,,,,,0.565682053565979,,,15.0,,87446.0,0.0,
SOL/USDT,xgb_primary,conservative,1m,2025-12-19 19:17:00+00:00,,2025-12-19 19:17:00+00:00,buy,True,turnover_limit,turnover_limit,turnover_limit,,False,0.6699029207229614,0.6699029207229614,,0.48,turnover_limit,,,,,0.6699029207229614,,,10.0,,125.9,0.0,
ETH/USDT,xgb_primary,primary,1m,2025-12-19 19:18:00+00:00,,2025-12-19 19:18:00+00:00,buy,True,turnover_limit,turnover_limit,turnover_limit,,False,0.565682053565979,0.565682053565979,,0.48,turnover_limit,,,,,0.565682053565979,,,20.0,,2976.59,0.0,
ETH/USDT,xgb_primary,primary,1m,2025-12-19 19:19:00+00:00,,2025-12-19 19:19:00+00:00,buy,True,turnover_limit,turnover_limit,turnover_limit,,False,0.6076040863990784,0.6076040863990784,,0.48,turnover_limit,,,,,0.6076040863990784,,,20.0,,2979.91,0.0,
SOL/USDT,xgb_primary,conservative,1m,2025-12-19 19:20:00+00:00,,2025-12-19 19:20:00+00:00,buy,True,turnover_limit,turnover_limit,turnover_limit,,False,0.6844155788421631,0.6844155788421631,,0.48,turnover_limit,,,,,0.6844155788421631,,,10.0,,126.09,0.0,
ETH/USDT,xgb_primary,primary,1m,2025-12-19 19:21:00+00:00,,2025-12-19 19:21:00+00:00,buy,True,turnover_limit,turnover_limit,turnover_limit,,False,0.6076040863990784,0.6076040863990784,,0.48,turnover_limit,,,,,0.6076040863990784,,,20.0,,2985.15,0.0,
SOL/USDT,xgb_primary,conservative,1m,2025-12-19 19:22:00+00:00,,2025-12-19 19:22:00+00:00,buy,True,turnover_limit,turnover_limit,turnover_limit,,False,0.6699029207229614,0.6699029207229614,,0.48,turnover_limit,,,,,0.6699029207229614,,,10.0,,125.95,0.0,
ETH/USDT,xgb_primary,primary,1m,2025-12-19 19:22:00+00:00,,2025-12-19 19:22:00+00:00,buy,True,turnover_limit,turnover_limit,turnover_limit,,False,0.6076040863990784,0.6076040863990784,,0.48,turnover_limit,,,,,0.6076040863990784,,,20.0,,2981.29,0.0,
BTC/USDT,xgb_primary,conservative,1m,2025-12-19 19:22:00+00:00,,2025-12-19 19:22:00+00:00,buy,True,turnover_limit,turnover_limit,turnover_limit,,False,0.6076040863990784,0.6076040863990784,,0.56,turnover_limit,,,,,0.6076040863990784,,,15.0,,87642.17,0.0,
ETH/USDT,xgb_primary,primary,1m,2025-12-19 19:23:00+00:00,,2025-12-19 19:23:00+00:00,buy,True,turnover_limit,turnover_limit,turnover_limit,,False,0.6076040863990784,0.6076040863990784,,0.48,turnover_limit,,,,,0.6076040863990784,,,20.0,,2982.86,0.0,
SOL/USDT,xgb_primary,conservative,1m,2025-12-19 19:23:00+00:00,,2025-12-19 19:23:00+00:00,buy,True,turnover_limit,turnover_limit,turnover_limit,,False,0.6699029207229614,0.6699029207229614,,0.48,turnover_limit,,,,,0.6699029207229614,,,10.0,,125.83,0.0,
BTC/USDT,xgb_primary,conservative,1m,2025-12-19 19:23:00+00:00,,2025-12-19 19:23:00+00:00,buy,True,turnover_limit,turnover_limit,turnover_limit,,False,0.6076040863990784,0.6076040863990784,,0.56,turnover_limit,,,,,0.6076040863990784,,,15.0,,87653.25,0.0,
ETH/USDT,xgb_primary,primary,1m,2025-12-19 19:24:00+00:00,,2025-12-19 19:24:00+00:00,buy,True,turnover_limit,turnover_limit,turnover_limit,,False,0.6076040863990784,0.6076040863990784,,0.48,turnover_limit,,,,,0.6076040863990784,,,20.0,,2984.25,0.0,
BTC/USDT,xgb_primary,conservative,1m,2025-12-19 19:24:00+00:00,,2025-12-19 19:24:00+00:00,buy,True,turnover_limit,turnover_limit,turnover_limit,,False,0.6076040863990784,0.6076040863990784,,0.56,turnover_limit,,,,,0.6076040863990784,,,15.0,,87733.01,0.0,
ETH/USDT,xgb_primary,primary,1m,2025-12-19 19:25:00+00:00,,2025-12-19 19:25:00+00:00,buy,True,turnover_limit,turnover_limit,turnover_limit,,False,0.6076040863990784,0.6076040863990784,,0.48,turnover_limit,,,,,0.6076040863990784,,,20.0,,2983.98,0.0,
ETH/USDT,xgb_primary,primary,1m,2025-12-19 19:27:00+00:00,,2025-12-19 19:27:00+00:00,buy,True,turnover_limit,turnover_limit,turnover_limit,,False,0.6076040863990784,0.6076040863990784,,0.48,turnover_limit,,,,,0.6076040863990784,,,20.0,,2978.43,0.0,
ETH/USDT,xgb_primary,primary,1m,2025-12-19 19:28:00+00:00,,2025-12-19 19:28:00+00:00,buy,True,turnover_limit,turnover_limit,turnover_limit,,False,0.6076040863990784,0.6076040863990784,,0.48,turnover_limit,,,,,0.6076040863990784,,,20.0,,2979.72,0.0,
SOL/USDT,xgb_primary,conservative,1m,2025-12-19 19:28:00+00:00,,2025-12-19 19:28:00+00:00,buy,True,turnover_limit,turnover_limit,turnover_limit,,False,0.6076040863990784,0.6076040863990784,,0.48,turnover_limit,,,,,0.6076040863990784,,,10.0,,125.89,0.0,
ETH/USDT,xgb_primary,primary,1m,2025-12-19 19:29:00+00:00,,2025-12-19 19:29:00+00:00,buy,True,turnover_limit,turnover_limit,turnover_limit,,False,0.6076040863990784,0.6076040863990784,,0.48,turnover_limit,,,,,0.6076040863990784,,,20.0,,2979.03,0.0,
BTC/USDT,xgb_primary,conservative,1m,2025-12-19 19:29:00+00:00,,2025-12-19 19:29:00+00:00,buy,True,turnover_limit,turnover_limit,turnover_limit,,False,0.6076040863990784,0.6076040863990784,,0.56,turnover_limit,,,,,0.6076040863990784,,,15.0,,87659.3,0.0,
SOL/USDT,xgb_primary,conservative,1m,2025-12-19 19:29:00+00:00,,2025-12-19 19:29:00+00:00,buy,True,turnover_limit,turnover_limit,turnover_limit,,False,0.6076040863990784,0.6076040863990784,,0.48,turnover_limit,,,,,0.6076040863990784,,,10.0,,125.83,0.0,
ETH/USDT,xgb_primary,primary,1m,2025-12-19 19:30:00+00:00,,2025-12-19 19:30:00+00:00,buy,True,turnover_limit,turnover_limit,turnover_limit,,False,0.6076040863990784,0.6076040863990784,,0.48,turnover_limit,,,,,0.6076040863990784,,,20.0,,2977.69,0.0,
SOL/USDT,xgb_primary,conservative,1m,2025-12-19 19:30:00+00:00,,2025-12-19 19:30:00+00:00,buy,True,turnover_limit,turnover_limit,turnover_limit,,False,0.5878524780273438,0.5878524780273438,,0.48,turnover_limit,,,,,0.5878524780273438,,,10.0,,125.97,0.0,
BTC/USDT,xgb_primary,conservative,1m,2025-12-19 19:30:00+00:00,,2025-12-19 19:30:00+00:00,buy,True,turnover_limit,turnover_limit,turnover_limit,,False,0.6076040863990784,0.6076040863990784,,0.56,turnover_limit,,,,,0.6076040863990784,,,15.0,,87592.18,0.0,
ETH/USDT,xgb_primary,primary,1m,2025-12-19 19:31:00+00:00,,2025-12-19 19:31:00+00:00,buy,True,turnover_limit,turnover_limit,turnover_limit,,False,0.6076040863990784,0.6076040863990784,,0.48,turnover_limit,,,,,0.6076040863990784,,,20.0,,2978.83,0.0,
ETH/USDT,xgb_primary,primary,1m,2025-12-19 19:32:00+00:00,,2025-12-19 19:32:00+00:00,buy,True,turnover_limit,turnover_limit,turnover_limit,,False,0.6076040863990784,0.6076040863990784,,0.48,turnover_limit,,,,,0.6076040863990784,,,20.0,,2984.21,0.0,
ETH/USDT,xgb_primary,primary,1m,2025-12-19 19:33:00+00:00,,2025-12-19 19:33:00+00:00,buy,True,turnover_limit,turnover_limit,turnover_limit,,False,0.6076040863990784,0.6076040863990784,,0.48,turnover_limit,,,,,0.6076040863990784,,,20.0,,2984.47,0.0,
SOL/USDT,xgb_primary,conservative,1m,2025-12-19 19:34:00+00:00,,2025-12-19 19:34:00+00:00,buy,True,turnover_limit,turnover_limit,turnover_limit,,False,0.5878524780273438,0.5878524780273438,,0.48,turnover_limit,,,,,0.5878524780273438,,,10.0,,126.2,0.0,
ETH/USDT,xgb_primary,primary,1m,2025-12-19 19:34:00+00:00,,2025-12-19 19:34:00+00:00,buy,True,turnover_limit,turnover_limit,turnover_limit,,False,0.6076040863990784,0.6076040863990784,,0.48,turnover_limit,,,,,0.6076040863990784,,,20.0,,2986.06,0.0,
BTC/USDT,xgb_primary,conservative,1m,2025-12-19 19:34:00+00:00,,2025-12-19 19:34:00+00:00,buy,True,turnover_limit,turnover_limit,turnover_limit,,False,0.6076040863990784,0.6076040863990784,,0.56,turnover_limit,,,,,0.6076040863990784,,,15.0,,87864.39,0.0,
SOL/USDT,xgb_primary,conservative,1m,2025-12-19 19:35:00+00:00,,2025-12-19 19:35:00+00:00,buy,True,turnover_limit,turnover_limit,turnover_limit,,False,0.6076040863990784,0.6076040863990784,,0.48,turnover_limit,,,,,0.6076040863990784,,,10.0,,126.55,0.0,
ETH/USDT,xgb_primary,primary,1m,2025-12-19 19:35:00+00:00,,2025-12-19 19:35:00+00:00,buy,True,turnover_limit,turnover_limit,turnover_limit,,False,0.6115108132362366,0.6115108132362366,,0.48,turnover_limit,,,,,0.6115108132362366,,,20.0,,2988.93,0.0,
ETH/USDT,xgb_primary,primary,1m,2025-12-19 19:36:00+00:00,,2025-12-19 19:36:00+00:00,buy,True,turnover_limit,turnover_limit,turnover_limit,,False,0.6699029207229614,0.6699029207229614,,0.48,turnover_limit,,,,,0.6699029207229614,,,20.0,,2993.71,0.0,
ETH/USDT,xgb_primary,primary,1m,2025-12-19 19:37:00+00:00,,2025-12-19 19:37:00+00:00,buy,True,turnover_limit,turnover_limit,turnover_limit,,False,0.6699029207229614,0.6699029207229614,,0.48,turnover_limit,,,,,0.6699029207229614,,,20.0,,2993.41,0.0,
ETH/USDT,xgb_primary,primary,1m,2025-12-19 19:38:00+00:00,,2025-12-19 19:38:00+00:00,buy,True,turnover_limit,turnover_limit,turnover_limit,,False,0.6076040863990784,0.6076040863990784,,0.48,turnover_limit,,,,,0.6076040863990784,,,20.0,,2991.31,0.0,
SOL/USDT,xgb_primary,conservative,1m,2025-12-19 19:38:00+00:00,,2025-12-19 19:38:00+00:00,buy,True,turnover_limit,turnover_limit,turnover_limit,,False,0.6699029207229614,0.6699029207229614,,0.48,turnover_limit,,,,,0.6699029207229614,,,10.0,,126.46,0.0,
BTC/USDT,xgb_primary,conservative,1m,2025-12-19 19:38:00+00:00,,2025-12-19 19:38:00+00:00,buy,True,turnover_limit,turnover_limit,turnover_limit,,False,0.6076040863990784,0.6076040863990784,,0.56,turnover_limit,,,,,0.6076040863990784,,,15.0,,87958.2,0.0,
ETH/USDT,xgb_primary,primary,1m,2025-12-19 19:39:00+00:00,,2025-12-19 19:39:00+00:00,buy,True,turnover_limit,turnover_limit,turnover_limit,,False,0.6076040863990784,0.6076040863990784,,0.48,turnover_limit,,,,,0.6076040863990784,,,20.0,,2991.62,0.0,
SOL/USDT,xgb_primary,conservative,1m,2025-12-19 19:39:00+00:00,,2025-12-19 19:39:00+00:00,buy,True,turnover_limit,turnover_limit,turnover_limit,,False,0.6699029207229614,0.6699029207229614,,0.48,turnover_limit,,,,,0.6699029207229614,,,10.0,,126.32,0.0,
BTC/USDT,xgb_primary,conservative,1m,2025-12-19 19:39:00+00:00,,2025-12-19 19:39:00+00:00,buy,True,turnover_limit,turnover_limit,turnover_limit,,False,0.6076040863990784,0.6076040863990784,,0.56,turnover_limit,,,,,0.6076040863990784,,,15.0,,87860.0,0.0,
ETH/USDT,xgb_primary,primary,1m,2025-12-19 19:40:00+00:00,,2025-12-19 19:40:00+00:00,buy,True,turnover_limit,turnover_limit,turnover_limit,,False,0.6076040863990784,0.6076040863990784,,0.48,turnover_limit,,,,,0.6076040863990784,,,20.0,,2989.04,0.0,
SOL/USDT,xgb_primary,conservative,1m,2025-12-19 19:41:00+00:00,,2025-12-19 19:41:00+00:00,buy,True,turnover_limit,turnover_limit,turnover_limit,,False,0.6076040863990784,0.6076040863990784,,0.48,turnover_limit,,,,,0.6076040863990784,,,10.0,,126.44,0.0,
ETH/USDT,xgb_primary,primary,1m,2025-12-19 19:41:00+00:00,,2025-12-19 19:41:00+00:00,buy,True,turnover_limit,turnover_limit,turnover_limit,,False,0.6076040863990784,0.6076040863990784,,0.48,turnover_limit,,,,,0.6076040863990784,,,20.0,,2989.92,0.0,
ETH/USDT,xgb_primary,primary,1m,2025-12-19 19:42:00+00:00,,2025-12-19 19:42:00+00:00,buy,True,turnover_limit,turnover_limit,turnover_limit,,False,0.6076040863990784,0.6076040863990784,,0.48,turnover_limit,,,,,0.6076040863990784,,,20.0,,2988.97,0.0,
SOL/USDT,xgb_primary,conservative,1m,2025-12-19 19:42:00+00:00,,2025-12-19 19:42:00+00:00,buy,True,turnover_limit,turnover_limit,turnover_limit,,False,0.6844155788421631,0.6844155788421631,,0.48,turnover_limit,,,,,0.6844155788421631,,,10.0,,126.49,0.0,
BTC/USDT,xgb_primary,conservative,1m,2025-12-19 19:42:00+00:00,,2025-12-19 19:42:00+00:00,buy,True,turnover_limit,turnover_limit,turnover_limit,,False,0.6076040863990784,0.6076040863990784,,0.56,turnover_limit,,,,,0.6076040863990784,,,15.0,,87933.98,0.0,
ETH/USDT,xgb_primary,primary,1m,2025-12-19 19:43:00+00:00,,2025-12-19 19:43:00+00:00,buy,True,turnover_limit,turnover_limit,turnover_limit,,False,0.6076040863990784,0.6076040863990784,,0.48,turnover_limit,,,,,0.6076040863990784,,,20.0,,2991.16,0.0,
SOL/USDT,xgb_primary,conservative,1m,2025-12-19 19:43:00+00:00,,2025-12-19 19:43:00+00:00,buy,True,turnover_limit,turnover_limit,turnover_limit,,False,0.6844155788421631,0.6844155788421631,,0.48,turnover_limit,,,,,0.6844155788421631,,,10.0,,126.54,0.0,
ETH/USDT,xgb_primary,primary,1m,2025-12-19 19:44:00+00:00,,2025-12-19 19:44:00+00:00,buy,True,turnover_limit,turnover_limit,turnover_limit,,False,0.6076040863990784,0.6076040863990784,,0.48,turnover_limit,,,,,0.6076040863990784,,,20.0,,2992.08,0.0,
SOL/USDT,xgb_primary,conservative,1m,2025-12-19 19:44:00+00:00,,2025-12-19 19:44:00+00:00,buy,True,turnover_limit,turnover_limit,turnover_limit,,False,0.6844155788421631,0.6844155788421631,,0.48,turnover_limit,,,,,0.6844155788421631,,,10.0,,126.42,0.0,
BTC/USDT,xgb_primary,conservative,1m,2025-12-19 19:44:00+00:00,,2025-12-19 19:44:00+00:00,buy,True,turnover_limit,turnover_limit,turnover_limit,,False,0.6076040863990784,0.6076040863990784,,0.56,turnover_limit,,,,,0.6076040863990784,,,15.0,,87959.01,0.0,
SOL/USDT,xgb_primary,conservative,1m,2025-12-19 19:45:00+00:00,,2025-12-19 19:45:00+00:00,buy,True,turnover_limit,turnover_limit,turnover_limit,,False,0.6844155788421631,0.6844155788421631,,0.48,turnover_limit,,,,,0.6844155788421631,,,10.0,,126.31,0.0,
ETH/USDT,xgb_primary,primary,1m,2025-12-19 19:45:00+00:00,,2025-12-19 19:45:00+00:00,buy,True,turnover_limit,turnover_limit,turnover_limit,,False,0.6115108132362366,0.6115108132362366,,0.48,turnover_limit,,,,,0.6115108132362366,,,20.0,,2990.36,0.0,
BTC/USDT,xgb_primary,conservative,1m,2025-12-19 19:46:00+00:00,,2025-12-19 19:46:00+00:00,buy,True,turnover_limit,turnover_limit,turnover_limit,,False,0.6115108132362366,0.6115108132362366,,0.56,turnover_limit,,,,,0.6115108132362366,,,15.0,,87999.02,0.0,
SOL/USDT,xgb_primary,conservative,1m,2025-12-19 19:46:00+00:00,,2025-12-19 19:46:00+00:00,buy,True,turnover_limit,turnover_limit,turnover_limit,,False,0.6076040863990784,0.6076040863990784,,0.48,turnover_limit,,,,,0.6076040863990784,,,10.0,,126.42,0.0,
ETH/USDT,xgb_primary,primary,1m,2025-12-19 19:46:00+00:00,,2025-12-19 19:46:00+00:00,buy,True,turnover_limit,turnover_limit,turnover_limit,,False,0.6076040863990784,0.6076040863990784,,0.48,turnover_limit,,,,,0.6076040863990784,,,20.0,,2989.49,0.0,
ETH/USDT,xgb_primary,primary,1m,2025-12-19 19:47:00+00:00,,2025-12-19 19:47:00+00:00,buy,True,turnover_limit,turnover_limit,turnover_limit,,False,0.6076040863990784,0.6076040863990784,,0.48,turnover_limit,,,,,0.6076040863990784,,,20.0,,2991.39,0.0,
BTC/USDT,xgb_primary,conservative,1m,2025-12-19 19:47:00+00:00,,2025-12-19 19:47:00+00:00,buy,True,turnover_limit,turnover_limit,turnover_limit,,False,0.6844155788421631,0.6844155788421631,,0.56,turnover_limit,,,,,0.6844155788421631,,,15.0,,88011.9,0.0,
ETH/USDT,xgb_primary,primary,1m,2025-12-19 19:48:00+00:00,,2025-12-19 19:48:00+00:00,buy,True,turnover_limit,turnover_limit,turnover_limit,,False,0.6076040863990784,0.6076040863990784,,0.48,turnover_limit,,,,,0.6076040863990784,,,20.0,,2993.52,0.0,
BTC/USDT,xgb_primary,conservative,1m,2025-12-19 19:48:00+00:00,,2025-12-19 19:48:00+00:00,buy,True,turnover_limit,turnover_limit,turnover_limit,,False,0.6115108132362366,0.6115108132362366,,0.56,turnover_limit,,,,,0.6115108132362366,,,15.0,,88032.77,0.0,
ETH/USDT,xgb_primary,primary,1m,2025-12-19 19:49:00+00:00,,2025-12-19 19:49:00+00:00,buy,True,turnover_limit,turnover_limit,turnover_limit,,False,0.6076040863990784,0.6076040863990784,,0.48,turnover_limit,,,,,0.6076040863990784,,,20.0,,2994.62,0.0,
SOL/USDT,xgb_primary,conservative,1m,2025-12-19 19:49:00+00:00,,2025-12-19 19:49:00+00:00,buy,True,turnover_limit,turnover_limit,turnover_limit,,False,0.6076040863990784,0.6076040863990784,,0.48,turnover_limit,,,,,0.6076040863990784,,,10.0,,126.34,0.0,
BTC/USDT,xgb_primary,conservative,1m,2025-12-19 19:49:00+00:00,,2025-12-19 19:49:00+00:00,buy,True,turnover_limit,turnover_limit,turnover_limit,,False,0.6076040863990784,0.6076040863990784,,0.56,turnover_limit,,,,,0.6076040863990784,,,15.0,,87949.64,0.0,
ETH/USDT,xgb_primary,primary,1m,2025-12-19 19:50:00+00:00,,2025-12-19 19:50:00+00:00,buy,True,turnover_limit,turnover_limit,turnover_limit,,False,0.6076040863990784,0.6076040863990784,,0.48,turnover_limit,,,,,0.6076040863990784,,,20.0,,2989.16,0.0,
SOL/USDT,xgb_primary,conservative,1m,2025-12-19 19:50:00+00:00,,2025-12-19 19:50:00+00:00,buy,True,turnover_limit,turnover_limit,turnover_limit,,False,0.6076040863990784,0.6076040863990784,,0.48,turnover_limit,,,,,0.6076040863990784,,,10.0,,126.23,0.0,
ETH/USDT,xgb_primary,primary,1m,2025-12-19 19:51:00+00:00,,2025-12-19 19:51:00+00:00,buy,True,turnover_limit,turnover_limit,turnover_limit,,False,0.5002435445785522,0.5002435445785522,,0.48,turnover_limit,,,,,0.5002435445785522,,,20.0,,2985.62,0.0,
BTC/USDT,xgb_primary,conservative,1m,2025-12-19 19:55:00+00:00,,2025-12-19 19:55:00+00:00,buy,True,turnover_limit,turnover_limit,turnover_limit,,False,0.565682053565979,0.565682053565979,,0.56,turnover_limit,,,,,0.565682053565979,,,15.0,,87869.26,0.0,
SOL/USDT,xgb_primary,conservative,1m,2025-12-19 20:02:00+00:00,,2025-12-19 20:02:00+00:00,buy,True,turnover_limit,turnover_limit,turnover_limit,,False,0.5002435445785522,0.5002435445785522,,0.48,turnover_limit,,,,,0.5002435445785522,,,10.0,,126.26,0.0,
ETH/USDT,xgb_primary,primary,1m,2025-12-19 20:06:00+00:00,,2025-12-19 20:06:00+00:00,buy,True,turnover_limit,turnover_limit,turnover_limit,,False,0.5002435445785522,0.5002435445785522,,0.48,turnover_limit,,,,,0.5002435445785522,,,20.0,,2981.0,0.0,
SOL/USDT,xgb_primary,conservative,1m,2025-12-19 20:07:00+00:00,,2025-12-19 20:07:00+00:00,buy,True,turnover_limit,turnover_limit,turnover_limit,,False,0.5002435445785522,0.5002435445785522,,0.48,turnover_limit,,,,,0.5002435445785522,,,10.0,,126.21,0.0,
SOL/USDT,xgb_primary,conservative,1m,2025-12-19 20:09:00+00:00,,2025-12-19 20:09:00+00:00,buy,True,turnover_limit,turnover_limit,turnover_limit,,False,0.5002435445785522,0.5002435445785522,,0.48,turnover_limit,,,,,0.5002435445785522,,,10.0,,126.29,0.0,
SOL/USDT,xgb_primary,conservative,1m,2025-12-19 20:10:00+00:00,,2025-12-19 20:10:00+00:00,buy,True,turnover_limit,turnover_limit,turnover_limit,,False,0.5002435445785522,0.5002435445785522,,0.48,turnover_limit,,,,,0.5002435445785522,,,10.0,,126.39,0.0,
ETH/USDT,xgb_primary,primary,1m,2025-12-19 20:13:00+00:00,,2025-12-19 20:13:00+00:00,buy,True,turnover_limit,turnover_limit,turnover_limit,,False,0.5002435445785522,0.5002435445785522,,0.48,turnover_limit,,,,,0.5002435445785522,,,20.0,,2980.96,0.0,
SOL/USDT,xgb_primary,conservative,1m,2025-12-19 20:14:00+00:00,,2025-12-19 20:14:00+00:00,buy,True,turnover_limit,turnover_limit,turnover_limit,,False,0.565682053565979,0.565682053565979,,0.48,turnover_limit,,,,,0.565682053565979,,,10.0,,126.22,0.0,
SOL/USDT,xgb_primary,conservative,1m,2025-12-19 20:18:00+00:00,,2025-12-19 20:18:00+00:00,buy,True,turnover_limit,turnover_limit,turnover_limit,,False,0.6076040863990784,0.6076040863990784,,0.48,turnover_limit,,,,,0.6076040863990784,,,10.0,,126.61,0.0,
ETH/USDT,xgb_primary,primary,1m,2025-12-19 20:20:00+00:00,,2025-12-19 20:20:00+00:00,buy,True,turnover_limit,turnover_limit,turnover_limit,,False,0.565682053565979,0.565682053565979,,0.48,turnover_limit,,,,,0.565682053565979,,,20.0,,2988.36,0.0,
BTC/USDT,xgb_primary,conservative,1m,2025-12-19 20:20:00+00:00,,2025-12-19 20:20:00+00:00,buy,True,turnover_limit,turnover_limit,turnover_limit,,False,0.565682053565979,0.565682053565979,,0.56,turnover_limit,,,,,0.565682053565979,,,15.0,,88056.73,0.0,
BTC/USDT,xgb_primary,conservative,1m,2025-12-19 20:22:00+00:00,,2025-12-19 20:22:00+00:00,buy,True,turnover_limit,turnover_limit,turnover_limit,,False,0.6699029207229614,0.6699029207229614,,0.56,turnover_limit,,,,,0.6699029207229614,,,15.0,,88026.51,0.0,
ETH/USDT,xgb_primary,primary,1m,2025-12-19 20:24:00+00:00,,2025-12-19 20:24:00+00:00,buy,True,turnover_limit,turnover_limit,turnover_limit,,False,0.6076040863990784,0.6076040863990784,,0.48,turnover_limit,,,,,0.6076040863990784,,,20.0,,2993.6,0.0,
BTC/USDT,xgb_primary,conservative,1m,2025-12-19 20:25:00+00:00,,2025-12-19 20:25:00+00:00,buy,True,turnover_limit,turnover_limit,turnover_limit,,False,0.6844155788421631,0.6844155788421631,,0.56,turnover_limit,,,,,0.6844155788421631,,,15.0,,88143.28,0.0,
SOL/USDT,xgb_primary,conservative,1m,2025-12-19 20:25:00+00:00,,2025-12-19 20:25:00+00:00,buy,True,turnover_limit,turnover_limit,turnover_limit,,False,0.6076040863990784,0.6076040863990784,,0.48,turnover_limit,,,,,0.6076040863990784,,,10.0,,126.87,0.0,
ETH/USDT,xgb_primary,primary,1m,2025-12-19 20:25:00+00:00,,2025-12-19 20:25:00+00:00,buy,True,turnover_limit,turnover_limit,turnover_limit,,False,0.6115108132362366,0.6115108132362366,,0.48,turnover_limit,,,,,0.6115108132362366,,,20.0,,2993.27,0.0,
SOL/USDT,xgb_primary,conservative,1m,2025-12-19 20:26:00+00:00,,2025-12-19 20:26:00+00:00,buy,True,turnover_limit,turnover_limit,turnover_limit,,False,0.6076040863990784,0.6076040863990784,,0.48,turnover_limit,,,,,0.6076040863990784,,,10.0,,126.77,0.0,
BTC/USDT,xgb_primary,conservative,1m,2025-12-19 20:26:00+00:00,,2025-12-19 20:26:00+00:00,buy,True,turnover_limit,turnover_limit,turnover_limit,,False,0.6844155788421631,0.6844155788421631,,0.56,turnover_limit,,,,,0.6844155788421631,,,15.0,,88076.05,0.0,
ETH/USDT,xgb_primary,primary,1m,2025-12-19 20:27:00+00:00,,2025-12-19 20:27:00+00:00,buy,True,turnover_limit,turnover_limit,turnover_limit,,False,0.6076040863990784,0.6076040863990784,,0.48,turnover_limit,,,,,0.6076040863990784,,,20.0,,2991.48,0.0,
SOL/USDT,xgb_primary,conservative,1m,2025-12-19 20:27:00+00:00,,2025-12-19 20:27:00+00:00,buy,True,turnover_limit,turnover_limit,turnover_limit,,False,0.565682053565979,0.565682053565979,,0.48,turnover_limit,,,,,0.565682053565979,,,10.0,,126.71,0.0,
ETH/USDT,xgb_primary,primary,1m,2025-12-19 20:28:00+00:00,,2025-12-19 20:28:00+00:00,buy,True,turnover_limit,turnover_limit,turnover_limit,,False,0.6076040863990784,0.6076040863990784,,0.48,turnover_limit,,,,,0.6076040863990784,,,20.0,,2988.21,0.0,
SOL/USDT,xgb_primary,conservative,1m,2025-12-19 20:28:00+00:00,,2025-12-19 20:28:00+00:00,buy,True,turnover_limit,turnover_limit,turnover_limit,,False,0.6076040863990784,0.6076040863990784,,0.48,turnover_limit,,,,,0.6076040863990784,,,10.0,,126.71,0.0,
ETH/USDT,xgb_primary,primary,1m,2025-12-19 20:29:00+00:00,,2025-12-19 20:29:00+00:00,buy,True,turnover_limit,turnover_limit,turnover_limit,,False,0.6076040863990784,0.6076040863990784,,0.48,turnover_limit,,,,,0.6076040863990784,,,20.0,,2989.22,0.0,
SOL/USDT,xgb_primary,conservative,1m,2025-12-19 20:29:00+00:00,,2025-12-19 20:29:00+00:00,buy,True,turnover_limit,turnover_limit,turnover_limit,,False,0.6076040863990784,0.6076040863990784,,0.48,turnover_limit,,,,,0.6076040863990784,,,10.0,,126.68,0.0,
BTC/USDT,xgb_primary,conservative,1m,2025-12-19 20:29:00+00:00,,2025-12-19 20:29:00+00:00,buy,True,turnover_limit,turnover_limit,turnover_limit,,False,0.6076040863990784,0.6076040863990784,,0.56,turnover_limit,,,,,0.6076040863990784,,,15.0,,87967.6,0.0,
SOL/USDT,xgb_primary,conservative,1m,2025-12-19 20:30:00+00:00,,2025-12-19 20:30:00+00:00,buy,True,turnover_limit,turnover_limit,turnover_limit,,False,0.6076040863990784,0.6076040863990784,,0.48,turnover_limit,,,,,0.6076040863990784,,,10.0,,126.69,0.0,
ETH/USDT,xgb_primary,primary,1m,2025-12-19 20:30:00+00:00,,2025-12-19 20:30:00+00:00,buy,True,turnover_limit,turnover_limit,turnover_limit,,False,0.6076040863990784,0.6076040863990784,,0.48,turnover_limit,,,,,0.6076040863990784,,,20.0,,2988.08,0.0,
SOL/USDT,xgb_primary,conservative,1m,2025-12-19 20:31:00+00:00,,2025-12-19 20:31:00+00:00,buy,True,turnover_limit,turnover_limit,turnover_limit,,False,0.6076040863990784,0.6076040863990784,,0.48,turnover_limit,,,,,0.6076040863990784,,,10.0,,126.63,0.0,
BTC/USDT,xgb_primary,conservative,1m,2025-12-19 20:31:00+00:00,,2025-12-19 20:31:00+00:00,buy,True,turnover_limit,turnover_limit,turnover_limit,,False,0.6076040863990784,0.6076040863990784,,0.56,turnover_limit,,,,,0.6076040863990784,,,15.0,,87929.55,0.0,
ETH/USDT,xgb_primary,primary,1m,2025-12-19 20:32:00+00:00,,2025-12-19 20:32:00+00:00,buy,True,turnover_limit,turnover_limit,turnover_limit,,False,0.6076040863990784,0.6076040863990784,,0.48,turnover_limit,,,,,0.6076040863990784,,,20.0,,2988.56,0.0,
SOL/USDT,xgb_primary,conservative,1m,2025-12-19 20:32:00+00:00,,2025-12-19 20:32:00+00:00,buy,True,turnover_limit,turnover_limit,turnover_limit,,False,0.565682053565979,0.565682053565979,,0.48,turnover_limit,,,,,0.565682053565979,,,10.0,,126.76,0.0,
ETH/USDT,xgb_primary,primary,1m,2025-12-19 20:33:00+00:00,,2025-12-19 20:33:00+00:00,buy,True,turnover_limit,turnover_limit,turnover_limit,,False,0.5878524780273438,0.5878524780273438,,0.48,turnover_limit,,,,,0.5878524780273438,,,20.0,,2992.01,0.0,
SOL/USDT,xgb_primary,conservative,1m,2025-12-19 20:33:00+00:00,,2025-12-19 20:33:00+00:00,buy,True,turnover_limit,turnover_limit,turnover_limit,,False,0.6076040863990784,0.6076040863990784,,0.48,turnover_limit,,,,,0.6076040863990784,,,10.0,,126.89,0.0,
SOL/USDT,xgb_primary,conservative,1m,2025-12-19 20:34:00+00:00,,2025-12-19 20:34:00+00:00,buy,True,turnover_limit,turnover_limit,turnover_limit,,False,0.6076040863990784,0.6076040863990784,,0.48,turnover_limit,,,,,0.6076040863990784,,,10.0,,127.27,0.0,
ETH/USDT,xgb_primary,primary,1m,2025-12-19 20:35:00+00:00,,2025-12-19 20:35:00+00:00,buy,True,turnover_limit,turnover_limit,turnover_limit,,False,0.6076040863990784,0.6076040863990784,,0.48,turnover_limit,,,,,0.6076040863990784,,,20.0,,3000.69,0.0,
BTC/USDT,xgb_primary,conservative,1m,2025-12-19 20:35:00+00:00,,2025-12-19 20:35:00+00:00,buy,True,turnover_limit,turnover_limit,turnover_limit,,False,0.6076040863990784,0.6076040863990784,,0.56,turnover_limit,,,,,0.6076040863990784,,,15.0,,88319.39,0.0,
ETH/USDT,xgb_primary,primary,1m,2025-12-19 20:36:00+00:00,,2025-12-19 20:36:00+00:00,buy,True,turnover_limit,turnover_limit,turnover_limit,,False,0.6076040863990784,0.6076040863990784,,0.48,turnover_limit,,,,,0.6076040863990784,,,20.0,,2994.2,0.0,
ETH/USDT,xgb_primary,primary,1m,2025-12-19 20:37:00+00:00,,2025-12-19 20:37:00+00:00,buy,True,turnover_limit,turnover_limit,turnover_limit,,False,0.565682053565979,0.565682053565979,,0.48,turnover_limit,,,,,0.565682053565979,,,20.0,,2993.56,0.0,
SOL/USDT,xgb_primary,conservative,1m,2025-12-19 20:38:00+00:00,,2025-12-19 20:38:00+00:00,buy,True,turnover_limit,turnover_limit,turnover_limit,,False,0.6076040863990784,0.6076040863990784,,0.48,turnover_limit,,,,,0.6076040863990784,,,10.0,,126.76,0.0,
ETH/USDT,xgb_primary,primary,1m,2025-12-19 20:38:00+00:00,,2025-12-19 20:38:00+00:00,buy,True,turnover_limit,turnover_limit,turnover_limit,,False,0.565682053565979,0.565682053565979,,0.48,turnover_limit,,,,,0.565682053565979,,,20.0,,2996.56,0.0,
ETH/USDT,xgb_primary,primary,1m,2025-12-19 20:41:00+00:00,,2025-12-19 20:41:00+00:00,buy,True,turnover_limit,turnover_limit,turnover_limit,,False,0.5002435445785522,0.5002435445785522,,0.48,turnover_limit,,,,,0.5002435445785522,,,20.0,,2995.74,0.0,
BTC/USDT,xgb_primary,conservative,1m,2025-12-19 20:42:00+00:00,,2025-12-19 20:42:00+00:00,buy,True,turnover_limit,turnover_limit,turnover_limit,,False,0.565682053565979,0.565682053565979,,0.56,turnover_limit,,,,,0.565682053565979,,,15.0,,88145.98,0.0,
SOL/USDT,xgb_primary,conservative,1m,2025-12-19 20:43:00+00:00,,2025-12-19 20:43:00+00:00,buy,True,turnover_limit,turnover_limit,turnover_limit,,False,0.6076040863990784,0.6076040863990784,,0.48,turnover_limit,,,,,0.6076040863990784,,,10.0,,127.0,0.0,
ETH/USDT,xgb_primary,primary,1m,2025-12-19 20:43:00+00:00,,2025-12-19 20:43:00+00:00,buy,True,turnover_limit,turnover_limit,turnover_limit,,False,0.565682053565979,0.565682053565979,,0.48,turnover_limit,,,,,0.565682053565979,,,20.0,,2995.74,0.0,
ETH/USDT,xgb_primary,primary,1m,2025-12-19 20:44:00+00:00,,2025-12-19 20:44:00+00:00,buy,True,turnover_limit,turnover_limit,turnover_limit,,False,0.6076040863990784,0.6076040863990784,,0.48,turnover_limit,,,,,0.6076040863990784,,,20.0,,2993.24,0.0,
ETH/USDT,xgb_primary,primary,1m,2025-12-19 20:45:00+00:00,,2025-12-19 20:45:00+00:00,buy,True,turnover_limit,turnover_limit,turnover_limit,,False,0.565682053565979,0.565682053565979,,0.48,turnover_limit,,,,,0.565682053565979,,,20.0,,2993.07,0.0,
SOL/USDT,xgb_primary,conservative,1m,2025-12-19 20:45:00+00:00,,2025-12-19 20:45:00+00:00,buy,True,turnover_limit,turnover_limit,turnover_limit,,False,0.5878524780273438,0.5878524780273438,,0.48,turnover_limit,,,,,0.5878524780273438,,,10.0,,126.94,0.0,
BTC/USDT,xgb_primary,conservative,1m,2025-12-19 20:45:00+00:00,,2025-12-19 20:45:00+00:00,buy,True,turnover_limit,turnover_limit,turnover_limit,,False,0.565682053565979,0.565682053565979,,0.56,turnover_limit,,,,,0.565682053565979,,,15.0,,88035.66,0.0,
ETH/USDT,xgb_primary,primary,1m,2025-12-19 20:46:00+00:00,,2025-12-19 20:46:00+00:00,buy,True,turnover_limit,turnover_limit,turnover_limit,,False,0.565682053565979,0.565682053565979,,0.48,turnover_limit,,,,,0.565682053565979,,,20.0,,2991.76,0.0,
SOL/USDT,xgb_primary,conservative,1m,2025-12-19 20:46:00+00:00,,2025-12-19 20:46:00+00:00,buy,True,turnover_limit,turnover_limit,turnover_limit,,False,0.6076040863990784,0.6076040863990784,,0.48,turnover_limit,,,,,0.6076040863990784,,,10.0,,127.02,0.0,
SOL/USDT,xgb_primary,conservative,1m,2025-12-19 20:47:00+00:00,,2025-12-19 20:47:00+00:00,buy,True,turnover_limit,turnover_limit,turnover_limit,,False,0.6076040863990784,0.6076040863990784,,0.48,turnover_limit,,,,,0.6076040863990784,,,10.0,,127.24,0.0,
ETH/USDT,xgb_primary,primary,1m,2025-12-19 20:47:00+00:00,,2025-12-19 20:47:00+00:00,buy,True,turnover_limit,turnover_limit,turnover_limit,,False,0.565682053565979,0.565682053565979,,0.48,turnover_limit,,,,,0.565682053565979,,,20.0,,2995.21,0.0,
ETH/USDT,xgb_primary,primary,1m,2025-12-19 20:48:00+00:00,,2025-12-19 20:48:00+00:00,buy,True,turnover_limit,turnover_limit,turnover_limit,,False,0.6076040863990784,0.6076040863990784,,0.48,turnover_limit,,,,,0.6076040863990784,,,20.0,,2996.79,0.0,
SOL/USDT,xgb_primary,conservative,1m,2025-12-19 20:48:00+00:00,,2025-12-19 20:48:00+00:00,buy,True,turnover_limit,turnover_limit,turnover_limit,,False,0.6076040863990784,0.6076040863990784,,0.48,turnover_limit,,,,,0.6076040863990784,,,10.0,,127.36,0.0,
ETH/USDT,xgb_primary,primary,1m,2025-12-19 20:49:00+00:00,,2025-12-19 20:49:00+00:00,buy,True,turnover_limit,turnover_limit,turnover_limit,,False,0.6076040863990784,0.6076040863990784,,0.48,turnover_limit,,,,,0.6076040863990784,,,20.0,,2997.73,0.0,
ETH/USDT,xgb_primary,primary,1m,2025-12-19 20:50:00+00:00,,2025-12-19 20:50:00+00:00,buy,True,turnover_limit,turnover_limit,turnover_limit,,False,0.565682053565979,0.565682053565979,,0.48,turnover_limit,,,,,0.565682053565979,,,20.0,,3000.68,0.0,
ETH/USDT,xgb_primary,primary,1m,2025-12-19 20:51:00+00:00,,2025-12-19 20:51:00+00:00,buy,True,turnover_limit,turnover_limit,turnover_limit,,False,0.6076040863990784,0.6076040863990784,,0.48,turnover_limit,,,,,0.6076040863990784,,,20.0,,2996.4,0.0,
SOL/USDT,xgb_primary,conservative,1m,2025-12-19 20:52:00+00:00,,2025-12-19 20:52:00+00:00,buy,True,turnover_limit,turnover_limit,turnover_limit,,False,0.6076040863990784,0.6076040863990784,,0.48,turnover_limit,,,,,0.6076040863990784,,,10.0,,127.37,0.0,
ETH/USDT,xgb_primary,primary,1m,2025-12-19 20:53:00+00:00,,2025-12-19 20:53:00+00:00,buy,True,turnover_limit,turnover_limit,turnover_limit,,False,0.565682053565979,0.565682053565979,,0.48,turnover_limit,,,,,0.565682053565979,,,20.0,,2997.0,0.0,
ETH/USDT,xgb_primary,primary,1m,2025-12-19 20:54:00+00:00,,2025-12-19 20:54:00+00:00,buy,True,turnover_limit,turnover_limit,turnover_limit,,False,0.565682053565979,0.565682053565979,,0.48,turnover_limit,,,,,0.565682053565979,,,20.0,,2995.13,0.0,
SOL/USDT,xgb_primary,conservative,1m,2025-12-19 20:54:00+00:00,,2025-12-19 20:54:00+00:00,buy,True,turnover_limit,turnover_limit,turnover_limit,,False,0.6699029207229614,0.6699029207229614,,0.48,turnover_limit,,,,,0.6699029207229614,,,10.0,,127.04,0.0,
ETH/USDT,xgb_primary,primary,1m,2025-12-19 20:55:00+00:00,,2025-12-19 20:55:00+00:00,buy,True,turnover_limit,turnover_limit,turnover_limit,,False,0.5002435445785522,0.5002435445785522,,0.48,turnover_limit,,,,,0.5002435445785522,,,20.0,,2992.8,0.0,
SOL/USDT,xgb_primary,conservative,1m,2025-12-19 20:57:00+00:00,,2025-12-19 20:57:00+00:00,buy,True,turnover_limit,turnover_limit,turnover_limit,,False,0.565682053565979,0.565682053565979,,0.48,turnover_limit,,,,,0.565682053565979,,,10.0,,126.89,0.0,
SOL/USDT,xgb_primary,conservative,1m,2025-12-19 21:00:00+00:00,,2025-12-19 21:00:00+00:00,buy,True,turnover_limit,turnover_limit,turnover_limit,,False,0.6076040863990784,0.6076040863990784,,0.48,turnover_limit,,,,,0.6076040863990784,,,10.0,,127.16,0.0,
ETH/USDT,xgb_primary,primary,1m,2025-12-19 21:00:00+00:00,,2025-12-19 21:00:00+00:00,buy,True,turnover_limit,turnover_limit,turnover_limit,,False,0.565682053565979,0.565682053565979,,0.48,turnover_limit,,,,,0.565682053565979,,,20.0,,2992.44,0.0,
SOL/USDT,xgb_primary,conservative,1m,2025-12-19 21:01:00+00:00,,2025-12-19 21:01:00+00:00,buy,True,turnover_limit,turnover_limit,turnover_limit,,False,0.6076040863990784,0.6076040863990784,,0.48,turnover_limit,,,,,0.6076040863990784,,,10.0,,127.22,0.0,
SOL/USDT,xgb_primary,conservative,1m,2025-12-19 21:10:00+00:00,,2025-12-19 21:10:00+00:00,buy,True,turnover_limit,turnover_limit,turnover_limit,,False,0.5002435445785522,0.5002435445785522,,0.48,turnover_limit,,,,,0.5002435445785522,,,10.0,,126.94,0.0,
SOL/USDT,xgb_primary,conservative,1m,2025-12-19 21:12:00+00:00,,2025-12-19 21:12:00+00:00,buy,True,turnover_limit,turnover_limit,turnover_limit,,False,0.5002435445785522,0.5002435445785522,,0.48,turnover_limit,,,,,0.5002435445785522,,,10.0,,126.98,0.0,
SOL/USDT,xgb_primary,conservative,1m,2025-12-19 21:13:00+00:00,,2025-12-19 21:13:00+00:00,buy,True,turnover_limit,turnover_limit,turnover_limit,,False,0.565682053565979,0.565682053565979,,0.48,turnover_limit,,,,,0.565682053565979,,,10.0,,126.98,0.0,
ETH/USDT,xgb_primary,primary,1m,2025-12-19 21:20:00+00:00,,2025-12-19 21:20:00+00:00,buy,True,turnover_limit,turnover_limit,turnover_limit,,False,0.5002435445785522,0.5002435445785522,,0.48,turnover_limit,,,,,0.5002435445785522,,,20.0,,2987.85,0.0,
ETH/USDT,xgb_primary,primary,1m,2025-12-19 21:22:00+00:00,,2025-12-19 21:22:00+00:00,buy,True,turnover_limit,turnover_limit,turnover_limit,,False,0.5002435445785522,0.5002435445785522,,0.48,turnover_limit,,,,,0.5002435445785522,,,20.0,,2988.02,0.0,
ETH/USDT,xgb_primary,primary,1m,2025-12-19 21:23:00+00:00,,2025-12-19 21:23:00+00:00,buy,True,turnover_limit,turnover_limit,turnover_limit,,False,0.5002435445785522,0.5002435445785522,,0.48,turnover_limit,,,,,0.5002435445785522,,,20.0,,2987.48,0.0,
ETH/USDT,xgb_primary,primary,1m,2025-12-19 21:24:00+00:00,,2025-12-19 21:24:00+00:00,buy,True,turnover_limit,turnover_limit,turnover_limit,,False,0.5002435445785522,0.5002435445785522,,0.48,turnover_limit,,,,,0.5002435445785522,,,20.0,,2987.16,0.0,
BTC/USDT,xgb_primary,conservative,1m,2025-12-19 21:24:00+00:00,,2025-12-19 21:24:00+00:00,buy,True,turnover_limit,turnover_limit,turnover_limit,,False,0.565682053565979,0.565682053565979,,0.56,turnover_limit,,,,,0.565682053565979,,,15.0,,88027.39,0.0,
ETH/USDT,xgb_primary,primary,1m,2025-12-19 21:25:00+00:00,,2025-12-19 21:25:00+00:00,buy,True,turnover_limit,turnover_limit,turnover_limit,,False,0.5002435445785522,0.5002435445785522,,0.48,turnover_limit,,,,,0.5002435445785522,,,20.0,,2983.75,0.0,
BTC/USDT,xgb_primary,conservative,1m,2025-12-19 21:27:00+00:00,,2025-12-19 21:27:00+00:00,buy,True,turnover_limit,turnover_limit,turnover_limit,,False,0.565682053565979,0.565682053565979,,0.56,turnover_limit,,,,,0.565682053565979,,,15.0,,88011.42,0.0,
BTC/USDT,xgb_primary,conservative,1m,2025-12-19 21:28:00+00:00,,2025-12-19 21:28:00+00:00,buy,True,turnover_limit,turnover_limit,turnover_limit,,False,0.565682053565979,0.565682053565979,,0.56,turnover_limit,,,,,0.565682053565979,,,15.0,,87984.91,0.0,
BTC/USDT,xgb_primary,conservative,1m,2025-12-19 21:30:00+00:00,,2025-12-19 21:30:00+00:00,buy,True,turnover_limit,turnover_limit,turnover_limit,,False,0.565682053565979,0.565682053565979,,0.56,turnover_limit,,,,,0.565682053565979,,,15.0,,88034.48,0.0,
BTC/USDT,xgb_primary,conservative,1m,2025-12-19 21:31:00+00:00,,2025-12-19 21:31:00+00:00,buy,True,turnover_limit,turnover_limit,turnover_limit,,False,0.5878524780273438,0.5878524780273438,,0.56,turnover_limit,,,,,0.5878524780273438,,,15.0,,88028.74,0.0,
BTC/USDT,xgb_primary,conservative,1m,2025-12-19 21:32:00+00:00,,2025-12-19 21:32:00+00:00,buy,True,turnover_limit,turnover_limit,turnover_limit,,False,0.565682053565979,0.565682053565979,,0.56,turnover_limit,,,,,0.565682053565979,,,15.0,,88034.21,0.0,
BTC/USDT,xgb_primary,conservative,1m,2025-12-19 21:33:00+00:00,,2025-12-19 21:33:00+00:00,buy,True,turnover_limit,turnover_limit,turnover_limit,,False,0.565682053565979,0.565682053565979,,0.56,turnover_limit,,,,,0.565682053565979,,,15.0,,87973.05,0.0,
SOL/USDT,xgb_primary,conservative,1m,2025-12-19 21:35:00+00:00,,2025-12-19 21:35:00+00:00,buy,True,turnover_limit,turnover_limit,turnover_limit,,False,0.5002435445785522,0.5002435445785522,,0.48,turnover_limit,,,,,0.5002435445785522,,,10.0,,126.74,0.0,
SOL/USDT,xgb_primary,conservative,1m,2025-12-19 21:37:00+00:00,,2025-12-19 21:37:00+00:00,buy,True,turnover_limit,turnover_limit,turnover_limit,,False,0.5002435445785522,0.5002435445785522,,0.48,turnover_limit,,,,,0.5002435445785522,,,10.0,,126.9,0.0,
BTC/USDT,xgb_primary,conservative,1m,2025-12-19 21:37:00+00:00,,2025-12-19 21:37:00+00:00,buy,True,turnover_limit,turnover_limit,turnover_limit,,False,0.565682053565979,0.565682053565979,,0.56,turnover_limit,,,,,0.565682053565979,,,15.0,,88035.98,0.0,
SOL/USDT,xgb_primary,conservative,1m,2025-12-19 21:38:00+00:00,,2025-12-19 21:38:00+00:00,buy,True,turnover_limit,turnover_limit,turnover_limit,,False,0.565682053565979,0.565682053565979,,0.48,turnover_limit,,,,,0.565682053565979,,,10.0,,126.86,0.0,
BTC/USDT,xgb_primary,conservative,1m,2025-12-19 21:38:00+00:00,,2025-12-19 21:38:00+00:00,buy,True,turnover_limit,turnover_limit,turnover_limit,,False,0.565682053565979,0.565682053565979,,0.56,turnover_limit,,,,,0.565682053565979,,,15.0,,88031.58,0.0,
SOL/USDT,xgb_primary,conservative,1m,2025-12-19 21:39:00+00:00,,2025-12-19 21:39:00+00:00,buy,True,turnover_limit,turnover_limit,turnover_limit,,False,0.5002435445785522,0.5002435445785522,,0.48,turnover_limit,,,,,0.5002435445785522,,,10.0,,126.82,0.0,
BTC/USDT,xgb_primary,conservative,1m,2025-12-19 21:39:00+00:00,,2025-12-19 21:39:00+00:00,buy,True,turnover_limit,turnover_limit,turnover_limit,,False,0.565682053565979,0.565682053565979,,0.56,turnover_limit,,,,,0.565682053565979,,,15.0,,87956.05,0.0,
SOL/USDT,xgb_primary,conservative,1m,2025-12-19 21:40:00+00:00,,2025-12-19 21:40:00+00:00,buy,True,turnover_limit,turnover_limit,turnover_limit,,False,0.5002435445785522,0.5002435445785522,,0.48,turnover_limit,,,,,0.5002435445785522,,,10.0,,126.8,0.0,
SOL/USDT,xgb_primary,conservative,1m,2025-12-19 21:41:00+00:00,,2025-12-19 21:41:00+00:00,buy,True,turnover_limit,turnover_limit,turnover_limit,,False,0.5002435445785522,0.5002435445785522,,0.48,turnover_limit,,,,,0.5002435445785522,,,10.0,,126.88,0.0,
ETH/USDT,xgb_primary,primary,1m,2025-12-19 21:41:00+00:00,,2025-12-19 21:41:00+00:00,buy,True,turnover_limit,turnover_limit,turnover_limit,,False,0.5002435445785522,0.5002435445785522,,0.48,turnover_limit,,,,,0.5002435445785522,,,20.0,,2981.74,0.0,
SOL/USDT,xgb_primary,conservative,1m,2025-12-19 21:42:00+00:00,,2025-12-19 21:42:00+00:00,buy,True,turnover_limit,turnover_limit,turnover_limit,,False,0.565682053565979,0.565682053565979,,0.48,turnover_limit,,,,,0.565682053565979,,,10.0,,126.77,0.0,
SOL/USDT,xgb_primary,conservative,1m,2025-12-19 21:44:00+00:00,,2025-12-19 21:44:00+00:00,buy,True,turnover_limit,turnover_limit,turnover_limit,,False,0.5002435445785522,0.5002435445785522,,0.48,turnover_limit,,,,,0.5002435445785522,,,10.0,,126.77,0.0,
ETH/USDT,xgb_primary,primary,1m,2025-12-19 21:46:00+00:00,,2025-12-19 21:46:00+00:00,buy,True,turnover_limit,turnover_limit,turnover_limit,,False,0.5002435445785522,0.5002435445785522,,0.48,turnover_limit,,,,,0.5002435445785522,,,20.0,,2982.68,0.0,
SOL/USDT,xgb_primary,conservative,1m,2025-12-19 21:46:00+00:00,,2025-12-19 21:46:00+00:00,buy,True,turnover_limit,turnover_limit,turnover_limit,,False,0.5002435445785522,0.5002435445785522,,0.48,turnover_limit,,,,,0.5002435445785522,,,10.0,,126.62,0.0,
ETH/USDT,xgb_primary,primary,1m,2025-12-19 21:47:00+00:00,,2025-12-19 21:47:00+00:00,buy,True,turnover_limit,turnover_limit,turnover_limit,,False,0.5002435445785522,0.5002435445785522,,0.48,turnover_limit,,,,,0.5002435445785522,,,20.0,,2981.78,0.0,
ETH/USDT,xgb_primary,primary,1m,2025-12-19 21:50:00+00:00,,2025-12-19 21:50:00+00:00,buy,True,turnover_limit,turnover_limit,turnover_limit,,False,0.5002435445785522,0.5002435445785522,,0.48,turnover_limit,,,,,0.5002435445785522,,,20.0,,2982.73,0.0,
ETH/USDT,xgb_primary,primary,1m,2025-12-19 21:54:00+00:00,,2025-12-19 21:54:00+00:00,buy,True,turnover_limit,turnover_limit,turnover_limit,,False,0.5002435445785522,0.5002435445785522,,0.48,turnover_limit,,,,,0.5002435445785522,,,20.0,,2982.65,0.0,
ETH/USDT,xgb_primary,primary,1m,2025-12-19 21:55:00+00:00,,2025-12-19 21:55:00+00:00,buy,True,turnover_limit,turnover_limit,turnover_limit,,False,0.5002435445785522,0.5002435445785522,,0.48,turnover_limit,,,,,0.5002435445785522,,,20.0,,2980.17,0.0,
SOL/USDT,xgb_primary,conservative,1m,2025-12-19 21:56:00+00:00,,2025-12-19 21:56:00+00:00,buy,True,turnover_limit,turnover_limit,turnover_limit,,False,0.5002435445785522,0.5002435445785522,,0.48,turnover_limit,,,,,0.5002435445785522,,,10.0,,126.76,0.0,
SOL/USDT,xgb_primary,conservative,1m,2025-12-19 21:59:00+00:00,,2025-12-19 21:59:00+00:00,buy,True,turnover_limit,turnover_limit,turnover_limit,,False,0.565682053565979,0.565682053565979,,0.48,turnover_limit,,,,,0.565682053565979,,,10.0,,127.02,0.0,
SOL/USDT,xgb_primary,conservative,1m,2025-12-19 22:01:00+00:00,,2025-12-19 22:01:00+00:00,buy,True,turnover_limit,turnover_limit,turnover_limit,,False,0.6076040863990784,0.6076040863990784,,0.48,turnover_limit,,,,,0.6076040863990784,,,10.0,,127.21,0.0,
ETH/USDT,xgb_primary,primary,1m,2025-12-19 22:04:00+00:00,,2025-12-19 22:04:00+00:00,buy,True,turnover_limit,turnover_limit,turnover_limit,,False,0.5002435445785522,0.5002435445785522,,0.48,turnover_limit,,,,,0.5002435445785522,,,20.0,,2982.48,0.0,
SOL/USDT,xgb_primary,conservative,1m,2025-12-19 22:04:00+00:00,,2025-12-19 22:04:00+00:00,buy,True,turnover_limit,turnover_limit,turnover_limit,,False,0.6844155788421631,0.6844155788421631,,0.48,turnover_limit,,,,,0.6844155788421631,,,10.0,,127.23,0.0,
BTC/USDT,xgb_primary,conservative,1m,2025-12-19 22:04:00+00:00,,2025-12-19 22:04:00+00:00,buy,True,turnover_limit,turnover_limit,turnover_limit,,False,0.6076040863990784,0.6076040863990784,,0.56,turnover_limit,,,,,0.6076040863990784,,,15.0,,88124.01,0.0,
ETH/USDT,xgb_primary,primary,1m,2025-12-19 22:05:00+00:00,,2025-12-19 22:05:00+00:00,buy,True,turnover_limit,turnover_limit,turnover_limit,,False,0.5002435445785522,0.5002435445785522,,0.48,turnover_limit,,,,,0.5002435445785522,,,20.0,,2985.58,0.0,
SOL/USDT,xgb_primary,conservative,1m,2025-12-19 22:05:00+00:00,,2025-12-19 22:05:00+00:00,buy,True,turnover_limit,turnover_limit,turnover_limit,,False,0.6844155788421631,0.6844155788421631,,0.48,turnover_limit,,,,,0.6844155788421631,,,10.0,,127.22,0.0,
ETH/USDT,xgb_primary,primary,1m,2025-12-19 22:06:00+00:00,,2025-12-19 22:06:00+00:00,buy,True,turnover_limit,turnover_limit,turnover_limit,,False,0.565682053565979,0.565682053565979,,0.48,turnover_limit,,,,,0.565682053565979,,,20.0,,2988.15,0.0,
SOL/USDT,xgb_primary,conservative,1m,2025-12-19 22:06:00+00:00,,2025-12-19 22:06:00+00:00,buy,True,turnover_limit,turnover_limit,turnover_limit,,False,0.6844155788421631,0.6844155788421631,,0.48,turnover_limit,,,,,0.6844155788421631,,,10.0,,127.1,0.0,
ETH/USDT,xgb_primary,primary,1m,2025-12-19 22:07:00+00:00,,2025-12-19 22:07:00+00:00,buy,True,turnover_limit,turnover_limit,turnover_limit,,False,0.6076040863990784,0.6076040863990784,,0.48,turnover_limit,,,,,0.6076040863990784,,,20.0,,2986.95,0.0,
BTC/USDT,xgb_primary,conservative,1m,2025-12-19 22:07:00+00:00,,2025-12-19 22:07:00+00:00,buy,True,turnover_limit,turnover_limit,turnover_limit,,False,0.6076040863990784,0.6076040863990784,,0.56,turnover_limit,,,,,0.6076040863990784,,,15.0,,88098.49,0.0,
ETH/USDT,xgb_primary,primary,1m,2025-12-19 22:08:00+00:00,,2025-12-19 22:08:00+00:00,buy,True,turnover_limit,turnover_limit,turnover_limit,,False,0.565682053565979,0.565682053565979,,0.48,turnover_limit,,,,,0.565682053565979,,,20.0,,2988.49,0.0,
BTC/USDT,xgb_primary,conservative,1m,2025-12-19 22:08:00+00:00,,2025-12-19 22:08:00+00:00,buy,True,turnover_limit,turnover_limit,turnover_limit,,False,0.6076040863990784,0.6076040863990784,,0.56,turnover_limit,,,,,0.6076040863990784,,,15.0,,88125.96,0.0,
SOL/USDT,xgb_primary,conservative,1m,2025-12-19 22:08:00+00:00,,2025-12-19 22:08:00+00:00,buy,True,turnover_limit,turnover_limit,turnover_limit,,False,0.5878524780273438,0.5878524780273438,,0.48,turnover_limit,,,,,0.5878524780273438,,,10.0,,127.09,0.0,
BTC/USDT,xgb_primary,conservative,1m,2025-12-19 22:09:00+00:00,,2025-12-19 22:09:00+00:00,buy,True,turnover_limit,turnover_limit,turnover_limit,,False,0.6076040863990784,0.6076040863990784,,0.56,turnover_limit,,,,,0.6076040863990784,,,15.0,,88103.47,0.0,
SOL/USDT,xgb_primary,conservative,1m,2025-12-19 22:09:00+00:00,,2025-12-19 22:09:00+00:00,buy,True,turnover_limit,turnover_limit,turnover_limit,,False,0.6076040863990784,0.6076040863990784,,0.48,turnover_limit,,,,,0.6076040863990784,,,10.0,,127.04,0.0,
ETH/USDT,xgb_primary,primary,1m,2025-12-19 22:10:00+00:00,,2025-12-19 22:10:00+00:00,buy,True,turnover_limit,turnover_limit,turnover_limit,,False,0.6076040863990784,0.6076040863990784,,0.48,turnover_limit,,,,,0.6076040863990784,,,20.0,,2989.16,0.0,
SOL/USDT,xgb_primary,conservative,1m,2025-12-19 22:10:00+00:00,,2025-12-19 22:10:00+00:00,buy,True,turnover_limit,turnover_limit,turnover_limit,,False,0.6076040863990784,0.6076040863990784,,0.48,turnover_limit,,,,,0.6076040863990784,,,10.0,,127.13,0.0,
BTC/USDT,xgb_primary,conservative,1m,2025-12-19 22:10:00+00:00,,2025-12-19 22:10:00+00:00,buy,True,turnover_limit,turnover_limit,turnover_limit,,False,0.6076040863990784,0.6076040863990784,,0.56,turnover_limit,,,,,0.6076040863990784,,,15.0,,88121.04,0.0,
ETH/USDT,xgb_primary,primary,1m,2025-12-19 22:11:00+00:00,,2025-12-19 22:11:00+00:00,buy,True,turnover_limit,turnover_limit,turnover_limit,,False,0.6076040863990784,0.6076040863990784,,0.48,turnover_limit,,,,,0.6076040863990784,,,20.0,,2990.0,0.0,
SOL/USDT,xgb_primary,conservative,1m,2025-12-19 22:11:00+00:00,,2025-12-19 22:11:00+00:00,buy,True,turnover_limit,turnover_limit,turnover_limit,,False,0.6076040863990784,0.6076040863990784,,0.48,turnover_limit,,,,,0.6076040863990784,,,10.0,,127.07,0.0,
BTC/USDT,xgb_primary,conservative,1m,2025-12-19 22:11:00+00:00,,2025-12-19 22:11:00+00:00,buy,True,turnover_limit,turnover_limit,turnover_limit,,False,0.6076040863990784,0.6076040863990784,,0.56,turnover_limit,,,,,0.6076040863990784,,,15.0,,88158.87,0.0,
ETH/USDT,xgb_primary,primary,1m,2025-12-19 22:12:00+00:00,,2025-12-19 22:12:00+00:00,buy,True,turnover_limit,turnover_limit,turnover_limit,,False,0.6076040863990784,0.6076040863990784,,0.48,turnover_limit,,,,,0.6076040863990784,,,20.0,,2989.8,0.0,
SOL/USDT,xgb_primary,conservative,1m,2025-12-19 22:12:00+00:00,,2025-12-19 22:12:00+00:00,buy,True,turnover_limit,turnover_limit,turnover_limit,,False,0.6076040863990784,0.6076040863990784,,0.48,turnover_limit,,,,,0.6076040863990784,,,10.0,,126.81,0.0,
BTC/USDT,xgb_primary,conservative,1m,2025-12-19 22:12:00+00:00,,2025-12-19 22:12:00+00:00,buy,True,turnover_limit,turnover_limit,turnover_limit,,False,0.6076040863990784,0.6076040863990784,,0.56,turnover_limit,,,,,0.6076040863990784,,,15.0,,88038.33,0.0,
BTC/USDT,xgb_primary,conservative,1m,2025-12-19 22:14:00+00:00,,2025-12-19 22:14:00+00:00,buy,True,turnover_limit,turnover_limit,turnover_limit,,False,0.6076040863990784,0.6076040863990784,,0.56,turnover_limit,,,,,0.6076040863990784,,,15.0,,88125.19,0.0,
ETH/USDT,xgb_primary,primary,1m,2025-12-19 22:14:00+00:00,,2025-12-19 22:14:00+00:00,buy,True,turnover_limit,turnover_limit,turnover_limit,,False,0.6076040863990784,0.6076040863990784,,0.48,turnover_limit,,,,,0.6076040863990784,,,20.0,,2986.11,0.0,
ETH/USDT,xgb_primary,primary,1m,2025-12-19 22:15:00+00:00,,2025-12-19 22:15:00+00:00,buy,True,turnover_limit,turnover_limit,turnover_limit,,False,0.6076040863990784,0.6076040863990784,,0.48,turnover_limit,,,,,0.6076040863990784,,,20.0,,2987.53,0.0,
BTC/USDT,xgb_primary,conservative,1m,2025-12-19 22:16:00+00:00,,2025-12-19 22:16:00+00:00,buy,True,turnover_limit,turnover_limit,turnover_limit,,False,0.6076040863990784,0.6076040863990784,,0.56,turnover_limit,,,,,0.6076040863990784,,,15.0,,88105.61,0.0,
ETH/USDT,xgb_primary,primary,1m,2025-12-19 22:17:00+00:00,,2025-12-19 22:17:00+00:00,buy,True,turnover_limit,turnover_limit,turnover_limit,,False,0.6076040863990784,0.6076040863990784,,0.48,turnover_limit,,,,,0.6076040863990784,,,20.0,,2986.43,0.0,
BTC/USDT,xgb_primary,conservative,1m,2025-12-19 22:17:00+00:00,,2025-12-19 22:17:00+00:00,buy,True,turnover_limit,turnover_limit,turnover_limit,,False,0.6076040863990784,0.6076040863990784,,0.56,turnover_limit,,,,,0.6076040863990784,,,15.0,,88153.19,0.0,
ETH/USDT,xgb_primary,primary,1m,2025-12-19 22:18:00+00:00,,2025-12-19 22:18:00+00:00,buy,True,turnover_limit,turnover_limit,turnover_limit,,False,0.6076040863990784,0.6076040863990784,,0.48,turnover_limit,,,,,0.6076040863990784,,,20.0,,2988.91,0.0,
BTC/USDT,xgb_primary,conservative,1m,2025-12-19 22:18:00+00:00,,2025-12-19 22:18:00+00:00,buy,True,turnover_limit,turnover_limit,turnover_limit,,False,0.6076040863990784,0.6076040863990784,,0.56,turnover_limit,,,,,0.6076040863990784,,,15.0,,88188.82,0.0,
ETH/USDT,xgb_primary,primary,1m,2025-12-19 22:19:00+00:00,,2025-12-19 22:19:00+00:00,buy,True,turnover_limit,turnover_limit,turnover_limit,,False,0.6076040863990784,0.6076040863990784,,0.48,turnover_limit,,,,,0.6076040863990784,,,20.0,,2991.25,0.0,
BTC/USDT,xgb_primary,conservative,1m,2025-12-19 22:19:00+00:00,,2025-12-19 22:19:00+00:00,buy,True,turnover_limit,turnover_limit,turnover_limit,,False,0.6076040863990784,0.6076040863990784,,0.56,turnover_limit,,,,,0.6076040863990784,,,15.0,,88199.99,0.0,
ETH/USDT,xgb_primary,primary,1m,2025-12-19 22:20:00+00:00,,2025-12-19 22:20:00+00:00,buy,True,turnover_limit,turnover_limit,turnover_limit,,False,0.6076040863990784,0.6076040863990784,,0.48,turnover_limit,,,,,0.6076040863990784,,,20.0,,2990.6,0.0,
BTC/USDT,xgb_primary,conservative,1m,2025-12-19 22:20:00+00:00,,2025-12-19 22:20:00+00:00,buy,True,turnover_limit,turnover_limit,turnover_limit,,False,0.6076040863990784,0.6076040863990784,,0.56,turnover_limit,,,,,0.6076040863990784,,,15.0,,88214.28,0.0,
BTC/USDT,xgb_primary,conservative,1m,2025-12-19 22:21:00+00:00,,2025-12-19 22:21:00+00:00,buy,True,turnover_limit,turnover_limit,turnover_limit,,False,0.565682053565979,0.565682053565979,,0.56,turnover_limit,,,,,0.565682053565979,,,15.0,,88226.0,0.0,
ETH/USDT,xgb_primary,primary,1m,2025-12-19 22:22:00+00:00,,2025-12-19 22:22:00+00:00,buy,True,turnover_limit,turnover_limit,turnover_limit,,False,0.565682053565979,0.565682053565979,,0.48,turnover_limit,,,,,0.565682053565979,,,20.0,,2990.82,0.0,
BTC/USDT,xgb_primary,conservative,1m,2025-12-19 22:22:00+00:00,,2025-12-19 22:22:00+00:00,buy,True,turnover_limit,turnover_limit,turnover_limit,,False,0.565682053565979,0.565682053565979,,0.56,turnover_limit,,,,,0.565682053565979,,,15.0,,88302.8,0.0,
SOL/USDT,xgb_primary,conservative,1m,2025-12-19 22:23:00+00:00,,2025-12-19 22:23:00+00:00,buy,True,turnover_limit,turnover_limit,turnover_limit,,False,0.5002435445785522,0.5002435445785522,,0.48,turnover_limit,,,,,0.5002435445785522,,,10.0,,127.03,0.0,
ETH/USDT,xgb_primary,primary,1m,2025-12-19 22:24:00+00:00,,2025-12-19 22:24:00+00:00,buy,True,turnover_limit,turnover_limit,turnover_limit,,False,0.5878524780273438,0.5878524780273438,,0.48,turnover_limit,,,,,0.5878524780273438,,,20.0,,2991.9,0.0,
SOL/USDT,xgb_primary,conservative,1m,2025-12-19 22:24:00+00:00,,2025-12-19 22:24:00+00:00,buy,True,turnover_limit,turnover_limit,turnover_limit,,False,0.5002435445785522,0.5002435445785522,,0.48,turnover_limit,,,,,0.5002435445785522,,,10.0,,127.04,0.0,
ETH/USDT,xgb_primary,primary,1m,2025-12-19 22:25:00+00:00,,2025-12-19 22:25:00+00:00,buy,True,turnover_limit,turnover_limit,turnover_limit,,False,0.565682053565979,0.565682053565979,,0.48,turnover_limit,,,,,0.565682053565979,,,20.0,,2991.19,0.0,
BTC/USDT,xgb_primary,conservative,1m,2025-12-19 22:25:00+00:00,,2025-12-19 22:25:00+00:00,buy,True,turnover_limit,turnover_limit,turnover_limit,,False,0.6076040863990784,0.6076040863990784,,0.56,turnover_limit,,,,,0.6076040863990784,,,15.0,,88242.6,0.0,
ETH/USDT,xgb_primary,primary,1m,2025-12-19 22:26:00+00:00,,2025-12-19 22:26:00+00:00,buy,True,turnover_limit,turnover_limit,turnover_limit,,False,0.565682053565979,0.565682053565979,,0.48,turnover_limit,,,,,0.565682053565979,,,20.0,,2992.4,0.0,
BTC/USDT,xgb_primary,conservative,1m,2025-12-19 22:26:00+00:00,,2025-12-19 22:26:00+00:00,buy,True,turnover_limit,turnover_limit,turnover_limit,,False,0.5878524780273438,0.5878524780273438,,0.56,turnover_limit,,,,,0.5878524780273438,,,15.0,,88311.02,0.0,
SOL/USDT,xgb_primary,conservative,1m,2025-12-19 22:26:00+00:00,,2025-12-19 22:26:00+00:00,buy,True,turnover_limit,turnover_limit,turnover_limit,,False,0.5002435445785522,0.5002435445785522,,0.48,turnover_limit,,,,,0.5002435445785522,,,10.0,,127.08,0.0,
ETH/USDT,xgb_primary,primary,1m,2025-12-19 22:27:00+00:00,,2025-12-19 22:27:00+00:00,buy,True,turnover_limit,turnover_limit,turnover_limit,,False,0.565682053565979,0.565682053565979,,0.48,turnover_limit,,,,,0.565682053565979,,,20.0,,2991.9,0.0,
BTC/USDT,xgb_primary,conservative,1m,2025-12-19 22:27:00+00:00,,2025-12-19 22:27:00+00:00,buy,True,turnover_limit,turnover_limit,turnover_limit,,False,0.565682053565979,0.565682053565979,,0.56,turnover_limit,,,,,0.565682053565979,,,15.0,,88206.1,0.0,
SOL/USDT,xgb_primary,conservative,1m,2025-12-19 22:28:00+00:00,,2025-12-19 22:28:00+00:00,buy,True,turnover_limit,turnover_limit,turnover_limit,,False,0.565682053565979,0.565682053565979,,0.48,turnover_limit,,,,,0.565682053565979,,,10.0,,126.99,0.0,
ETH/USDT,xgb_primary,primary,1m,2025-12-19 22:29:00+00:00,,2025-12-19 22:29:00+00:00,buy,True,turnover_limit,turnover_limit,turnover_limit,,False,0.6076040863990784,0.6076040863990784,,0.48,turnover_limit,,,,,0.6076040863990784,,,20.0,,2992.29,0.0,
SOL/USDT,xgb_primary,conservative,1m,2025-12-19 22:29:00+00:00,,2025-12-19 22:29:00+00:00,buy,True,turnover_limit,turnover_limit,turnover_limit,,False,0.565682053565979,0.565682053565979,,0.48,turnover_limit,,,,,0.565682053565979,,,10.0,,126.79,0.0,
BTC/USDT,xgb_primary,conservative,1m,2025-12-19 22:29:00+00:00,,2025-12-19 22:29:00+00:00,buy,True,turnover_limit,turnover_limit,turnover_limit,,False,0.6076040863990784,0.6076040863990784,,0.56,turnover_limit,,,,,0.6076040863990784,,,15.0,,88165.27,0.0,
ETH/USDT,xgb_primary,primary,1m,2025-12-19 22:30:00+00:00,,2025-12-19 22:30:00+00:00,buy,True,turnover_limit,turnover_limit,turnover_limit,,False,0.6076040863990784,0.6076040863990784,,0.48,turnover_limit,,,,,0.6076040863990784,,,20.0,,2989.56,0.0,
ETH/USDT,xgb_primary,primary,1m,2025-12-19 22:31:00+00:00,,2025-12-19 22:31:00+00:00,buy,True,turnover_limit,turnover_limit,turnover_limit,,False,0.565682053565979,0.565682053565979,,0.48,turnover_limit,,,,,0.565682053565979,,,20.0,,2990.0,0.0,
BTC/USDT,xgb_primary,conservative,1m,2025-12-19 22:31:00+00:00,,2025-12-19 22:31:00+00:00,buy,True,turnover_limit,turnover_limit,turnover_limit,,False,0.565682053565979,0.565682053565979,,0.56,turnover_limit,,,,,0.565682053565979,,,15.0,,88230.01,0.0,
BTC/USDT,xgb_primary,conservative,1m,2025-12-19 22:32:00+00:00,,2025-12-19 22:32:00+00:00,buy,True,turnover_limit,turnover_limit,turnover_limit,,False,0.565682053565979,0.565682053565979,,0.56,turnover_limit,,,,,0.565682053565979,,,15.0,,88262.85,0.0,
ETH/USDT,xgb_primary,primary,1m,2025-12-19 22:33:00+00:00,,2025-12-19 22:33:00+00:00,buy,True,turnover_limit,turnover_limit,turnover_limit,,False,0.565682053565979,0.565682053565979,,0.48,turnover_limit,,,,,0.565682053565979,,,20.0,,2991.29,0.0,
BTC/USDT,xgb_primary,conservative,1m,2025-12-19 22:33:00+00:00,,2025-12-19 22:33:00+00:00,buy,True,turnover_limit,turnover_limit,turnover_limit,,False,0.565682053565979,0.565682053565979,,0.56,turnover_limit,,,,,0.565682053565979,,,15.0,,88219.44,0.0,
ETH/USDT,xgb_primary,primary,1m,2025-12-19 22:34:00+00:00,,2025-12-19 22:34:00+00:00,buy,True,turnover_limit,turnover_limit,turnover_limit,,False,0.5002435445785522,0.5002435445785522,,0.48,turnover_limit,,,,,0.5002435445785522,,,20.0,,2988.38,0.0,
ETH/USDT,xgb_primary,primary,1m,2025-12-19 22:36:00+00:00,,2025-12-19 22:36:00+00:00,buy,True,turnover_limit,turnover_limit,turnover_limit,,False,0.5002435445785522,0.5002435445785522,,0.48,turnover_limit,,,,,0.5002435445785522,,,20.0,,2988.43,0.0,
SOL/USDT,xgb_primary,conservative,1m,2025-12-19 22:38:00+00:00,,2025-12-19 22:38:00+00:00,buy,True,turnover_limit,turnover_limit,turnover_limit,,False,0.5002435445785522,0.5002435445785522,,0.48,turnover_limit,,,,,0.5002435445785522,,,10.0,,126.99,0.0,
BTC/USDT,xgb_primary,conservative,1m,2025-12-19 22:39:00+00:00,,2025-12-19 22:39:00+00:00,buy,True,turnover_limit,turnover_limit,turnover_limit,,False,0.565682053565979,0.565682053565979,,0.56,turnover_limit,,,,,0.565682053565979,,,15.0,,88368.94,0.0,
SOL/USDT,xgb_primary,conservative,1m,2025-12-19 22:39:00+00:00,,2025-12-19 22:39:00+00:00,buy,True,turnover_limit,turnover_limit,turnover_limit,,False,0.5002435445785522,0.5002435445785522,,0.48,turnover_limit,,,,,0.5002435445785522,,,10.0,,127.03,0.0,
ETH/USDT,xgb_primary,primary,1m,2025-12-19 22:39:00+00:00,,2025-12-19 22:39:00+00:00,buy,True,turnover_limit,turnover_limit,turnover_limit,,False,0.5002435445785522,0.5002435445785522,,0.48,turnover_limit,,,,,0.5002435445785522,,,20.0,,2989.95,0.0,
ETH/USDT,xgb_primary,primary,1m,2025-12-19 22:40:00+00:00,,2025-12-19 22:40:00+00:00,buy,True,turnover_limit,turnover_limit,turnover_limit,,False,0.5002435445785522,0.5002435445785522,,0.48,turnover_limit,,,,,0.5002435445785522,,,20.0,,2990.85,0.0,
ETH/USDT,xgb_primary,primary,1m,2025-12-19 22:41:00+00:00,,2025-12-19 22:41:00+00:00,buy,True,turnover_limit,turnover_limit,turnover_limit,,False,0.5002435445785522,0.5002435445785522,,0.48,turnover_limit,,,,,0.5002435445785522,,,20.0,,2991.84,0.0,
SOL/USDT,xgb_primary,conservative,1m,2025-12-19 22:41:00+00:00,,2025-12-19 22:41:00+00:00,buy,True,turnover_limit,turnover_limit,turnover_limit,,False,0.5002435445785522,0.5002435445785522,,0.48,turnover_limit,,,,,0.5002435445785522,,,10.0,,127.07,0.0,
BTC/USDT,xgb_primary,conservative,1m,2025-12-19 22:41:00+00:00,,2025-12-19 22:41:00+00:00,buy,True,turnover_limit,turnover_limit,turnover_limit,,False,0.565682053565979,0.565682053565979,,0.56,turnover_limit,,,,,0.565682053565979,,,15.0,,88371.21,0.0,
ETH/USDT,xgb_primary,primary,1m,2025-12-19 22:42:00+00:00,,2025-12-19 22:42:00+00:00,buy,True,turnover_limit,turnover_limit,turnover_limit,,False,0.5002435445785522,0.5002435445785522,,0.48,turnover_limit,,,,,0.5002435445785522,,,20.0,,2992.63,0.0,
SOL/USDT,xgb_primary,conservative,1m,2025-12-19 22:42:00+00:00,,2025-12-19 22:42:00+00:00,buy,True,turnover_limit,turnover_limit,turnover_limit,,False,0.565682053565979,0.565682053565979,,0.48,turnover_limit,,,,,0.565682053565979,,,10.0,,127.03,0.0,
BTC/USDT,xgb_primary,conservative,1m,2025-12-19 22:42:00+00:00,,2025-12-19 22:42:00+00:00,buy,True,turnover_limit,turnover_limit,turnover_limit,,False,0.565682053565979,0.565682053565979,,0.56,turnover_limit,,,,,0.565682053565979,,,15.0,,88381.22,0.0,
ETH/USDT,xgb_primary,primary,1m,2025-12-19 22:43:00+00:00,,2025-12-19 22:43:00+00:00,buy,True,turnover_limit,turnover_limit,turnover_limit,,False,0.565682053565979,0.565682053565979,,0.48,turnover_limit,,,,,0.565682053565979,,,20.0,,2992.36,0.0,
SOL/USDT,xgb_primary,conservative,1m,2025-12-19 22:43:00+00:00,,2025-12-19 22:43:00+00:00,buy,True,turnover_limit,turnover_limit,turnover_limit,,False,0.565682053565979,0.565682053565979,,0.48,turnover_limit,,,,,0.565682053565979,,,10.0,,126.94,0.0,
BTC/USDT,xgb_primary,conservative,1m,2025-12-19 22:43:00+00:00,,2025-12-19 22:43:00+00:00,buy,True,turnover_limit,turnover_limit,turnover_limit,,False,0.6076040863990784,0.6076040863990784,,0.56,turnover_limit,,,,,0.6076040863990784,,,15.0,,88389.5,0.0,
ETH/USDT,xgb_primary,primary,1m,2025-12-19 22:44:00+00:00,,2025-12-19 22:44:00+00:00,buy,True,turnover_limit,turnover_limit,turnover_limit,,False,0.5002435445785522,0.5002435445785522,,0.48,turnover_limit,,,,,0.5002435445785522,,,20.0,,2991.05,0.0,
BTC/USDT,xgb_primary,conservative,1m,2025-12-19 22:44:00+00:00,,2025-12-19 22:44:00+00:00,buy,True,turnover_limit,turnover_limit,turnover_limit,,False,0.6076040863990784,0.6076040863990784,,0.56,turnover_limit,,,,,0.6076040863990784,,,15.0,,88362.68,0.0,
BTC/USDT,xgb_primary,conservative,1m,2025-12-19 22:45:00+00:00,,2025-12-19 22:45:00+00:00,buy,True,turnover_limit,turnover_limit,turnover_limit,,False,0.6076040863990784,0.6076040863990784,,0.56,turnover_limit,,,,,0.6076040863990784,,,15.0,,88336.26,0.0,
ETH/USDT,xgb_primary,primary,1m,2025-12-19 22:45:00+00:00,,2025-12-19 22:45:00+00:00,buy,True,turnover_limit,turnover_limit,turnover_limit,,False,0.565682053565979,0.565682053565979,,0.48,turnover_limit,,,,,0.565682053565979,,,20.0,,2989.77,0.0,
SOL/USDT,xgb_primary,conservative,1m,2025-12-19 22:46:00+00:00,,2025-12-19 22:46:00+00:00,buy,True,turnover_limit,turnover_limit,turnover_limit,,False,0.565682053565979,0.565682053565979,,0.48,turnover_limit,,,,,0.565682053565979,,,10.0,,126.84,0.0,
BTC/USDT,xgb_primary,conservative,1m,2025-12-19 22:46:00+00:00,,2025-12-19 22:46:00+00:00,buy,True,turnover_limit,turnover_limit,turnover_limit,,False,0.6076040863990784,0.6076040863990784,,0.56,turnover_limit,,,,,0.6076040863990784,,,15.0,,88310.14,0.0,
ETH/USDT,xgb_primary,primary,1m,2025-12-19 22:46:00+00:00,,2025-12-19 22:46:00+00:00,buy,True,turnover_limit,turnover_limit,turnover_limit,,False,0.5002435445785522,0.5002435445785522,,0.48,turnover_limit,,,,,0.5002435445785522,,,20.0,,2989.77,0.0,
ETH/USDT,xgb_primary,primary,1m,2025-12-19 22:47:00+00:00,,2025-12-19 22:47:00+00:00,buy,True,turnover_limit,turnover_limit,turnover_limit,,False,0.5002435445785522,0.5002435445785522,,0.48,turnover_limit,,,,,0.5002435445785522,,,20.0,,2989.79,0.0,
ETH/USDT,xgb_primary,primary,1m,2025-12-19 22:48:00+00:00,,2025-12-19 22:48:00+00:00,buy,True,turnover_limit,turnover_limit,turnover_limit,,False,0.5002435445785522,0.5002435445785522,,0.48,turnover_limit,,,,,0.5002435445785522,,,20.0,,2988.87,0.0,
BTC/USDT,xgb_primary,conservative,1m,2025-12-19 22:49:00+00:00,,2025-12-19 22:49:00+00:00,buy,True,turnover_limit,turnover_limit,turnover_limit,,False,0.565682053565979,0.565682053565979,,0.56,turnover_limit,,,,,0.565682053565979,,,15.0,,88350.0,0.0,
ETH/USDT,xgb_primary,primary,1m,2025-12-19 22:49:00+00:00,,2025-12-19 22:49:00+00:00,buy,True,turnover_limit,turnover_limit,turnover_limit,,False,0.5002435445785522,0.5002435445785522,,0.48,turnover_limit,,,,,0.5002435445785522,,,20.0,,2987.56,0.0,
SOL/USDT,xgb_primary,conservative,1m,2025-12-19 22:49:00+00:00,,2025-12-19 22:49:00+00:00,buy,True,turnover_limit,turnover_limit,turnover_limit,,False,0.565682053565979,0.565682053565979,,0.48,turnover_limit,,,,,0.565682053565979,,,10.0,,127.12,0.0,
BTC/USDT,xgb_primary,conservative,1m,2025-12-19 22:51:00+00:00,,2025-12-19 22:51:00+00:00,buy,True,turnover_limit,turnover_limit,turnover_limit,,False,0.565682053565979,0.565682053565979,,0.56,turnover_limit,,,,,0.565682053565979,,,15.0,,88273.21,0.0,
SOL/USDT,xgb_primary,conservative,1m,2025-12-19 22:51:00+00:00,,2025-12-19 22:51:00+00:00,buy,True,turnover_limit,turnover_limit,turnover_limit,,False,0.6076040863990784,0.6076040863990784,,0.48,turnover_limit,,,,,0.6076040863990784,,,10.0,,127.05,0.0,
ETH/USDT,xgb_primary,primary,1m,2025-12-19 22:51:00+00:00,,2025-12-19 22:51:00+00:00,buy,True,turnover_limit,turnover_limit,turnover_limit,,False,0.565682053565979,0.565682053565979,,0.48,turnover_limit,,,,,0.565682053565979,,,20.0,,2989.2,0.0,
ETH/USDT,xgb_primary,primary,1m,2025-12-19 22:52:00+00:00,,2025-12-19 22:52:00+00:00,buy,True,turnover_limit,turnover_limit,turnover_limit,,False,0.5002435445785522,0.5002435445785522,,0.48,turnover_limit,,,,,0.5002435445785522,,,20.0,,2988.46,0.0,
SOL/USDT,xgb_primary,conservative,1m,2025-12-19 22:53:00+00:00,,2025-12-19 22:53:00+00:00,buy,True,turnover_limit,turnover_limit,turnover_limit,,False,0.5002435445785522,0.5002435445785522,,0.48,turnover_limit,,,,,0.5002435445785522,,,10.0,,126.98,0.0,
SOL/USDT,xgb_primary,conservative,1m,2025-12-19 22:54:00+00:00,,2025-12-19 22:54:00+00:00,buy,True,turnover_limit,turnover_limit,turnover_limit,,False,0.5002435445785522,0.5002435445785522,,0.48,turnover_limit,,,,,0.5002435445785522,,,10.0,,126.98,0.0,
ETH/USDT,xgb_primary,primary,1m,2025-12-19 23:00:00+00:00,,2025-12-19 23:00:00+00:00,buy,True,turnover_limit,turnover_limit,turnover_limit,,False,0.5002435445785522,0.5002435445785522,,0.48,turnover_limit,,,,,0.5002435445785522,,,20.0,,2987.75,0.0,
BTC/USDT,xgb_primary,conservative,1m,2025-12-19 23:10:00+00:00,,2025-12-19 23:10:00+00:00,buy,True,turnover_limit,turnover_limit,turnover_limit,,False,0.565682053565979,0.565682053565979,,0.56,turnover_limit,,,,,0.565682053565979,,,15.0,,88281.61,0.0,
BTC/USDT,xgb_primary,conservative,1m,2025-12-19 23:11:00+00:00,,2025-12-19 23:11:00+00:00,buy,True,turnover_limit,turnover_limit,turnover_limit,,False,0.565682053565979,0.565682053565979,,0.56,turnover_limit,,,,,0.565682053565979,,,15.0,,88310.82,0.0,
ETH/USDT,xgb_primary,primary,1m,2025-12-19 23:13:00+00:00,,2025-12-19 23:13:00+00:00,buy,True,turnover_limit,turnover_limit,turnover_limit,,False,0.5002435445785522,0.5002435445785522,,0.48,turnover_limit,,,,,0.5002435445785522,,,20.0,,2984.1,0.0,
ETH/USDT,xgb_primary,primary,1m,2025-12-19 23:20:00+00:00,,2025-12-19 23:20:00+00:00,buy,True,turnover_limit,turnover_limit,turnover_limit,,False,0.5002435445785522,0.5002435445785522,,0.48,turnover_limit,,,,,0.5002435445785522,,,20.0,,2985.09,0.0,
ETH/USDT,xgb_primary,primary,1m,2025-12-19 23:22:00+00:00,,2025-12-19 23:22:00+00:00,buy,True,turnover_limit,turnover_limit,turnover_limit,,False,0.565682053565979,0.565682053565979,,0.48,turnover_limit,,,,,0.565682053565979,,,20.0,,2984.76,0.0,
BTC/USDT,xgb_primary,conservative,1m,2025-12-19 23:23:00+00:00,,2025-12-19 23:23:00+00:00,buy,True,turnover_limit,turnover_limit,turnover_limit,,False,0.565682053565979,0.565682053565979,,0.56,turnover_limit,,,,,0.565682053565979,,,15.0,,88345.96,0.0,
SOL/USDT,xgb_primary,conservative,1m,2025-12-19 23:23:00+00:00,,2025-12-19 23:23:00+00:00,buy,True,turnover_limit,turnover_limit,turnover_limit,,False,0.5002435445785522,0.5002435445785522,,0.48,turnover_limit,,,,,0.5002435445785522,,,10.0,,126.54,0.0,
ETH/USDT,xgb_primary,primary,1m,2025-12-19 23:23:00+00:00,,2025-12-19 23:23:00+00:00,buy,True,turnover_limit,turnover_limit,turnover_limit,,False,0.565682053565979,0.565682053565979,,0.48,turnover_limit,,,,,0.565682053565979,,,20.0,,2985.81,0.0,
ETH/USDT,xgb_primary,primary,1m,2025-12-19 23:24:00+00:00,,2025-12-19 23:24:00+00:00,buy,True,turnover_limit,turnover_limit,turnover_limit,,False,0.565682053565979,0.565682053565979,,0.48,turnover_limit,,,,,0.565682053565979,,,20.0,,2986.49,0.0,
SOL/USDT,xgb_primary,conservative,1m,2025-12-19 23:24:00+00:00,,2025-12-19 23:24:00+00:00,buy,True,turnover_limit,turnover_limit,turnover_limit,,False,0.5002435445785522,0.5002435445785522,,0.48,turnover_limit,,,,,0.5002435445785522,,,10.0,,126.57,0.0,
ETH/USDT,xgb_primary,primary,1m,2025-12-19 23:25:00+00:00,,2025-12-19 23:25:00+00:00,buy,True,turnover_limit,turnover_limit,turnover_limit,,False,0.565682053565979,0.565682053565979,,0.48,turnover_limit,,,,,0.565682053565979,,,20.0,,2986.93,0.0,
SOL/USDT,xgb_primary,conservative,1m,2025-12-19 23:25:00+00:00,,2025-12-19 23:25:00+00:00,buy,True,turnover_limit,turnover_limit,turnover_limit,,False,0.565682053565979,0.565682053565979,,0.48,turnover_limit,,,,,0.565682053565979,,,10.0,,126.53,0.0,
BTC/USDT,xgb_primary,conservative,1m,2025-12-19 23:25:00+00:00,,2025-12-19 23:25:00+00:00,buy,True,turnover_limit,turnover_limit,turnover_limit,,False,0.565682053565979,0.565682053565979,,0.56,turnover_limit,,,,,0.565682053565979,,,15.0,,88334.68,0.0,
BTC/USDT,xgb_primary,conservative,1m,2025-12-19 23:26:00+00:00,,2025-12-19 23:26:00+00:00,buy,True,turnover_limit,turnover_limit,turnover_limit,,False,0.565682053565979,0.565682053565979,,0.56,turnover_limit,,,,,0.565682053565979,,,15.0,,88334.68,0.0,
SOL/USDT,xgb_primary,conservative,1m,2025-12-19 23:26:00+00:00,,2025-12-19 23:26:00+00:00,buy,True,turnover_limit,turnover_limit,turnover_limit,,False,0.565682053565979,0.565682053565979,,0.48,turnover_limit,,,,,0.565682053565979,,,10.0,,126.61,0.0,
ETH/USDT,xgb_primary,primary,1m,2025-12-19 23:27:00+00:00,,2025-12-19 23:27:00+00:00,buy,True,turnover_limit,turnover_limit,turnover_limit,,False,0.5002435445785522,0.5002435445785522,,0.48,turnover_limit,,,,,0.5002435445785522,,,20.0,,2986.53,0.0,
BTC/USDT,xgb_primary,conservative,1m,2025-12-19 23:27:00+00:00,,2025-12-19 23:27:00+00:00,buy,True,turnover_limit,turnover_limit,turnover_limit,,False,0.565682053565979,0.565682053565979,,0.56,turnover_limit,,,,,0.565682053565979,,,15.0,,88331.5,0.0,
SOL/USDT,xgb_primary,conservative,1m,2025-12-19 23:28:00+00:00,,2025-12-19 23:28:00+00:00,buy,True,turnover_limit,turnover_limit,turnover_limit,,False,0.565682053565979,0.565682053565979,,0.48,turnover_limit,,,,,0.565682053565979,,,10.0,,126.6,0.0,
ETH/USDT,xgb_primary,primary,1m,2025-12-19 23:28:00+00:00,,2025-12-19 23:28:00+00:00,buy,True,turnover_limit,turnover_limit,turnover_limit,,False,0.565682053565979,0.565682053565979,,0.48,turnover_limit,,,,,0.565682053565979,,,20.0,,2985.67,0.0,
BTC/USDT,xgb_primary,conservative,1m,2025-12-19 23:28:00+00:00,,2025-12-19 23:28:00+00:00,buy,True,turnover_limit,turnover_limit,turnover_limit,,False,0.565682053565979,0.565682053565979,,0.56,turnover_limit,,,,,0.565682053565979,,,15.0,,88329.46,0.0,
BTC/USDT,xgb_primary,conservative,1m,2025-12-19 23:29:00+00:00,,2025-12-19 23:29:00+00:00,buy,True,turnover_limit,turnover_limit,turnover_limit,,False,0.565682053565979,0.565682053565979,,0.56,turnover_limit,,,,,0.565682053565979,,,15.0,,88250.01,0.0,
SOL/USDT,xgb_primary,conservative,1m,2025-12-19 23:29:00+00:00,,2025-12-19 23:29:00+00:00,buy,True,turnover_limit,turnover_limit,turnover_limit,,False,0.565682053565979,0.565682053565979,,0.48,turnover_limit,,,,,0.565682053565979,,,10.0,,126.47,0.0,
ETH/USDT,xgb_primary,primary,1m,2025-12-19 23:30:00+00:00,,2025-12-19 23:30:00+00:00,buy,True,turnover_limit,turnover_limit,turnover_limit,,False,0.565682053565979,0.565682053565979,,0.48,turnover_limit,,,,,0.565682053565979,,,20.0,,2983.19,0.0,
ETH/USDT,xgb_primary,primary,1m,2025-12-19 23:31:00+00:00,,2025-12-19 23:31:00+00:00,buy,True,turnover_limit,turnover_limit,turnover_limit,,False,0.5002435445785522,0.5002435445785522,,0.48,turnover_limit,,,,,0.5002435445785522,,,20.0,,2983.54,0.0,
ETH/USDT,xgb_primary,primary,1m,2025-12-19 23:32:00+00:00,,2025-12-19 23:32:00+00:00,buy,True,turnover_limit,turnover_limit,turnover_limit,,False,0.5002435445785522,0.5002435445785522,,0.48,turnover_limit,,,,,0.5002435445785522,,,20.0,,2983.52,0.0,
