symbol,entry_ts,exit_ts,exit_reason,pnl,hold_minutes,entry_price,exit_price,mfe_pct,mae_pct,exit_return_pct,post_exit_max_return_pct,post_exit_min_return_pct
SOL/USDT,2025-12-21 19:55:00+00:00,2025-12-21 20:02:00+00:00,gate_close,-0.0038600235355424,7.0,125.71,125.73,0.0007954816641477791,-0.0025455413252724046,0.0001590963328295114,0.00039767756303188406,-0.004772130756382831
SOL/USDT,2025-12-21 19:55:00+00:00,2025-12-21 20:09:00+00:00,prob_floor,-0.0094604693953747,14.0,125.71,125.63,0.0007954816641477791,-0.0025455413252724046,-0.0006363853313180456,0.0011939823290616491,-0.004537132850433778
SOL/USDT,2025-12-21 19:55:00+00:00,2025-12-21 20:10:00+00:00,trailing_prob_drop,-0.0101605251677882,15.0,125.71,125.62,0.0007954816641477791,-0.0025455413252724046,-0.0007159334977328013,0.0012736825346282288,-0.004457888871198912
SOL/USDT,2025-12-21 19:55:00+00:00,2025-12-21 20:11:00+00:00,prob_floor,-0.010860580949081,16.0,125.71,125.61,0.0007954816641477791,-0.0025455413252724046,-0.0007954816641475571,0.0013533954303002194,-0.004378632274500416
SOL/USDT,2025-12-21 19:55:00+00:00,2025-12-21 20:12:00+00:00,prob_floor,-0.0129607483462736,17.0,125.71,125.6,0.0007954816641477791,-0.0025455413252724046,-0.0008750298305624238,0.0014331210191083077,-0.004299363057324812
SOL/USDT,2025-12-21 19:55:00+00:00,2025-12-21 20:13:00+00:00,trailing_prob_drop,-0.0136608041631158,18.0,125.71,125.57,0.0007954816641477791,-0.0025455413252724046,-0.001113674329806691,0.0016723739746755673,-0.004061479652783251
SOL/USDT,2025-12-21 19:55:00+00:00,2025-12-21 20:14:00+00:00,prob_floor,-0.0087604136318394,19.0,125.71,125.55,0.0007954816641477791,-0.0025455413252724046,-0.0012727706626362023,0.001831939466348187,-0.003902827558741495
SOL/USDT,2025-12-21 19:55:00+00:00,2025-12-21 20:15:00+00:00,trailing_prob_drop,-0.0066602463944913,20.0,125.71,125.61,0.0007954816641477791,-0.0025455413252724046,-0.0007954816641475571,0.0013533954303002194,-0.004378632274500416
SOL/USDT,2025-12-21 19:55:00+00:00,2025-12-21 20:17:00+00:00,trailing_prob_drop,-0.0066602463944913,22.0,125.71,125.65,0.0007954816641477791,-0.0025455413252724046,-0.00047728899848853423,0.0010346199761241959,-0.004695582968563539
SOL/USDT,2025-12-21 19:55:00+00:00,2025-12-21 20:18:00+00:00,trailing_prob_drop,-0.0066602463944913,23.0,125.71,125.65,0.0007954816641477791,-0.0025455413252724046,-0.00047728899848853423,0.0010346199761241959,-0.004695582968563539
SOL/USDT,2025-12-21 19:55:00+00:00,2025-12-21 20:20:00+00:00,prob_floor,-0.0066602463944913,25.0,125.71,125.66,0.0007954816641477791,-0.0025455413252724046,-0.00039774083207377853,0.0009549578226961675,-0.004774789113480726
SOL/USDT,2025-12-21 19:55:00+00:00,2025-12-21 20:21:00+00:00,trailing_prob_drop,-0.010860580949081,26.0,125.71,125.65,0.0007954816641477791,-0.0025455413252724046,-0.00047728899848853423,0.0010346199761241959,-0.004695582968563539
SOL/USDT,2025-12-21 19:55:00+00:00,2025-12-21 20:22:00+00:00,prob_floor,-0.0115606367392603,27.0,125.71,125.6,0.0007954816641477791,-0.0025455413252724046,-0.0008750298305624238,0.0014331210191083077,-0.004299363057324812
SOL/USDT,2025-12-21 19:55:00+00:00,2025-12-21 20:23:00+00:00,prob_floor,-0.0129607483462736,28.0,125.71,125.58,0.0007954816641477791,-0.0025455413252724046,-0.0010341261633919352,0.0015926102882624082,-0.0041407867494823725
SOL/USDT,2025-12-21 19:55:00+00:00,2025-12-21 20:26:00+00:00,prob_floor,-0.0157609716669988,31.0,125.71,125.52,0.0007954816641477791,-0.0025455413252724046,-0.0015114151618804694,0.0020713830465264316,-0.0036647546207775328
SOL/USDT,2025-12-21 19:55:00+00:00,2025-12-21 20:27:00+00:00,trailing_prob_drop,-0.0157609716669988,32.0,125.71,125.53,0.0007954816641477791,-0.0025455413252724046,-0.0014318669954657137,0.0019915558033936076,-0.003744124910380009
SOL/USDT,2025-12-21 19:55:00+00:00,2025-12-21 20:30:00+00:00,trailing_prob_drop,-0.0129607483462736,35.0,125.71,125.53,0.0007954816641477791,-0.0025455413252724046,-0.0014318669954657137,0.0019915558033936076,-0.003744124910380009
SOL/USDT,2025-12-21 19:55:00+00:00,2025-12-21 20:31:00+00:00,prob_floor,-0.0122606925383241,36.0,125.71,125.56,0.0007954816641477791,-0.0025455413252724046,-0.0011932224962214466,0.0017521503663586735,-0.003982159923542561
SOL/USDT,2025-12-21 19:55:00+00:00,2025-12-21 20:32:00+00:00,prob_floor,-0.0101605251677882,37.0,125.71,125.56,0.0007954816641477791,-0.0025455413252724046,-0.0011932224962214466,0.0017521503663586735,-0.003982159923542561
SOL/USDT,2025-12-21 19:55:00+00:00,2025-12-21 20:33:00+00:00,trailing_prob_drop,-0.010860580949081,38.0,125.71,125.6,0.0007954816641477791,-0.0025455413252724046,-0.0008750298305624238,0.0014331210191083077,-0.004299363057324812
SOL/USDT,2025-12-21 19:55:00+00:00,2025-12-21 20:34:00+00:00,trailing_prob_drop,-0.010860580949081,39.0,125.71,125.6,0.0007954816641477791,-0.0025455413252724046,-0.0008750298305624238,0.0014331210191083077,-0.004299363057324812
SOL/USDT,2025-12-21 19:55:00+00:00,2025-12-21 20:36:00+00:00,trailing_prob_drop,-0.0094604693953747,41.0,125.71,125.59,0.0007954816641477791,-0.0025455413252724046,-0.0009545779969770685,0.001512859304084735,-0.004220081216657401
SOL/USDT,2025-12-21 19:55:00+00:00,2025-12-21 20:38:00+00:00,gate_close,-0.0052601349472844,43.0,125.71,125.64,0.0007954816641477791,-0.0025455413252724046,-0.0005568371649032899,0.0011142948105697936,-0.0046163642152180495
SOL/USDT,2025-12-21 19:55:00+00:00,2025-12-21 20:40:00+00:00,gate_close,0.0017400600000007,45.0,125.71,125.7,0.0007954816641477791,-0.0025455413252724046,-7.954816641464468e-05,0.0006364359586317203,-0.005091487669053318
SOL/USDT,2025-12-21 20:42:00+00:00,2025-12-21 20:42:00+00:00,dry_run,0.0,,125.76,125.76,0.0001590330788803218,-0.005566157760814261,0.0,0.0001590330788803218,-0.005566157760814261
SOL/USDT,2025-12-21 20:42:00+00:00,2025-12-21 20:46:00+00:00,gate_close,-0.0129615879601977,4.0,125.76,125.69,0.0001590330788803218,-0.005566157760814261,-0.0005566157760814594,0.0006364865940011732,-0.006762670061261744
SOL/USDT,2025-12-21 20:42:00+00:00,2025-12-21 20:47:00+00:00,gate_close,-0.0129615879601977,5.0,125.76,125.64,0.0001590330788803218,-0.005566157760814261,-0.000954198473282486,0.0003183699458770839,-0.006844953836357859
SOL/USDT,2025-12-21 20:42:00+00:00,2025-12-21 20:53:00+00:00,prob_floor,-0.0269627054534582,11.0,125.76,125.55,0.0001590330788803218,-0.005566157760814261,-0.0016698473282443782,0.0,-0.006292313819195483
SOL/USDT,2025-12-21 20:42:00+00:00,2025-12-21 20:54:00+00:00,prob_floor,-0.0297629293799102,12.0,125.76,125.43,0.0001590330788803218,-0.005566157760814261,-0.002624045801526753,0.0009567089213107227,-0.005341624810651369
SOL/USDT,2025-12-21 20:42:00+00:00,2025-12-21 20:55:00+00:00,prob_floor,-0.0290628733849037,13.0,125.76,125.39,0.0001590330788803218,-0.005566157760814261,-0.002942111959287619,0.0003190047053194256,-0.00502432410878062
SOL/USDT,2025-12-21 20:42:00+00:00,2025-12-21 20:56:00+00:00,prob_floor,-0.0311630413967216,14.0,125.76,125.4,0.0001590330788803218,-0.005566157760814261,-0.002862595419847347,0.0,-0.005103668261563055
SOL/USDT,2025-12-21 20:42:00+00:00,2025-12-21 20:57:00+00:00,prob_floor,-0.0332632094889697,15.0,125.76,125.39,0.0001590330788803218,-0.005566157760814261,-0.002942111959287619,0.0,-0.00502432410878062
SOL/USDT,2025-12-21 20:42:00+00:00,2025-12-21 20:58:00+00:00,prob_floor,-0.0318630974185318,16.0,125.76,125.37,0.0001590330788803218,-0.005566157760814261,-0.0031011450381679406,0.0,-0.004865597830421953
SOL/USDT,2025-12-21 20:42:00+00:00,2025-12-21 20:59:00+00:00,prob_floor,-0.0360634337371789,17.0,125.76,125.33,0.0001590330788803218,-0.005566157760814261,-0.0034192111959288063,0.0002393680682997168,-0.004547993297694064
SOL/USDT,2025-12-21 20:42:00+00:00,2025-12-21 21:00:00+00:00,prob_floor,-0.0465642759447041,18.0,125.76,125.3,0.0001590330788803218,-0.005566157760814261,-0.0036577608142494,0.00047885075818032696,-0.004309656823623276
SOL/USDT,2025-12-21 20:42:00+00:00,2025-12-21 21:01:00+00:00,prob_floor,-0.0521647259481059,19.0,125.76,125.14,0.0001590330788803218,-0.005566157760814261,-0.004930025445292641,0.0017580310052740522,-0.003036599009109797
SOL/USDT,2025-12-21 20:42:00+00:00,2025-12-21 21:02:00+00:00,prob_floor,-0.0493645008744659,20.0,125.76,125.15,0.0001590330788803218,-0.005566157760814261,-0.004850508905852369,0.0016779864163003477,-0.00311626048741509
SOL/USDT,2025-12-21 20:42:00+00:00,2025-12-21 21:03:00+00:00,prob_floor,-0.0444641073417215,21.0,125.76,125.11,0.0001590330788803218,-0.005566157760814261,-0.005168575063613234,0.0019982415474382176,-0.0027975381664134824
SOL/USDT,2025-12-21 20:42:00+00:00,2025-12-21 21:04:00+00:00,prob_floor,-0.0500645571293805,22.0,125.76,125.15,0.0001590330788803218,-0.005566157760814261,-0.004850508905852369,0.0016779864163003477,-0.00311626048741509
SOL/USDT,2025-12-21 20:42:00+00:00,2025-12-21 21:05:00+00:00,prob_floor,-0.0472643321636636,23.0,125.76,125.13,0.0001590330788803218,-0.005566157760814261,-0.005009541984732913,0.0018380883880764198,-0.002956924798209748
SOL/USDT,2025-12-21 20:42:00+00:00,2025-12-21 21:06:00+00:00,prob_floor,-0.0458642197347276,24.0,125.76,125.15,0.0001590330788803218,-0.005566157760814261,-0.004850508905852369,0.0016779864163003477,-0.00311626048741509
SOL/USDT,2025-12-21 20:42:00+00:00,2025-12-21 21:07:00+00:00,prob_floor,-0.038163602017322,25.0,125.76,125.14,0.0001590330788803218,-0.005566157760814261,-0.004930025445292641,0.0017580310052740522,-0.003036599009109797
SOL/USDT,2025-12-21 20:42:00+00:00,2025-12-21 21:08:00+00:00,prob_floor,-0.0444641073417215,26.0,125.76,125.26,0.0001590330788803218,-0.005566157760814261,-0.003975826972010155,0.0007983394539357036,-0.003991697269679073
SOL/USDT,2025-12-21 20:42:00+00:00,2025-12-21 21:09:00+00:00,prob_floor,-0.0409638265162708,27.0,125.76,125.21,0.0001590330788803218,-0.005566157760814261,-0.004373409669211292,0.0011979873811995834,-0.003593962143598639
SOL/USDT,2025-12-21 20:42:00+00:00,2025-12-21 21:10:00+00:00,prob_floor,-0.0353633776617057,28.0,125.76,125.18,0.0001590330788803218,-0.005566157760814261,-0.004611959287531775,0.001437929381690406,-0.003355168557277577
SOL/USDT,2025-12-21 20:42:00+00:00,2025-12-21 21:11:00+00:00,trailing_prob_drop,-0.0388636581286177,29.0,125.76,125.31,0.0001590330788803218,-0.005566157760814261,-0.003578244274809128,0.00039901045407386704,-0.0043891149948128705
SOL/USDT,2025-12-21 20:42:00+00:00,2025-12-21 21:12:00+00:00,trailing_prob_drop,-0.0388636581286177,30.0,125.76,125.3,0.0001590330788803218,-0.005566157760814261,-0.0036577608142494,0.00047885075818032696,-0.004309656823623276
SOL/USDT,2025-12-21 20:42:00+00:00,2025-12-21 21:13:00+00:00,trailing_prob_drop,-0.0430639949846242,31.0,125.76,125.26,0.0001590330788803218,-0.005566157760814261,-0.003975826972010155,0.0007983394539357036,-0.003991697269679073
SOL/USDT,2025-12-21 20:42:00+00:00,2025-12-21 21:14:00+00:00,trailing_prob_drop,-0.0409638265162708,32.0,125.76,125.23,0.0001590330788803218,-0.005566157760814261,-0.004214376590330748,0.0010380899145572275,-0.003753094306476079
SOL/USDT,2025-12-21 20:42:00+00:00,2025-12-21 21:15:00+00:00,trailing_prob_drop,-0.0416638826634194,33.0,125.76,125.23,0.0001590330788803218,-0.005566157760814261,-0.004214376590330748,0.0010380899145572275,-0.003753094306476079
SOL/USDT,2025-12-21 20:42:00+00:00,2025-12-21 21:19:00+00:00,gate_close,-0.0374635459149873,37.0,125.76,125.32,0.0001590330788803218,-0.005566157760814261,-0.0034987277353690782,0.0007181615065432467,-0.004468560485157869
SOL/USDT,2025-12-21 20:42:00+00:00,2025-12-21 21:20:00+00:00,gate_close,-0.0353633776617057,38.0,125.76,125.28,0.0001590330788803218,-0.005566157760814261,-0.003816793893129833,0.0010376756066410309,-0.0041507024265644565
SOL/USDT,2025-12-21 20:42:00+00:00,2025-12-21 21:22:00+00:00,gate_close,-0.0465642759447041,40.0,125.76,125.23,0.0001590330788803218,-0.005566157760814261,-0.004214376590330748,0.0014373552663098366,-0.003753094306476079
SOL/USDT,2025-12-21 20:42:00+00:00,2025-12-21 21:25:00+00:00,gate_close,-0.0451641635337358,43.0,125.76,125.22,0.0001590330788803218,-0.005566157760814261,-0.00429389312977102,0.001517329500079878,-0.003673534579140658
SOL/USDT,2025-12-21 20:42:00+00:00,2025-12-21 21:26:00+00:00,prob_floor,-0.0416638826634194,44.0,125.76,125.19,0.0001590330788803218,-0.005566157760814261,-0.004532442748091614,0.0017573288601326897,-0.0034347791357136614
SOL/USDT,2025-12-21 20:42:00+00:00,2025-12-21 21:27:00+00:00,prob_floor,-0.0374635459149873,45.0,125.76,125.21,0.0001590330788803218,-0.005566157760814261,-0.004373409669211292,0.0015973165082661112,-0.003593962143598639
SOL/USDT,2025-12-21 20:42:00+00:00,2025-12-21 21:28:00+00:00,gate_close,-0.0423639388195348,46.0,125.76,125.26,0.0001590330788803218,-0.005566157760814261,-0.003975826972010155,0.0011975091809035554,-0.003991697269679073
SOL/USDT,2025-12-21 20:42:00+00:00,2025-12-21 21:29:00+00:00,gate_close,-0.0430639949846242,47.0,125.76,125.22,0.0001590330788803218,-0.005566157760814261,-0.00429389312977102,0.001517329500079878,-0.003673534579140658
SOL/USDT,2025-12-21 20:42:00+00:00,2025-12-21 21:31:00+00:00,gate_close,-0.0318630974185318,49.0,125.76,125.26,0.0001590330788803218,-0.005566157760814261,-0.003975826972010155,0.0011975091809035554,-0.003991697269679073
SOL/USDT,2025-12-21 20:42:00+00:00,2025-12-21 21:32:00+00:00,gate_close,-0.0332632094889697,50.0,125.76,125.35,0.0001590330788803218,-0.005566157760814261,-0.0032601781170484845,0.0004786597526924563,-0.004706820901475783
SOL/USDT,2025-12-21 20:42:00+00:00,2025-12-21 21:33:00+00:00,gate_close,-0.034663321595179,51.0,125.76,125.3,0.0001590330788803218,-0.005566157760814261,-0.0036577608142494,0.0008778930566639698,-0.004309656823623276
SOL/USDT,2025-12-21 20:42:00+00:00,2025-12-21 21:36:00+00:00,gate_close,-0.0430639949846242,54.0,125.76,125.35,0.0001590330788803218,-0.005566157760814261,-0.0032601781170484845,0.0004786597526924563,-0.004706820901475783
SOL/USDT,2025-12-21 20:42:00+00:00,2025-12-21 21:37:00+00:00,trailing_prob_drop,-0.0416638826634194,55.0,125.76,125.22,0.0001590330788803218,-0.005566157760814261,-0.00429389312977102,0.001517329500079878,-0.003673534579140658
SOL/USDT,2025-12-21 20:42:00+00:00,2025-12-21 21:40:00+00:00,trailing_prob_drop,-0.0493680530179023,58.0,125.76,125.11,0.0001590330788803218,-0.005566157760814261,-0.005168575063613234,0.0023978898569259055,-0.0027975381664134824
SOL/USDT,2025-12-21 20:42:00+00:00,2025-12-21 21:44:00+00:00,prob_floor,-0.0570651201736073,62.0,125.76,125.08,0.0001590330788803218,-0.005566157760814261,-0.005407124681933939,0.004397185801087389,-0.002558362647905321
SOL/USDT,2025-12-21 20:42:00+00:00,2025-12-21 21:45:00+00:00,prob_floor,-0.0675659664311735,63.0,125.76,125.01,0.0001590330788803218,-0.005566157760814261,-0.0059637404580152875,0.004959603231741383,-0.001999840012798959
SOL/USDT,2025-12-21 20:42:00+00:00,2025-12-21 21:46:00+00:00,prob_floor,-0.0717663055038666,64.0,125.76,124.84,0.0001590330788803218,-0.005566157760814261,-0.007315521628498689,0.006328099967958911,-0.000640820249919849
SOL/USDT,2025-12-21 20:42:00+00:00,2025-12-21 21:47:00+00:00,prob_floor,-0.0710662489691079,65.0,125.76,124.78,0.0001590330788803218,-0.005566157760814261,-0.0077926208651399875,0.006811989100817373,-0.0001602820964897722
SOL/USDT,2025-12-21 20:42:00+00:00,2025-12-21 21:48:00+00:00,prob_floor,-0.0766667015010228,66.0,125.76,124.78,0.0001590330788803218,-0.005566157760814261,-0.0077926208651399875,0.006811989100817373,-0.0001602820964897722
SOL/USDT,2025-12-21 20:42:00+00:00,2025-12-21 21:49:00+00:00,prob_floor,-0.0731664186005678,67.0,125.76,124.78,0.0001590330788803218,-0.005566157760814261,-0.0077926208651399875,0.006811989100817373,-0.0001602820964897722
SOL/USDT,2025-12-21 20:42:00+00:00,2025-12-21 21:50:00+00:00,prob_floor,-0.0640656841194604,68.0,125.76,124.78,0.0001590330788803218,-0.005566157760814261,-0.0077926208651399875,0.006811989100817373,-0.0001602820964897722
SOL/USDT,2025-12-21 20:42:00+00:00,2025-12-21 21:51:00+00:00,prob_floor,-0.0668659099507433,69.0,125.76,124.89,0.0001590330788803218,-0.005566157760814261,-0.0069179389312977735,0.0059252141884857945,-0.0010409160060853573
SOL/USDT,2025-12-21 20:42:00+00:00,2025-12-21 21:52:00+00:00,prob_floor,-0.0675659664311735,70.0,125.76,124.86,0.0001590330788803218,-0.005566157760814261,-0.007156488549618367,0.006567355438090727,-0.0005606279032516204
SOL/USDT,2025-12-21 20:42:00+00:00,2025-12-21 21:53:00+00:00,prob_floor,-0.0675659664311735,71.0,125.76,124.88,0.0001590330788803218,-0.005566157760814261,-0.006997455470738045,0.006966688020499712,-0.0007206918641895488
SOL/USDT,2025-12-21 20:42:00+00:00,2025-12-21 21:55:00+00:00,prob_floor,-0.0661658534793578,73.0,125.76,124.86,0.0001590330788803218,-0.005566157760814261,-0.007156488549618367,0.008008970046452069,-0.0005606279032516204
SOL/USDT,2025-12-21 20:42:00+00:00,2025-12-21 21:56:00+00:00,prob_floor,-0.0640656841194604,74.0,125.76,124.87,0.0001590330788803218,-0.005566157760814261,-0.007076972010178095,0.007928245375190102,-0.0006406662929446805
SOL/USDT,2025-12-21 20:42:00+00:00,2025-12-21 21:57:00+00:00,prob_floor,-0.0668659099507433,75.0,125.76,124.93,0.0001590330788803218,-0.005566157760814261,-0.006599872773536908,0.007444168734491274,-0.0011206275514288322
SOL/USDT,2025-12-21 20:42:00+00:00,2025-12-21 21:58:00+00:00,prob_floor,-0.064765740563719,76.0,125.76,124.86,0.0001590330788803218,-0.005566157760814261,-0.007156488549618367,0.008008970046452069,-0.0005606279032516204
SOL/USDT,2025-12-21 20:42:00+00:00,2025-12-21 21:59:00+00:00,prob_floor,-0.070366192443412,77.0,125.76,124.88,0.0001590330788803218,-0.005566157760814261,-0.006997455470738045,0.007847533632286963,-0.0007206918641895488
SOL/USDT,2025-12-21 20:42:00+00:00,2025-12-21 22:00:00+00:00,prob_floor,-0.0661658534793578,78.0,125.76,124.79,0.0001590330788803218,-0.005566157760814261,-0.007713104325699716,0.010096962897667927,0.0
SOL/USDT,2025-12-21 20:42:00+00:00,2025-12-21 22:02:00+00:00,gate_close,-0.0598653456436305,80.0,125.76,124.93,0.0001590330788803218,-0.005566157760814261,-0.006599872773536908,0.010806051388777771,-0.0006403586008165707
SOL/USDT,2025-12-21 20:42:00+00:00,2025-12-21 22:12:00+00:00,time_limit,-0.0661607800000001,90.0,125.76,124.86,0.0001590330788803218,-0.005566157760814261,-0.007156488549618367,0.01137273746596179,0.0
SOL/USDT,2025-12-21 22:17:00+00:00,2025-12-21 22:17:00+00:00,dry_run,0.0,,125.35,125.35,0.007419226166733184,-0.0029517351416034066,0.0,0.007419226166733184,-0.0029517351416034066
SOL/USDT,2025-12-21 22:17:00+00:00,2025-12-21 22:18:00+00:00,gate_close,-0.0185546198488167,1.0,125.35,125.23,0.007419226166733184,-0.0029517351416034066,-0.0009573195053848016,0.008384572386808342,-0.0019963267587638223
SOL/USDT,2025-12-21 22:17:00+00:00,2025-12-21 22:22:00+00:00,gate_close,-0.0192546759473621,5.0,125.35,125.11,0.007419226166733184,-0.0029517351416034066,-0.0019146390107698252,0.009351770442010965,-0.0008792262808727802
SOL/USDT,2025-12-21 22:17:00+00:00,2025-12-21 22:26:00+00:00,gate_close,-0.0038534438490717,9.0,125.35,125.23,0.007419226166733184,-0.0029517351416034066,-0.0009573195053848016,0.008384572386808342,-0.0006388245628043965
SOL/USDT,2025-12-21 22:17:00+00:00,2025-12-21 22:31:00+00:00,trailing_prob_drop,-0.0073537234911123,14.0,125.35,125.28,0.007419226166733184,-0.0029517351416034066,-0.000558436378141125,0.007982120051085673,-0.0007982120051085451
SOL/USDT,2025-12-21 22:17:00+00:00,2025-12-21 22:32:00+00:00,prob_floor,-0.0073537234911123,15.0,125.35,125.18,0.007419226166733184,-0.0029517351416034066,-0.0013562026326285892,0.008787346221441172,0.0
SOL/USDT,2025-12-21 22:17:00+00:00,2025-12-21 22:34:00+00:00,gate_close,0.0031466400000005,17.0,125.35,125.32,0.007419226166733184,-0.0029517351416034066,-0.00023932987634622815,0.007660389403127965,-0.000877752952441746
SOL/USDT,2025-12-21 22:35:00+00:00,2025-12-21 22:35:00+00:00,cooldown_after_exit,0.0,,125.33,125.33,0.00757998882949007,-0.0002393680682997168,0.0,0.00757998882949007,-0.0002393680682997168
SOL/USDT,2025-12-21 22:36:00+00:00,2025-12-21 22:36:00+00:00,dry_run,0.0,,125.33,125.33,0.00757998882949007,-0.0002393680682997168,0.0,0.00757998882949007,-0.0002393680682997168
SOL/USDT,2025-12-21 22:36:00+00:00,2025-12-21 22:41:00+00:00,take_profit,0.0150456599999996,5.0,125.33,125.47,0.00757998882949007,-0.0002393680682997168,0.0011170509853986044,0.006455726468478584,-0.0006376026141706737
SOL/USDT,2025-12-21 22:45:00+00:00,2025-12-21 22:45:00+00:00,dry_run,0.0,,125.49,125.49,0.006295322336441256,-0.0007968762451190381,0.0,0.006295322336441256,-0.0007968762451190381
SOL/USDT,2025-12-21 22:45:00+00:00,2025-12-21 22:46:00+00:00,gate_close,-0.0059571111060625,1.0,125.49,125.49,0.006295322336441256,-0.0007968762451190381,0.0,0.006295322336441256,-0.0007968762451190381
SOL/USDT,2025-12-21 22:45:00+00:00,2025-12-21 22:49:00+00:00,gate_close,-0.0045569994811306,4.0,125.49,125.46,0.006295322336441256,-0.0007968762451190381,-0.00023906287353570033,0.006535947712418277,-0.0005579467559381213
SOL/USDT,2025-12-21 22:45:00+00:00,2025-12-21 22:51:00+00:00,take_profit,0.0108431400000004,6.0,125.49,125.48,0.006295322336441256,-0.0007968762451190381,-7.96876245118261e-05,0.006375518010838466,0.0
SOL/USDT,2025-12-21 22:54:00+00:00,2025-12-21 22:54:00+00:00,dry_run,0.0,,125.72,125.72,0.00445434298440972,-0.0015112949411389964,0.0,0.00445434298440972,-0.0015112949411389964
SOL/USDT,2025-12-21 22:54:00+00:00,2025-12-21 23:00:00+00:00,take_profit,0.0143379600000002,6.0,125.72,125.95,0.00445434298440972,-0.0015112949411389964,0.001829462297168405,0.0026200873362445254,-0.0033346566097658403
SOL/USDT,2025-12-21 23:04:00+00:00,2025-12-21 23:04:00+00:00,dry_run,0.0,,126.08,126.08,0.0013483502538071956,-0.004362309644669993,0.0,0.0013483502538071956,-0.004362309644669993
SOL/USDT,2025-12-21 23:04:00+00:00,2025-12-21 23:06:00+00:00,gate_close,-0.0192668468520347,2.0,126.08,125.78,0.0013483502538071956,-0.004362309644669993,-0.0023794416243654304,0.004054698680235447,-0.001987597392272167
SOL/USDT,2025-12-21 23:04:00+00:00,2025-12-21 23:08:00+00:00,trailing_prob_drop,-0.0094660677149535,4.0,126.08,125.9,0.0013483502538071956,-0.004362309644669993,-0.0014276649746192138,0.0030976965845910254,-0.0029388403494837734
SOL/USDT,2025-12-21 23:04:00+00:00,2025-12-21 23:10:00+00:00,gate_close,-0.0171666797482217,6.0,126.08,125.96,0.0013483502538071956,-0.004362309644669993,-0.0009517766497462166,0.0063512226103525915,-0.0034137821530644263
SOL/USDT,2025-12-21 23:04:00+00:00,2025-12-21 23:11:00+00:00,trailing_prob_drop,-0.0213670140355189,7.0,126.08,125.94,0.0013483502538071956,-0.004362309644669993,-0.001110406091370586,0.006828648562807738,-0.0032555185008733556
SOL/USDT,2025-12-21 23:04:00+00:00,2025-12-21 23:12:00+00:00,trailing_prob_drop,-0.0220670697810629,8.0,126.08,125.82,0.0013483502538071956,-0.004362309644669993,-0.0020621827411168026,0.007947862025115215,-0.002304879987283348
SOL/USDT,2025-12-21 23:04:00+00:00,2025-12-21 23:13:00+00:00,trailing_prob_drop,-0.0276675160645703,9.0,126.08,125.83,0.0013483502538071956,-0.004362309644669993,-0.0019828680203045623,0.007947230390209059,-0.002384169117062629
SOL/USDT,2025-12-21 23:04:00+00:00,2025-12-21 23:14:00+00:00,trailing_prob_drop,-0.0094660677149535,10.0,126.08,125.77,0.0013483502538071956,-0.004362309644669993,-0.0024587563451776706,0.014550369722509338,-0.001908245209509385
SOL/USDT,2025-12-21 23:04:00+00:00,2025-12-21 23:15:00+00:00,gate_close,-0.0059658731218285,11.0,126.08,126.0,0.0013483502538071956,-0.004362309644669993,-0.0006345177664974777,0.018888888888888955,-0.0037301587301586947
SOL/USDT,2025-12-21 23:04:00+00:00,2025-12-21 23:16:00+00:00,trailing_prob_drop,-0.0045656787952576,12.0,126.08,126.08,0.0013483502538071956,-0.004362309644669993,0.0,0.018797588832487166,-0.004362309644669993
SOL/USDT,2025-12-21 23:04:00+00:00,2025-12-21 23:17:00+00:00,trailing_prob_drop,-0.0122662901488394,13.0,126.08,126.08,0.0013483502538071956,-0.004362309644669993,0.0,0.018797588832487166,-0.004362309644669993
SOL/USDT,2025-12-21 23:04:00+00:00,2025-12-21 23:18:00+00:00,prob_floor,-0.0115662345271252,14.0,126.08,125.97,0.0013483502538071956,-0.004362309644669993,-0.0008724619289339763,0.01968722711756765,-0.003492895133761942
SOL/USDT,2025-12-21 23:04:00+00:00,2025-12-21 23:19:00+00:00,prob_floor,-0.0115662345271252,15.0,126.08,125.98,0.0013483502538071956,-0.004362309644669993,-0.0007931472081217361,0.019606286712176457,-0.0035719955548499938
SOL/USDT,2025-12-21 23:04:00+00:00,2025-12-21 23:20:00+00:00,trailing_prob_drop,-0.0066658454222368,16.0,126.08,125.98,0.0013483502538071956,-0.004362309644669993,-0.0007931472081217361,0.019606286712176457,-0.0035719955548499938
SOL/USDT,2025-12-21 23:04:00+00:00,2025-12-21 23:23:00+00:00,prob_trailing,0.00033446,19.0,126.08,126.04,0.0013483502538071956,-0.004362309644669993,-0.00031725888324862783,0.01912091399555682,-0.0040463344969851045
SOL/USDT,2025-12-21 23:24:00+00:00,2025-12-21 23:24:00+00:00,cooldown_after_exit,0.0,,126.15,126.15,0.01823226317875526,-0.0049147839873167065,0.0,0.01823226317875526,-0.0049147839873167065
SOL/USDT,2025-12-21 23:25:00+00:00,2025-12-21 23:25:00+00:00,dry_run,0.0,,126.16,126.16,0.01815155358275189,-0.004993658845909965,0.0,0.01815155358275189,-0.004993658845909965
SOL/USDT,2025-12-21 23:25:00+00:00,2025-12-21 23:28:00+00:00,gate_close,-0.0206668184115367,3.0,126.16,126.0,0.01815155358275189,-0.004993658845909965,-0.0012682308180088642,0.019444444444444375,-0.0037301587301586947
SOL/USDT,2025-12-21 23:25:00+00:00,2025-12-21 23:29:00+00:00,gate_close,-0.0374681586481433,4.0,126.16,125.91,0.01815155358275189,-0.004993658845909965,-0.0019816106531388433,0.0201731395441187,-0.003018028750694901
SOL/USDT,2025-12-21 23:25:00+00:00,2025-12-21 23:30:00+00:00,prob_floor,-0.0353679908385404,5.0,126.16,125.61,0.01815155358275189,-0.004993658845909965,-0.0043595434369054775,0.022609664835602228,-0.0006368919672000706
SOL/USDT,2025-12-21 23:25:00+00:00,2025-12-21 23:31:00+00:00,prob_floor,-0.0402683825190128,6.0,126.16,125.63,0.01815155358275189,-0.004993658845909965,-0.004201014584654383,0.02244686778635674,-0.0007959882193743217
SOL/USDT,2025-12-21 23:25:00+00:00,2025-12-21 23:32:00+00:00,prob_floor,-0.0381682146024908,7.0,126.16,125.53,0.01815155358275189,-0.004993658845909965,-0.004993658845909965,0.023261371783637186,0.0
SOL/USDT,2025-12-21 23:25:00+00:00,2025-12-21 23:33:00+00:00,prob_floor,-0.0402683825190128,8.0,126.16,125.57,0.01815155358275189,-0.004993658845909965,-0.004676601141407777,0.02293541450983505,-7.963685593681546e-05
SOL/USDT,2025-12-21 23:25:00+00:00,2025-12-21 23:35:00+00:00,prob_floor,-0.0311676554596445,10.0,126.16,125.69,0.01815155358275189,-0.004993658845909965,-0.003725428027901101,0.021958787493038256,-0.0006364865940010622
SOL/USDT,2025-12-21 23:25:00+00:00,2025-12-21 23:36:00+00:00,prob_floor,-0.0290674878902366,11.0,126.16,125.74,0.01815155358275189,-0.004993658845909965,-0.00332910589727331,0.021552409734372446,-0.0003181167488467418
SOL/USDT,2025-12-21 23:25:00+00:00,2025-12-21 23:37:00+00:00,prob_floor,-0.0241670972057698,12.0,126.16,125.72,0.01815155358275189,-0.004993658845909965,-0.0034876347495244042,0.02171492204899761,-0.00015908367801464873
SOL/USDT,2025-12-21 23:25:00+00:00,2025-12-21 23:38:00+00:00,prob_floor,-0.0087658721660105,13.0,126.16,125.79,0.01815155358275189,-0.004993658845909965,-0.002932783766645408,0.021146355036171238,-0.0005564830272677401
SOL/USDT,2025-12-21 23:25:00+00:00,2025-12-21 23:39:00+00:00,prob_floor,-0.0087658721660105,14.0,126.16,126.0,0.01815155358275189,-0.004993658845909965,-0.0012682308180088642,0.019444444444444375,-0.0016666666666665941
SOL/USDT,2025-12-21 23:25:00+00:00,2025-12-21 23:40:00+00:00,trailing_prob_drop,-0.0038654832771543,15.0,126.16,126.02,0.01815155358275189,-0.004993658845909965,-0.00110970196575777,0.01928265354705605,-0.0009522298047928146
SOL/USDT,2025-12-21 23:25:00+00:00,2025-12-21 23:41:00+00:00,trailing_prob_drop,-0.0115660945822584,16.0,126.16,126.08,0.01815155358275189,-0.004993658845909965,-0.0006341154090043766,0.018797588832487166,-0.0014276649746192138
SOL/USDT,2025-12-21 23:25:00+00:00,2025-12-21 23:42:00+00:00,prob_floor,-0.0150663728012704,17.0,126.16,125.98,0.01815155358275189,-0.004993658845909965,-0.0014267596702599583,0.019606286712176457,-0.0006350214319733594
SOL/USDT,2025-12-21 23:25:00+00:00,2025-12-21 23:56:00+00:00,trailing_prob_drop,-0.0059656498909207,31.0,126.16,125.98,0.01815155358275189,-0.004993658845909965,-0.0014267596702599583,0.019606286712176457,0.0
SOL/USDT,2025-12-21 23:25:00+00:00,2025-12-22 00:01:00+00:00,gate_close,-0.0052655943441863,36.0,126.16,126.15,0.01815155358275189,-0.004993658845909965,-7.926442612549156e-05,0.01823226317875526,-0.0011097899326198979
SOL/USDT,2025-12-21 23:25:00+00:00,2025-12-22 00:02:00+00:00,gate_close,-0.009465927756835,37.0,126.16,126.05,0.01815155358275189,-0.004993658845909965,-0.0008719086873810733,0.019040063466878143,-0.0003173343911145876
SOL/USDT,2025-12-21 23:25:00+00:00,2025-12-22 00:05:00+00:00,take_profit,0.0115346000000008,40.0,126.16,126.12,0.01815155358275189,-0.004993658845909965,-0.0003170577045021883,0.01847446875991099,-0.00015857913098649146
SOL/USDT,2025-12-22 00:12:00+00:00,2025-12-22 00:12:00+00:00,dry_run,0.0,,126.81,126.81,0.01293273401151307,-0.00441605551612656,0.0,0.01293273401151307,-0.00441605551612656
SOL/USDT,2025-12-22 00:12:00+00:00,2025-12-22 00:13:00+00:00,take_profit,0.040227617662705,1.0,126.81,126.83,0.01293273401151307,-0.00441605551612656,0.00015771626843297248,0.012773003232673608,-0.004573050540093049
SOL/USDT,2025-12-22 00:12:00+00:00,2025-12-22 00:14:00+00:00,take_profit,0.0990321787349446,2.0,126.81,127.45,0.01293273401151307,-0.00441605551612656,0.005046920589858894,0.00784621420164755,-0.009415457041977215
SOL/USDT,2025-12-22 00:12:00+00:00,2025-12-22 00:15:00+00:00,take_profit,0.110233040747341,3.0,126.81,128.29,0.01293273401151307,-0.00441605551612656,0.011671003864048402,0.0012471743705666505,-0.015901473224725127
SOL/USDT,2025-12-22 00:12:00+00:00,2025-12-22 00:16:00+00:00,take_profit,0.0458280546391181,4.0,126.81,128.45,0.01293273401151307,-0.00441605551612656,0.01293273401151307,0.0,-0.017127286882055226
SOL/USDT,2025-12-22 00:12:00+00:00,2025-12-22 00:17:00+00:00,take_profit,0.0234242399999999,5.0,126.81,127.53,0.01293273401151307,-0.00441605551612656,0.005677785663591228,0.00721398886536484,-0.010036854073551371
SOL/USDT,2025-12-22 00:40:00+00:00,2025-12-22 00:40:00+00:00,dry_run,0.0,,127.17,127.17,0.0011008885743493124,-0.0072344106314382595,0.0,0.0011008885743493124,-0.0072344106314382595
SOL/USDT,2025-12-22 00:40:00+00:00,2025-12-22 00:41:00+00:00,gate_close,-0.0269822841986999,1.0,127.17,127.0,0.0011008885743493124,-0.0072344106314382595,-0.0013367932688527207,0.0024409448818898394,-0.0059055118110236116
SOL/USDT,2025-12-22 00:40:00+00:00,2025-12-22 00:42:00+00:00,gate_close,-0.017881565459414,2.0,127.17,126.87,0.0011008885743493124,-0.0072344106314382595,-0.0023590469450341933,0.0034681169701269443,-0.004886892094269735
SOL/USDT,2025-12-22 00:40:00+00:00,2025-12-22 00:43:00+00:00,gate_close,-0.017881565459414,3.0,127.17,126.95,0.0011008885743493124,-0.0072344106314382595,-0.0017299677596916974,0.002835762111067286,-0.0055139818826309694
SOL/USDT,2025-12-22 00:40:00+00:00,2025-12-22 00:44:00+00:00,gate_close,-0.0304825610293835,4.0,127.17,126.96,0.0011008885743493124,-0.0072344106314382595,-0.0016513328615239686,0.0027567737870195508,-0.005592312539382416
SOL/USDT,2025-12-22 00:40:00+00:00,2025-12-22 00:45:00+00:00,trailing_prob_drop,-0.0227819522898695,5.0,127.17,126.77,0.0011008885743493124,-0.0072344106314382595,-0.003145395926712369,0.004259682890273675,-0.004101916857300547
SOL/USDT,2025-12-22 00:40:00+00:00,2025-12-22 00:47:00+00:00,gate_close,-0.0122811238894796,7.0,127.17,126.98,0.0011008885743493124,-0.0072344106314382595,-0.0014940630651882891,0.0025988344621199477,-0.005748936840447305
SOL/USDT,2025-12-22 00:40:00+00:00,2025-12-22 00:51:00+00:00,gate_close,-0.0444836705392069,11.0,127.17,126.86,0.0011008885743493124,-0.0072344106314382595,-0.002437681843202033,0.003547217405013514,-0.004808450260129327
SOL/USDT,2025-12-22 00:40:00+00:00,2025-12-22 00:52:00+00:00,prob_floor,-0.047983948464731,12.0,127.17,126.58,0.0011008885743493124,-0.0072344106314382595,-0.004639458991900658,0.005767103807868601,-0.003713066835203005
SOL/USDT,2025-12-22 00:40:00+00:00,2025-12-22 00:53:00+00:00,prob_floor,-0.047983948464731,13.0,127.17,126.53,0.0011008885743493124,-0.0072344106314382595,-0.005032633482739635,0.006164545957480394,-0.0052951869121947714
SOL/USDT,2025-12-22 00:40:00+00:00,2025-12-22 00:55:00+00:00,prob_floor,-0.0465838372681645,15.0,127.17,126.48,0.0011008885743493124,-0.0072344106314382595,-0.005425807973578611,0.006562302340290982,-0.004901960784313708
SOL/USDT,2025-12-22 00:40:00+00:00,2025-12-22 00:56:00+00:00,prob_floor,-0.0423835038892627,16.0,127.17,126.7,0.0011008885743493124,-0.0072344106314382595,-0.003695840213886914,0.004814522494080542,-0.006629834254143652
SOL/USDT,2025-12-22 00:40:00+00:00,2025-12-22 00:57:00+00:00,prob_floor,-0.0416834483568302,17.0,127.17,126.61,0.0011008885743493124,-0.0072344106314382595,-0.00440355429739725,0.005528789195166306,-0.005923702709106693
SOL/USDT,2025-12-22 00:40:00+00:00,2025-12-22 00:58:00+00:00,prob_floor,-0.0668854530664136,18.0,127.17,126.61,0.0011008885743493124,-0.0072344106314382595,-0.00440355429739725,0.005528789195166306,-0.005923702709106693
SOL/USDT,2025-12-22 00:40:00+00:00,2025-12-22 00:59:00+00:00,prob_floor,-0.0556845606747624,19.0,127.17,126.26,0.0011008885743493124,-0.0072344106314382595,-0.00715577573327042,0.008316172976397862,-0.0031680658957706775
SOL/USDT,2025-12-22 00:40:00+00:00,2025-12-22 01:00:00+00:00,prob_floor,-0.0486840040761956,20.0,127.17,126.42,0.0011008885743493124,-0.0072344106314382595,-0.005897617362585539,0.007040025312450515,-0.0044296788482834915
SOL/USDT,2025-12-22 00:40:00+00:00,2025-12-22 01:01:00+00:00,prob_floor,-0.0430835594304664,21.0,127.17,126.56,0.0011008885743493124,-0.0072344106314382595,-0.004796728788236226,0.0059260429835650275,-0.00553097345132747
SOL/USDT,2025-12-22 00:40:00+00:00,2025-12-22 01:02:00+00:00,prob_floor,-0.0465838372681645,22.0,127.17,126.6,0.0011008885743493124,-0.0072344106314382595,-0.0044821891955650894,0.005608214849921023,-0.006714060031595581
SOL/USDT,2025-12-22 00:40:00+00:00,2025-12-22 01:03:00+00:00,prob_floor,-0.0514842266100025,23.0,127.17,126.55,0.0011008885743493124,-0.0072344106314382595,-0.004875363686404066,0.006005531410509635,-0.006716712761754229
SOL/USDT,2025-12-22 00:40:00+00:00,2025-12-22 01:04:00+00:00,prob_floor,-0.0353829489593931,24.0,127.17,126.48,0.0011008885743493124,-0.0072344106314382595,-0.005425807973578611,0.006562302340290982,-0.006166982922201192
SOL/USDT,2025-12-22 00:40:00+00:00,2025-12-22 01:05:00+00:00,prob_floor,-0.0395832818121525,25.0,127.17,126.7,0.0011008885743493124,-0.0072344106314382595,-0.003695840213886914,0.004814522494080542,-0.012470402525651125
SOL/USDT,2025-12-22 00:40:00+00:00,2025-12-22 01:06:00+00:00,prob_floor,-0.0430835594304664,26.0,127.17,126.65,0.0011008885743493124,-0.0072344106314382595,-0.004089014704725891,0.005211212001579035,-0.015001973943939984
SOL/USDT,2025-12-22 00:40:00+00:00,2025-12-22 01:09:00+00:00,trailing_prob_drop,-0.0514842266100025,29.0,127.17,126.51,0.0011008885743493124,-0.0072344106314382595,-0.005189903279075203,0.006323610781756361,-0.01391194371986404
SOL/USDT,2025-12-22 00:40:00+00:00,2025-12-22 01:10:00+00:00,trailing_prob_drop,-0.047983948464731,30.0,127.17,126.48,0.0011008885743493124,-0.0072344106314382595,-0.005425807973578611,0.006562302340290982,-0.013678051865907648
SOL/USDT,2025-12-22 00:40:00+00:00,2025-12-22 01:11:00+00:00,prob_floor,-0.0318826718228082,31.0,127.17,126.48,0.0011008885743493124,-0.0072344106314382595,-0.005425807973578611,0.006562302340290982,-0.013678051865907648
SOL/USDT,2025-12-22 00:40:00+00:00,2025-12-22 01:12:00+00:00,gate_close,-0.0437836149804485,32.0,127.17,126.75,0.0011008885743493124,-0.0072344106314382595,-0.0033026657230479373,0.0044181459566075,-0.015779092702169595
SOL/USDT,2025-12-22 00:40:00+00:00,2025-12-22 01:13:00+00:00,trailing_prob_drop,-0.0416834483568302,33.0,127.17,126.59,0.0011008885743493124,-0.0072344106314382595,-0.004560824093732818,0.005687653053163766,-0.014535113358085217
SOL/USDT,2025-12-22 00:40:00+00:00,2025-12-22 01:14:00+00:00,gate_close,-0.0346828935145808,34.0,127.17,126.61,0.0011008885743493124,-0.0072344106314382595,-0.00440355429739725,0.005528789195166306,-0.014690782718584594
SOL/USDT,2025-12-22 00:40:00+00:00,2025-12-22 01:17:00+00:00,gate_close,-0.017881565459414,37.0,127.17,126.98,0.0011008885743493124,-0.0072344106314382595,-0.0014940630651882891,0.0025988344621199477,-0.018270593794298406
SOL/USDT,2025-12-22 00:40:00+00:00,2025-12-22 01:18:00+00:00,gate_close,-0.0164814550147672,38.0,127.17,126.95,0.0011008885743493124,-0.0072344106314382595,-0.0017299677596916974,0.002835762111067286,-0.01803859787317852
SOL/USDT,2025-12-22 00:40:00+00:00,2025-12-22 01:21:00+00:00,gate_close,-0.0087812886260478,41.0,127.17,127.08,0.0011008885743493124,-0.0072344106314382595,-0.0007077140835103357,0.0018098835379289913,-0.019043122442555904
SOL/USDT,2025-12-22 00:40:00+00:00,2025-12-22 01:22:00+00:00,gate_close,-0.0073807379717565,42.0,127.17,127.12,0.0011008885743493124,-0.0072344106314382595,-0.0003931744908389767,0.0014946507237256768,-0.01935179358086858
SOL/USDT,2025-12-22 00:40:00+00:00,2025-12-22 01:32:00+00:00,gate_close,-0.0171815102327422,52.0,127.17,127.08,0.0011008885743493124,-0.0072344106314382595,-0.0007077140835103357,0.0013377400062952738,-0.019043122442555904
SOL/USDT,2025-12-22 00:40:00+00:00,2025-12-22 01:33:00+00:00,trailing_prob_drop,-0.0143812894130157,53.0,127.17,126.98,0.0011008885743493124,-0.0072344106314382595,-0.0014940630651882891,0.0021263191053708663,-0.018270593794298406
SOL/USDT,2025-12-22 00:40:00+00:00,2025-12-22 01:34:00+00:00,trailing_prob_drop,-0.0136812342298145,54.0,127.17,126.99,0.0011008885743493124,-0.0072344106314382595,-0.0014154281670205604,0.0020474053075045795,-0.018347901409559775
SOL/USDT,2025-12-22 00:40:00+00:00,2025-12-22 01:35:00+00:00,prob_trailing,0.0031196199999995,55.0,127.17,127.05,0.0011008885743493124,-0.0072344106314382595,-0.0009436187780137439,0.0015741833923652582,-0.01881149153876427
SOL/USDT,2025-12-22 01:41:00+00:00,2025-12-22 01:41:00+00:00,dry_run,0.0,,127.06,127.06,0.0003148118998896887,-0.018888713993388984,0.0,0.0003148118998896887,-0.018888713993388984
SOL/USDT,2025-12-22 01:41:00+00:00,2025-12-22 01:46:00+00:00,prob_floor,-0.0150799453650654,5.0,127.06,126.94,0.0003148118998896887,-0.018888713993388984,-0.0009444356996695102,0.0003938868756891978,-0.017961241531432193
SOL/USDT,2025-12-22 01:41:00+00:00,2025-12-22 01:49:00+00:00,prob_floor,-0.0234806088700455,8.0,127.06,126.77,0.0003148118998896887,-0.018888713993388984,-0.002282386274201187,0.0007099471483789088,-0.016644316478662158
SOL/USDT,2025-12-22 01:41:00+00:00,2025-12-22 01:50:00+00:00,prob_floor,-0.0514828296538066,9.0,127.06,126.76,0.0003148118998896887,-0.018888713993388984,-0.0023610892491735536,0.00039444619753870036,-0.01656674029662364
SOL/USDT,2025-12-22 01:41:00+00:00,2025-12-22 01:52:00+00:00,prob_floor,-0.0696842807175989,11.0,127.06,126.12,0.0003148118998896887,-0.018888713993388984,-0.0073980796474106825,0.0020615287028227236,-0.01157627656200455
SOL/USDT,2025-12-22 01:41:00+00:00,2025-12-22 01:53:00+00:00,prob_floor,-0.0794850645405834,12.0,127.06,125.87,0.0003148118998896887,-0.018888713993388984,-0.009365654021721959,0.002224517359180167,-0.009613092873599793
SOL/USDT,2025-12-22 01:41:00+00:00,2025-12-22 01:54:00+00:00,prob_floor,-0.0724845044893916,13.0,127.06,125.94,0.0003148118998896887,-0.018888713993388984,-0.008814733196914837,0.0016674606955693339,-0.010163569953946294
SOL/USDT,2025-12-22 01:41:00+00:00,2025-12-22 01:55:00+00:00,prob_floor,-0.0689842247968271,14.0,127.06,126.07,0.0003148118998896887,-0.018888713993388984,-0.00779159452227296,0.00063456809708895,-0.011184262711192217
SOL/USDT,2025-12-22 01:41:00+00:00,2025-12-22 01:56:00+00:00,prob_floor,-0.0724845044893916,15.0,127.06,126.13,0.0003148118998896887,-0.018888713993388984,-0.007319376672438316,0.00015856655831303357,-0.011654642035994645
SOL/USDT,2025-12-22 01:41:00+00:00,2025-12-22 01:57:00+00:00,prob_floor,-0.0738846164285431,16.0,127.06,126.09,0.0003148118998896887,-0.018888713993388984,-0.0076341885723280045,0.00031723372194458754,-0.011341105559521059
SOL/USDT,2025-12-22 01:41:00+00:00,2025-12-22 01:58:00+00:00,prob_floor,-0.0759847844038882,17.0,127.06,126.06,0.0003148118998896887,-0.018888713993388984,-0.007870297497245438,7.932730445814329e-05,-0.011105822624147277
SOL/USDT,2025-12-22 01:41:00+00:00,2025-12-22 01:59:00+00:00,prob_floor,-0.0857855693474204,18.0,127.06,126.07,0.0003148118998896887,-0.018888713993388984,-0.00779159452227296,0.0,-0.011184262711192217
SOL/USDT,2025-12-22 01:41:00+00:00,2025-12-22 02:00:00+00:00,prob_floor,-0.0836854009982926,19.0,127.06,125.89,0.0003148118998896887,-0.018888713993388984,-0.009208248071777114,0.001112081976328616,-0.009770434506315095
SOL/USDT,2025-12-22 01:41:00+00:00,2025-12-22 02:01:00+00:00,prob_floor,-0.0983865811296275,20.0,127.06,125.91,0.0003148118998896887,-0.018888713993388984,-0.00905084212183227,0.0006353744738305522,-0.009927726153601824
SOL/USDT,2025-12-22 01:41:00+00:00,2025-12-22 02:02:00+00:00,prob_floor,-0.0969864685663153,21.0,127.06,125.75,0.0003148118998896887,-0.018888713993388984,-0.010310089721391469,0.0013518886679919628,-0.008667992047713735
SOL/USDT,2025-12-22 01:41:00+00:00,2025-12-22 02:03:00+00:00,prob_floor,-0.0913860186709591,22.0,127.06,125.73,0.0003148118998896887,-0.018888713993388984,-0.010467495671336313,0.0005567485882445045,-0.00851029984888263
SOL/USDT,2025-12-22 01:41:00+00:00,2025-12-22 02:04:00+00:00,prob_floor,-0.1389898611188796,23.0,127.06,125.79,0.0003148118998896887,-0.018888713993388984,-0.009995277821501669,7.949757532377255e-05,-0.008983226011606726
SOL/USDT,2025-12-22 01:41:00+00:00,2025-12-22 02:05:00+00:00,prob_floor,-0.1403899747643982,24.0,127.06,125.12,0.0003148118998896887,-0.018888713993388984,-0.015268377144656009,0.005434782608695565,-0.003676470588235392
SOL/USDT,2025-12-22 01:41:00+00:00,2025-12-22 02:06:00+00:00,prob_floor,-0.1277889532609648,25.0,127.06,125.1,0.0003148118998896887,-0.018888713993388984,-0.015425783094601075,0.0027977617905676766,-0.0035171862509991714
SOL/USDT,2025-12-22 01:41:00+00:00,2025-12-22 02:07:00+00:00,prob_floor,-0.1263888399417422,26.0,127.06,125.29,0.0003148118998896887,-0.018888713993388984,-0.013930426570124332,0.00127703727352535,-0.00502833426450644
SOL/USDT,2025-12-22 01:41:00+00:00,2025-12-22 02:08:00+00:00,prob_floor,-0.1270888965968299,27.0,127.06,125.31,0.0003148118998896887,-0.018888713993388984,-0.013773020620179488,0.0011172292714070053,-0.005187135902960716
SOL/USDT,2025-12-22 01:41:00+00:00,2025-12-22 02:09:00+00:00,prob_floor,-0.1319892934358155,28.0,127.06,125.32,0.0003148118998896887,-0.018888713993388984,-0.01369431764520701,0.0011969358442387446,-0.005266517714650476
SOL/USDT,2025-12-22 01:41:00+00:00,2025-12-22 02:10:00+00:00,prob_floor,-0.1523027335013999,29.0,127.06,125.23,0.0003148118998896887,-0.018888713993388984,-0.014402644419959088,0.004312065798929954,-0.004551625009981741
SOL/USDT,2025-12-22 01:41:00+00:00,2025-12-22 02:11:00+00:00,prob_floor,-0.1263888399417422,30.0,127.06,124.96,0.0003148118998896887,-0.018888713993388984,-0.01652762474421543,0.006482074263764348,-0.0024007682458386803
SOL/USDT,2025-12-22 01:41:00+00:00,2025-12-22 02:12:00+00:00,prob_floor,-0.1256887832956935,31.0,127.06,125.32,0.0003148118998896887,-0.018888713993388984,-0.01369431764520701,0.0035908075327162337,-0.005266517714650476
SOL/USDT,2025-12-22 01:41:00+00:00,2025-12-22 02:13:00+00:00,prob_floor,-0.1424901453008198,32.0,127.06,125.31,0.0003148118998896887,-0.018888713993388984,-0.013773020620179488,0.003670896177479843,-0.005187135902960716
SOL/USDT,2025-12-22 01:41:00+00:00,2025-12-22 02:14:00+00:00,prob_floor,-0.165592026615095,33.0,127.06,125.06,0.0003148118998896887,-0.018888713993388984,-0.015740594994490764,0.005677274908044039,-0.0031984647369263097
SOL/USDT,2025-12-22 01:41:00+00:00,2025-12-22 02:16:00+00:00,prob_floor,-0.171892541429544,35.0,127.06,124.66,0.0003148118998896887,-0.018888713993388984,-0.018888713993388984,0.008904219476977282,0.0
SOL/USDT,2025-12-22 01:41:00+00:00,2025-12-22 02:17:00+00:00,prob_floor,-0.1557912272674863,36.0,127.06,124.89,0.0003148118998896887,-0.018888713993388984,-0.017078545569022552,0.007046200656577684,-0.0012010569300985319
SOL/USDT,2025-12-22 01:41:00+00:00,2025-12-22 02:18:00+00:00,prob_floor,-0.159991569625476,37.0,127.06,124.89,0.0003148118998896887,-0.018888713993388984,-0.017078545569022552,0.007046200656577684,-0.0007206341580591191
SOL/USDT,2025-12-22 01:41:00+00:00,2025-12-22 02:19:00+00:00,prob_floor,-0.1564912843043028,38.0,127.06,124.85,0.0003148118998896887,-0.018888713993388984,-0.01739335746891235,0.007368842611133353,-0.0004004805766919528
SOL/USDT,2025-12-22 01:41:00+00:00,2025-12-22 02:20:00+00:00,prob_floor,-0.1571913413502582,39.0,127.06,124.8,0.0003148118998896887,-0.018888713993388984,-0.01778687234377463,0.007772435897435814,0.0
SOL/USDT,2025-12-22 01:41:00+00:00,2025-12-22 02:21:00+00:00,prob_floor,-0.1431902021644732,40.0,127.06,124.87,0.0003148118998896887,-0.018888713993388984,-0.017235951518967396,0.0072074957956274055,-0.00024024985985426905
SOL/USDT,2025-12-22 01:41:00+00:00,2025-12-22 02:22:00+00:00,prob_floor,-0.141090031600782,41.0,127.06,125.03,0.0003148118998896887,-0.018888713993388984,-0.015976703919408197,0.00591857954091024,-0.0013596736783172414
SOL/USDT,2025-12-22 01:41:00+00:00,2025-12-22 02:23:00+00:00,prob_floor,-0.1312892367173699,42.0,127.06,125.1,0.0003148118998896887,-0.018888713993388984,-0.015425783094601075,0.005435651478816972,-0.001119104716227004
SOL/USDT,2025-12-22 01:41:00+00:00,2025-12-22 02:24:00+00:00,prob_floor,-0.1221885002010129,43.0,127.06,125.24,0.0003148118998896887,-0.018888713993388984,-0.01432394144498672,0.00718620249121682,-0.002235707441711976
SOL/USDT,2025-12-22 01:41:00+00:00,2025-12-22 02:27:00+00:00,prob_floor,-0.1508908282653742,46.0,127.06,125.14,0.0003148118998896887,-0.018888713993388984,-0.015110971194711165,0.007991050023973045,-0.0014383890043152547
SOL/USDT,2025-12-22 01:41:00+00:00,2025-12-22 02:28:00+00:00,prob_floor,-0.1473905435374584,47.0,127.06,124.96,0.0003148118998896887,-0.018888713993388984,-0.01652762474421543,0.009443021766965431,0.0
SOL/USDT,2025-12-22 01:41:00+00:00,2025-12-22 02:30:00+00:00,gate_close,-0.1298891233076523,49.0,127.06,125.12,0.0003148118998896887,-0.018888713993388984,-0.015268377144656009,0.009351023017902804,-0.0012787723785167016
SOL/USDT,2025-12-22 01:41:00+00:00,2025-12-22 02:32:00+00:00,gate_close,-0.1270888965968299,51.0,127.06,125.12,0.0003148118998896887,-0.018888713993388984,-0.015268377144656009,0.00959079283887454,-0.0012787723785167016
SOL/USDT,2025-12-22 01:41:00+00:00,2025-12-22 02:36:00+00:00,gate_close,-0.119388273887802,55.0,127.06,125.37,0.0003148118998896887,-0.018888713993388984,-0.013300802770344733,0.008295445481375063,-0.00327031985323456
SOL/USDT,2025-12-22 01:41:00+00:00,2025-12-22 02:41:00+00:00,gate_close,-0.1347895204002061,60.0,127.06,125.27,0.0003148118998896887,-0.018888713993388984,-0.014087832520069288,0.00910034325856146,-0.0024746547457491497
SOL/USDT,2025-12-22 01:41:00+00:00,2025-12-22 02:48:00+00:00,gate_close,-0.128489009934145,67.0,127.06,125.31,0.0003148118998896887,-0.018888713993388984,-0.013773020620179488,0.008778229989625741,-0.0027930731785172913
SOL/USDT,2025-12-22 01:41:00+00:00,2025-12-22 02:50:00+00:00,gate_close,-0.1263888399417422,69.0,127.06,125.25,0.0003148118998896887,-0.018888713993388984,-0.014245238470014132,0.009261477045908073,-0.0023153692614771293
SOL/USDT,2025-12-22 01:41:00+00:00,2025-12-22 02:53:00+00:00,gate_close,-0.1186882173320577,72.0,127.06,125.45,0.0003148118998896887,-0.018888713993388984,-0.012671178970565133,0.007652451175767183,-0.0039059386209645552
SOL/USDT,2025-12-22 01:41:00+00:00,2025-12-22 02:58:00+00:00,gate_close,-0.1319892934358155,77.0,127.06,125.24,0.0003148118998896887,-0.018888713993388984,-0.01432394144498672,0.009342063238581888,-0.002235707441711976
SOL/USDT,2025-12-22 01:41:00+00:00,2025-12-22 03:04:00+00:00,prob_floor,-0.1445903159190675,83.0,127.06,125.07,0.0003148118998896887,-0.018888713993388984,-0.015661892019518397,0.01071400015991042,-0.0008795074758135568
SOL/USDT,2025-12-22 01:41:00+00:00,2025-12-22 03:05:00+00:00,prob_floor,-0.1494907143468693,84.0,127.06,125.04,0.0003148118998896887,-0.018888713993388984,-0.01589800094443572,0.010956493921944865,-0.000639795265515164
SOL/USDT,2025-12-22 01:41:00+00:00,2025-12-22 03:06:00+00:00,prob_floor,-0.1249887266586878,85.0,127.06,124.99,0.0003148118998896887,-0.018888713993388984,-0.016291515819297997,0.011360908872709796,-0.00024001920153615686
SOL/USDT,2025-12-22 01:41:00+00:00,2025-12-22 03:07:00+00:00,prob_floor,-0.1263888399417422,86.0,127.06,125.27,0.0003148118998896887,-0.018888713993388984,-0.014087832520069288,0.00910034325856146,-0.002394827173305636
SOL/USDT,2025-12-22 01:41:00+00:00,2025-12-22 03:08:00+00:00,prob_floor,-0.1144878781868898,87.0,127.06,125.31,0.0003148118998896887,-0.018888713993388984,-0.013773020620179488,0.008778229989625741,-0.0005586146357035027
SOL/USDT,2025-12-22 01:41:00+00:00,2025-12-22 03:10:00+00:00,gate_close,-0.1144878781868898,89.0,127.06,125.74,0.0003148118998896887,-0.018888713993388984,-0.010388792696363947,0.005328455543184285,-0.0038969301733735584
SOL/USDT,2025-12-22 01:41:00+00:00,2025-12-22 03:11:00+00:00,time_limit,-0.1158789799999996,90.0,127.06,125.47,0.0003148118998896887,-0.018888713993388984,-0.012513773020620178,0.007491830716505943,-0.0017534071889694358
SOL/USDT,2025-12-22 03:12:00+00:00,2025-12-22 03:12:00+00:00,cooldown_after_loss,0.0,,125.45,125.45,0.007652451175767183,-0.0015942606616181632,0.0,0.007652451175767183,-0.0015942606616181632
SOL/USDT,2025-12-22 03:15:00+00:00,2025-12-22 03:15:00+00:00,cooldown_after_loss,0.0,,125.29,125.29,0.008939260914677893,0.0,0.0,0.008939260914677893,0.0
SOL/USDT,2025-12-22 03:19:00+00:00,2025-12-22 03:19:00+00:00,dry_run,0.0,,125.55,125.55,0.006849860613301395,0.0,0.0,0.006849860613301395,0.0
SOL/USDT,2025-12-22 03:19:00+00:00,2025-12-22 03:23:00+00:00,take_profit,0.0304432558555626,4.0,125.55,125.78,0.006849860613301395,0.0,0.001831939466348187,0.005008745428525918,-0.0006360311655271289
SOL/USDT,2025-12-22 03:19:00+00:00,2025-12-22 03:24:00+00:00,take_profit,0.0248406199999996,5.0,125.55,126.14,0.006849860613301395,0.0,0.0046993229788929725,0.0021404788330425806,-0.0026954177897574594
SOL/USDT,2025-12-22 03:26:00+00:00,2025-12-22 03:26:00+00:00,dry_run,0.0,,126.05,126.05,0.0028560095200316216,-0.0017453391511305094,0.0,0.0028560095200316216,-0.0017453391511305094
SOL/USDT,2025-12-22 03:26:00+00:00,2025-12-22 03:27:00+00:00,gate_close,0.0003354097918392,1.0,126.05,126.05,0.0028560095200316216,-0.0017453391511305094,0.0,0.0028560095200316216,-0.0017453391511305094
SOL/USDT,2025-12-22 03:26:00+00:00,2025-12-22 03:30:00+00:00,gate_close,0.0059358534263194,4.0,126.05,126.18,0.0028560095200316216,-0.0017453391511305094,0.0010313367711225485,0.002139800285306581,-0.0027738151846569137
SOL/USDT,2025-12-22 03:26:00+00:00,2025-12-22 03:31:00+00:00,take_profit,0.0185351599999994,5.0,126.05,126.21,0.0028560095200316216,-0.0017453391511305094,0.0012693375644585725,0.0019015925837890801,-0.0030108549243323957
SOL/USDT,2025-12-22 03:33:00+00:00,2025-12-22 03:33:00+00:00,dry_run,0.0,,126.37,126.37,0.0006330616443777082,-0.004273166099548975,0.0,0.0006330616443777082,-0.004273166099548975
SOL/USDT,2025-12-22 03:33:00+00:00,2025-12-22 03:34:00+00:00,take_profit,0.0073347036739386,1.0,126.37,126.14,0.0006330616443777082,-0.004273166099548975,-0.0018200522275857445,0.0024575868083083208,-0.0024575868083082097
SOL/USDT,2025-12-22 03:33:00+00:00,2025-12-22 03:35:00+00:00,gate_close,0.0031343713431303,2.0,126.37,126.29,0.0006330616443777082,-0.004273166099548975,-0.0006330616443775972,0.0012669253305883643,-0.0036424103254415474
SOL/USDT,2025-12-22 03:33:00+00:00,2025-12-22 03:39:00+00:00,prob_floor,-0.0087665719787407,6.0,126.37,126.0,0.0006330616443777082,-0.004273166099548975,-0.0029279101052465117,0.0035714285714285587,-0.0013492063492063222
SOL/USDT,2025-12-22 03:33:00+00:00,2025-12-22 03:40:00+00:00,trailing_prob_drop,-0.0066664053253494,7.0,126.37,126.07,0.0006330616443777082,-0.004273166099548975,-0.0023739811664161836,0.003014198461172457,-0.001903704291266739
SOL/USDT,2025-12-22 03:33:00+00:00,2025-12-22 03:41:00+00:00,trailing_prob_drop,-0.0080665164187995,8.0,126.37,126.07,0.0006330616443777082,-0.004273166099548975,-0.0023739811664161836,0.003014198461172457,-0.001903704291266739
SOL/USDT,2025-12-22 03:33:00+00:00,2025-12-22 03:42:00+00:00,trailing_prob_drop,-0.0017660167756519,9.0,126.37,126.07,0.0006330616443777082,-0.004273166099548975,-0.0023739811664161836,0.003014198461172457,-0.001903704291266739
SOL/USDT,2025-12-22 03:33:00+00:00,2025-12-22 03:43:00+00:00,trailing_prob_drop,-0.0101666831250737,10.0,126.37,126.16,0.0006330616443777082,-0.004273166099548975,-0.0016617868164913174,0.0022986683576411426,-0.002615726062143331
SOL/USDT,2025-12-22 03:33:00+00:00,2025-12-22 03:44:00+00:00,trailing_prob_drop,-0.0045662387512382,11.0,126.37,126.06,0.0006330616443777082,-0.004273166099548975,-0.0024531138719633416,0.0030937648738695867,-0.0018245280025385169
SOL/USDT,2025-12-22 03:33:00+00:00,2025-12-22 03:45:00+00:00,trailing_prob_drop,-0.0087665719787407,12.0,126.37,126.06,0.0006330616443777082,-0.004273166099548975,-0.0024531138719633416,0.0030937648738695867,-0.0018245280025385169
SOL/USDT,2025-12-22 03:33:00+00:00,2025-12-22 03:46:00+00:00,trailing_prob_drop,-0.0150670724151625,13.0,126.37,126.1,0.0006330616443777082,-0.004273166099548975,-0.0021365830497745986,0.0027755749405233843,-0.0021411578112608964
SOL/USDT,2025-12-22 03:33:00+00:00,2025-12-22 03:47:00+00:00,prob_floor,-0.0199674621381193,14.0,126.37,125.98,0.0006330616443777082,-0.004273166099548975,-0.003086175516340939,0.0037307509128432503,-0.001190665184950035
SOL/USDT,2025-12-22 03:33:00+00:00,2025-12-22 03:48:00+00:00,prob_floor,-0.0248678522946724,15.0,126.37,125.91,0.0006330616443777082,-0.004273166099548975,-0.003640104455171378,0.0042887776983560055,-0.0006353744738305522
SOL/USDT,2025-12-22 03:33:00+00:00,2025-12-22 03:49:00+00:00,prob_floor,-0.0220676292949348,16.0,126.37,125.9,0.0006330616443777082,-0.004273166099548975,-0.003719237160718536,0.005718824463860184,-0.0005559968228753265
SOL/USDT,2025-12-22 03:33:00+00:00,2025-12-22 03:50:00+00:00,prob_floor,-0.0227676850315822,17.0,126.37,125.88,0.0006330616443777082,-0.004273166099548975,-0.003877502571812963,0.0058786145535432155,-0.00039720368605022927
SOL/USDT,2025-12-22 03:33:00+00:00,2025-12-22 03:51:00+00:00,prob_floor,-0.0227676850315822,18.0,126.37,125.86,0.0006330616443777082,-0.004273166099548975,-0.00403576798290739,0.006435722231050489,0.0
SOL/USDT,2025-12-22 03:33:00+00:00,2025-12-22 03:52:00+00:00,prob_floor,-0.019267406436883,19.0,126.37,125.89,0.0006330616443777082,-0.004273166099548975,-0.003798369866265805,0.006593057431090621,-0.00023830328064189388
SOL/USDT,2025-12-22 03:33:00+00:00,2025-12-22 03:53:00+00:00,prob_floor,-0.0178672950609434,20.0,126.37,125.94,0.0006330616443777082,-0.004273166099548975,-0.003402706338529793,0.006193425440686129,-0.0006352231221216087
SOL/USDT,2025-12-22 03:33:00+00:00,2025-12-22 03:54:00+00:00,trailing_prob_drop,-0.0164671837203758,21.0,126.37,125.94,0.0006330616443777082,-0.004273166099548975,-0.003402706338529793,0.006193425440686129,-0.0006352231221216087
SOL/USDT,2025-12-22 03:33:00+00:00,2025-12-22 03:55:00+00:00,prob_floor,-0.0150670724151625,22.0,126.37,125.95,0.0006330616443777082,-0.004273166099548975,-0.003323573632982524,0.006113537117903967,-0.0007145692735213149
SOL/USDT,2025-12-22 03:33:00+00:00,2025-12-22 03:56:00+00:00,trailing_prob_drop,-0.0094666275475,23.0,126.37,125.97,0.0006330616443777082,-0.004273166099548975,-0.003165308221888097,0.005953798523457898,-0.0008732237834404577
SOL/USDT,2025-12-22 03:33:00+00:00,2025-12-22 03:57:00+00:00,prob_floor,-0.0122668499107243,24.0,126.37,125.97,0.0006330616443777082,-0.004273166099548975,-0.003165308221888097,0.005953798523457898,-0.0008732237834404577
SOL/USDT,2025-12-22 03:33:00+00:00,2025-12-22 03:58:00+00:00,trailing_prob_drop,-0.0115667943066862,25.0,126.37,126.04,0.0006330616443777082,-0.004273166099548975,-0.0026113792830576577,0.005395112662646806,-0.0014281180577594421
SOL/USDT,2025-12-22 03:33:00+00:00,2025-12-22 03:59:00+00:00,trailing_prob_drop,-0.0115667943066862,26.0,126.37,126.02,0.0006330616443777082,-0.004273166099548975,-0.0027696446941521957,0.005554673861291937,-0.0012696397397238268
SOL/USDT,2025-12-22 03:33:00+00:00,2025-12-22 04:00:00+00:00,trailing_prob_drop,-0.0073664608676695,27.0,126.37,126.03,0.0006330616443777082,-0.004273166099548975,-0.0026905119886049267,0.005474886931682965,-0.001348885186066795
SOL/USDT,2025-12-22 03:33:00+00:00,2025-12-22 04:01:00+00:00,trailing_prob_drop,-0.0073664608676695,28.0,126.37,126.07,0.0006330616443777082,-0.004273166099548975,-0.0023739811664161836,0.0051558657888475246,-0.0016657412548584105
SOL/USDT,2025-12-22 03:33:00+00:00,2025-12-22 04:02:00+00:00,trailing_prob_drop,-0.012966905523591,29.0,126.37,126.11,0.0006330616443777082,-0.004273166099548975,-0.0020574503442273295,0.00483704702244081,-0.0019823963206724304
SOL/USDT,2025-12-22 03:33:00+00:00,2025-12-22 04:03:00+00:00,trailing_prob_drop,-0.0122668499107243,30.0,126.37,126.0,0.0006330616443777082,-0.004273166099548975,-0.0029279101052465117,0.005714285714285783,-0.0011111111111110628
SOL/USDT,2025-12-22 03:33:00+00:00,2025-12-22 04:04:00+00:00,gate_close,-0.0150670724151625,31.0,126.37,125.99,0.0006330616443777082,-0.004273166099548975,-0.0030070428107937808,0.005794110643701833,-0.0010318279228509475
SOL/USDT,2025-12-22 03:33:00+00:00,2025-12-22 04:05:00+00:00,gate_close,-0.0206675178482075,32.0,126.37,125.95,0.0006330616443777082,-0.004273166099548975,-0.003323573632982524,0.006113537117903967,-0.0007145692735213149
SOL/USDT,2025-12-22 03:33:00+00:00,2025-12-22 04:06:00+00:00,trailing_prob_drop,-0.0143670167758061,33.0,126.37,125.94,0.0006330616443777082,-0.004273166099548975,-0.003402706338529793,0.006193425440686129,-0.0006352231221216087
SOL/USDT,2025-12-22 03:33:00+00:00,2025-12-22 04:07:00+00:00,gate_close,-0.0178672950609434,34.0,126.37,125.99,0.0006330616443777082,-0.004273166099548975,-0.0030070428107937808,0.005794110643701833,-0.0010318279228509475
SOL/USDT,2025-12-22 03:33:00+00:00,2025-12-22 04:08:00+00:00,trailing_prob_drop,-0.0199674621381193,35.0,126.37,125.94,0.0006330616443777082,-0.004273166099548975,-0.003402706338529793,0.006193425440686129,-0.0006352231221216087
SOL/USDT,2025-12-22 03:33:00+00:00,2025-12-22 04:09:00+00:00,trailing_prob_drop,-0.0045662387512382,36.0,126.37,125.93,0.0006330616443777082,-0.004273166099548975,-0.003481839044076951,0.006273326451202932,-0.0005558643690940501
SOL/USDT,2025-12-22 03:33:00+00:00,2025-12-22 04:10:00+00:00,gate_close,-0.0199674621381193,37.0,126.37,126.13,0.0006330616443777082,-0.004273166099548975,-0.0018991849331329025,0.004677713470229161,-0.0021406485372235107
SOL/USDT,2025-12-22 03:33:00+00:00,2025-12-22 04:11:00+00:00,trailing_prob_drop,-0.019267406436883,38.0,126.37,125.91,0.0006330616443777082,-0.004273166099548975,-0.003640104455171378,0.006433166547533897,-0.00039710904614409515
SOL/USDT,2025-12-22 03:33:00+00:00,2025-12-22 04:12:00+00:00,trailing_prob_drop,-0.0227676850315822,39.0,126.37,125.91,0.0006330616443777082,-0.004273166099548975,-0.003640104455171378,0.006433166547533897,-0.00039710904614409515
SOL/USDT,2025-12-22 03:33:00+00:00,2025-12-22 04:13:00+00:00,prob_floor,-0.0227676850315822,40.0,126.37,125.87,0.0006330616443777082,-0.004273166099548975,-0.003956635277360121,0.006752999126082404,-7.944704854223605e-05
SOL/USDT,2025-12-22 03:33:00+00:00,2025-12-22 04:14:00+00:00,trailing_prob_drop,-0.0199674621381193,41.0,126.37,125.87,0.0006330616443777082,-0.004273166099548975,-0.003956635277360121,0.006752999126082404,-7.944704854223605e-05
SOL/USDT,2025-12-22 03:33:00+00:00,2025-12-22 04:15:00+00:00,trailing_prob_drop,-0.0220676292949348,42.0,126.37,125.9,0.0006330616443777082,-0.004273166099548975,-0.003719237160718536,0.006513105639396333,-0.000317712470214504
SOL/USDT,2025-12-22 03:33:00+00:00,2025-12-22 04:16:00+00:00,prob_floor,-0.0220676292949348,43.0,126.37,125.9,0.0006330616443777082,-0.004273166099548975,-0.003719237160718536,0.006513105639396333,-0.000317712470214504
SOL/USDT,2025-12-22 03:33:00+00:00,2025-12-22 04:17:00+00:00,prob_floor,-0.0150670724151625,44.0,126.37,125.86,0.0006330616443777082,-0.004273166099548975,-0.00403576798290739,0.0068329890354361655,0.0
SOL/USDT,2025-12-22 03:33:00+00:00,2025-12-22 04:18:00+00:00,trailing_prob_drop,-0.0066664053253494,45.0,126.37,125.94,0.0006330616443777082,-0.004273166099548975,-0.003402706338529793,0.006193425440686129,-0.0004764173415912065
SOL/USDT,2025-12-22 03:33:00+00:00,2025-12-22 04:19:00+00:00,gate_close,-0.0031661277458487,46.0,126.37,126.16,0.0006330616443777082,-0.004273166099548975,-0.0016617868164913174,0.00443880786303108,-0.0012682308180088642
SOL/USDT,2025-12-22 03:33:00+00:00,2025-12-22 04:20:00+00:00,prob_trailing,0.0066338999999993,47.0,126.37,126.07,0.0006330616443777082,-0.004273166099548975,-0.0023739811664161836,0.0051558657888475246,-0.0005552470849528035
SOL/USDT,2025-12-22 04:21:00+00:00,2025-12-22 04:21:00+00:00,cooldown_after_exit,0.0,,126.2,126.2,0.0041204437400950145,-0.0015847860538827918,0.0,0.0041204437400950145,-0.0015847860538827918
SOL/USDT,2025-12-22 04:23:00+00:00,2025-12-22 04:23:00+00:00,dry_run,0.0,,126.26,126.26,0.0036432757801361237,-0.002059242832250896,0.0,0.0036432757801361237,-0.002059242832250896
SOL/USDT,2025-12-22 04:23:00+00:00,2025-12-22 04:25:00+00:00,gate_close,-0.0094685869622419,2.0,126.26,126.22,0.0036432757801361237,-0.002059242832250896,-0.00031680658957711216,0.003961337347488492,-0.0017429884328948875
SOL/USDT,2025-12-22 04:23:00+00:00,2025-12-22 04:27:00+00:00,take_profit,0.0087328533683923,4.0,126.26,126.25,0.0036432757801361237,-0.002059242832250896,-7.920164739427804e-05,0.003722772277227726,-0.001980198019801982
SOL/USDT,2025-12-22 04:23:00+00:00,2025-12-22 04:28:00+00:00,gate_close,0.0052319399999996,5.0,126.26,126.45,0.0036432757801361237,-0.002059242832250896,0.0015048313004910607,0.002135231316725994,-0.003558718861209953
SOL/USDT,2025-12-22 04:29:00+00:00,2025-12-22 04:29:00+00:00,cooldown_after_exit,0.0,,126.39,126.39,0.0026109660574411553,-0.0030856871587942036,0.0,0.0026109660574411553,-0.0030856871587942036
SOL/USDT,2025-12-22 04:31:00+00:00,2025-12-22 04:31:00+00:00,dry_run,0.0,,126.2,126.2,0.0041204437400950145,-0.0015847860538827918,0.0,0.0041204437400950145,-0.0015847860538827918
SOL/USDT,2025-12-22 04:31:00+00:00,2025-12-22 04:35:00+00:00,trailing_prob_drop,-0.0017657367624559,4.0,126.2,126.01,0.0041204437400950145,-0.0015847860538827918,-0.0015055467511885245,0.005634473454487754,-7.935878104914362e-05
SOL/USDT,2025-12-22 04:31:00+00:00,2025-12-22 04:36:00+00:00,prob_trailing,0.0024341800000001,5.0,126.2,126.14,0.0041204437400950145,-0.0015847860538827918,-0.00047543581616482644,0.004598065641350901,-0.0008720469319802859
SOL/USDT,2025-12-22 04:37:00+00:00,2025-12-22 04:37:00+00:00,cooldown_after_exit,0.0,,126.18,126.18,0.004279600570613384,-0.0002377555872563608,0.0,0.004279600570613384,-0.0002377555872563608
SOL/USDT,2025-12-22 04:40:00+00:00,2025-12-22 04:40:00+00:00,dry_run,0.0,,126.15,126.15,0.00451843043995237,0.0,0.0,0.00451843043995237,0.0
SOL/USDT,2025-12-22 04:40:00+00:00,2025-12-22 04:41:00+00:00,take_profit,0.0115350356891286,1.0,126.15,126.15,0.00451843043995237,0.0,0.0,0.00451843043995237,0.0
SOL/USDT,2025-12-22 04:40:00+00:00,2025-12-22 04:42:00+00:00,take_profit,0.010134925052439,2.0,126.15,126.35,0.00451843043995237,0.0,0.0015854141894569018,0.0029283735654928034,-0.001582904629995996
SOL/USDT,2025-12-22 04:40:00+00:00,2025-12-22 04:43:00+00:00,take_profit,0.0094348697209566,3.0,126.15,126.34,0.00451843043995237,0.0,0.0015061434799841233,0.0030077568466042592,-0.0015038784233021296
SOL/USDT,2025-12-22 04:40:00+00:00,2025-12-22 04:44:00+00:00,take_profit,0.008034759031708,4.0,126.15,126.34,0.00451843043995237,0.0,0.0015061434799841233,0.0030077568466042592,-0.0015038784233021296
SOL/USDT,2025-12-22 04:40:00+00:00,2025-12-22 04:48:00+00:00,take_profit,0.0311338999999999,8.0,126.15,126.28,0.00451843043995237,0.0,0.0010305192231470084,0.0034843205574912606,-0.0010294583465314533
SOL/USDT,2025-12-22 04:50:00+00:00,2025-12-22 04:50:00+00:00,dry_run,0.0,,126.61,126.61,0.0008688097306690512,-0.003633204328252093,0.0,0.0008688097306690512,-0.003633204328252093
SOL/USDT,2025-12-22 04:50:00+00:00,2025-12-22 04:51:00+00:00,gate_close,-0.0010736619057019,1.0,126.61,126.67,0.0008688097306690512,-0.003633204328252093,0.0004738962167285532,0.00039472645456695155,-0.004105155127496651
SOL/USDT,2025-12-22 04:50:00+00:00,2025-12-22 04:52:00+00:00,gate_close,-0.0031738276254002,2.0,126.61,126.72,0.0008688097306690512,-0.003633204328252093,0.0008688097306690512,0.0,-0.004498106060605966
SOL/USDT,2025-12-22 04:50:00+00:00,2025-12-22 04:54:00+00:00,gate_close,-0.0094743252557175,4.0,126.61,126.58,0.0008688097306690512,-0.003633204328252093,-0.0002369481083642766,0.0007900142202559302,-0.0033970611471005885
SOL/USDT,2025-12-22 04:50:00+00:00,2025-12-22 04:57:00+00:00,gate_close,-0.0157748235940394,7.0,126.61,126.46,0.0008688097306690512,-0.003633204328252093,-0.001184740541821383,0.001739680531393395,-0.002451368021508693
SOL/USDT,2025-12-22 04:50:00+00:00,2025-12-22 05:04:00+00:00,trailing_prob_drop,-0.010874435936328,14.0,126.61,126.52,0.0008688097306690512,-0.003633204328252093,-0.0007108443250928298,0.0012646221941194913,-0.002924438823901254
SOL/USDT,2025-12-22 04:50:00+00:00,2025-12-22 05:05:00+00:00,trailing_prob_drop,-0.0038738828827397,15.0,126.61,126.49,0.0008688097306690512,-0.003633204328252093,-0.0009477924334571064,0.0015020950272750522,-0.0026879595224917896
SOL/USDT,2025-12-22 04:50:00+00:00,2025-12-22 05:06:00+00:00,gate_close,-0.010874435936328,16.0,126.61,126.68,0.0008688097306690512,-0.003633204328252093,0.0005528789195166084,0.0,-0.004420587306599333
SOL/USDT,2025-12-22 04:50:00+00:00,2025-12-22 05:07:00+00:00,trailing_prob_drop,-0.0038738828827397,17.0,126.61,126.68,0.0008688097306690512,-0.003633204328252093,0.0005528789195166084,0.0,-0.004420587306599333
SOL/USDT,2025-12-22 04:50:00+00:00,2025-12-22 05:08:00+00:00,trailing_prob_drop,-0.0185750453053969,18.0,126.61,126.68,0.0008688097306690512,-0.003633204328252093,0.0005528789195166084,0.0,-0.004420587306599333
SOL/USDT,2025-12-22 04:50:00+00:00,2025-12-22 05:09:00+00:00,trailing_prob_drop,-0.0199751562136722,19.0,126.61,126.51,0.0008688097306690512,-0.003633204328252093,-0.000789827027880885,0.0010275867520352922,-0.0030827602561062095
SOL/USDT,2025-12-22 04:50:00+00:00,2025-12-22 05:10:00+00:00,prob_floor,-0.0192751007551506,20.0,126.61,126.45,0.0008688097306690512,-0.003633204328252093,-0.0012637232446094382,0.0015025701858442098,-0.002846975088967918
SOL/USDT,2025-12-22 04:50:00+00:00,2025-12-22 05:11:00+00:00,trailing_prob_drop,-0.0136746574025041,21.0,126.61,126.45,0.0008688097306690512,-0.003633204328252093,-0.0012637232446094382,0.0015025701858442098,-0.003163305654408921
SOL/USDT,2025-12-22 04:50:00+00:00,2025-12-22 05:12:00+00:00,gate_close,-0.0220753226418829,22.0,126.61,126.54,0.0008688097306690512,-0.003633204328252093,-0.0005528789195166084,0.0007902639481587315,-0.004030346135609375
SOL/USDT,2025-12-22 04:50:00+00:00,2025-12-22 05:13:00+00:00,prob_floor,-0.0206752116809687,23.0,126.61,126.42,0.0008688097306690512,-0.003633204328252093,-0.0015006713529737148,0.0017402309761114232,-0.003084954912197402
SOL/USDT,2025-12-22 04:50:00+00:00,2025-12-22 05:14:00+00:00,trailing_prob_drop,-0.01787498986441,24.0,126.61,126.45,0.0008688097306690512,-0.003633204328252093,-0.0012637232446094382,0.0015025701858442098,-0.0034005535784895624
SOL/USDT,2025-12-22 04:50:00+00:00,2025-12-22 05:15:00+00:00,trailing_prob_drop,-0.0206752116809687,25.0,126.61,126.48,0.0008688097306690512,-0.003633204328252093,-0.0010267751362451616,0.0012650221378873727,-0.0036369386464263354
SOL/USDT,2025-12-22 04:50:00+00:00,2025-12-22 05:16:00+00:00,prob_floor,-0.0192751007551506,26.0,126.61,126.45,0.0008688097306690512,-0.003633204328252093,-0.0012637232446094382,0.0015025701858442098,-0.0034005535784895624
SOL/USDT,2025-12-22 04:50:00+00:00,2025-12-22 05:17:00+00:00,trailing_prob_drop,-0.0171749344321919,27.0,126.61,126.47,0.0008688097306690512,-0.003633204328252093,-0.0011057578390332168,0.0013441922985688581,-0.003558156084446873
SOL/USDT,2025-12-22 04:50:00+00:00,2025-12-22 05:18:00+00:00,trailing_prob_drop,-0.0150747681881059,28.0,126.61,126.47,0.0008688097306690512,-0.003633204328252093,-0.0011057578390332168,0.0013441922985688581,-0.003558156084446873
SOL/USDT,2025-12-22 04:50:00+00:00,2025-12-22 05:19:00+00:00,trailing_prob_drop,-0.0199751562136722,29.0,126.61,126.47,0.0008688097306690512,-0.003633204328252093,-0.0011057578390332168,0.0013441922985688581,-0.003558156084446873
SOL/USDT,2025-12-22 04:50:00+00:00,2025-12-22 05:20:00+00:00,trailing_prob_drop,-0.0171749344321919,30.0,126.61,126.45,0.0008688097306690512,-0.003633204328252093,-0.0012637232446094382,0.0015025701858442098,-0.0034005535784895624
SOL/USDT,2025-12-22 04:50:00+00:00,2025-12-22 05:21:00+00:00,prob_floor,-0.0199751562136722,31.0,126.61,126.49,0.0008688097306690512,-0.003633204328252093,-0.0009477924334571064,0.0011858644952169595,-0.0037157087516799248
SOL/USDT,2025-12-22 04:50:00+00:00,2025-12-22 05:22:00+00:00,prob_floor,-0.0227753781355068,32.0,126.61,126.45,0.0008688097306690512,-0.003633204328252093,-0.0012637232446094382,0.0015025701858442098,-0.0034005535784895624
SOL/USDT,2025-12-22 04:50:00+00:00,2025-12-22 05:23:00+00:00,prob_floor,-0.0248755446690676,33.0,126.61,126.42,0.0008688097306690512,-0.003633204328252093,-0.0015006713529737148,0.0017402309761114232,-0.0031640563202025573
SOL/USDT,2025-12-22 04:50:00+00:00,2025-12-22 05:24:00+00:00,prob_floor,-0.0241754891490966,34.0,126.61,126.38,0.0008688097306690512,-0.003633204328252093,-0.0018166021641260466,0.0020572875454978323,-0.0028485519860736996
SOL/USDT,2025-12-22 04:50:00+00:00,2025-12-22 05:25:00+00:00,trailing_prob_drop,-0.0227753781355068,35.0,126.61,126.4,0.0008688097306690512,-0.003633204328252093,-0.0016586367585498252,0.0018987341772152,-0.0030063291139241777
SOL/USDT,2025-12-22 04:50:00+00:00,2025-12-22 05:26:00+00:00,trailing_prob_drop,-0.0353763785241803,36.0,126.61,126.41,0.0008688097306690512,-0.003633204328252093,-0.00157965405576177,0.0018194763072540976,-0.003085198955778856
SOL/USDT,2025-12-22 04:50:00+00:00,2025-12-22 05:27:00+00:00,prob_floor,-0.0353763785241803,37.0,126.61,126.23,0.0008688097306690512,-0.003633204328252093,-0.0030013427059473186,0.0032480392933533775,-0.0016636298819615591
SOL/USDT,2025-12-22 04:50:00+00:00,2025-12-22 05:28:00+00:00,prob_floor,-0.0388766569164313,38.0,126.61,126.24,0.0008688097306690512,-0.003633204328252093,-0.0029223600031593744,0.003168567807351197,-0.0017427122940431028
SOL/USDT,2025-12-22 04:50:00+00:00,2025-12-22 05:29:00+00:00,prob_floor,-0.0409768240577059,39.0,126.61,126.24,0.0008688097306690512,-0.003633204328252093,-0.0029223600031593744,0.003168567807351197,-0.0017427122940431028
SOL/USDT,2025-12-22 04:50:00+00:00,2025-12-22 05:30:00+00:00,prob_floor,-0.0388766569164313,40.0,126.61,126.16,0.0008688097306690512,-0.003633204328252093,-0.003554221625464038,0.0038046924540267035,-0.00110970196575777
SOL/USDT,2025-12-22 04:50:00+00:00,2025-12-22 05:31:00+00:00,prob_floor,-0.0395767126213596,41.0,126.61,126.25,0.0008688097306690512,-0.003633204328252093,-0.002843377300371208,0.003089108910891092,-0.0018217821782178234
SOL/USDT,2025-12-22 04:50:00+00:00,2025-12-22 05:32:00+00:00,prob_floor,-0.0367764898546141,42.0,126.61,126.22,0.0008688097306690512,-0.003633204328252093,-0.0030803254087354848,0.0033275233718903507,-0.0015845349389954633
SOL/USDT,2025-12-22 04:50:00+00:00,2025-12-22 05:33:00+00:00,prob_floor,-0.0360764341849877,43.0,126.61,126.24,0.0008688097306690512,-0.003633204328252093,-0.0029223600031593744,0.003168567807351197,-0.0017427122940431028
SOL/USDT,2025-12-22 04:50:00+00:00,2025-12-22 05:34:00+00:00,prob_floor,-0.041676879789132,44.0,126.61,126.22,0.0008688097306690512,-0.003633204328252093,-0.0030803254087354848,0.0033275233718903507,-0.0015845349389954633
SOL/USDT,2025-12-22 04:50:00+00:00,2025-12-22 05:35:00+00:00,prob_floor,-0.0353763785241803,45.0,126.61,126.16,0.0008688097306690512,-0.003633204328252093,-0.003554221625464038,0.0038046924540267035,-0.00110970196575777
SOL/USDT,2025-12-22 04:50:00+00:00,2025-12-22 05:36:00+00:00,prob_floor,-0.0311760447444466,46.0,126.61,126.15,0.0008688097306690512,-0.003633204328252093,-0.003633204328252093,0.003884264764169698,-0.0010305192231471194
SOL/USDT,2025-12-22 04:50:00+00:00,2025-12-22 05:37:00+00:00,prob_floor,-0.0164748790087353,47.0,126.61,126.15,0.0008688097306690512,-0.003633204328252093,-0.003633204328252093,0.003884264764169698,-0.0010305192231471194
SOL/USDT,2025-12-22 04:50:00+00:00,2025-12-22 05:38:00+00:00,gate_close,-0.0192751007551506,48.0,126.61,126.5,0.0008688097306690512,-0.003633204328252093,-0.0008688097306689402,0.001106719367588882,-0.0037944664031620556
SOL/USDT,2025-12-22 04:50:00+00:00,2025-12-22 05:40:00+00:00,trailing_prob_drop,-0.0206752116809687,50.0,126.61,126.38,0.0008688097306690512,-0.003633204328252093,-0.0018166021641260466,0.0020572875454978323,-0.0028485519860736996
SOL/USDT,2025-12-22 04:50:00+00:00,2025-12-22 05:41:00+00:00,trailing_prob_drop,-0.0213752671570362,51.0,126.61,126.41,0.0008688097306690512,-0.003633204328252093,-0.00157965405576177,0.0018194763072540976,-0.003085198955778856
SOL/USDT,2025-12-22 04:50:00+00:00,2025-12-22 05:47:00+00:00,gate_close,-0.010874435936328,57.0,126.61,126.64,0.0008688097306690512,-0.003633204328252093,0.00023694810836438762,0.0,-0.004895767530006312
SOL/USDT,2025-12-22 04:50:00+00:00,2025-12-22 05:57:00+00:00,trailing_prob_drop,-0.0304759891453235,67.0,126.61,126.46,0.0008688097306690512,-0.003633204328252093,-0.001184740541821383,0.0005535347145342318,-0.003953819389530322
SOL/USDT,2025-12-22 04:50:00+00:00,2025-12-22 05:58:00+00:00,prob_floor,-0.0290758779734821,68.0,126.61,126.3,0.0008688097306690512,-0.003633204328252093,-0.002448463786430821,0.0018210609659541355,-0.0030878859857482732
SOL/USDT,2025-12-22 04:50:00+00:00,2025-12-22 05:59:00+00:00,trailing_prob_drop,-0.0374765455330606,69.0,126.61,126.34,0.0008688097306690512,-0.003633204328252093,-0.0021325329752783784,0.0015038784233021296,-0.004274180782016801
SOL/USDT,2025-12-22 04:50:00+00:00,2025-12-22 06:00:00+00:00,prob_floor,-0.0353763785241803,70.0,126.61,126.2,0.0008688097306690512,-0.003633204328252093,-0.003238290814311595,0.002614896988906379,-0.004595879556259841
SOL/USDT,2025-12-22 04:50:00+00:00,2025-12-22 06:01:00+00:00,prob_floor,-0.0388766569164313,71.0,126.61,126.17,0.0008688097306690512,-0.003633204328252093,-0.0034752389226758718,0.0028532931758737945,-0.0043591979075849885
SOL/USDT,2025-12-22 04:50:00+00:00,2025-12-22 06:02:00+00:00,prob_floor,-0.0360764341849877,72.0,126.61,126.21,0.0008688097306690512,-0.003633204328252093,-0.003159308111523651,0.002535456778385292,-0.004674748435147702
SOL/USDT,2025-12-22 04:50:00+00:00,2025-12-22 06:03:00+00:00,prob_floor,-0.0395767126213596,73.0,126.61,126.22,0.0008688097306690512,-0.003633204328252093,-0.0030803254087354848,0.0024560291554429625,-0.004753604816986168
SOL/USDT,2025-12-22 04:50:00+00:00,2025-12-22 06:04:00+00:00,prob_floor,-0.0367764898546141,74.0,126.61,126.22,0.0008688097306690512,-0.003633204328252093,-0.0030803254087354848,0.0024560291554429625,-0.004753604816986168
SOL/USDT,2025-12-22 04:50:00+00:00,2025-12-22 06:05:00+00:00,prob_floor,-0.0388766569164313,75.0,126.61,126.2,0.0008688097306690512,-0.003633204328252093,-0.003238290814311595,0.002614896988906379,-0.004595879556259841
SOL/USDT,2025-12-22 04:50:00+00:00,2025-12-22 06:06:00+00:00,prob_floor,-0.0451771585788486,76.0,126.61,126.19,0.0008688097306690512,-0.003633204328252093,-0.0033172735170997614,0.002694349789999162,-0.004516998177351517
SOL/USDT,2025-12-22 04:50:00+00:00,2025-12-22 06:07:00+00:00,prob_floor,-0.0388766569164313,77.0,126.61,126.18,0.0008688097306690512,-0.003633204328252093,-0.0033962562198878166,0.0027738151846568027,-0.004438104295450995
SOL/USDT,2025-12-22 04:50:00+00:00,2025-12-22 06:08:00+00:00,prob_floor,-0.0430769912784928,78.0,126.61,126.18,0.0008688097306690512,-0.003633204328252093,-0.0033962562198878166,0.0027738151846568027,-0.004438104295450995
SOL/USDT,2025-12-22 04:50:00+00:00,2025-12-22 06:09:00+00:00,prob_floor,-0.0451771585788486,79.0,126.61,126.13,0.0008688097306690512,-0.003633204328252093,-0.0037911697338283146,0.0031713311662571186,-0.004043447236977693
SOL/USDT,2025-12-22 04:50:00+00:00,2025-12-22 06:10:00+00:00,prob_floor,-0.0486774375897488,80.0,126.61,126.09,0.0008688097306690512,-0.003633204328252093,-0.004107100544980646,0.003489570941391129,-0.0037274962328495143
SOL/USDT,2025-12-22 04:50:00+00:00,2025-12-22 06:11:00+00:00,prob_floor,-0.0472773259588301,81.0,126.61,126.05,0.0008688097306690512,-0.003633204328252093,-0.004423031356132978,0.0038080126933757175,-0.003411344704482344
SOL/USDT,2025-12-22 04:50:00+00:00,2025-12-22 06:12:00+00:00,prob_floor,-0.0493774934184953,82.0,126.61,126.06,0.0008688097306690512,-0.003633204328252093,-0.004344048653344923,0.003728383309535177,-0.003490401396160525
SOL/USDT,2025-12-22 04:50:00+00:00,2025-12-22 06:13:00+00:00,prob_floor,-0.0465772701566538,83.0,126.61,126.1,0.0008688097306690512,-0.003633204328252093,-0.004028117842192591,0.003409992069785872,-0.003806502775574816
SOL/USDT,2025-12-22 04:50:00+00:00,2025-12-22 06:14:00+00:00,prob_floor,-0.0486774375897488,84.0,126.61,126.04,0.0008688097306690512,-0.003633204328252093,-0.004502014058921033,0.0038876547127895122,-0.003332275468105328
SOL/USDT,2025-12-22 04:50:00+00:00,2025-12-22 06:15:00+00:00,prob_floor,-0.0486774375897488,85.0,126.61,126.04,0.0008688097306690512,-0.003633204328252093,-0.004502014058921033,0.0038876547127895122,-0.003332275468105328
SOL/USDT,2025-12-22 04:50:00+00:00,2025-12-22 06:16:00+00:00,trailing_prob_drop,-0.0374765455330606,86.0,126.61,126.09,0.0008688097306690512,-0.003633204328252093,-0.004107100544980646,0.003489570941391129,-0.0037274962328495143
SOL/USDT,2025-12-22 04:50:00+00:00,2025-12-22 06:17:00+00:00,trailing_prob_drop,-0.0346763228721938,87.0,126.61,126.2,0.0008688097306690512,-0.003633204328252093,-0.003238290814311595,0.002614896988906379,-0.004595879556259841
SOL/USDT,2025-12-22 04:50:00+00:00,2025-12-22 06:18:00+00:00,trailing_prob_drop,-0.0171749344321919,88.0,126.61,126.21,0.0008688097306690512,-0.003633204328252093,-0.003159308111523651,0.002535456778385292,-0.004674748435147702
SOL/USDT,2025-12-22 04:50:00+00:00,2025-12-22 06:19:00+00:00,gate_close,-0.0213752671570362,89.0,126.61,126.49,0.0008688097306690512,-0.003633204328252093,-0.0009477924334571064,0.00031623053205787066,-0.006878014072258631
SOL/USDT,2025-12-22 04:50:00+00:00,2025-12-22 06:20:00+00:00,time_limit,-0.0227737999999998,90.0,126.61,126.44,0.0008688097306690512,-0.003633204328252093,-0.0013427059473974934,0.0007118000632710952,-0.006485289465358979
SOL/USDT,2025-12-22 06:22:00+00:00,2025-12-22 06:22:00+00:00,cooldown_after_loss,0.0,,126.37,126.37,0.0011078578776608783,-0.0059349529160401815,0.0,0.0011078578776608783,-0.0059349529160401815
SOL/USDT,2025-12-22 06:23:00+00:00,2025-12-22 06:23:00+00:00,cooldown_after_loss,0.0,,126.45,126.45,0.00047449584816128265,-0.0065638592328983725,0.0,0.00047449584816128265,-0.0065638592328983725
SOL/USDT,2025-12-22 06:24:00+00:00,2025-12-22 06:24:00+00:00,cooldown_after_loss,0.0,,126.46,126.46,0.0003953819389530544,-0.006642416574410781,0.0,0.0003953819389530544,-0.006642416574410781
SOL/USDT,2025-12-22 06:25:00+00:00,2025-12-22 06:25:00+00:00,cooldown_after_loss,0.0,,126.3,126.3,0.0016627078384798821,-0.005384006334125058,0.0,0.0016627078384798821,-0.005384006334125058
SOL/USDT,2025-12-22 06:27:00+00:00,2025-12-22 06:27:00+00:00,cooldown_after_loss,0.0,,126.2,126.2,0.0024564183835182885,-0.004595879556259841,0.0,0.0024564183835182885,-0.004595879556259841
SOL/USDT,2025-12-22 06:28:00+00:00,2025-12-22 06:28:00+00:00,dry_run,0.0,,126.24,126.24,0.0021387832699619747,-0.004911280101394078,0.0,0.0021387832699619747,-0.004911280101394078
SOL/USDT,2025-12-22 06:28:00+00:00,2025-12-22 06:30:00+00:00,gate_close,0.0031332510446112,2.0,126.24,126.28,0.0021387832699619747,-0.004911280101394078,0.0003168567807352307,0.0018213493823249216,-0.005226480836236891
SOL/USDT,2025-12-22 06:28:00+00:00,2025-12-22 06:34:00+00:00,prob_floor,-0.0094677472129077,6.0,126.24,126.34,0.0021387832699619747,-0.004911280101394078,0.0007921419518377437,0.0013455754313755897,-0.005698907709355661
SOL/USDT,2025-12-22 06:28:00+00:00,2025-12-22 06:35:00+00:00,prob_floor,0.0031327799999995,7.0,126.24,126.17,0.0021387832699619747,-0.004911280101394078,-0.0005544993662863762,0.002694776888325201,-0.0043591979075849885
SOL/USDT,2025-12-22 06:41:00+00:00,2025-12-22 06:41:00+00:00,dry_run,0.0,,126.22,126.22,0.0022975756615433163,-0.004753604816986168,0.0,0.0022975756615433163,-0.004753604816986168
SOL/USDT,2025-12-22 06:41:00+00:00,2025-12-22 06:44:00+00:00,gate_close,-0.0059684494950696,3.0,126.22,126.35,0.0022975756615433163,-0.004753604816986168,0.0010299477103470345,0.00126632370399693,-0.005777601899485507
SOL/USDT,2025-12-22 06:41:00+00:00,2025-12-22 06:49:00+00:00,prob_floor,-0.0220697274747078,8.0,126.22,126.1,0.0022975756615433163,-0.004753604816986168,-0.0009507209633973224,0.00325138778747025,-0.003806502775574816
SOL/USDT,2025-12-22 06:41:00+00:00,2025-12-22 06:50:00+00:00,prob_floor,-0.0262700616282306,9.0,126.22,126.03,0.0022975756615433163,-0.004753604816986168,-0.0015053081920456401,0.0038086169959534732,-0.0032531936840434206
SOL/USDT,2025-12-22 06:41:00+00:00,2025-12-22 06:51:00+00:00,prob_floor,-0.024869950208357,10.0,126.22,125.97,0.0022975756615433163,-0.004753604816986168,-0.001980668673744246,0.004286734936889802,-0.002778439310947012
SOL/USDT,2025-12-22 06:41:00+00:00,2025-12-22 06:52:00+00:00,prob_floor,-0.0213696718133852,11.0,126.22,125.99,0.0022975756615433163,-0.004753604816986168,-0.0018222151798447106,0.004127311691404234,-0.002936741011191235
SOL/USDT,2025-12-22 06:41:00+00:00,2025-12-22 06:53:00+00:00,prob_floor,-0.0178693936392119,12.0,126.22,126.01,0.0022975756615433163,-0.004753604816986168,-0.0016637616859451754,0.003967939052456071,-0.003094992460915824
SOL/USDT,2025-12-22 06:41:00+00:00,2025-12-22 06:54:00+00:00,prob_floor,-0.0192695048824009,13.0,126.22,126.08,0.0022975756615433163,-0.004753604816986168,-0.0011091744572967466,0.003410532994923887,-0.003648477157360386
SOL/USDT,2025-12-22 06:41:00+00:00,2025-12-22 06:56:00+00:00,prob_floor,-0.0262700616282306,15.0,126.22,125.99,0.0022975756615433163,-0.004753604816986168,-0.0018222151798447106,0.004127311691404234,-0.002936741011191235
SOL/USDT,2025-12-22 06:41:00+00:00,2025-12-22 06:57:00+00:00,prob_floor,-0.030470396100233,16.0,126.22,125.97,0.0022975756615433163,-0.004753604816986168,-0.001980668673744246,0.004286734936889802,-0.002778439310947012
SOL/USDT,2025-12-22 06:41:00+00:00,2025-12-22 06:58:00+00:00,prob_floor,-0.0388710660015106,17.0,126.22,125.91,0.0022975756615433163,-0.004753604816986168,-0.0024560291554428515,0.00476530855372892,-0.00230323246763553
SOL/USDT,2025-12-22 06:41:00+00:00,2025-12-22 06:59:00+00:00,prob_floor,-0.0395711218843176,18.0,126.22,125.8,0.0022975756615433163,-0.004753604816986168,-0.0033275233718903507,0.0056438791732909,-0.0014308426073131875
SOL/USDT,2025-12-22 06:41:00+00:00,2025-12-22 07:00:00+00:00,prob_floor,-0.0325705634558081,19.0,126.22,125.77,0.0022975756615433163,-0.004753604816986168,-0.003565203612739709,0.005883756062654122,-0.00119265325594331
SOL/USDT,2025-12-22 06:41:00+00:00,2025-12-22 07:01:00+00:00,prob_floor,-0.0290702845741513,20.0,126.22,125.9,0.0022975756615433163,-0.004753604816986168,-0.0025352559023925636,0.005003971405877605,-0.0010325655281970825
SOL/USDT,2025-12-22 06:41:00+00:00,2025-12-22 07:02:00+00:00,prob_floor,-0.0290702845741513,21.0,126.22,125.92,0.0022975756615433163,-0.004753604816986168,-0.0023768024084931394,0.005241423125794231,-0.0003970775095298862
SOL/USDT,2025-12-22 06:41:00+00:00,2025-12-22 07:03:00+00:00,prob_floor,-0.026970117351434,22.0,126.22,125.9,0.0022975756615433163,-0.004753604816986168,-0.0025352559023925636,0.00540111199364568,0.0
SOL/USDT,2025-12-22 06:41:00+00:00,2025-12-22 07:06:00+00:00,gate_close,-0.0045683385864189,25.0,126.22,126.18,0.0022975756615433163,-0.004753604816986168,-0.00031690698779907045,0.0031700744967506633,-0.0021398002853068032
SOL/USDT,2025-12-22 06:41:00+00:00,2025-12-22 07:07:00+00:00,gate_close,0.0017317999999998,26.0,126.22,126.28,0.0022975756615433163,-0.004753604816986168,0.0004753604816987167,0.002375673107380294,-0.0010294583465314533
SOL/USDT,2025-12-22 07:09:00+00:00,2025-12-22 07:09:00+00:00,dry_run,0.0,,126.36,126.36,0.0017410572966127802,-0.001661918328584977,0.0,0.0017410572966127802,-0.001661918328584977
SOL/USDT,2025-12-22 07:09:00+00:00,2025-12-22 07:19:00+00:00,gate_close,-0.0038694030926285,10.0,126.36,126.36,0.0017410572966127802,-0.001661918328584977,0.0,0.0026115859449191703,-0.0018201962646406944
SOL/USDT,2025-12-22 07:09:00+00:00,2025-12-22 07:22:00+00:00,gate_close,-0.0031693476953498,13.0,126.36,126.42,0.0017410572966127802,-0.001661918328584977,0.00047483380816726317,0.006328112640404893,-0.0022939408321468457
SOL/USDT,2025-12-22 07:09:00+00:00,2025-12-22 07:26:00+00:00,prob_trailing,0.00033068,17.0,126.36,126.36,0.0017410572966127802,-0.001661918328584977,0.0,0.0068059512503957365,-0.0018201962646406944
SOL/USDT,2025-12-22 07:35:00+00:00,2025-12-22 07:35:00+00:00,dry_run,0.0,,126.34,126.34,0.008073452588253982,-0.0016621814152287806,0.0,0.008073452588253982,-0.0016621814152287806
SOL/USDT,2025-12-22 07:35:00+00:00,2025-12-22 07:37:00+00:00,prob_floor,-0.0024678922849114,2.0,126.34,126.3,0.008073452588253982,-0.0016621814152287806,-0.00031660598385319094,0.008392715756136093,-0.0013460015835312644
SOL/USDT,2025-12-22 07:35:00+00:00,2025-12-22 07:38:00+00:00,prob_floor,-0.0108685580533435,3.0,126.34,126.27,0.008073452588253982,-0.0016621814152287806,-0.0005540604717430009,0.008632295873920892,-0.0011087352498614367
SOL/USDT,2025-12-22 07:35:00+00:00,2025-12-22 07:39:00+00:00,prob_floor,-0.0052681140670925,4.0,126.34,126.16,0.008073452588253982,-0.0016621814152287806,-0.0014247269273389707,0.009511731135066537,-0.00023779327837669673
SOL/USDT,2025-12-22 07:35:00+00:00,2025-12-22 07:40:00+00:00,prob_floor,-0.008068335989857,5.0,126.34,126.24,0.008073452588253982,-0.0016621814152287806,-0.0007915149596328108,0.00887198986058313,-0.0008713561470214959
SOL/USDT,2025-12-22 07:35:00+00:00,2025-12-22 07:41:00+00:00,prob_floor,-0.0010677814464991,6.0,126.34,126.2,0.008073452588253982,-0.0016621814152287806,-0.0011081209434858907,0.009191759112519682,-0.0005546751188589827
SOL/USDT,2025-12-22 07:35:00+00:00,2025-12-22 07:43:00+00:00,gate_close,0.0024320800000001,8.0,126.34,126.4,0.008073452588253982,-0.0016621814152287806,0.0004749089757796199,0.0075949367088608,-0.0021360759493671555
SOL/USDT,2025-12-22 07:44:00+00:00,2025-12-22 07:44:00+00:00,cooldown_after_exit,0.0,,126.35,126.35,0.007993668381480079,-0.00174119509299564,0.0,0.007993668381480079,-0.00174119509299564
SOL/USDT,2025-12-22 07:45:00+00:00,2025-12-22 07:45:00+00:00,dry_run,0.0,,126.33,126.33,0.00815324942610629,-0.0015831552283701589,0.0,0.00815324942610629,-0.0015831552283701589
SOL/USDT,2025-12-22 07:45:00+00:00,2025-12-22 07:48:00+00:00,gate_close,-0.0003677260404537,3.0,126.33,126.4,0.00815324942610629,-0.0015831552283701589,0.0005541043299295279,0.0075949367088608,-0.0021360759493671555
SOL/USDT,2025-12-22 07:45:00+00:00,2025-12-22 07:51:00+00:00,gate_close,-0.0045680586083723,6.0,126.33,126.33,0.00815324942610629,-0.0015831552283701589,0.0,0.00815324942610629,-0.0015831552283701589
SOL/USDT,2025-12-22 07:45:00+00:00,2025-12-22 08:00:00+00:00,take_profit,0.0143320800000002,15.0,126.33,126.39,0.00815324942610629,-0.0015831552283701589,0.00047494656851099215,0.007674657805206042,-0.006962576153176636
SOL/USDT,2025-12-22 08:02:00+00:00,2025-12-22 08:02:00+00:00,dry_run,0.0,,126.53,126.53,0.00655970915988302,-0.008061329329012823,0.0,0.00655970915988302,-0.008061329329012823
SOL/USDT,2025-12-22 08:02:00+00:00,2025-12-22 08:04:00+00:00,gate_close,-0.0073721996980126,2.0,126.53,126.4,0.00655970915988302,-0.008061329329012823,-0.0010274243262466953,0.0075949367088608,-0.007041139240506311
SOL/USDT,2025-12-22 08:02:00+00:00,2025-12-22 08:06:00+00:00,gate_close,-0.0192731421967158,4.0,126.53,126.4,0.00655970915988302,-0.008061329329012823,-0.0010274243262466953,0.0075949367088608,-0.007041139240506311
SOL/USDT,2025-12-22 08:02:00+00:00,2025-12-22 08:07:00+00:00,gate_close,-0.0276738090186594,5.0,126.53,126.34,0.00655970915988302,-0.008061329329012823,-0.0015016201691298026,0.008073452588253982,-0.006569574164951741
SOL/USDT,2025-12-22 08:02:00+00:00,2025-12-22 08:09:00+00:00,trailing_prob_drop,-0.0297739759223304,7.0,126.53,126.21,0.00655970915988302,-0.008061329329012823,-0.002529044495376609,0.009111797797322074,-0.005546311702717577
SOL/USDT,2025-12-22 08:02:00+00:00,2025-12-22 08:10:00+00:00,trailing_prob_drop,-0.0304740315745261,8.0,126.53,126.18,0.00655970915988302,-0.008061329329012823,-0.0027661424168180515,0.00935171976541449,-0.0053098747820573555
SOL/USDT,2025-12-22 08:02:00+00:00,2025-12-22 08:11:00+00:00,trailing_prob_drop,-0.0353744213870487,9.0,126.53,126.17,0.00655970915988302,-0.008061329329012823,-0.0028451750572986434,0.009431719109138426,-0.005231037489102031
SOL/USDT,2025-12-22 08:02:00+00:00,2025-12-22 08:12:00+00:00,trailing_prob_drop,-0.0325741985840576,10.0,126.53,126.13,0.00655970915988302,-0.008061329329012823,-0.003161305619220789,0.009751843336240462,-0.0049155633076983785
SOL/USDT,2025-12-22 08:02:00+00:00,2025-12-22 08:13:00+00:00,prob_floor,-0.0290739202789545,11.0,126.53,126.13,0.00655970915988302,-0.008061329329012823,-0.003161305619220789,0.009751843336240462,-0.0049155633076983785
SOL/USDT,2025-12-22 08:02:00+00:00,2025-12-22 08:15:00+00:00,prob_floor,-0.0276738090186594,13.0,126.53,126.21,0.00655970915988302,-0.008061329329012823,-0.002529044495376609,0.009111797797322074,-0.005546311702717577
SOL/USDT,2025-12-22 08:02:00+00:00,2025-12-22 08:16:00+00:00,prob_floor,-0.0199731977168184,14.0,126.53,126.36,0.00655970915988302,-0.008061329329012823,-0.0013435548881688408,0.007913896802785647,-0.006726812282367822
SOL/USDT,2025-12-22 08:02:00+00:00,2025-12-22 08:17:00+00:00,prob_floor,-0.0010717017529729,15.0,126.53,126.32,0.00655970915988302,-0.008061329329012823,-0.0016596854500909863,0.008233058898036827,-0.006412286257124644
SOL/USDT,2025-12-22 08:02:00+00:00,2025-12-22 08:18:00+00:00,take_profit,0.0115281599999998,16.0,126.53,126.58,0.00655970915988302,-0.008061329329012823,0.00039516320240262637,0.006162110917996566,-0.008453152156738808
SOL/USDT,2025-12-22 08:24:00+00:00,2025-12-22 08:24:00+00:00,dry_run,0.0,,126.97,126.97,0.00307159171457827,-0.011498779239190293,0.0,0.00307159171457827,-0.011498779239190293
SOL/USDT,2025-12-22 08:24:00+00:00,2025-12-22 08:26:00+00:00,take_profit,0.0066220430121489,2.0,126.97,127.1,0.00307159171457827,-0.011498779239190293,0.0010238639048594234,0.00204563335955954,-0.01250983477576706
SOL/USDT,2025-12-22 08:24:00+00:00,2025-12-22 08:27:00+00:00,take_profit,0.0108223727337021,3.0,126.97,127.18,0.00307159171457827,-0.011498779239190293,0.0016539340001575642,0.0014153168737223165,-0.013130995439534554
SOL/USDT,2025-12-22 08:24:00+00:00,2025-12-22 08:28:00+00:00,take_profit,0.0101223178017066,4.0,126.97,127.23,0.00307159171457827,-0.011498779239190293,0.0020477278097188467,0.0010217715947495876,-0.013518824176687927
SOL/USDT,2025-12-22 08:24:00+00:00,2025-12-22 08:29:00+00:00,take_profit,0.0171212999999997,5.0,126.97,127.16,0.00307159171457827,-0.011498779239190293,0.001496416476332918,0.001572821642025879,-0.012975778546712724
SOL/USDT,2025-12-22 08:31:00+00:00,2025-12-22 08:31:00+00:00,dry_run,0.0,,127.36,127.36,0.0,-0.01452575376884413,0.0,0.0,-0.01452575376884413
SOL/USDT,2025-12-22 08:31:00+00:00,2025-12-22 08:35:00+00:00,trailing_prob_drop,-0.0192806966539234,4.0,127.36,126.92,0.0,-0.01452575376884413,-0.0034547738693466723,0.0003939489442168487,-0.011109360226914555
SOL/USDT,2025-12-22 08:31:00+00:00,2025-12-22 08:36:00+00:00,prob_floor,-0.0171805308562196,5.0,127.36,126.81,0.0,-0.01452575376884413,-0.004318467336683396,0.001261730147464668,-0.010251557448150761
SOL/USDT,2025-12-22 08:31:00+00:00,2025-12-22 08:37:00+00:00,trailing_prob_drop,-0.0192806966539234,6.0,127.36,126.91,0.0,-0.01452575376884413,-0.003533291457286425,0.0004727759829801226,-0.01103143960286812
SOL/USDT,2025-12-22 08:31:00+00:00,2025-12-22 08:38:00+00:00,trailing_prob_drop,-0.0185806413793089,7.0,127.36,126.89,0.0,-0.01452575376884413,-0.003690326633165819,0.0006304673339112554,-0.010875561509969267
SOL/USDT,2025-12-22 08:31:00+00:00,2025-12-22 08:39:00+00:00,trailing_prob_drop,-0.0136802547008548,8.0,127.36,126.91,0.0,-0.01452575376884413,-0.003533291457286425,0.0004727759829801226,-0.01103143960286812
SOL/USDT,2025-12-22 08:31:00+00:00,2025-12-22 08:40:00+00:00,trailing_prob_drop,-0.0115800891120299,9.0,127.36,126.91,0.0,-0.01452575376884413,-0.003533291457286425,0.0004727759829801226,-0.01103143960286812
SOL/USDT,2025-12-22 08:31:00+00:00,2025-12-22 08:41:00+00:00,trailing_prob_drop,-0.015780420367963,10.0,127.36,126.93,0.0,-0.01452575376884413,-0.0033762562814070307,0.00031513432600638325,-0.01118726857322938
SOL/USDT,2025-12-22 08:31:00+00:00,2025-12-22 08:42:00+00:00,prob_floor,-0.0185806413793089,11.0,127.36,126.97,0.0,-0.01452575376884413,-0.0030621859296482423,0.0,-0.011498779239190293
SOL/USDT,2025-12-22 08:31:00+00:00,2025-12-22 08:43:00+00:00,prob_floor,-0.01788058611341,12.0,127.36,126.86,0.0,-0.01452575376884413,-0.003925879396984966,0.0007094434810026584,-0.01064165221504021
SOL/USDT,2025-12-22 08:31:00+00:00,2025-12-22 08:44:00+00:00,prob_floor,-0.0164804756077366,13.0,127.36,126.88,0.0,-0.01452575376884413,-0.0037688442211055717,0.0005517023959646927,-0.010797604035308828
SOL/USDT,2025-12-22 08:31:00+00:00,2025-12-22 08:45:00+00:00,prob_floor,-0.0164804756077366,14.0,127.36,126.9,0.0,-0.01452575376884413,-0.0036118090452260665,0.0003940110323088497,-0.01095350669818751
SOL/USDT,2025-12-22 08:31:00+00:00,2025-12-22 08:46:00+00:00,prob_floor,-0.0234810284846813,15.0,127.36,126.89,0.0,-0.01452575376884413,-0.003690326633165819,0.00047285050043344157,-0.010875561509969267
SOL/USDT,2025-12-22 08:31:00+00:00,2025-12-22 08:47:00+00:00,prob_floor,-0.0332818039789999,16.0,127.36,126.8,0.0,-0.01452575376884413,-0.0043969849246231485,0.0004731861198739029,-0.010173501577287025
SOL/USDT,2025-12-22 08:31:00+00:00,2025-12-22 08:48:00+00:00,prob_floor,-0.0381821923693656,17.0,127.36,126.67,0.0,-0.01452575376884413,-0.005417713567839155,0.0009473434909608169,-0.009157653745954009
SOL/USDT,2025-12-22 08:31:00+00:00,2025-12-22 08:49:00+00:00,prob_floor,-0.0514832487401591,18.0,127.36,126.59,0.0,-0.01452575376884413,-0.006045854271356732,0.0001579903625879009,-0.008531479579745649
SOL/USDT,2025-12-22 08:31:00+00:00,2025-12-22 08:50:00+00:00,prob_floor,-0.0605839733518117,19.0,127.36,126.41,0.0,-0.01452575376884413,-0.007459170854271391,0.0011866149829919959,-0.007119689897951087
SOL/USDT,2025-12-22 08:31:00+00:00,2025-12-22 08:51:00+00:00,prob_floor,-0.0556835829910153,20.0,127.36,126.2,0.0,-0.01452575376884413,-0.009108040201004974,0.001664025356576726,-0.0054675118858953375
SOL/USDT,2025-12-22 08:31:00+00:00,2025-12-22 08:52:00+00:00,prob_floor,-0.0591838617759991,21.0,127.36,126.35,0.0,-0.01452575376884413,-0.007930276381909573,0.000474871388998821,-0.006648199445983272
SOL/USDT,2025-12-22 08:31:00+00:00,2025-12-22 08:53:00+00:00,prob_floor,-0.069684699456974,22.0,127.36,126.29,0.0,-0.01452575376884413,-0.008401381909547645,0.0,-0.006176260986618165
SOL/USDT,2025-12-22 08:31:00+00:00,2025-12-22 08:55:00+00:00,prob_floor,-0.071784867232288,24.0,127.36,126.06,0.0,-0.01452575376884413,-0.010207286432160734,0.0017452006980802626,-0.004363001745200656
SOL/USDT,2025-12-22 08:31:00+00:00,2025-12-22 08:56:00+00:00,prob_floor,-0.0906863808097249,25.0,127.36,125.95,0.0,-0.01452575376884413,-0.011070979899497457,0.002699483922191437,-0.00349344978165933
SOL/USDT,2025-12-22 08:31:00+00:00,2025-12-22 08:57:00+00:00,prob_floor,-0.1011872244958034,26.0,127.36,125.85,0.0,-0.01452575376884413,-0.01185615577889454,0.003972983710766709,-0.0027016289233213753
SOL/USDT,2025-12-22 08:31:00+00:00,2025-12-22 08:58:00+00:00,prob_floor,-0.1053875625343259,27.0,127.36,125.7,0.0,-0.01452575376884413,-0.01303391959798994,0.0051710421638822,-0.001511535401750197
SOL/USDT,2025-12-22 08:31:00+00:00,2025-12-22 08:59:00+00:00,prob_floor,-0.1074877316746948,28.0,127.36,125.63,0.0,-0.01452575376884413,-0.013583542713567875,0.005731115179495427,-0.0009551858632491639
SOL/USDT,2025-12-22 08:31:00+00:00,2025-12-22 09:00:00+00:00,prob_floor,-0.1060876189054712,29.0,127.36,125.51,0.0,-0.01452575376884413,-0.01452575376884413,0.006692693809258188,0.0
SOL/USDT,2025-12-22 08:31:00+00:00,2025-12-22 09:01:00+00:00,prob_floor,-0.1102879573209082,30.0,127.36,125.63,0.0,-0.01452575376884413,-0.013583542713567875,0.005731115179495427,-0.00047759293162463745
SOL/USDT,2025-12-22 08:31:00+00:00,2025-12-22 09:02:00+00:00,prob_floor,-0.1053875625343259,31.0,127.36,125.61,0.0,-0.01452575376884413,-0.01374057788944727,0.0058912506966004585,-0.0003184459836000908
SOL/USDT,2025-12-22 08:31:00+00:00,2025-12-22 09:03:00+00:00,prob_floor,-0.1067876752855949,32.0,127.36,125.64,0.0,-0.01452575376884413,-0.013505025125628123,0.005651066539318572,-0.0005571474052850078
SOL/USDT,2025-12-22 08:31:00+00:00,2025-12-22 09:04:00+00:00,prob_floor,-0.1011872244958034,33.0,127.36,125.62,0.0,-0.01452575376884413,-0.013662060301507517,0.005811176564241238,-7.960515841431981e-05
SOL/USDT,2025-12-22 08:31:00+00:00,2025-12-22 09:05:00+00:00,prob_floor,-0.0969868867798496,34.0,127.36,125.65,0.0,-0.01452575376884413,-0.01342650753768837,0.0055710306406684396,-0.00023875845602860934
SOL/USDT,2025-12-22 08:31:00+00:00,2025-12-22 09:06:00+00:00,prob_floor,-0.0983869993160204,35.0,127.36,125.75,0.0,-0.01452575376884413,-0.0126413316582914,0.004771371769383581,-0.000556660039761403
SOL/USDT,2025-12-22 08:31:00+00:00,2025-12-22 09:07:00+00:00,prob_floor,-0.0969868867798496,36.0,127.36,125.75,0.0,-0.01452575376884413,-0.0126413316582914,0.004771371769383581,-0.00039761431411533543
SOL/USDT,2025-12-22 08:31:00+00:00,2025-12-22 09:08:00+00:00,prob_floor,-0.0913864369928876,37.0,127.36,125.75,0.0,-0.01452575376884413,-0.0126413316582914,0.004771371769383581,-0.00039761431411533543
SOL/USDT,2025-12-22 08:31:00+00:00,2025-12-22 09:09:00+00:00,prob_floor,-0.0899863246354936,38.0,127.36,125.87,0.0,-0.01452575376884413,-0.011699120603015034,0.0038134583300228897,-0.0013505998252164586
SOL/USDT,2025-12-22 08:31:00+00:00,2025-12-22 09:10:00+00:00,prob_floor,-0.0955867742794675,39.0,127.36,125.86,0.0,-0.01452575376884413,-0.011777638190954787,0.0038932146829810943,-0.0012712537740345864
SOL/USDT,2025-12-22 08:31:00+00:00,2025-12-22 09:11:00+00:00,prob_floor,-0.088586212313802,40.0,127.36,125.78,0.0,-0.01452575376884413,-0.012405778894472363,0.004531722054380571,-0.0006360311655271289
SOL/USDT,2025-12-22 08:31:00+00:00,2025-12-22 09:12:00+00:00,gate_close,-0.092786549386002,41.0,127.36,125.87,0.0,-0.01452575376884413,-0.011699120603015034,0.0038134583300228897,-0.0013505998252164586
SOL/USDT,2025-12-22 08:31:00+00:00,2025-12-22 09:13:00+00:00,trailing_prob_drop,-0.1004871681874217,42.0,127.36,125.86,0.0,-0.01452575376884413,-0.011777638190954787,0.0038932146829810943,-0.0012712537740345864
SOL/USDT,2025-12-22 08:31:00+00:00,2025-12-22 09:14:00+00:00,trailing_prob_drop,-0.0969868867798496,43.0,127.36,125.71,0.0,-0.01452575376884413,-0.012955402010050299,0.005091082650544809,-7.954816641464468e-05
SOL/USDT,2025-12-22 08:31:00+00:00,2025-12-22 09:16:00+00:00,gate_close,-0.0815856512403255,45.0,127.36,125.85,0.0,-0.01452575376884413,-0.01185615577889454,0.004370282081843646,-0.0007151370679379099
SOL/USDT,2025-12-22 08:31:00+00:00,2025-12-22 09:17:00+00:00,gate_close,-0.0759852030224903,46.0,127.36,125.96,0.0,-0.01452575376884413,-0.010992462311557816,0.0038107335662114217,-0.0013496348046998508
SOL/USDT,2025-12-22 08:31:00+00:00,2025-12-22 09:21:00+00:00,gate_close,-0.0857859877774691,50.0,127.36,125.89,0.0,-0.01452575376884413,-0.01154208542713564,0.006275319723568318,-0.0007943442688060909
SOL/USDT,2025-12-22 08:31:00+00:00,2025-12-22 09:22:00+00:00,gate_close,-0.0864860438981757,51.0,127.36,125.92,0.0,-0.01452575376884413,-0.011306532663316604,0.006035578144854004,-0.0010324015247775709
SOL/USDT,2025-12-22 08:31:00+00:00,2025-12-22 09:23:00+00:00,trailing_prob_drop,-0.0920864931849795,52.0,127.36,125.91,0.0,-0.01452575376884413,-0.011385050251256357,0.006115479310618843,-0.0009530617107457173
SOL/USDT,2025-12-22 08:31:00+00:00,2025-12-22 09:24:00+00:00,trailing_prob_drop,-0.0948867180426917,53.0,127.36,125.83,0.0,-0.01452575376884413,-0.012013190954773934,0.006755145831677689,-0.0003178892156082691
SOL/USDT,2025-12-22 08:31:00+00:00,2025-12-22 09:25:00+00:00,trailing_prob_drop,-0.092786549386002,54.0,127.36,125.82,0.0,-0.01452575376884413,-0.012091708542713575,0.006835161341599116,-0.00023843586075333878
SOL/USDT,2025-12-22 08:31:00+00:00,2025-12-22 09:26:00+00:00,trailing_prob_drop,-0.094186661814856,55.0,127.36,125.82,0.0,-0.01452575376884413,-0.012091708542713575,0.006835161341599116,-0.00023843586075333878
SOL/USDT,2025-12-22 08:31:00+00:00,2025-12-22 09:27:00+00:00,prob_floor,-0.088586212313802,56.0,127.36,125.79,0.0,-0.01452575376884413,-0.012327261306532611,0.007075284203831744,0.0
SOL/USDT,2025-12-22 08:31:00+00:00,2025-12-22 09:28:00+00:00,trailing_prob_drop,-0.0843858755627888,57.0,127.36,125.88,0.0,-0.01452575376884413,-0.011620603015075393,0.006355258976803446,-0.0006355258976803446
SOL/USDT,2025-12-22 08:31:00+00:00,2025-12-22 09:30:00+00:00,gate_close,-0.0752851470352583,59.0,127.36,125.86,0.0,-0.01452575376884413,-0.011777638190954787,0.006515175591927491,-0.00047672016526301153
SOL/USDT,2025-12-22 08:31:00+00:00,2025-12-22 09:31:00+00:00,gate_close,-0.0703847553732115,60.0,127.36,126.06,0.0,-0.01452575376884413,-0.010207286432160734,0.004997620180866136,-0.0017452006980802626
SOL/USDT,2025-12-22 08:31:00+00:00,2025-12-22 09:32:00+00:00,gate_close,-0.0689846435496002,61.0,127.36,126.13,0.0,-0.01452575376884413,-0.00965766331658291,0.004439863632759833,-0.002299215095536322
SOL/USDT,2025-12-22 08:31:00+00:00,2025-12-22 09:33:00+00:00,trailing_prob_drop,-0.0640842524460289,62.0,127.36,126.16,0.0,-0.01452575376884413,-0.009422110552763874,0.004201014584654494,-0.0025364616360177283
SOL/USDT,2025-12-22 08:31:00+00:00,2025-12-22 09:34:00+00:00,trailing_prob_drop,-0.0647843082914079,63.0,127.36,126.2,0.0,-0.01452575376884413,-0.009108040201004974,0.0038827258320126568,-0.0028526148969888476
SOL/USDT,2025-12-22 08:31:00+00:00,2025-12-22 09:35:00+00:00,trailing_prob_drop,-0.0654843641456348,64.0,127.36,126.22,0.0,-0.01452575376884413,-0.00895100502512558,0.0038028838535890674,-0.0030106163840912803
SOL/USDT,2025-12-22 08:31:00+00:00,2025-12-22 09:41:00+00:00,gate_close,-0.0878861561663426,70.0,127.36,125.89,0.0,-0.01452575376884413,-0.01154208542713564,0.007466836126777343,-0.00039717213440304544
SOL/USDT,2025-12-22 08:31:00+00:00,2025-12-22 09:42:00+00:00,trailing_prob_drop,-0.0843858755627888,71.0,127.36,125.88,0.0,-0.01452575376884413,-0.011620603015075393,0.007546870034953912,-0.0003177629488401168
SOL/USDT,2025-12-22 08:31:00+00:00,2025-12-22 09:43:00+00:00,trailing_prob_drop,-0.0815856512403255,72.0,127.36,125.9,0.0,-0.01452575376884413,-0.011463567839195887,0.007704527402700556,-0.00015885623510736302
SOL/USDT,2025-12-22 08:31:00+00:00,2025-12-22 09:44:00+00:00,trailing_prob_drop,-0.0738850350874411,73.0,127.36,125.99,0.0,-0.01452575376884413,-0.01075690954773878,0.007143424081276439,-0.0008730851654893401
SOL/USDT,2025-12-22 08:31:00+00:00,2025-12-22 09:45:00+00:00,gate_close,-0.0836858194688158,74.0,127.36,126.08,0.0,-0.01452575376884413,-0.01005025125628145,0.006424492385786795,-0.0015862944162436943
SOL/USDT,2025-12-22 08:31:00+00:00,2025-12-22 09:46:00+00:00,prob_floor,-0.0843858755627888,75.0,127.36,125.95,0.0,-0.01452575376884413,-0.011070979899497457,0.007463279078999685,-0.0005557761016277141
SOL/USDT,2025-12-22 08:31:00+00:00,2025-12-22 09:47:00+00:00,prob_floor,-0.0794854830919407,76.0,127.36,125.94,0.0,-0.01452575376884413,-0.01114949748743721,0.007543274575194658,-0.0004764173415912065
SOL/USDT,2025-12-22 08:31:00+00:00,2025-12-22 09:48:00+00:00,prob_floor,-0.0780853710374928,77.0,127.36,126.0,0.0,-0.01452575376884413,-0.010678391959799027,0.007063492063491994,-0.0009523809523810378
SOL/USDT,2025-12-22 08:31:00+00:00,2025-12-22 09:49:00+00:00,prob_floor,-0.0808855951819648,78.0,127.36,126.0,0.0,-0.01452575376884413,-0.010678391959799027,0.007063492063491994,-0.0009523809523810378
SOL/USDT,2025-12-22 08:31:00+00:00,2025-12-22 09:50:00+00:00,prob_floor,-0.0773853150236044,79.0,127.36,125.98,0.0,-0.01452575376884413,-0.01083542713567831,0.007223368788696671,-0.000793776789966727
SOL/USDT,2025-12-22 08:31:00+00:00,2025-12-22 09:51:00+00:00,trailing_prob_drop,-0.074585091056911,80.0,127.36,126.05,0.0,-0.01452575376884413,-0.010285804020100486,0.006664022213407339,-0.0013486711622372471
SOL/USDT,2025-12-22 08:31:00+00:00,2025-12-22 09:52:00+00:00,trailing_prob_drop,-0.074585091056911,81.0,127.36,126.07,0.0,-0.01452575376884413,-0.010128768844221203,0.006504322995161571,-0.0015070992305861175
SOL/USDT,2025-12-22 08:31:00+00:00,2025-12-22 09:53:00+00:00,trailing_prob_drop,-0.074585091056911,82.0,127.36,126.09,0.0,-0.01452575376884413,-0.009971733668341698,0.006344674438892861,-0.0016654770402094732
SOL/USDT,2025-12-22 08:31:00+00:00,2025-12-22 09:54:00+00:00,trailing_prob_drop,-0.0731849791268475,83.0,127.36,126.07,0.0,-0.01452575376884413,-0.010128768844221203,0.006504322995161571,-0.0015070992305861175
SOL/USDT,2025-12-22 08:31:00+00:00,2025-12-22 09:55:00+00:00,trailing_prob_drop,-0.0612840291529705,84.0,127.36,126.1,0.0,-0.01452575376884413,-0.009893216080402056,0.006264869151467067,-0.0017446471054718415
SOL/USDT,2025-12-22 08:31:00+00:00,2025-12-22 09:56:00+00:00,gate_close,-0.0549835272604965,85.0,127.36,126.29,0.0,-0.01452575376884413,-0.008401381909547645,0.004750969989706144,-0.0032464961596326836
SOL/USDT,2025-12-22 08:31:00+00:00,2025-12-22 09:57:00+00:00,gate_close,-0.0675845317614422,86.0,127.36,126.35,0.0,-0.01452575376884413,-0.007930276381909573,0.004273842500989389,-0.0037198258804906903
SOL/USDT,2025-12-22 08:31:00+00:00,2025-12-22 09:58:00+00:00,gate_close,-0.0640842524460289,87.0,127.36,126.18,0.0,-0.01452575376884413,-0.009265075376884369,0.005626882231732466,-0.002377555872563053
SOL/USDT,2025-12-22 08:31:00+00:00,2025-12-22 09:59:00+00:00,trailing_prob_drop,-0.068284587651092,88.0,127.36,126.22,0.0,-0.01452575376884413,-0.00895100502512558,0.005308192045634597,-0.00269370939629221
SOL/USDT,2025-12-22 08:31:00+00:00,2025-12-22 10:00:00+00:00,gate_close,-0.0780853710374928,89.0,127.36,126.15,0.0,-0.01452575376884413,-0.009500628140703515,0.005866032500990936,-0.0021403091557670173
SOL/USDT,2025-12-22 08:31:00+00:00,2025-12-22 10:01:00+00:00,time_limit,-0.0745793999999994,90.0,127.36,126.06,0.0,-0.01452575376884413,-0.010207286432160734,0.006584166270030112,-0.0014278914802475784
SOL/USDT,2025-12-22 10:02:00+00:00,2025-12-22 10:02:00+00:00,cooldown_after_loss,0.0,,126.07,126.07,0.006504322995161571,-0.0015070992305861175,0.0,0.006504322995161571,-0.0015070992305861175
SOL/USDT,2025-12-22 10:03:00+00:00,2025-12-22 10:03:00+00:00,cooldown_after_loss,0.0,,126.07,126.07,0.006504322995161571,-0.0015070992305861175,0.0,0.006504322995161571,-0.0015070992305861175
SOL/USDT,2025-12-22 10:05:00+00:00,2025-12-22 10:05:00+00:00,cooldown_after_loss,0.0,,125.97,125.97,0.007303326188775161,0.0,0.0,0.007303326188775161,0.0
SOL/USDT,2025-12-22 10:08:00+00:00,2025-12-22 10:08:00+00:00,dry_run,0.0,,126.03,126.03,0.00682377211774976,0.0,0.0,0.00682377211774976,0.0
SOL/USDT,2025-12-22 10:08:00+00:00,2025-12-22 10:11:00+00:00,prob_floor,-0.0059656498909207,3.0,126.03,126.04,0.00682377211774976,0.0,7.934618741578525e-05,0.0067438908283083965,0.0
SOL/USDT,2025-12-22 10:08:00+00:00,2025-12-22 10:12:00+00:00,prob_floor,0.0059352932065755,4.0,126.03,126.06,0.00682377211774976,0.0,0.0002380385622471337,0.006584166270030112,0.0
SOL/USDT,2025-12-22 10:08:00+00:00,2025-12-22 10:13:00+00:00,gate_close,0.0059345999999999,5.0,126.03,126.22,0.00682377211774976,0.0,0.0015075775608981434,0.005308192045634597,-0.0012676279511962818
SOL/USDT,2025-12-22 10:14:00+00:00,2025-12-22 10:14:00+00:00,cooldown_after_exit,0.0,,126.23,126.23,0.005228551057593345,-0.0003168818822784081,0.0,0.005228551057593345,-0.0003168818822784081
SOL/USDT,2025-12-22 10:17:00+00:00,2025-12-22 10:17:00+00:00,dry_run,0.0,,126.44,126.44,0.0035590003163556982,-0.00031635558367604233,0.0,0.0035590003163556982,-0.00031635558367604233
SOL/USDT,2025-12-22 10:17:00+00:00,2025-12-22 10:18:00+00:00,gate_close,-0.002471532341854,1.0,126.44,126.53,0.0035590003163556982,-0.00031635558367604233,0.0007118000632710952,0.0028451750572986434,-0.0011064569667272872
SOL/USDT,2025-12-22 10:17:00+00:00,2025-12-22 10:20:00+00:00,gate_close,-0.0115722521646966,3.0,126.44,126.45,0.0035590003163556982,-0.00031635558367604233,7.908889591901058e-05,0.003479636219849702,-0.0004744958481613937
SOL/USDT,2025-12-22 10:17:00+00:00,2025-12-22 10:26:00+00:00,gate_close,0.0052284399999996,9.0,126.44,126.64,0.0035590003163556982,-0.00031635558367604233,0.0015817779183802116,0.0019740998104864627,-0.0019740998104864627
SOL/USDT,2025-12-22 10:27:00+00:00,2025-12-22 10:27:00+00:00,cooldown_after_exit,0.0,,126.6,126.6,0.0022906793048973473,-0.0016587677725118377,0.0,0.0022906793048973473,-0.0016587677725118377
SOL/USDT,2025-12-22 10:28:00+00:00,2025-12-22 10:28:00+00:00,dry_run,0.0,,126.61,126.61,0.0022115156780664336,-0.0017376194613379914,0.0,0.0022115156780664336,-0.0017376194613379914
SOL/USDT,2025-12-22 10:28:00+00:00,2025-12-22 10:30:00+00:00,take_profit,0.008029296387386,2.0,126.61,126.66,0.0022115156780664336,-0.0017376194613379914,0.000394913513940498,0.001815885046581478,-0.002131691141639025
SOL/USDT,2025-12-22 10:28:00+00:00,2025-12-22 10:32:00+00:00,take_profit,0.008029296387386,4.0,126.61,126.64,0.0022115156780664336,-0.0017376194613379914,0.00023694810836438762,0.0019740998104864627,-0.0019740998104864627
SOL/USDT,2025-12-22 10:28:00+00:00,2025-12-22 10:33:00+00:00,take_profit,0.00802844,5.0,126.61,126.69,0.0022115156780664336,-0.0017376194613379914,0.0006318616223046636,0.0017365222195910857,-0.0023679848448969754
SOL/USDT,2025-12-22 10:34:00+00:00,2025-12-22 10:34:00+00:00,cooldown_after_exit,0.0,,126.67,126.67,0.0022104681455750175,-0.0022104681455751285,0.0,0.0022104681455750175,-0.0022104681455751285
SOL/USDT,2025-12-22 10:35:00+00:00,2025-12-22 10:35:00+00:00,dry_run,0.0,,126.7,126.7,0.0021310181531175587,-0.0024467245461721188,0.0,0.0021310181531175587,-0.0024467245461721188
SOL/USDT,2025-12-22 10:35:00+00:00,2025-12-22 10:40:00+00:00,gate_close,-0.005975448510907,5.0,126.7,126.75,0.0021310181531175587,-0.0024467245461721188,0.00039463299131803353,0.0033925049309664335,-0.0028402366863905515
SOL/USDT,2025-12-22 10:35:00+00:00,2025-12-22 10:46:00+00:00,gate_close,-0.0031752276036108,11.0,126.7,126.72,0.0021310181531175587,-0.0024467245461721188,0.000157853196527169,0.0036300505050506082,-0.0026041666666666297
SOL/USDT,2025-12-22 10:35:00+00:00,2025-12-22 10:51:00+00:00,trailing_prob_drop,-0.007375559016845,16.0,126.7,126.75,0.0021310181531175587,-0.0024467245461721188,0.00039463299131803353,0.005285996055226727,-0.0028402366863905515
SOL/USDT,2025-12-22 10:35:00+00:00,2025-12-22 10:58:00+00:00,prob_floor,-0.0087756695576693,23.0,126.7,126.7,0.0021310181531175587,-0.0024467245461721188,0.0,0.005682715074980305,-0.0024467245461721188
SOL/USDT,2025-12-22 10:35:00+00:00,2025-12-22 10:59:00+00:00,prob_floor,-0.0080756142828962,24.0,126.7,126.7,0.0021310181531175587,-0.0024467245461721188,0.0,0.005682715074980305,-0.0024467245461721188
SOL/USDT,2025-12-22 10:35:00+00:00,2025-12-22 11:00:00+00:00,prob_floor,-0.007375559016845,25.0,126.7,126.72,0.0021310181531175587,-0.0024467245461721188,0.000157853196527169,0.005523989898989834,-0.0026041666666666297
SOL/USDT,2025-12-22 10:35:00+00:00,2025-12-22 11:01:00+00:00,gate_close,-0.0094757248411654,26.0,126.7,126.74,0.0021310181531175587,-0.0024467245461721188,0.000315706393054338,0.005365314817737055,-0.002761559097364641
SOL/USDT,2025-12-22 10:35:00+00:00,2025-12-22 11:02:00+00:00,prob_floor,-0.0122759460624485,27.0,126.7,126.71,0.0021310181531175587,-0.0024467245461721188,7.892659826347348e-05,0.0056033462236604326,-0.002525451819114455
SOL/USDT,2025-12-22 10:35:00+00:00,2025-12-22 11:04:00+00:00,trailing_prob_drop,-0.0122759460624485,29.0,126.7,126.7,0.0021310181531175587,-0.0024467245461721188,0.0,0.005682715074980305,-0.0024467245461721188
SOL/USDT,2025-12-22 10:35:00+00:00,2025-12-22 11:05:00+00:00,trailing_prob_drop,-0.0094757248411654,30.0,126.7,126.66,0.0021310181531175587,-0.0024467245461721188,-0.00031570639305456005,0.006000315806095058,-0.002131691141639025
SOL/USDT,2025-12-22 10:35:00+00:00,2025-12-22 11:06:00+00:00,trailing_prob_drop,-0.0094757248411654,31.0,126.7,126.7,0.0021310181531175587,-0.0024467245461721188,0.0,0.005682715074980305,-0.0024467245461721188
SOL/USDT,2025-12-22 10:35:00+00:00,2025-12-22 11:08:00+00:00,gate_close,-0.0052753932710121,33.0,126.7,126.75,0.0021310181531175587,-0.0024467245461721188,0.00039463299131803353,0.005285996055226727,-0.0028402366863905515
SOL/USDT,2025-12-22 10:35:00+00:00,2025-12-22 11:12:00+00:00,trailing_prob_drop,-0.01157589074403,37.0,126.7,126.66,0.0021310181531175587,-0.0024467245461721188,-0.00031570639305456005,0.006000315806095058,-0.002131691141639025
SOL/USDT,2025-12-22 10:35:00+00:00,2025-12-22 11:16:00+00:00,prob_floor,-0.01157589074403,41.0,126.7,126.69,0.0021310181531175587,-0.0024467245461721188,-7.892659826369552e-05,0.005762096455915966,-0.0023679848448969754
SOL/USDT,2025-12-22 10:35:00+00:00,2025-12-22 11:17:00+00:00,prob_floor,-0.0276771652813479,42.0,126.7,126.43,0.0021310181531175587,-0.0024467245461721188,-0.0021310181531175587,0.007830419995254356,-0.0003163806058689156
SOL/USDT,2025-12-22 10:35:00+00:00,2025-12-22 11:18:00+00:00,prob_floor,-0.024176887813748,43.0,126.7,126.44,0.0021310181531175587,-0.0024467245461721188,-0.002052091554853974,0.007750711800063259,-0.0003954444795950529
SOL/USDT,2025-12-22 10:35:00+00:00,2025-12-22 11:20:00+00:00,prob_floor,-0.0213766659975501,45.0,126.7,126.5,0.0021310181531175587,-0.0024467245461721188,-0.0015785319652723562,0.0072727272727273196,0.0
SOL/USDT,2025-12-22 10:35:00+00:00,2025-12-22 11:21:00+00:00,trailing_prob_drop,-0.0185764443215491,46.0,126.7,126.59,0.0021310181531175587,-0.0024467245461721188,-0.0008681925808997626,0.00655660004739711,-7.899518129395044e-05
SOL/USDT,2025-12-22 10:35:00+00:00,2025-12-22 11:22:00+00:00,prob_floor,-0.0136760567254926,47.0,126.7,126.58,0.0021310181531175587,-0.0024467245461721188,-0.0009471191791634581,0.006873123716226948,0.0
SOL/USDT,2025-12-22 10:35:00+00:00,2025-12-22 11:23:00+00:00,trailing_prob_drop,-0.0171763335360785,48.0,126.7,126.64,0.0021310181531175587,-0.0024467245461721188,-0.00047355958958172906,0.00639608338597597,-0.0003948199620972259
SOL/USDT,2025-12-22 10:35:00+00:00,2025-12-22 11:24:00+00:00,trailing_prob_drop,-0.0164762781564714,49.0,126.7,126.6,0.0021310181531175587,-0.0024467245461721188,-0.0007892659826361781,0.006714060031595581,-7.898894154811931e-05
SOL/USDT,2025-12-22 10:35:00+00:00,2025-12-22 11:25:00+00:00,prob_floor,-0.01157589074403,50.0,126.7,126.59,0.0021310181531175587,-0.0024467245461721188,-0.0008681925808997626,0.00679358559127885,0.0
SOL/USDT,2025-12-22 10:35:00+00:00,2025-12-22 11:26:00+00:00,trailing_prob_drop,-0.0010750620145876,51.0,126.7,126.68,0.0021310181531175587,-0.0024467245461721188,-0.000157853196527169,0.006078307546574013,0.0
SOL/USDT,2025-12-22 10:35:00+00:00,2025-12-22 11:27:00+00:00,gate_close,-0.0045753380398347,52.0,126.7,126.82,0.0021310181531175587,-0.0024467245461721188,0.0009471191791632361,0.004967670714398409,-0.0011039268254217083
SOL/USDT,2025-12-22 10:35:00+00:00,2025-12-22 11:34:00+00:00,take_profit,0.0108248000000004,59.0,126.7,126.94,0.0021310181531175587,-0.0024467245461721188,0.0018942383583266942,0.005435638884512262,-0.0014967701276192846
SOL/USDT,2025-12-22 11:35:00+00:00,2025-12-22 11:35:00+00:00,cooldown_after_exit,0.0,,126.97,126.97,0.005198078286209329,-0.0017326927620697763,0.0,0.005198078286209329,-0.0017326927620697763
SOL/USDT,2025-12-22 11:39:00+00:00,2025-12-22 11:39:00+00:00,dry_run,0.0,,126.93,126.93,0.005514850705113039,-0.0014181044670291687,0.0,0.005514850705113039,-0.0014181044670291687
SOL/USDT,2025-12-22 11:39:00+00:00,2025-12-22 11:40:00+00:00,gate_close,-0.0024785324507058,1.0,126.93,127.01,0.005514850705113039,-0.0014181044670291687,0.0006302686520129885,0.004881505393276031,-0.0020470829068577334
SOL/USDT,2025-12-22 11:39:00+00:00,2025-12-22 11:43:00+00:00,gate_close,-0.0010784222752131,4.0,126.93,126.99,0.005514850705113039,-0.0014181044670291687,0.00047270148900957487,0.005039766910780452,-0.0018899125915425863
SOL/USDT,2025-12-22 11:39:00+00:00,2025-12-22 11:46:00+00:00,take_profit,0.0122214399999992,7.0,126.93,127.13,0.005514850705113039,-0.0014181044670291687,0.0015756716300321383,0.003932981986942474,-0.002989066310076227
SOL/USDT,2025-12-22 11:47:00+00:00,2025-12-22 11:47:00+00:00,cooldown_after_exit,0.0,,127.16,127.16,0.003696130858760638,-0.003224284366152852,0.0,0.003696130858760638,-0.003224284366152852
SOL/USDT,2025-12-22 11:50:00+00:00,2025-12-22 11:50:00+00:00,dry_run,0.0,,127.17,127.17,0.0036172053157190742,-0.0033026657230479373,0.0,0.0036172053157190742,-0.0033026657230479373
SOL/USDT,2025-12-22 11:50:00+00:00,2025-12-22 11:56:00+00:00,gate_close,-0.0024799324723744,6.0,127.17,127.18,0.0036172053157190742,-0.0033026657230479373,7.863489816783975e-05,0.0035382921843056803,-0.003381034753892176
SOL/USDT,2025-12-22 11:50:00+00:00,2025-12-22 12:00:00+00:00,trailing_prob_drop,-0.0115806488950114,10.0,127.17,127.04,0.0036172053157190742,-0.0033026657230479373,-0.0010222536761814727,0.004644206549118346,-0.002282745591939639
SOL/USDT,2025-12-22 11:50:00+00:00,2025-12-22 12:01:00+00:00,trailing_prob_drop,-0.0122807040651946,11.0,127.17,127.02,0.0036172053157190742,-0.0033026657230479373,-0.0011795234725171522,0.0048023933238861005,-0.002125649504015059
SOL/USDT,2025-12-22 11:50:00+00:00,2025-12-22 12:02:00+00:00,prob_floor,-0.0073803180562668,12.0,127.17,127.01,0.0036172053157190742,-0.0033026657230479373,-0.001258158370684881,0.004881505393276031,-0.0020470829068577334
SOL/USDT,2025-12-22 11:50:00+00:00,2025-12-22 12:03:00+00:00,prob_floor,-0.0031799875297918,13.0,127.17,127.08,0.0036172053157190742,-0.0033026657230479373,-0.0007077140835103357,0.004327982373308226,-0.002596789423984891
SOL/USDT,2025-12-22 11:50:00+00:00,2025-12-22 12:04:00+00:00,trailing_prob_drop,-0.0094804834365765,14.0,127.17,127.1,0.0036172053157190742,-0.0033026657230479373,-0.0005504442871746562,0.004169944925255686,-0.0027537372147914407
SOL/USDT,2025-12-22 11:50:00+00:00,2025-12-22 12:05:00+00:00,trailing_prob_drop,-0.0108805937335177,15.0,127.17,127.04,0.0036172053157190742,-0.0033026657230479373,-0.0010222536761814727,0.004644206549118346,-0.002282745591939639
SOL/USDT,2025-12-22 11:50:00+00:00,2025-12-22 12:06:00+00:00,trailing_prob_drop,-0.0108805937335177,16.0,127.17,127.03,0.0036172053157190742,-0.0033026657230479373,-0.0011008885743493124,0.004723293710147125,-0.0022042037314020657
SOL/USDT,2025-12-22 11:50:00+00:00,2025-12-22 12:07:00+00:00,trailing_prob_drop,-0.0045800976706136,17.0,127.17,127.04,0.0036172053157190742,-0.0033026657230479373,-0.0010222536761814727,0.004644206549118346,-0.002991183879093251
SOL/USDT,2025-12-22 11:50:00+00:00,2025-12-22 12:08:00+00:00,trailing_prob_drop,-0.0115806488950114,18.0,127.17,127.04,0.0036172053157190742,-0.0033026657230479373,-0.0010222536761814727,0.004644206549118346,-0.002991183879093251
SOL/USDT,2025-12-22 11:50:00+00:00,2025-12-22 12:09:00+00:00,prob_floor,-0.0248816986162043,19.0,127.17,127.04,0.0036172053157190742,-0.0033026657230479373,-0.0010222536761814727,0.004644206549118346,-0.002991183879093251
SOL/USDT,2025-12-22 11:50:00+00:00,2025-12-22 12:10:00+00:00,prob_floor,-0.0248816986162043,20.0,127.17,126.82,0.0036172053157190742,-0.0033026657230479373,-0.002752221435873281,0.006387005204226526,-0.001261630657624968
SOL/USDT,2025-12-22 11:50:00+00:00,2025-12-22 12:11:00+00:00,prob_floor,-0.0150809248328287,21.0,127.17,126.83,0.0036172053157190742,-0.0033026657230479373,-0.0026735865377054413,0.006307655917369592,-0.0013403768824410411
SOL/USDT,2025-12-22 11:50:00+00:00,2025-12-22 12:12:00+00:00,prob_floor,-0.00878042830113,22.0,127.17,126.96,0.0036172053157190742,-0.0033026657230479373,-0.0016513328615239686,0.005277252678008937,-0.0023629489603024245
SOL/USDT,2025-12-22 11:50:00+00:00,2025-12-22 12:13:00+00:00,trailing_prob_drop,-0.0108805937335177,23.0,127.17,127.05,0.0036172053157190742,-0.0033026657230479373,-0.0009436187780137439,0.0045651318378590044,-0.0030696576151121313
SOL/USDT,2025-12-22 11:50:00+00:00,2025-12-22 12:16:00+00:00,gate_close,0.0045200400000002,26.0,127.17,127.11,0.0036172053157190742,-0.0033026657230479373,-0.00047180938900681646,0.004090944850916545,-0.0035402407363700483
SOL/USDT,2025-12-22 12:17:00+00:00,2025-12-22 12:17:00+00:00,cooldown_after_exit,0.0,,127.15,127.15,0.0037750688163584734,-0.0038537160833661543,0.0,0.0037750688163584734,-0.0038537160833661543
SOL/USDT,2025-12-22 12:18:00+00:00,2025-12-22 12:18:00+00:00,dry_run,0.0,,127.23,127.23,0.003143912599229637,-0.004480075453902388,0.0,0.003143912599229637,-0.004480075453902388
SOL/USDT,2025-12-22 12:18:00+00:00,2025-12-22 12:20:00+00:00,gate_close,0.0031193873814849,2.0,127.23,127.25,0.003143912599229637,-0.004480075453902388,0.00015719562996152625,0.002986247544204179,-0.0046365422396856815
SOL/USDT,2025-12-22 12:18:00+00:00,2025-12-22 12:21:00+00:00,take_profit,0.0101199364436257,3.0,127.23,127.3,0.003143912599229637,-0.004480075453902388,0.0005501847048652309,0.0025923016496465223,-0.005027494108405306
SOL/USDT,2025-12-22 12:18:00+00:00,2025-12-22 12:22:00+00:00,gate_close,0.0031193873814849,4.0,127.23,127.44,0.003143912599229637,-0.004480075453902388,0.0016505541145954705,0.001490897677338232,-0.006120527306967993
SOL/USDT,2025-12-22 12:18:00+00:00,2025-12-22 12:23:00+00:00,gate_close,-0.0024810524896839,5.0,127.23,127.3,0.003143912599229637,-0.004480075453902388,0.0005501847048652309,0.0025923016496465223,-0.005027494108405306
SOL/USDT,2025-12-22 12:18:00+00:00,2025-12-22 12:26:00+00:00,gate_close,-0.0010809424700387,8.0,127.23,127.23,0.003143912599229637,-0.004480075453902388,0.0,0.003143912599229637,-0.004480075453902388
SOL/USDT,2025-12-22 12:18:00+00:00,2025-12-22 12:29:00+00:00,take_profit,0.0087189200000004,11.0,127.23,127.27,0.003143912599229637,-0.004480075453902388,0.00031439125992283046,0.0028286320421151423,-0.004792959849139633
SOL/USDT,2025-12-22 12:53:00+00:00,2025-12-22 12:53:00+00:00,dry_run,0.0,,126.93,126.93,0.000866619396517665,-0.0040967462380840924,0.0,0.000866619396517665,-0.0040967462380840924
SOL/USDT,2025-12-22 12:53:00+00:00,2025-12-22 12:56:00+00:00,gate_close,0.005924509003503,3.0,126.93,126.94,0.000866619396517665,-0.0040967462380840924,7.878358150148479e-05,0.0011028832519299758,-0.004175200882306607
SOL/USDT,2025-12-22 12:53:00+00:00,2025-12-22 12:57:00+00:00,take_profit,0.007324619118215,4.0,126.93,126.97,0.000866619396517665,-0.0040967462380840924,0.00031513432600638325,0.0008663463810347771,-0.004410490667086764
SOL/USDT,2025-12-22 12:53:00+00:00,2025-12-22 13:02:00+00:00,take_profit,0.0101238200000001,9.0,126.93,126.99,0.000866619396517665,-0.0040967462380840924,0.00047270148900957487,0.000787463579809522,-0.0045672887628946945
SOL/USDT,2025-12-22 13:03:00+00:00,2025-12-22 13:03:00+00:00,cooldown_after_exit,0.0,,127.03,127.03,0.0007084940565220688,-0.004880736833818844,0.0,0.0007084940565220688,-0.004880736833818844
SOL/USDT,2025-12-22 13:06:00+00:00,2025-12-22 13:06:00+00:00,dry_run,0.0,,126.99,126.99,0.0028348688873138794,-0.0045672887628946945,0.0,0.0028348688873138794,-0.0045672887628946945
SOL/USDT,2025-12-22 13:06:00+00:00,2025-12-22 13:07:00+00:00,prob_floor,-0.0045736581706204,1.0,126.99,126.66,0.0028348688873138794,-0.0045672887628946945,-0.0025986298133711117,0.005447655139744212,-0.001973788094110196
SOL/USDT,2025-12-22 13:06:00+00:00,2025-12-22 13:08:00+00:00,prob_floor,0.0052271148830795,2.0,126.99,126.66,0.0028348688873138794,-0.0045672887628946945,-0.0025986298133711117,0.005447655139744212,-0.001973788094110196
SOL/USDT,2025-12-22 13:06:00+00:00,2025-12-22 13:09:00+00:00,prob_floor,0.0010267837834856,3.0,126.99,126.68,0.0028348688873138794,-0.0045672887628946945,-0.0024411370974091184,0.00528891695610989,-0.0021313545942532874
SOL/USDT,2025-12-22 13:06:00+00:00,2025-12-22 13:10:00+00:00,prob_floor,0.0052271148830795,4.0,126.99,126.74,0.0028348688873138794,-0.0045672887628946945,-0.001968658949523583,0.00481300299826426,-0.0026037557203724138
SOL/USDT,2025-12-22 13:06:00+00:00,2025-12-22 13:11:00+00:00,prob_floor,-0.0017734371238022,5.0,126.99,126.81,0.0028348688873138794,-0.0045672887628946945,-0.0014174344436569397,0.004258339247693366,-0.003154325368661781
SOL/USDT,2025-12-22 13:06:00+00:00,2025-12-22 13:12:00+00:00,prob_floor,-0.0017734371238022,6.0,126.99,126.69,0.0028348688873138794,-0.0045672887628946945,-0.002362390739428233,0.005209566658773257,-0.002210119188570503
SOL/USDT,2025-12-22 13:06:00+00:00,2025-12-22 13:13:00+00:00,prob_floor,0.0045264799999992,7.0,126.99,126.69,0.0028348688873138794,-0.0045672887628946945,-0.002362390739428233,0.005209566658773257,-0.002210119188570503
SOL/USDT,2025-12-22 13:22:00+00:00,2025-12-22 13:22:00+00:00,dry_run,0.0,,126.71,126.71,0.006708231394523034,-0.002367611080419829,0.0,0.006708231394523034,-0.002367611080419829
SOL/USDT,2025-12-22 13:22:00+00:00,2025-12-22 13:28:00+00:00,take_profit,0.0087260600000004,6.0,126.71,126.71,0.006708231394523034,-0.002367611080419829,0.0,0.006708231394523034,-0.002367611080419829
SOL/USDT,2025-12-22 13:31:00+00:00,2025-12-22 13:31:00+00:00,dry_run,0.0,,126.79,126.79,0.006073034150958279,-0.0029970817887846612,0.0,0.006073034150958279,-0.0029970817887846612
SOL/USDT,2025-12-22 13:31:00+00:00,2025-12-22 13:38:00+00:00,prob_floor,-0.0192780385987764,7.0,126.79,126.62,0.006073034150958279,-0.0029970817887846612,-0.0013407997476141409,0.012636234402148006,-0.0016585057652820367
SOL/USDT,2025-12-22 13:31:00+00:00,2025-12-22 13:40:00+00:00,prob_floor,-0.0234783709284051,9.0,126.79,126.6,0.006073034150958279,-0.0029970817887846612,-0.0014985408943923861,0.012796208530805764,-0.001500789889415488
SOL/USDT,2025-12-22 13:31:00+00:00,2025-12-22 13:43:00+00:00,prob_floor,-0.0367794253865928,12.0,126.79,126.42,0.006073034150958279,-0.0029970817887846612,-0.002918211215395594,0.01423825344091112,-7.910140800515553e-05
SOL/USDT,2025-12-22 13:31:00+00:00,2025-12-22 13:44:00+00:00,prob_floor,-0.0241784263473011,13.0,126.79,126.41,0.006073034150958279,-0.0029970817887846612,-0.0029970817887846612,0.014318487461435048,0.0
SOL/USDT,2025-12-22 13:31:00+00:00,2025-12-22 13:45:00+00:00,prob_floor,-0.0234783709284051,14.0,126.79,126.6,0.006073034150958279,-0.0029970817887846612,-0.0014985408943923861,0.012796208530805764,-0.0006319115323853985
SOL/USDT,2025-12-22 13:31:00+00:00,2025-12-22 13:46:00+00:00,prob_floor,-0.0206781493403327,15.0,126.79,126.64,0.006073034150958279,-0.0029970817887846612,-0.0011830586008361177,0.012476310802274071,-0.0006317119393556281
SOL/USDT,2025-12-22 13:31:00+00:00,2025-12-22 13:47:00+00:00,prob_floor,-0.0234783709284051,16.0,126.79,126.66,0.006073034150958279,-0.0029970817887846612,-0.0010253174540579835,0.012316437707247774,-0.000552660666350846
SOL/USDT,2025-12-22 13:31:00+00:00,2025-12-22 13:51:00+00:00,gate_close,-0.0122774854151059,20.0,126.79,126.78,0.006073034150958279,-0.0029970817887846612,-7.887057338906711e-05,0.011358258400378629,-0.0014986590944944256
SOL/USDT,2025-12-22 13:31:00+00:00,2025-12-22 13:54:00+00:00,gate_close,0.0045232600000002,23.0,126.79,126.88,0.006073034150958279,-0.0029970817887846612,0.000709835160501493,0.010561160151324023,-0.002285624211853632
SOL/USDT,2025-12-22 13:56:00+00:00,2025-12-22 13:56:00+00:00,dry_run,0.0,,127.03,127.03,0.009367865858458613,-0.0034637487207745954,0.0,0.009367865858458613,-0.0034637487207745954
SOL/USDT,2025-12-22 13:56:00+00:00,2025-12-22 14:04:00+00:00,take_profit,0.0122214399999992,8.0,127.03,127.21,0.009367865858458613,-0.0034637487207745954,0.0014169881130441375,0.007939627387784087,-0.004873830673689072
SOL/USDT,2025-12-22 14:07:00+00:00,2025-12-22 14:07:00+00:00,dry_run,0.0,,127.23,127.23,0.007781183683093662,-0.005030260158767619,0.0,0.007781183683093662,-0.005030260158767619
SOL/USDT,2025-12-22 14:07:00+00:00,2025-12-22 14:09:00+00:00,gate_close,-0.015082143640658,2.0,127.23,127.03,0.007781183683093662,-0.005030260158767619,-0.0015719562996149294,0.01086357553333861,-0.0034637487207745954
SOL/USDT,2025-12-22 14:07:00+00:00,2025-12-22 14:15:00+00:00,take_profit,0.0108196199999994,8.0,127.23,127.2,0.007781183683093662,-0.005030260158767619,-0.00023579344494228938,0.011792452830188482,-0.004795597484276715
SOL/USDT,2025-12-22 14:17:00+00:00,2025-12-22 14:17:00+00:00,dry_run,0.0,,127.42,127.42,0.010045518756866878,-0.006513891068905986,0.0,0.010045518756866878,-0.006513891068905986
SOL/USDT,2025-12-22 14:17:00+00:00,2025-12-22 14:18:00+00:00,gate_close,-0.0017847776502882,1.0,127.42,127.49,0.010045518756866878,-0.006513891068905986,0.0005493643070160203,0.009490940465918918,-0.007059377206055317
SOL/USDT,2025-12-22 14:17:00+00:00,2025-12-22 14:21:00+00:00,gate_close,-0.0101854369910118,4.0,127.42,127.38,0.010045518756866878,-0.006513891068905986,-0.0003139224611521385,0.010362694300518172,-0.006201915528340374
SOL/USDT,2025-12-22 14:17:00+00:00,2025-12-22 14:24:00+00:00,gate_close,0.00031514,7.0,127.42,127.24,0.010045518756866878,-0.006513891068905986,-0.0014126510751845123,0.011474379126060974,-0.005108456460232613
SOL/USDT,2025-12-22 14:26:00+00:00,2025-12-22 14:26:00+00:00,dry_run,0.0,,127.48,127.48,0.009570128647630849,-0.006981487292124222,0.0,0.009570128647630849,-0.006981487292124222
SOL/USDT,2025-12-22 14:26:00+00:00,2025-12-22 14:30:00+00:00,gate_close,-0.0045849972925905,4.0,127.48,127.42,0.009570128647630849,-0.006981487292124222,-0.00047066206463763915,0.010045518756866878,-0.006513891068905986
SOL/USDT,2025-12-22 14:26:00+00:00,2025-12-22 14:31:00+00:00,take_profit,0.0283151400000004,5.0,127.48,127.46,0.009570128647630849,-0.006981487292124222,-0.00015688735487928707,0.00972854228777642,-0.006825670798681904
SOL/USDT,2025-12-22 14:58:00+00:00,2025-12-22 14:58:00+00:00,dry_run,0.0,,127.83,127.83,0.00680591410467013,-0.009543925526089292,0.0,0.00680591410467013,-0.009543925526089292
SOL/USDT,2025-12-22 14:58:00+00:00,2025-12-22 15:00:00+00:00,gate_close,-0.0199912439912232,2.0,127.83,127.87,0.00680591410467013,-0.009543925526089292,0.00031291559101931377,0.006490967388754099,-0.009853757722687151
SOL/USDT,2025-12-22 14:58:00+00:00,2025-12-22 15:01:00+00:00,gate_close,-0.0066902012637412,3.0,127.83,127.61,0.00680591410467013,-0.009543925526089292,-0.0017210357506062257,0.00854165034088239,-0.007836376459525063
SOL/USDT,2025-12-22 14:58:00+00:00,2025-12-22 15:02:00+00:00,gate_close,0.0010104010046533,4.0,127.83,127.79,0.00680591410467013,-0.009543925526089292,-0.00031291559101931377,0.007121057985757684,-0.009233899366147602
SOL/USDT,2025-12-22 14:58:00+00:00,2025-12-22 15:03:00+00:00,take_profit,0.0094100999999997,5.0,127.83,127.9,0.00680591410467013,-0.009543925526089292,0.0005476022842838546,0.006254886630179701,-0.010086004691165051
SOL/USDT,2025-12-22 15:05:00+00:00,2025-12-22 15:05:00+00:00,dry_run,0.0,,128.06,128.06,0.0049976573481178566,-0.011322817429330057,0.0,0.0049976573481178566,-0.011322817429330057
SOL/USDT,2025-12-22 15:05:00+00:00,2025-12-22 15:06:00+00:00,take_profit,0.0087080607603825,1.0,128.06,127.95,0.0049976573481178566,-0.011322817429330057,-0.0008589723567078433,0.0058616647127782695,-0.010472840953497431
SOL/USDT,2025-12-22 15:05:00+00:00,2025-12-22 15:07:00+00:00,take_profit,0.0108082242859932,2.0,128.06,128.22,0.0049976573481178566,-0.011322817429330057,0.0012494143370294086,0.0037435657463733563,-0.012556543440960799
SOL/USDT,2025-12-22 15:05:00+00:00,2025-12-22 15:08:00+00:00,take_profit,0.0192088776241487,3.0,128.06,128.25,0.0049976573481178566,-0.011322817429330057,0.0014836795252224366,0.0035087719298245723,-0.012787524366471792
SOL/USDT,2025-12-22 15:05:00+00:00,2025-12-22 15:09:00+00:00,take_profit,0.0360101806430057,4.0,128.06,128.41,0.0049976573481178566,-0.011322817429330057,0.0027330938622520673,0.002258391091036538,-0.014017599875399078
SOL/USDT,2025-12-22 15:05:00+00:00,2025-12-22 15:10:00+00:00,take_profit,0.0269071599999997,5.0,128.06,128.56,0.0049976573481178566,-0.011322817429330057,0.0039044198032172073,0.001088985687616617,-0.015168014934660912
SOL/USDT,2025-12-22 15:13:00+00:00,2025-12-22 15:13:00+00:00,dry_run,0.0,,127.86,127.86,0.0036758955107150104,-0.009776317847645877,0.0,0.0036758955107150104,-0.009776317847645877
SOL/USDT,2025-12-22 15:13:00+00:00,2025-12-22 15:14:00+00:00,prob_floor,0.0045134753199475,1.0,127.86,127.64,0.0036758955107150104,-0.009776317847645877,-0.0017206319411856574,0.005405828893763731,-0.008069570667502357
SOL/USDT,2025-12-22 15:13:00+00:00,2025-12-22 15:15:00+00:00,prob_floor,-0.0017870177534964,2.0,127.86,127.75,0.0036758955107150104,-0.009776317847645877,-0.0008603159705928842,0.004540117416829803,-0.00892367906066538
SOL/USDT,2025-12-22 15:13:00+00:00,2025-12-22 15:16:00+00:00,take_profit,0.0108139676991674,3.0,127.86,127.66,0.0036758955107150104,-0.009776317847645877,-0.0015642108556233048,0.005248315838947359,-0.008224972583424695
SOL/USDT,2025-12-22 15:13:00+00:00,2025-12-22 15:17:00+00:00,take_profit,0.0094138583414812,4.0,127.86,127.85,0.0036758955107150104,-0.009776317847645877,-7.821054278123185e-05,0.003754399687133425,-0.00969886585842783
SOL/USDT,2025-12-22 15:13:00+00:00,2025-12-22 15:18:00+00:00,take_profit,0.0129128999999995,5.0,127.86,127.82,0.0036758955107150104,-0.009776317847645877,-0.00031284217112470536,0.003989985917696837,-0.009466437177280462
SOL/USDT,2025-12-22 15:46:00+00:00,2025-12-22 15:46:00+00:00,dry_run,0.0,,127.02,127.02,0.010313336482443924,-0.000393638797039797,0.0,0.010313336482443924,-0.000393638797039797
SOL/USDT,2025-12-22 15:46:00+00:00,2025-12-22 15:49:00+00:00,take_profit,0.0073201371099851,3.0,127.02,127.21,0.010313336482443924,-0.000393638797039797,0.0014958274287513174,0.008804339281503148,-0.00023583051646869357
SOL/USDT,2025-12-22 15:46:00+00:00,2025-12-22 15:50:00+00:00,take_profit,0.0101203566830236,4.0,127.02,127.33,0.010313336482443924,-0.000393638797039797,0.0024405605416470966,0.007853608733213058,-0.001178041309981892
SOL/USDT,2025-12-22 15:46:00+00:00,2025-12-22 15:51:00+00:00,take_profit,0.0206193400000005,5.0,127.02,127.38,0.010313336482443924,-0.000393638797039797,0.0028341993386868936,0.007457999685979155,-0.0010990736379337118
SOL/USDT,2025-12-22 15:57:00+00:00,2025-12-22 15:57:00+00:00,dry_run,0.0,,128.2,128.2,0.0010140405616225756,-0.007878315132605285,0.0,0.0010140405616225756,-0.007878315132605285
SOL/USDT,2025-12-22 15:57:00+00:00,2025-12-22 15:58:00+00:00,gate_close,0.0059088229801369,1.0,128.2,127.99,0.0010140405616225756,-0.007878315132605285,-0.0016380655226208019,0.0026564575357450604,-0.006250488319399894
SOL/USDT,2025-12-22 15:57:00+00:00,2025-12-22 15:59:00+00:00,take_profit,0.0199099129805568,2.0,128.2,128.08,0.0010140405616225756,-0.007878315132605285,-0.0009360374414975059,0.001951905059337955,-0.006948782011243049
SOL/USDT,2025-12-22 15:57:00+00:00,2025-12-22 16:00:00+00:00,take_profit,0.0066088775609769,3.0,128.2,128.22,0.0010140405616225756,-0.007878315132605285,0.00015600624024969534,0.0008579004835440607,-0.008111059117142383
SOL/USDT,2025-12-22 15:57:00+00:00,2025-12-22 16:01:00+00:00,take_profit,0.0213100217937448,4.0,128.2,128.03,0.0010140405616225756,-0.007878315132605285,-0.0013260530421216332,0.0023432008123096537,-0.006717175661954178
SOL/USDT,2025-12-22 15:57:00+00:00,2025-12-22 16:02:00+00:00,take_profit,0.0206081400000005,5.0,128.2,128.33,0.0010140405616225756,-0.007878315132605285,0.0010140405616225756,0.0,-0.009195044027117683
SOL/USDT,2025-12-22 16:03:00+00:00,2025-12-22 16:03:00+00:00,cooldown_after_exit,0.0,,128.26,128.26,0.0005457664119759009,-0.009200062373304174,0.0,0.0005457664119759009,-0.009200062373304174
SOL/USDT,2025-12-22 16:08:00+00:00,2025-12-22 16:08:00+00:00,dry_run,0.0,,127.8,127.8,0.003912363067292812,-0.008920187793427181,0.0,0.003912363067292812,-0.008920187793427181
SOL/USDT,2025-12-22 16:08:00+00:00,2025-12-22 16:09:00+00:00,take_profit,0.0073118734336522,1.0,127.8,127.78,0.003912363067292812,-0.008920187793427181,-0.00015649452269161923,0.004069494443575072,-0.008765064955392088
SOL/USDT,2025-12-22 16:08:00+00:00,2025-12-22 16:10:00+00:00,take_profit,0.0143124195821141,2.0,127.8,127.93,0.003912363067292812,-0.008920187793427181,0.0010172143974962466,0.002892206675525699,-0.010239974986320677
SOL/USDT,2025-12-22 16:08:00+00:00,2025-12-22 16:11:00+00:00,take_profit,0.0101120919954666,3.0,127.8,128.0,0.003912363067292812,-0.008920187793427181,0.0015649452269170805,0.002343750000000089,-0.011328125000000022
SOL/USDT,2025-12-22 16:08:00+00:00,2025-12-22 16:12:00+00:00,take_profit,0.0108121466145726,4.0,127.8,127.94,0.003912363067292812,-0.008920187793427181,0.0010954616588418897,0.0028138189776458766,-0.010864467719243431
SOL/USDT,2025-12-22 16:08:00+00:00,2025-12-22 16:13:00+00:00,take_profit,0.00801108,5.0,127.8,127.97,0.003912363067292812,-0.008920187793427181,0.0013302034428794851,0.002578729389700829,-0.011096350707197056
SOL/USDT,2025-12-22 16:21:00+00:00,2025-12-22 16:21:00+00:00,dry_run,0.0,,128.14,128.14,0.0012486343062276806,-0.012642422350554017,0.0,0.0012486343062276806,-0.012642422350554017
SOL/USDT,2025-12-22 16:21:00+00:00,2025-12-22 16:22:00+00:00,gate_close,-0.0024916926530446,1.0,128.14,128.0,0.0012486343062276806,-0.012642422350554017,-0.0010925550179490262,0.002343750000000089,-0.011562500000000031
SOL/USDT,2025-12-22 16:21:00+00:00,2025-12-22 16:25:00+00:00,take_profit,0.0087091813227177,4.0,128.14,128.09,0.0012486343062276806,-0.012642422350554017,-0.00039019822069596977,0.0016394722460770783,-0.0122570067920994
SOL/USDT,2025-12-22 16:21:00+00:00,2025-12-22 16:26:00+00:00,take_profit,0.0143082800000002,5.0,128.14,128.15,0.0012486343062276806,-0.012642422350554017,7.803964413932718e-05,0.001170503316426208,-0.012719469371829994
SOL/USDT,2025-12-22 16:29:00+00:00,2025-12-22 16:29:00+00:00,dry_run,0.0,,128.24,128.24,0.0,-0.013412351840299541,0.0,0.0,-0.013412351840299541
SOL/USDT,2025-12-22 16:29:00+00:00,2025-12-22 16:30:00+00:00,gate_close,-0.0248956850146683,1.0,128.24,128.13,0.0,-0.013412351840299541,-0.0008577666874610701,0.0008585030828065499,-0.012565363302895483
SOL/USDT,2025-12-22 16:29:00+00:00,2025-12-22 16:31:00+00:00,prob_floor,-0.0318962344176937,2.0,128.24,127.83,0.0,-0.013412351840299541,-0.0031971303805365947,0.002425095830399737,-0.010247985605882803
SOL/USDT,2025-12-22 16:29:00+00:00,2025-12-22 16:32:00+00:00,prob_floor,-0.0353965094419417,3.0,128.24,127.72,0.0,-0.013412351840299541,-0.004054897067997554,0.0009395552771689353,-0.009395552771688132
SOL/USDT,2025-12-22 16:29:00+00:00,2025-12-22 16:33:00+00:00,prob_floor,-0.0318962344176937,4.0,128.24,127.68,0.0,-0.013412351840299541,-0.004366812227074246,0.0011748120300751896,-0.009085213032581585
SOL/USDT,2025-12-22 16:29:00+00:00,2025-12-22 16:35:00+00:00,prob_floor,-0.0409969499290706,6.0,128.24,127.59,0.0,-0.013412351840299541,-0.00506862133499697,0.001881025158711358,-0.008386237165922128
SOL/USDT,2025-12-22 16:29:00+00:00,2025-12-22 16:36:00+00:00,prob_floor,-0.0423970601371741,7.0,128.24,127.75,0.0,-0.013412351840299541,-0.003820960698689979,0.0006262230919764633,-0.009628180039139012
SOL/USDT,2025-12-22 16:29:00+00:00,2025-12-22 16:37:00+00:00,prob_floor,-0.0374966745599116,8.0,128.24,127.58,0.0,-0.013412351840299541,-0.0051466001247661985,0.001959554789151996,-0.008308512306004046
SOL/USDT,2025-12-22 16:29:00+00:00,2025-12-22 16:38:00+00:00,prob_floor,-0.0374966745599116,9.0,128.24,127.65,0.0,-0.013412351840299541,-0.004600748596381821,0.0014101057579318788,-0.008852330591461066
SOL/USDT,2025-12-22 16:29:00+00:00,2025-12-22 16:39:00+00:00,prob_floor,-0.0248956850146683,10.0,128.24,127.72,0.0,-0.013412351840299541,-0.004054897067997554,0.000861259004071302,-0.009395552771688132
SOL/USDT,2025-12-22 16:29:00+00:00,2025-12-22 16:40:00+00:00,prob_floor,-0.0311982339726028,11.0,128.24,127.82,0.0,-0.013412351840299541,-0.0032751091703058233,7.82350179941993e-05,-0.010170552339227035
SOL/USDT,2025-12-22 16:29:00+00:00,2025-12-22 16:41:00+00:00,prob_floor,-0.0402968948379763,12.0,128.24,127.75,0.0,-0.013412351840299541,-0.003820960698689979,0.0006262230919764633,-0.009628180039139012
SOL/USDT,2025-12-22 16:29:00+00:00,2025-12-22 16:42:00+00:00,prob_floor,-0.0381967296164842,13.0,128.24,127.64,0.0,-0.013412351840299541,-0.004678727386151049,0.001018489501723563,-0.008774678784080225
SOL/USDT,2025-12-22 16:29:00+00:00,2025-12-22 16:43:00+00:00,prob_floor,-0.0451972806570738,14.0,128.24,127.64,0.0,-0.013412351840299541,-0.004678727386151049,7.834534628647916e-05,-0.008774678784080225
SOL/USDT,2025-12-22 16:29:00+00:00,2025-12-22 16:44:00+00:00,prob_floor,-0.0479975013153454,15.0,128.24,127.54,0.0,-0.013412351840299541,-0.00545851528384278,0.0007056609691076243,-0.007997490983221
SOL/USDT,2025-12-22 16:29:00+00:00,2025-12-22 16:45:00+00:00,prob_floor,-0.0437971703798357,16.0,128.24,127.5,0.0,-0.013412351840299541,-0.005770430442919583,0.000862745098039186,-0.00768627450980397
SOL/USDT,2025-12-22 16:29:00+00:00,2025-12-22 16:46:00+00:00,prob_floor,-0.0451972806570738,17.0,128.24,127.56,0.0,-0.013412351840299541,-0.005302557704304434,0.00039197240514265985,-0.008153026026967769
SOL/USDT,2025-12-22 16:29:00+00:00,2025-12-22 16:47:00+00:00,prob_floor,-0.0584983300184519,18.0,128.24,127.54,0.0,-0.013412351840299541,-0.00545851528384278,0.0005488474204171645,-0.007997490983221
SOL/USDT,2025-12-22 16:29:00+00:00,2025-12-22 16:48:00+00:00,prob_floor,-0.0633987174150458,19.0,128.24,127.34,0.0,-0.013412351840299541,-0.007018091079226463,0.0010994188785926617,-0.006439453431757558
SOL/USDT,2025-12-22 16:29:00+00:00,2025-12-22 16:49:00+00:00,prob_floor,-0.0654988835726352,20.0,128.24,127.31,0.0,-0.013412351840299541,-0.0072520274485340375,0.0005498389757285782,-0.0062053255832220655
SOL/USDT,2025-12-22 16:29:00+00:00,2025-12-22 16:50:00+00:00,prob_floor,-0.0654988835726352,21.0,128.24,127.25,0.0,-0.013412351840299541,-0.007719900187149187,0.0010216110019645175,-0.005736738703339905
SOL/USDT,2025-12-22 16:29:00+00:00,2025-12-22 16:51:00+00:00,prob_floor,-0.056398164121686,22.0,128.24,127.31,0.0,-0.013412351840299541,-0.0072520274485340375,0.0005498389757285782,-0.0062053255832220655
SOL/USDT,2025-12-22 16:29:00+00:00,2025-12-22 16:52:00+00:00,prob_floor,-0.061298551335768,23.0,128.24,127.32,0.0,-0.013412351840299541,-0.00717404865876492,0.00047125353440158335,-0.006283380458686705
SOL/USDT,2025-12-22 16:29:00+00:00,2025-12-22 16:53:00+00:00,prob_floor,-0.0696992161229684,24.0,128.24,127.31,0.0,-0.013412351840299541,-0.0072520274485340375,0.0005498389757285782,-0.0062053255832220655
SOL/USDT,2025-12-22 16:29:00+00:00,2025-12-22 16:54:00+00:00,prob_floor,-0.0654988835726352,25.0,128.24,127.2,0.0,-0.013412351840299541,-0.008109794135995108,0.0009433962264149276,-0.005345911949685589
SOL/USDT,2025-12-22 16:29:00+00:00,2025-12-22 16:55:00+00:00,prob_floor,-0.0640987727922032,26.0,128.24,127.24,0.0,-0.013412351840299541,-0.007797878976918415,0.0006287331027978738,-0.005658597925180753
SOL/USDT,2025-12-22 16:29:00+00:00,2025-12-22 16:56:00+00:00,prob_floor,-0.0696992161229684,27.0,128.24,127.27,0.0,-0.013412351840299541,-0.007563942607610841,0.00039286556140494255,-0.005892983421073361
SOL/USDT,2025-12-22 16:29:00+00:00,2025-12-22 16:57:00+00:00,prob_floor,-0.0668989943878949,28.0,128.24,127.2,0.0,-0.013412351840299541,-0.008109794135995108,0.0006289308176099517,-0.005345911949685589
SOL/USDT,2025-12-22 16:29:00+00:00,2025-12-22 16:58:00+00:00,prob_floor,-0.0661989389759088,29.0,128.24,127.23,0.0,-0.013412351840299541,-0.007875857766687533,0.0003929890749037046,-0.00558044486363285
SOL/USDT,2025-12-22 16:29:00+00:00,2025-12-22 16:59:00+00:00,prob_floor,-0.0682991052379998,30.0,128.24,127.26,0.0,-0.013412351840299541,-0.007641921397379958,0.0,-0.00581486720100588
SOL/USDT,2025-12-22 16:29:00+00:00,2025-12-22 17:00:00+00:00,prob_floor,-0.0682991052379998,31.0,128.24,127.2,0.0,-0.013412351840299541,-0.008109794135995108,0.00031446540880497587,-0.005345911949685589
SOL/USDT,2025-12-22 16:29:00+00:00,2025-12-22 17:01:00+00:00,prob_floor,-0.0703992715785328,32.0,128.24,127.2,0.0,-0.013412351840299541,-0.008109794135995108,0.0,-0.005345911949685589
SOL/USDT,2025-12-22 16:29:00+00:00,2025-12-22 17:02:00+00:00,prob_floor,-0.0773998266142041,33.0,128.24,127.15,0.0,-0.013412351840299541,-0.008499688084840917,0.00039323633503740574,-0.004954777821470802
SOL/USDT,2025-12-22 16:29:00+00:00,2025-12-22 17:03:00+00:00,prob_floor,-0.0780998821658189,34.0,128.24,127.08,0.0,-0.013412351840299541,-0.009045539613225295,0.0009442870632672129,-0.004406672961913771
SOL/USDT,2025-12-22 16:29:00+00:00,2025-12-22 17:04:00+00:00,prob_floor,-0.0900008278828946,35.0,128.24,127.07,0.0,-0.013412351840299541,-0.009123518402994524,0.001023058156921497,-0.00432832297159047
SOL/USDT,2025-12-22 16:29:00+00:00,2025-12-22 17:05:00+00:00,prob_floor,-0.1068021673348841,36.0,128.24,126.9,0.0,-0.013412351840299541,-0.010449157829070521,0.0022064617809298692,-0.0029944838455477907
SOL/USDT,2025-12-22 16:29:00+00:00,2025-12-22 17:06:00+00:00,prob_floor,-0.1040019437404786,37.0,128.24,126.66,0.0,-0.013412351840299541,-0.012320648783531007,0.004105479235749332,-0.001105321332701692
SOL/USDT,2025-12-22 16:29:00+00:00,2025-12-22 17:07:00+00:00,prob_floor,-0.1026018319962118,38.0,128.24,126.7,0.0,-0.013412351840299541,-0.012008733624454204,0.0037884767166536104,-0.0014206787687450761
SOL/USDT,2025-12-22 16:29:00+00:00,2025-12-22 17:08:00+00:00,prob_floor,-0.1054020555200308,39.0,128.24,126.72,0.0,-0.013412351840299541,-0.011852776044915858,0.0036300505050506082,-0.0015782828282828731
SOL/USDT,2025-12-22 16:29:00+00:00,2025-12-22 17:09:00+00:00,prob_floor,-0.1054020555200308,40.0,128.24,126.71,0.0,-0.013412351840299541,-0.011930754834685087,0.0037092573593244804,-0.001499487017599277
SOL/USDT,2025-12-22 16:29:00+00:00,2025-12-22 17:10:00+00:00,prob_floor,-0.0977014411689073,41.0,128.24,126.67,0.0,-0.013412351840299541,-0.012242669993761779,0.0040262098365833054,-0.0011841793637009657
SOL/USDT,2025-12-22 16:29:00+00:00,2025-12-22 17:11:00+00:00,prob_floor,-0.0991015527898059,42.0,128.24,126.78,0.0,-0.013412351840299541,-0.011384903306300709,0.0031550717778829895,-0.00205079665562391
SOL/USDT,2025-12-22 16:29:00+00:00,2025-12-22 17:12:00+00:00,prob_floor,-0.1012017202872116,43.0,128.24,126.77,0.0,-0.013412351840299541,-0.011462882096069937,0.0032342036759487325,-0.0019720754121637096
SOL/USDT,2025-12-22 16:29:00+00:00,2025-12-22 17:13:00+00:00,prob_floor,-0.0991015527898059,44.0,128.24,126.71,0.0,-0.013412351840299541,-0.011930754834685087,0.0037092573593244804,-0.001499487017599277
SOL/USDT,2025-12-22 16:29:00+00:00,2025-12-22 17:14:00+00:00,prob_floor,-0.1110025029914275,45.0,128.24,126.79,0.0,-0.013412351840299541,-0.01130692451653148,0.0030759523621737284,-0.002129505481504923
SOL/USDT,2025-12-22 16:29:00+00:00,2025-12-22 17:15:00+00:00,prob_floor,-0.1068021673348841,46.0,128.24,126.57,0.0,-0.013412351840299541,-0.01302245789145362,0.004819467488346385,-0.00039503831871690043
SOL/USDT,2025-12-22 16:29:00+00:00,2025-12-22 17:16:00+00:00,prob_floor,-0.0956012738035703,47.0,128.24,126.65,0.0,-0.013412351840299541,-0.012398627573300125,0.004263718910382908,-0.0010264508487959345
SOL/USDT,2025-12-22 16:29:00+00:00,2025-12-22 17:17:00+00:00,prob_floor,-0.0851004381632732,48.0,128.24,126.82,0.0,-0.013412351840299541,-0.011072988147224128,0.002917520895757697,-0.0014981864059296912
SOL/USDT,2025-12-22 16:29:00+00:00,2025-12-22 17:18:00+00:00,prob_floor,-0.0809001044597517,49.0,128.24,126.98,0.0,-0.013412351840299541,-0.009825327510917026,0.001653803748621785,-0.0027563395810364932
SOL/USDT,2025-12-22 16:29:00+00:00,2025-12-22 17:21:00+00:00,gate_close,-0.0921009950372437,52.0,128.24,126.9,0.0,-0.013412351840299541,-0.010449157829070521,0.0022852639873915948,-0.0026792750197005555
SOL/USDT,2025-12-22 16:29:00+00:00,2025-12-22 17:26:00+00:00,gate_close,-0.071099327042818,57.0,128.24,127.04,0.0,-0.013412351840299541,-0.009357454772301987,0.0011807304785893535,-0.0037783375314861534
SOL/USDT,2025-12-22 16:29:00+00:00,2025-12-22 17:27:00+00:00,gate_close,-0.0738995489872153,58.0,128.24,127.16,0.0,-0.013412351840299541,-0.0084217092950718,0.00023592324630383743,-0.004718464926077304
SOL/USDT,2025-12-22 16:29:00+00:00,2025-12-22 17:33:00+00:00,trailing_prob_drop,-0.0837003268937257,64.0,128.24,126.98,0.0,-0.013412351840299541,-0.009825327510917026,0.0024413293432037353,-0.003307607497243681
SOL/USDT,2025-12-22 16:29:00+00:00,2025-12-22 17:36:00+00:00,gate_close,-0.0823002156592254,67.0,128.24,127.06,0.0,-0.013412351840299541,-0.009201497192763641,0.0018101684243665428,-0.003935148748622663
SOL/USDT,2025-12-22 16:29:00+00:00,2025-12-22 17:38:00+00:00,gate_close,-0.0787999377261812,69.0,128.24,127.0,0.0,-0.013412351840299541,-0.00966936993137879,0.002283464566929183,-0.003464566929133883
SOL/USDT,2025-12-22 16:29:00+00:00,2025-12-22 17:41:00+00:00,gate_close,-0.079499993295287,72.0,128.24,127.11,0.0,-0.013412351840299541,-0.00881160324391772,0.0022814884745496755,-0.004326960900007837
SOL/USDT,2025-12-22 16:29:00+00:00,2025-12-22 17:42:00+00:00,trailing_prob_drop,-0.0802000488731445,73.0,128.24,127.02,0.0,-0.013412351840299541,-0.009513412351840445,0.00314911037631882,-0.0036214769327664875
SOL/USDT,2025-12-22 16:29:00+00:00,2025-12-22 17:44:00+00:00,prob_floor,-0.1047019996258415,75.0,128.24,126.92,0.0,-0.013412351840299541,-0.010293200249532175,0.003939489442168265,-0.0028364323983611772
SOL/USDT,2025-12-22 16:29:00+00:00,2025-12-22 17:45:00+00:00,prob_floor,-0.0963013295832179,76.0,128.24,126.69,0.0,-0.013412351840299541,-0.012086712414223433,0.005762096455915966,-0.0010261267661220153
SOL/USDT,2025-12-22 16:29:00+00:00,2025-12-22 17:46:00+00:00,prob_floor,-0.1012017202872116,77.0,128.24,126.77,0.0,-0.013412351840299541,-0.011462882096069937,0.005127396071625823,-0.001656543346217565
SOL/USDT,2025-12-22 16:29:00+00:00,2025-12-22 17:47:00+00:00,prob_floor,-0.0914009393103429,78.0,128.24,126.74,0.0,-0.013412351840299541,-0.011696818465377512,0.005365314817737055,-0.0014202303929303772
SOL/USDT,2025-12-22 16:29:00+00:00,2025-12-22 17:48:00+00:00,prob_floor,-0.0998016086134663,79.0,128.24,126.89,0.0,-0.013412351840299541,-0.01052713661883975,0.004176846087162067,-0.0026006777523839286
SOL/USDT,2025-12-22 16:29:00+00:00,2025-12-22 17:50:00+00:00,prob_floor,-0.0977014411689073,81.0,128.24,126.8,0.0,-0.013412351840299541,-0.011228945726762363,0.004889589905362701,-0.0018927444794952786
SOL/USDT,2025-12-22 16:29:00+00:00,2025-12-22 17:51:00+00:00,prob_floor,-0.0787999377261812,82.0,128.24,126.82,0.0,-0.013412351840299541,-0.011072988147224128,0.004731114966093797,-0.00205014981864049
SOL/USDT,2025-12-22 16:29:00+00:00,2025-12-22 17:52:00+00:00,gate_close,-0.0858004938111911,83.0,128.24,127.04,0.0,-0.013412351840299541,-0.009357454772301987,0.002991183879093251,-0.0037783375314861534
SOL/USDT,2025-12-22 16:29:00+00:00,2025-12-22 17:53:00+00:00,trailing_prob_drop,-0.0984014969749553,84.0,128.24,126.98,0.0,-0.013412351840299541,-0.009825327510917026,0.0034651126161600043,-0.003307607497243681
SOL/USDT,2025-12-22 16:29:00+00:00,2025-12-22 17:55:00+00:00,prob_floor,-0.0921009950372437,86.0,128.24,126.86,0.0,-0.013412351840299541,-0.010761072988147324,0.004414314992905677,-0.0023648116033422317
SOL/USDT,2025-12-22 16:29:00+00:00,2025-12-22 17:56:00+00:00,prob_floor,-0.0928010507729295,87.0,128.24,126.82,0.0,-0.013412351840299541,-0.011072988147224128,0.004731114966093797,-0.00205014981864049
SOL/USDT,2025-12-22 16:29:00+00:00,2025-12-22 17:57:00+00:00,prob_floor,-0.0928010507729295,88.0,128.24,126.82,0.0,-0.013412351840299541,-0.011072988147224128,0.004731114966093797,-0.00205014981864049
SOL/USDT,2025-12-22 16:29:00+00:00,2025-12-22 17:58:00+00:00,prob_floor,-0.0886007164905642,89.0,128.24,126.87,0.0,-0.013412351840299541,-0.010683094198378096,0.004335146212658625,-0.003546937810357087
SOL/USDT,2025-12-22 16:29:00+00:00,2025-12-22 17:59:00+00:00,time_limit,-0.0773939599999988,90.0,128.24,126.87,0.0,-0.013412351840299541,-0.010683094198378096,0.004335146212658625,-0.003546937810357087
SOL/USDT,2025-12-22 18:01:00+00:00,2025-12-22 18:01:00+00:00,cooldown_after_loss,0.0,,127.11,127.11,0.0024388325072772776,-0.0054283691291007186,0.0,0.0024388325072772776,-0.0054283691291007186
SOL/USDT,2025-12-22 18:02:00+00:00,2025-12-22 18:02:00+00:00,cooldown_after_loss,0.0,,127.17,127.17,0.0019658724541951056,-0.007313045529606099,0.0,0.0019658724541951056,-0.007313045529606099
SOL/USDT,2025-12-22 18:03:00+00:00,2025-12-22 18:03:00+00:00,cooldown_after_loss,0.0,,127.11,127.11,0.0024388325072772776,-0.0068444654236488045,0.0,0.0024388325072772776,-0.0068444654236488045
SOL/USDT,2025-12-22 18:12:00+00:00,2025-12-22 18:12:00+00:00,dry_run,0.0,,126.89,126.89,0.004176846087162067,-0.009141776341713315,0.0,0.004176846087162067,-0.009141776341713315
SOL/USDT,2025-12-22 18:12:00+00:00,2025-12-22 18:15:00+00:00,take_profit,0.0115248091655189,3.0,126.89,126.98,0.004176846087162067,-0.009141776341713315,0.0007092757506501624,0.0034651126161600043,-0.009844069932272825
SOL/USDT,2025-12-22 18:12:00+00:00,2025-12-22 18:17:00+00:00,prob_floor,-0.0171792204380252,5.0,126.89,126.97,0.004176846087162067,-0.009141776341713315,0.0006304673339112554,0.0035441442860517647,-0.009766086477120517
SOL/USDT,2025-12-22 18:12:00+00:00,2025-12-22 18:18:00+00:00,prob_floor,-0.0045764579527811,6.0,126.89,126.72,0.004176846087162067,-0.009141776341713315,-0.0013397430845614178,0.005523989898989834,-0.0078125
SOL/USDT,2025-12-22 18:12:00+00:00,2025-12-22 18:21:00+00:00,prob_floor,-0.0143772314942987,9.0,126.89,126.76,0.004176846087162067,-0.009141776341713315,-0.00102450941760579,0.0052066898075102674,-0.008125591669296273
SOL/USDT,2025-12-22 18:12:00+00:00,2025-12-22 18:26:00+00:00,gate_close,-0.0017762372544229,14.0,126.89,126.95,0.004176846087162067,-0.009141776341713315,0.00047285050043344157,0.003702244978337932,-0.011421819614021333
SOL/USDT,2025-12-22 18:12:00+00:00,2025-12-22 18:31:00+00:00,take_profit,0.0150236800000006,19.0,126.89,126.98,0.004176846087162067,-0.009141776341713315,0.0007092757506501624,0.0034651126161600043,-0.014017955583556452
SOL/USDT,2025-12-22 18:34:00+00:00,2025-12-22 18:34:00+00:00,dry_run,0.0,,127.05,127.05,0.0029122392758755833,-0.016056670602125123,0.0,0.0029122392758755833,-0.016056670602125123
SOL/USDT,2025-12-22 18:34:00+00:00,2025-12-22 18:37:00+00:00,take_profit,0.0115229880116326,3.0,127.05,127.04,0.0029122392758755833,-0.016056670602125123,-7.870916961816299e-05,0.002991183879093251,-0.016215365239294677
SOL/USDT,2025-12-22 18:34:00+00:00,2025-12-22 18:38:00+00:00,take_profit,0.0143232076877129,4.0,127.05,127.21,0.0029122392758755833,-0.016056670602125123,0.0012593467138921621,0.0016508136152819652,-0.017530068390849696
SOL/USDT,2025-12-22 18:34:00+00:00,2025-12-22 18:39:00+00:00,take_profit,0.0136218599999999,5.0,127.05,127.24,0.0029122392758755833,-0.016056670602125123,0.0014954742227468731,0.001414649481295216,-0.01776171015403949
SOL/USDT,2025-12-22 18:40:00+00:00,2025-12-22 18:40:00+00:00,cooldown_after_exit,0.0,,127.23,127.23,0.0014933584846341663,-0.017684508370667262,0.0,0.0014933584846341663,-0.017684508370667262
SOL/USDT,2025-12-22 18:43:00+00:00,2025-12-22 18:43:00+00:00,dry_run,0.0,,127.24,127.24,0.0003929581892487821,-0.01776171015403949,0.0,0.0003929581892487821,-0.01776171015403949
SOL/USDT,2025-12-22 18:43:00+00:00,2025-12-22 18:47:00+00:00,gate_close,0.0017199776060054,4.0,127.24,127.19,0.0003929581892487821,-0.01776171015403949,-0.0003929581892486711,0.0007862253321802015,-0.01737557984118243
SOL/USDT,2025-12-22 18:43:00+00:00,2025-12-22 18:51:00+00:00,trailing_prob_drop,-0.0192816759388653,8.0,127.24,126.98,0.0003929581892487821,-0.01776171015403949,-0.0020433825840929787,0.0004725153567490814,-0.017089305402425592
SOL/USDT,2025-12-22 18:43:00+00:00,2025-12-22 18:53:00+00:00,prob_floor,-0.0241835798738961,10.0,127.24,126.88,0.0003929581892487821,-0.01776171015403949,-0.002829298962590321,0.0008669609079445806,-0.016393442622950838
SOL/USDT,2025-12-22 18:43:00+00:00,2025-12-22 18:54:00+00:00,prob_floor,-0.023482007586206,11.0,127.24,126.87,0.0003929581892487821,-0.01776171015403949,-0.002907890600440055,0.00031528336092057074,-0.016315913927642534
SOL/USDT,2025-12-22 18:43:00+00:00,2025-12-22 18:55:00+00:00,prob_floor,-0.0206817864531386,12.0,127.24,126.9,0.0003929581892487821,-0.01776171015403949,-0.0026721156868908524,7.880220646172553e-05,-0.01654846335697402
SOL/USDT,2025-12-22 18:43:00+00:00,2025-12-22 18:56:00+00:00,prob_floor,-0.0248821182050381,13.0,127.24,126.91,0.0003929581892487821,-0.01776171015403949,-0.0025935240490411182,0.0,-0.01662595540146561
SOL/USDT,2025-12-22 18:43:00+00:00,2025-12-22 18:57:00+00:00,prob_floor,-0.0472838928620543,14.0,127.24,126.86,0.0003929581892487821,-0.01776171015403949,-0.0029864822382897893,0.0003941352672236498,-0.016238373009616947
SOL/USDT,2025-12-22 18:43:00+00:00,2025-12-22 18:58:00+00:00,prob_floor,-0.0514842266100025,15.0,127.24,126.53,0.0003929581892487821,-0.01776171015403949,-0.0055800062873310186,0.0021338812929738715,-0.014462973207934882
SOL/USDT,2025-12-22 18:43:00+00:00,2025-12-22 18:59:00+00:00,prob_floor,-0.0535843936027528,16.0,127.24,126.5,0.0003929581892487821,-0.01776171015403949,-0.005815781200880221,0.0003162055335967917,-0.014229249011857736
SOL/USDT,2025-12-22 18:43:00+00:00,2025-12-22 19:00:00+00:00,prob_floor,-0.0549845049752821,17.0,127.24,126.49,0.0003929581892487821,-0.01776171015403949,-0.005894372838729955,0.0,-0.014151316309589657
SOL/USDT,2025-12-22 18:43:00+00:00,2025-12-22 19:01:00+00:00,prob_floor,-0.0647852855707332,18.0,127.24,126.46,0.0003929581892487821,-0.01776171015403949,-0.006130147752279158,0.0,-0.013917444251146494
SOL/USDT,2025-12-22 18:43:00+00:00,2025-12-22 19:02:00+00:00,prob_floor,-0.0626851181546127,19.0,127.24,126.29,0.0003929581892487821,-0.01776171015403949,-0.007466205595724529,0.0011085596642648188,-0.012590070472721537
SOL/USDT,2025-12-22 18:43:00+00:00,2025-12-22 19:03:00+00:00,prob_floor,-0.0731859560313882,20.0,127.24,126.32,0.0003929581892487821,-0.01776171015403949,-0.007230430682175437,0.0,-0.0128245725142494
SOL/USDT,2025-12-22 18:43:00+00:00,2025-12-22 19:04:00+00:00,prob_floor,-0.0871870763045299,21.0,127.24,126.17,0.0003929581892487821,-0.01776171015403949,-0.00840930524992134,0.0011096140128399323,-0.011650947134818068
SOL/USDT,2025-12-22 18:43:00+00:00,2025-12-22 19:05:00+00:00,prob_floor,-0.0969878626147436,22.0,127.24,125.97,0.0003929581892487821,-0.01776171015403949,-0.009981138006916024,0.0015876796062554988,-0.010081765499722173
SOL/USDT,2025-12-22 18:43:00+00:00,2025-12-22 19:06:00+00:00,prob_floor,-0.1011882001407378,23.0,127.24,125.82,0.0003929581892487821,-0.01776171015403949,-0.011160012574662037,0.00270227308853932,-0.008901605468129015
SOL/USDT,2025-12-22 18:43:00+00:00,2025-12-22 19:07:00+00:00,prob_floor,-0.0899873007861826,24.0,127.24,125.77,0.0003929581892487821,-0.01776171015403949,-0.011552970763910708,0.003100898465452806,-0.00850759322572947
SOL/USDT,2025-12-22 18:43:00+00:00,2025-12-22 19:08:00+00:00,prob_floor,-0.0780863477227479,25.0,127.24,125.93,0.0003929581892487821,-0.01776171015403949,-0.01029550455831485,0.001826411498451419,-0.00976733105693639
SOL/USDT,2025-12-22 18:43:00+00:00,2025-12-22 19:09:00+00:00,prob_floor,-0.0766862357665627,26.0,127.24,126.1,0.0003929581892487821,-0.01776171015403949,-0.00895944671486959,0.0004758128469468659,-0.011102299762093537
SOL/USDT,2025-12-22 18:43:00+00:00,2025-12-22 19:10:00+00:00,prob_floor,-0.0836867959028678,27.0,127.24,126.11,0.0003929581892487821,-0.01776171015403949,-0.008880855077019745,0.0003964792641344417,-0.011180715248592432
SOL/USDT,2025-12-22 18:43:00+00:00,2025-12-22 19:11:00+00:00,prob_floor,-0.0906873569288813,28.0,127.24,126.09,0.0003929581892487821,-0.01776171015403949,-0.009038038352719213,0.0005551590134029727,-0.01102387183757636
SOL/USDT,2025-12-22 18:43:00+00:00,2025-12-22 19:12:00+00:00,prob_floor,-0.0969878626147436,29.0,127.24,125.91,0.0003929581892487821,-0.01776171015403949,-0.01045268783401443,0.0019061234214916567,-0.009610038916686436
SOL/USDT,2025-12-22 18:43:00+00:00,2025-12-22 19:13:00+00:00,prob_floor,-0.096287806391704,30.0,127.24,125.83,0.0003929581892487821,-0.01776171015403949,-0.011081420936812303,0.002543113724867041,-0.008980370340936128
SOL/USDT,2025-12-22 18:43:00+00:00,2025-12-22 19:14:00+00:00,prob_floor,-0.0983879750876363,31.0,127.24,125.84,0.0003929581892487821,-0.01776171015403949,-0.011002829298962569,0.0024634456452639064,-0.009059122695486366
SOL/USDT,2025-12-22 18:43:00+00:00,2025-12-22 19:15:00+00:00,prob_floor,-0.093487581588877,32.0,127.24,125.81,0.0003929581892487821,-0.01776171015403949,-0.011238604212511771,0.0027024878785470996,-0.00882282807407997
SOL/USDT,2025-12-22 18:43:00+00:00,2025-12-22 19:16:00+00:00,prob_floor,-0.0997880875962956,33.0,127.24,125.89,0.0003929581892487821,-0.01776171015403949,-0.010609871109713898,0.0020652950988959695,-0.00945269679879257
SOL/USDT,2025-12-22 18:43:00+00:00,2025-12-22 19:17:00+00:00,prob_floor,-0.0927875254104945,34.0,127.24,125.79,0.0003929581892487821,-0.01776171015403949,-0.011395787488211129,0.002861912711662251,-0.008665235710310859
SOL/USDT,2025-12-22 18:43:00+00:00,2025-12-22 19:18:00+00:00,prob_floor,-0.0843868519653986,35.0,127.24,125.89,0.0003929581892487821,-0.01776171015403949,-0.010609871109713898,0.0020652950988959695,-0.00945269679879257
SOL/USDT,2025-12-22 18:43:00+00:00,2025-12-22 19:19:00+00:00,prob_floor,-0.0843868519653986,36.0,127.24,126.01,0.0003929581892487821,-0.01776171015403949,-0.009666771455517087,0.0011110229346877887,-0.01039600031743515
SOL/USDT,2025-12-22 18:43:00+00:00,2025-12-22 19:21:00+00:00,gate_close,-0.0941876377761893,38.0,127.24,126.14,0.0003929581892487821,-0.01776171015403949,-0.008645080163470542,7.927699381649056e-05,-0.011415887109560763
SOL/USDT,2025-12-22 18:43:00+00:00,2025-12-22 19:22:00+00:00,gate_close,-0.089287244652399,39.0,127.24,125.87,0.0003929581892487821,-0.01776171015403949,-0.010767054385413366,0.002224517359180167,-0.009295304679431182
SOL/USDT,2025-12-22 18:43:00+00:00,2025-12-22 19:23:00+00:00,trailing_prob_drop,-0.0927875254104945,40.0,127.24,125.93,0.0003929581892487821,-0.01776171015403949,-0.01029550455831485,7.940919558468984e-05,-0.00976733105693639
SOL/USDT,2025-12-22 18:43:00+00:00,2025-12-22 19:24:00+00:00,prob_floor,-0.1095972031736426,41.0,127.24,125.92,0.0003929581892487821,-0.01776171015403949,-0.010374096196164695,7.941550190593283e-05,-0.009688691232528579
SOL/USDT,2025-12-22 18:43:00+00:00,2025-12-22 19:25:00+00:00,prob_floor,-0.120089723001714,42.0,127.24,125.65,0.0003929581892487821,-0.01776171015403949,-0.012496070418107408,0.0011937922801432688,-0.007560684440907295
SOL/USDT,2025-12-22 18:43:00+00:00,2025-12-22 19:26:00+00:00,prob_floor,-0.1235900057323933,43.0,127.24,125.5,0.0003929581892487821,-0.01776171015403949,-0.013674944985853421,0.0011952191235060639,-0.0063745019920318224
SOL/USDT,2025-12-22 18:43:00+00:00,2025-12-22 19:27:00+00:00,prob_floor,-0.1207897795298234,44.0,127.24,125.41,0.0003929581892487821,-0.01776171015403949,-0.01438226972650114,0.0009568614942987441,-0.0056614305079338845
SOL/USDT,2025-12-22 18:43:00+00:00,2025-12-22 19:28:00+00:00,prob_floor,-0.1270902886885446,45.0,127.24,125.53,0.0003929581892487821,-0.01776171015403949,-0.013439170072304218,0.0,-0.006611965267266817
SOL/USDT,2025-12-22 18:43:00+00:00,2025-12-22 19:29:00+00:00,prob_floor,-0.1270902886885446,46.0,127.24,125.38,0.0003929581892487821,-0.01776171015403949,-0.014618044640050343,0.0007975753708726607,-0.005423512521933294
SOL/USDT,2025-12-22 18:43:00+00:00,2025-12-22 19:30:00+00:00,prob_floor,-0.1403913659829871,47.0,127.24,125.4,0.0003929581892487821,-0.01776171015403949,-0.014460861364350763,0.0003987240829346206,-0.005582137161084577
SOL/USDT,2025-12-22 18:43:00+00:00,2025-12-22 19:31:00+00:00,prob_floor,-0.1459918205594397,48.0,127.24,125.21,0.0003929581892487821,-0.01776171015403949,-0.015954102483495713,0.0015174506828528056,-0.004073157096078472
SOL/USDT,2025-12-22 18:43:00+00:00,2025-12-22 19:32:00+00:00,prob_floor,-0.1543925035150599,49.0,127.24,125.13,0.0003929581892487821,-0.01776171015403949,-0.016582835586293587,0.001598337728762056,-0.0034364261168384758
SOL/USDT,2025-12-22 18:43:00+00:00,2025-12-22 19:33:00+00:00,prob_floor,-0.1508922187909327,50.0,127.24,125.01,0.0003929581892487821,-0.01776171015403949,-0.017525935240490287,0.002559795216382721,-0.0024798016158708025
SOL/USDT,2025-12-22 18:43:00+00:00,2025-12-22 19:34:00+00:00,prob_floor,-0.1536924465520129,51.0,127.24,125.06,0.0003929581892487821,-0.01776171015403949,-0.017132977051241727,0.002158963697425298,-0.0028786182632336565
SOL/USDT,2025-12-22 18:43:00+00:00,2025-12-22 19:35:00+00:00,prob_floor,-0.1522923326532575,52.0,127.24,125.02,0.0003929581892487821,-0.01776171015403949,-0.017447343602640664,0.0024796032634779586,-0.002559590465525452
SOL/USDT,2025-12-22 18:43:00+00:00,2025-12-22 19:36:00+00:00,prob_floor,-0.1326907418880414,53.0,127.24,125.08,0.0003929581892487821,-0.01776171015403949,-0.01697579377554226,0.0019987208186760252,-0.0030380556443875273
SOL/USDT,2025-12-22 18:43:00+00:00,2025-12-22 19:37:00+00:00,prob_floor,-0.1319906852064641,54.0,127.24,125.31,0.0003929581892487821,-0.01776171015403949,-0.015168186104998371,0.00015960418162963563,-0.004867927539701555
SOL/USDT,2025-12-22 18:43:00+00:00,2025-12-22 19:38:00+00:00,prob_floor,-0.1354909687048501,55.0,127.24,125.31,0.0003929581892487821,-0.01776171015403949,-0.015168186104998371,0.00015960418162963563,-0.004867927539701555
SOL/USDT,2025-12-22 18:43:00+00:00,2025-12-22 19:39:00+00:00,prob_floor,-0.1375911389125323,56.0,127.24,125.28,0.0003929581892487821,-0.01776171015403949,-0.015403961018547574,0.00039910600255432804,-0.00462962962962965
SOL/USDT,2025-12-22 18:43:00+00:00,2025-12-22 19:40:00+00:00,prob_floor,-0.1452917637055987,57.0,127.24,125.24,0.0003929581892487821,-0.01776171015403949,-0.01571832756994651,0.0003193867773874093,-0.004311721494730025
SOL/USDT,2025-12-22 18:43:00+00:00,2025-12-22 19:41:00+00:00,prob_floor,-0.1431915931985786,58.0,127.24,125.11,0.0003929581892487821,-0.01776171015403949,-0.016740018861993056,0.0011190152665654374,-0.0032771161377986857
SOL/USDT,2025-12-22 18:43:00+00:00,2025-12-22 19:42:00+00:00,prob_floor,-0.1431915931985786,59.0,127.24,125.17,0.0003929581892487821,-0.01776171015403949,-0.01626846903489465,0.00031956539106814397,-0.003754893345050747
SOL/USDT,2025-12-22 18:43:00+00:00,2025-12-22 19:43:00+00:00,prob_floor,-0.1459918205594397,60.0,127.24,125.17,0.0003929581892487821,-0.01776171015403949,-0.01626846903489465,0.0,-0.003754893345050747
SOL/USDT,2025-12-22 18:43:00+00:00,2025-12-22 19:44:00+00:00,prob_floor,-0.1480919911755058,61.0,127.24,125.13,0.0003929581892487821,-0.01776171015403949,-0.016582835586293587,0.0003196675457524112,-0.0034364261168384758
SOL/USDT,2025-12-22 18:43:00+00:00,2025-12-22 19:45:00+00:00,prob_floor,-0.1445917068608418,62.0,127.24,125.13,0.0003929581892487821,-0.01776171015403949,-0.016582835586293587,0.00015983377287631662,-0.0034364261168384758
SOL/USDT,2025-12-22 18:43:00+00:00,2025-12-22 19:48:00+00:00,gate_close,-0.1578927884670474,65.0,127.24,125.06,0.0003929581892487821,-0.01776171015403949,-0.017132977051241727,0.0007196545658083586,-0.0028786182632336565
SOL/USDT,2025-12-22 18:43:00+00:00,2025-12-22 19:49:00+00:00,prob_floor,-0.1662934732831343,66.0,127.24,124.97,0.0003929581892487821,-0.01776171015403949,-0.017840301791889335,0.0008001920460909417,-0.0021605185244458758
SOL/USDT,2025-12-22 18:43:00+00:00,2025-12-22 19:50:00+00:00,prob_floor,-0.1683936446929216,67.0,127.24,124.84,0.0003929581892487821,-0.01776171015403949,-0.01886199308393577,0.0014418455623197435,-0.0011214354373598745
SOL/USDT,2025-12-22 18:43:00+00:00,2025-12-22 19:51:00+00:00,prob_floor,-0.1564926744588923,68.0,127.24,124.81,0.0003929581892487821,-0.01776171015403949,-0.01909776799748497,0.0016825574873806648,-0.000881339636247036
SOL/USDT,2025-12-22 18:43:00+00:00,2025-12-22 19:52:00+00:00,prob_floor,-0.1606930165928839,69.0,127.24,124.96,0.0003929581892487821,-0.01776171015403949,-0.01791889342973907,0.00048015364916764725,-0.002080665813060101
SOL/USDT,2025-12-22 18:43:00+00:00,2025-12-22 19:53:00+00:00,prob_floor,-0.163493244864864,70.0,127.24,124.92,0.0003929581892487821,-0.01776171015403949,-0.018233259981138006,0.0008005123278898019,-0.0017611271213576751
SOL/USDT,2025-12-22 18:43:00+00:00,2025-12-22 19:54:00+00:00,prob_floor,-0.1571927314584092,71.0,127.24,124.95,0.0003929581892487821,-0.01776171015403949,-0.017997485067588692,0.0005602240896358524,-0.00200080032012806
SOL/USDT,2025-12-22 18:43:00+00:00,2025-12-22 19:55:00+00:00,prob_floor,-0.1571927314584092,72.0,127.24,124.96,0.0003929581892487821,-0.01776171015403949,-0.01791889342973907,0.0,-0.002080665813060101
SOL/USDT,2025-12-22 18:43:00+00:00,2025-12-22 19:56:00+00:00,prob_floor,-0.1669935304105758,73.0,127.24,124.91,0.0003929581892487821,-0.01776171015403949,-0.01831185161898774,0.00040028820750936944,-0.0016812104715394627
BTC/USDT,2025-12-21 19:56:00+00:00,2025-12-21 20:02:00+00:00,gate_close,-0.0143681138116097,6.0,88511.4,88464.36,0.007085979885077087,-0.003147504163305448,-0.000531456964865451,0.007621487342473143,-0.0031489517360437924
BTC/USDT,2025-12-21 19:56:00+00:00,2025-12-21 20:03:00+00:00,gate_close,-0.0068121845698146,7.0,88511.4,88479.03,0.007085979885077087,-0.003147504163305448,-0.0003657156027359054,0.007454421686132751,-0.0033142316320602383
BTC/USDT,2025-12-21 19:56:00+00:00,2025-12-21 20:08:00+00:00,prob_floor,-0.014727185465891,12.0,88511.4,88437.44,0.007085979885077087,-0.003147504163305448,-0.0008355985782620978,3.94629242999045e-05,-0.002845514298016827
BTC/USDT,2025-12-21 19:56:00+00:00,2025-12-21 20:09:00+00:00,prob_floor,-0.011890185144524,13.0,88511.4,88387.9,0.007085979885077087,-0.003147504163305448,-0.001395300492365914,0.000560483957645852,-0.0022866252054862812
BTC/USDT,2025-12-21 19:56:00+00:00,2025-12-21 20:10:00+00:00,prob_floor,-0.0178841858237507,14.0,88511.4,88402.03,0.007085979885077087,-0.003147504163305448,-0.0012356600392717798,6.775862499996954e-05,-0.0024460976744539176
BTC/USDT,2025-12-21 19:56:00+00:00,2025-12-21 20:11:00+00:00,prob_floor,-0.020706186143854,15.0,88511.4,88346.05,0.007085979885077087,-0.003147504163305448,-0.0018681209426129053,0.0007014461880299194,-0.0018140030029639709
BTC/USDT,2025-12-21 19:56:00+00:00,2025-12-21 20:12:00+00:00,prob_floor,-0.0201851860847431,16.0,88511.4,88319.85,0.007085979885077087,-0.003147504163305448,-0.0021641280106290406,0.00031963369502996386,-0.0015178920706954147
BTC/USDT,2025-12-21 19:56:00+00:00,2025-12-21 20:13:00+00:00,prob_floor,-0.0214601862294181,17.0,88511.4,88325.07,0.007085979885077087,-0.003147504163305448,-0.002105152556619694,5.559010595734826e-05,-0.0015769022317221326
BTC/USDT,2025-12-21 19:56:00+00:00,2025-12-21 20:14:00+00:00,prob_floor,-0.019870186049004,18.0,88511.4,88312.31,0.007085979885077087,-0.003147504163305448,-0.0022493147775314304,0.00020008535616389267,-0.0014326428557921433
BTC/USDT,2025-12-21 19:56:00+00:00,2025-12-21 20:15:00+00:00,prob_floor,-0.0204901861193482,19.0,88511.4,88329.98,0.007085979885077087,-0.003147504163305448,-0.0020496794763160686,0.0,-0.0016324015923019353
BTC/USDT,2025-12-21 19:56:00+00:00,2025-12-21 20:16:00+00:00,prob_floor,-0.0204901861193482,20.0,88511.4,88322.01,0.007085979885077087,-0.003147504163305448,-0.002139724374487395,7.031089985387595e-05,-0.001542310914346312
BTC/USDT,2025-12-21 19:56:00+00:00,2025-12-21 20:17:00+00:00,prob_floor,-0.0204911861194596,21.0,88511.4,88322.02,0.007085979885077087,-0.003147504163305448,-0.0021396113946903217,7.019766984495135e-05,-0.0015424239617709556
BTC/USDT,2025-12-21 19:56:00+00:00,2025-12-21 20:18:00+00:00,prob_floor,-0.0214591862293022,22.0,88511.4,88322.0,0.007085979885077087,-0.003147504163305448,-0.0021398373542842464,0.00018500486854922116,-0.0015421978668962444
BTC/USDT,2025-12-21 19:56:00+00:00,2025-12-21 20:19:00+00:00,prob_floor,-0.0235691864688174,23.0,88511.4,88312.32,0.007085979885077087,-0.003147504163305448,-0.002249201797734357,0.0006373969113255828,-0.0014327559280519209
BTC/USDT,2025-12-21 19:56:00+00:00,2025-12-21 20:20:00+00:00,prob_floor,-0.0226851863684589,24.0,88511.4,88291.23,0.007085979885077087,-0.003147504163305448,-0.0024874761895077313,0.0008765309986054071,-0.00119422959675608
BTC/USDT,2025-12-21 19:56:00+00:00,2025-12-21 20:21:00+00:00,prob_floor,-0.0246091865869135,25.0,88511.4,88291.22,0.007085979885077087,-0.003147504163305448,-0.0024875891693046936,0.0008790228518757992,-0.0011941164704712959
BTC/USDT,2025-12-21 19:56:00+00:00,2025-12-21 20:22:00+00:00,prob_floor,-0.0231181864176149,26.0,88511.4,88280.83,0.007085979885077087,-0.003147504163305448,-0.0026049751783385755,0.0009968189016800189,-0.0010765644138145403
BTC/USDT,2025-12-21 19:56:00+00:00,2025-12-21 20:23:00+00:00,prob_floor,-0.0219141862809417,27.0,88511.4,88280.82,0.007085979885077087,-0.003147504163305448,-0.002605088158135427,0.0009969322894824995,-0.0010764512608743004
BTC/USDT,2025-12-21 19:56:00+00:00,2025-12-21 20:24:00+00:00,trailing_prob_drop,-0.0219141862809417,28.0,88511.4,88307.77,0.007085979885077087,-0.003147504163305448,-0.002300607605347893,0.0006914453847040036,-0.0013813054049491846
BTC/USDT,2025-12-21 19:56:00+00:00,2025-12-21 20:25:00+00:00,prob_floor,-0.0205901861306945,29.0,88511.4,88307.77,0.007085979885077087,-0.003147504163305448,-0.002300607605347893,0.0006914453847040036,-0.0013813054049491846
BTC/USDT,2025-12-21 19:56:00+00:00,2025-12-21 20:27:00+00:00,trailing_prob_drop,-0.0227941863808307,31.0,88511.4,88298.98,0.007085979885077087,-0.003147504163305448,-0.0023999168468694654,0.0007910623656128823,-0.0012818947625442556
BTC/USDT,2025-12-21 19:56:00+00:00,2025-12-21 20:30:00+00:00,trailing_prob_drop,-0.024625186588731,34.0,88511.4,88280.67,0.007085979885077087,-0.003147504163305448,-0.002606782855089862,0.000998633109603686,-0.0010747539636933867
BTC/USDT,2025-12-21 19:56:00+00:00,2025-12-21 20:31:00+00:00,trailing_prob_drop,-0.0248501866142845,35.0,88511.4,88280.66,0.007085979885077087,-0.003147504163305448,-0.0026068958348867133,0.0009987464978173932,-0.0010746408103429195
BTC/USDT,2025-12-21 19:56:00+00:00,2025-12-21 20:32:00+00:00,trailing_prob_drop,-0.0222511863191947,36.0,88511.4,88278.42,0.007085979885077087,-0.003147504163305448,-0.0026322033094041686,0.0010241461050164435,-0.0010492938138222385
BTC/USDT,2025-12-21 19:56:00+00:00,2025-12-21 20:33:00+00:00,trailing_prob_drop,-0.0240351865217322,37.0,88511.4,88304.41,0.007085979885077087,-0.003147504163305448,-0.0023385688171240204,0.0007295218891105737,-0.001343307769113844
BTC/USDT,2025-12-21 19:56:00+00:00,2025-12-21 20:50:00+00:00,prob_floor,-0.0274191869061416,54.0,88511.4,88258.17,0.007085979885077087,-0.003147504163305448,-0.0028609873982333722,0.001253821600878391,-0.001225382307382894
BTC/USDT,2025-12-21 19:56:00+00:00,2025-12-21 20:51:00+00:00,prob_floor,-0.0276901869369411,55.0,88511.4,88252.73,0.007085979885077087,-0.003147504163305448,-0.0029224484077756685,0.0013155400405178153,-0.0018215867089890203
BTC/USDT,2025-12-21 19:56:00+00:00,2025-12-21 20:52:00+00:00,prob_floor,-0.0276901869369411,56.0,88511.4,88250.02,0.007085979885077087,-0.003147504163305448,-0.002953065932749799,0.0013462886467334734,-0.0017909344383151282
BTC/USDT,2025-12-21 19:56:00+00:00,2025-12-21 20:53:00+00:00,prob_floor,-0.0294101871324522,57.0,88511.4,88250.02,0.007085979885077087,-0.003147504163305448,-0.002953065932749799,0.0013462886467334734,-0.0017909344383151282
BTC/USDT,2025-12-21 19:56:00+00:00,2025-12-21 20:54:00+00:00,trailing_prob_drop,-0.0283211870086574,58.0,88511.4,88232.82,0.007085979885077087,-0.003147504163305448,-0.0031473911835083745,0.0015414898900432128,-0.0015963447615071624
BTC/USDT,2025-12-21 19:56:00+00:00,2025-12-21 20:55:00+00:00,trailing_prob_drop,-0.0274371869081893,59.0,88511.4,88243.71,0.007085979885077087,-0.003147504163305448,-0.0030243561846269307,0.0014178914281821609,-0.0017195559887498435
BTC/USDT,2025-12-21 19:56:00+00:00,2025-12-21 20:56:00+00:00,trailing_prob_drop,-0.0296151871557598,60.0,88511.4,88252.55,0.007085979885077087,-0.003147504163305448,-0.0029244820441207686,0.0013175823248166019,-0.0018195508231774182
BTC/USDT,2025-12-21 19:56:00+00:00,2025-12-21 20:57:00+00:00,prob_floor,-0.0295951871534832,61.0,88511.4,88230.77,0.007085979885077087,-0.003147504163305448,-0.0031705520418837674,0.001564760230472917,-0.0015731473271739516
BTC/USDT,2025-12-21 19:56:00+00:00,2025-12-21 20:58:00+00:00,prob_floor,-0.0295951871534832,62.0,88511.4,88230.97,0.007085979885077087,-0.003147504163305448,-0.0031682924459447426,0.0015624899057553598,-0.001575410538952493
BTC/USDT,2025-12-21 19:56:00+00:00,2025-12-21 20:59:00+00:00,prob_floor,-0.0295951871534832,63.0,88511.4,88230.97,0.007085979885077087,-0.003147504163305448,-0.0031682924459447426,0.0015624899057553598,-0.001575410538952493
BTC/USDT,2025-12-21 19:56:00+00:00,2025-12-21 21:00:00+00:00,prob_floor,-0.0325971874949161,64.0,88511.4,88230.97,0.007085979885077087,-0.003147504163305448,-0.0031682924459447426,0.0015624899057553598,-0.001575410538952493
BTC/USDT,2025-12-21 19:56:00+00:00,2025-12-21 21:01:00+00:00,prob_floor,-0.0334801875953885,65.0,88511.4,88186.04,0.007085979885077087,-0.003147504163305448,-0.0036759106736533598,0.0020727770517874333,-0.0010667221251797754
BTC/USDT,2025-12-21 19:56:00+00:00,2025-12-21 21:02:00+00:00,prob_floor,-0.0330241875435002,66.0,88511.4,88200.94,0.007085979885077087,-0.003147504163305448,-0.0035075707761936803,0.0019034944525535558,-0.0012354743611575625
BTC/USDT,2025-12-21 19:56:00+00:00,2025-12-21 21:03:00+00:00,prob_floor,-0.0287131870532139,67.0,88511.4,88196.68,0.007085979885077087,-0.003147504163305448,-0.0035557001696956414,0.0019518875313675466,-0.0011872328981089586
BTC/USDT,2025-12-21 19:56:00+00:00,2025-12-21 21:04:00+00:00,prob_floor,-0.0287041870521926,68.0,88511.4,88239.78,0.007085979885077087,-0.003147504163305448,-0.0030687572448294675,0.0014624923135575507,-0.0016750948381784037
BTC/USDT,2025-12-21 19:56:00+00:00,2025-12-21 21:16:00+00:00,gate_close,-0.0211191861907187,80.0,88511.4,88306.89,0.007085979885077087,-0.003147504163305448,-0.002310549827479802,0.0018183179138118177,-0.002433785178030834
BTC/USDT,2025-12-21 19:56:00+00:00,2025-12-21 21:18:00+00:00,gate_close,-0.015830185590892,82.0,88511.4,88338.34,0.007085979885077087,-0.003147504163305448,-0.001955228366063544,0.001461653003667518,-0.002788936264819908
BTC/USDT,2025-12-21 19:56:00+00:00,2025-12-21 21:19:00+00:00,gate_close,-0.015830185590892,83.0,88511.4,88368.61,0.007085979885077087,-0.003147504163305448,-0.001613238520687621,0.001118609877421406,-0.003130523383812367
BTC/USDT,2025-12-21 19:56:00+00:00,2025-12-21 21:22:00+00:00,gate_close,-0.0181361858523275,86.0,88511.4,88345.55,0.007085979885077087,-0.003147504163305448,-0.0018737699324605783,0.0013799223616810519,-0.002870320010458949
BTC/USDT,2025-12-21 19:56:00+00:00,2025-12-21 21:26:00+00:00,time_limit,-0.017481184,90.0,88511.4,88352.09,0.007085979885077087,-0.003147504163305448,-0.0017998811452535346,0.15608629065820634,-0.002944129561620934
BTC/USDT,2025-12-21 21:27:00+00:00,2025-12-21 21:27:00+00:00,cooldown_after_loss,0.0,,88352.1,88352.1,0.1560861598083123,-0.0029442424118951704,0.0,0.1560861598083123,-0.0029442424118951704
BTC/USDT,2025-12-21 21:28:00+00:00,2025-12-21 21:28:00+00:00,cooldown_after_loss,0.0,,88362.84,88362.84,0.15594564411917955,-0.003065428861272368,0.0,0.15594564411917955,-0.003065428861272368
BTC/USDT,2025-12-21 21:30:00+00:00,2025-12-21 21:30:00+00:00,cooldown_after_loss,0.0,,88341.6,88341.6,0.15622356851132424,-0.002825735553804831,0.0,0.15622356851132424,-0.002825735553804831
BTC/USDT,2025-12-21 21:32:00+00:00,2025-12-21 21:32:00+00:00,dry_run,0.0,,88365.18,88365.18,0.1559150335007522,-0.0030918287044737758,0.0,0.1559150335007522,-0.0030918287044737758
BTC/USDT,2025-12-21 21:32:00+00:00,2025-12-21 21:37:00+00:00,prob_floor,-0.0097212845007802,5.0,88365.18,88284.66,0.1559150335007522,-0.0030918287044737758,-0.0009112186496987862,0.15696928549082023,-0.0021825988795788343
BTC/USDT,2025-12-21 21:32:00+00:00,2025-12-21 21:38:00+00:00,prob_floor,-0.0104642845850205,6.0,88365.18,88284.65,0.1559150335007522,-0.0030918287044737758,-0.0009113318164462036,0.15696941654070118,-0.002182485856827787
BTC/USDT,2025-12-21 21:32:00+00:00,2025-12-21 21:40:00+00:00,prob_floor,-0.0117862847349461,8.0,88365.18,88264.01,0.1559150335007522,-0.0030918287044737758,-0.0011449079829860542,0.15723996677694574,-0.0019491523215406925
BTC/USDT,2025-12-21 21:32:00+00:00,2025-12-21 21:41:00+00:00,prob_floor,-0.0121322847741948,9.0,88365.18,88264.01,0.1559150335007522,-0.0030918287044737758,-0.0011449079829860542,0.15723996677694574,-0.0019491523215406925
BTC/USDT,2025-12-21 21:32:00+00:00,2025-12-21 21:42:00+00:00,prob_floor,-0.0121322847741948,10.0,88365.18,88260.55,0.1559150335007522,-0.0030918287044737758,-0.0011840636775706237,0.15728533302817627,-0.0019100266200471339
BTC/USDT,2025-12-21 21:32:00+00:00,2025-12-21 21:43:00+00:00,prob_floor,-0.014659285060922,11.0,88365.18,88260.54,0.1559150335007522,-0.0030918287044737758,-0.0011841768443180412,0.15728546414966416,-0.0019099135355391539
BTC/USDT,2025-12-21 21:32:00+00:00,2025-12-21 21:44:00+00:00,prob_floor,-0.0141142849990692,12.0,88365.18,88235.28,0.1559150335007522,-0.0030918287044737758,-0.00147003604813567,0.15761677188535028,-0.0016241802598687682
BTC/USDT,2025-12-21 21:32:00+00:00,2025-12-21 21:45:00+00:00,prob_floor,-0.0142682850165484,13.0,88365.18,88240.73,0.1559150335007522,-0.0030918287044737758,-0.0014083601708274607,0.15754527416080988,-0.001685842807510718
BTC/USDT,2025-12-21 21:32:00+00:00,2025-12-21 21:46:00+00:00,prob_floor,-0.0217492858662788,14.0,88365.18,88231.86,0.1559150335007522,-0.0030918287044737758,-0.0015087390757309027,0.1576616428578066,-0.0015854817069480553
BTC/USDT,2025-12-21 21:32:00+00:00,2025-12-21 21:47:00+00:00,prob_floor,-0.0216202858516119,15.0,88365.18,88161.54,0.1559150335007522,-0.0030918287044737758,-0.0023045276431281625,0.1585850247171272,-0.0007891196092989494
BTC/USDT,2025-12-21 21:32:00+00:00,2025-12-21 21:48:00+00:00,prob_floor,-0.0231842860294361,16.0,88365.18,88165.66,0.1559150335007522,-0.0030918287044737758,-0.0022579029432180375,0.15853088379307767,-0.0008358129457659569
BTC/USDT,2025-12-21 21:32:00+00:00,2025-12-21 21:50:00+00:00,prob_floor,-0.02298828600715,18.0,88365.18,88151.99,0.1559150335007522,-0.0030918287044737758,-0.002412601886851662,0.15871054073765078,-0.0006808694846254237
BTC/USDT,2025-12-21 21:32:00+00:00,2025-12-21 21:51:00+00:00,prob_floor,-0.0286282866489028,19.0,88365.18,88125.41,0.1559150335007522,-0.0030918287044737758,-0.0027133991013200687,0.15906002593349622,-0.0003794592274805053
BTC/USDT,2025-12-21 21:32:00+00:00,2025-12-21 21:52:00+00:00,prob_floor,-0.0252872862686432,20.0,88365.18,88095.59,0.1559150335007522,-0.0030918287044737758,-0.003050862341931526,0.15945236305245247,0.0
BTC/USDT,2025-12-21 21:32:00+00:00,2025-12-21 21:53:00+00:00,prob_floor,-0.0232222860337579,21.0,88365.18,88128.99,0.1559150335007522,-0.0030918287044737758,-0.002672885405767156,0.15901294227926588,-0.00016884341917455803
BTC/USDT,2025-12-21 21:32:00+00:00,2025-12-21 21:54:00+00:00,prob_floor,-0.0228162859875916,22.0,88365.18,88149.65,0.1559150335007522,-0.0030918287044737758,-0.0024390829057328034,0.15874129959676542,-0.00032512891429503643
BTC/USDT,2025-12-21 21:32:00+00:00,2025-12-21 21:55:00+00:00,prob_floor,-0.0219012858835562,23.0,88365.18,88163.53,0.1559150335007522,-0.0030918287044737758,-0.0022820074604046336,0.15855887349338205,-0.0004825124402345615
BTC/USDT,2025-12-21 21:32:00+00:00,2025-12-21 21:56:00+00:00,prob_floor,-0.0219012858835562,24.0,88365.18,88140.82,0.1559150335007522,-0.0030918287044737758,-0.0025390091436466866,0.1588573829923523,-0.00022498088853728504
BTC/USDT,2025-12-21 21:32:00+00:00,2025-12-21 21:57:00+00:00,prob_floor,-0.0219012858835562,25.0,88365.18,88165.48,0.1559150335007522,-0.0030918287044737758,-0.0022599399446704416,0.15853324906754884,-0.000504619268221429
BTC/USDT,2025-12-21 21:32:00+00:00,2025-12-21 21:58:00+00:00,prob_floor,-0.0219012858835562,26.0,88365.18,88162.85,0.1559150335007522,-0.0030918287044737758,-0.00228970279922458,0.15856780945715787,-0.0004748031625565474
BTC/USDT,2025-12-21 21:32:00+00:00,2025-12-21 21:59:00+00:00,prob_floor,-0.0260872863596697,27.0,88365.18,88162.86,0.1559150335007522,-0.0030918287044737758,-0.0022895896324772735,0.15856767804492722,-0.0004749165351486395
BTC/USDT,2025-12-21 21:32:00+00:00,2025-12-21 22:00:00+00:00,prob_floor,-0.0260872863596697,28.0,88365.18,88120.99,0.1559150335007522,-0.0030918287044737758,-0.00276341880365083,0.15911816242645482,0.0
BTC/USDT,2025-12-21 21:32:00+00:00,2025-12-21 22:01:00+00:00,prob_floor,-0.020962285776817,29.0,88365.18,88121.0,0.1559150335007522,-0.0030918287044737758,-0.0027633056369035236,0.36176393822130937,0.0
BTC/USDT,2025-12-21 21:32:00+00:00,2025-12-21 22:14:00+00:00,take_profit,0.0085597164000004,42.0,88365.18,88370.58,0.1559150335007522,-0.0030918287044737758,6.111004357145511e-05,0.35791798582740997,-0.0013411703306689393
BTC/USDT,2025-12-21 22:17:00+00:00,2025-12-21 22:17:00+00:00,dry_run,0.0,,88389.15,88389.15,0.3576326958682148,-0.0015509822189714306,0.0,0.3576326958682148,-0.0015509822189714306
BTC/USDT,2025-12-21 22:17:00+00:00,2025-12-21 22:19:00+00:00,trailing_prob_drop,-0.010631002404119,2.0,88389.15,88258.36,0.3576326958682148,-0.0015509822189714306,-0.0014797065024383382,0.35964457078060375,-7.138133996598128e-05
BTC/USDT,2025-12-21 22:17:00+00:00,2025-12-21 22:29:00+00:00,prob_trailing,0.0044499985999998,12.0,88389.15,88355.18,0.3576326958682148,-0.0015509822189714306,-0.0003843231889887333,0.3581546662006687,-0.0006491979304437123
BTC/USDT,2025-12-21 22:35:00+00:00,2025-12-21 22:35:00+00:00,dry_run,0.0,,88370.23,88370.23,0.35792336401070823,-6.959357240543529e-05,0.0,0.35792336401070823,-6.959357240543529e-05
BTC/USDT,2025-12-21 22:35:00+00:00,2025-12-21 22:40:00+00:00,gate_close,0.0021683512,5.0,88370.23,88405.57,0.35792336401070823,-6.959357240543529e-05,0.00039990843070136783,0.3573805360906557,-0.0004693143203533534
BTC/USDT,2025-12-21 22:41:00+00:00,2025-12-21 22:41:00+00:00,cooldown_after_exit,0.0,,88421.81,88421.81,0.3571312326675964,-0.0006005305704552821,0.0,0.3571312326675964,-0.0006005305704552821
BTC/USDT,2025-12-21 22:43:00+00:00,2025-12-21 22:43:00+00:00,dry_run,0.0,,88441.23,88441.23,0.35683323264500055,-0.0008199795502616958,0.0,0.35683323264500055,-0.0008199795502616958
BTC/USDT,2025-12-21 22:43:00+00:00,2025-12-21 22:46:00+00:00,gate_close,-0.0057898252546912,3.0,88441.23,88421.64,0.35683323264500055,-0.0008199795502616958,-0.0002215030252292749,0.3571338418966217,-0.0005986091187631937
BTC/USDT,2025-12-21 22:43:00+00:00,2025-12-21 23:00:00+00:00,take_profit,0.0141061752,17.0,88441.23,88506.63,0.35683323264500055,-0.0008199795502616958,0.0007394741117916492,0.35583063099340695,-0.0014901708493476606
BTC/USDT,2025-12-21 23:04:00+00:00,2025-12-21 23:04:00+00:00,dry_run,0.0,,88718.41,88718.41,0.11847529729173467,-0.003873716853131093,0.0,0.11847529729173467,-0.003873716853131093
BTC/USDT,2025-12-21 23:04:00+00:00,2025-12-21 23:05:00+00:00,gate_close,-0.0137399823515847,1.0,88718.41,88649.04,0.11847529729173467,-0.003873716853131093,-0.0007819121194801992,0.11935053103789972,-0.0030942241450103714
BTC/USDT,2025-12-21 23:04:00+00:00,2025-12-21 23:06:00+00:00,gate_close,-0.0088359817972049,2.0,88718.41,88529.39,0.11847529729173467,-0.003873716853131093,-0.002130561176648671,0.12086336526208985,-0.001746877505876765
BTC/USDT,2025-12-21 23:04:00+00:00,2025-12-21 23:15:00+00:00,gate_close,-0.0063479815161785,11.0,88718.41,88627.06,0.11847529729173467,-0.003873716853131093,-0.0010296622764092156,0.11962813614713164,-0.002846986010818786
BTC/USDT,2025-12-21 23:04:00+00:00,2025-12-21 23:17:00+00:00,prob_floor,-0.0094799818699694,13.0,88718.41,88595.18,0.11847529729173467,-0.003873716853131093,-0.0013890014485157254,0.12003102200368021,-0.0024881714784030784
BTC/USDT,2025-12-21 23:04:00+00:00,2025-12-21 23:18:00+00:00,prob_floor,-0.0071599816078767,14.0,88718.41,88571.99,0.11847529729173467,-0.003873716853131093,-0.0016503902628551836,0.12032426955745268,-0.0022270020127130863
BTC/USDT,2025-12-21 23:04:00+00:00,2025-12-21 23:19:00+00:00,prob_floor,-0.0084819817572078,15.0,88718.41,88586.46,0.11847529729173467,-0.003873716853131093,-0.0014872899548131757,0.12014127215378068,-0.0023899814937858865
BTC/USDT,2025-12-21 23:04:00+00:00,2025-12-21 23:20:00+00:00,trailing_prob_drop,-0.0061169814900947,16.0,88718.41,88581.97,0.11847529729173467,-0.003873716853131093,-0.0015378995182623312,0.12019804933216105,-0.0023394151202552615
BTC/USDT,2025-12-21 23:04:00+00:00,2025-12-21 23:24:00+00:00,trailing_prob_drop,-0.005230981390062,20.0,88718.41,88632.86,0.11847529729173467,-0.003873716853131093,-0.0009642868937800309,0.11955486937914461,-0.002912238192471661
BTC/USDT,2025-12-21 23:04:00+00:00,2025-12-21 23:26:00+00:00,prob_floor,-0.0151329825091704,22.0,88718.41,88537.84,0.11847529729173467,-0.003873716853131093,-0.0020353160071286958,0.12075639071384625,-0.00325103932962445
BTC/USDT,2025-12-21 23:04:00+00:00,2025-12-21 23:27:00+00:00,trailing_prob_drop,-0.0157029825736699,23.0,88718.41,88534.26,0.11847529729173467,-0.003873716853131093,-0.0020756683984757274,0.12080170998210193,-0.20934562507214716
BTC/USDT,2025-12-21 23:04:00+00:00,2025-12-21 23:28:00+00:00,trailing_prob_drop,-0.021678983250367,24.0,88718.41,88509.76,0.11847529729173467,-0.003873716853131093,-0.002351823031995326,0.1211119542070842,-0.20912676748869274
BTC/USDT,2025-12-21 23:04:00+00:00,2025-12-21 23:29:00+00:00,prob_floor,-0.026585983806703,25.0,88718.41,88450.01,0.11847529729173467,-0.003873716853131093,-0.0030253021892525656,0.12186929091359078,-0.20859251457405148
BTC/USDT,2025-12-21 23:04:00+00:00,2025-12-21 23:30:00+00:00,prob_floor,-0.0261889837616698,26.0,88718.41,88383.66,0.11847529729173467,-0.003873716853131093,-0.0037731740232945787,0.1227114830954048,-0.20799840151448812
BTC/USDT,2025-12-21 23:04:00+00:00,2025-12-21 23:31:00+00:00,prob_floor,-0.0269279838455002,27.0,88718.41,88402.81,0.11847529729173467,-0.003873716853131093,-0.0035573225444415213,0.12246827900606339,-0.20816996654291864
BTC/USDT,2025-12-21 23:04:00+00:00,2025-12-21 23:32:00+00:00,prob_floor,-0.0282349839937955,28.0,88718.41,88397.52,0.11847529729173467,-0.003873716853131093,-0.0036169494020462656,0.12253545122080345,-0.20812258081448443
BTC/USDT,2025-12-21 23:04:00+00:00,2025-12-21 23:33:00+00:00,prob_floor,-0.0282349839937955,29.0,88718.41,88384.45,0.11847529729173467,-0.003873716853131093,-0.0037642694453158265,0.12270144804883665,-0.20800548060207424
BTC/USDT,2025-12-21 23:04:00+00:00,2025-12-21 23:35:00+00:00,prob_floor,-0.0240469835187625,31.0,88718.41,88426.33,0.11847529729173467,-0.003873716853131093,-0.003292214096262569,0.12216972026318418,-0.20838058076140897
BTC/USDT,2025-12-21 23:04:00+00:00,2025-12-21 23:36:00+00:00,prob_floor,-0.0213909832177336,32.0,88718.41,88451.99,0.11847529729173467,-0.003873716853131093,-0.0030029843862170447,0.12184417784156132,-0.20861023025033132
BTC/USDT,2025-12-21 23:04:00+00:00,2025-12-21 23:37:00+00:00,prob_floor,-0.0173649827617747,33.0,88718.41,88452.88,0.11847529729173467,-0.003873716853131093,-0.002992952646468705,0.12183289000878217,-0.20861819309896978
BTC/USDT,2025-12-21 23:04:00+00:00,2025-12-21 23:38:00+00:00,prob_floor,-0.0105649819925908,34.0,88718.41,88493.14,0.11847529729173467,-0.003873716853131093,-0.0025391573180809646,0.12132251155287288,-0.2089782326630064
BTC/USDT,2025-12-21 23:04:00+00:00,2025-12-21 23:39:00+00:00,prob_floor,-0.0115799821073272,35.0,88718.41,88561.14,0.11847529729173467,-0.003873716853131093,-0.0017726873148425915,0.1204615252242689,-0.2095856037986864
BTC/USDT,2025-12-21 23:04:00+00:00,2025-12-21 23:40:00+00:00,trailing_prob_drop,-0.0126789822315899,36.0,88718.41,88551.0,0.11847529729173467,-0.003873716853131093,-0.001886981518266606,0.12058982958972808,-0.20949509322311433
BTC/USDT,2025-12-21 23:04:00+00:00,2025-12-21 23:41:00+00:00,trailing_prob_drop,-0.0134689823209324,37.0,88718.41,88540.01,0.11847529729173467,-0.003873716853131093,-0.002010856596731281,0.1207289224385677,-0.20939697205816887
BTC/USDT,2025-12-21 23:04:00+00:00,2025-12-21 23:42:00+00:00,trailing_prob_drop,-0.0168699827057445,38.0,88718.41,88532.11,0.11847529729173467,-0.003873716853131093,-0.002099902376519136,0.12082892862262073,-0.20932642405111546
BTC/USDT,2025-12-21 23:04:00+00:00,2025-12-21 23:43:00+00:00,trailing_prob_drop,-0.0182939828669499,39.0,88718.41,88498.09,0.11847529729173467,-0.003873716853131093,-0.002483362810492329,0.12125979216048632,-0.20902247720826517
BTC/USDT,2025-12-21 23:04:00+00:00,2025-12-21 23:44:00+00:00,trailing_prob_drop,-0.0170989827316634,40.0,88718.41,88483.86,0.11847529729173467,-0.003873716853131093,-0.0026437579302875935,0.12144011348510353,-0.20889527197389446
BTC/USDT,2025-12-21 23:04:00+00:00,2025-12-21 23:48:00+00:00,gate_close,-0.0131849822888126,44.0,88718.41,88522.31,0.11847529729173467,-0.003873716853131093,-0.002210364229927042,0.12095301173229678,-0.2092388913032206
BTC/USDT,2025-12-21 23:04:00+00:00,2025-12-21 23:51:00+00:00,gate_close,-0.0048709813494203,47.0,88718.41,88649.99,0.11847529729173467,-0.003873716853131093,-0.0007712040826700628,0.11933853574038755,-0.21037780150905827
BTC/USDT,2025-12-21 23:04:00+00:00,2025-12-22 00:01:00+00:00,gate_close,0.004251018999999,57.0,88718.41,88757.02,0.11847529729173467,-0.003873716853131093,0.0004351971591916026,0.10432831115781038,-0.21132998832092387
BTC/USDT,2025-12-22 00:03:00+00:00,2025-12-22 00:03:00+00:00,dry_run,0.0,,88696.41,88696.41,0.19617738756281122,-0.2107910568195489,0.0,0.19617738756281122,-0.2107910568195489
BTC/USDT,2025-12-22 00:03:00+00:00,2025-12-22 00:04:00+00:00,gate_close,0.0068437759702572,1.0,88696.41,88761.24,0.19617738756281122,-0.2107910568195489,0.0007309202255199043,0.19530371590121987,-0.21136748427579433
BTC/USDT,2025-12-22 00:03:00+00:00,2025-12-22 00:05:00+00:00,take_profit,0.0115477764989127,2.0,88696.41,88847.45,0.19617738756281122,-0.2107910568195489,0.001702887411113796,0.19414389495703022,-0.21213270611593238
BTC/USDT,2025-12-22 00:03:00+00:00,2025-12-22 00:06:00+00:00,take_profit,0.0109277764292642,3.0,88696.41,88894.49,0.19617738756281122,-0.2107910568195489,0.0022332358209311565,0.193511993825489,-0.21254961921711912
BTC/USDT,2025-12-22 00:03:00+00:00,2025-12-22 00:07:00+00:00,take_profit,0.0094277762607258,4.0,88696.41,88888.29,0.19617738756281122,-0.2107910568195489,0.002163334457392141,0.19359524184794208,-0.21249469418300204
BTC/USDT,2025-12-22 00:03:00+00:00,2025-12-22 00:08:00+00:00,take_profit,0.0160987750000005,5.0,88696.41,88873.3,0.19617738756281122,-0.2107910568195489,0.0019943309994170377,0.1937965620720734,-0.21236186796259393
BTC/USDT,2025-12-22 00:12:00+00:00,2025-12-22 00:12:00+00:00,dry_run,0.0,,89001.52,89001.52,0.19207671958860928,-0.21349657848540116,0.0,0.19207671958860928,-0.21349657848540116
BTC/USDT,2025-12-22 00:12:00+00:00,2025-12-22 00:13:00+00:00,gate_close,0.005241046586139,1.0,89001.52,89347.7,0.19207671958860928,-0.21349657848540116,0.003889596492284486,0.18745798716698925,-0.2165439065583109
BTC/USDT,2025-12-22 00:12:00+00:00,2025-12-22 00:14:00+00:00,take_profit,0.0199750482298999,2.0,89001.52,89418.0,0.19207671958860928,-0.21349657848540116,0.004679470642748429,0.18652441342906356,-0.2171598559574135
BTC/USDT,2025-12-22 00:12:00+00:00,2025-12-22 00:15:00+00:00,take_profit,0.0225450485160616,3.0,89001.52,89605.15,0.19207671958860928,-0.21349657848540116,0.006782243718983505,0.1840462294856937,-0.2187949018555294
BTC/USDT,2025-12-22 00:12:00+00:00,2025-12-22 00:16:00+00:00,gate_close,-0.0154789557346233,4.0,89001.52,89591.04,0.19207671958860928,-0.21349657848540116,0.006623707100732457,0.1842327089851843,-0.2186718671867186
BTC/USDT,2025-12-22 00:12:00+00:00,2025-12-22 00:17:00+00:00,gate_close,-0.018273956048505,5.0,89001.52,89210.8,0.19207671958860928,-0.21349657848540116,0.0023514205150654277,0.18928022167719605,-0.21534164024983526
BTC/USDT,2025-12-22 00:12:00+00:00,2025-12-22 00:22:00+00:00,gate_close,-0.0325599576559184,10.0,89001.52,89055.95,0.19207671958860928,-0.21349657848540116,0.0006115625890432685,0.1913481356383262,-0.21397728057473975
BTC/USDT,2025-12-22 00:12:00+00:00,2025-12-22 00:23:00+00:00,gate_close,-0.0444319589956462,11.0,89001.52,88973.25,0.19207671958860928,-0.21349657848540116,-0.0003176350246603121,0.19245548521606204,-0.21324667807458986
BTC/USDT,2025-12-22 00:12:00+00:00,2025-12-22 00:24:00+00:00,gate_close,-0.0502789596567823,12.0,89001.52,88921.28,0.19207671958860928,-0.21349657848540116,-0.0009015576363190503,0.19315241525987936,-0.2127868604680454
BTC/USDT,2025-12-22 00:12:00+00:00,2025-12-22 00:25:00+00:00,prob_floor,-0.0486939647546126,13.0,89001.52,88862.8,0.19207671958860928,-0.21349657848540116,-0.0015586250661786538,0.19393762069167297,-0.2122688008930621
BTC/USDT,2025-12-22 00:12:00+00:00,2025-12-22 00:26:00+00:00,trailing_prob_drop,-0.0442349589733859,14.0,89001.52,88878.66,0.19207671958860928,-0.21349657848540116,-0.0013804258623897336,0.19372456785464576,-0.21240936800802357
BTC/USDT,2025-12-22 00:12:00+00:00,2025-12-22 00:28:00+00:00,trailing_prob_drop,-0.0353599579715699,16.0,89001.52,88968.04,0.19207671958860928,-0.21349657848540116,-0.00037617335074735525,0.19252531583251709,-0.07813907106417084
BTC/USDT,2025-12-22 00:12:00+00:00,2025-12-22 00:29:00+00:00,trailing_prob_drop,-0.0419551744114699,17.0,89001.52,89026.86,0.19207671958860928,-0.21349657848540116,0.000284714238588224,0.19173741497790675,-0.07874814409943243
BTC/USDT,2025-12-22 00:12:00+00:00,2025-12-22 00:30:00+00:00,trailing_prob_drop,-0.0431859588548722,18.0,89001.52,88950.18,0.19207671958860928,-0.21349657848540116,-0.0005768440808652242,0.1927647588796335,-0.07795397378622493
BTC/USDT,2025-12-22 00:12:00+00:00,2025-12-22 00:31:00+00:00,prob_floor,-0.0502719596559925,19.0,89001.52,88920.0,0.19207671958860928,-0.21349657848540116,-0.0009159394131695864,0.19316959064327488,-0.0776410256410256
BTC/USDT,2025-12-22 00:12:00+00:00,2025-12-22 00:32:00+00:00,prob_floor,-0.0485599594623198,20.0,89001.52,88864.86,0.19207671958860928,-0.21349657848540116,-0.0015354793940598466,0.19390994370553227,-0.07706870859865189
BTC/USDT,2025-12-22 00:12:00+00:00,2025-12-22 00:33:00+00:00,prob_floor,-0.0452149590841318,21.0,89001.52,88888.0,0.19207671958860928,-0.21349657848540116,-0.001275483834433433,0.1935991359913598,-0.07730897308973084
BTC/USDT,2025-12-22 00:12:00+00:00,2025-12-22 00:34:00+00:00,prob_floor,-0.0405599585583069,22.0,89001.52,88917.2,0.19207671958860928,-0.21349657848540116,-0.0009473995500302035,0.19320716351841938,-0.07761198058418384
BTC/USDT,2025-12-22 00:12:00+00:00,2025-12-22 00:35:00+00:00,prob_floor,-0.1452047259063535,23.0,89001.52,88959.99,0.19207671958860928,-0.21349657848540116,-0.00046662124422147677,0.19263322758916668,-0.07805565175985296
BTC/USDT,2025-12-22 00:12:00+00:00,2025-12-22 00:36:00+00:00,prob_floor,-0.0247959567816996,24.0,89001.52,88995.55,0.19207671958860928,-0.21349657848540116,-6.707750609202812e-05,0.1921566864860096,-0.07842403356122862
BTC/USDT,2025-12-22 00:12:00+00:00,2025-12-22 00:37:00+00:00,trailing_prob_drop,-0.0228599565639451,25.0,89001.52,89117.63,0.19207671958860928,-0.21349657848540116,0.0013045844610295454,0.19052358102431577,-0.07968647729972178
BTC/USDT,2025-12-22 00:12:00+00:00,2025-12-22 00:41:00+00:00,gate_close,-0.0346979578969234,29.0,89001.52,89094.91,0.19207671958860928,-0.21349657848540116,0.00104930792193203,0.19082717520001968,-0.07945178910894013
BTC/USDT,2025-12-22 00:12:00+00:00,2025-12-22 00:42:00+00:00,gate_close,-0.0281419571582698,30.0,89001.52,89018.61,0.19207671958860928,-0.21349657848540116,0.00019201919248112986,0.19184786192460201,-0.07866276501059721
BTC/USDT,2025-12-22 00:12:00+00:00,2025-12-22 00:43:00+00:00,gate_close,-0.0253659568458319,31.0,89001.52,89084.18,0.19207671958860928,-0.21349657848540116,0.0009287481831770084,0.19097060780039743,-0.07934091103493335
BTC/USDT,2025-12-22 00:12:00+00:00,2025-12-22 00:45:00+00:00,trailing_prob_drop,-0.0257729568916255,33.0,89001.52,89041.1,0.19207671958860928,-0.21349657848540116,0.00044471150605063237,0.191546825005531,-0.07889547635867034
BTC/USDT,2025-12-22 00:12:00+00:00,2025-12-22 00:48:00+00:00,gate_close,-0.022162956485572,36.0,89001.52,89160.01,0.19207671958860928,-0.21349657848540116,0.0017807561039406838,0.18995769515952277,-0.08012392551324288
BTC/USDT,2025-12-22 00:12:00+00:00,2025-12-22 00:49:00+00:00,gate_close,-0.0231759565994815,37.0,89001.52,89143.96,0.19207671958860928,-0.21349657848540116,0.0016004221051506562,0.1901719421035366,-0.07995830564403916
BTC/USDT,2025-12-22 00:12:00+00:00,2025-12-22 00:52:00+00:00,trailing_prob_drop,-0.0399189584859458,40.0,89001.52,88972.72,0.19207671958860928,-0.21349657848540116,-0.0003235899791375063,0.19246258853275466,-0.07818767370492896
BTC/USDT,2025-12-22 00:12:00+00:00,2025-12-22 00:53:00+00:00,trailing_prob_drop,-0.0424299587694769,41.0,89001.52,88966.4,0.19207671958860928,-0.21349657848540116,-0.0003946000023371532,0.19254729875548526,-0.07812218995036324
BTC/USDT,2025-12-22 00:12:00+00:00,2025-12-22 00:54:00+00:00,prob_floor,-0.0414529586591389,42.0,89001.52,88941.3,0.19207671958860928,-0.21349657848540116,-0.0006766176577658323,0.19288384586238339,-0.07786202810168064
BTC/USDT,2025-12-22 00:12:00+00:00,2025-12-22 00:55:00+00:00,prob_floor,-0.0397239584639313,43.0,89001.52,88958.46,0.19207671958860928,-0.21349657848540116,-0.00048381196186308983,0.19265373973425337,-0.07803990761530732
BTC/USDT,2025-12-22 00:12:00+00:00,2025-12-22 00:56:00+00:00,prob_floor,-0.0495749595771351,44.0,89001.52,88968.35,0.19207671958860928,-0.21349657848540116,-0.0003726902641663088,0.1925211606149826,-0.07814239558224934
BTC/USDT,2025-12-22 00:12:00+00:00,2025-12-22 00:57:00+00:00,prob_floor,-0.050918959729204,45.0,89001.52,88869.85,0.19207671958860928,-0.21349657848540116,-0.0014794129358689512,0.19384290622747757,-0.07712064327778223
BTC/USDT,2025-12-22 00:12:00+00:00,2025-12-22 00:58:00+00:00,prob_floor,-0.0732369622611418,46.0,89001.52,88856.4,0.19207671958860928,-0.21349657848540116,-0.0016305339504315564,0.19402361563151338,-0.07698094903687303
BTC/USDT,2025-12-22 00:12:00+00:00,2025-12-22 00:59:00+00:00,prob_floor,-0.0722509621490125,47.0,89001.52,88633.23,0.19207671958860928,-0.21349657848540116,-0.004138019215851663,0.1970300529496669,-0.07465687530511977
BTC/USDT,2025-12-22 00:12:00+00:00,2025-12-22 01:00:00+00:00,prob_floor,-0.0768109311737273,48.0,89001.52,88643.09,0.19207671958860928,-0.21349657848540116,-0.004027234591049811,0.19689690420313655,-0.07475980361244183
BTC/USDT,2025-12-22 00:12:00+00:00,2025-12-22 01:03:00+00:00,prob_floor,-0.0623749610272771,51.0,89001.52,88700.01,0.19207671958860928,-0.21349657848540116,-0.0033876949517267496,0.006902592231951443,-0.0753535428011789
BTC/USDT,2025-12-22 00:12:00+00:00,2025-12-22 01:04:00+00:00,prob_floor,-0.0511389597541002,52.0,89001.52,88741.85,0.19207671958860928,-0.21349657848540116,-0.0029175906209242264,0.0064278578821603816,-0.07578949503531884
BTC/USDT,2025-12-22 00:12:00+00:00,2025-12-22 01:05:00+00:00,prob_floor,-0.0484659594516909,53.0,89001.52,88872.24,0.19207671958860928,-0.21349657848540116,-0.0014525594619058113,0.0049512648719105545,-0.0771454618450037
BTC/USDT,2025-12-22 00:12:00+00:00,2025-12-22 01:06:00+00:00,prob_floor,-0.0490879595220418,54.0,89001.52,88880.94,0.19207671958860928,-0.21349657848540116,-0.0013548083223747787,0.004852896470266765,-0.07723579431090632
BTC/USDT,2025-12-22 00:12:00+00:00,2025-12-22 01:07:00+00:00,prob_floor,-0.0456599591344272,55.0,89001.52,88874.72,0.19207671958860928,-0.21349657848540116,-0.0014246947692578837,0.004923222261628446,-0.07717121359144652
BTC/USDT,2025-12-22 00:12:00+00:00,2025-12-22 01:08:00+00:00,prob_floor,-0.0525479599135788,56.0,89001.52,88909.0,0.19207671958860928,-0.21349657848540116,-0.0010395328079790822,0.004535761284009565,-0.07752702201127004
BTC/USDT,2025-12-22 00:12:00+00:00,2025-12-22 01:10:00+00:00,trailing_prob_drop,-0.0497449595963657,58.0,89001.52,88868.15,0.19207671958860928,-0.21349657848540116,-0.0014985137332487186,0.004997515982947842,-0.07710298909114233
BTC/USDT,2025-12-22 00:12:00+00:00,2025-12-22 01:11:00+00:00,trailing_prob_drop,-0.0339519578128173,59.0,89001.52,88919.22,0.19207671958860928,-0.21349657848540116,-0.0009247033084378575,0.004420304181705692,-0.07763304716348174
BTC/USDT,2025-12-22 00:12:00+00:00,2025-12-22 01:12:00+00:00,trailing_prob_drop,-0.040358958535615,60.0,89001.52,89026.07,0.19207671958860928,-0.21349657848540116,0.00027583798568842077,0.0032147886568507644,-0.07874008141660094
BTC/USDT,2025-12-22 00:12:00+00:00,2025-12-22 01:13:00+00:00,trailing_prob_drop,-0.0447589590325984,61.0,89001.52,88968.39,0.19207671958860928,-0.21349657848540116,-0.0003722408336397365,0.003865193019678248,-0.0781428100474787
BTC/USDT,2025-12-22 00:12:00+00:00,2025-12-22 01:14:00+00:00,trailing_prob_drop,-0.0365599581069099,62.0,89001.52,88918.01,0.19207671958860928,-0.21349657848540116,-0.0009382985818670031,0.004433972375225359,-0.07762049555539985
BTC/USDT,2025-12-22 00:12:00+00:00,2025-12-22 01:15:00+00:00,gate_close,-0.0361319580586345,63.0,89001.52,88999.99,0.19207671958860928,-0.21349657848540116,-1.7190717641613062e-05,0.0035087644391869066,-0.07847012117641827
BTC/USDT,2025-12-22 00:12:00+00:00,2025-12-22 01:21:00+00:00,gate_close,-0.0321589576107294,69.0,89001.52,89019.38,0.19207671958860928,-0.21349657848540116,0.00020067073011786896,0.003290182429938282,-0.07867084673022895
BTC/USDT,2025-12-22 00:12:00+00:00,2025-12-22 01:22:00+00:00,gate_close,-0.0317569575654308,70.0,89001.52,89044.01,0.19207671958860928,-0.21349657848540116,0.0004774075768592123,0.0030126675561894523,-0.07892569079043055
BTC/USDT,2025-12-22 00:12:00+00:00,2025-12-22 01:25:00+00:00,gate_close,-0.0301669573863072,73.0,89001.52,89020.0,0.19207671958860928,-0.21349657848540116,0.00020763690327973983,0.0032831947876881262,-0.07867726353628401
BTC/USDT,2025-12-22 00:12:00+00:00,2025-12-22 01:27:00+00:00,trailing_prob_drop,-0.0325609576560335,75.0,89001.52,89075.29,0.19207671958860928,-0.21349657848540116,0.0008288622486445352,0.0026604460114585393,-0.07924913856581328
BTC/USDT,2025-12-22 00:12:00+00:00,2025-12-22 01:30:00+00:00,trailing_prob_drop,-0.0265599569801905,78.0,89001.52,89055.31,0.19207671958860928,-0.21349657848540116,0.0006043717006181115,0.0028853978499430166,-0.07904256354842853
BTC/USDT,2025-12-22 00:12:00+00:00,2025-12-22 01:31:00+00:00,trailing_prob_drop,-0.0247399567753998,79.0,89001.52,89100.0,0.19207671958860928,-0.21349657848540116,0.0011064979564392452,0.00238237934904606,-0.07950448933782273
BTC/USDT,2025-12-22 00:12:00+00:00,2025-12-22 01:32:00+00:00,trailing_prob_drop,-0.0284419571920465,80.0,89001.52,89118.2,0.19207671958860928,-0.21349657848540116,0.0013109888460332009,0.002177669656703296,-0.07969247583546346
BTC/USDT,2025-12-22 00:12:00+00:00,2025-12-22 01:36:00+00:00,gate_close,-0.0226379565389812,84.0,89001.52,89216.18,0.19207671958860928,-0.21349657848540116,0.002411868920890292,0.0010770467868048694,-0.08070318635027862
BTC/USDT,2025-12-22 00:12:00+00:00,2025-12-22 01:39:00+00:00,gate_close,-0.0185589560805225,87.0,89001.52,89263.37,0.19207671958860928,-0.21349657848540116,0.0029420845846226396,0.0005478170945150129,-0.08118918207995063
BTC/USDT,2025-12-22 00:12:00+00:00,2025-12-22 01:40:00+00:00,gate_close,-0.0185599560806343,88.0,89001.52,89199.52,0.19207671958860928,-0.21349657848540116,0.0022246811065698147,0.0012640202548175328,-0.08053148716495351
BTC/USDT,2025-12-22 00:12:00+00:00,2025-12-22 01:42:00+00:00,time_limit,-0.021284954200001,90.0,89001.52,89140.0,0.19207671958860928,-0.21349657848540116,0.001555928483019109,0.0019325779672425547,-0.07991754543414864
BTC/USDT,2025-12-22 01:43:00+00:00,2025-12-22 01:43:00+00:00,cooldown_after_loss,0.0,,89162.0,89162.0,0.0016853592337542356,-0.08014456831385575,0.0,0.0016853592337542356,-0.08014456831385575
BTC/USDT,2025-12-22 01:44:00+00:00,2025-12-22 01:44:00+00:00,cooldown_after_loss,0.0,,89112.87,89112.87,0.0022376116940237,-0.07963743059784745,0.0,0.0022376116940237,-0.07963743059784745
BTC/USDT,2025-12-22 01:45:00+00:00,2025-12-22 01:45:00+00:00,cooldown_after_loss,0.0,,89117.76,89117.76,0.0021826176959565124,-0.07968793201265378,0.0,0.0021826176959565124,-0.07968793201265378
BTC/USDT,2025-12-22 02:21:00+00:00,2025-12-22 02:21:00+00:00,dry_run,0.0,,88282.0,88282.0,0.004819668788654585,-0.05239493894565139,0.0,0.004819668788654585,-0.05239493894565139
BTC/USDT,2025-12-22 02:21:00+00:00,2025-12-22 02:22:00+00:00,gate_close,-0.0007955600898587,1.0,88282.0,88380.11,0.004819668788654585,-0.05239493894565139,0.0011113250719285706,0.003983701762760861,-0.05344686717407343
BTC/USDT,2025-12-22 02:21:00+00:00,2025-12-22 02:28:00+00:00,prob_floor,-0.0067745607666955,7.0,88282.0,88270.01,0.004819668788654585,-0.05239493894565139,-0.0001358147753789396,0.006502661549488975,-0.0522662226955678
BTC/USDT,2025-12-22 02:21:00+00:00,2025-12-22 02:33:00+00:00,prob_floor,0.0004314398000005,12.0,88282.0,88258.52,0.004819668788654585,-0.05239493894565139,-0.0002659658820597377,0.006633693834884102,-0.05214284128036595
BTC/USDT,2025-12-22 02:34:00+00:00,2025-12-22 02:34:00+00:00,cooldown_after_exit,0.0,,88400.0,88400.0,0.005022624434389167,-0.053659841628959315,0.0,0.005022624434389167,-0.053659841628959315
BTC/USDT,2025-12-22 02:37:00+00:00,2025-12-22 02:37:00+00:00,dry_run,0.0,,88513.99,88513.99,0.003728337181500896,-0.0511819656983038,0.0,0.003728337181500896,-0.0511819656983038
BTC/USDT,2025-12-22 02:37:00+00:00,2025-12-22 02:40:00+00:00,gate_close,-0.0062969279116375,3.0,88513.99,88468.25,0.003728337181500896,-0.0511819656983038,-0.0005167544701126792,0.004247286455875354,-0.006233648794906621
BTC/USDT,2025-12-22 02:37:00+00:00,2025-12-22 02:41:00+00:00,trailing_prob_drop,-0.0149879288956855,4.0,88513.99,88451.11,0.003728337181500896,-0.0511819656983038,-0.0007103961757910504,0.004441888858149889,-0.006041077381617854
BTC/USDT,2025-12-22 02:37:00+00:00,2025-12-22 02:42:00+00:00,prob_floor,-0.0140909287940308,5.0,88513.99,88364.21,0.003728337181500896,-0.0511819656983038,-0.001692161883110166,0.0054296869739456355,-0.005063588527527196
BTC/USDT,2025-12-22 02:37:00+00:00,2025-12-22 02:43:00+00:00,trailing_prob_drop,-0.0150089288980633,6.0,88513.99,88342.0,0.003728337181500896,-0.0511819656983038,-0.001943082669756513,0.005682461343415435,-0.0048134522650606915
BTC/USDT,2025-12-22 02:37:00+00:00,2025-12-22 02:44:00+00:00,trailing_prob_drop,-0.0045689991051218,7.0,88513.99,88364.0,0.003728337181500896,-0.0511819656983038,-0.001694534389422575,0.005432076411208131,-0.005061224027884559
BTC/USDT,2025-12-22 02:37:00+00:00,2025-12-22 02:45:00+00:00,trailing_prob_drop,-0.0046869277295554,8.0,88513.99,88473.66,0.003728337181500896,-0.0511819656983038,-0.00045563418844862813,0.004185878599348047,-0.006294415761708083
BTC/USDT,2025-12-22 02:37:00+00:00,2025-12-22 02:47:00+00:00,gate_close,0.0025920726000009,10.0,88513.99,88514.84,0.003728337181500896,-0.0511819656983038,9.60300174002171e-06,0.003718698469092896,-0.002575161407962767
BTC/USDT,2025-12-22 02:48:00+00:00,2025-12-22 02:48:00+00:00,cooldown_after_exit,0.0,,88540.0,88540.0,0.003745990512762587,-0.0028585949853174863,0.0,0.003745990512762587,-0.0028585949853174863
BTC/USDT,2025-12-22 02:49:00+00:00,2025-12-22 02:49:00+00:00,dry_run,0.0,,88527.97,88527.97,0.003882388808870152,-0.0027230941814209153,0.0,0.003882388808870152,-0.0027230941814209153
BTC/USDT,2025-12-22 02:49:00+00:00,2025-12-22 03:02:00+00:00,prob_floor,-0.0180792568457902,13.0,88527.97,88450.83,0.003882388808870152,-0.0027230941814209153,-0.0008713630279786333,0.004757897692989399,-0.0018533460907038668
BTC/USDT,2025-12-22 02:49:00+00:00,2025-12-22 03:03:00+00:00,prob_floor,-0.014534256443966,14.0,88527.97,88353.04,0.003882388808870152,-0.0027230941814209153,-0.0019759856687102673,0.005869973461015032,-0.0007485877113000416
BTC/USDT,2025-12-22 02:49:00+00:00,2025-12-22 03:04:00+00:00,prob_floor,-0.0210022571773546,15.0,88527.97,88371.52,0.003882388808870152,-0.0027230941814209153,-0.0017672380830600076,0.005659628803487804,-0.0009575483142081342
BTC/USDT,2025-12-22 02:49:00+00:00,2025-12-22 03:05:00+00:00,prob_floor,-0.0167292566927296,16.0,88527.97,88320.45,0.003882388808870152,-0.0027230941814209153,-0.0023441179098538933,0.006241136678991177,-0.00037986672395806664
BTC/USDT,2025-12-22 02:49:00+00:00,2025-12-22 03:06:00+00:00,prob_floor,0.0036767450000001,17.0,88527.97,88363.17,0.003882388808870152,-0.0027230941814209153,-0.0018615585560134429,0.005754660001446199,-0.000863142415556184
BTC/USDT,2025-12-22 03:10:00+00:00,2025-12-22 03:10:00+00:00,dry_run,0.0,,88637.23,88637.23,0.002644938249988238,-0.0013191973621016206,0.0,0.002644938249988238,-0.0013191973621016206
BTC/USDT,2025-12-22 03:10:00+00:00,2025-12-22 03:13:00+00:00,gate_close,0.002404160271476,3.0,88637.23,88601.63,0.002644938249988238,-0.0013191973621016206,-0.00040163709989571306,0.0030477994592197355,-0.0009179289365218724
BTC/USDT,2025-12-22 03:10:00+00:00,2025-12-22 03:15:00+00:00,take_profit,0.0090601598000012,5.0,88637.23,88585.58,0.002644938249988238,-0.0013191973621016206,-0.000582712253079154,0.0032295323911633034,-6.118377279906717e-05
BTC/USDT,2025-12-22 03:17:00+00:00,2025-12-22 03:17:00+00:00,dry_run,0.0,,88643.66,88643.66,0.0025722087738704325,-0.0005322433663050852,0.0,0.0025722087738704325,-0.0005322433663050852
BTC/USDT,2025-12-22 03:17:00+00:00,2025-12-22 03:20:00+00:00,gate_close,0.0056642086384819,3.0,88643.66,88707.49,0.0025722087738704325,-0.0005322433663050852,0.0007200740583139797,0.002767635517586964,-0.0009499761519574657
BTC/USDT,2025-12-22 03:17:00+00:00,2025-12-22 03:22:00+00:00,take_profit,0.0102812077999993,5.0,88643.66,88714.43,0.0025722087738704325,-0.0005322433663050852,0.0007983650494574057,0.003464261676482616,-0.0010281303729279268
BTC/USDT,2025-12-22 03:23:00+00:00,2025-12-22 03:23:00+00:00,cooldown_after_exit,0.0,,88760.15,88760.15,0.00294738122907634,-0.0015426968070693103,0.0,0.00294738122907634,-0.0015426968070693103
BTC/USDT,2025-12-22 03:25:00+00:00,2025-12-22 03:25:00+00:00,dry_run,0.0,,88794.44,88794.44,0.002560070202593634,-0.0019282738874191185,0.0,0.002560070202593634,-0.0019282738874191185
BTC/USDT,2025-12-22 03:25:00+00:00,2025-12-22 03:30:00+00:00,gate_close,-0.0065935373428339,5.0,88794.44,88773.63,0.002560070202593634,-0.0019282738874191185,-0.00023436152083389228,0.002795086784217249,-0.0016943094475240228
BTC/USDT,2025-12-22 03:25:00+00:00,2025-12-22 03:33:00+00:00,trailing_prob_drop,-0.0078475374842597,8.0,88794.44,88776.46,0.002560070202593634,-0.0019282738874191185,-0.00020249015591511377,0.002763119863080643,-0.0017261332564961762
BTC/USDT,2025-12-22 03:25:00+00:00,2025-12-22 03:34:00+00:00,trailing_prob_drop,-0.0068335373698975,9.0,88794.44,88716.13,0.002560070202593634,-0.0019282738874191185,-0.0008819245889719607,0.00344503305092303,-0.0010472729141814963
BTC/USDT,2025-12-22 03:25:00+00:00,2025-12-22 03:35:00+00:00,trailing_prob_drop,-0.0060795372848779,10.0,88794.44,88726.28,0.002560070202593634,-0.0019282738874191185,-0.0007676156299877279,0.0033302421785292857,-0.001161549881275259
BTC/USDT,2025-12-22 03:25:00+00:00,2025-12-22 03:37:00+00:00,trailing_prob_drop,-0.0126545380267671,12.0,88794.44,88731.85,0.002560070202593634,-0.0019282738874191185,-0.0007048864771261876,0.0032672597269187698,-0.0012242503678216998
BTC/USDT,2025-12-22 03:25:00+00:00,2025-12-22 03:38:00+00:00,prob_floor,-0.0150115382929847,13.0,88794.44,88668.06,0.002560070202593634,-0.0019282738874191185,-0.001423287313935484,0.003989035059524193,-0.0005057063389003469
BTC/USDT,2025-12-22 03:25:00+00:00,2025-12-22 03:39:00+00:00,prob_floor,-0.0160035384050718,14.0,88794.44,88633.71,0.002560070202593634,-0.0019282738874191185,-0.0018101358598578976,0.004378131074508573,-0.00011835226123335651
BTC/USDT,2025-12-22 03:25:00+00:00,2025-12-22 03:40:00+00:00,prob_floor,-0.0131835380865025,15.0,88794.44,88634.57,0.002560070202593634,-0.0019282738874191185,-0.001800450568751777,0.0043683858341050374,0.0
BTC/USDT,2025-12-22 03:25:00+00:00,2025-12-22 03:41:00+00:00,prob_floor,-0.0131385380814209,16.0,88794.44,88662.78,0.002560070202593634,-0.0019282738874191185,-0.0014827504965401195,0.004048824095071124,-0.00017606034911155088
BTC/USDT,2025-12-22 03:25:00+00:00,2025-12-22 03:42:00+00:00,trailing_prob_drop,-0.0080565375078372,17.0,88794.44,88671.65,0.002560070202593634,-0.0019282738874191185,-0.0013828568545508624,0.003948387111325946,-0.00024415920984888206
BTC/USDT,2025-12-22 03:25:00+00:00,2025-12-22 03:43:00+00:00,trailing_prob_drop,-0.0083195375375025,18.0,88794.44,88714.05,0.002560070202593634,-0.0019282738874191185,-0.000905349479089046,0.003468559940618121,-0.0007219825946397362
BTC/USDT,2025-12-22 03:25:00+00:00,2025-12-22 03:44:00+00:00,trailing_prob_drop,-0.0026995369039221,19.0,88794.44,88711.41,0.002560070202593634,-0.0019282738874191185,-0.0009350810703913082,0.0034984225817173975,-0.0006922446616506317
BTC/USDT,2025-12-22 03:25:00+00:00,2025-12-22 03:45:00+00:00,trailing_prob_drop,-0.0009235367038703,20.0,88794.44,88778.0,0.002560070202593634,-0.0019282738874191185,-0.0001851467276554608,0.0027457252923019926,-0.001441798643808112
BTC/USDT,2025-12-22 03:25:00+00:00,2025-12-22 03:46:00+00:00,trailing_prob_drop,-0.0054025372085493,21.0,88794.44,88785.37,0.002560070202593634,-0.0019282738874191185,-0.00010214603526981225,0.0026624882004770978,-0.001524688132740759
BTC/USDT,2025-12-22 03:25:00+00:00,2025-12-22 03:47:00+00:00,trailing_prob_drop,-0.0055725372277142,22.0,88794.44,88754.9,0.002560070202593634,-0.0019282738874191185,-0.00044529815155103236,0.0030067072353188173,-0.0011819065764255843
BTC/USDT,2025-12-22 03:25:00+00:00,2025-12-22 03:48:00+00:00,prob_floor,-0.0076625374633952,23.0,88794.44,88738.88,0.002560070202593634,-0.0019282738874191185,-0.0006257148533174162,0.0031877796970165573,-0.0010015902837628987
BTC/USDT,2025-12-22 03:25:00+00:00,2025-12-22 03:49:00+00:00,trailing_prob_drop,-0.008265537531413,24.0,88794.44,88729.24,0.002560070202593634,-0.0019282738874191185,-0.0007342802094365553,0.0032967711658522525,-0.0008930539695821693
BTC/USDT,2025-12-22 03:25:00+00:00,2025-12-22 03:50:00+00:00,trailing_prob_drop,-0.0103905377711849,25.0,88794.44,88711.7,0.002560070202593634,-0.0019282738874191185,-0.0009318151001347363,0.0034951421289413087,-0.0006955114150669628
BTC/USDT,2025-12-22 03:25:00+00:00,2025-12-22 03:51:00+00:00,trailing_prob_drop,-0.0106605378016565,26.0,88794.44,88690.71,0.002560070202593634,-0.0019282738874191185,-0.001168203774920995,0.003768038388688,-0.0004590108704733975
BTC/USDT,2025-12-22 03:25:00+00:00,2025-12-22 03:52:00+00:00,trailing_prob_drop,-0.0090365376183923,27.0,88794.44,88690.72,0.002560070202593634,-0.0019282738874191185,-0.0011680911552570672,0.0037691654775156014,-0.0004591235700871499
BTC/USDT,2025-12-22 03:25:00+00:00,2025-12-22 03:53:00+00:00,trailing_prob_drop,-0.007663537463506,28.0,88794.44,88704.24,0.002560070202593634,-0.0019282738874191185,-0.0010158293694965126,0.003658900634287532,-0.0006114702070612044
BTC/USDT,2025-12-22 03:25:00+00:00,2025-12-22 04:00:00+00:00,prob_trailing,0.0040914631999998,35.0,88794.44,88811.09,0.002560070202593634,-0.0019282738874191185,0.00018751174059983278,0.0024513830423655847,-0.001813850049582677
BTC/USDT,2025-12-22 04:01:00+00:00,2025-12-22 04:01:00+00:00,cooldown_after_exit,0.0,,88835.51,88835.51,0.002175819106571275,-0.0020882415151327605,0.0,0.002175819106571275,-0.0020882415151327605
BTC/USDT,2025-12-22 04:02:00+00:00,2025-12-22 04:02:00+00:00,dry_run,0.0,,88811.42,88811.42,0.0024476581953087884,-0.0018175590481493975,0.0,0.0024476581953087884,-0.0018175590481493975
BTC/USDT,2025-12-22 04:02:00+00:00,2025-12-22 04:17:00+00:00,take_profit,0.0084819314000006,15.0,88811.42,88786.38,0.0024476581953087884,-0.0018175590481493975,-0.00028194572274597984,0.0027303737352508684,0.0
BTC/USDT,2025-12-22 04:20:00+00:00,2025-12-22 04:20:00+00:00,dry_run,0.0,,88939.98,88939.98,0.0009986510003714422,-0.0014941536978083647,0.0,0.0009986510003714422,-0.0014941536978083647
BTC/USDT,2025-12-22 04:20:00+00:00,2025-12-22 04:21:00+00:00,gate_close,-0.0070913701166263,1.0,88939.98,89013.29,0.0009986510003714422,-0.0014941536978083647,0.0008242637338122805,0.0001742436438425532,-0.002316508018072372
BTC/USDT,2025-12-22 04:20:00+00:00,2025-12-22 04:22:00+00:00,gate_close,-0.0043353508869347,2.0,88939.98,88965.08,0.0009986510003714422,-0.0014941536978083647,0.0002822127911430439,0.0007162360782455579,-0.0017758653170435457
BTC/USDT,2025-12-22 04:20:00+00:00,2025-12-22 04:28:00+00:00,gate_close,-0.0087003513778121,8.0,88939.98,88947.25,0.0009986510003714422,-0.0014941536978083647,8.174051759413103e-05,0.0009168355401656392,-0.0018582924148863311
BTC/USDT,2025-12-22 04:20:00+00:00,2025-12-22 04:33:00+00:00,trailing_prob_drop,-0.0181523524424066,13.0,88939.98,88877.78,0.0009986510003714422,-0.0014941536978083647,-0.0006993480322347034,0.0016991873559397686,-0.0010781097367642545
BTC/USDT,2025-12-22 04:20:00+00:00,2025-12-22 04:35:00+00:00,prob_floor,-0.0198293526315274,15.0,88939.98,88807.1,0.0009986510003714422,-0.0014941536978083647,-0.0014940412624332433,0.0024964220203114174,-0.0002830854740217825
BTC/USDT,2025-12-22 04:20:00+00:00,2025-12-22 04:36:00+00:00,prob_floor,-0.0164173522468214,16.0,88939.98,88866.51,0.0009986510003714422,-0.0014941536978083647,-0.0008260626998117804,0.0018262222742855272,-0.0009514270336484776
BTC/USDT,2025-12-22 04:20:00+00:00,2025-12-22 04:38:00+00:00,prob_floor,-0.0082193513236969,18.0,88939.98,88953.16,0.0009986510003714422,-0.0014941536978083647,0.0001481898241939561,0.0008503351651587554,-0.001924608411887796
BTC/USDT,2025-12-22 04:20:00+00:00,2025-12-22 04:39:00+00:00,trailing_prob_drop,-0.0114183516837117,19.0,88939.98,88951.42,0.0009986510003714422,-0.0014941536978083647,0.00012862606895125417,0.0008699130379257181,-0.0019050848204558157
BTC/USDT,2025-12-22 04:20:00+00:00,2025-12-22 04:40:00+00:00,trailing_prob_drop,-0.0058963510624249,20.0,88939.98,88921.16,0.0009986510003714422,-0.0014941536978083647,-0.00021160337566961118,0.001210510524154218,-0.0015654316700322024
BTC/USDT,2025-12-22 04:20:00+00:00,2025-12-22 04:41:00+00:00,trailing_prob_drop,-0.0048743509475229,21.0,88939.98,88976.38,0.0009986510003714422,-0.0014941536978083647,0.0004092647648448189,0.0005891451191877284,-0.002185074286007116
BTC/USDT,2025-12-22 04:20:00+00:00,2025-12-22 04:43:00+00:00,trailing_prob_drop,-0.0035343507969094,23.0,88939.98,88988.2,0.0009986510003714422,-0.0014941536978083647,0.000542163378044469,0.00045624026556345676,-0.0023176106495017557
BTC/USDT,2025-12-22 04:20:00+00:00,2025-12-22 04:51:00+00:00,gate_close,-0.0010343505160341,31.0,88939.98,89024.9,0.0009986510003714422,-0.0014941536978083647,0.0009548012041378229,4.380796833247658e-05,-0.002728899442740018
BTC/USDT,2025-12-22 04:20:00+00:00,2025-12-22 04:52:00+00:00,gate_close,-0.0045653509127881,32.0,88939.98,89025.01,0.0009986510003714422,-0.0014941536978083647,0.000956037993262493,4.257230636661724e-05,-0.0027301316787270435
BTC/USDT,2025-12-22 04:20:00+00:00,2025-12-22 04:54:00+00:00,trailing_prob_drop,-0.0055853510274568,34.0,88939.98,88979.99,0.0009986510003714422,-0.0014941536978083647,0.0004498539352044695,0.00022488202122739054,-0.002225556554906305
BTC/USDT,2025-12-22 04:20:00+00:00,2025-12-22 04:55:00+00:00,trailing_prob_drop,-0.0133273518986747,35.0,88939.98,88979.49,0.0009986510003714422,-0.0014941536978083647,0.0004442321664566151,0.00023050255738699121,-0.0022199497884287656
BTC/USDT,2025-12-22 04:20:00+00:00,2025-12-22 04:56:00+00:00,prob_floor,-0.0175343523727316,36.0,88939.98,88902.07,0.0009986510003714422,-0.0014941536978083647,-0.0004262425064631703,0.001101549154029824,-0.001351037158077384
BTC/USDT,2025-12-22 04:20:00+00:00,2025-12-22 04:57:00+00:00,prob_floor,-0.0144823520287789,37.0,88939.98,88860.01,0.0009986510003714422,-0.0014941536978083647,-0.0008991456935339981,0.0015753993275491318,-0.0008783478642415687
BTC/USDT,2025-12-22 04:20:00+00:00,2025-12-22 04:58:00+00:00,prob_floor,-0.0130353518657882,38.0,88939.98,88890.52,0.0009986510003714422,-0.0014941536978083647,-0.0005561053645389835,0.001231627399637114,-0.0012212775895562578
BTC/USDT,2025-12-22 04:20:00+00:00,2025-12-22 04:59:00+00:00,prob_floor,-0.0103903515679919,39.0,88939.98,88905.0,0.0009986510003714422,-0.0014941536978083647,-0.0003932989416007837,0.0010685563241661367,-0.0013839491592148034
BTC/USDT,2025-12-22 04:20:00+00:00,2025-12-22 05:00:00+00:00,trailing_prob_drop,-0.0122993517829052,40.0,88939.98,88931.45,0.0009986510003714422,-0.0014941536978083647,-9.590737483866629e-05,0.0007708184225041492,-0.0016809576364715806
BTC/USDT,2025-12-22 04:20:00+00:00,2025-12-22 05:01:00+00:00,trailing_prob_drop,-0.0140583519810162,41.0,88939.98,88912.35,0.0009986510003714422,-0.0014941536978083647,-0.00031065894100712477,0.0009858023098028301,-0.001466500435541307
BTC/USDT,2025-12-22 04:20:00+00:00,2025-12-22 05:02:00+00:00,trailing_prob_drop,-0.0171363523278665,42.0,88939.98,88894.76,0.0009986510003714422,-0.0014941536978083647,-0.0005084327655572318,0.0011838718052672448,-0.001268916188085667
BTC/USDT,2025-12-22 04:20:00+00:00,2025-12-22 05:03:00+00:00,prob_floor,-0.0157523521718755,43.0,88939.98,88871.04,0.0009986510003714422,-0.0014941536978083647,-0.00077512947495606,0.0014510913791490054,-0.0010023512721353267
BTC/USDT,2025-12-22 04:20:00+00:00,2025-12-22 05:04:00+00:00,prob_floor,-0.0093153514470099,44.0,88939.98,88877.82,0.0009986510003714422,-0.0014941536978083647,-0.0006988982907347729,0.001374696184042179,-0.001078559307597815
BTC/USDT,2025-12-22 04:20:00+00:00,2025-12-22 05:05:00+00:00,prob_floor,-0.0053843510048587,45.0,88939.98,88942.19,0.0009986510003714422,-0.0014941536978083647,2.4848217865747202e-05,0.0006499727519639897,-0.0018015072486970984
BTC/USDT,2025-12-22 04:20:00+00:00,2025-12-22 05:06:00+00:00,trailing_prob_drop,-0.0090823514207914,46.0,88939.98,88981.51,0.0009986510003714422,-0.0014941536978083647,0.0004669441121978313,0.00020779597918729742,-0.0022426007380633717
BTC/USDT,2025-12-22 04:20:00+00:00,2025-12-22 05:07:00+00:00,prob_floor,-0.0069603511820768,47.0,88939.98,88944.53,0.0009986510003714422,-0.0014941536978083647,5.115809560574114e-05,0.0006236471202893945,-0.0018277683855318916
BTC/USDT,2025-12-22 04:20:00+00:00,2025-12-22 05:08:00+00:00,trailing_prob_drop,-0.0144593520261881,48.0,88939.98,88965.74,0.0009986510003714422,-0.0014941536978083647,0.0002896335258901761,0.00026830552974654864,-0.002065739013692225
BTC/USDT,2025-12-22 04:20:00+00:00,2025-12-22 05:10:00+00:00,prob_floor,-0.0186123524942757,50.0,88939.98,88849.23,0.0009986510003714422,-0.0014941536978083647,-0.001020351027738009,0.0015799799277946835,-0.000887120800033836
BTC/USDT,2025-12-22 04:20:00+00:00,2025-12-22 05:11:00+00:00,trailing_prob_drop,-0.0146383520463537,51.0,88939.98,88865.42,0.0009986510003714422,-0.0014941536978083647,-0.0008383181556820274,0.001397506476647603,-0.0013949182933022941
BTC/USDT,2025-12-22 04:20:00+00:00,2025-12-22 05:12:00+00:00,trailing_prob_drop,-0.0203693526924424,52.0,88939.98,88888.97,0.0009986510003714422,-0.0014941536978083647,-0.0005735328476573764,0.0011321989668684473,-0.0017481359048260314
BTC/USDT,2025-12-22 04:20:00+00:00,2025-12-22 05:13:00+00:00,prob_floor,-0.0203623526916506,53.0,88939.98,88831.65,0.0009986510003714422,-0.0014941536978083647,-0.0012180124169131057,0.001778195046472808,-0.0011039984059734165
BTC/USDT,2025-12-22 04:20:00+00:00,2025-12-22 05:14:00+00:00,prob_floor,-0.0181923524469176,54.0,88939.98,88839.02,0.0009986510003714422,-0.0014941536978083647,-0.001135147545569426,0.0016950884870183813,-0.0011868658614199168
BTC/USDT,2025-12-22 04:20:00+00:00,2025-12-22 05:15:00+00:00,prob_floor,-0.0186773525016048,55.0,88939.98,88853.43,0.0009986510003714422,-0.0014941536978083647,-0.0009731281702559658,0.001532636387813202,-0.00134885057335421
BTC/USDT,2025-12-22 04:20:00+00:00,2025-12-22 05:16:00+00:00,trailing_prob_drop,-0.0161173522130102,56.0,88939.98,88860.0,0.0009986510003714422,-0.0014941536978083647,-0.0008992581289088974,0.0014585865406258058,-0.0014226873733963474
BTC/USDT,2025-12-22 04:20:00+00:00,2025-12-22 05:17:00+00:00,trailing_prob_drop,-0.0171613523306847,57.0,88939.98,88893.86,0.0009986510003714422,-0.0014941536978083647,-0.0005185519493032809,0.001077127261657873,-0.0018030491644754898
BTC/USDT,2025-12-22 04:20:00+00:00,2025-12-22 05:18:00+00:00,trailing_prob_drop,-0.0183393524634941,58.0,88939.98,88863.73,0.0009986510003714422,-0.0014941536978083647,-0.0008573197340498995,0.0014165509370358542,-0.0014646020372990343
BTC/USDT,2025-12-22 04:20:00+00:00,2025-12-22 05:19:00+00:00,trailing_prob_drop,-0.0183403524636049,59.0,88939.98,88851.95,0.0009986510003714422,-0.0014941536978083647,-0.0009897686057496191,0.0015493188388100432,-0.0013322161190608695
BTC/USDT,2025-12-22 04:20:00+00:00,2025-12-22 05:20:00+00:00,prob_floor,-0.0175353523728438,60.0,88939.98,88851.94,0.0009986510003714422,-0.0014941536978083647,-0.0009898810411245185,0.0015494315599635655,-0.0013321037222147059
BTC/USDT,2025-12-22 04:20:00+00:00,2025-12-22 05:21:00+00:00,prob_floor,-0.0216983528423846,61.0,88939.98,88860.0,0.0009986510003714422,-0.0014941536978083647,-0.0008992581289088974,0.0014585865406258058,-0.0014226873733963474
BTC/USDT,2025-12-22 04:20:00+00:00,2025-12-22 05:22:00+00:00,prob_floor,-0.0199613526464186,62.0,88939.98,88818.36,0.0009986510003714422,-0.0014941536978083647,-0.0013674390302313988,0.001928092344871013,-0.0009545323737119027
BTC/USDT,2025-12-22 04:20:00+00:00,2025-12-22 05:23:00+00:00,prob_floor,-0.0224053529221723,63.0,88939.98,88835.73,0.0009986510003714422,-0.0014941536978083647,-0.0011721387839305208,0.0017321859121324223,-0.0011498751684709818
BTC/USDT,2025-12-22 04:20:00+00:00,2025-12-22 05:24:00+00:00,prob_floor,-0.0224053529221723,64.0,88939.98,88811.29,0.0009986510003714422,-0.0014941536978083647,-0.0014469308403263215,0.0020078528304228183,-0.0008750013652543132
BTC/USDT,2025-12-22 04:20:00+00:00,2025-12-22 05:25:00+00:00,trailing_prob_drop,-0.0221353528916984,65.0,88939.98,88811.3,0.0009986510003714422,-0.0014941536978083647,-0.0014468184049512,0.0020077400060578565,-0.0008751138650149315
BTC/USDT,2025-12-22 04:20:00+00:00,2025-12-22 05:26:00+00:00,trailing_prob_drop,-0.0226893529542251,66.0,88939.98,88813.99,0.0009986510003714422,-0.0014941536978083647,-0.0014165732890876193,0.0019773911745208927,-0.0009053753806129716
BTC/USDT,2025-12-22 04:20:00+00:00,2025-12-22 05:27:00+00:00,prob_floor,-0.022338352914608,67.0,88939.98,88804.09,0.0009986510003714422,-0.0014941536978083647,-0.0015278843102954909,0.0020890929685783988,-0.0007939949612680852
BTC/USDT,2025-12-22 04:20:00+00:00,2025-12-22 05:28:00+00:00,trailing_prob_drop,-0.0237623530753441,68.0,88939.98,88811.97,0.0009986510003714422,-0.0014941536978083647,-0.0014392852348290575,0.002000180831480236,-0.000882651291261749
BTC/USDT,2025-12-22 04:20:00+00:00,2025-12-22 05:29:00+00:00,trailing_prob_drop,-0.0247603531880249,69.0,88939.98,88797.72,0.0009986510003714422,-0.0014941536978083647,-0.0015995056441433508,0.0021609789080170305,-0.0007223158432446697
BTC/USDT,2025-12-22 04:20:00+00:00,2025-12-22 05:30:00+00:00,trailing_prob_drop,-0.0211543527810022,70.0,88939.98,88787.75,0.0009986510003714422,-0.0014941536978083647,-0.001711603712975851,0.00227351183017932,-0.0006101066870147775
BTC/USDT,2025-12-22 04:20:00+00:00,2025-12-22 05:31:00+00:00,trailing_prob_drop,-0.0223663529177708,71.0,88939.98,88823.8,0.0009986510003714422,-0.0014941536978083647,-0.001306274186254508,0.0018667294126124556,-0.0010157187600621231
BTC/USDT,2025-12-22 04:20:00+00:00,2025-12-22 05:32:00+00:00,prob_floor,-0.0201753526705579,72.0,88939.98,88811.69,0.0009986510003714422,-0.0014941536978083647,-0.0014424334253279048,0.0020033398756402754,-0.0008795013359165216
BTC/USDT,2025-12-22 04:20:00+00:00,2025-12-22 05:33:00+00:00,trailing_prob_drop,-0.0185353524855926,73.0,88939.98,88833.59,0.0009986510003714422,-0.0014941536978083647,-0.0011961999541713064,0.0017563176271497838,-0.0011258128822666524
BTC/USDT,2025-12-22 04:20:00+00:00,2025-12-22 05:34:00+00:00,trailing_prob_drop,-0.0209003527523468,74.0,88939.98,88850.0,0.0009986510003714422,-0.0014941536978083647,-0.0010116935038663177,0.0015712999437254016,-0.001310298255486786
BTC/USDT,2025-12-22 04:20:00+00:00,2025-12-22 05:35:00+00:00,trailing_prob_drop,-0.0183603524658597,75.0,88939.98,88826.35,0.0009986510003714422,-0.0014941536978083647,-0.0012776031656404063,0.0018379681254492297,-0.0010443972987745909
BTC/USDT,2025-12-22 04:20:00+00:00,2025-12-22 05:36:00+00:00,trailing_prob_drop,-0.0165173522580923,76.0,88939.98,88851.75,0.0009986510003714422,-0.0014941536978083647,-0.0009920173132487164,0.0015515732667055193,-0.0013299681773291105
BTC/USDT,2025-12-22 04:20:00+00:00,2025-12-22 05:38:00+00:00,gate_close,-0.006900351175331,78.0,88939.98,88980.49,0.0009986510003714422,-0.0014941536978083647,0.00045547570395232384,0.00010249437826193031,-0.0027748779535828882
BTC/USDT,2025-12-22 04:20:00+00:00,2025-12-22 05:42:00+00:00,gate_close,-0.0110913516469016,82.0,88939.98,88924.46,0.0009986510003714422,-0.0014941536978083647,-0.000174499701933728,0.0007326443140616146,-0.0021465410079521963
BTC/USDT,2025-12-22 04:20:00+00:00,2025-12-22 05:46:00+00:00,gate_close,-0.0060123510754686,86.0,88939.98,88970.91,0.0009986510003714422,-0.0014941536978083647,0.00034776261474323,0.0003011096548297676,-0.0026675010967067703
BTC/USDT,2025-12-22 04:20:00+00:00,2025-12-22 05:50:00+00:00,time_limit,-0.0085323506000004,90.0,88939.98,88950.01,0.0009986510003714422,-0.0014941536978083647,0.00011277268108211835,0.0005361438407933683,-0.0024331644257262752
BTC/USDT,2025-12-22 05:51:00+00:00,2025-12-22 05:51:00+00:00,cooldown_after_loss,0.0,,88958.91,88958.91,0.0004360440117801012,-0.0025329671867607706,0.0,0.0004360440117801012,-0.0025329671867607706
BTC/USDT,2025-12-22 06:23:00+00:00,2025-12-22 06:23:00+00:00,cooldown_after_loss,0.0,,88899.55,88899.55,0.003185392951932764,-0.0010244146342698324,0.0,0.003185392951932764,-0.0010244146342698324
BTC/USDT,2025-12-22 06:24:00+00:00,2025-12-22 06:24:00+00:00,cooldown_after_loss,0.0,,88909.61,88909.61,0.003071883905463091,-0.0011374473468054314,0.0,0.003071883905463091,-0.0011374473468054314
BTC/USDT,2025-12-22 06:25:00+00:00,2025-12-22 06:25:00+00:00,cooldown_after_loss,0.0,,88880.0,88880.0,0.0034060531053103915,-0.0008046804680468256,0.0,0.0034060531053103915,-0.0008046804680468256
BTC/USDT,2025-12-22 06:26:00+00:00,2025-12-22 06:26:00+00:00,cooldown_after_loss,0.0,,88840.0,88840.0,0.0038578343088697675,-0.0003547951373256142,0.0,0.0038578343088697675,-0.0003547951373256142
BTC/USDT,2025-12-22 06:27:00+00:00,2025-12-22 06:27:00+00:00,cooldown_after_loss,0.0,,88847.87,88847.87,0.0037689142125747477,-0.00044334208574725587,0.0,0.0037689142125747477,-0.00044334208574725587
BTC/USDT,2025-12-22 06:30:00+00:00,2025-12-22 06:30:00+00:00,dry_run,0.0,,88874.12,88874.12,0.0034724394458138796,-0.000463351985932392,0.0,0.0034724394458138796,-0.000463351985932392
BTC/USDT,2025-12-22 06:30:00+00:00,2025-12-22 06:41:00+00:00,gate_close,0.0052095176000009,11.0,88874.12,88910.36,0.0034724394458138796,-0.000463351985932392,0.00040776775061179826,0.0032576631114753507,-0.0003482158884522413
BTC/USDT,2025-12-22 06:42:00+00:00,2025-12-22 06:42:00+00:00,cooldown_after_exit,0.0,,88943.99,88943.99,0.0028783282602904414,-0.0006730078108706516,0.0,0.0028783282602904414,-0.0006730078108706516
BTC/USDT,2025-12-22 06:46:00+00:00,2025-12-22 06:46:00+00:00,dry_run,0.0,,88936.19,88936.19,0.00296628402903254,-0.0005853635061272566,0.0,0.00296628402903254,-0.0005853635061272566
BTC/USDT,2025-12-22 06:46:00+00:00,2025-12-22 06:55:00+00:00,gate_close,0.0007281789999992,9.0,88936.19,88961.22,0.00296628402903254,-0.0005853635061272566,0.00028143773642641534,0.0026840908881420322,-0.0007382992274612699
BTC/USDT,2025-12-22 07:02:00+00:00,2025-12-22 07:02:00+00:00,dry_run,0.0,,88999.99,88999.99,0.0030473037131801828,-0.0001162921478981005,0.0,0.0030473037131801828,-0.0001162921478981005
BTC/USDT,2025-12-22 07:02:00+00:00,2025-12-22 07:05:00+00:00,take_profit,0.0072175210098873,3.0,88999.99,89023.56,0.0030473037131801828,-0.0001162921478981005,0.0002648314904303284,0.002781735531582896,-1.1232981467212966e-07
BTC/USDT,2025-12-22 07:02:00+00:00,2025-12-22 07:06:00+00:00,gate_close,0.0055285208205103,4.0,88999.99,89113.99,0.0030473037131801828,-0.0001162921478981005,0.0012808990203256876,0.001764145001250661,-0.0010147677149233703
BTC/USDT,2025-12-22 07:02:00+00:00,2025-12-22 07:07:00+00:00,take_profit,0.0114195199999999,5.0,88999.99,89097.11,0.0030473037131801828,-0.0001162921478981005,0.0010912360776669239,0.0019539354306779,-0.000773201285653391
BTC/USDT,2025-12-22 07:10:00+00:00,2025-12-22 07:10:00+00:00,dry_run,0.0,,89148.01,89148.01,0.0013818592249001949,-0.0013437204038541095,0.0,0.0013818592249001949,-0.0013437204038541095
BTC/USDT,2025-12-22 07:10:00+00:00,2025-12-22 07:11:00+00:00,gate_close,-0.0064164333196602,1.0,89148.01,89171.63,0.0013818592249001949,-0.0013437204038541095,0.0002649526332669794,0.0011166107426767713,-0.0016082469278626554
BTC/USDT,2025-12-22 07:10:00+00:00,2025-12-22 07:19:00+00:00,trailing_prob_drop,-0.0093994336546436,9.0,89148.01,89083.41,0.0013818592249001949,-0.0013437204038541095,-0.0007246375998745114,0.004451895139622408,-0.0006195317399727562
BTC/USDT,2025-12-22 07:10:00+00:00,2025-12-22 07:21:00+00:00,trailing_prob_drop,-0.0079494334917843,11.0,89148.01,89074.9,0.0013818592249001949,-0.0013437204038541095,-0.0008200968254927776,0.008046711250868865,-0.0005240533528524383
BTC/USDT,2025-12-22 07:10:00+00:00,2025-12-22 07:22:00+00:00,trailing_prob_drop,-0.0090934336202705,12.0,89148.01,89091.01,0.0013818592249001949,-0.0013437204038541095,-0.0006393861175364446,0.007886093108608883,-0.0007047849160088937
BTC/USDT,2025-12-22 07:10:00+00:00,2025-12-22 07:23:00+00:00,trailing_prob_drop,-0.0093014336436353,13.0,89148.01,89098.56,0.0013818592249001949,-0.0013437204038541095,-0.0005546955002135867,0.007800687238940673,-0.0007894628151117189
BTC/USDT,2025-12-22 07:10:00+00:00,2025-12-22 07:25:00+00:00,trailing_prob_drop,-0.0070554333914022,15.0,89148.01,89129.36,0.0013818592249001949,-0.0013437204038541095,-0.0002092026507377609,0.007452426450722749,-0.0011347551469010897
BTC/USDT,2025-12-22 07:10:00+00:00,2025-12-22 07:26:00+00:00,trailing_prob_drop,-0.0049494331550022,16.0,89148.01,89118.94,0.0013818592249001949,-0.0013437204038541095,-0.00032608691994351346,0.0075702202023497644,-0.0010179654291220253
BTC/USDT,2025-12-22 07:10:00+00:00,2025-12-22 07:27:00+00:00,trailing_prob_drop,-0.0078234334776354,17.0,89148.01,89139.99,0.0013818592249001949,-0.0013437204038541095,-8.996274846728713e-05,0.008255441805636199,-0.0012538704570194126
BTC/USDT,2025-12-22 07:10:00+00:00,2025-12-22 07:28:00+00:00,trailing_prob_drop,-0.0078244334777472,18.0,89148.01,89111.26,0.0013818592249001949,-0.0013437204038541095,-0.0004122357863063364,0.008851182218722942,-0.0009318687672017489
BTC/USDT,2025-12-22 07:10:00+00:00,2025-12-22 07:29:00+00:00,trailing_prob_drop,-0.007303433419247,19.0,89148.01,89111.25,0.0013818592249001949,-0.0013437204038541095,-0.0004123479593094448,0.016921993575446548,-0.0009317566524990051
BTC/USDT,2025-12-22 07:10:00+00:00,2025-12-22 07:30:00+00:00,trailing_prob_drop,-0.0081944335193008,20.0,89148.01,89116.46,0.0013818592249001949,-0.0013437204038541095,-0.00035390582470640197,0.016862541442961287,-0.0009901650043101506
BTC/USDT,2025-12-22 07:10:00+00:00,2025-12-22 07:31:00+00:00,trailing_prob_drop,-0.0063234343266534,21.0,89148.01,89107.55,0.0013818592249001949,-0.0013437204038541095,-0.0004538519704476718,0.016964219081323728,-0.0008902724853281363
BTC/USDT,2025-12-22 07:10:00+00:00,2025-12-22 07:32:00+00:00,trailing_prob_drop,-0.0033494329754778,22.0,89148.01,89126.28,0.0013818592249001949,-0.0013437204038541095,-0.00024375193568537679,0.016750502769777853,-0.0011002366529826446
BTC/USDT,2025-12-22 07:10:00+00:00,2025-12-22 07:33:00+00:00,trailing_prob_drop,-0.0017414327951205,23.0,89148.01,89155.99,0.0013818592249001949,-0.0013437204038541095,8.951405645518662e-05,0.016411684733689702,-0.00143310617716208
BTC/USDT,2025-12-22 07:10:00+00:00,2025-12-22 07:34:00+00:00,gate_close,-0.0043664330895804,24.0,89148.01,89172.08,0.0013818592249001949,-0.0013437204038541095,0.00027000041840530287,0.01622828580425617,-0.0016132852345711601
BTC/USDT,2025-12-22 07:10:00+00:00,2025-12-22 07:39:00+00:00,trailing_prob_drop,-0.0089494336040954,29.0,89148.01,89083.53,0.0013818592249001949,-0.0013437204038541095,-0.0007232915238376547,0.017238427799167955,-0.0006208779557792532
BTC/USDT,2025-12-22 07:10:00+00:00,2025-12-22 07:40:00+00:00,trailing_prob_drop,-0.0073684334265434,30.0,89148.01,89099.99,0.0013818592249001949,-0.0013437204038541095,-0.000538654760773527,0.01705050696414223,-0.0008054995292368083
BTC/USDT,2025-12-22 07:10:00+00:00,2025-12-22 07:41:00+00:00,trailing_prob_drop,-0.0046204331180829,31.0,89148.01,89083.79,0.0013818592249001949,-0.0013437204038541095,-0.0007203750257577246,0.017235458886515787,-0.0006237947442513381
BTC/USDT,2025-12-22 07:10:00+00:00,2025-12-22 07:42:00+00:00,trailing_prob_drop,-0.0029494329306067,32.0,89148.01,89131.79,0.0013818592249001949,-0.0013437204038541095,-0.00018194461099019232,0.016687648705361102,-0.0011619872101749085
BTC/USDT,2025-12-22 07:10:00+00:00,2025-12-22 07:45:00+00:00,trailing_prob_drop,-0.0097564336947495,35.0,89148.01,89091.92,0.0013818592249001949,-0.0013437204038541095,-0.0006291783742564672,0.017142632014216286,-0.0007149918870308358
BTC/USDT,2025-12-22 07:10:00+00:00,2025-12-22 07:46:00+00:00,trailing_prob_drop,-0.0106054337901407,36.0,89148.01,89093.75,0.0013818592249001949,-0.0013437204038541095,-0.0006086507146934039,0.017121739740441955,-0.000735517362329019
BTC/USDT,2025-12-22 07:10:00+00:00,2025-12-22 07:47:00+00:00,trailing_prob_drop,-0.011945433940731,37.0,89148.01,89087.59,0.0013818592249001949,-0.0013437204038541095,-0.0006777492845886357,0.017192069063715953,-0.0006664227868325989
BTC/USDT,2025-12-22 07:10:00+00:00,2025-12-22 07:48:00+00:00,prob_floor,-0.0153124343193223,38.0,89148.01,89070.04,0.0013818592249001949,-0.0013437204038541095,-0.0008746129049880258,0.017392492469970877,-0.0004695181454953401
BTC/USDT,2025-12-22 07:10:00+00:00,2025-12-22 07:49:00+00:00,prob_floor,-0.0161264344108929,39.0,89148.01,89043.61,0.0013818592249001949,-0.0013437204038541095,-0.0011710861521193605,0.01769447577428629,-0.00017283665835199358
BTC/USDT,2025-12-22 07:10:00+00:00,2025-12-22 07:50:00+00:00,prob_floor,-0.0144884342266433,40.0,89148.01,89028.22,0.0013818592249001949,-0.0013437204038541095,-0.0013437204038541095,0.017870401093046606,0.0
BTC/USDT,2025-12-22 07:10:00+00:00,2025-12-22 07:51:00+00:00,prob_floor,-0.0158704343820927,41.0,89148.01,89039.59,0.0013818592249001949,-0.0013437204038541095,-0.001216179699356168,0.01774042310841728,-0.00012769600578788065
BTC/USDT,2025-12-22 07:10:00+00:00,2025-12-22 07:52:00+00:00,prob_floor,-0.0139494341660292,42.0,89148.01,89030.78,0.0013818592249001949,-0.0013437204038541095,-0.0013150041150665759,0.017841133145188648,0.0
BTC/USDT,2025-12-22 07:10:00+00:00,2025-12-22 07:53:00+00:00,prob_floor,-0.0121674339656859,43.0,89148.01,89040.99,0.0013818592249001949,-0.0013437204038541095,-0.0012004754789253225,0.017724421078426866,-0.00011466629021095187
BTC/USDT,2025-12-22 07:10:00+00:00,2025-12-22 07:55:00+00:00,trailing_prob_drop,-0.0099914337211502,45.0,89148.01,89089.58,0.0013818592249001949,-0.0013437204038541095,-0.0006554268569762822,0.01716934797537495,-0.00041059796218589906
BTC/USDT,2025-12-22 07:10:00+00:00,2025-12-22 07:56:00+00:00,trailing_prob_drop,-0.0131694340783286,46.0,89148.01,89074.87,0.0013818592249001949,-0.0013437204038541095,-0.0008204333445019918,0.0173373253309268,-0.0002455237936355159
BTC/USDT,2025-12-22 07:10:00+00:00,2025-12-22 07:57:00+00:00,trailing_prob_drop,-0.0059104332628601,47.0,89148.01,89076.33,0.0013818592249001949,-0.0013437204038541095,-0.0008040560860527179,0.017320650727303155,-0.00026191020667332143
BTC/USDT,2025-12-22 07:10:00+00:00,2025-12-22 07:58:00+00:00,prob_floor,-0.0014754327652941,48.0,89148.01,89130.38,0.0013818592249001949,-0.0013437204038541095,-0.0001977610044239242,0.016703732217903777,-0.0008681663872632805
BTC/USDT,2025-12-22 07:10:00+00:00,2025-12-22 07:59:00+00:00,prob_trailing,0.0003255671999996,49.0,89148.01,89174.74,0.0013818592249001949,-0.0013437204038541095,0.0002998384372236984,0.016197972654588,-0.0007938346666332974
BTC/USDT,2025-12-22 08:02:00+00:00,2025-12-22 08:02:00+00:00,dry_run,0.0,,89251.89,89251.89,0.015319563540895365,-0.0016575559352300928,0.0,0.015319563540895365,-0.0016575559352300928
BTC/USDT,2025-12-22 08:02:00+00:00,2025-12-22 08:04:00+00:00,gate_close,-0.0030820803451672,2.0,89251.89,89225.0,0.015319563540895365,-0.0016575559352300928,-0.00030128213531388504,0.015625553376295898,-0.0013566825441300168
BTC/USDT,2025-12-22 08:02:00+00:00,2025-12-22 08:07:00+00:00,gate_close,-0.0147720816570134,5.0,89251.89,89172.04,0.015319563540895365,-0.0016575559352300928,-0.0008946589254300585,0.016228741654895407,-0.0007635801535996745
BTC/USDT,2025-12-22 08:02:00+00:00,2025-12-22 08:08:00+00:00,gate_close,-0.013413081504328,6.0,89251.89,89124.16,0.015319563540895365,-0.0016575559352300928,-0.0014311181533521733,0.01677468825512629,-0.00022676230552975962
BTC/USDT,2025-12-22 08:02:00+00:00,2025-12-22 08:12:00+00:00,trailing_prob_drop,-0.0149880816812825,10.0,89251.89,89103.96,0.015319563540895365,-0.0016575559352300928,-0.0016574438927846602,0.01700519258627775,-1.1222845774927492e-07
BTC/USDT,2025-12-22 08:02:00+00:00,2025-12-22 08:13:00+00:00,trailing_prob_drop,-0.0091880810299491,11.0,89251.89,89122.0,0.015319563540895365,-0.0016575559352300928,-0.0014553193215292026,0.016799331253787075,-0.0002025313615044988
BTC/USDT,2025-12-22 08:02:00+00:00,2025-12-22 08:14:00+00:00,trailing_prob_drop,-0.0072750808153096,12.0,89251.89,89180.0,0.015319563540895365,-0.0016575559352300928,-0.0008054731390001457,0.016138035433953757,-0.0006503700381251809
BTC/USDT,2025-12-22 08:02:00+00:00,2025-12-22 08:15:00+00:00,trailing_prob_drop,-0.001384080154905,13.0,89251.89,89199.12,0.015319563540895365,-0.0016575559352300928,-0.0005912479836561735,0.01592022432508311,-0.00037556424323470505
BTC/USDT,2025-12-22 08:02:00+00:00,2025-12-22 08:16:00+00:00,prob_trailing,0.0040529198000004,14.0,89251.89,89258.04,0.015319563540895365,-0.0016575559352300928,6.890610383702978e-05,0.015249606646079217,-0.0010354249320284614
BTC/USDT,2025-12-22 08:23:00+00:00,2025-12-22 08:23:00+00:00,dry_run,0.0,,89669.09,89669.09,0.010595624423087147,-0.0056147553186945975,0.0,0.010595624423087147,-0.0056147553186945975
BTC/USDT,2025-12-22 08:23:00+00:00,2025-12-22 08:25:00+00:00,take_profit,0.0111997322471531,2.0,89669.09,89698.66,0.010595624423087147,-0.0056147553186945975,0.0003297680393545832,0.010262472148413249,-0.005942563690472191
BTC/USDT,2025-12-22 08:23:00+00:00,2025-12-22 08:26:00+00:00,take_profit,0.0194477331635375,3.0,89669.09,89793.4,0.010595624423087147,-0.0056147553186945975,0.0013863194106240595,0.009196555648856242,-0.006991382440134752
BTC/USDT,2025-12-22 08:23:00+00:00,2025-12-22 08:27:00+00:00,take_profit,0.021703733413894,4.0,89669.09,89875.88,0.010595624423087147,-0.0056147553186945975,0.0023061458524895606,0.00827040580854388,-0.007902676446672974
BTC/USDT,2025-12-22 08:23:00+00:00,2025-12-22 08:28:00+00:00,take_profit,0.0134407307999996,5.0,89669.09,89898.45,0.010595624423087147,-0.0056147553186945975,0.0025578490871269732,0.008017268373370134,-0.008151753450699073
BTC/USDT,2025-12-22 08:31:00+00:00,2025-12-22 08:31:00+00:00,dry_run,0.0,,89861.22,89861.22,0.000528481585271301,-0.0077408252414111756,0.0,0.000528481585271301,-0.0077408252414111756
BTC/USDT,2025-12-22 08:31:00+00:00,2025-12-22 08:32:00+00:00,gate_close,-0.0053027215909085,1.0,89861.22,89736.06,0.000528481585271301,-0.0077408252414111756,-0.0013928143864505582,0.0013948684620206375,-0.006356864787689598
BTC/USDT,2025-12-22 08:31:00+00:00,2025-12-22 08:35:00+00:00,trailing_prob_drop,-0.0157457227569244,4.0,89861.22,89591.37,0.000528481585271301,-0.0077408252414111756,-0.0030029639036728284,0.0018663627981132525,-0.004752131818053451
BTC/USDT,2025-12-22 08:31:00+00:00,2025-12-22 08:36:00+00:00,prob_floor,-0.0158207227653084,5.0,89861.22,89596.56,0.000528481585271301,-0.0077408252414111756,-0.002945208177676628,0.0018083283554637397,-0.004809782875592528
BTC/USDT,2025-12-22 08:31:00+00:00,2025-12-22 08:37:00+00:00,trailing_prob_drop,-0.0139427225554164,6.0,89861.22,89595.82,0.000528481585271301,-0.0077408252414111756,-0.002953443098146158,0.001816602604898243,-0.004801563287216037
BTC/USDT,2025-12-22 08:31:00+00:00,2025-12-22 08:38:00+00:00,trailing_prob_drop,-0.0231300231142648,7.0,89861.22,89614.59,0.000528481585271301,-0.0077408252414111756,-0.002744565453262293,0.0016067696119572705,-0.005010010088759009
BTC/USDT,2025-12-22 08:31:00+00:00,2025-12-22 08:39:00+00:00,trailing_prob_drop,-0.0086947219693444,8.0,89861.22,89736.71,0.000528481585271301,-0.0077408252414111756,-0.0013855810103623467,0.00024371296875047577,-0.006364062154719186
BTC/USDT,2025-12-22 08:31:00+00:00,2025-12-22 08:40:00+00:00,prob_floor,-0.0016347211820025,9.0,89861.22,89667.08,0.000528481585271301,-0.0077408252414111756,-0.0021604425134669203,0.001020441392760807,-0.005592464926927554
BTC/USDT,2025-12-22 08:31:00+00:00,2025-12-22 08:41:00+00:00,trailing_prob_drop,-0.0069967217798679,10.0,89861.22,89737.68,0.000528481585271301,-0.0077408252414111756,-0.0013747865875848309,0.0002329010511528118,-0.006374802647003963
BTC/USDT,2025-12-22 08:31:00+00:00,2025-12-22 08:42:00+00:00,prob_floor,-0.0053217215930277,11.0,89861.22,89684.05,0.000528481585271301,-0.0077408252414111756,-0.0019715957562116415,0.0008310284827681702,-0.005780626543961942
BTC/USDT,2025-12-22 08:31:00+00:00,2025-12-22 08:43:00+00:00,prob_floor,-0.0004927210547628,12.0,89861.22,89692.61,0.000528481585271301,-0.0077408252414111756,-0.0018763377572661444,0.0007355121007182053,-0.005875511929020694
BTC/USDT,2025-12-22 08:31:00+00:00,2025-12-22 08:44:00+00:00,prob_trailing,0.0004562788000009,13.0,89861.22,89749.09,0.000528481585271301,-0.0077408252414111756,-0.0012478130165605172,0.0001057392336791807,-0.006501124412514936
BTC/USDT,2025-12-22 09:05:00+00:00,2025-12-22 09:05:00+00:00,dry_run,0.0,,89416.08,89416.08,0.01771403980134223,-0.0028010621803148394,0.0,0.01771403980134223,-0.0028010621803148394
BTC/USDT,2025-12-22 09:05:00+00:00,2025-12-22 09:14:00+00:00,prob_floor,-0.0095508936683846,9.0,89416.08,89337.62,0.01771403980134223,-0.0028010621803148394,-0.0008774708083826299,0.01860783844476721,-0.00021513893027369502
BTC/USDT,2025-12-22 09:05:00+00:00,2025-12-22 09:18:00+00:00,take_profit,0.0076991072000004,13.0,89416.08,89519.64,0.01771403980134223,-0.0028010621803148394,0.0011581809446354896,0.01653670635851534,-0.0008013883880677586
BTC/USDT,2025-12-22 09:20:00+00:00,2025-12-22 09:20:00+00:00,dry_run,0.0,,89554.76,89554.76,0.016138058993179216,-0.0007192247514257177,0.0,0.016138058993179216,-0.0007192247514257177
BTC/USDT,2025-12-22 09:20:00+00:00,2025-12-22 09:27:00+00:00,gate_close,0.0047804745999991,7.0,89554.76,89564.17,0.016138058993179216,-0.0007192247514257177,0.0001050753751112854,0.016031299123298925,-0.0008242135219920232
BTC/USDT,2025-12-22 09:30:00+00:00,2025-12-22 09:30:00+00:00,dry_run,0.0,,89533.69,89533.69,0.01637718717948511,-0.00048406359661934406,0.0,0.01637718717948511,-0.00048406359661934406
BTC/USDT,2025-12-22 09:30:00+00:00,2025-12-22 09:31:00+00:00,take_profit,0.007371327222424,1.0,89533.69,89614.81,0.01637718717948511,-0.00048406359661934406,0.0009060276640000531,0.01545715490553401,-0.0013888329395552734
BTC/USDT,2025-12-22 09:30:00+00:00,2025-12-22 09:32:00+00:00,take_profit,0.0099903275142538,2.0,89533.69,89629.16,0.01637718717948511,-0.00048406359661934406,0.0010663025281321126,0.015294576006290805,-0.0015487147263234524
BTC/USDT,2025-12-22 09:30:00+00:00,2025-12-22 09:33:00+00:00,take_profit,0.0138073279392728,3.0,89533.69,89650.0,0.01637718717948511,-0.00048406359661934406,0.001299064072976197,0.015058561070830923,-0.0017808142777466784
BTC/USDT,2025-12-22 09:30:00+00:00,2025-12-22 09:34:00+00:00,take_profit,0.0139953279601975,4.0,89533.69,89689.68,0.01637718717948511,-0.00048406359661934406,0.0017422492025067626,0.01460948461406053,-0.002222440753495647
BTC/USDT,2025-12-22 09:30:00+00:00,2025-12-22 09:35:00+00:00,take_profit,0.0155363262000004,5.0,89533.69,89710.0,0.01637718717948511,-0.00048406359661934406,0.0019692028777100745,0.014379667818526398,-0.0024484449894102145
BTC/USDT,2025-12-22 09:36:00+00:00,2025-12-22 09:36:00+00:00,cooldown_after_exit,0.0,,89706.97,89706.97,0.014413930155037002,-0.0024147510500019953,0.0,0.014413930155037002,-0.0024147510500019953
BTC/USDT,2025-12-22 09:37:00+00:00,2025-12-22 09:37:00+00:00,dry_run,0.0,,89667.92,89667.92,0.01485570313217921,-0.001980306892364503,0.0,0.01485570313217921,-0.001980306892364503
BTC/USDT,2025-12-22 09:37:00+00:00,2025-12-22 09:42:00+00:00,prob_floor,-0.0050162955594129,5.0,89667.92,89490.35,0.01485570313217921,-0.001980306892364503,-0.001980306892364503,0.016869416646599245,0.0
BTC/USDT,2025-12-22 09:37:00+00:00,2025-12-22 09:55:00+00:00,take_profit,0.0096247048000007,18.0,89667.92,89676.58,0.01485570313217921,-0.001980306892364503,9.657857570477546e-05,0.0020659797686308767,-0.0009501923467644113
BTC/USDT,2025-12-22 09:57:00+00:00,2025-12-22 09:57:00+00:00,cooldown_after_loss,0.0,,89765.53,89765.53,0.001073017671705534,-0.001940165673839478,0.0,0.001073017671705534,-0.001940165673839478
BTC/USDT,2025-12-22 09:58:00+00:00,2025-12-22 09:58:00+00:00,cooldown_after_loss,0.0,,89773.9,89773.9,0.000979683404642273,-0.0020332190090883717,0.0,0.000979683404642273,-0.0020332190090883717
BTC/USDT,2025-12-22 09:59:00+00:00,2025-12-22 09:59:00+00:00,cooldown_after_loss,0.0,,89829.6,89829.6,0.00035901306473595795,-0.002652021160063134,0.0,0.00035901306473595795,-0.002652021160063134
BTC/USDT,2025-12-22 10:02:00+00:00,2025-12-22 10:02:00+00:00,cooldown_after_loss,0.0,,89746.0,89746.0,0.0011935908007041363,-0.001722973725848509,0.0,0.0011935908007041363,-0.001722973725848509
BTC/USDT,2025-12-22 10:03:00+00:00,2025-12-22 10:03:00+00:00,cooldown_after_loss,0.0,,89710.39,89710.39,0.0015910085777131044,-0.0013267136615948694,0.0,0.0015910085777131044,-0.0013267136615948694
BTC/USDT,2025-12-22 10:18:00+00:00,2025-12-22 10:18:00+00:00,dry_run,0.0,,89749.72,89749.72,0.0013561045092953528,-0.0010055741678079988,0.0,0.0013561045092953528,-0.0010055741678079988
BTC/USDT,2025-12-22 10:18:00+00:00,2025-12-22 10:36:00+00:00,gate_close,0.0052450493999994,18.0,89749.72,89817.94,0.0013561045092953528,-0.0010055741678079988,0.0007601137919983625,0.1455486509710644,-0.0017643468554278119
BTC/USDT,2025-12-22 10:37:00+00:00,2025-12-22 10:37:00+00:00,cooldown_after_exit,0.0,,89817.93,89817.93,0.14554877851226378,-0.0017642357155190913,0.0,0.14554877851226378,-0.0017642357155190913
BTC/USDT,2025-12-22 10:43:00+00:00,2025-12-22 10:43:00+00:00,dry_run,0.0,,89784.57,89784.57,0.14597441408919143,-0.001393335179975863,0.0,0.14597441408919143,-0.001393335179975863
BTC/USDT,2025-12-22 10:43:00+00:00,2025-12-22 10:48:00+00:00,gate_close,-0.0050542305627229,5.0,89784.57,89801.39,0.14597441408919143,-0.001393335179975863,0.00018733731196785008,0.14575977053361888,-0.0015803764284717525
BTC/USDT,2025-12-22 10:43:00+00:00,2025-12-22 11:02:00+00:00,prob_floor,-0.0087142309707071,19.0,89784.57,89738.59,0.14597441408919143,-0.001393335179975863,-0.0005121147208257959,0.14656158515528284,-0.0008816719763481418
BTC/USDT,2025-12-22 10:43:00+00:00,2025-12-22 11:17:00+00:00,prob_floor,-0.0164492318340251,34.0,89784.57,89668.43,0.14597441408919143,-0.001393335179975863,-0.0012935407498194662,0.147458698674662,-9.99236855155905e-05
BTC/USDT,2025-12-22 10:43:00+00:00,2025-12-22 11:20:00+00:00,prob_floor,-0.011472231278363,37.0,89784.57,89714.76,0.14597441408919143,-0.001393335179975863,-0.0007775278090658144,0.14686613440196483,-0.00029917039292082226
BTC/USDT,2025-12-22 10:43:00+00:00,2025-12-22 11:21:00+00:00,prob_floor,-0.0098222310942823,38.0,89784.57,89708.47,0.14597441408919143,-0.001393335179975863,-0.0008475843900572766,0.14694654807957375,-3.087779782673383e-05
BTC/USDT,2025-12-22 10:43:00+00:00,2025-12-22 11:22:00+00:00,prob_floor,-0.0123782313794686,39.0,89784.57,89731.27,0.14597441408919143,-0.001393335179975863,-0.0005936432061767194,0.14665511810988519,-0.0002849619759087707
BTC/USDT,2025-12-22 10:43:00+00:00,2025-12-22 11:23:00+00:00,prob_floor,-0.0100572311204934,40.0,89784.57,89722.98,0.14597441408919143,-0.001393335179975863,-0.0006859753296141191,0.1467610638879806,-0.00019259280064032325
BTC/USDT,2025-12-22 10:43:00+00:00,2025-12-22 11:25:00+00:00,prob_floor,-0.0062332306941126,42.0,89784.57,89767.15,0.14597441408919143,-0.001393335179975863,-0.00019401997470180898,0.14619679916316852,-0.0004259910223282093
BTC/USDT,2025-12-22 10:43:00+00:00,2025-12-22 11:27:00+00:00,gate_close,-0.0002542300281683,44.0,89784.57,89875.31,0.14597441408919143,-0.001393335179975863,0.0010106413607593456,0.14481741425982286,-0.0010099547918110963
BTC/USDT,2025-12-22 10:43:00+00:00,2025-12-22 11:30:00+00:00,take_profit,0.0077007698000001,47.0,89784.57,89834.21,0.14597441408919143,-0.001393335179975863,0.0005528789635012021,0.14534117904526567,-0.0005529074057646355
BTC/USDT,2025-12-22 11:34:00+00:00,2025-12-22 11:34:00+00:00,dry_run,0.0,,89963.05,89963.05,0.11131436739861522,-0.001984259093038898,0.0,0.11131436739861522,-0.001984259093038898
BTC/USDT,2025-12-22 11:34:00+00:00,2025-12-22 11:35:00+00:00,gate_close,-0.0008019998889557,1.0,89963.05,89999.81,0.11131436739861522,-0.001984259093038898,0.00040861220245425045,0.11086045626096319,-0.0023918939384428572
BTC/USDT,2025-12-22 11:34:00+00:00,2025-12-22 11:37:00+00:00,gate_close,-0.0164290016279229,3.0,89963.05,89890.65,0.11131436739861522,-0.001984259093038898,-0.0008047748492299167,0.11220944558750001,-0.0011804342275865132
BTC/USDT,2025-12-22 11:34:00+00:00,2025-12-22 11:38:00+00:00,gate_close,-0.0156170015374168,4.0,89963.05,89853.72,0.11131436739861522,-0.001984259093038898,-0.0012152767163852163,0.11266656516836471,-0.0007699180401212757
BTC/USDT,2025-12-22 11:34:00+00:00,2025-12-22 11:42:00+00:00,prob_floor,-0.0191400019302179,8.0,89963.05,89784.55,0.11131436739861522,-0.001984259093038898,-0.001984147936291647,0.11352376327553015,-1.1137773714420263e-07
BTC/USDT,2025-12-22 11:34:00+00:00,2025-12-22 11:43:00+00:00,prob_floor,-0.0137400013282613,9.0,89963.05,89826.61,0.11131436739861522,-0.001984259093038898,-0.0015166226578579023,0.11300237201426167,-0.00046834674045925784
BTC/USDT,2025-12-22 11:34:00+00:00,2025-12-22 11:44:00+00:00,trailing_prob_drop,-0.0150960014793511,10.0,89963.05,89880.61,0.11131436739861522,-0.001984259093038898,-0.0009163762233495021,0.11233368353864082,-0.0006006857318837655
BTC/USDT,2025-12-22 11:34:00+00:00,2025-12-22 11:47:00+00:00,prob_trailing,0.0005979999999995,13.0,89963.05,89935.96,0.11131436739861522,-0.001984259093038898,-0.00030112362797829473,0.11164911121202237,-0.0006723673155877297
BTC/USDT,2025-12-22 11:53:00+00:00,2025-12-22 11:53:00+00:00,dry_run,0.0,,89944.73,89944.73,0.11154072061809517,-0.0007698060798002615,0.0,0.11154072061809517,-0.0007698060798002615
BTC/USDT,2025-12-22 11:53:00+00:00,2025-12-22 12:00:00+00:00,gate_close,-3.8616204163225386e-05,7.0,89944.73,90002.37,0.11154072061809517,-0.0007698060798002615,0.0006408379901745587,0.15163422918752034,-0.01076860531561552
BTC/USDT,2025-12-22 11:53:00+00:00,2025-12-22 12:12:00+00:00,take_profit,0.0104043835999993,19.0,89944.73,89999.13,0.11154072061809517,-0.0007698060798002615,0.0006048158685896254,0.15167568842054346,-0.010732992641151129
BTC/USDT,2025-12-22 12:15:00+00:00,2025-12-22 12:15:00+00:00,dry_run,0.0,,90105.33,90105.33,0.15031829970546684,-0.011898963135699159,0.0,0.15031829970546684,-0.011898963135699159
BTC/USDT,2025-12-22 12:15:00+00:00,2025-12-22 12:16:00+00:00,gate_close,0.0052098921777601,1.0,90105.33,90172.34,0.15031829970546684,-0.011898963135699159,0.0007436851959812252,0.1494634607463885,-0.012633253168321867
BTC/USDT,2025-12-22 12:15:00+00:00,2025-12-22 12:17:00+00:00,take_profit,0.0076378924467307,2.0,90105.33,90175.57,0.15031829970546684,-0.011898963135699159,0.0007795321320060999,0.1494222880986502,-0.012668619671602932
BTC/USDT,2025-12-22 12:15:00+00:00,2025-12-22 12:20:00+00:00,gate_close,0.002020891400001,5.0,90105.33,90139.0,0.15031829970546684,-0.011898963135699159,0.00037367378822095176,0.1498886164701183,-0.012268052674203167
BTC/USDT,2025-12-22 12:21:00+00:00,2025-12-22 12:21:00+00:00,cooldown_after_exit,0.0,,90143.66,90143.66,0.14982917267836693,-0.012319113734676423,0.0,0.14982917267836693,-0.012319113734676423
BTC/USDT,2025-12-22 12:24:00+00:00,2025-12-22 12:24:00+00:00,dry_run,0.0,,90200.23,90200.23,0.1491080455116356,-0.012938547939400968,0.0,0.1491080455116356,-0.012938547939400968
BTC/USDT,2025-12-22 12:24:00+00:00,2025-12-22 12:29:00+00:00,take_profit,0.0077242748000008,5.0,90200.23,90299.86,0.1491080455116356,-0.012938547939400968,0.0011045426380842382,0.14784020706122902,-0.014027596499042172
BTC/USDT,2025-12-22 12:30:00+00:00,2025-12-22 12:30:00+00:00,cooldown_after_exit,0.0,,90331.56,90331.56,0.1474373961879989,-0.014373603201361718,0.0,0.1474373961879989,-0.014373603201361718
BTC/USDT,2025-12-22 12:57:00+00:00,2025-12-22 12:57:00+00:00,dry_run,0.0,,90301.99,90301.99,0.14781313235732663,-0.23257505177903615,0.0,0.14781313235732663,-0.23257505177903615
BTC/USDT,2025-12-22 12:57:00+00:00,2025-12-22 13:04:00+00:00,gate_close,-0.0066274119342911,7.0,90301.99,90277.26,0.14781313235732663,-0.23257505177903615,-0.00027385885958897127,0.0004732088678809365,-0.23236482808627545
BTC/USDT,2025-12-22 12:57:00+00:00,2025-12-22 13:05:00+00:00,trailing_prob_drop,-0.0019944114207712,8.0,90301.99,90222.37,0.14781313235732663,-0.23257505177903615,-0.0008817081439734809,0.0006083857030134698,-0.23189780982255281
BTC/USDT,2025-12-22 12:57:00+00:00,2025-12-22 13:07:00+00:00,trailing_prob_drop,-0.0145774128166957,10.0,90301.99,90174.78,0.14781313235732663,-0.23257505177903615,-0.0014087175708974442,0.0010415328986663752,-0.23149244167826077
BTC/USDT,2025-12-22 12:57:00+00:00,2025-12-22 13:08:00+00:00,trailing_prob_drop,-0.0145204128103657,11.0,90301.99,90142.86,0.14781313235732663,-0.23257505177903615,-0.0017621981531082964,0.0008210300849118557,-0.23122030962851636
BTC/USDT,2025-12-22 12:57:00+00:00,2025-12-22 13:09:00+00:00,trailing_prob_drop,-0.0098484122916183,12.0,90301.99,90143.43,0.14781313235732663,-0.23257505177903615,-0.001755885999854656,0.0008147016371575777,-0.2312251708194374
BTC/USDT,2025-12-22 12:57:00+00:00,2025-12-22 13:10:00+00:00,trailing_prob_drop,-0.0098824122953912,13.0,90301.99,90190.16,0.14781313235732663,-0.23257505177903615,-0.0012384001725764815,0.00029615204141997253,-0.23162349418162698
BTC/USDT,2025-12-22 12:57:00+00:00,2025-12-22 13:11:00+00:00,trailing_prob_drop,-0.0142504127803694,14.0,90301.99,90167.11,0.14781313235732663,-0.23257505177903615,-0.0014936547909963904,0.0005518641997064311,-0.23142706913862499
BTC/USDT,2025-12-22 12:57:00+00:00,2025-12-22 13:12:00+00:00,trailing_prob_drop,-0.0146374128233633,15.0,90301.99,90149.57,0.14781313235732663,-0.23257505177903615,-0.0016878919279630367,0.0007465371160393364,-0.23127753132932305
BTC/USDT,2025-12-22 12:57:00+00:00,2025-12-22 13:13:00+00:00,prob_floor,-0.0146364128232498,16.0,90301.99,90130.81,0.14781313235732663,-0.23257505177903615,-0.0018956392876835482,0.0009548344234340256,-0.23111752795742102
BTC/USDT,2025-12-22 12:57:00+00:00,2025-12-22 13:14:00+00:00,prob_floor,-0.0157464129465795,17.0,90301.99,90142.27,0.14781313235732663,-0.23257505177903615,-0.001768731785423583,0.0008275806677597863,-0.23121527780474138
BTC/USDT,2025-12-22 12:57:00+00:00,2025-12-22 13:15:00+00:00,trailing_prob_drop,-0.0149214128549131,18.0,90301.99,90153.39,0.14781313235732663,-0.23257505177903615,-0.001645589427209826,0.0007041332555546287,-0.23131010381306794
BTC/USDT,2025-12-22 12:57:00+00:00,2025-12-22 13:16:00+00:00,trailing_prob_drop,-0.0151224128772443,19.0,90301.99,90139.43,0.14781313235732663,-0.23257505177903615,-0.001800181812161794,0.0008591134867395045,-0.23119105590084155
BTC/USDT,2025-12-22 12:57:00+00:00,2025-12-22 13:17:00+00:00,prob_floor,-0.0233916521673157,20.0,90301.99,90128.87,0.14781313235732663,-0.23257505177903615,-0.0019171227566525673,0.0009763797105188932,-0.23110097796632756
BTC/USDT,2025-12-22 12:57:00+00:00,2025-12-22 13:18:00+00:00,prob_floor,-0.0209424135242964,21.0,90301.99,90080.42,0.14781313235732663,-0.23257505177903615,-0.0024536557832225414,0.001514757591050353,-0.2306874235266665
BTC/USDT,2025-12-22 12:57:00+00:00,2025-12-22 13:19:00+00:00,prob_floor,-0.0211845420136338,22.0,90301.99,90079.22,0.14781313235732663,-0.23257505177903615,-0.0024669445269146495,0.0015280993774147156,-0.2306771750465868
BTC/USDT,2025-12-22 12:57:00+00:00,2025-12-22 13:20:00+00:00,prob_floor,-0.0279094142999724,23.0,90301.99,90077.39,0.14781313235732663,-0.23257505177903615,-0.0024872098610452253,0.0015484462860213544,-0.2306615455887432
BTC/USDT,2025-12-22 12:57:00+00:00,2025-12-22 13:21:00+00:00,prob_floor,-0.0288644144063887,24.0,90301.99,90009.54,0.14781313235732663,-0.23257505177903615,-0.0032385775773049463,0.0023034225038813805,-0.2300816113491969
BTC/USDT,2025-12-22 12:57:00+00:00,2025-12-22 13:22:00+00:00,prob_floor,-0.0222154136659392,25.0,90301.99,90000.0,0.14781313235732663,-0.23257505177903615,-0.0033442230896573166,0.0024096666666666433,-0.22999999999999998
BTC/USDT,2025-12-22 12:57:00+00:00,2025-12-22 13:23:00+00:00,prob_floor,-0.0256704140505618,26.0,90301.99,90066.48,0.14781313235732663,-0.23257505177903615,-0.0026080266891129744,0.0016697665990721422,-0.23056835350954097
BTC/USDT,2025-12-22 12:57:00+00:00,2025-12-22 13:24:00+00:00,prob_floor,-0.0185454132577058,27.0,90301.99,90031.93,0.14781313235732663,-0.23257505177903615,-0.002990631767915808,0.002054160118526882,-0.23027308200546182
BTC/USDT,2025-12-22 12:57:00+00:00,2025-12-22 13:25:00+00:00,prob_floor,-0.0169984130857242,28.0,90301.99,90103.18,0.14781313235732663,-0.23257505177903615,-0.002201612611195114,0.0012617756665191937,-0.23088175134329325
BTC/USDT,2025-12-22 12:57:00+00:00,2025-12-22 13:26:00+00:00,trailing_prob_drop,-0.0217664136159747,29.0,90301.99,90118.66,0.14781313235732663,-0.23257505177903615,-0.0020301878175663646,0.0010897854007150265,-0.2310138654968905
BTC/USDT,2025-12-22 12:57:00+00:00,2025-12-22 13:27:00+00:00,prob_floor,-0.0195454133689081,30.0,90301.99,90070.97,0.14781313235732663,-0.23257505177903615,-0.0025583046397981146,0.001619833782183111,-0.23060670935374628
BTC/USDT,2025-12-22 12:57:00+00:00,2025-12-22 13:28:00+00:00,trailing_prob_drop,-0.0171144130986154,31.0,90301.99,90093.18,0.14781313235732663,-0.23257505177903615,-0.0023123521419629034,0.0013729119118672806,-0.2307963821456851
BTC/USDT,2025-12-22 12:57:00+00:00,2025-12-22 13:29:00+00:00,trailing_prob_drop,-0.0219324136344476,32.0,90301.99,90117.49,0.14781313235732663,-0.23257505177903615,-0.00204314434266617,0.0011027826008025432,-0.23100388171042052
BTC/USDT,2025-12-22 12:57:00+00:00,2025-12-22 13:30:00+00:00,prob_floor,-0.0243264139009078,33.0,90301.99,90069.32,0.14781313235732663,-0.23257505177903615,-0.0025765766623747632,0.0016381826797402521,-0.23059261466612613
BTC/USDT,2025-12-22 12:57:00+00:00,2025-12-22 13:31:00+00:00,prob_floor,-0.0334010778597223,34.0,90301.99,90045.38,0.14781313235732663,-0.23257505177903615,-0.0028416870990328746,0.001904484161208364,-0.23038805544493235
BTC/USDT,2025-12-22 12:57:00+00:00,2025-12-22 13:32:00+00:00,prob_floor,-0.0309314146367985,35.0,90301.99,90024.37,0.14781313235732663,-0.23257505177903615,-0.0030743508531762,0.0021383098820908497,-0.2302084424473062
BTC/USDT,2025-12-22 12:57:00+00:00,2025-12-22 13:33:00+00:00,prob_floor,-0.0403205013579275,36.0,90301.99,89979.32,0.14781313235732663,-0.23257505177903615,-0.00357323243928509,0.0026400510695123725,-0.22982303044744068
BTC/USDT,2025-12-22 12:57:00+00:00,2025-12-22 13:35:00+00:00,prob_floor,-0.0358734151881192,38.0,90301.99,89938.13,0.14781313235732663,-0.23257505177903615,-0.004029368566517699,0.003099241667577468,-0.22947030364095855
BTC/USDT,2025-12-22 12:57:00+00:00,2025-12-22 13:36:00+00:00,trailing_prob_drop,-0.0417453706190352,39.0,90301.99,89944.0,0.14781313235732663,-0.23257505177903615,-0.003964364461957137,0.003033776572089142,-0.2295205905897003
BTC/USDT,2025-12-22 12:57:00+00:00,2025-12-22 13:37:00+00:00,trailing_prob_drop,-0.0396144156058568,40.0,90301.99,89970.89,0.14781313235732663,-0.23257505177903615,-0.0036665858637224824,0.002733995406736467,-0.22975086719715676
BTC/USDT,2025-12-22 12:57:00+00:00,2025-12-22 13:39:00+00:00,prob_floor,-0.0435514160458616,42.0,90301.99,89900.0,0.14781313235732663,-0.23257505177903615,-0.004451618397335433,0.0035246941045605773,-0.2291434927697441
BTC/USDT,2025-12-22 12:57:00+00:00,2025-12-22 13:40:00+00:00,prob_floor,-0.0473644164723709,43.0,90301.99,89863.42,0.14781313235732663,-0.23257505177903615,-0.0048567036008841935,0.003933191058163477,-0.22882970623641963
BTC/USDT,2025-12-22 12:57:00+00:00,2025-12-22 13:41:00+00:00,prob_floor,-0.0488074166338776,44.0,90301.99,89815.0,0.14781313235732663,-0.23257505177903615,-0.005392904408861976,0.004474419640371874,-0.22841396203306796
BTC/USDT,2025-12-22 12:57:00+00:00,2025-12-22 13:42:00+00:00,prob_floor,-0.0527484170752299,45.0,90301.99,89800.56,0.14781313235732663,-0.23257505177903615,-0.005552812291290676,0.00463593990950617,-0.22828989039712
BTC/USDT,2025-12-22 12:57:00+00:00,2025-12-22 13:43:00+00:00,prob_floor,-0.0544334172640488,46.0,90301.99,89773.44,0.14781313235732663,-0.23257505177903615,-0.005853137898732985,0.0049394342023654225,-0.22805676155441967
BTC/USDT,2025-12-22 12:57:00+00:00,2025-12-22 13:44:00+00:00,prob_floor,-0.0477454165150111,47.0,90301.99,89737.32,0.14781313235732663,-0.23257505177903615,-0.006253129083866216,0.005343930485109061,-0.22774604813248278
BTC/USDT,2025-12-22 12:57:00+00:00,2025-12-22 13:45:00+00:00,prob_floor,-0.0436634160583825,48.0,90301.99,89815.82,0.14781313235732663,-0.23257505177903615,-0.005383823767338924,0.004465248995110027,-0.22842100645521024
BTC/USDT,2025-12-22 12:57:00+00:00,2025-12-22 13:46:00+00:00,prob_floor,-0.0388994155259898,49.0,90301.99,89852.01,0.14781313235732663,-0.23257505177903615,-0.004983057405490321,0.004060677106722421,-0.22873177795354827
BTC/USDT,2025-12-22 12:57:00+00:00,2025-12-22 13:47:00+00:00,prob_floor,-0.0511170629211268,50.0,90301.99,89899.64,0.14781313235732663,-0.23257505177903615,-0.004455605020443176,0.003528712684500057,-0.2291404059015142
BTC/USDT,2025-12-22 12:57:00+00:00,2025-12-22 13:49:00+00:00,prob_floor,-0.0392974155704456,52.0,90301.99,89895.67,0.14781313235732663,-0.23257505177903615,-0.004499568614158012,0.003970936531203284,-0.22910636296497933
BTC/USDT,2025-12-22 12:57:00+00:00,2025-12-22 13:51:00+00:00,prob_floor,-0.0426884159493771,54.0,90301.99,89883.32,0.14781313235732663,-0.23257505177903615,-0.004636331934656179,0.004108882493436994,-0.06927692479539038
BTC/USDT,2025-12-22 12:57:00+00:00,2025-12-22 13:52:00+00:00,trailing_prob_drop,-0.0418134158515719,55.0,90301.99,89861.76,0.14781313235732663,-0.23257505177903615,-0.004875086362991721,0.004349792392225549,-0.0690536219188228
BTC/USDT,2025-12-22 12:57:00+00:00,2025-12-22 13:53:00+00:00,trailing_prob_drop,-0.0388644155220799,56.0,90301.99,89868.19,0.14781313235732663,-0.23257505177903615,-0.004803880844707842,0.004277931935649182,-0.0691202304174593
BTC/USDT,2025-12-22 12:57:00+00:00,2025-12-22 13:54:00+00:00,prob_floor,-0.0373254153502135,57.0,90301.99,89899.99,0.14781313235732663,-0.23257505177903615,-0.0044517291368662,0.0039226923162059,-0.06944950716902198
BTC/USDT,2025-12-22 12:57:00+00:00,2025-12-22 13:55:00+00:00,trailing_prob_drop,-0.0352874151227146,58.0,90301.99,89930.0,0.14781313235732663,-0.23257505177903615,-0.004119399805032065,0.003959635271878037,-0.0697600355832314
BTC/USDT,2025-12-22 12:57:00+00:00,2025-12-22 14:02:00+00:00,gate_close,-0.0292034144441699,65.0,90301.99,90029.77,0.14781313235732663,-0.23257505177903615,-0.0030145515065614914,0.0028470582563966396,-0.0707909172710317
BTC/USDT,2025-12-22 12:57:00+00:00,2025-12-22 14:04:00+00:00,gate_close,-0.0211144135434318,67.0,90301.99,90074.26,0.14781313235732663,-0.23257505177903615,-0.002521871334175585,0.10994228539873663,-0.07124987760099277
BTC/USDT,2025-12-22 12:57:00+00:00,2025-12-22 14:06:00+00:00,gate_close,-0.0185844132620421,69.0,90301.99,90104.13,0.14781313235732663,-0.23257505177903615,-0.002191092355771973,0.10957433360712754,-0.07155776322350604
BTC/USDT,2025-12-22 12:57:00+00:00,2025-12-22 14:08:00+00:00,gate_close,-0.0406206402297875,71.0,90301.99,89993.28,0.14781313235732663,-0.23257505177903615,-0.003418640054333344,0.1109410613770272,-0.07041414647849265
BTC/USDT,2025-12-22 12:57:00+00:00,2025-12-22 14:09:00+00:00,gate_close,-0.0326524148287211,72.0,90301.99,89981.33,0.14781313235732663,-0.23257505177903615,-0.003550973793600809,0.1110886002685223,-0.0702906925247716
BTC/USDT,2025-12-22 12:57:00+00:00,2025-12-22 14:10:00+00:00,trailing_prob_drop,-0.0325554148179019,73.0,90301.99,89970.93,0.14781313235732663,-0.23257505177903615,-0.003666142905599412,0.11121703421316198,-0.07018322473714567
BTC/USDT,2025-12-22 12:57:00+00:00,2025-12-22 14:17:00+00:00,gate_close,-0.015677412938912,80.0,90301.99,90137.26,0.14781313235732663,-0.23257505177903615,-0.0018242122903383562,0.10916650894424795,-0.07189901268354504
BTC/USDT,2025-12-22 12:57:00+00:00,2025-12-22 14:20:00+00:00,trailing_prob_drop,-0.0194044133532268,83.0,90301.99,90099.13,0.14781313235732663,-0.23257505177903615,-0.0022464621211558677,0.10963590880400287,-0.07150623984937488
BTC/USDT,2025-12-22 12:57:00+00:00,2025-12-22 14:21:00+00:00,trailing_prob_drop,-0.0211124135432118,84.0,90301.99,90094.6,0.14781313235732663,-0.23257505177903615,-0.002296627128593687,0.10969170183340604,-0.07145955473469012
BTC/USDT,2025-12-22 12:57:00+00:00,2025-12-22 14:22:00+00:00,trailing_prob_drop,-0.0211024135420972,85.0,90301.99,90077.52,0.14781313235732663,-0.23257505177903615,-0.002485770247145136,0.1099021154223605,-0.07128349004279877
BTC/USDT,2025-12-22 12:57:00+00:00,2025-12-22 14:24:00+00:00,trailing_prob_drop,-0.0304054145781554,87.0,90301.99,89980.01,0.14781313235732663,-0.23257505177903615,-0.003565591411662239,0.11110489985497884,-0.07027705375894044
BTC/USDT,2025-12-22 12:57:00+00:00,2025-12-22 14:25:00+00:00,trailing_prob_drop,-0.0296804144973365,88.0,90301.99,89986.87,0.14781313235732663,-0.23257505177903615,-0.0034896240935555767,0.11102019661312812,-0.07034792964795866
BTC/USDT,2025-12-22 12:57:00+00:00,2025-12-22 14:26:00+00:00,trailing_prob_drop,-0.0260974140981149,89.0,90301.99,89991.84,0.14781313235732663,-0.23257505177903615,-0.0034345865467638736,0.11095883804576068,-0.07039927175619476
BTC/USDT,2025-12-22 12:57:00+00:00,2025-12-22 14:27:00+00:00,time_limit,-0.0226704114000008,90.0,90301.99,90020.06,0.14781313235732663,-0.23257505177903615,-0.0031220795909371324,0.11061056835554206,-0.07069068827547997
BTC/USDT,2025-12-22 14:28:00+00:00,2025-12-22 14:28:00+00:00,cooldown_after_loss,0.0,,90061.92,90061.92,0.11009436618717428,-0.07112262319080032,0.0,0.11009436618717428,-0.07112262319080032
BTC/USDT,2025-12-22 14:58:00+00:00,2025-12-22 14:58:00+00:00,dry_run,0.0,,90109.58,90109.58,0.10950722442608196,-0.022484179817506722,0.0,0.10950722442608196,-0.022484179817506722
BTC/USDT,2025-12-22 14:58:00+00:00,2025-12-22 15:00:00+00:00,gate_close,-0.024010534709615,2.0,90109.58,90092.97,0.10950722442608196,-0.022484179817506722,-0.00018433112217375314,0.10971177884356575,-0.022303960009310453
BTC/USDT,2025-12-22 14:58:00+00:00,2025-12-22 15:01:00+00:00,gate_close,-0.0178835305872931,3.0,90109.58,89981.03,0.10950722442608196,-0.022484179817506722,-0.0014265963729939157,0.11109230467799702,-0.021087667033818147
BTC/USDT,2025-12-22 14:58:00+00:00,2025-12-22 15:02:00+00:00,prob_floor,-0.011547529882262,4.0,90109.58,89965.65,0.10950722442608196,-0.022484179817506722,-0.001597277448191492,0.11128225050338658,-0.02092031792133997
BTC/USDT,2025-12-22 14:58:00+00:00,2025-12-22 15:03:00+00:00,trailing_prob_drop,-0.095930773876754,5.0,90109.58,90029.0,0.10950722442608196,-0.022484179817506722,-0.0008942445409245714,0.11050028324206651,-0.021609259238689837
BTC/USDT,2025-12-22 14:58:00+00:00,2025-12-22 15:06:00+00:00,prob_trailing,0.0058904711999993,8.0,90109.58,90007.41,0.10950722442608196,-0.022484179817506722,-0.0011338417069527429,0.09087807326085695,-0.021374573493449178
BTC/USDT,2025-12-22 15:09:00+00:00,2025-12-22 15:09:00+00:00,dry_run,0.0,,90187.91,90187.91,0.08869481508109,-0.0233331718187062,0.0,0.08869481508109,-0.0233331718187062
BTC/USDT,2025-12-22 15:09:00+00:00,2025-12-22 15:10:00+00:00,gate_close,-0.0594804729284048,1.0,90187.91,90353.31,0.08869481508109,-0.0233331718187062,0.0018339486966711949,0.08670185962196619,-0.02512104979883978
BTC/USDT,2025-12-22 15:09:00+00:00,2025-12-22 15:11:00+00:00,trailing_prob_drop,-0.0494614761038484,2.0,90187.91,90515.78,0.08869481508109,-0.0233331718187062,0.0036354096685464743,0.08475129971812656,-0.026870894776579335
BTC/USDT,2025-12-22 15:09:00+00:00,2025-12-22 15:12:00+00:00,prob_floor,-0.0533894765435469,3.0,90187.91,89847.0,0.08869481508109,-0.0233331718187062,-0.0037799966758294,0.09282569256625162,-0.019627366523089274
BTC/USDT,2025-12-22 15:09:00+00:00,2025-12-22 15:13:00+00:00,prob_floor,-0.0717614786052179,4.0,90187.91,89807.73,0.08869481508109,-0.0233331718187062,-0.004215420891780397,0.09330354970557653,-0.019198681449803967
BTC/USDT,2025-12-22 15:09:00+00:00,2025-12-22 15:14:00+00:00,prob_floor,-0.0655884779115553,5.0,90187.91,89624.01,0.08869481508109,-0.0233331718187062,-0.006252501028131241,0.09554470950362526,-0.017188139651417078
BTC/USDT,2025-12-22 15:09:00+00:00,2025-12-22 15:15:00+00:00,prob_floor,-0.0644794777870347,6.0,90187.91,89685.73,0.08869481508109,-0.0233331718187062,-0.005568152094887258,0.09479077663748736,-0.01786449193199413
BTC/USDT,2025-12-22 15:09:00+00:00,2025-12-22 15:16:00+00:00,prob_floor,-0.0519694763845486,7.0,90187.91,89696.82,0.08869481508109,-0.0233331718187062,-0.005445186610932629,0.09465541810735312,-0.01798592190893744
BTC/USDT,2025-12-22 15:09:00+00:00,2025-12-22 15:17:00+00:00,prob_floor,-0.0541624766301211,8.0,90187.91,89821.92,0.08869481508109,-0.0233331718187062,-0.004058082729714085,0.0931308304253573,-0.01935362771136495
BTC/USDT,2025-12-22 15:09:00+00:00,2025-12-22 15:19:00+00:00,prob_floor,-0.0551124767365398,10.0,90187.91,89772.45,0.08869481508109,-0.0233331718187062,-0.004606604144613224,0.09373321102409493,-0.007693340217405198
BTC/USDT,2025-12-22 15:09:00+00:00,2025-12-22 15:20:00+00:00,prob_floor,-0.078312479342404,11.0,90187.91,89790.49,0.08869481508109,-0.0233331718187062,-0.004406577333924244,0.09351346673795846,-0.007892706677511185
BTC/USDT,2025-12-22 15:09:00+00:00,2025-12-22 15:21:00+00:00,prob_floor,-0.0855234801551086,12.0,90187.91,89558.5,0.08869481508109,-0.0233331718187062,-0.006978873332356916,0.09634607547022345,-0.00532277784911539
BTC/USDT,2025-12-22 15:09:00+00:00,2025-12-22 15:22:00+00:00,prob_floor,-0.1051174823700495,13.0,90187.91,89486.39,0.08869481508109,-0.0233331718187062,-0.007778426177078579,0.09722953401070256,-0.004521246191739325
BTC/USDT,2025-12-22 15:09:00+00:00,2025-12-22 15:23:00+00:00,prob_floor,-0.1037286200470184,14.0,90187.91,89290.45,0.08869481508109,-0.0233331718187062,-0.009951001192953779,0.09963730723722408,-0.0023367560584586222
BTC/USDT,2025-12-22 15:09:00+00:00,2025-12-22 15:24:00+00:00,prob_floor,-0.0701624784254449,15.0,90187.91,89755.07,0.08869481508109,-0.0233331718187062,-0.004799312901252462,0.09394499943011558,-0.007501191854677458
BTC/USDT,2025-12-22 15:09:00+00:00,2025-12-22 15:25:00+00:00,prob_floor,-0.0827514798425396,16.0,90187.91,89640.0,0.08869481508109,-0.0233331718187062,-0.006075204536838741,0.09534928603302095,-0.00622713074520298
BTC/USDT,2025-12-22 15:09:00+00:00,2025-12-22 15:26:00+00:00,prob_floor,-0.0776074792630209,17.0,90187.91,89514.11,0.08869481508109,-0.0233331718187062,-0.007471067906995588,0.09688975291157997,-0.004829517938568562
BTC/USDT,2025-12-22 15:09:00+00:00,2025-12-22 15:27:00+00:00,prob_floor,-0.0809554796401294,18.0,90187.91,89565.55,0.08869481508109,-0.0233331718187062,-0.006900703209554382,0.09625977845276434,-0.005401072175630017
BTC/USDT,2025-12-22 15:09:00+00:00,2025-12-22 15:28:00+00:00,prob_floor,-0.0721504786489621,19.0,90187.91,89532.07,0.08869481508109,-0.0233331718187062,-0.007271928133161021,0.09666971845954175,-0.0050291476562532855
BTC/USDT,2025-12-22 15:09:00+00:00,2025-12-22 15:29:00+00:00,prob_floor,-0.0740164788588541,20.0,90187.91,89620.12,0.08869481508109,-0.0233331718187062,-0.006295633195181116,0.09559226209471716,-0.00600668689129169
BTC/USDT,2025-12-22 15:09:00+00:00,2025-12-22 15:30:00+00:00,trailing_prob_drop,-0.0885824805002668,21.0,90187.91,89601.45,0.08869481508109,-0.0233331718187062,-0.00650264542109924,0.09582054754694269,-0.00579957132390152
BTC/USDT,2025-12-22 15:09:00+00:00,2025-12-22 15:31:00+00:00,prob_floor,-0.0954044812708605,22.0,90187.91,89455.8,0.08869481508109,-0.0233331718187062,-0.00811760689431651,0.09760473887662946,-0.005593823989053948
BTC/USDT,2025-12-22 15:09:00+00:00,2025-12-22 15:32:00+00:00,prob_floor,-0.0930244810018906,23.0,90187.91,89387.58,0.08869481508109,-0.0233331718187062,-0.008874027571988297,0.09844242343287513,-0.004834899882064203
BTC/USDT,2025-12-22 15:09:00+00:00,2025-12-22 15:33:00+00:00,prob_floor,-0.0789624794156075,24.0,90187.91,89411.38,0.08869481508109,-0.0233331718187062,-0.008610134107775669,0.09815003414554169,-0.005099798258342614
BTC/USDT,2025-12-22 15:09:00+00:00,2025-12-22 15:34:00+00:00,prob_floor,-0.0823924798020735,25.0,90187.91,89551.99,0.08869481508109,-0.0233331718187062,-0.007051055956391439,0.09642577456961021,-0.006661940175757275
BTC/USDT,2025-12-22 15:09:00+00:00,2025-12-22 15:35:00+00:00,prob_floor,-0.1080144826983568,26.0,90187.91,89517.7,0.08869481508109,-0.0233331718187062,-0.00743126212815004,0.09684576346353846,-0.006281439313119086
BTC/USDT,2025-12-22 15:09:00+00:00,2025-12-22 15:36:00+00:00,prob_floor,-0.1370973469675788,27.0,90187.91,89261.48,0.08869481508109,-0.0233331718187062,-0.010272219413888228,0.09999419682487898,-0.0034290267201485536
BTC/USDT,2025-12-22 15:09:00+00:00,2025-12-22 15:37:00+00:00,prob_floor,-0.0996674817529965,28.0,90187.91,89258.41,0.08869481508109,-0.0233331718187062,-0.010306259453179423,0.10003203059521226,-0.0033947501417515014
BTC/USDT,2025-12-22 15:09:00+00:00,2025-12-22 15:38:00+00:00,trailing_prob_drop,-0.1220394189923944,29.0,90187.91,89344.95,0.08869481508109,-0.0233331718187062,-0.009346707335828097,0.09896653364291996,-0.004360067356912745
BTC/USDT,2025-12-22 15:09:00+00:00,2025-12-22 15:39:00+00:00,prob_floor,-0.1202953284412707,30.0,90187.91,89364.95,0.08869481508109,-0.0233331718187062,-0.00912494812220399,0.09872058340546275,-0.0045828929574738275
BTC/USDT,2025-12-22 15:09:00+00:00,2025-12-22 15:41:00+00:00,prob_floor,-0.1183205886925768,32.0,90187.91,89412.06,0.08869481508109,-0.0233331718187062,-0.008602594294512489,0.016839115439237107,-0.005107364711203433
BTC/USDT,2025-12-22 15:09:00+00:00,2025-12-22 15:42:00+00:00,prob_floor,-0.1079394826898547,33.0,90187.91,89408.7,0.08869481508109,-0.0233331718187062,-0.008639849842401293,0.01687732849264112,-0.00506997641169149
BTC/USDT,2025-12-22 15:09:00+00:00,2025-12-22 15:43:00+00:00,prob_floor,-0.0931234810130737,34.0,90187.91,89262.23,0.08869481508109,-0.0233331718187062,-0.010263903443377353,0.018545918021541707,-0.0034374001187288394
BTC/USDT,2025-12-22 15:09:00+00:00,2025-12-22 15:45:00+00:00,prob_floor,-0.0996144817469996,36.0,90187.91,89299.55,0.08869481508109,-0.0233331718187062,-0.009850100750754764,0.011442386887727807,-0.003853882802321018
BTC/USDT,2025-12-22 15:09:00+00:00,2025-12-22 15:46:00+00:00,prob_floor,-0.0849694800926251,37.0,90187.91,89345.47,0.08869481508109,-0.0233331718187062,-0.009340941596273855,0.010922545933218508,-0.00436586208567713
BTC/USDT,2025-12-22 15:09:00+00:00,2025-12-22 15:47:00+00:00,prob_floor,-0.0815504797071763,38.0,90187.91,89471.39,0.08869481508109,-0.0233331718187062,-0.007944745587296631,0.009499796527135729,-0.0057670949339224675
BTC/USDT,2025-12-22 15:09:00+00:00,2025-12-22 15:50:00+00:00,trailing_prob_drop,-0.0832054798937214,41.0,90187.91,89536.5,0.08869481508109,-0.0233331718187062,-0.007222808467343356,0.008765698904915853,-0.006490090633428869
BTC/USDT,2025-12-22 15:09:00+00:00,2025-12-22 15:51:00+00:00,prob_floor,-0.0801614795506684,42.0,90187.91,89509.57,0.08869481508109,-0.0233331718187062,-0.0075214072484881545,0.006737380148290173,-0.0061911815686301885
BTC/USDT,2025-12-22 15:09:00+00:00,2025-12-22 15:52:00+00:00,trailing_prob_drop,-0.0834634799228082,43.0,90187.91,89540.01,0.08869481508109,-0.0233331718187062,-0.007183889725352444,0.006395129953637557,-0.006529036572589186
BTC/USDT,2025-12-22 15:09:00+00:00,2025-12-22 15:53:00+00:00,gate_close,-0.0748844789565155,44.0,90187.91,89506.98,0.08869481508109,-0.0233331718187062,-0.0075501250666525355,0.006766511393860197,-0.0061624244276815565
BTC/USDT,2025-12-22 15:09:00+00:00,2025-12-22 15:54:00+00:00,gate_close,-0.0623544775485267,45.0,90187.91,89592.78,0.08869481508109,-0.0233331718187062,-0.006598778040205255,0.005802364878062738,-0.007114189335346022
BTC/USDT,2025-12-22 15:09:00+00:00,2025-12-22 15:55:00+00:00,gate_close,-0.0553894767675739,46.0,90187.91,89722.01,0.08869481508109,-0.0233331718187062,-0.005165880881373264,0.004353669740568833,-0.00854428027191989
BTC/USDT,2025-12-22 15:09:00+00:00,2025-12-22 15:56:00+00:00,gate_close,-0.0511204762895089,47.0,90187.91,89787.73,0.08869481508109,-0.0233331718187062,-0.0044371801054045035,0.0036185345146826364,-0.00926997486182135
BTC/USDT,2025-12-22 15:09:00+00:00,2025-12-22 15:58:00+00:00,gate_close,-0.0765284617406008,49.0,90187.91,89742.21,0.08869481508109,-0.0233331718187062,-0.004941904075612791,0.004127600601768089,-0.008767446221794817
BTC/USDT,2025-12-22 15:09:00+00:00,2025-12-22 16:00:00+00:00,gate_close,-0.0618374774905164,51.0,90187.91,89847.07,0.08869481508109,-0.0233331718187062,-0.003779220518581705,0.002955689039163989,-0.7773995301126682
BTC/USDT,2025-12-22 15:09:00+00:00,2025-12-22 16:01:00+00:00,gate_close,-0.047126475842651,52.0,90187.91,89723.24,0.08869481508109,-0.0233331718187062,-0.0051522426897352425,0.004339901234061472,-0.7770923118692549
BTC/USDT,2025-12-22 15:09:00+00:00,2025-12-22 16:02:00+00:00,gate_close,-0.0419084752594484,53.0,90187.91,89870.36,0.08869481508109,-0.0233331718187062,-0.00352098191431649,0.002695771998687979,-0.7774572172627326
BTC/USDT,2025-12-22 15:09:00+00:00,2025-12-22 16:03:00+00:00,gate_close,-0.0478874759277628,54.0,90187.91,89922.54,0.08869481508109,-0.0233331718187062,-0.00294241212597135,0.0021139305006288023,-0.7775863537662526
BTC/USDT,2025-12-22 15:09:00+00:00,2025-12-22 16:06:00+00:00,gate_close,-0.0492194760767717,57.0,90187.91,89840.44,0.08869481508109,-0.0233331718187062,-0.0038527336978980697,0.0030297046630671787,-0.7773831027541718
BTC/USDT,2025-12-22 15:09:00+00:00,2025-12-22 16:09:00+00:00,gate_close,-0.0544284766599164,60.0,90187.91,89750.0,0.08869481508109,-0.0233331718187062,-0.004855528861906211,0.00404044568245121,-0.7771587743732591
BTC/USDT,2025-12-22 15:09:00+00:00,2025-12-22 16:11:00+00:00,trailing_prob_drop,-0.0433584754214435,62.0,90187.91,89940.5,0.08869481508109,-0.0233331718187062,-0.002743272352136783,0.0019138208037536852,-0.7776307670070769
BTC/USDT,2025-12-22 15:09:00+00:00,2025-12-22 16:12:00+00:00,trailing_prob_drop,-0.0402294750719336,63.0,90187.91,89896.66,0.08869481508109,-0.0233331718187062,-0.003229368548400724,0.002402425184650836,-0.7775223239662075
BTC/USDT,2025-12-22 15:09:00+00:00,2025-12-22 16:14:00+00:00,gate_close,-0.0347564744611848,65.0,90187.91,89832.68,0.08869481508109,-0.0233331718187062,-0.003938776272784383,0.0031163491949701694,-0.7773638724793694
BTC/USDT,2025-12-22 15:09:00+00:00,2025-12-22 16:15:00+00:00,trailing_prob_drop,-0.0345714744405554,66.0,90187.91,89973.01,0.08869481508109,-0.0233331718187062,-0.0023828027503909333,0.0015517987005215783,-0.777711115811286
BTC/USDT,2025-12-22 15:09:00+00:00,2025-12-22 16:17:00+00:00,trailing_prob_drop,-0.0444964755486202,68.0,90187.91,89957.27,0.08869481508109,-0.0233331718187062,-0.0025573272515129197,0.0017270421834723049,-0.7776722214891582
BTC/USDT,2025-12-22 15:09:00+00:00,2025-12-22 16:18:00+00:00,trailing_prob_drop,-0.03849447487824,69.0,90187.91,89896.65,0.08869481508109,-0.0233331718187062,-0.0032294794280076644,0.002402536690744528,-0.7775222992180465
BTC/USDT,2025-12-22 15:09:00+00:00,2025-12-22 16:19:00+00:00,trailing_prob_drop,-0.0292994738529624,70.0,90187.91,89956.68,0.08869481508109,-0.0233331718187062,-0.002563869148314968,0.001733612223127956,-0.777670763305182
BTC/USDT,2025-12-22 15:09:00+00:00,2025-12-22 16:20:00+00:00,gate_close,-0.0309164740331124,71.0,90187.91,90052.11,0.08869481508109,-0.0233331718187062,-0.0015057450605076017,0.0006720553244117244,-0.7779063699895539
BTC/USDT,2025-12-22 15:09:00+00:00,2025-12-22 16:22:00+00:00,trailing_prob_drop,-0.0395624749974614,73.0,90187.91,89948.0,0.08869481508109,-0.0233331718187062,-0.0026601126470278125,0.0018302797171698693,-0.7776493084893494
BTC/USDT,2025-12-22 15:09:00+00:00,2025-12-22 16:27:00+00:00,gate_close,-0.0242794732940928,78.0,90187.91,90035.2,0.08869481508109,-0.0233331718187062,-0.001693242475626744,0.000859996978959332,-0.7778646573784476
BTC/USDT,2025-12-22 15:09:00+00:00,2025-12-22 16:28:00+00:00,gate_close,-0.0257564734584601,79.0,90187.91,90098.82,0.08869481508109,-0.0233331718187062,-0.0009878264170884998,0.0001532761472347044,-0.7780215101596225
BTC/USDT,2025-12-22 15:09:00+00:00,2025-12-22 16:30:00+00:00,trailing_prob_drop,-0.0513634763167113,81.0,90187.91,89982.0,0.08869481508109,-0.0233331718187062,-0.0022831219838668204,0.001134226845369124,-0.7777333244426663
BTC/USDT,2025-12-22 15:09:00+00:00,2025-12-22 16:32:00+00:00,prob_floor,-0.0656194779150347,83.0,90187.91,89759.98,0.08869481508109,-0.0233331718187062,-0.004744871014307872,0.0007576873346006874,-0.7771835510658536
BTC/USDT,2025-12-22 15:09:00+00:00,2025-12-22 16:33:00+00:00,prob_floor,-0.0641704777523462,84.0,90187.91,89685.43,0.08869481508109,-0.0233331718187062,-0.005571478483091696,0.0014078094959237841,-0.7769983374111046
BTC/USDT,2025-12-22 15:09:00+00:00,2025-12-22 16:34:00+00:00,prob_floor,-0.0767914791711514,85.0,90187.91,89699.91,0.08869481508109,-0.0233331718187062,-0.005410924812427775,0.001246155096476631,-0.7770343359318866
BTC/USDT,2025-12-22 15:09:00+00:00,2025-12-22 16:35:00+00:00,prob_floor,-0.0656194779150347,86.0,90187.91,89578.01,0.08869481508109,-0.0233331718187062,-0.006762547219466675,0.0026086759462506937,-0.7767309186707765
BTC/USDT,2025-12-22 15:09:00+00:00,2025-12-22 16:36:00+00:00,prob_floor,-0.0716544785931854,87.0,90187.91,89685.43,0.08869481508109,-0.0233331718187062,-0.005571478483091696,0.0014078094959237841,-0.7769983374111046
BTC/USDT,2025-12-22 15:09:00+00:00,2025-12-22 16:37:00+00:00,prob_floor,-0.0705714784714245,88.0,90187.91,89624.71,0.08869481508109,-0.0233331718187062,-0.006244739455654291,0.002086255007129223,-0.776847255628498
BTC/USDT,2025-12-22 15:09:00+00:00,2025-12-22 16:38:00+00:00,prob_floor,-0.0688914782825969,89.0,90187.91,89656.28,0.08869481508109,-0.0233331718187062,-0.005894692536948742,0.002718381802144787,-0.7769258327470201
BTC/USDT,2025-12-22 15:09:00+00:00,2025-12-22 16:40:00+00:00,time_limit,-0.0603834707999989,91.0,90187.91,89737.78,0.08869481508109,-0.0233331718187062,-0.004991023741430567,0.0018077113117798138,-0.7771284290741314
BTC/USDT,2025-12-22 17:24:00+00:00,2025-12-22 17:24:00+00:00,dry_run,0.0,,89329.5,89329.5,0.006386468076055474,-0.011503254803844176,0.0,0.006386468076055474,-0.011503254803844176
BTC/USDT,2025-12-22 17:24:00+00:00,2025-12-22 17:33:00+00:00,trailing_prob_drop,-0.0059407412650297,9.0,89329.5,89302.44,0.006386468076055474,-0.011503254803844176,-0.00030292344634186286,0.11500805577092854,-0.01120372522856039
BTC/USDT,2025-12-22 17:24:00+00:00,2025-12-22 17:34:00+00:00,trailing_prob_drop,-0.0036947410134495,10.0,89329.5,89296.18,0.006386468076055474,-0.011503254803844176,-0.00037300108027027434,0.11508622205339591,-0.011134406869364288
BTC/USDT,2025-12-22 17:24:00+00:00,2025-12-22 17:36:00+00:00,take_profit,0.0076052592000012,12.0,89329.5,89381.99,0.006386468076055474,-0.011503254803844176,0.0005875998410380667,0.1140156982407754,-0.012083754232815935
BTC/USDT,2025-12-22 17:37:00+00:00,2025-12-22 17:37:00+00:00,cooldown_after_exit,0.0,,89430.96,89430.96,0.11340569306199999,-0.012624710726576227,0.0,0.11340569306199999,-0.012624710726576227
BTC/USDT,2025-12-22 17:40:00+00:00,2025-12-22 17:40:00+00:00,dry_run,0.0,,89456.01,89456.01,0.11309391062713403,-0.012901201383786254,0.0,0.11309391062713403,-0.012901201383786254
BTC/USDT,2025-12-22 17:40:00+00:00,2025-12-22 17:41:00+00:00,gate_close,-0.0060500004760356,1.0,89456.01,89499.99,0.11309391062713403,-0.012901201383786254,0.0004916382923854101,0.11254693994937881,-0.013386258478911617
BTC/USDT,2025-12-22 17:40:00+00:00,2025-12-22 17:45:00+00:00,prob_floor,-0.0226040023308405,5.0,89456.01,89215.67,0.11309391062713403,-0.012901201383786254,-0.002686683656022648,0.11609249810038991,-0.010242034835360236
BTC/USDT,2025-12-22 17:40:00+00:00,2025-12-22 17:46:00+00:00,trailing_prob_drop,-0.024830537737768,6.0,89456.01,89291.88,0.11309391062713403,-0.012901201383786254,-0.0018347565468210814,0.11513992089762248,-0.011086786390879011
BTC/USDT,2025-12-22 17:40:00+00:00,2025-12-22 17:47:00+00:00,trailing_prob_drop,-0.0212130021747187,7.0,89456.01,89275.82,0.11309391062713403,-0.012901201383786254,-0.0020142861278966695,0.11534052557568208,-0.0109088888794302
BTC/USDT,2025-12-22 17:40:00+00:00,2025-12-22 17:49:00+00:00,prob_floor,-0.0287910030258314,9.0,89456.01,89224.01,0.11309391062713403,-0.012901201383786254,-0.0025934534750655658,0.11598817403521777,-0.01033455008354811
BTC/USDT,2025-12-22 17:40:00+00:00,2025-12-22 17:50:00+00:00,trailing_prob_drop,-0.0197090020059699,10.0,89456.01,89230.01,0.11309391062713403,-0.012901201383786254,-0.002526381402434552,0.11591313281260418,-0.010401097119679736
BTC/USDT,2025-12-22 17:40:00+00:00,2025-12-22 17:51:00+00:00,prob_floor,-0.0140180013679594,11.0,89456.01,89320.82,0.11309391062713403,-0.012901201383786254,-0.001511245583164178,0.1147786148850849,-0.011407194873490956
BTC/USDT,2025-12-22 17:40:00+00:00,2025-12-22 17:52:00+00:00,prob_floor,-0.0162870016222379,12.0,89456.01,89377.74,0.11309391062713403,-0.012901201383786254,-0.0008749551874713823,0.11406867078984084,-0.012036777837524326
BTC/USDT,2025-12-22 17:40:00+00:00,2025-12-22 17:53:00+00:00,trailing_prob_drop,-0.0225910023293793,13.0,89456.01,89355.04,0.11309391062713403,-0.012901201383786254,-0.0011287111955921025,0.11435169185756067,-0.011785792944639661
BTC/USDT,2025-12-22 17:40:00+00:00,2025-12-22 17:54:00+00:00,prob_floor,-0.0167920016788462,14.0,89456.01,89292.01,0.11309391062713403,-0.012901201383786254,-0.0018333033185807812,0.11513829736837611,-0.011088226146997893
BTC/USDT,2025-12-22 17:40:00+00:00,2025-12-22 17:55:00+00:00,prob_floor,-0.0209910021498067,15.0,89456.01,89350.0,0.11309391062713403,-0.012901201383786254,-0.0011850517366021052,0.11441454952434249,-0.011730050363738087
BTC/USDT,2025-12-22 17:40:00+00:00,2025-12-22 17:56:00+00:00,prob_floor,-0.2250916046585605,16.0,89456.01,89308.0,0.11309391062713403,-0.012901201383786254,-0.0016545562450190898,0.11493863931562687,-0.011265284185067448
BTC/USDT,2025-12-22 17:40:00+00:00,2025-12-22 17:57:00+00:00,prob_floor,-0.0236810024517494,17.0,89456.01,89193.86,0.11309391062713403,-0.012901201383786254,-0.002930490640036254,0.11636540900909553,-0.010000015696147724
BTC/USDT,2025-12-22 17:40:00+00:00,2025-12-22 17:59:00+00:00,prob_floor,-0.0226760023389229,19.0,89456.01,89308.91,0.11309391062713403,-0.012901201383786254,-0.0016443836473367668,0.11492727881238274,-0.0018913006552202516
BTC/USDT,2025-12-22 17:40:00+00:00,2025-12-22 18:00:00+00:00,trailing_prob_drop,-0.0137930013427516,20.0,89456.01,89291.16,0.11309391062713403,-0.012901201383786254,-0.0018428051955368119,0.11514891283750828,-0.0022080573261675784
BTC/USDT,2025-12-22 17:40:00+00:00,2025-12-22 18:01:00+00:00,gate_close,-0.0125270012009372,21.0,89456.01,89379.98,0.11309391062713403,-0.012901201383786254,-0.0008499149470225786,0.11404075051258689,-0.004409152922164372
BTC/USDT,2025-12-22 17:40:00+00:00,2025-12-22 18:07:00+00:00,trailing_prob_drop,-0.0217920022396967,27.0,89456.01,89295.99,0.11309391062713403,-0.012901201383786254,-0.0017888121770688326,0.11508859468381494,-0.00863577412602734
BTC/USDT,2025-12-22 17:40:00+00:00,2025-12-22 18:08:00+00:00,trailing_prob_drop,-0.0239080024772381,28.0,89456.01,89299.99,0.11309391062713403,-0.012901201383786254,-0.001744097461981453,0.11503864670085617,-0.008680180143357252
BTC/USDT,2025-12-22 17:40:00+00:00,2025-12-22 18:13:00+00:00,gate_close,-0.0141200013793849,33.0,89456.01,89357.2,0.11309391062713403,-0.012901201383786254,-0.001104565249444911,0.11432475502813433,-0.009314862148769087
BTC/USDT,2025-12-22 17:40:00+00:00,2025-12-22 18:15:00+00:00,gate_close,-0.001308999946091,35.0,89456.01,89474.2,0.11309391062713403,-0.012901201383786254,0.00020334016685974454,0.11286761993960281,-0.010610321187560112
BTC/USDT,2025-12-22 17:40:00+00:00,2025-12-22 18:18:00+00:00,prob_floor,-0.0171250017161795,38.0,89456.01,89288.39,0.11309391062713403,-0.012901201383786254,-0.0018737701357348646,0.11518350818062695,-0.008551391731892455
BTC/USDT,2025-12-22 17:40:00+00:00,2025-12-22 18:21:00+00:00,gate_close,-0.0192870019586347,41.0,89456.01,89329.88,0.11309391062713403,-0.012901201383786254,-0.0014099667534913651,0.11466555199671147,-0.009011878220366976
BTC/USDT,2025-12-22 17:40:00+00:00,2025-12-22 18:24:00+00:00,gate_close,-0.0095710008699752,44.0,89456.01,89392.79,0.11309391062713403,-0.012901201383786254,-0.0007067160719553822,0.1138811083086233,-0.009709284160389076
BTC/USDT,2025-12-22 17:40:00+00:00,2025-12-22 18:31:00+00:00,trailing_prob_drop,-0.0126570012154992,51.0,89456.01,89407.62,0.11309391062713403,-0.012901201383786254,-0.0005409362657690098,0.1136963493715637,-0.010098020727987156
BTC/USDT,2025-12-22 17:40:00+00:00,2025-12-22 18:32:00+00:00,prob_floor,-0.0132160012781114,52.0,89456.01,89391.34,0.11309391062713403,-0.012901201383786254,-0.0007229251561745587,0.11389917636316893,-0.00994302132622682
BTC/USDT,2025-12-22 17:40:00+00:00,2025-12-22 18:41:00+00:00,gate_close,-0.0062940005033251,61.0,89456.01,89483.73,0.11309391062713403,-0.012901201383786254,0.00030987297555529203,0.00012091583576157028,-0.013159151948627934
BTC/USDT,2025-12-22 17:40:00+00:00,2025-12-22 18:44:00+00:00,trailing_prob_drop,-0.0077740006688825,64.0,89456.01,89432.49,0.11309391062713403,-0.012901201383786254,-0.0002629225247133826,0.0005455511749699049,-0.012593745293237535
BTC/USDT,2025-12-22 17:40:00+00:00,2025-12-22 18:45:00+00:00,trailing_prob_drop,-0.0043290002836013,65.0,89456.01,89427.22,0.11309391062713403,-0.012901201383786254,-0.0003218341618410614,0.0005953444599977598,-0.012535556847232954
BTC/USDT,2025-12-22 17:40:00+00:00,2025-12-22 18:51:00+00:00,trailing_prob_drop,-0.0168940016902817,71.0,89456.01,89352.85,0.11309391062713403,-0.012901201383786254,-0.0011531925021023293,0.0004278542878037861,-0.0131848060806119
BTC/USDT,2025-12-22 17:40:00+00:00,2025-12-22 18:52:00+00:00,prob_floor,-0.0185710018783271,72.0,89456.01,89348.97,0.11309391062713403,-0.012901201383786254,-0.001196565775737124,0.0002260798305788736,-0.013141953399127049
BTC/USDT,2025-12-22 17:40:00+00:00,2025-12-22 18:53:00+00:00,prob_floor,-0.0159780015875992,73.0,89456.01,89340.58,0.11309391062713403,-0.012901201383786254,-0.0012903548906327833,0.0003200113543027072,-0.013049277271313886
BTC/USDT,2025-12-22 17:40:00+00:00,2025-12-22 18:55:00+00:00,prob_floor,-0.014934001470594,75.0,89456.01,89369.17,0.11309391062713403,-0.012901201383786254,-0.0009707564645460298,0.0,-0.0144606915337806
BTC/USDT,2025-12-22 17:40:00+00:00,2025-12-22 18:56:00+00:00,prob_floor,-0.021581002216016,76.0,89456.01,89355.71,0.11309391062713403,-0.012901201383786254,-0.001121221480814838,0.0001440310865414851,-0.014690835090449217
BTC/USDT,2025-12-22 17:40:00+00:00,2025-12-22 18:57:00+00:00,prob_floor,-0.0345920036783398,77.0,89456.01,89302.11,0.11309391062713403,-0.012901201383786254,-0.0017203986629852341,0.0006003217617143175,-0.014099442891102987
BTC/USDT,2025-12-22 17:40:00+00:00,2025-12-22 18:58:00+00:00,prob_floor,-0.0367880039255729,78.0,89456.01,89172.0,0.11309391062713403,-0.012901201383786254,-0.003174856557988659,0.0014590902974027653,-0.013143251244785326
BTC/USDT,2025-12-22 17:40:00+00:00,2025-12-22 18:59:00+00:00,prob_floor,-0.0412210044250265,79.0,89456.01,89150.03,0.11309391062713403,-0.012901201383786254,-0.003420452130605822,0.0003177789171804335,-0.01290005174423381
BTC/USDT,2025-12-22 17:40:00+00:00,2025-12-22 19:00:00+00:00,prob_floor,-0.0532030057774883,80.0,89456.01,89105.7,0.11309391062713403,-0.012901201383786254,-0.003916002960561271,0.0004976112639258901,-0.012408970469902525
BTC/USDT,2025-12-22 17:40:00+00:00,2025-12-22 19:01:00+00:00,prob_floor,-0.0594840064879098,81.0,89456.01,88985.89,0.11309391062713403,-0.012901201383786254,-0.00525532046421473,0.0011353485367173732,-0.011079284592197647
BTC/USDT,2025-12-22 17:40:00+00:00,2025-12-22 19:02:00+00:00,prob_floor,-0.1373966811716697,82.0,89456.01,88923.08,0.11309391062713403,-0.012901201383786254,-0.005957453277873559,0.0007063408060088427,-0.010380769536997514
BTC/USDT,2025-12-22 17:40:00+00:00,2025-12-22 19:03:00+00:00,prob_floor,-0.0663560072663281,83.0,89456.01,88905.94,0.11309391062713403,-0.012901201383786254,-0.006149055832022854,0.0008232295839851744,-0.010189982806548148
BTC/USDT,2025-12-22 17:40:00+00:00,2025-12-22 19:05:00+00:00,prob_floor,-0.0763670084024703,85.0,89456.01,88754.24,0.11309391062713403,-0.012901201383786254,-0.007844861401710035,0.002533850777157287,-0.008498185551473414
BTC/USDT,2025-12-22 17:40:00+00:00,2025-12-22 19:06:00+00:00,prob_floor,-0.0849770093816664,86.0,89456.01,88708.47,0.11309391062713403,-0.012901201383786254,-0.008356509529096945,0.003051117892124644,-0.00798661052321159
BTC/USDT,2025-12-22 17:40:00+00:00,2025-12-22 19:07:00+00:00,prob_floor,-0.0758450083431653,87.0,89456.01,88670.73,0.11309391062713403,-0.012901201383786254,-0.00877839286594606,0.003478036100526216,-0.0075643901882841424
BTC/USDT,2025-12-22 17:40:00+00:00,2025-12-22 19:08:00+00:00,prob_floor,-0.0581140063328686,88.0,89456.01,88734.87,0.11309391062713403,-0.012901201383786254,-0.00806139240952064,0.002752694628391339,-0.008281749891558832
BTC/USDT,2025-12-22 17:40:00+00:00,2025-12-22 19:10:00+00:00,time_limit,-0.0658879999999996,90.0,89456.01,88859.03,0.11309391062713403,-0.012901201383786254,-0.006673447653209652,0.001351579012285109,-0.00966744741643022
BTC/USDT,2025-12-22 19:20:00+00:00,2025-12-22 19:20:00+00:00,dry_run,0.0,,88842.2,88842.2,0.0015412720531460256,-0.009479841786898424,0.0,0.0015412720531460256,-0.009479841786898424
BTC/USDT,2025-12-22 19:20:00+00:00,2025-12-22 19:26:00+00:00,prob_floor,-0.0349073315418479,6.0,88842.2,88596.01,0.0015412720531460256,-0.009479841786898424,-0.0027710930166070513,0.004324348240964948,-0.006727390996501881
BTC/USDT,2025-12-22 19:20:00+00:00,2025-12-22 19:27:00+00:00,prob_floor,-0.0319553312072872,7.0,88842.2,88528.01,0.0015412720531460256,-0.009479841786898424,-0.00353649504402187,0.0050957883273328175,-0.005964439955218559
BTC/USDT,2025-12-22 19:20:00+00:00,2025-12-22 19:28:00+00:00,prob_floor,-0.0356173316223491,8.0,88842.2,88564.63,0.0015412720531460256,-0.009479841786898424,-0.003124303540434581,0.004680197952613874,-0.006375457109683569
BTC/USDT,2025-12-22 19:20:00+00:00,2025-12-22 19:29:00+00:00,prob_floor,-0.0309223310902653,9.0,88842.2,88528.01,0.0015412720531460256,-0.009479841786898424,-0.00353649504402187,0.0050957883273328175,-0.005964439955218559
BTC/USDT,2025-12-22 19:20:00+00:00,2025-12-22 19:30:00+00:00,prob_floor,-0.0379393318857108,10.0,88842.2,88574.96,0.0015412720531460256,-0.009479841786898424,-0.003008029967740411,0.004563027745087211,-0.006491337958267174
BTC/USDT,2025-12-22 19:20:00+00:00,2025-12-22 19:31:00+00:00,prob_floor,-0.0367693317529937,11.0,88842.2,88504.79,0.0015412720531460256,-0.009479841786898424,-0.003797857324559728,0.005359483933016662,-0.005703646096442805
BTC/USDT,2025-12-22 19:20:00+00:00,2025-12-22 19:32:00+00:00,prob_floor,-0.0354163315995602,12.0,88842.2,88516.49,0.0015412720531460256,-0.009479841786898424,-0.0036661631521955895,0.005226596761801039,-0.00583507095683522
BTC/USDT,2025-12-22 19:20:00+00:00,2025-12-22 19:33:00+00:00,prob_floor,-0.0425363324075125,13.0,88842.2,88530.01,0.0015412720531460256,-0.009479841786898424,-0.003513983219686212,0.0050730819978446196,-0.00598689642077288
BTC/USDT,2025-12-22 19:20:00+00:00,2025-12-22 19:34:00+00:00,prob_floor,-0.0543843337548668,14.0,88842.2,88458.81,0.0015412720531460256,-0.009479841786898424,-0.00431540416603815,0.005882059684049645,-0.005186820849161222
BTC/USDT,2025-12-22 19:20:00+00:00,2025-12-22 19:35:00+00:00,prob_floor,-0.0539113337010098,15.0,88842.2,88340.33,0.0015412720531460256,-0.009479841786898424,-0.005649004639686983,0.007231125353505119,-0.003852600505341086
BTC/USDT,2025-12-22 19:20:00+00:00,2025-12-22 19:36:00+00:00,prob_floor,-0.042904332449305,16.0,88842.2,88338.35,0.0015412720531460256,-0.009479841786898424,-0.005671291345779261,0.00725370125206104,-0.0038302730354370373
BTC/USDT,2025-12-22 19:20:00+00:00,2025-12-22 19:37:00+00:00,prob_floor,-0.0350813315615755,17.0,88842.2,88439.29,0.0015412720531460256,-0.009479841786898424,-0.004535119571554946,0.006104074331668707,-0.004967249284791753
BTC/USDT,2025-12-22 19:20:00+00:00,2025-12-22 19:38:00+00:00,prob_floor,-0.0438503325567612,18.0,88842.2,88533.36,0.0015412720531460256,-0.009479841786898424,-0.003476275913923743,0.0050350511942618414,-0.006024508727557554
BTC/USDT,2025-12-22 19:20:00+00:00,2025-12-22 19:40:00+00:00,prob_floor,-0.0493753331848023,20.0,88842.2,88390.42,0.0015412720531460256,-0.009479841786898424,-0.005085195999198544,0.0066603371722864235,-0.0044171076458284775
BTC/USDT,2025-12-22 19:20:00+00:00,2025-12-22 19:41:00+00:00,prob_floor,-0.0532323336237022,21.0,88842.2,88365.4,0.0015412720531460256,-0.009479841786898424,-0.005366818921638594,0.006945365493734146,-0.004135215819766391
BTC/USDT,2025-12-22 19:20:00+00:00,2025-12-22 19:42:00+00:00,prob_floor,-0.0514353334191679,22.0,88842.2,88351.85,0.0015412720531460256,-0.009479841786898424,-0.005519336531513042,0.007099794741140197,-0.003982485935495439
BTC/USDT,2025-12-22 19:20:00+00:00,2025-12-22 19:43:00+00:00,prob_floor,-0.0539043337002106,23.0,88842.2,88369.83,0.0015412720531460256,-0.009479841786898424,-0.005316955230734943,0.006894887089858637,-0.0041851387515399185
BTC/USDT,2025-12-22 19:20:00+00:00,2025-12-22 19:44:00+00:00,prob_floor,-0.0584173342143252,24.0,88842.2,88345.14,0.0015412720531460256,-0.009479841786898424,-0.005594863702159558,0.007176286097910989,-0.0039068363013516905
BTC/USDT,2025-12-22 19:20:00+00:00,2025-12-22 19:45:00+00:00,prob_floor,-0.0539383337040845,25.0,88842.2,88316.31,0.0015412720531460256,-0.009479841786898424,-0.005919371649959149,0.007505068995749653,-0.0035816713809713185
BTC/USDT,2025-12-22 19:20:00+00:00,2025-12-22 19:46:00+00:00,prob_floor,-0.0589173342713168,26.0,88842.2,88344.8,0.0015412720531460256,-0.009479841786898424,-0.005598690712296572,0.007180162273274782,-0.003903002780016429
BTC/USDT,2025-12-22 19:20:00+00:00,2025-12-22 19:47:00+00:00,prob_floor,-0.0614111561683822,27.0,88842.2,88312.96,0.0015412720531460256,-0.009479841786898424,-0.0059570789557213955,0.007543286964903029,-0.0035438739682148723
BTC/USDT,2025-12-22 19:20:00+00:00,2025-12-22 19:48:00+00:00,prob_floor,-0.0614293345577397,28.0,88842.2,88271.29,0.0015412720531460256,-0.009479841786898424,-0.006426112815756557,0.008018915323430909,-0.0030734794971274404
BTC/USDT,2025-12-22 19:20:00+00:00,2025-12-22 19:51:00+00:00,prob_floor,-0.0606793344722061,31.0,88842.2,88184.37,0.0015412720531460256,-0.009479841786898424,-0.007404476701387441,0.001054835454400882,-0.0020908467112707996
BTC/USDT,2025-12-22 19:20:00+00:00,2025-12-22 19:52:00+00:00,prob_floor,-0.0676013352621767,32.0,88842.2,88277.39,0.0015412720531460256,-0.009479841786898424,-0.006357451751532461,0.0,-0.0031423674850377115
BTC/USDT,2025-12-22 19:20:00+00:00,2025-12-22 19:53:00+00:00,prob_floor,-0.0776683364132842,33.0,88842.2,88208.17,0.0015412720531460256,-0.009479841786898424,-0.0071365859917921215,0.0007847345659703908,-0.0023600988434516745
BTC/USDT,2025-12-22 19:20:00+00:00,2025-12-22 19:54:00+00:00,prob_floor,-0.0809163367852397,34.0,88842.2,88107.49,0.0015412720531460256,-0.009479841786898424,-0.00826983122885283,0.0009572398441948238,-0.0012201005839571621
BTC/USDT,2025-12-22 19:20:00+00:00,2025-12-22 19:55:00+00:00,prob_floor,-0.0796653366419434,35.0,88842.2,88076.83,0.0015412720531460256,-0.009479841786898424,-0.008614937495919683,0.0003482187085979138,-0.0008724201359199268
BTC/USDT,2025-12-22 19:20:00+00:00,2025-12-22 19:56:00+00:00,prob_floor,-0.0884183376453971,36.0,88842.2,88087.52,0.0015412720531460256,-0.009479841786898424,-0.00849461179484512,0.0002008229996712796,-0.0009936708400917205
ETH/USDT,2025-12-21 19:06:00+00:00,2025-12-21 20:03:00+00:00,gate_close,-0.0055722063143463,57.0,2993.5,2992.43,0.033409052948054185,-0.053823283781526565,-0.00035744112243196735,0.0005279989841033839,-0.0023860207256309884
ETH/USDT,2025-12-21 19:06:00+00:00,2025-12-21 20:16:00+00:00,trailing_prob_drop,-0.016132241618959,70.0,2993.5,2991.43,0.033409052948054185,-0.053823283781526565,-0.000691498246200184,0.006682422787763764,-0.002052530060873803
ETH/USDT,2025-12-21 19:06:00+00:00,2025-12-21 20:19:00+00:00,prob_floor,-0.0272322787737363,73.0,2993.5,2989.58,0.033409052948054185,-0.053823283781526565,-0.0013095039251712626,0.0073053739990234234,-0.0014349841783795059
ETH/USDT,2025-12-21 19:06:00+00:00,2025-12-21 20:20:00+00:00,prob_floor,-0.0365323099388406,74.0,2993.5,2988.03,0.033409052948054185,-0.053823283781526565,-0.001827292467011743,0.007827899987617126,-0.0009169921319398533
ETH/USDT,2025-12-21 19:06:00+00:00,2025-12-21 20:22:00+00:00,prob_floor,-0.0369523113470608,76.0,2993.5,2987.59,0.033409052948054185,-0.053823283781526565,-0.0019742776014698427,0.007976328746581718,-0.000769851284814882
ETH/USDT,2025-12-21 19:06:00+00:00,2025-12-21 20:23:00+00:00,prob_floor,-0.0324522962624304,77.0,2993.5,2988.92,0.033409052948054185,-0.053823283781526565,-0.0015299816268581345,0.0075278026845817525,-0.0012144854997792054
ETH/USDT,2025-12-21 19:06:00+00:00,2025-12-21 20:25:00+00:00,prob_floor,-0.0349123045077559,79.0,2993.5,2988.3,0.033409052948054185,-0.053823283781526565,-0.0017370970435943711,0.007736840344008344,-0.0010072616537831758
ETH/USDT,2025-12-21 19:06:00+00:00,2025-12-21 20:26:00+00:00,prob_floor,-0.0277722805824399,80.0,2993.5,2989.48,0.033409052948054185,-0.053823283781526565,-0.0013429096375480176,0.0073390690019670135,-0.001401581545954489
ETH/USDT,2025-12-21 19:06:00+00:00,2025-12-21 20:27:00+00:00,trailing_prob_drop,-0.0273522791756607,81.0,2993.5,2989.55,0.033409052948054185,-0.053823283781526565,-0.0013195256388841559,0.007315482263216877,-0.0014249636232878116
ETH/USDT,2025-12-21 19:06:00+00:00,2025-12-21 20:28:00+00:00,prob_floor,-0.0273522791756607,82.0,2993.5,2989.56,0.033409052948054185,-0.053823283781526565,-0.0013161850676466358,0.007312112819277905,-0.0014283038306640572
ETH/USDT,2025-12-21 19:06:00+00:00,2025-12-21 20:29:00+00:00,trailing_prob_drop,-0.0275922799795257,83.0,2993.5,2989.56,0.033409052948054185,-0.053823283781526565,-0.0013161850676466358,0.007312112819277905,-0.0014283038306640572
ETH/USDT,2025-12-21 19:06:00+00:00,2025-12-21 20:31:00+00:00,trailing_prob_drop,-0.0217722604918584,85.0,2993.5,2990.49,0.033409052948054185,-0.053823283781526565,-0.001005511942542281,0.006998853030774299,-0.0017388454734842407
ETH/USDT,2025-12-21 19:06:00+00:00,2025-12-21 20:36:00+00:00,time_limit,-0.0103722000000006,90.0,2993.5,2991.88,0.033409052948054185,-0.053823283781526565,-0.0005411725405043422,0.006531010602029541,-0.002202628447665056
ETH/USDT,2025-12-21 20:38:00+00:00,2025-12-21 20:38:00+00:00,cooldown_after_loss,0.0,,2992.97,2992.97,0.006164445350270942,-0.00300036418674432,0.0,0.006164445350270942,-0.00300036418674432
ETH/USDT,2025-12-21 20:40:00+00:00,2025-12-21 20:40:00+00:00,cooldown_after_loss,0.0,,2992.57,2992.57,0.00629893369244483,-0.0037659937779233044,0.0,0.00629893369244483,-0.0037659937779233044
ETH/USDT,2025-12-21 20:41:00+00:00,2025-12-21 20:41:00+00:00,dry_run,0.0,,2992.57,2992.57,0.00629893369244483,-0.0037659937779233044,0.0,0.00629893369244483,-0.0037659937779233044
ETH/USDT,2025-12-21 20:41:00+00:00,2025-12-21 20:49:00+00:00,prob_floor,-0.0145111322113508,8.0,2992.57,2990.77,0.00629893369244483,-0.0037659937779233044,-0.0006014896894642741,0.03435235741966114,-0.03148687461757338
ETH/USDT,2025-12-21 20:41:00+00:00,2025-12-21 20:52:00+00:00,prob_floor,-0.0311911880684293,11.0,2992.57,2988.0,0.00629893369244483,-0.0037659937779233044,-0.0015271154893620187,0.035311244979919776,-0.03058902275769748
ETH/USDT,2025-12-21 20:41:00+00:00,2025-12-21 20:53:00+00:00,prob_floor,-0.0301111844486327,12.0,2992.57,2988.17,0.00629893369244483,-0.0037659937779233044,-0.0014703081298015341,0.035252345080768466,-0.030644173524264073
ETH/USDT,2025-12-21 20:41:00+00:00,2025-12-21 20:54:00+00:00,prob_floor,-0.0378514373890226,13.0,2992.57,2986.93,0.00629893369244483,-0.0037659937779233044,-0.0018846676936546958,0.03568212177720942,-0.030241753238274716
ETH/USDT,2025-12-21 20:41:00+00:00,2025-12-21 20:55:00+00:00,prob_floor,-0.0328111934989352,14.0,2992.57,2987.72,0.00629893369244483,-0.0037659937779233044,-0.001620680552167686,0.035408271190071394,-0.030498172519513145
ETH/USDT,2025-12-21 20:41:00+00:00,2025-12-21 20:56:00+00:00,prob_floor,-0.0321511912863876,15.0,2992.57,2987.83,0.00629893369244483,-0.0037659937779233044,-0.0015839228489226143,0.03537015158158274,-0.030533865715251518
ETH/USDT,2025-12-21 20:41:00+00:00,2025-12-21 20:57:00+00:00,prob_floor,-0.0430714899324392,16.0,2992.57,2986.04,0.00629893369244483,-0.0037659937779233044,-0.002182070929000912,0.035990810571861154,-0.02995271329252125
ETH/USDT,2025-12-21 20:41:00+00:00,2025-12-21 20:58:00+00:00,prob_floor,-0.0382112116077076,17.0,2992.57,2986.62,0.00629893369244483,-0.0037659937779233044,-0.0019882575846179584,0.03578962171283928,-0.03014109595462433
ETH/USDT,2025-12-21 20:41:00+00:00,2025-12-21 20:59:00+00:00,prob_floor,-0.0348512003387419,18.0,2992.57,2986.82,0.00629893369244483,-0.0037659937779233044,-0.0019214253968996564,0.035720264361427834,-0.03020603852927206
ETH/USDT,2025-12-21 20:41:00+00:00,2025-12-21 21:01:00+00:00,prob_floor,-0.0428912273108152,20.0,2992.57,2986.04,0.00629893369244483,-0.0037659937779233044,-0.002182070929000912,0.035990810571861154,-0.02995271329252125
ETH/USDT,2025-12-21 20:41:00+00:00,2025-12-21 21:02:00+00:00,prob_floor,-0.0458912373812229,21.0,2992.57,2985.54,0.00629893369244483,-0.0037659937779233044,-0.0023491513982965007,0.0361643119837618,-0.029790255699136514
ETH/USDT,2025-12-21 20:41:00+00:00,2025-12-21 21:03:00+00:00,prob_floor,-0.0452312351654403,22.0,2992.57,2985.66,0.00629893369244483,-0.0037659937779233044,-0.002309052085665564,0.03612266634512995,-0.029829250483980108
ETH/USDT,2025-12-21 20:41:00+00:00,2025-12-21 21:04:00+00:00,prob_floor,-0.0410912212701854,23.0,2992.57,2986.35,0.00629893369244483,-0.0037659937779233044,-0.0020784810380376495,0.0358832688733739,-0.030053409680713905
ETH/USDT,2025-12-21 20:41:00+00:00,2025-12-21 21:05:00+00:00,prob_floor,-0.0407312200622061,24.0,2992.57,2986.4,0.00629893369244483,-0.0037659937779233044,-0.0020617729911079907,0.0358659255290652,-0.030069649075810445
ETH/USDT,2025-12-21 20:41:00+00:00,2025-12-21 21:31:00+00:00,prob_floor,-0.0398912172437794,50.0,2992.57,2986.55,0.00629893369244483,-0.0037659937779233044,-0.0020116488503192365,0.03581389898042886,-0.0301183639985938
ETH/USDT,2025-12-21 20:41:00+00:00,2025-12-21 21:33:00+00:00,prob_floor,-0.0386912132179099,52.0,2992.57,2986.52,0.00629893369244483,-0.0037659937779233044,-0.002021673678477054,0.035824303872065144,-0.030108621405515512
ETH/USDT,2025-12-21 20:41:00+00:00,2025-12-21 21:35:00+00:00,prob_floor,-0.0373712087900707,54.0,2992.57,2986.96,0.00629893369244483,-0.0037659937779233044,-0.0018746428654968783,0.03567171974181105,-0.030251493156922105
ETH/USDT,2025-12-21 20:41:00+00:00,2025-12-21 21:36:00+00:00,prob_floor,-0.0552512688225826,55.0,2992.57,2987.11,0.00629893369244483,-0.0037659937779233044,-0.001824518724708235,0.03561971269889619,-0.030300189815574363
ETH/USDT,2025-12-21 20:41:00+00:00,2025-12-21 21:37:00+00:00,prob_floor,-0.0546512668061278,56.0,2992.57,2984.65,0.00629893369244483,-0.0037659937779233044,-0.002646554633642717,0.03647328832526431,-0.02950094650964108
ETH/USDT,2025-12-21 20:41:00+00:00,2025-12-21 21:39:00+00:00,prob_floor,-0.0622712924251901,58.0,2992.57,2982.81,0.00629893369244483,-0.0037659937779233044,-0.0032614107606505627,0.03711265551610743,-0.02890227671222778
ETH/USDT,2025-12-21 20:41:00+00:00,2025-12-21 21:40:00+00:00,prob_floor,-0.0713313229140498,59.0,2992.57,2981.31,0.00629893369244483,-0.0037659937779233044,-0.0037626521685374392,0.03763446270263748,-0.028413683917472565
ETH/USDT,2025-12-21 20:41:00+00:00,2025-12-21 21:42:00+00:00,prob_floor,-0.0724113265505487,61.0,2992.57,2981.13,0.00629893369244483,-0.0037659937779233044,-0.0038228011374839,0.037697114852421665,-0.02835501974083654
ETH/USDT,2025-12-21 20:41:00+00:00,2025-12-21 21:44:00+00:00,prob_floor,-0.0828513617259778,63.0,2992.57,2979.39,0.00629893369244483,-0.0037659937779233044,-0.00440424117063265,0.038303142589590555,-0.027787567253699574
ETH/USDT,2025-12-21 20:41:00+00:00,2025-12-21 21:45:00+00:00,prob_floor,-0.0796113508050683,64.0,2992.57,2980.01,0.00629893369244483,-0.0037659937779233044,-0.004197061388706014,0.038087120513018435,-0.027989838960272073
ETH/USDT,2025-12-21 20:41:00+00:00,2025-12-21 21:46:00+00:00,prob_floor,-0.0913713904628274,65.0,2992.57,2977.96,0.00629893369244483,-0.0037659937779233044,-0.004882091312818138,0.038801730043385385,-0.02732071619497911
ETH/USDT,2025-12-21 20:41:00+00:00,2025-12-21 21:48:00+00:00,prob_floor,-0.11831148150854,67.0,2992.57,2973.48,0.00629893369244483,-0.0037659937779233044,-0.006379132317706926,0.016418472631394954,-0.0007028801269892693
ETH/USDT,2025-12-21 20:41:00+00:00,2025-12-21 21:50:00+00:00,prob_floor,-0.1204714888203221,69.0,2992.57,2972.46,0.00629893369244483,-0.0037659937779233044,-0.006719976475069944,0.016767256750301218,-0.00035997120230391033
ETH/USDT,2025-12-21 20:41:00+00:00,2025-12-21 21:51:00+00:00,prob_floor,-0.1211914912579827,70.0,2992.57,2973.0,0.00629893369244483,-0.0037659937779233044,-0.006539529568230673,0.016582576522031767,-0.0005415405314497246
ETH/USDT,2025-12-21 20:41:00+00:00,2025-12-21 21:52:00+00:00,prob_floor,-0.1235314991817225,71.0,2992.57,2972.76,0.00629893369244483,-0.0037659937779233044,-0.006619728193492547,0.016664648340262822,-0.0003565709979952425
ETH/USDT,2025-12-21 20:41:00+00:00,2025-12-21 21:53:00+00:00,prob_floor,-0.1238915004009437,72.0,2992.57,2972.55,0.00629893369244483,-0.0037659937779233044,-0.006689901990596714,0.01673647205261486,-0.00028594977376339425
ETH/USDT,2025-12-21 20:41:00+00:00,2025-12-21 21:55:00+00:00,prob_floor,-0.1256315062945415,74.0,2992.57,2972.25,0.00629893369244483,-0.0037659937779233044,-0.006790150272174111,0.016839094961729417,-0.00017495163596603636
ETH/USDT,2025-12-21 20:41:00+00:00,2025-12-21 21:56:00+00:00,prob_floor,-0.122571495930701,75.0,2992.57,2972.76,0.00629893369244483,-0.0037659937779233044,-0.006619728193492547,0.016664648340262822,-0.0003464793659764265
ETH/USDT,2025-12-21 20:41:00+00:00,2025-12-21 21:58:00+00:00,prob_floor,-0.1202914882109432,77.0,2992.57,2973.16,0.00629893369244483,-0.0037659937779233044,-0.006486063818056165,0.016527869337674472,-0.00048096974263067693
ETH/USDT,2025-12-21 20:41:00+00:00,2025-12-21 21:59:00+00:00,prob_floor,-0.116751476228902,78.0,2992.57,2973.74,0.00629893369244483,-0.0037659937779233044,-0.006292250473673211,0.016329605143691195,-0.0006759165226279951
ETH/USDT,2025-12-21 20:41:00+00:00,2025-12-21 22:00:00+00:00,prob_floor,-0.1288115170685733,79.0,2992.57,2971.73,0.00629893369244483,-0.0037659937779233044,-0.006963913960241541,0.01701702375384051,0.0
ETH/USDT,2025-12-21 20:41:00+00:00,2025-12-21 22:01:00+00:00,prob_floor,-0.1122514610043601,80.0,2992.57,2972.64,0.00629893369244483,-0.0037659937779233044,-0.0066598275061235945,0.016705689219010722,-0.0002523009849830782
ETH/USDT,2025-12-21 20:41:00+00:00,2025-12-21 22:02:00+00:00,prob_floor,-0.1062514407169097,81.0,2992.57,2974.48,0.00629893369244483,-0.0037659937779233044,-0.006044971379115638,0.016076759635297755,-0.06997861811140105
ETH/USDT,2025-12-21 20:41:00+00:00,2025-12-21 22:12:00+00:00,time_limit,-0.0993510960000002,91.0,2992.57,2976.63,0.00629893369244483,-0.0037659937779233044,-0.0053265253611444185,0.015342854167296638,-0.07065036635389688
ETH/USDT,2025-12-21 22:13:00+00:00,2025-12-21 22:13:00+00:00,cooldown_after_loss,0.0,,2983.69,2983.69,0.012940352382452724,-0.07284939119010359,0.0,0.012940352382452724,-0.07284939119010359
ETH/USDT,2025-12-21 22:15:00+00:00,2025-12-21 22:15:00+00:00,cooldown_after_loss,0.0,,2985.49,2985.49,0.01232963433138301,-0.07340838522319615,0.0,0.01232963433138301,-0.07340838522319615
ETH/USDT,2025-12-21 22:16:00+00:00,2025-12-21 22:16:00+00:00,cooldown_after_loss,0.0,,2989.13,2989.13,0.011096874341363527,-0.07453673811443473,0.0,0.011096874341363527,-0.07453673811443473
ETH/USDT,2025-12-21 22:17:00+00:00,2025-12-21 22:17:00+00:00,dry_run,0.0,,2987.75,2987.75,0.011563885867291512,-0.07410927955819602,0.0,0.011563885867291512,-0.07410927955819602
ETH/USDT,2025-12-21 22:17:00+00:00,2025-12-21 22:41:00+00:00,take_profit,0.0182546879999992,24.0,2987.75,2991.4,0.011563885867291512,-0.07410927955819602,0.0012216550916241964,0.021585210938022126,-0.07523901851975667
ETH/USDT,2025-12-21 22:42:00+00:00,2025-12-21 22:42:00+00:00,cooldown_after_exit,0.0,,2991.79,2991.79,0.02145204041727533,-0.0753595673493126,0.0,0.02145204041727533,-0.0753595673493126
ETH/USDT,2025-12-21 22:43:00+00:00,2025-12-21 22:43:00+00:00,dry_run,0.0,,2990.97,2990.97,0.021732080228153317,-0.07510606926849817,0.0,0.021732080228153317,-0.07510606926849817
ETH/USDT,2025-12-21 22:43:00+00:00,2025-12-21 22:53:00+00:00,take_profit,0.02041056,10.0,2990.97,2995.26,0.021732080228153317,-0.07510606926849817,0.0014343172950581629,0.020268691198760624,-0.0764307606017508
ETH/USDT,2025-12-21 22:55:00+00:00,2025-12-21 22:55:00+00:00,dry_run,0.0,,2993.15,2993.15,0.020987922422865513,-0.07577969697475906,0.0,0.020987922422865513,-0.07577969697475906
ETH/USDT,2025-12-21 22:55:00+00:00,2025-12-21 23:00:00+00:00,take_profit,0.0325283407327962,5.0,2993.15,2999.18,0.020987922422865513,-0.07577969697475906,0.0020146000033409717,0.018935175614668065,-0.07763788768930169
ETH/USDT,2025-12-21 22:55:00+00:00,2025-12-21 23:01:00+00:00,take_profit,0.0591082199999989,6.0,2993.15,3003.61,0.020987922422865513,-0.07577969697475906,0.0034946461086147185,0.017432356397801163,-0.07899827207926469
ETH/USDT,2025-12-21 23:02:00+00:00,2025-12-21 23:02:00+00:00,cooldown_after_exit,0.0,,3008.41,3008.41,0.015809015393513537,-0.08046775539238338,0.0,0.015809015393513537,-0.08046775539238338
ETH/USDT,2025-12-21 23:05:00+00:00,2025-12-21 23:05:00+00:00,dry_run,0.0,,3003.13,3003.13,0.017594975908468813,-0.0036595152391005747,0.0,0.017594975908468813,-0.0036595152391005747
ETH/USDT,2025-12-21 23:05:00+00:00,2025-12-21 23:16:00+00:00,take_profit,0.0213562439999991,11.0,3003.13,3007.29,0.017594975908468813,-0.0036595152391005747,0.0013852214189862266,0.016187331451240183,-0.005037758247458668
ETH/USDT,2025-12-21 23:17:00+00:00,2025-12-21 23:17:00+00:00,cooldown_after_exit,0.0,,3006.25,3006.25,0.016538877338877267,-0.0046935550935551795,0.0,0.016538877338877267,-0.0046935550935551795
ETH/USDT,2025-12-21 23:20:00+00:00,2025-12-21 23:20:00+00:00,dry_run,0.0,,3003.42,3003.42,0.017496720405404398,-0.0037557184809318134,0.0,0.017496720405404398,-0.0037557184809318134
ETH/USDT,2025-12-21 23:20:00+00:00,2025-12-21 23:30:00+00:00,prob_floor,-0.0564642922151283,10.0,3003.42,2994.64,0.017496720405404398,-0.0037557184809318134,-0.002923334065831673,0.020479924131114213,-0.03221422274463703
ETH/USDT,2025-12-21 23:20:00+00:00,2025-12-21 23:31:00+00:00,prob_floor,-0.0628843137241189,11.0,3003.42,2993.57,0.017496720405404398,-0.0037557184809318134,-0.0032795945954944283,0.020844677091232056,-0.03186830439909538
ETH/USDT,2025-12-21 23:20:00+00:00,2025-12-21 23:32:00+00:00,prob_floor,-0.0631843147295834,12.0,3003.42,2993.51,0.017496720405404398,-0.0037557184809318134,-0.0032995718214567926,0.020865138249078763,-0.031848899786538265
ETH/USDT,2025-12-21 23:20:00+00:00,2025-12-21 23:33:00+00:00,prob_floor,-0.0648643203608311,13.0,3003.42,2993.24,0.017496720405404398,-0.0037557184809318134,-0.003389469338287765,0.020957223610535758,-0.06556440512621775
ETH/USDT,2025-12-21 23:20:00+00:00,2025-12-21 23:34:00+00:00,prob_floor,-0.0636043161372972,14.0,3003.42,2993.44,0.017496720405404398,-0.0037557184809318134,-0.003322878585079736,0.020889010636591987,-0.0656268373510076
ETH/USDT,2025-12-21 23:20:00+00:00,2025-12-21 23:35:00+00:00,prob_floor,-0.0400242372060562,15.0,3003.42,2996.67,0.017496720405404398,-0.0037557184809318134,-0.002247437920770312,0.019788632048240107,-0.06663396369970676
ETH/USDT,2025-12-21 23:20:00+00:00,2025-12-21 23:37:00+00:00,prob_floor,-0.043864250045884,17.0,3003.42,2996.73,0.017496720405404398,-0.0037557184809318134,-0.002227460694807948,0.019768214019948438,-0.0666526513900152
ETH/USDT,2025-12-21 23:20:00+00:00,2025-12-21 23:38:00+00:00,prob_floor,-0.0334242151504029,18.0,3003.42,2998.49,0.017496720405404398,-0.0037557184809318134,-0.0016414620665775592,0.019169648723190713,-0.0672004909137599
ETH/USDT,2025-12-21 23:20:00+00:00,2025-12-21 23:40:00+00:00,prob_floor,-0.0038441164994301,20.0,3003.42,3003.15,0.017496720405404398,-0.0037557184809318134,-8.989751683086133e-05,0.017588199057656073,-0.0686479196843316
ETH/USDT,2025-12-21 23:20:00+00:00,2025-12-22 00:01:00+00:00,gate_close,-0.0039041166992098,41.0,3003.42,3003.98,0.017496720405404398,-0.0037557184809318134,0.00018645410898243675,0.017307039327824958,-0.06890525236519562
ETH/USDT,2025-12-21 23:20:00+00:00,2025-12-22 00:05:00+00:00,take_profit,0.0273558840000018,45.0,3003.42,3008.59,0.017496720405404398,-0.0037557184809318134,0.0017213709704271274,0.015748240870307795,-0.07033194951788058
ETH/USDT,2025-12-22 00:06:00+00:00,2025-12-22 00:06:00+00:00,cooldown_after_exit,0.0,,3009.5,3009.5,0.01544110317328462,-0.07061305864761591,0.0,0.01544110317328462,-0.07061305864761591
ETH/USDT,2025-12-22 00:07:00+00:00,2025-12-22 00:07:00+00:00,dry_run,0.0,,3008.43,3008.43,0.01580226230957682,-0.07028250615769693,0.0,0.01580226230957682,-0.07028250615769693
ETH/USDT,2025-12-22 00:07:00+00:00,2025-12-22 00:11:00+00:00,take_profit,0.0247099662859291,4.0,3008.43,3013.17,0.01580226230957682,-0.07028250615769693,0.0015755726408792636,0.014204309746877808,-0.07174503927757159
ETH/USDT,2025-12-22 00:07:00+00:00,2025-12-22 00:12:00+00:00,take_profit,0.0333499949012678,5.0,3008.43,3014.55,0.01580226230957682,-0.07028250615769693,0.0020342836629072547,0.01374002753313075,-0.07216997561825156
ETH/USDT,2025-12-22 00:07:00+00:00,2025-12-22 00:14:00+00:00,take_profit,0.1897098719999988,7.0,3008.43,3040.67,0.01580226230957682,-0.07028250615769693,0.010716553152308794,0.0050317857577439895,-0.08014023225144473
ETH/USDT,2025-12-22 00:15:00+00:00,2025-12-22 00:15:00+00:00,cooldown_after_exit,0.0,,3050.57,3050.57,0.0017701609863074452,-0.08312544868663896,0.0,0.0017701609863074452,-0.08312544868663896
ETH/USDT,2025-12-22 00:16:00+00:00,2025-12-22 00:16:00+00:00,dry_run,0.0,,3055.47,3055.47,0.00016364094558274367,-0.08459582322850501,0.0,0.00016364094558274367,-0.08459582322850501
ETH/USDT,2025-12-22 00:16:00+00:00,2025-12-22 00:18:00+00:00,gate_close,-0.1555270648621583,2.0,3055.47,3030.17,0.00016364094558274367,-0.08459582322850501,-0.008280231846491626,0.008514373781008944,-0.07695277822696422
ETH/USDT,2025-12-22 00:16:00+00:00,2025-12-22 00:19:00+00:00,gate_close,-0.1681871070200479,3.0,3055.47,3028.06,0.00016364094558274367,-0.08459582322850501,-0.008970796636851186,0.009217122514084908,-0.0763095843543391
ETH/USDT,2025-12-22 00:16:00+00:00,2025-12-22 00:20:00+00:00,gate_close,-0.2191272772460658,4.0,3055.47,3019.57,0.00016364094558274367,-0.08459582322850501,-0.011749419892847834,0.012054696529638198,-0.07371248224084903
ETH/USDT,2025-12-22 00:16:00+00:00,2025-12-22 00:22:00+00:00,gate_close,-0.1876271718698731,6.0,3055.47,3024.82,0.00016364094558274367,-0.08459582322850501,-0.010031189964227916,0.2018136616393702,-0.07532018434154775
ETH/USDT,2025-12-22 00:16:00+00:00,2025-12-22 00:23:00+00:00,gate_close,-0.193387191111326,7.0,3055.47,3022.17,0.00016364094558274367,-0.08459582322850501,-0.010898486975817079,0.2028674760188871,-0.07450937571347749
ETH/USDT,2025-12-22 00:16:00+00:00,2025-12-22 00:24:00+00:00,gate_close,-0.2046672288279166,8.0,3055.47,3021.99,0.00016364094558274367,-0.08459582322850501,-0.010957397716226946,0.20293912289584015,-0.07445425034497133
ETH/USDT,2025-12-22 00:16:00+00:00,2025-12-22 00:25:00+00:00,gate_close,-0.2242872945426287,9.0,3055.47,3019.33,0.00016364094558274367,-0.08459582322850501,-0.011827967546727658,0.20765865274746398,-0.07363885365296274
ETH/USDT,2025-12-22 00:16:00+00:00,2025-12-22 00:26:00+00:00,gate_close,-0.1887671756771081,10.0,3055.47,3024.64,0.00016364094558274367,-0.08459582322850501,-0.010090100704637894,0.20553851036817616,-0.07526515552264079
ETH/USDT,2025-12-22 00:16:00+00:00,2025-12-22 00:27:00+00:00,gate_close,-0.1751482608649774,11.0,3055.47,3027.01,0.00016364094558274367,-0.08459582322850501,-0.009314442622575081,0.20459463298766756,-0.07598917743912326
ETH/USDT,2025-12-22 00:16:00+00:00,2025-12-22 00:28:00+00:00,gate_close,-0.1567270688556519,12.0,3055.47,3029.97,0.00016364094558274367,-0.08459582322850501,-0.008345688224724812,0.20341785562233294,-0.07689185041436053
ETH/USDT,2025-12-22 00:16:00+00:00,2025-12-22 00:29:00+00:00,gate_close,-0.1569670696544128,13.0,3055.47,3029.94,0.00016364094558274367,-0.08459582322850501,-0.008355506681459679,0.20342977088655223,-0.07688271054872386
ETH/USDT,2025-12-22 00:16:00+00:00,2025-12-22 00:31:00+00:00,gate_close,-0.1793471442316775,15.0,3055.47,3025.63,0.00016364094558274367,-0.08459582322850501,-0.009766091632383733,0.2051440526435817,-0.07556773300106101
ETH/USDT,2025-12-22 00:16:00+00:00,2025-12-22 00:33:00+00:00,gate_close,-0.201187217186946,17.0,3055.47,3022.56,0.00016364094558274367,-0.08459582322850501,-0.010770847038262477,0.2063681117992695,-0.07462879148801027
ETH/USDT,2025-12-22 00:16:00+00:00,2025-12-22 00:34:00+00:00,prob_floor,-0.1902071804869346,18.0,3055.47,3024.4,0.00016364094558274367,-0.08459582322850501,-0.010168648358517607,0.20563417537362794,-0.05746594365824631
ETH/USDT,2025-12-22 00:16:00+00:00,2025-12-22 00:35:00+00:00,prob_floor,-0.1838471592493108,19.0,3055.47,3025.45,0.00016364094558274367,-0.08459582322850501,-0.009825002372793712,0.20521575302847528,-0.057793055578509
ETH/USDT,2025-12-22 00:16:00+00:00,2025-12-22 00:36:00+00:00,prob_floor,-0.6412493513507802,20.0,3055.47,3026.46,0.00016364094558274367,-0.08459582322850501,-0.009494447662716343,0.20481354453718215,-0.06713454002365793
ETH/USDT,2025-12-22 00:16:00+00:00,2025-12-22 00:37:00+00:00,prob_floor,-0.1380070066171911,21.0,3055.47,3033.09,0.00016364094558274367,-0.08459582322850501,-0.007324568724287772,0.20217995509529896,-0.06917368096561594
ETH/USDT,2025-12-22 00:16:00+00:00,2025-12-22 00:38:00+00:00,gate_close,-0.1261869673851009,22.0,3055.47,3035.07,0.00016364094558274367,-0.08459582322850501,-0.006676550579779783,0.20139568444879363,-0.06978092762275667
ETH/USDT,2025-12-22 00:16:00+00:00,2025-12-22 00:39:00+00:00,gate_close,-0.1354269980494971,23.0,3055.47,3033.53,0.00016364094558274367,-0.08459582322850501,-0.007180564692174873,0.2020055842533286,-0.06930869317264043
ETH/USDT,2025-12-22 00:16:00+00:00,2025-12-22 00:40:00+00:00,gate_close,-0.1170069369506204,24.0,3055.47,3036.6,0.00016364094558274367,-0.08459582322850501,-0.006175809286296352,0.20079035763683084,-0.07024962128696555
ETH/USDT,2025-12-22 00:16:00+00:00,2025-12-22 00:41:00+00:00,gate_close,-0.1711871170186804,25.0,3055.47,3032.2,0.00016364094558274367,-0.08459582322850501,-0.00761584960742534,0.2025328144581493,-0.06890046830683982
ETH/USDT,2025-12-22 00:16:00+00:00,2025-12-22 00:54:00+00:00,trailing_prob_drop,-0.1605070814385847,38.0,3055.47,3029.34,0.00016364094558274367,-0.08459582322850501,-0.008551875816159127,0.2062165356150183,-0.06802141720638821
ETH/USDT,2025-12-22 00:16:00+00:00,2025-12-22 00:55:00+00:00,prob_floor,-0.1548070624663212,39.0,3055.47,3030.71,0.00016364094558274367,-0.08459582322850501,-0.008103499625262134,0.20567127834731802,-0.0684427081442962
ETH/USDT,2025-12-22 00:16:00+00:00,2025-12-22 00:56:00+00:00,trailing_prob_drop,-0.1329669898825595,40.0,3055.47,3033.93,0.00016364094558274367,-0.08459582322850501,-0.007049651935708723,0.2043916636178158,-0.06943139756025996
ETH/USDT,2025-12-22 00:16:00+00:00,2025-12-22 00:57:00+00:00,trailing_prob_drop,-0.1553470642631847,41.0,3055.47,3030.21,0.00016364094558274367,-0.08459582322850501,-0.008267140570844989,0.2058702202157605,-0.06828899647219167
ETH/USDT,2025-12-22 00:16:00+00:00,2025-12-22 00:58:00+00:00,trailing_prob_drop,-0.1590670766444716,42.0,3055.47,3029.26,0.00016364094558274367,-0.08459582322850501,-0.00857805836745229,0.20624839069607748,-0.06799680450010892
ETH/USDT,2025-12-22 00:16:00+00:00,2025-12-22 00:59:00+00:00,trailing_prob_drop,-0.1977072055504392,43.0,3055.47,3023.15,0.00016364094558274367,-0.08459582322850501,-0.010577750722474688,0.2086863040206406,-0.06611316011445012
ETH/USDT,2025-12-22 00:16:00+00:00,2025-12-22 01:00:00+00:00,prob_floor,-0.1810289037456019,44.0,3055.47,3025.95,0.00016364094558274367,-0.08459582322850501,-0.009661361427210857,0.20756787124704634,-0.06697731290999509
ETH/USDT,2025-12-22 00:16:00+00:00,2025-12-22 01:01:00+00:00,prob_floor,-0.178813465528516,45.0,3055.47,3026.41,0.00016364094558274367,-0.08459582322850501,-0.00951081175727464,0.20738432664444018,-0.06711912794366914
ETH/USDT,2025-12-22 00:16:00+00:00,2025-12-22 01:03:00+00:00,prob_floor,-0.1677671056204991,47.0,3055.47,3028.23,0.00016364094558274367,-0.08459582322850501,-0.008915158715353089,0.20665867519970416,-0.06767979975100957
ETH/USDT,2025-12-22 00:16:00+00:00,2025-12-22 01:04:00+00:00,prob_floor,-0.1598470792411914,48.0,3055.47,3029.46,0.00016364094558274367,-0.08459582322850501,-0.008512601989219215,0.20616875614796037,-0.06805833382847104
ETH/USDT,2025-12-22 00:16:00+00:00,2025-12-22 01:06:00+00:00,prob_floor,-0.1522870540823704,50.0,3055.47,3030.71,0.00016364094558274367,-0.08459582322850501,-0.008103499625262134,0.20567127834731802,-0.0684427081442962
ETH/USDT,2025-12-22 00:16:00+00:00,2025-12-22 01:07:00+00:00,prob_floor,-0.1543270608692001,51.0,3055.47,3030.38,0.00016364094558274367,-0.08459582322850501,-0.00821150264934678,0.2058025726146555,-0.06834126413189101
ETH/USDT,2025-12-22 00:16:00+00:00,2025-12-22 01:10:00+00:00,trailing_prob_drop,-0.1606270818381286,54.0,3055.47,3029.33,0.00016364094558274367,-0.08459582322850501,-0.008555148635070786,0.20622051740813974,-0.06801834068919521
ETH/USDT,2025-12-22 00:16:00+00:00,2025-12-22 01:11:00+00:00,trailing_prob_drop,-0.16236708763211,55.0,3055.47,3029.03,0.00016364094558274367,-0.08459582322850501,-0.008653333202420455,0.20633998342703763,-0.06792603572760914
ETH/USDT,2025-12-22 00:16:00+00:00,2025-12-22 01:22:00+00:00,gate_close,-0.1095069121086063,66.0,3055.47,3039.39,0.00016364094558274367,-0.08459582322850501,-0.0052626928099440695,0.20222807866052084,-0.07110308318445469
ETH/USDT,2025-12-22 00:16:00+00:00,2025-12-22 01:37:00+00:00,gate_close,-0.0773468058174272,81.0,3055.47,3041.52,0.00016364094558274367,-0.08459582322850501,-0.004565582381761191,0.2013861490307478,-0.05456482285173203
ETH/USDT,2025-12-22 00:16:00+00:00,2025-12-22 01:38:00+00:00,gate_close,-0.0548467316755986,82.0,3055.47,3043.2,0.00016364094558274367,-0.08459582322850501,-0.00401574880460287,0.20072292323869623,-0.055086750788643446
ETH/USDT,2025-12-22 00:16:00+00:00,2025-12-22 01:46:00+00:00,time_limit,-0.088746563999999,90.0,3055.47,3040.85,0.00016364094558274367,-0.08459582322850501,-0.004784861248842254,0.20165085420195017,-0.05435651215942905
ETH/USDT,2025-12-22 01:48:00+00:00,2025-12-22 01:48:00+00:00,cooldown_after_loss,0.0,,3041.58,3041.58,0.20136244977939088,-0.0545834730633421,0.0,0.20136244977939088,-0.0545834730633421
ETH/USDT,2025-12-22 01:49:00+00:00,2025-12-22 01:49:00+00:00,cooldown_after_loss,0.0,,3037.77,3037.77,0.20286920997968894,-0.05339772267156506,0.0,0.20286920997968894,-0.05339772267156506
ETH/USDT,2025-12-22 02:30:00+00:00,2025-12-22 02:30:00+00:00,dry_run,0.0,,3001.84,3001.84,0.013128614449804177,-0.04327012765503835,0.0,0.013128614449804177,-0.04327012765503835
ETH/USDT,2025-12-22 02:30:00+00:00,2025-12-22 02:33:00+00:00,take_profit,0.0154778557929359,3.0,3001.84,3005.34,0.013128614449804177,-0.04327012765503835,0.0011659515497162154,0.011948731258360157,-0.04438432922730884
ETH/USDT,2025-12-22 02:30:00+00:00,2025-12-22 02:36:00+00:00,take_profit,0.0238777919999995,6.0,3001.84,3006.42,0.013128614449804177,-0.04327012765503835,0.0015257308850571416,0.01158520765561688,-0.04472761623459143
ETH/USDT,2025-12-22 02:38:00+00:00,2025-12-22 02:38:00+00:00,dry_run,0.0,,3009.29,3009.29,0.010620445354219799,-0.04563867224494822,0.0,0.010620445354219799,-0.04563867224494822
ETH/USDT,2025-12-22 02:38:00+00:00,2025-12-22 02:39:00+00:00,take_profit,0.0172689216033764,1.0,3009.29,3012.79,0.010620445354219799,-0.04563867224494822,0.0011630650419200972,0.00944639354219845,-0.04674736705844085
ETH/USDT,2025-12-22 02:38:00+00:00,2025-12-22 02:48:00+00:00,take_profit,0.0149288520000008,10.0,3009.29,3012.39,0.010620445354219799,-0.04563867224494822,0.0010301433228434576,0.00958043281248444,-0.046620789472810675
ETH/USDT,2025-12-22 02:49:00+00:00,2025-12-22 02:49:00+00:00,cooldown_after_exit,0.0,,3011.61,3011.61,0.009841911801328873,-0.046373866470094116,0.0,0.009841911801328873,-0.046373866470094116
ETH/USDT,2025-12-22 02:50:00+00:00,2025-12-22 02:50:00+00:00,dry_run,0.0,,3010.94,3010.94,0.010066623712196243,-0.046161663799345165,0.0,0.010066623712196243,-0.046161663799345165
ETH/USDT,2025-12-22 02:50:00+00:00,2025-12-22 03:03:00+00:00,trailing_prob_drop,-0.0352332449008603,13.0,3010.94,3005.7,0.010066623712196243,-0.046161663799345165,-0.001740320298644349,0.01182752769737494,-0.044498785640616156
ETH/USDT,2025-12-22 02:50:00+00:00,2025-12-22 03:04:00+00:00,prob_floor,-0.031214282806776,14.0,3010.94,3006.53,0.010066623712196243,-0.046161663799345165,-0.0014646588772940783,0.01154819675838925,-0.044762566812904026
ETH/USDT,2025-12-22 02:50:00+00:00,2025-12-22 03:05:00+00:00,prob_floor,-0.0489132905286493,15.0,3010.94,3003.42,0.010066623712196243,-0.046161663799345165,-0.0024975589018711997,0.012595640969294886,-0.04377343162128511
ETH/USDT,2025-12-22 02:50:00+00:00,2025-12-22 03:07:00+00:00,prob_floor,0.0043668600000022,17.0,3010.94,3012.29,0.010066623712196243,-0.046161663799345165,0.00044836496243694235,0.009613948192239041,-0.04658913982385504
ETH/USDT,2025-12-22 03:10:00+00:00,2025-12-22 03:10:00+00:00,dry_run,0.0,,3020.18,3020.18,0.006976405379811812,-0.050814852094908214,0.0,0.006976405379811812,-0.050814852094908214
ETH/USDT,2025-12-22 03:10:00+00:00,2025-12-22 03:16:00+00:00,gate_close,-0.0248042979114075,6.0,3020.18,3018.44,0.006976405379811812,-0.050814852094908214,-0.0005761246018448629,0.007556883688262683,-0.050267687944766215
ETH/USDT,2025-12-22 03:10:00+00:00,2025-12-22 03:23:00+00:00,take_profit,0.0211557720000006,13.0,3020.18,3023.86,0.006976405379811812,-0.050814852094908214,0.0012184704222928389,0.005750927622310442,-0.05317375804435387
ETH/USDT,2025-12-22 03:25:00+00:00,2025-12-22 03:25:00+00:00,dry_run,0.0,,3026.06,3026.06,0.005019728624019448,-0.05483698274323712,0.0,0.005019728624019448,-0.05483698274323712
ETH/USDT,2025-12-22 03:25:00+00:00,2025-12-22 03:31:00+00:00,gate_close,0.0006292320000002,6.0,3026.06,3024.41,0.005019728624019448,-0.05483698274323712,-0.0005452634779218313,0.0055680281443324375,-0.054321338707384204
ETH/USDT,2025-12-22 03:33:00+00:00,2025-12-22 03:33:00+00:00,dry_run,0.0,,3029.49,3029.49,0.0038818414980739124,-0.05590709987489639,0.0,0.0038818414980739124,-0.05590709987489639
ETH/USDT,2025-12-22 03:33:00+00:00,2025-12-22 03:40:00+00:00,prob_floor,-0.0557155601052986,7.0,3029.49,3020.91,0.0038818414980739124,-0.05590709987489639,-0.002832159868492723,0.02150014399634559,-0.05322568365161495
ETH/USDT,2025-12-22 03:33:00+00:00,2025-12-22 03:41:00+00:00,trailing_prob_drop,-0.0502555419843803,8.0,3029.49,3021.74,0.0038818414980739124,-0.05590709987489639,-0.002558186361400816,0.02121956223897503,-0.053485740004103555
ETH/USDT,2025-12-22 03:33:00+00:00,2025-12-22 03:42:00+00:00,trailing_prob_drop,-0.0507955437760763,9.0,3029.49,3021.78,0.0038818414980739124,-0.05590709987489639,-0.0025449828188901513,0.02120604411969107,-0.05349826923204215
ETH/USDT,2025-12-22 03:33:00+00:00,2025-12-22 03:44:00+00:00,trailing_prob_drop,-0.0492955387994163,11.0,3029.49,3021.9,0.0038818414980739124,-0.05590709987489639,-0.0025053721913588234,0.021165491909063805,-0.053535854925709
ETH/USDT,2025-12-22 03:33:00+00:00,2025-12-22 03:45:00+00:00,prob_floor,-0.0376555002085038,12.0,3029.49,3023.99,0.0038818414980739124,-0.05590709987489639,-0.00181548709518764,0.020459723742472846,-0.054189994014530396
ETH/USDT,2025-12-22 03:33:00+00:00,2025-12-22 03:46:00+00:00,trailing_prob_drop,-0.0480955348186768,13.0,3029.49,3023.3,0.0038818414980739124,-0.05590709987489639,-0.0020432482034928867,0.02069262064631361,-0.05397413422419217
ETH/USDT,2025-12-22 03:33:00+00:00,2025-12-22 03:47:00+00:00,prob_floor,-0.0541555549267833,14.0,3029.49,3022.31,0.0038818414980739124,-0.05590709987489639,-0.0023700358806266753,0.021026962819829853,-0.053664250192733354
ETH/USDT,2025-12-22 03:33:00+00:00,2025-12-22 03:49:00+00:00,prob_floor,-0.0671155979754019,16.0,3029.49,3018.93,0.0038818414980739124,-0.05590709987489639,-0.0034857352227603,0.022170106627182662,-0.052604730815222545
ETH/USDT,2025-12-22 03:33:00+00:00,2025-12-22 03:50:00+00:00,prob_floor,-0.0593755722584024,17.0,3029.49,3020.21,0.0038818414980739124,-0.05590709987489639,-0.0030632218624255803,0.021736899089798367,-0.053006247909913595
ETH/USDT,2025-12-22 03:33:00+00:00,2025-12-22 03:51:00+00:00,prob_floor,-0.0616555798316733,18.0,3029.49,3019.83,0.0038818414980739124,-0.05590709987489639,-0.0031886555162750074,0.02186546924826893,-0.05288708304772127
ETH/USDT,2025-12-22 03:33:00+00:00,2025-12-22 03:52:00+00:00,prob_floor,-0.066815596978214,19.0,3029.49,3018.98,0.0038818414980739124,-0.05590709987489639,-0.0034692307946221357,0.022153177563283055,-0.052620421466853085
ETH/USDT,2025-12-22 03:33:00+00:00,2025-12-22 03:58:00+00:00,trailing_prob_drop,-0.0504355425816032,25.0,3029.49,3021.7,0.0038818414980739124,-0.05590709987489639,-0.0025713899039112587,0.021233080716153152,-0.053473210444451746
ETH/USDT,2025-12-22 03:33:00+00:00,2025-12-22 04:00:00+00:00,prob_floor,-0.0499555409890406,27.0,3029.49,3021.7,0.0038818414980739124,-0.05590709987489639,-0.0025713899039112587,0.021233080716153152,-0.053473210444451746
ETH/USDT,2025-12-22 03:33:00+00:00,2025-12-22 04:01:00+00:00,trailing_prob_drop,-0.0347754906678771,28.0,3029.49,3024.31,0.0038818414980739124,-0.05590709987489639,-0.0017098587551039879,0.020351749655293405,-0.05429006947039161
ETH/USDT,2025-12-22 03:33:00+00:00,2025-12-22 04:11:00+00:00,gate_close,-0.0448555240733233,38.0,3029.49,3022.1,0.0038818414980739124,-0.05590709987489639,-0.00243935447880661,0.02109791204791378,-0.053598491115449565
ETH/USDT,2025-12-22 03:33:00+00:00,2025-12-22 04:28:00+00:00,take_profit,0.032664612000001,55.0,3029.49,3035.55,0.0038818414980739124,-0.05590709987489639,0.002000336690334059,0.01657360280674003,-0.002582728006456869
ETH/USDT,2025-12-22 04:29:00+00:00,2025-12-22 04:29:00+00:00,cooldown_after_exit,0.0,,3035.62,3035.62,0.016550161087356186,-0.002605727989669293,0.0,0.016550161087356186,-0.002605727989669293
ETH/USDT,2025-12-22 04:30:00+00:00,2025-12-22 04:30:00+00:00,dry_run,0.0,,3033.62,3033.62,0.017220350604228774,-0.0023239561975461065,0.0,0.017220350604228774,-0.0023239561975461065
ETH/USDT,2025-12-22 04:30:00+00:00,2025-12-22 04:36:00+00:00,gate_close,-0.0099403644775804,6.0,3033.62,3031.46,0.017220350604228774,-0.0023239561975461065,-0.000712020622226861,0.005429726930258116,-0.0016130841244812455
ETH/USDT,2025-12-22 04:30:00+00:00,2025-12-22 04:42:00+00:00,take_profit,0.0348796560000004,12.0,3033.62,3039.43,0.017220350604228774,-0.0023239561975461065,0.0019152036181195875,0.002793286899188452,-0.08209763014775784
ETH/USDT,2025-12-22 04:43:00+00:00,2025-12-22 04:43:00+00:00,cooldown_after_exit,0.0,,3037.49,3037.49,0.003433756160514223,-0.08151137946133147,0.0,0.003433756160514223,-0.08151137946133147
ETH/USDT,2025-12-22 04:45:00+00:00,2025-12-22 04:45:00+00:00,dry_run,0.0,,3037.97,3037.97,0.3630318930075018,-0.08165650088710541,0.0,0.3630318930075018,-0.08165650088710541
ETH/USDT,2025-12-22 04:45:00+00:00,2025-12-22 04:51:00+00:00,take_profit,0.017354808,6.0,3037.97,3041.17,0.3630318930075018,-0.08165650088710541,0.0010533349572248163,0.36159767457919156,-0.08262280635413344
ETH/USDT,2025-12-22 04:52:00+00:00,2025-12-22 04:52:00+00:00,cooldown_after_exit,0.0,,3042.16,3042.16,0.3611545743813609,-0.08292134535987583,0.0,0.3611545743813609,-0.08292134535987583
ETH/USDT,2025-12-22 04:53:00+00:00,2025-12-22 04:53:00+00:00,dry_run,0.0,,3041.81,3041.81,0.3613111930067954,-0.0828158234735239,0.0,0.3613111930067954,-0.0828158234735239
ETH/USDT,2025-12-22 04:53:00+00:00,2025-12-22 04:58:00+00:00,trailing_prob_drop,-0.026389658566799,5.0,3041.81,3037.55,0.3613111930067954,-0.0828158234735239,-0.0014004819498916188,0.363220358512617,-0.08152952214778364
ETH/USDT,2025-12-22 04:53:00+00:00,2025-12-22 05:05:00+00:00,trailing_prob_drop,-0.0200896378077618,12.0,3041.81,3037.87,0.3613111930067954,-0.0828158234735239,-0.001295281427834083,0.3630767610200569,-0.08162627103858944
ETH/USDT,2025-12-22 04:53:00+00:00,2025-12-22 05:06:00+00:00,trailing_prob_drop,-0.0073095957406245,13.0,3041.81,3040.72,0.3613111930067954,-0.0828158234735239,-0.00035833927825867917,0.3617991791417825,-0.08248704254255557
ETH/USDT,2025-12-22 04:53:00+00:00,2025-12-22 05:08:00+00:00,trailing_prob_drop,-0.011329608966652,15.0,3041.81,3040.06,0.3613111930067954,-0.0828158234735239,-0.000575315355002437,0.36209482707578156,-0.08228784958191615
ETH/USDT,2025-12-22 04:53:00+00:00,2025-12-22 05:10:00+00:00,prob_floor,-0.0494897348061943,17.0,3041.81,3033.7,0.3613111930067954,-0.0828158234735239,-0.0026661757308971135,0.3649503906121241,-0.0803639120545867
ETH/USDT,2025-12-22 04:53:00+00:00,2025-12-22 05:11:00+00:00,prob_floor,-0.038629698939691,18.0,3041.81,3035.5,0.3613111930067954,-0.0828158234735239,-0.0020744227943231275,0.3641409981881074,-0.08090924065228133
ETH/USDT,2025-12-22 04:53:00+00:00,2025-12-22 05:15:00+00:00,prob_floor,-0.0362896912171498,22.0,3041.81,3036.01,0.3613111930067954,-0.0828158234735239,-0.0019067594622937944,0.3639118448226455,-0.08106363286023432
ETH/USDT,2025-12-22 04:53:00+00:00,2025-12-22 05:16:00+00:00,trailing_prob_drop,-0.0421697106262843,23.0,3041.81,3034.92,0.3613111930067954,-0.0828158234735239,-0.0022650987405524736,0.3644016975735769,-0.08073359429573101
ETH/USDT,2025-12-22 04:53:00+00:00,2025-12-22 05:18:00+00:00,trailing_prob_drop,-0.0499097361941601,25.0,3041.81,3033.62,0.3613111930067954,-0.0828158234735239,-0.002692475861411525,0.36498638590199195,-0.08033966020793637
ETH/USDT,2025-12-22 04:53:00+00:00,2025-12-22 05:19:00+00:00,prob_floor,-0.0534497478952386,26.0,3041.81,3033.03,0.3613111930067954,-0.0828158234735239,-0.002886439323955048,0.36525190980636535,-0.08016076332908018
ETH/USDT,2025-12-22 04:53:00+00:00,2025-12-22 05:20:00+00:00,prob_floor,-0.0541097500773007,27.0,3041.81,3032.93,0.3613111930067954,-0.0828158234735239,-0.0029193144870981458,0.36529692409650094,-0.08013043492596261
ETH/USDT,2025-12-22 04:53:00+00:00,2025-12-22 05:22:00+00:00,prob_floor,-0.0640097828272285,29.0,3041.81,3031.73,0.3613111930067954,-0.0828158234735239,-0.0033138164448140994,0.3658373272026203,-0.07976633803142097
ETH/USDT,2025-12-22 04:53:00+00:00,2025-12-22 05:23:00+00:00,prob_floor,-0.0622697770685992,30.0,3041.81,3031.56,0.3613111930067954,-0.0828158234735239,-0.0033697042221572104,0.36591391890643776,-0.07971473432820064
ETH/USDT,2025-12-22 04:53:00+00:00,2025-12-22 05:25:00+00:00,prob_floor,-0.0707298050777986,32.0,3041.81,3029.76,0.3613111930067954,-0.0828158234735239,-0.003961457158731085,0.36672541719476137,-0.07916798690325311
ETH/USDT,2025-12-22 04:53:00+00:00,2025-12-22 05:26:00+00:00,prob_floor,-0.0682097967319058,33.0,3041.81,3030.57,0.3613111930067954,-0.0828158234735239,-0.0036951683372727917,0.36636012367310444,-0.07941410361747137
ETH/USDT,2025-12-22 04:53:00+00:00,2025-12-22 05:27:00+00:00,prob_floor,-0.0706698048790642,34.0,3041.81,3030.16,0.3613111930067954,-0.0828158234735239,-0.003829956506159138,0.36654500092404385,-0.0792895424664043
ETH/USDT,2025-12-22 04:53:00+00:00,2025-12-22 05:28:00+00:00,prob_floor,-0.0847698516187309,35.0,3041.81,3029.57,0.3613111930067954,-0.0828158234735239,-0.004023919968702772,0.36681113161273715,-0.07911023676627382
ETH/USDT,2025-12-22 04:53:00+00:00,2025-12-22 05:30:00+00:00,prob_floor,-0.0932898798966061,37.0,3041.81,3026.74,0.3613111930067954,-0.0828158234735239,-0.004954287085649711,0.36808909916279586,-0.07824920541572766
ETH/USDT,2025-12-22 04:53:00+00:00,2025-12-22 05:31:00+00:00,prob_floor,-0.0884898639621424,38.0,3041.81,3027.19,0.3613111930067954,-0.0828158234735239,-0.004806348851506104,0.3678857290094115,-0.07838622617014457
ETH/USDT,2025-12-22 04:53:00+00:00,2025-12-22 05:32:00+00:00,prob_floor,-0.0895098673475135,39.0,3041.81,3027.03,0.3613111930067954,-0.0828158234735239,-0.004858949112534927,0.36795803146979056,-0.07833751234708608
ETH/USDT,2025-12-22 04:53:00+00:00,2025-12-22 05:33:00+00:00,prob_floor,-0.0799698356992078,40.0,3041.81,3028.22,0.3613111930067954,-0.0828158234735239,-0.004467734671133372,0.36742046482752255,-0.07869969817252365
ETH/USDT,2025-12-22 04:53:00+00:00,2025-12-22 05:34:00+00:00,prob_floor,-0.0824999924442424,41.0,3041.81,3029.02,0.3613111930067954,-0.0828158234735239,-0.004204733365989366,0.36705931291308747,-0.07894302447656332
ETH/USDT,2025-12-22 04:53:00+00:00,2025-12-22 05:35:00+00:00,prob_floor,-0.0863898569934675,42.0,3041.81,3027.55,0.3613111930067954,-0.0828158234735239,-0.0046879982641913065,0.3677230764149231,-0.07849581344651624
ETH/USDT,2025-12-22 04:53:00+00:00,2025-12-22 05:37:00+00:00,prob_floor,-0.0638297822314532,44.0,3041.81,3031.3,0.3613111930067954,-0.0828158234735239,-0.0034551796463289097,0.36603107577606964,-0.07963579982185864
ETH/USDT,2025-12-22 04:53:00+00:00,2025-12-22 05:46:00+00:00,gate_close,-0.0368896931970991,53.0,3041.81,3034.72,0.3613111930067954,-0.0828158234735239,-0.0023308490668385584,0.0012917171930195703,-0.003684030157642182
ETH/USDT,2025-12-22 04:53:00+00:00,2025-12-22 05:57:00+00:00,prob_floor,-0.0620297762743921,64.0,3041.81,3031.61,0.3613111930067954,-0.0828158234735239,-0.0033532666405856615,0.0004453079386859127,-0.0026619519001455094
ETH/USDT,2025-12-22 04:53:00+00:00,2025-12-22 05:59:00+00:00,prob_floor,-0.0825498442549084,66.0,3041.81,3028.19,0.3613111930067954,-0.0828158234735239,-0.004477597220076124,0.0015751983858345309,-0.001535570753486426
ETH/USDT,2025-12-22 04:53:00+00:00,2025-12-22 06:00:00+00:00,prob_floor,-0.0884298637630191,67.0,3041.81,3027.2,0.3613111930067954,-0.0828158234735239,-0.004803061335191927,0.0019027484143763207,-0.0013048361522197682
ETH/USDT,2025-12-22 04:53:00+00:00,2025-12-22 06:01:00+00:00,prob_floor,-0.0821898430609448,68.0,3041.81,3027.82,0.3613111930067954,-0.0828158234735239,-0.004599235323705209,0.0016975910060703647,-0.001509336750533441
ETH/USDT,2025-12-22 04:53:00+00:00,2025-12-22 06:03:00+00:00,prob_floor,-0.0726498114381305,70.0,3041.81,3029.84,0.3613111930067954,-0.0828158234735239,-0.003935157028216674,0.0010297573469226773,-0.002175032344942318
ETH/USDT,2025-12-22 04:53:00+00:00,2025-12-22 06:05:00+00:00,prob_floor,-0.0737298150164018,72.0,3041.81,3029.65,0.3613111930067954,-0.0828158234735239,-0.00399761983818836,0.0010925354413875432,-0.0021124552341029723
ETH/USDT,2025-12-22 04:53:00+00:00,2025-12-22 06:06:00+00:00,prob_floor,-0.089749868144123,73.0,3041.81,3028.78,0.3613111930067954,-0.0828158234735239,-0.00428363375753249,0.001380093635060975,-0.0018258176559539097
ETH/USDT,2025-12-22 04:53:00+00:00,2025-12-22 06:07:00+00:00,prob_floor,-0.0835698476380581,74.0,3041.81,3027.13,0.3613111930067954,-0.0828158234735239,-0.00482607394939194,0.0021835864333543675,-0.0012817421121656958
ETH/USDT,2025-12-22 04:53:00+00:00,2025-12-22 06:09:00+00:00,prob_floor,-0.0878898619709303,76.0,3041.81,3027.29,0.3613111930067954,-0.0828158234735239,-0.004773473688363228,0.07535122171975606,-0.0013345269201167076
ETH/USDT,2025-12-22 04:53:00+00:00,2025-12-22 06:10:00+00:00,prob_floor,-0.1054099201686328,77.0,3041.81,3025.68,0.3613111930067954,-0.0828158234735239,-0.005302763814965417,0.07592342878295133,-0.000803125247878067
ETH/USDT,2025-12-22 04:53:00+00:00,2025-12-22 06:11:00+00:00,prob_floor,-0.098629897633594,78.0,3041.81,3024.31,0.3613111930067954,-0.0828158234735239,-0.005753153550024481,0.07641081767411406,-0.00035049317034296923
ETH/USDT,2025-12-22 04:53:00+00:00,2025-12-22 06:13:00+00:00,prob_floor,-0.104869918373186,80.0,3041.81,3024.47,0.3613111930067954,-0.0828158234735239,-0.005700553288995769,0.07635387357123746,-0.0004033764593465161
ETH/USDT,2025-12-22 04:53:00+00:00,2025-12-22 06:16:00+00:00,trailing_prob_drop,-0.093349880095836,83.0,3041.81,3026.39,0.3613111930067954,-0.0828158234735239,-0.005069350156650221,0.07567101398035292,-0.0010375397751115623
ETH/USDT,2025-12-22 04:53:00+00:00,2025-12-22 06:23:00+00:00,time_limit,-0.0691695840000004,90.0,3041.81,3030.91,0.3613111930067954,-0.0828158234735239,-0.0035833927825866807,0.07406686440705945,-0.0025272937830551623
ETH/USDT,2025-12-22 06:24:00+00:00,2025-12-22 06:24:00+00:00,cooldown_after_loss,0.0,,3031.43,3031.43,0.07388262305248694,-0.0026983964663540583,0.0,0.07388262305248694,-0.0026983964663540583
ETH/USDT,2025-12-22 06:25:00+00:00,2025-12-22 06:25:00+00:00,cooldown_after_loss,0.0,,3024.63,3024.63,0.07629693549293637,-0.0004562541534006703,0.0,0.07629693549293637,-0.0004562541534006703
ETH/USDT,2025-12-22 06:26:00+00:00,2025-12-22 06:26:00+00:00,cooldown_after_loss,0.0,,3023.89,3023.89,0.07656032461498286,-0.00021164791047290077,0.0,0.07656032461498286,-0.00021164791047290077
ETH/USDT,2025-12-22 06:27:00+00:00,2025-12-22 06:27:00+00:00,cooldown_after_loss,0.0,,3024.01,3024.01,0.07651760410845188,-0.0002513219202318062,0.0,0.07651760410845188,-0.0002513219202318062
ETH/USDT,2025-12-22 06:28:00+00:00,2025-12-22 06:28:00+00:00,dry_run,0.0,,3025.02,3025.02,0.07615817416083193,-0.0005851200983795213,0.0,0.07615817416083193,-0.0005851200983795213
ETH/USDT,2025-12-22 06:28:00+00:00,2025-12-22 06:35:00+00:00,prob_floor,-0.0079505059848364,7.0,3025.02,3024.75,0.07615817416083193,-0.0005851200983795213,-8.925560822736767e-05,0.07625423588726354,-0.0004959087527894868
ETH/USDT,2025-12-22 06:28:00+00:00,2025-12-22 06:36:00+00:00,prob_floor,0.0099295080000013,8.0,3025.02,3027.67,0.07615817416083193,-0.0005851200983795213,0.0008760272659353863,0.07521625540432075,-0.0014598684797220152
ETH/USDT,2025-12-22 06:40:00+00:00,2025-12-22 06:40:00+00:00,dry_run,0.0,,3026.46,3026.46,0.07564613442768131,-0.0010606451101287107,0.0,0.07564613442768131,-0.0010606451101287107
ETH/USDT,2025-12-22 06:40:00+00:00,2025-12-22 06:44:00+00:00,take_profit,0.0160483132527994,4.0,3026.46,3030.26,0.07564613442768131,-0.0010606451101287107,0.0012555923422084003,0.07429725502102125,-0.002313332849326555
ETH/USDT,2025-12-22 06:40:00+00:00,2025-12-22 06:56:00+00:00,prob_floor,0.0024282479999985,16.0,3026.46,3027.47,0.07564613442768131,-0.0010606451101287107,0.00033372322779734453,0.0752872860837599,-0.0013939031600642693
ETH/USDT,2025-12-22 07:03:00+00:00,2025-12-22 07:03:00+00:00,dry_run,0.0,,3029.22,3029.22,0.07466608565901467,-0.0005645017529263274,0.0,0.07466608565901467,-0.0005645017529263274
ETH/USDT,2025-12-22 07:03:00+00:00,2025-12-22 07:06:00+00:00,take_profit,0.0161647135834986,3.0,3029.22,3032.55,0.07466608565901467,-0.0005645017529263274,0.0010992928872779473,0.07348601012349332,-0.0016619676509868064
ETH/USDT,2025-12-22 07:03:00+00:00,2025-12-22 07:07:00+00:00,take_profit,0.0218047321542479,4.0,3029.22,3032.78,0.07466608565901467,-0.0005645017529263274,0.0011752200236365695,0.07340459908071129,-0.0017376796206780565
ETH/USDT,2025-12-22 07:03:00+00:00,2025-12-22 07:09:00+00:00,take_profit,0.0197646480000005,6.0,3029.22,3033.37,0.07466608565901467,-0.0005645017529263274,0.0013699896342953544,0.07319581851208401,-0.001931844779898162
ETH/USDT,2025-12-22 07:10:00+00:00,2025-12-22 07:10:00+00:00,cooldown_after_exit,0.0,,3032.4,3032.4,0.002842632898034436,-0.0016125840918084222,0.0,0.002842632898034436,-0.0016125840918084222
ETH/USDT,2025-12-22 07:11:00+00:00,2025-12-22 07:11:00+00:00,dry_run,0.0,,3034.58,3034.58,0.0021222047202578143,-0.002329811703761231,0.0,0.0021222047202578143,-0.002329811703761231
ETH/USDT,2025-12-22 07:11:00+00:00,2025-12-22 07:22:00+00:00,prob_floor,-0.0096415274817744,11.0,3034.58,3031.42,0.0021222047202578143,-0.002329811703761231,-0.001041330266461915,0.007204544404932456,-0.0012898245706631783
ETH/USDT,2025-12-22 07:11:00+00:00,2025-12-22 07:23:00+00:00,trailing_prob_drop,-0.0271615853092583,12.0,3034.58,3030.62,0.0021222047202578143,-0.002329811703761231,-0.0013049581820219203,0.007470418594215156,-0.0010261926602476157
ETH/USDT,2025-12-22 07:11:00+00:00,2025-12-22 07:24:00+00:00,trailing_prob_drop,-0.0244615763902222,13.0,3034.58,3031.08,0.0021222047202578143,-0.002329811703761231,-0.00115337213057487,0.007317523786901203,-0.0011777980125894372
ETH/USDT,2025-12-22 07:11:00+00:00,2025-12-22 07:26:00+00:00,prob_floor,-0.0238615744085753,15.0,3034.58,3031.24,0.0021222047202578143,-0.002329811703761231,-0.0011006465474630023,0.007264353861786033,-0.0012305195233632826
ETH/USDT,2025-12-22 07:11:00+00:00,2025-12-22 07:40:00+00:00,prob_floor,-0.0362216152569254,29.0,3034.58,3028.35,0.0021222047202578143,-0.002329811703761231,-0.002053002392423342,0.008555814222266367,-0.00027737877061750904
ETH/USDT,2025-12-22 07:11:00+00:00,2025-12-22 07:41:00+00:00,prob_floor,-0.0373616190272906,30.0,3034.58,3028.98,0.0021222047202578143,-0.002329811703761231,-0.0018453954089198144,0.008346043882759169,-0.0004853118871698259
ETH/USDT,2025-12-22 07:11:00+00:00,2025-12-22 07:46:00+00:00,trailing_prob_drop,-0.0372416186303907,35.0,3034.58,3029.01,0.0021222047202578143,-0.002329811703761231,-0.0018355093620862073,0.00833605699551998,-0.0004952113066645225
ETH/USDT,2025-12-22 07:11:00+00:00,2025-12-22 07:47:00+00:00,prob_floor,-0.0395216261724408,36.0,3034.58,3029.07,0.0021222047202578143,-0.002329811703761231,-0.0018157372684193263,0.008316083814504216,-0.0005150095573889235
ETH/USDT,2025-12-22 07:11:00+00:00,2025-12-22 07:48:00+00:00,prob_floor,-0.0403016287530508,37.0,3034.58,3028.95,0.0021222047202578143,-0.002329811703761231,-0.0018552814557534214,0.008356030967827222,-0.00047541227157910093
ETH/USDT,2025-12-22 07:11:00+00:00,2025-12-22 07:50:00+00:00,prob_floor,-0.0462416484126522,39.0,3034.58,3027.72,0.0021222047202578143,-0.002329811703761231,-0.0022606093759268697,0.008765671858692592,-6.935912171524006e-05
ETH/USDT,2025-12-22 07:11:00+00:00,2025-12-22 07:51:00+00:00,prob_floor,-0.041321632128023,40.0,3034.58,3027.96,0.0021222047202578143,-0.002329811703761231,-0.0021815210012587904,0.010954570073580916,-0.00023448130094194664
ETH/USDT,2025-12-22 07:11:00+00:00,2025-12-22 07:52:00+00:00,prob_floor,-0.0421016347091443,41.0,3034.58,3028.19,0.0021222047202578143,-0.002329811703761231,-0.002105727975535321,0.010877785079536073,-0.00031041645339291435
ETH/USDT,2025-12-22 07:11:00+00:00,2025-12-22 07:53:00+00:00,trailing_prob_drop,-0.0400016277604814,42.0,3034.58,3028.07,0.0021222047202578143,-0.002329811703761231,-0.002145272162869194,0.01091784536024587,-0.0002707995521901152
ETH/USDT,2025-12-22 07:11:00+00:00,2025-12-22 07:57:00+00:00,trailing_prob_drop,-0.0404216291500871,46.0,3034.58,3028.75,0.0021222047202578143,-0.002329811703761231,-0.001921188434643284,0.010690879075526238,-0.0005777961205117865
ETH/USDT,2025-12-22 07:11:00+00:00,2025-12-22 07:58:00+00:00,prob_floor,-0.0284815896706339,47.0,3034.58,3030.0,0.0021222047202578143,-0.002329811703761231,-0.0015092698165808383,0.010273927392739246,-0.000990099009900991
ETH/USDT,2025-12-22 07:11:00+00:00,2025-12-22 08:16:00+00:00,trailing_prob_drop,-0.0051415126467892,65.0,3034.58,3034.36,0.0021222047202578143,-0.002329811703761231,-7.24976767789709e-05,0.008822288719861904,-0.0027518158689147088
ETH/USDT,2025-12-22 07:11:00+00:00,2025-12-22 08:17:00+00:00,take_profit,0.0223384919999995,66.0,3034.58,3038.92,0.0021222047202578143,-0.002329811703761231,0.00143018144191287,0.007308517499638123,-0.004248219762283956
ETH/USDT,2025-12-22 08:20:00+00:00,2025-12-22 08:20:00+00:00,dry_run,0.0,,3046.05,3046.05,0.004950673823476359,-0.006579012163293485,0.0,0.004950673823476359,-0.006579012163293485
ETH/USDT,2025-12-22 08:20:00+00:00,2025-12-22 08:21:00+00:00,take_profit,0.0175247977467361,1.0,3046.05,3049.61,0.004950673823476359,-0.006579012163293485,0.00116872671164292,0.003777532209036538,-0.007738694456012385
ETH/USDT,2025-12-22 08:20:00+00:00,2025-12-22 08:26:00+00:00,take_profit,0.0244847280000003,6.0,3046.05,3050.76,0.004950673823476359,-0.006579012163293485,0.0015462648347861485,0.003399152997941357,-0.008112732565000225
ETH/USDT,2025-12-22 08:28:00+00:00,2025-12-22 08:28:00+00:00,dry_run,0.0,,3053.58,3053.58,0.0024725076795106826,-0.009028746585974412,0.0,0.0024725076795106826,-0.009028746585974412
ETH/USDT,2025-12-22 08:28:00+00:00,2025-12-22 08:35:00+00:00,trailing_prob_drop,-0.0630652643762332,7.0,3053.58,3043.74,0.0024725076795106826,-0.009028746585974412,-0.0032224470948853945,0.005713365793398983,-0.005825070472510685
ETH/USDT,2025-12-22 08:28:00+00:00,2025-12-22 08:36:00+00:00,prob_floor,-0.0684645086663161,8.0,3053.58,3041.92,0.0024725076795106826,-0.009028746585974412,-0.003818468813654774,0.006315090469177331,-0.0052302493162212915
ETH/USDT,2025-12-22 08:28:00+00:00,2025-12-22 08:37:00+00:00,prob_floor,-0.0651044975867371,9.0,3053.58,3043.83,0.0024725076795106826,-0.009028746585974412,-0.003192973493407747,0.005683628849180167,-0.00585446624811492
ETH/USDT,2025-12-22 08:28:00+00:00,2025-12-22 08:38:00+00:00,trailing_prob_drop,-0.0611444845338903,10.0,3053.58,3044.02,0.0024725076795106826,-0.009028746585974412,-0.003130751445843849,0.005620856630377036,-0.005916518288316075
ETH/USDT,2025-12-22 08:28:00+00:00,2025-12-22 08:39:00+00:00,trailing_prob_drop,-0.0601844813704182,11.0,3053.58,3044.18,0.0024725076795106826,-0.009028746585974412,-0.0030783539321059816,0.005568001892135355,-0.005968766630094047
ETH/USDT,2025-12-22 08:28:00+00:00,2025-12-22 08:40:00+00:00,prob_floor,-0.0498644473840775,12.0,3053.58,3045.89,0.0024725076795106826,-0.009028746585974412,-0.0025183555040313443,0.005003463683849407,-0.006526827955047554
ETH/USDT,2025-12-22 08:28:00+00:00,2025-12-22 08:42:00+00:00,prob_floor,-0.0691845110410389,14.0,3053.58,3042.68,0.0024725076795106826,-0.009028746585974412,-0.0035695806233994043,0.006063733287759554,-0.0054787227049836185
ETH/USDT,2025-12-22 08:28:00+00:00,2025-12-22 08:44:00+00:00,prob_floor,-0.066604502532474,16.0,3053.58,3043.1,0.0024725076795106826,-0.009028746585974412,-0.003432037149837197,0.005924879234990632,-0.005615983700831273
ETH/USDT,2025-12-22 08:28:00+00:00,2025-12-22 08:45:00+00:00,prob_floor,-0.0716445191560992,17.0,3053.58,3043.8,0.0024725076795106826,-0.009028746585974412,-0.0032027980272335554,0.005693540968526145,-0.005844667849398744
ETH/USDT,2025-12-22 08:28:00+00:00,2025-12-22 08:47:00+00:00,prob_floor,-0.0884445746345602,19.0,3053.58,3039.47,0.0024725076795106826,-0.009028746585974412,-0.004620805742767575,0.007126242404103422,-0.00442840363616015
ETH/USDT,2025-12-22 08:28:00+00:00,2025-12-22 08:48:00+00:00,prob_floor,-0.1002646137289202,20.0,3053.58,3038.28,0.0024725076795106826,-0.009028746585974412,-0.005010512251193644,0.007520702502731735,-0.004038469133852085
ETH/USDT,2025-12-22 08:28:00+00:00,2025-12-22 08:50:00+00:00,prob_floor,-0.1485647740083459,22.0,3053.58,3029.44,0.0024725076795106826,-0.009028746585974412,-0.007905474885216646,0.010460679201436562,-0.001132222456955656
ETH/USDT,2025-12-22 08:28:00+00:00,2025-12-22 08:52:00+00:00,prob_floor,-0.1491647760047507,24.0,3053.58,3029.35,0.0024725076795106826,-0.009028746585974412,-0.007934948486694293,0.010490699324937847,-0.001102546750953115
ETH/USDT,2025-12-22 08:28:00+00:00,2025-12-22 08:53:00+00:00,prob_floor,-0.1507247811960258,25.0,3053.58,3029.32,0.0024725076795106826,-0.009028746585974412,-0.007944773020520102,0.010500706429165563,-0.0010926544571058239
ETH/USDT,2025-12-22 08:28:00+00:00,2025-12-22 08:54:00+00:00,prob_floor,-0.1410647490643939,26.0,3053.58,3030.7,0.0024725076795106826,-0.009028746585974412,-0.007492844464530246,0.010040584683406628,-0.0015474972778564133
ETH/USDT,2025-12-22 08:28:00+00:00,2025-12-22 08:55:00+00:00,prob_floor,-0.1471247692175145,27.0,3053.58,3029.61,0.0024725076795106826,-0.009028746585974412,-0.007849802526870064,0.010403979390086526,-0.001188271757750936
ETH/USDT,2025-12-22 08:28:00+00:00,2025-12-22 08:56:00+00:00,prob_floor,-0.1632048227582982,28.0,3053.58,3027.0,0.0024725076795106826,-0.009028746585974412,-0.008704536969720733,0.011275189957053122,-0.0003270564915757168
ETH/USDT,2025-12-22 08:28:00+00:00,2025-12-22 08:58:00+00:00,prob_floor,-0.155944798573296,30.0,3053.58,3027.91,0.0024725076795106826,-0.009028746585974412,-0.008406526110336099,0.01097126400718662,-0.0006274955332224996
ETH/USDT,2025-12-22 08:28:00+00:00,2025-12-22 08:59:00+00:00,prob_floor,-0.1582248061665064,31.0,3053.58,3027.83,0.0024725076795106826,-0.009028746585974412,-0.008432724867205033,0.010997975447762931,-0.0006010905499977959
ETH/USDT,2025-12-22 08:28:00+00:00,2025-12-22 09:00:00+00:00,prob_floor,-0.1593048097639502,32.0,3053.58,3027.66,0.0024725076795106826,-0.009028746585974412,-0.008488397225551725,0.011054741945925262,-0.0005449753274805458
ETH/USDT,2025-12-22 08:28:00+00:00,2025-12-22 09:01:00+00:00,prob_floor,-0.1452047628309137,33.0,3053.58,3030.39,0.0024725076795106826,-0.009028746585974412,-0.007594364647397489,0.010143908869815421,-0.0009008741449120228
ETH/USDT,2025-12-22 08:28:00+00:00,2025-12-22 09:02:00+00:00,prob_floor,-0.1429847554480896,34.0,3053.58,3030.38,0.0024725076795106826,-0.009028746585974412,-0.007597639492006092,0.010147242260046596,-0.00012209689873876606
ETH/USDT,2025-12-22 08:28:00+00:00,2025-12-22 09:03:00+00:00,prob_floor,-0.138484740488434,35.0,3053.58,3031.34,0.0024725076795106826,-0.009028746585974412,-0.0072832544095782215,0.009827337085249521,-0.0004387498597979711
ETH/USDT,2025-12-22 08:28:00+00:00,2025-12-22 09:04:00+00:00,prob_floor,-0.1452047628309137,36.0,3053.58,3030.51,0.0024725076795106826,-0.009028746585974412,-0.007555066512093922,0.010103909902953623,-0.0001649887312696885
ETH/USDT,2025-12-22 08:28:00+00:00,2025-12-22 09:05:00+00:00,trailing_prob_drop,-0.1428047548495573,37.0,3053.58,3030.92,0.0024725076795106826,-0.009028746585974412,-0.007420797883140429,0.009967270663692851,-0.00030023887136576555
ETH/USDT,2025-12-22 08:28:00+00:00,2025-12-22 09:09:00+00:00,trailing_prob_drop,-0.1379447386937692,41.0,3053.58,3031.21,0.0024725076795106826,-0.009028746585974412,-0.00732582738949028,0.00987064571573737,-0.0003430973109748159
ETH/USDT,2025-12-22 08:28:00+00:00,2025-12-22 09:29:00+00:00,trailing_prob_drop,-0.1031446232621275,61.0,3053.58,3037.02,0.0024725076795106826,-0.009028746585974412,-0.0054231426718801545,0.0019394011234696862,-0.0015936674766712233
ETH/USDT,2025-12-22 08:28:00+00:00,2025-12-22 09:31:00+00:00,trailing_prob_drop,-0.0964246010226511,63.0,3053.58,3038.13,0.0024725076795106826,-0.009028746585974412,-0.0050596349203230195,0.001573336229851785,-0.001958441541342948
ETH/USDT,2025-12-22 08:28:00+00:00,2025-12-22 09:42:00+00:00,trailing_prob_drop,-0.1211446829130477,74.0,3053.58,3034.01,0.0024725076795106826,-0.009028746585974412,-0.006408870899075714,0.0029334115576413744,-0.010794295338512394
ETH/USDT,2025-12-22 08:28:00+00:00,2025-12-22 09:43:00+00:00,prob_floor,-0.1054246308113923,75.0,3053.58,3036.63,0.0024725076795106826,-0.009028746585974412,-0.005550861611616442,0.0020680820514846765,-0.011647780598887492
ETH/USDT,2025-12-22 08:28:00+00:00,2025-12-22 09:44:00+00:00,trailing_prob_drop,-0.1129846558566914,76.0,3053.58,3035.38,0.0024725076795106826,-0.009028746585974412,-0.00596021718769435,0.0024807437619012163,-0.0112407672186019
ETH/USDT,2025-12-22 08:28:00+00:00,2025-12-22 09:45:00+00:00,trailing_prob_drop,-0.1075846379650733,77.0,3053.58,3035.97,0.0024725076795106826,-0.009028746585974412,-0.0057670013557856725,0.002285925091486396,-0.011432919297621358
ETH/USDT,2025-12-22 08:28:00+00:00,2025-12-22 09:46:00+00:00,trailing_prob_drop,-0.1191046761466882,78.0,3053.58,3034.35,0.0024725076795106826,-0.009028746585974412,-0.006297526182382662,0.002821032511081345,-0.010905136190617282
ETH/USDT,2025-12-22 08:28:00+00:00,2025-12-22 09:48:00+00:00,prob_floor,-0.1188646753507453,80.0,3053.58,3034.4,0.0024725076795106826,-0.009028746585974412,-0.006281151959339426,0.0028045083047718578,-0.01092143422093328
ETH/USDT,2025-12-22 08:28:00+00:00,2025-12-22 09:49:00+00:00,prob_floor,-0.1111246496928257,81.0,3053.58,3035.16,0.0024725076795106826,-0.009028746585974412,-0.006032263769084167,0.002553407398621532,-0.011169098169453884
ETH/USDT,2025-12-22 08:28:00+00:00,2025-12-22 09:50:00+00:00,prob_floor,-0.1096846449216607,82.0,3053.58,3035.93,0.0024725076795106826,-0.009028746585974412,-0.005780100734220195,0.002299130744121358,-0.0114198943980921
ETH/USDT,2025-12-22 08:28:00+00:00,2025-12-22 09:51:00+00:00,prob_floor,-0.1091446431326691,83.0,3053.58,3036.02,0.0024725076795106826,-0.009028746585974412,-0.005750627132742547,0.002700904473619925,-0.011449199939394306
ETH/USDT,2025-12-22 08:28:00+00:00,2025-12-22 09:52:00+00:00,trailing_prob_drop,-0.1055446312087742,84.0,3053.58,3036.61,0.0024725076795106826,-0.009028746585974412,-0.005557411300833759,0.002687207115829704,-0.01164127102262058
ETH/USDT,2025-12-22 08:28:00+00:00,2025-12-22 09:53:00+00:00,trailing_prob_drop,-0.1067446351828868,85.0,3053.58,3036.62,0.0024725076795106826,-0.009028746585974412,-0.005554136456225156,0.0026839051313631845,-0.011644525821472462
ETH/USDT,2025-12-22 08:28:00+00:00,2025-12-22 09:55:00+00:00,prob_floor,-0.1091446431326691,87.0,3053.58,3036.01,0.0024725076795106826,-0.009028746585974412,-0.005753901977351039,0.0029018349741931626,-0.011445943853939822
ETH/USDT,2025-12-22 08:28:00+00:00,2025-12-22 09:58:00+00:00,time_limit,-0.0934842959999988,90.0,3053.58,3038.62,0.0024725076795106826,-0.009028746585974412,-0.0048991675345004815,0.002040399918384006,-0.012295054992068621
ETH/USDT,2025-12-22 09:59:00+00:00,2025-12-22 09:59:00+00:00,cooldown_after_loss,0.0,,3041.67,3041.67,0.0010356153034352111,-0.013285464892641152,0.0,0.0010356153034352111,-0.013285464892641152
ETH/USDT,2025-12-22 10:00:00+00:00,2025-12-22 10:00:00+00:00,cooldown_after_loss,0.0,,3041.46,3041.46,0.0011047325955297893,-0.013217336410802694,0.0,0.0011047325955297893,-0.013217336410802694
ETH/USDT,2025-12-22 10:01:00+00:00,2025-12-22 10:01:00+00:00,cooldown_after_loss,0.0,,3038.63,3038.63,0.0020371022467362554,-0.012298305486354022,0.0,0.0020371022467362554,-0.012298305486354022
ETH/USDT,2025-12-22 10:02:00+00:00,2025-12-22 10:02:00+00:00,cooldown_after_loss,0.0,,3037.89,3037.89,0.002281188588131977,-0.012057711108697022,0.0,0.002281188588131977,-0.012057711108697022
ETH/USDT,2025-12-22 10:03:00+00:00,2025-12-22 10:03:00+00:00,cooldown_after_loss,0.0,,3035.9,3035.9,0.002938173194110494,-0.011410125498204748,0.0,0.002938173194110494,-0.011410125498204748
ETH/USDT,2025-12-22 10:10:00+00:00,2025-12-22 10:10:00+00:00,dry_run,0.0,,3033.32,3033.32,0.2527527593527883,-0.010569277227592155,0.0,0.2527527593527883,-0.010569277227592155
ETH/USDT,2025-12-22 10:10:00+00:00,2025-12-22 10:12:00+00:00,prob_floor,-0.0021407707598194,2.0,3033.32,3034.24,0.2527527593527883,-0.010569277227592155,0.00030329803647477505,0.2523729171060958,-0.010869278633199642
ETH/USDT,2025-12-22 10:10:00+00:00,2025-12-22 10:13:00+00:00,prob_floor,0.0084792642171952,3.0,3033.32,3036.02,0.2527527593527883,-0.010569277227592155,0.0008901138026979893,0.25163865850686107,-0.011449199939394306
ETH/USDT,2025-12-22 10:10:00+00:00,2025-12-22 10:15:00+00:00,take_profit,0.0235993139446633,5.0,3033.32,3038.5,0.2527527593527883,-0.010569277227592155,0.0017076998140650446,0.2506170807964456,-0.01225604739180508
ETH/USDT,2025-12-22 10:10:00+00:00,2025-12-22 10:17:00+00:00,take_profit,0.0374592239999994,7.0,3033.32,3040.57,0.2527527593527883,-0.010569277227592155,0.0023901203961336215,0.2497656689370742,-0.01292849695945164
ETH/USDT,2025-12-22 10:18:00+00:00,2025-12-22 10:18:00+00:00,cooldown_after_exit,0.0,,3039.54,3039.54,0.2501891733617587,-0.012594010935865207,0.0,0.2501891733617587,-0.012594010935865207
ETH/USDT,2025-12-22 10:19:00+00:00,2025-12-22 10:19:00+00:00,dry_run,0.0,,3039.73,3039.73,0.25011102959802356,-0.012655729291746187,0.0,0.25011102959802356,-0.012655729291746187
ETH/USDT,2025-12-22 10:19:00+00:00,2025-12-22 10:30:00+00:00,trailing_prob_drop,-0.0197882366934579,11.0,3039.73,3037.27,0.25011102959802356,-0.012655729291746187,-0.0008092824033714141,0.2511235418648985,-0.07621647071218551
ETH/USDT,2025-12-22 10:19:00+00:00,2025-12-22 10:32:00+00:00,prob_floor,-0.0118677147576326,13.0,3039.73,3038.38,0.25011102959802356,-0.012655729291746187,-0.00044411839209401727,0.2506664735813162,-0.07655395309342472
ETH/USDT,2025-12-22 10:19:00+00:00,2025-12-22 10:34:00+00:00,trailing_prob_drop,-0.0120477153503266,15.0,3039.73,3038.35,0.25011102959802356,-0.012655729291746187,-0.0004539876896961781,0.250678822387151,-0.07654483519015243
ETH/USDT,2025-12-22 10:19:00+00:00,2025-12-22 10:51:00+00:00,take_profit,0.0153723120000004,32.0,3039.73,3042.92,0.25011102959802356,-0.012655729291746187,0.0010494353116889954,0.24880049426209028,-0.07793172347613475
ETH/USDT,2025-12-22 10:53:00+00:00,2025-12-22 10:53:00+00:00,dry_run,0.0,,3044.25,3044.25,0.2482549067914921,-0.07833456516383341,0.0,0.2482549067914921,-0.07833456516383341
ETH/USDT,2025-12-22 10:53:00+00:00,2025-12-22 11:18:00+00:00,prob_floor,-0.0434332426604327,25.0,3044.25,3037.64,0.2482549067914921,-0.07833456516383341,-0.0021713065615505123,0.2031412543948592,-0.07632899224397882
ETH/USDT,2025-12-22 10:53:00+00:00,2025-12-22 11:19:00+00:00,prob_floor,-0.0359332179266642,26.0,3044.25,3038.94,0.2482549067914921,-0.07833456516383341,-0.001744271988174395,0.20262657373952764,-0.07672412091058056
ETH/USDT,2025-12-22 10:53:00+00:00,2025-12-22 11:20:00+00:00,prob_floor,-0.0323332060616819,27.0,3044.25,3039.49,0.2482549067914921,-0.07833456516383341,-0.0015636035148230976,0.2024089567657732,-0.07689118898236202
ETH/USDT,2025-12-22 10:53:00+00:00,2025-12-22 11:21:00+00:00,prob_floor,-0.0266931874826236,28.0,3044.25,3040.26,0.2482549067914921,-0.07833456516383341,-0.001310667652130948,0.20210442527941685,-0.07712498273174007
ETH/USDT,2025-12-22 10:53:00+00:00,2025-12-22 11:22:00+00:00,prob_floor,-0.0206931677302756,29.0,3044.25,3041.44,0.2482549067914921,-0.07833456516383341,-0.0009230516547589218,0.20163803987584816,-0.07748303435214898
ETH/USDT,2025-12-22 10:53:00+00:00,2025-12-22 11:34:00+00:00,take_profit,0.0160868879999997,41.0,3044.25,3047.93,0.2482549067914921,-0.07833456516383341,0.0012088363307873884,0.25214817925608535,-0.0017487278251140381
ETH/USDT,2025-12-22 11:35:00+00:00,2025-12-22 11:35:00+00:00,cooldown_after_exit,0.0,,3049.01,3049.01,0.25170465167382194,-0.0021023217372196923,0.0,0.25170465167382194,-0.0021023217372196923
ETH/USDT,2025-12-22 11:36:00+00:00,2025-12-22 11:36:00+00:00,dry_run,0.0,,3048.48,3048.48,0.25192226945887786,-0.0019288301054952717,0.0,0.25192226945887786,-0.0019288301054952717
ETH/USDT,2025-12-22 11:36:00+00:00,2025-12-22 11:48:00+00:00,take_profit,0.0355818239999997,12.0,3048.48,3055.02,0.25192226945887786,-0.0019288301054952717,0.0021453314438670823,0.24924223082009278,-0.030687196810495476
ETH/USDT,2025-12-22 11:49:00+00:00,2025-12-22 11:49:00+00:00,cooldown_after_exit,0.0,,3051.01,3051.01,0.25088413345089,-0.029413210707274096,0.0,0.25088413345089,-0.029413210707274096
ETH/USDT,2025-12-22 11:50:00+00:00,2025-12-22 11:50:00+00:00,dry_run,0.0,,3051.04,3051.04,0.2508718338664848,-0.029422754208401014,0.0,0.2508718338664848,-0.029422754208401014
ETH/USDT,2025-12-22 11:50:00+00:00,2025-12-22 12:11:00+00:00,prob_floor,-0.0204013026212324,21.0,3051.04,3047.38,0.2508718338664848,-0.029422754208401014,-0.0011995909591483445,0.25237417059900635,-0.06668351173795195
ETH/USDT,2025-12-22 11:50:00+00:00,2025-12-22 12:13:00+00:00,trailing_prob_drop,-0.0032412463284871,23.0,3051.04,3051.09,0.2508718338664848,-0.029422754208401014,1.6387854633315158e-05,0.2508513350966375,-0.06781838621607361
ETH/USDT,2025-12-22 11:50:00+00:00,2025-12-22 12:17:00+00:00,take_profit,0.021418751999999,27.0,3051.04,3055.0,0.2508718338664848,-0.029422754208401014,0.0012979180869474582,0.24925040916530272,-0.06901145662847785
ETH/USDT,2025-12-22 12:20:00+00:00,2025-12-22 12:20:00+00:00,dry_run,0.0,,3055.87,3055.87,0.2488947501038985,-0.06927650718126088,0.0,0.2488947501038985,-0.06927650718126088
ETH/USDT,2025-12-22 12:20:00+00:00,2025-12-22 12:34:00+00:00,take_profit,0.0273529440000004,14.0,3055.87,3061.05,0.2488947501038985,-0.06927650718126088,0.0016950982862491415,0.24678133320265916,-0.0708515052024632
ETH/USDT,2025-12-22 12:35:00+00:00,2025-12-22 12:35:00+00:00,cooldown_after_exit,0.0,,3056.52,3056.52,0.2051712404957271,-0.06947443497834138,0.0,0.2051712404957271,-0.06947443497834138
ETH/USDT,2025-12-22 12:37:00+00:00,2025-12-22 12:37:00+00:00,dry_run,0.0,,3059.11,3059.11,0.20415088048484686,-0.07026226582241246,0.0,0.20415088048484686,-0.07026226582241246
ETH/USDT,2025-12-22 12:37:00+00:00,2025-12-22 13:13:00+00:00,prob_floor,-0.0285713252048805,36.0,3059.11,3055.35,0.20415088048484686,-0.07026226582241246,-0.001229115657822133,0.20812018263046794,-0.03850622678252902
ETH/USDT,2025-12-22 12:37:00+00:00,2025-12-22 13:16:00+00:00,prob_floor,-0.041411367317483,39.0,3059.11,3053.1,0.20415088048484686,-0.07026226582241246,-0.001964623697742196,0.2090105139039009,-0.03779764829190002
ETH/USDT,2025-12-22 12:37:00+00:00,2025-12-22 13:17:00+00:00,prob_floor,-0.0449513789383545,40.0,3059.11,3052.51,0.20415088048484686,-0.07026226582241246,-0.0021574902504323257,0.20924419576021047,-0.03761167039583835
ETH/USDT,2025-12-22 12:37:00+00:00,2025-12-22 13:18:00+00:00,prob_floor,-0.0723488871111041,41.0,3059.11,3052.89,0.20415088048484686,-0.07026226582241246,-0.0020332711148014493,0.20909367844894522,-0.03773146100907665
ETH/USDT,2025-12-22 12:37:00+00:00,2025-12-22 13:20:00+00:00,prob_floor,-0.0157912833476053,43.0,3059.11,3057.36,0.20415088048484686,-0.07026226582241246,-0.0005720618088267404,0.20732592825182516,-0.0391383415757387
ETH/USDT,2025-12-22 12:37:00+00:00,2025-12-22 13:25:00+00:00,take_profit,0.021828756,48.0,3059.11,3063.84,0.20415088048484686,-0.07026226582241246,0.001546201346143139,0.20477244242519177,-0.04117055720925389
ETH/USDT,2025-12-22 13:27:00+00:00,2025-12-22 13:27:00+00:00,dry_run,0.0,,3062.25,3062.25,0.20539799167278971,-0.040672707976161404,0.0,0.20539799167278971,-0.040672707976161404
ETH/USDT,2025-12-22 13:27:00+00:00,2025-12-22 13:33:00+00:00,prob_floor,-0.0290547827001626,6.0,3062.25,3058.34,0.20539799167278971,-0.040672707976161404,-0.0012768389256265777,0.20693905844346938,-0.025065885414963796
ETH/USDT,2025-12-22 13:27:00+00:00,2025-12-22 13:38:00+00:00,trailing_prob_drop,-0.0412948228077951,11.0,3062.25,3055.99,0.20539799167278971,-0.040672707976161404,-0.002044248510082558,0.20786717234022367,-0.05242163750535822
ETH/USDT,2025-12-22 13:27:00+00:00,2025-12-22 13:40:00+00:00,prob_floor,-0.0452548357952582,13.0,3062.25,3054.67,0.20539799167278971,-0.040672707976161404,-0.0024753041064576875,0.20838912222924244,-0.05201216498017791
ETH/USDT,2025-12-22 13:27:00+00:00,2025-12-22 13:41:00+00:00,trailing_prob_drop,-0.0444148330398735,14.0,3062.25,3055.49,0.20539799167278971,-0.040672707976161404,-0.002207527145073107,0.20806482757266442,-0.05226657590108297
ETH/USDT,2025-12-22 13:27:00+00:00,2025-12-22 13:42:00+00:00,prob_floor,-0.0575548761709083,15.0,3062.25,3053.29,0.20539799167278971,-0.040672707976161404,-0.0029259531390317672,0.20893527964916525,-0.05158370151541447
ETH/USDT,2025-12-22 13:27:00+00:00,2025-12-22 13:43:00+00:00,prob_floor,-0.0634348954916013,16.0,3062.25,3052.3,0.20539799167278971,-0.040672707976161404,-0.003249244836313059,0.19866002686498696,-0.05127608688529972
ETH/USDT,2025-12-22 13:27:00+00:00,2025-12-22 13:44:00+00:00,prob_floor,-0.0807149523426529,17.0,3062.25,3049.42,0.20539799167278971,-0.040672707976161404,-0.004189729773859119,0.19979209161086375,-0.05038007227603947
ETH/USDT,2025-12-22 13:27:00+00:00,2025-12-22 13:45:00+00:00,prob_floor,-0.0734549284442398,18.0,3062.25,3050.63,0.20539799167278971,-0.040672707976161404,-0.0037945954771817503,0.19931620681629703,-0.05075672893795713
ETH/USDT,2025-12-22 13:27:00+00:00,2025-12-22 13:47:00+00:00,prob_floor,-0.0600748844496868,20.0,3062.25,3052.87,0.20539799167278971,-0.040672707976161404,-0.003063107192423864,0.19843622558445007,-0.05145322270519215
ETH/USDT,2025-12-22 13:27:00+00:00,2025-12-22 13:48:00+00:00,prob_floor,-0.0706357899115602,21.0,3062.25,3051.19,0.20539799167278971,-0.040672707976161404,-0.003611723405992362,0.19909609037785247,-0.05093094825297673
ETH/USDT,2025-12-22 13:27:00+00:00,2025-12-22 13:50:00+00:00,prob_floor,-0.0588148803100129,23.0,3062.25,3053.76,0.20539799167278971,-0.040672707976161404,-0.0027724712221405268,0.19808694854867426,-0.05172967096300962
ETH/USDT,2025-12-22 13:27:00+00:00,2025-12-22 13:51:00+00:00,trailing_prob_drop,-0.0497548505605525,24.0,3062.25,3054.41,0.20539799167278971,-0.040672707976161404,-0.0025602089966528796,0.19783198719228934,-0.051931469580049794
ETH/USDT,2025-12-22 13:27:00+00:00,2025-12-22 13:52:00+00:00,trailing_prob_drop,-0.0468748411099289,25.0,3062.25,3055.06,0.20539799167278971,-0.040672707976161404,-0.0023479467711650104,0.1975771343279673,-0.052133182327024685
ETH/USDT,2025-12-22 13:27:00+00:00,2025-12-22 14:10:00+00:00,trailing_prob_drop,-0.0352948031405049,43.0,3062.25,3056.99,0.20539799167278971,-0.040672707976161404,-0.0017176912401013489,0.3084766387852105,-0.05273160854304393
ETH/USDT,2025-12-22 13:27:00+00:00,2025-12-22 14:18:00+00:00,take_profit,0.0154653000000003,51.0,3062.25,3065.45,0.20539799167278971,-0.040672707976161404,0.0010449832639398693,0.30486551729762357,-0.05534587091617871
ETH/USDT,2025-12-22 14:19:00+00:00,2025-12-22 14:19:00+00:00,cooldown_after_exit,0.0,,3065.45,3065.45,0.30486551729762357,-0.05534587091617871,0.0,0.30486551729762357,-0.05534587091617871
ETH/USDT,2025-12-22 14:20:00+00:00,2025-12-22 14:20:00+00:00,dry_run,0.0,,3063.79,3063.79,0.3055725098652322,-0.05483404541433978,0.0,0.3055725098652322,-0.05483404541433978
ETH/USDT,2025-12-22 14:20:00+00:00,2025-12-22 14:32:00+00:00,prob_floor,0.0005234399999989,12.0,3063.79,3064.53,0.3055725098652322,-0.05483404541433978,0.00024153091432510543,0.3052572498882373,-0.05506227708653533
ETH/USDT,2025-12-22 14:33:00+00:00,2025-12-22 14:33:00+00:00,spread_too_wide,0.0,,3054.7,3054.7,0.30945755720692714,-0.052021475103938175,0.0,0.30945755720692714,-0.052021475103938175
ETH/USDT,2025-12-22 15:00:00+00:00,2025-12-22 15:00:00+00:00,dry_run,0.0,,3061.25,3061.25,0.3066557778685177,-0.07227439771335242,0.0,0.3066557778685177,-0.07227439771335242
ETH/USDT,2025-12-22 15:00:00+00:00,2025-12-22 15:01:00+00:00,gate_close,-0.028453592761629,1.0,3061.25,3056.7,0.3066557778685177,-0.07227439771335242,-0.0014863209473254813,0.3086007786174634,-0.07089344718160107
ETH/USDT,2025-12-22 15:00:00+00:00,2025-12-22 15:03:00+00:00,prob_floor,-0.0128535708281445,3.0,3061.25,3059.77,0.3066557778685177,-0.07227439771335242,-0.00048346263781140486,0.30728780267797906,-0.07182566009863489
ETH/USDT,2025-12-22 15:00:00+00:00,2025-12-22 15:04:00+00:00,prob_floor,-0.0079935752225864,4.0,3061.25,3060.6,0.3066557778685177,-0.07227439771335242,-0.00021233156390365604,0.30693328105600215,-0.07207737045023854
ETH/USDT,2025-12-22 15:00:00+00:00,2025-12-22 15:05:00+00:00,prob_floor,-0.0258735843122071,5.0,3061.25,3057.58,0.3066557778685177,-0.07227439771335242,-0.0011988566761943487,0.30822415112605395,-0.07116085270050165
ETH/USDT,2025-12-22 15:00:00+00:00,2025-12-22 15:07:00+00:00,take_profit,0.0152264879999978,7.0,3061.25,3063.43,0.3066557778685177,-0.07227439771335242,0.0007121273989383337,0.49361663233695574,-0.07293458639498862
ETH/USDT,2025-12-22 15:10:00+00:00,2025-12-22 15:10:00+00:00,dry_run,0.0,,3069.57,3069.57,0.49062898060640414,-0.07478897695768472,0.0,0.49062898060640414,-0.07478897695768472
ETH/USDT,2025-12-22 15:10:00+00:00,2025-12-22 15:14:00+00:00,prob_floor,-0.1902265581362395,4.0,3069.57,3038.59,0.49062898060640414,-0.07478897695768472,-0.010092618835862988,0.5058267156806282,-0.06535597102603519
ETH/USDT,2025-12-22 15:10:00+00:00,2025-12-22 15:15:00+00:00,prob_floor,-0.1675440343124824,5.0,3069.57,3042.29,0.49062898060640414,-0.07478897695768472,-0.008887238277674125,0.5039953456113653,-0.06649267492579602
ETH/USDT,2025-12-22 15:10:00+00:00,2025-12-22 15:16:00+00:00,prob_floor,-0.1588440054727346,6.0,3069.57,3043.73,0.49062898060640414,-0.07478897695768472,-0.008418117195568176,0.5032837998114157,-0.06693432071832917
ETH/USDT,2025-12-22 15:10:00+00:00,2025-12-22 15:18:00+00:00,prob_floor,-0.1453439607757602,8.0,3069.57,3045.99,0.49062898060640414,-0.07478897695768472,-0.007681857719485263,0.502168424715774,-0.06762661729027342
ETH/USDT,2025-12-22 15:10:00+00:00,2025-12-22 15:20:00+00:00,prob_floor,-0.1350839268501977,10.0,3069.57,3047.7,0.49062898060640414,-0.07478897695768472,-0.007124776434484392,0.5013255897890214,-0.06814975227220521
ETH/USDT,2025-12-22 15:10:00+00:00,2025-12-22 15:21:00+00:00,prob_floor,-0.174384057005807,11.0,3069.57,3041.15,0.49062898060640414,-0.07478897695768472,-0.009258625801008002,0.5045591305920458,-0.06614274205481485
ETH/USDT,2025-12-22 15:10:00+00:00,2025-12-22 15:22:00+00:00,prob_floor,-0.1929841188018358,12.0,3069.57,3038.05,0.49062898060640414,-0.07478897695768472,-0.010268539241652719,0.5060943697437501,-0.06518984216849633
ETH/USDT,2025-12-22 15:10:00+00:00,2025-12-22 15:24:00+00:00,prob_floor,-0.1578240020933217,14.0,3069.57,3043.91,0.49062898060640414,-0.07478897695768472,-0.008359477060304932,0.5031949039229151,-0.06698949706134538
ETH/USDT,2025-12-22 15:10:00+00:00,2025-12-22 15:25:00+00:00,prob_floor,-0.1687440382925408,15.0,3069.57,3042.09,0.49062898060640414,-0.07478897695768472,-0.0089523939835221,0.5040942246942068,-0.06643130216397286
ETH/USDT,2025-12-22 15:10:00+00:00,2025-12-22 15:28:00+00:00,prob_floor,-0.1872240996515249,18.0,3069.57,3039.01,0.49062898060640414,-0.07478897695768472,-0.009955791853582086,0.50561860605921,-0.06548514154280516
ETH/USDT,2025-12-22 15:10:00+00:00,2025-12-22 15:30:00+00:00,prob_floor,-0.1872840998509463,20.0,3069.57,3038.99,0.49062898060640414,-0.07478897695768472,-0.009962307424167038,0.5056285147368043,-0.06547899137542401
ETH/USDT,2025-12-22 15:10:00+00:00,2025-12-22 15:31:00+00:00,prob_floor,-0.2073841667306042,21.0,3069.57,3036.01,0.49062898060640414,-0.07478897695768472,-0.010933127441302815,0.5071063665798201,-0.064561710929806
ETH/USDT,2025-12-22 15:10:00+00:00,2025-12-22 15:32:00+00:00,trailing_prob_drop,-0.2016241475500054,22.0,3069.57,3036.61,0.49062898060640414,-0.07478897695768472,-0.010737660323758669,0.5068085793038948,-0.06474654302001248
ETH/USDT,2025-12-22 15:10:00+00:00,2025-12-22 15:33:00+00:00,prob_floor,-0.1971241325735991,23.0,3069.57,3037.35,0.49062898060640414,-0.07478897695768472,-0.010496584212120963,0.5064414703606763,-0.06497440202808369
ETH/USDT,2025-12-22 15:10:00+00:00,2025-12-22 15:34:00+00:00,prob_floor,-0.1746840580015131,24.0,3069.57,3040.8,0.49062898060640414,-0.07478897695768472,-0.009372648286242069,0.5047323072875558,-0.06603525388055775
ETH/USDT,2025-12-22 15:10:00+00:00,2025-12-22 15:37:00+00:00,prob_floor,-0.2594643407074854,27.0,3069.57,3026.42,0.49062898060640414,-0.07478897695768472,-0.014057343536716949,0.5118820256276393,-0.061597531076321266
ETH/USDT,2025-12-22 15:10:00+00:00,2025-12-22 15:38:00+00:00,prob_floor,-0.2622243499553057,28.0,3069.57,3026.96,0.49062898060640414,-0.07478897695768472,-0.013881423130927217,0.5116123107011656,-0.061764939080793946
ETH/USDT,2025-12-22 15:10:00+00:00,2025-12-22 15:40:00+00:00,prob_floor,-0.2621034959999982,30.0,3069.57,3011.54,0.49062898060640414,-0.07478897695768472,-0.018904928051811876,0.5193522251074203,-0.056960890441435263
ETH/USDT,2025-12-22 15:10:00+00:00,2025-12-22 15:41:00+00:00,prob_floor,-0.2324642503877279,31.0,3069.57,3031.82,0.49062898060640414,-0.07478897695768472,-0.012298139478819525,0.5091891998865368,-0.06326892757485603
ETH/USDT,2025-12-22 15:10:00+00:00,2025-12-22 15:43:00+00:00,prob_floor,-0.2351042592071669,33.0,3069.57,3031.03,0.49062898060640414,-0.07478897695768472,-0.012555504516919336,0.50958255114598,-0.06302478035519288
ETH/USDT,2025-12-22 15:10:00+00:00,2025-12-22 15:44:00+00:00,prob_floor,-0.1978441349693237,34.0,3069.57,3037.24,0.49062898060640414,-0.07478897695768472,-0.010532419850337482,0.50649602928975,-0.06494053812013534
ETH/USDT,2025-12-22 15:10:00+00:00,2025-12-22 15:45:00+00:00,prob_floor,-0.2171041991253872,35.0,3069.57,3034.02,0.49062898060640414,-0.07478897695768472,-0.011581426714491028,0.5080948708314381,-0.06394816118548985
ETH/USDT,2025-12-22 15:10:00+00:00,2025-12-22 15:46:00+00:00,prob_floor,-0.2153641933237794,36.0,3069.57,3034.0,0.49062898060640414,-0.07478897695768472,-0.011587942285075759,0.5081048121292024,-0.06394199077125906
ETH/USDT,2025-12-22 15:10:00+00:00,2025-12-22 15:48:00+00:00,gate_close,-0.1823640835028591,38.0,3069.57,3040.51,0.49062898060640414,-0.07478897695768472,-0.009467124059721721,0.5048758267527487,-0.06594617350378729
ETH/USDT,2025-12-22 15:10:00+00:00,2025-12-22 15:49:00+00:00,gate_close,-0.1859640954640042,39.0,3069.57,3039.22,0.49062898060640414,-0.07478897695768472,-0.009887378362441801,0.5055145728180259,-0.06554971341330995
ETH/USDT,2025-12-22 15:10:00+00:00,2025-12-22 15:51:00+00:00,gate_close,-0.1550039927522085,41.0,3069.57,3044.37,0.49062898060640414,-0.07478897695768472,-0.008209618936854457,0.5029677732995661,-0.06713047362836966
ETH/USDT,2025-12-22 15:10:00+00:00,2025-12-22 15:52:00+00:00,gate_close,-0.130283910991662,42.0,3069.57,3048.5,0.49062898060640414,-0.07478897695768472,-0.006864153611092161,0.5009316057077251,-0.06839429227488925
ETH/USDT,2025-12-22 15:10:00+00:00,2025-12-22 15:54:00+00:00,gate_close,-0.1523034959999999,44.0,3069.57,2980.63,0.49062898060640414,-0.07478897695768472,-0.028974742390628028,0.5351083495771027,-0.04718130059752468
ETH/USDT,2025-12-22 15:10:00+00:00,2025-12-22 15:55:00+00:00,prob_floor,-0.1089393641324438,45.0,3069.57,3052.86,0.49062898060640414,-0.07478897695768472,-0.005443759223604627,0.4987880217238916,-0.06972478266281457
ETH/USDT,2025-12-22 15:10:00+00:00,2025-12-22 15:56:00+00:00,gate_close,-0.0995638096937668,46.0,3069.57,3053.62,0.49062898060640414,-0.07478897695768472,-0.00519616754138208,0.4984149959719939,-0.06995631414517844
ETH/USDT,2025-12-22 15:10:00+00:00,2025-12-22 15:58:00+00:00,gate_close,-0.1215838822692584,48.0,3069.57,3049.95,0.49062898060640414,-0.07478897695768472,-0.006391774743693901,0.5002180363612521,-0.00859686224364331
ETH/USDT,2025-12-22 15:10:00+00:00,2025-12-22 15:59:00+00:00,gate_close,-0.0870837686384646,49.0,3069.57,3052.79,0.49062898060640414,-0.07478897695768472,-0.005466563720651463,0.4988223887001726,-0.009519161160774225
ETH/USDT,2025-12-22 15:10:00+00:00,2025-12-22 16:00:00+00:00,gate_close,-0.1123438517939803,50.0,3069.57,3055.69,0.49062898060640414,-0.07478897695768472,-0.004521805985854721,0.49739993258478443,-0.010459176159885342
ETH/USDT,2025-12-22 15:10:00+00:00,2025-12-22 16:02:00+00:00,gate_close,-0.0971638017941727,52.0,3069.57,3054.01,0.49062898060640414,-0.07478897695768472,-0.005069113914978329,0.4982236469428718,-0.009914833284763391
ETH/USDT,2025-12-22 15:10:00+00:00,2025-12-22 16:03:00+00:00,gate_close,-0.088223772386392,53.0,3069.57,3055.5,0.49062898060640414,-0.07478897695768472,-0.004583703906410386,0.497493045328097,-0.010397643593519912
ETH/USDT,2025-12-22 15:10:00+00:00,2025-12-22 16:32:00+00:00,prob_floor,-0.1494839744758138,82.0,3069.57,3046.34,0.49062898060640414,-0.07478897695768472,-0.007567835234251086,0.004677744440870102,-0.007422021179513849
ETH/USDT,2025-12-22 15:10:00+00:00,2025-12-22 16:34:00+00:00,prob_floor,-0.1470239663344565,84.0,3069.57,3045.7,0.49062898060640414,-0.07478897695768472,-0.007776333492964915,0.004888859703844783,-0.007213448468332384
ETH/USDT,2025-12-22 15:10:00+00:00,2025-12-22 16:35:00+00:00,prob_floor,-0.1739040554127387,85.0,3069.57,3041.22,0.49062898060640414,-0.07478897695768472,-0.009235821303961278,0.006369154484055839,-0.005750981513997555
ETH/USDT,2025-12-22 15:10:00+00:00,2025-12-22 16:37:00+00:00,prob_floor,-0.1608840122326957,87.0,3069.57,3042.2,0.49062898060640414,-0.07478897695768472,-0.008916558345305803,0.0060449674577609525,-0.006071264216685246
ETH/USDT,2025-12-22 15:10:00+00:00,2025-12-22 16:38:00+00:00,prob_floor,-0.164184023171115,88.0,3069.57,3042.85,0.49062898060640414,-0.07478897695768472,-0.008704802301299663,0.0058300606339452,-0.006283582825311718
ETH/USDT,2025-12-22 15:10:00+00:00,2025-12-22 16:40:00+00:00,time_limit,-0.1437234960000009,90.0,3069.57,3046.25,0.49062898060640414,-0.07478897695768472,-0.007597155301882763,0.00470742716454664,-0.0073926959376282575
ETH/USDT,2025-12-22 16:50:00+00:00,2025-12-22 16:50:00+00:00,dry_run,0.0,,3043.77,3043.77,0.005526041718001196,-0.006583940310864511,0.0,0.005526041718001196,-0.006583940310864511
ETH/USDT,2025-12-22 16:50:00+00:00,2025-12-22 16:52:00+00:00,take_profit,0.0261675741056189,2.0,3043.77,3048.75,0.005526041718001196,-0.006583940310864511,0.0016361288796460371,0.00388355883558833,-0.008000000000000007
ETH/USDT,2025-12-22 16:50:00+00:00,2025-12-22 16:55:00+00:00,prob_floor,-0.0101925451983108,5.0,3043.77,3041.58,0.005526041718001196,-0.006583940310864511,-0.0007195024591214461,0.0019036158838499073,-0.005661531177874601
ETH/USDT,2025-12-22 16:50:00+00:00,2025-12-22 17:04:00+00:00,prob_floor,-0.0447526590374659,14.0,3043.77,3036.94,0.005526041718001196,-0.006583940310864511,-0.002243927760638975,0.003434378025249041,-0.0041423274743656036
ETH/USDT,2025-12-22 16:50:00+00:00,2025-12-22 17:05:00+00:00,prob_floor,-0.0581327032266487,15.0,3043.77,3034.7,0.005526041718001196,-0.006583940310864511,-0.002979857216544035,0.004175042014037622,-0.0034072560714402123
ETH/USDT,2025-12-22 16:50:00+00:00,2025-12-22 17:06:00+00:00,prob_floor,-0.1029580140205627,16.0,3043.77,3027.39,0.005526041718001196,-0.006583940310864511,-0.00538148414630546,0.006599744334228497,-0.7852936027403142
ETH/USDT,2025-12-22 16:50:00+00:00,2025-12-22 17:08:00+00:00,prob_floor,-0.0907728112974108,18.0,3043.77,3029.27,0.005526041718001196,-0.006583940310864511,-0.0047638290672422645,0.0023239922489577403,-0.7854268520138515
ETH/USDT,2025-12-22 16:50:00+00:00,2025-12-22 17:09:00+00:00,prob_floor,-0.1004928435552999,19.0,3043.77,3027.65,0.005526041718001196,-0.006583940310864511,-0.005296063763030712,0.0028603041963237708,-0.7853120406916255
ETH/USDT,2025-12-22 16:50:00+00:00,2025-12-22 17:10:00+00:00,prob_floor,-0.1055328602951997,20.0,3043.77,3026.81,0.005526041718001196,-0.006583940310864511,-0.005572037308995137,0.003138617884835826,-0.7852524605112313
ETH/USDT,2025-12-22 16:50:00+00:00,2025-12-22 17:11:00+00:00,prob_floor,-0.075055535116187,21.0,3043.77,3032.0,0.005526041718001196,-0.006583940310864511,-0.0038669150428580767,0.0014215039577836208,-0.7856200527704486
ETH/USDT,2025-12-22 16:50:00+00:00,2025-12-22 17:12:00+00:00,prob_floor,-0.0717527482752133,22.0,3043.77,3032.44,0.005526041718001196,-0.006583940310864511,-0.003722357471162341,0.0012762000237431792,-0.7856511588028122
ETH/USDT,2025-12-22 16:50:00+00:00,2025-12-22 17:14:00+00:00,prob_floor,-0.0730727526447348,24.0,3043.77,3032.21,0.005526041718001196,-0.006583940310864511,-0.0037979216563669427,0.0013521490925760826,-0.7856348999574567
ETH/USDT,2025-12-22 16:50:00+00:00,2025-12-22 17:15:00+00:00,prob_floor,-0.0946128240371474,25.0,3043.77,3029.01,0.005526041718001196,-0.006583940310864511,-0.0048492494505169015,0.0027731833173214593,-0.7854084337786934
ETH/USDT,2025-12-22 16:50:00+00:00,2025-12-22 17:16:00+00:00,prob_floor,-0.0819527820562124,26.0,3043.77,3030.73,0.005526041718001196,-0.006583940310864511,-0.0042841607611613375,0.0031312588056342516,-0.7855302187921722
ETH/USDT,2025-12-22 16:50:00+00:00,2025-12-22 17:17:00+00:00,prob_floor,-0.0649127256432731,27.0,3043.77,3033.58,0.005526041718001196,-0.006583940310864511,-0.003347821944496454,0.0021888329959980357,-0.785731709729099
ETH/USDT,2025-12-22 16:50:00+00:00,2025-12-22 17:18:00+00:00,prob_floor,-0.0528526857810092,28.0,3043.77,3035.83,0.005526041718001196,-0.006583940310864511,-0.0026086070892347157,0.0014460625265577676,-0.7858905142909847
ETH/USDT,2025-12-22 16:50:00+00:00,2025-12-22 17:27:00+00:00,gate_close,-0.0597527085813163,37.0,3043.77,3033.43,0.005526041718001196,-0.006583940310864511,-0.003397102934847296,0.008449181289827079,-0.7857211143820692
ETH/USDT,2025-12-22 16:50:00+00:00,2025-12-22 17:32:00+00:00,prob_floor,-0.1079979637314488,42.0,3043.77,3026.66,0.005526041718001196,-0.006583940310864511,-0.005621318299345868,0.010704869393985517,-0.7852418177132549
ETH/USDT,2025-12-22 16:50:00+00:00,2025-12-22 17:33:00+00:00,prob_floor,-0.1007328443522273,43.0,3043.77,3027.6,0.005526041718001196,-0.006583940310864511,-0.005312490759814326,0.010391068833399464,-0.7853084951776985
ETH/USDT,2025-12-22 16:50:00+00:00,2025-12-22 17:34:00+00:00,prob_floor,-0.0995928405670081,44.0,3043.77,3027.79,0.005526041718001196,-0.006583940310864511,-0.005250068172036659,0.010327664732362463,-0.7853219675076542
ETH/USDT,2025-12-22 16:50:00+00:00,2025-12-22 18:11:00+00:00,prob_floor,-0.0586127048131171,81.0,3043.77,3034.31,0.005526041718001196,-0.006583940310864511,-0.003107987791456046,0.011366669852454159,-0.7857832587968929
ETH/USDT,2025-12-22 16:50:00+00:00,2025-12-22 18:20:00+00:00,time_limit,-0.1049925239999992,90.0,3043.77,3026.88,0.005526041718001196,-0.006583940310864511,-0.005549039513498055,0.5116522623956021,-0.7852574267893012
ETH/USDT,2025-12-22 18:25:00+00:00,2025-12-22 18:25:00+00:00,dry_run,0.0,,3029.99,3029.99,0.5101006934016286,-0.7854778398608576,0.0,0.5101006934016286,-0.7854778398608576
ETH/USDT,2025-12-22 18:25:00+00:00,2025-12-22 18:32:00+00:00,prob_floor,-0.0069369225932765,7.0,3029.99,3030.23,0.5101006934016286,-0.7854778398608576,7.920818220519266e-05,0.5099810905442821,-0.7854948304254132
ETH/USDT,2025-12-22 18:25:00+00:00,2025-12-22 18:34:00+00:00,prob_floor,-0.0132969435928681,9.0,3029.99,3029.17,0.5101006934016286,-0.7854778398608576,-0.0002706279558677416,0.510509479494383,-0.0579927835017513
ETH/USDT,2025-12-22 18:25:00+00:00,2025-12-22 18:35:00+00:00,prob_floor,-0.0113169370536844,10.0,3029.99,3029.34,0.5101006934016286,-0.7854778398608576,-0.00021452216013906344,0.5104247129737831,-0.05804564690658698
ETH/USDT,2025-12-22 18:25:00+00:00,2025-12-22 18:45:00+00:00,prob_floor,-0.0135969445837735,20.0,3029.99,3029.12,0.5101006934016286,-0.7854778398608576,-0.0002871296604939344,0.5105344126346927,-0.05797723431227553
ETH/USDT,2025-12-22 18:25:00+00:00,2025-12-22 18:47:00+00:00,prob_floor,-0.0189369622274472,22.0,3029.99,3028.21,0.5101006934016286,-0.7854778398608576,-0.0005874606846886232,0.5109883396461936,-0.05769414934895534
ETH/USDT,2025-12-22 18:25:00+00:00,2025-12-22 18:48:00+00:00,prob_floor,-0.0118569388369524,23.0,3029.99,3029.81,0.5101006934016286,-0.7854778398608576,-5.940613665389449e-05,0.5101904079793784,-0.058191767800621186
ETH/USDT,2025-12-22 18:25:00+00:00,2025-12-22 18:51:00+00:00,prob_floor,-0.0398770315146018,26.0,3029.99,3024.74,0.5101006934016286,-0.7854778398608576,-0.0017326789857392555,0.5127217545970895,-0.056613130384760235
ETH/USDT,2025-12-22 18:25:00+00:00,2025-12-22 18:53:00+00:00,prob_floor,-0.0474970567676751,28.0,3029.99,3023.47,0.5101006934016286,-0.7854778398608576,-0.0021518222832418443,0.5133571690805598,-0.05621686340529253
ETH/USDT,2025-12-22 18:25:00+00:00,2025-12-22 18:54:00+00:00,prob_floor,-0.0391570291295845,29.0,3029.99,3024.86,0.5101006934016286,-0.7854778398608576,-0.0016930748946365481,0.5126617430228175,-0.05665055572819899
ETH/USDT,2025-12-22 18:25:00+00:00,2025-12-22 18:55:00+00:00,prob_floor,-0.0342370128370027,30.0,3029.99,3025.67,0.5101006934016286,-0.7854778398608576,-0.001425747279693912,0.5122567894053218,-0.05690309914828784
ETH/USDT,2025-12-22 18:25:00+00:00,2025-12-22 18:56:00+00:00,prob_floor,-0.0382570261485742,31.0,3029.99,3026.76,0.5101006934016286,-0.7854778398608576,-0.0010660101188451065,0.5117121938971045,-0.057242728197808956
ETH/USDT,2025-12-22 18:25:00+00:00,2025-12-22 18:57:00+00:00,prob_floor,-0.102577239938465,32.0,3029.99,3025.01,0.5101006934016286,-0.7854778398608576,-0.0016435697807581917,0.5125867352504618,-0.05669733323195636
ETH/USDT,2025-12-22 18:25:00+00:00,2025-12-22 18:59:00+00:00,prob_floor,-0.0938772109321009,34.0,3029.99,3015.74,0.5101006934016286,-0.7854778398608576,-0.00470298581843509,0.5172362338928425,-0.0537977411845848
ETH/USDT,2025-12-22 18:25:00+00:00,2025-12-22 19:00:00+00:00,prob_floor,-0.1097772639648497,35.0,3029.99,3013.08,0.5101006934016286,-0.7854778398608576,-0.005580876504542864,0.5185756767161842,-0.052962417194365896
ETH/USDT,2025-12-22 18:25:00+00:00,2025-12-22 19:01:00+00:00,prob_floor,-0.1323373393715855,36.0,3029.99,3009.33,0.5101006934016286,-0.7854778398608576,-0.006818504351499444,0.5204680111519842,-0.051782290410157694
ETH/USDT,2025-12-22 18:25:00+00:00,2025-12-22 19:02:00+00:00,prob_floor,-0.1397173640801361,37.0,3029.99,3009.33,0.5101006934016286,-0.7854778398608576,-0.006818504351499444,0.5204680111519842,-0.051782290410157694
ETH/USDT,2025-12-22 18:25:00+00:00,2025-12-22 19:03:00+00:00,prob_floor,-0.1395969120000018,38.0,3029.99,3007.17,0.5101006934016286,-0.7854778398608576,-0.0075313779913464,0.5215601379369972,-0.05110120146183961
ETH/USDT,2025-12-22 18:25:00+00:00,2025-12-22 19:05:00+00:00,prob_floor,-0.159397430068503,40.0,3029.99,3004.82,0.5101006934016286,-0.7854778398608576,-0.008306958108772466,0.5227501148155296,-0.05035908972916847
ETH/USDT,2025-12-22 18:25:00+00:00,2025-12-22 19:07:00+00:00,prob_floor,-0.2006775689522057,42.0,3029.99,2997.94,0.5101006934016286,-0.7854778398608576,-0.01057759266532221,0.5262446880191065,-0.048179750095065255
ETH/USDT,2025-12-22 18:25:00+00:00,2025-12-22 19:09:00+00:00,prob_floor,-0.1397773642811055,44.0,3029.99,3007.35,0.5101006934016286,-0.7854778398608576,-0.007471971854692505,0.5214690674514109,-0.05115799624253914
ETH/USDT,2025-12-22 18:25:00+00:00,2025-12-22 19:10:00+00:00,prob_floor,-0.1496173972575047,45.0,3029.99,3006.45,0.5101006934016286,-0.7854778398608576,-0.0077690025379622,0.5219245289294685,-0.05087395433152053
ETH/USDT,2025-12-22 18:25:00+00:00,2025-12-22 19:11:00+00:00,prob_floor,-0.172297473401292,46.0,3029.99,3003.94,0.5101006934016286,-0.7854778398608576,-0.008597388110191728,0.5231962023209518,-0.05008089375952918
ETH/USDT,2025-12-22 18:25:00+00:00,2025-12-22 19:13:00+00:00,prob_floor,-0.1931775436716077,48.0,3029.99,2999.19,0.5101006934016286,-0.7854778398608576,-0.010165050049670055,0.5256085809835322,-0.048576448974556485
ETH/USDT,2025-12-22 18:25:00+00:00,2025-12-22 19:14:00+00:00,prob_floor,-0.1829775093237887,49.0,3029.99,3000.88,0.5101006934016286,-0.7854778398608576,-0.009607292433308268,0.52474940684066,-0.04911226040361494
ETH/USDT,2025-12-22 18:25:00+00:00,2025-12-22 19:15:00+00:00,prob_floor,-0.1749374822770483,50.0,3029.99,2999.99,0.5101006934016286,-0.7854778398608576,-0.009901022775652746,0.5252017506725024,-0.048830162767209195
ETH/USDT,2025-12-22 18:25:00+00:00,2025-12-22 19:16:00+00:00,prob_floor,-0.1882569120000026,51.0,3029.99,3002.94,0.5101006934016286,-0.7854778398608576,-0.008927422202713475,0.02722665121514245,-0.04976456406055396
ETH/USDT,2025-12-22 18:25:00+00:00,2025-12-22 19:17:00+00:00,prob_floor,-0.1697174647297661,52.0,3029.99,3002.22,0.5101006934016286,-0.7854778398608576,-0.009165046749329164,0.027473003310883204,-0.049536676192950435
ETH/USDT,2025-12-22 18:25:00+00:00,2025-12-22 19:19:00+00:00,prob_floor,-0.1424773733259247,54.0,3029.99,3007.63,0.5101006934016286,-0.7854778398608576,-0.007379562308786336,0.025624827522002347,-0.05124633016694213
ETH/USDT,2025-12-22 18:25:00+00:00,2025-12-22 19:27:00+00:00,prob_floor,-0.2543177503754445,62.0,3029.99,2988.19,0.5101006934016286,-0.7854778398608576,-0.013795425067409384,0.032297143086617464,-0.008506821855370661
ETH/USDT,2025-12-22 18:25:00+00:00,2025-12-22 19:28:00+00:00,prob_floor,-0.247657727790753,63.0,3029.99,2990.11,0.5101006934016286,-0.7854778398608576,-0.01316175960976762,0.03163428770179011,-0.009143476326957889
ETH/USDT,2025-12-22 18:25:00+00:00,2025-12-22 19:29:00+00:00,prob_floor,-0.2492177330793526,64.0,3029.99,2989.79,0.5101006934016286,-0.7854778398608576,-0.013267370519374544,0.03174470447757205,-0.009037424033126018
ETH/USDT,2025-12-22 18:25:00+00:00,2025-12-22 19:30:00+00:00,prob_floor,-0.2402177025808247,65.0,3029.99,2991.35,0.5101006934016286,-0.7854778398608576,-0.01275251733504068,0.03120664582880628,-0.009554214652247262
ETH/USDT,2025-12-22 18:25:00+00:00,2025-12-22 19:31:00+00:00,prob_floor,-0.258577764830301,66.0,3029.99,2988.29,0.5101006934016286,-0.7854778398608576,-0.01376242165815722,0.03226259834219558,-0.008540001137774422
ETH/USDT,2025-12-22 18:25:00+00:00,2025-12-22 19:32:00+00:00,prob_floor,-0.2487377314519923,67.0,3029.99,2989.84,0.5101006934016286,-0.7854778398608576,-0.013250868814748462,0.03172745029834356,-0.009053996200465653
ETH/USDT,2025-12-22 18:25:00+00:00,2025-12-22 19:34:00+00:00,prob_floor,-0.2494577338930654,69.0,3029.99,2989.8,0.5101006934016286,-0.7854778398608576,-0.013264070178449328,0.03174125359555813,-0.00904073851093723
ETH/USDT,2025-12-22 18:25:00+00:00,2025-12-22 19:35:00+00:00,prob_floor,-0.2853978559928443,70.0,3029.99,2983.82,0.5101006934016286,-0.7854778398608576,-0.015237674051729377,0.03380900992687219,-0.00705471509675526
ETH/USDT,2025-12-22 18:25:00+00:00,2025-12-22 19:36:00+00:00,prob_floor,-0.2790978345542854,71.0,3029.99,2984.87,0.5101006934016286,-0.7854778398608576,-0.01489113825458166,0.03344534267824062,-0.0074040075447171505
ETH/USDT,2025-12-22 18:25:00+00:00,2025-12-22 19:38:00+00:00,prob_floor,-0.2360776885617702,73.0,3029.99,2992.04,0.5101006934016286,-0.7854778398608576,-0.01252479381120064,0.030968837315009212,-0.009782623226962217
ETH/USDT,2025-12-22 18:25:00+00:00,2025-12-22 19:40:00+00:00,prob_floor,-0.2498777353171165,75.0,3029.99,2989.74,0.5101006934016286,-0.7854778398608576,-0.013283872224000737,0.03176195923391334,-0.009020851311485223
ETH/USDT,2025-12-22 18:25:00+00:00,2025-12-22 19:41:00+00:00,prob_floor,-0.2458577216896567,76.0,3029.99,2990.4,0.5101006934016286,-0.7854778398608576,-0.013066049722936235,0.031534242910647325,-0.009239566613162165
ETH/USDT,2025-12-22 18:25:00+00:00,2025-12-22 19:48:00+00:00,prob_floor,-0.2810778412904912,83.0,3029.99,2984.67,0.5101006934016286,-0.7854778398608576,-0.014957145073085987,0.03351459290306802,-0.007337494597392746
ETH/USDT,2025-12-22 18:25:00+00:00,2025-12-22 19:49:00+00:00,prob_floor,-0.284857854154659,84.0,3029.99,2984.4,0.5101006934016286,-0.7854778398608576,-0.015046254278066828,0.033608095429567,-0.007247687977482986
ETH/USDT,2025-12-22 18:25:00+00:00,2025-12-22 19:50:00+00:00,prob_floor,-0.3155242259782195,85.0,3029.99,2978.85,0.5101006934016286,-0.7854778398608576,-0.016877943491562686,0.0021048391157660884,-0.00539805629689305
ETH/USDT,2025-12-22 18:25:00+00:00,2025-12-22 19:51:00+00:00,prob_floor,-0.3112579441513164,86.0,3029.99,2979.5,0.5101006934016286,-0.7854778398608576,-0.01666342133142351,0.001886222520557146,-0.005615036079879232
ETH/USDT,2025-12-22 18:25:00+00:00,2025-12-22 19:53:00+00:00,prob_floor,-0.2901378721327539,88.0,3029.99,2983.02,0.5101006934016286,-0.7854778398608576,-0.015501701325746908,0.0007039845525675936,-0.006788422471186939
ETH/USDT,2025-12-22 18:25:00+00:00,2025-12-22 19:54:00+00:00,prob_floor,-0.3159379601330138,89.0,3029.99,2979.28,0.5101006934016286,-0.7854778398608576,-0.01673602883177816,0.0012553368599124148,-0.005541607368223289
ETH/USDT,2025-12-22 18:25:00+00:00,2025-12-22 19:55:00+00:00,time_limit,-0.3203169120000012,90.0,3029.99,2977.05,0.5101006934016286,-0.7854778398608576,-0.017472004858101742,0.0011991736786414187,-0.004796694714566452
