symbol,model,policy_id,timeframe,occurred_at,entry_ts,exit_ts,side,gate_pass,decision,skip_reason,risk_block_reason,risk_clip_reasons,executed,entry_prob,exit_prob,entry_threshold,exit_threshold,exit_reason_primary,exit_reason_all,pnl_gross,pnl_net,pnl_notional,probability,spread_entry_bps,spread_exit_bps,intended_notional,entry_price,exit_price,pnl,hold_minutes
SOL/USDT,xgb_primary,conservative,1m,2025-12-21 20:02:00+00:00,2025-12-21 19:55:00+00:00,2025-12-21 20:02:00+00:00,sell,False,pnl_block,pnl_block,,,False,0.587852478,0.6076040863990784,0.48,0.44,gate_close,gate_close,-0.0013999999999997216,-0.0038600235355424643,8.7997,0.6076040863990784,3.181420504255647,0.7955765941370075,,125.71,125.69,-0.0038600235355424643,7.0
BTC/USDT,xgb_primary,conservative,1m,2025-12-21 20:02:00+00:00,2025-12-21 19:56:00+00:00,2025-12-21 20:02:00+00:00,sell,False,pnl_block,pnl_block,,,False,0.587852478,0.565682053565979,0.56,0.45,gate_close,gate_close,-0.007805999999999767,-0.014368113811609748,8.85092,0.565682053565979,4.0287410658935885,5.414047140421539,,88509.2,88431.14,-0.014368113811609748,6.0
ETH/USDT,xgb_primary,primary,1m,2025-12-21 20:03:00+00:00,2025-12-21 19:06:00+00:00,2025-12-21 20:03:00+00:00,sell,False,pnl_block,pnl_block,,,False,0.6076040864,0.5878524780273438,0.48,0.43,gate_close,gate_close,-0.0019200000000009823,-0.005572206314346378,17.961000000000002,0.5878524780273438,4.8113547973218616,0.03340922796358487,,2993.5,2993.18,-0.005572206314346378,57.0
BTC/USDT,xgb_primary,conservative,1m,2025-12-21 20:03:00+00:00,2025-12-21 19:56:00+00:00,2025-12-21 20:03:00+00:00,sell,False,pnl_block,pnl_block,,,False,0.587852478,0.565682053565979,0.56,0.45,gate_close,gate_close,-0.00504100000000035,-0.006812184569814606,8.85092,0.565682053565979,4.059655449466476,0.0011304698429718861,,88509.2,88458.79,-0.006812184569814606,7.0
BTC/USDT,xgb_primary,conservative,1m,2025-12-21 20:08:00+00:00,2025-12-21 19:56:00+00:00,2025-12-21 20:08:00+00:00,sell,False,pnl_block,pnl_block,,,False,0.587852478,0.41829004883766174,0.56,0.45,prob_floor,"prob_floor,trailing_prob_drop",-0.012955999999999768,-0.014727185465891078,8.85092,0.41829004883766174,0.39462924299829194,0.0011314822541730407,,88509.2,88379.64,-0.014727185465891078,12.0
SOL/USDT,xgb_primary,conservative,1m,2025-12-21 20:09:00+00:00,2025-12-21 19:55:00+00:00,2025-12-21 20:09:00+00:00,sell,False,pnl_block,pnl_block,,,False,0.587852478,0.41829004883766174,0.48,0.44,prob_floor,"prob_floor,trailing_prob_drop",-0.006999999999999603,-0.009460469395374718,8.7997,0.41829004883766174,6.367905754994691,0.7960832703104818,,125.71,125.61,-0.009460469395374718,14.0
BTC/USDT,xgb_primary,conservative,1m,2025-12-21 20:09:00+00:00,2025-12-21 19:56:00+00:00,2025-12-21 20:09:00+00:00,sell,False,pnl_block,pnl_block,,,False,0.587852478,0.41829004883766174,0.56,0.45,prob_floor,"prob_floor,trailing_prob_drop",-0.010119000000000234,-0.011890185144524092,8.85092,0.41829004883766174,5.604839576458786,0.0011311191648532349,,88509.2,88408.01,-0.011890185144524092,13.0
SOL/USDT,xgb_primary,conservative,1m,2025-12-21 20:10:00+00:00,2025-12-21 19:55:00+00:00,2025-12-21 20:10:00+00:00,sell,False,pnl_block,pnl_block,,,False,0.587852478,0.4742901027202606,0.48,0.44,trailing_prob_drop,trailing_prob_drop,-0.007699999999999961,-0.010160525167788226,8.7997,0.4742901027202606,3.980257920713036,0.7961466502133765,,125.71,125.6,-0.010160525167788226,15.0
BTC/USDT,xgb_primary,conservative,1m,2025-12-21 20:10:00+00:00,2025-12-21 19:56:00+00:00,2025-12-21 20:10:00+00:00,sell,False,pnl_block,pnl_block,,,False,0.587852478,0.41829004883766174,0.56,0.45,prob_floor,"prob_floor,trailing_prob_drop",-0.01611299999999901,-0.017884185823750728,8.85092,0.41829004883766174,2.532747268360174,0.0011318865741852676,,88509.2,88348.07,-0.017884185823750728,14.0
SOL/USDT,xgb_primary,conservative,1m,2025-12-21 20:11:00+00:00,2025-12-21 19:55:00+00:00,2025-12-21 20:11:00+00:00,sell,False,pnl_block,pnl_block,,,False,0.587852478,0.41829004883766174,0.48,0.44,prob_floor,"prob_floor,trailing_prob_drop",-0.008399999999999325,-0.010860580949081055,8.7997,0.41829004883766174,0.7961149590004869,0.7962100402078829,,125.71,125.59,-0.010860580949081055,16.0
BTC/USDT,xgb_primary,conservative,1m,2025-12-21 20:11:00+00:00,2025-12-21 19:56:00+00:00,2025-12-21 20:11:00+00:00,sell,False,pnl_block,pnl_block,,,False,0.587852478,0.41829004883766174,0.56,0.45,prob_floor,"prob_floor,trailing_prob_drop",-0.018934999999999126,-0.020706186143854024,8.85092,0.41829004883766174,7.01446188029925,0.00113224823509519,,88509.2,88319.85,-0.020706186143854024,15.0
SOL/USDT,xgb_primary,conservative,1m,2025-12-21 20:12:00+00:00,2025-12-21 19:55:00+00:00,2025-12-21 20:12:00+00:00,sell,False,pnl_block,pnl_block,,,False,0.587852478,0.41829004883766174,0.48,0.44,prob_floor,"prob_floor,trailing_prob_drop",-0.010499999999999404,-0.012960748346273605,8.7997,0.41829004883766174,,0.7964002707753678,,125.71,125.56,-0.012960748346273605,17.0
BTC/USDT,xgb_primary,conservative,1m,2025-12-21 20:12:00+00:00,2025-12-21 19:56:00+00:00,2025-12-21 20:12:00+00:00,sell,False,pnl_block,pnl_block,,,False,0.587852478,0.41829004883766174,0.56,0.45,prob_floor,"prob_floor,trailing_prob_drop",-0.018413999999999944,-0.020185186084743185,8.85092,0.41829004883766174,3.1963369503000654,0.0011321814492084694,,88509.2,88325.06,-0.020185186084743185,16.0
BTC/USDT,xgb_primary,conservative,1m,2025-12-21 20:13:00+00:00,2025-12-21 19:56:00+00:00,2025-12-21 20:13:00+00:00,sell,False,pnl_block,pnl_block,,,False,0.587852478,0.41829004883766174,0.56,0.45,prob_floor,"prob_floor,trailing_prob_drop",-0.019688999999999943,-0.021460186229418143,8.85092,0.41829004883766174,2.2881385771906437,0.0011323449067452513,,88509.2,88312.31,-0.021460186229418143,17.0
SOL/USDT,xgb_primary,conservative,1m,2025-12-21 20:13:00+00:00,2025-12-21 19:55:00+00:00,2025-12-21 20:13:00+00:00,sell,False,pnl_block,pnl_block,,,False,0.587852478,0.4742901027202606,0.48,0.44,trailing_prob_drop,trailing_prob_drop,-0.011199999999999762,-0.013660804163115887,8.7997,0.4742901027202606,2.389105678107919,0.7964637011672268,,125.71,125.55,-0.013660804163115887,18.0
SOL/USDT,xgb_primary,conservative,1m,2025-12-21 20:14:00+00:00,2025-12-21 19:55:00+00:00,2025-12-21 20:14:00+00:00,sell,False,pnl_block,pnl_block,,,False,0.587852478,0.41829004883766174,0.48,0.44,prob_floor,"prob_floor,trailing_prob_drop",-0.006299999999999245,-0.008760413631839404,8.7997,0.41829004883766174,,0.7960199004967885,,125.71,125.62,-0.008760413631839404,19.0
BTC/USDT,xgb_primary,conservative,1m,2025-12-21 20:14:00+00:00,2025-12-21 19:56:00+00:00,2025-12-21 20:14:00+00:00,sell,False,pnl_block,pnl_block,,,False,0.587852478,0.41829004883766174,0.56,0.45,prob_floor,"prob_floor,trailing_prob_drop",-0.01809899999999907,-0.019870186049004066,8.85092,0.41829004883766174,1.444872181467036,0.001132141071203727,,88509.2,88328.21,-0.019870186049004066,18.0
SOL/USDT,xgb_primary,conservative,1m,2025-12-21 20:15:00+00:00,2025-12-21 19:55:00+00:00,2025-12-21 20:15:00+00:00,sell,False,pnl_block,pnl_block,,,False,0.587852478,0.4742901027202606,0.48,0.44,trailing_prob_drop,trailing_prob_drop,-0.0041999999999991645,-0.006660246394491385,8.7997,0.4742901027202606,5.572804713001146,0.7958298515770088,,125.71,125.65,-0.006660246394491385,20.0
BTC/USDT,xgb_primary,conservative,1m,2025-12-21 20:15:00+00:00,2025-12-21 19:56:00+00:00,2025-12-21 20:15:00+00:00,sell,False,pnl_block,pnl_block,,,False,0.587852478,0.41829004883766174,0.56,0.45,prob_floor,"prob_floor,trailing_prob_drop",-0.018719000000000235,-0.0204901861193482,8.85092,0.41829004883766174,1.9993211817764414,0.001132220546520958,,88509.2,88322.01,-0.0204901861193482,19.0
ETH/USDT,xgb_primary,primary,1m,2025-12-21 20:16:00+00:00,2025-12-21 19:06:00+00:00,2025-12-21 20:16:00+00:00,sell,False,pnl_block,pnl_block,,,False,0.6076040864,0.4742901027202606,0.48,0.43,trailing_prob_drop,trailing_prob_drop,-0.012479999999999564,-0.016132241618959008,17.961000000000002,0.4742901027202606,,0.03342888422662621,,2993.5,2991.42,-0.016132241618959008,70.0
BTC/USDT,xgb_primary,conservative,1m,2025-12-21 20:16:00+00:00,2025-12-21 19:56:00+00:00,2025-12-21 20:16:00+00:00,sell,False,pnl_block,pnl_block,,,False,0.587852478,0.41829004883766174,0.56,0.45,prob_floor,"prob_floor,trailing_prob_drop",-0.018719000000000235,-0.0204901861193482,8.85092,0.41829004883766174,0.7031089985391414,0.001132220546520958,,88509.2,88322.01,-0.0204901861193482,20.0
SOL/USDT,xgb_primary,conservative,1m,2025-12-21 20:17:00+00:00,2025-12-21 19:55:00+00:00,2025-12-21 20:17:00+00:00,sell,False,pnl_block,pnl_block,,,False,0.587852478,0.4742901027202606,0.48,0.44,trailing_prob_drop,trailing_prob_drop,-0.0041999999999991645,-0.006660246394491385,8.7997,0.4742901027202606,,0.7958298515770088,,125.71,125.65,-0.006660246394491385,22.0
BTC/USDT,xgb_primary,conservative,1m,2025-12-21 20:17:00+00:00,2025-12-21 19:56:00+00:00,2025-12-21 20:17:00+00:00,sell,False,pnl_block,pnl_block,,,False,0.587852478,0.41829004883766174,0.56,0.45,prob_floor,"prob_floor,trailing_prob_drop",-0.01871999999999971,-0.020491186119459673,8.85092,0.41829004883766174,,0.001132220673065711,,88509.2,88322.0,-0.020491186119459673,21.0
SOL/USDT,xgb_primary,conservative,1m,2025-12-21 20:18:00+00:00,2025-12-21 19:55:00+00:00,2025-12-21 20:18:00+00:00,sell,False,pnl_block,pnl_block,,,False,0.587852478,0.4742901027202606,0.48,0.44,trailing_prob_drop,trailing_prob_drop,-0.0041999999999991645,-0.006660246394491385,8.7997,0.4742901027202606,0.7958615200947795,0.7958298515770088,,125.71,125.65,-0.006660246394491385,23.0
BTC/USDT,xgb_primary,conservative,1m,2025-12-21 20:18:00+00:00,2025-12-21 19:56:00+00:00,2025-12-21 20:18:00+00:00,sell,False,pnl_block,pnl_block,,,False,0.587852478,0.41829004883766174,0.56,0.45,prob_floor,"prob_floor,trailing_prob_drop",-0.019687999999999012,-0.021459186229302266,8.85092,0.41829004883766174,0.002264441475971393,0.0011323447768769885,,88509.2,88312.32,-0.021459186229302266,22.0
ETH/USDT,xgb_primary,primary,1m,2025-12-21 20:19:00+00:00,2025-12-21 19:06:00+00:00,2025-12-21 20:19:00+00:00,sell,False,pnl_block,pnl_block,,,False,0.6076040864,0.41829004883766174,0.48,0.43,prob_floor,"prob_floor,trailing_prob_drop",-0.02357999999999902,-0.02723227877373634,17.961000000000002,0.41829004883766174,,0.03344957059034656,,2993.5,2989.57,-0.02723227877373634,73.0
BTC/USDT,xgb_primary,conservative,1m,2025-12-21 20:19:00+00:00,2025-12-21 19:56:00+00:00,2025-12-21 20:19:00+00:00,sell,False,pnl_block,pnl_block,,,False,0.587852478,0.41829004883766174,0.56,0.45,prob_floor,"prob_floor,trailing_prob_drop",-0.021797999999999592,-0.023569186468817456,8.85092,0.41829004883766174,1.097242027244415,0.0011326153867228946,,88509.2,88291.22,-0.023569186468817456,23.0
SOL/USDT,xgb_primary,conservative,1m,2025-12-21 20:20:00+00:00,2025-12-21 19:55:00+00:00,2025-12-21 20:20:00+00:00,sell,False,pnl_block,pnl_block,,,False,0.587852478,0.41829004883766174,0.48,0.44,prob_floor,"prob_floor,trailing_prob_drop",-0.0041999999999991645,-0.006660246394491385,8.7997,0.41829004883766174,,0.7958298515770088,,125.71,125.65,-0.006660246394491385,25.0
BTC/USDT,xgb_primary,conservative,1m,2025-12-21 20:20:00+00:00,2025-12-21 19:56:00+00:00,2025-12-21 20:20:00+00:00,sell,False,pnl_block,pnl_block,,,False,0.587852478,0.41829004883766174,0.56,0.45,prob_floor,"prob_floor,trailing_prob_drop",-0.020913999999999943,-0.02268518636845893,8.85092,0.41829004883766174,2.3909509472232497,0.0011325019986466857,,88509.2,88300.06,-0.02268518636845893,24.0
ETH/USDT,xgb_primary,primary,1m,2025-12-21 20:20:00+00:00,2025-12-21 19:06:00+00:00,2025-12-21 20:20:00+00:00,sell,False,pnl_block,pnl_block,,,False,0.6076040864,0.41829004883766174,0.48,0.43,prob_floor,"prob_floor,trailing_prob_drop",-0.03288000000000011,-0.03653230993884062,17.961000000000002,0.41829004883766174,,0.033466922131569446,,2993.5,2988.02,-0.03653230993884062,74.0
SOL/USDT,xgb_primary,conservative,1m,2025-12-21 20:21:00+00:00,2025-12-21 19:55:00+00:00,2025-12-21 20:21:00+00:00,sell,False,pnl_block,pnl_block,,,False,0.587852478,0.4742901027202606,0.48,0.44,trailing_prob_drop,trailing_prob_drop,-0.008399999999999325,-0.010860580949081055,8.7997,0.4742901027202606,,0.7962100402078829,,125.71,125.59,-0.010860580949081055,26.0
BTC/USDT,xgb_primary,conservative,1m,2025-12-21 20:21:00+00:00,2025-12-21 19:56:00+00:00,2025-12-21 20:21:00+00:00,sell,False,pnl_block,pnl_block,,,False,0.587852478,0.41829004883766174,0.56,0.45,prob_floor,"prob_floor,trailing_prob_drop",-0.022837999999999012,-0.024609186586913596,8.85092,0.41829004883766174,0.001132615450863779,0.0011327488154716848,,88509.2,88280.82,-0.024609186586913596,25.0
ETH/USDT,xgb_primary,primary,1m,2025-12-21 20:22:00+00:00,2025-12-21 19:06:00+00:00,2025-12-21 20:22:00+00:00,sell,False,pnl_block,pnl_block,,,False,0.6076040864,0.41829004883766174,0.48,0.43,prob_floor,"prob_floor,trailing_prob_drop",-0.03330000000000109,-0.03695231134706085,17.961000000000002,0.41829004883766174,,0.03346770617435095,,2993.5,2987.95,-0.03695231134706085,76.0
SOL/USDT,xgb_primary,conservative,1m,2025-12-21 20:22:00+00:00,2025-12-21 19:55:00+00:00,2025-12-21 20:22:00+00:00,sell,False,pnl_block,pnl_block,,,False,0.587852478,0.41829004883766174,0.48,0.44,prob_floor,"prob_floor,trailing_prob_drop",-0.009099999999999683,-0.011560636739260303,8.7997,0.41829004883766174,,0.7962734402998061,,125.71,125.58,-0.011560636739260303,27.0
BTC/USDT,xgb_primary,conservative,1m,2025-12-21 20:22:00+00:00,2025-12-21 19:56:00+00:00,2025-12-21 20:22:00+00:00,sell,False,pnl_block,pnl_block,,,False,0.587852478,0.41829004883766174,0.56,0.45,prob_floor,"prob_floor,trailing_prob_drop",-0.021347000000000116,-0.023118186417614994,8.85092,0.41829004883766174,2.18054134742503,0.0011325575362516917,,88509.2,88295.73,-0.023118186417614994,26.0
SOL/USDT,xgb_primary,conservative,1m,2025-12-21 20:23:00+00:00,2025-12-21 19:55:00+00:00,2025-12-21 20:23:00+00:00,sell,False,pnl_block,pnl_block,,,False,0.587852478,0.41829004883766174,0.48,0.44,prob_floor,"prob_floor,trailing_prob_drop",-0.010499999999999404,-0.012960748346273605,8.7997,0.41829004883766174,1.5926102882621453,0.7964002707753678,,125.71,125.56,-0.012960748346273605,28.0
ETH/USDT,xgb_primary,primary,1m,2025-12-21 20:23:00+00:00,2025-12-21 19:06:00+00:00,2025-12-21 20:23:00+00:00,sell,False,pnl_block,pnl_block,,,False,0.6076040864,0.41829004883766174,0.48,0.43,prob_floor,"prob_floor,trailing_prob_drop",-0.028800000000001092,-0.032452296262430444,17.961000000000002,0.41829004883766174,0.8029656196895082,0.03345930762727763,,2993.5,2988.7,-0.032452296262430444,77.0
BTC/USDT,xgb_primary,conservative,1m,2025-12-21 20:23:00+00:00,2025-12-21 19:56:00+00:00,2025-12-21 20:23:00+00:00,sell,False,pnl_block,pnl_block,,,False,0.587852478,0.41829004883766174,0.56,0.45,prob_floor,"prob_floor,trailing_prob_drop",-0.020142999999999304,-0.021914186280941765,8.85092,0.41829004883766174,0.0011327488796276824,0.0011324031201965297,,88509.2,88307.77,-0.021914186280941765,27.0
BTC/USDT,xgb_primary,conservative,1m,2025-12-21 20:24:00+00:00,2025-12-21 19:56:00+00:00,2025-12-21 20:24:00+00:00,sell,False,pnl_block,pnl_block,,,False,0.587852478,0.4742901027202606,0.56,0.45,trailing_prob_drop,trailing_prob_drop,-0.020142999999999304,-0.021914186280941765,8.85092,0.4742901027202606,1.363413434626828,0.0011324031201965297,,88509.2,88307.77,-0.021914186280941765,28.0
ETH/USDT,xgb_primary,primary,1m,2025-12-21 20:25:00+00:00,2025-12-21 19:06:00+00:00,2025-12-21 20:25:00+00:00,sell,False,pnl_block,pnl_block,,,False,0.6076040864,0.41829004883766174,0.48,0.43,prob_floor,"prob_floor,trailing_prob_drop",-0.03126000000000022,-0.034912304507755954,17.961000000000002,0.41829004883766174,,0.03346389831063626,,2993.5,2988.29,-0.034912304507755954,79.0
BTC/USDT,xgb_primary,conservative,1m,2025-12-21 20:25:00+00:00,2025-12-21 19:56:00+00:00,2025-12-21 20:25:00+00:00,sell,False,pnl_block,pnl_block,,,False,0.587852478,0.41829004883766174,0.56,0.45,prob_floor,"prob_floor,trailing_prob_drop",-0.018819000000000235,-0.020590186130694525,8.85092,0.41829004883766174,0.0011324031843133748,0.0011322333658997494,,88509.2,88321.01,-0.020590186130694525,29.0
SOL/USDT,xgb_primary,conservative,1m,2025-12-21 20:26:00+00:00,2025-12-21 19:55:00+00:00,2025-12-21 20:26:00+00:00,sell,False,pnl_block,pnl_block,,,False,0.587852478,0.41829004883766174,0.48,0.44,prob_floor,"prob_floor,trailing_prob_drop",-0.013299999999999841,-0.015760971666998806,8.7997,0.41829004883766174,5.576356249502699,0.796654052977902,,125.71,125.52,-0.015760971666998806,31.0
ETH/USDT,xgb_primary,primary,1m,2025-12-21 20:26:00+00:00,2025-12-21 19:06:00+00:00,2025-12-21 20:26:00+00:00,sell,False,pnl_block,pnl_block,,,False,0.6076040864,0.41829004883766174,0.48,0.43,prob_floor,"prob_floor,trailing_prob_drop",-0.02411999999999989,-0.02777228058243993,17.961000000000002,0.41829004883766174,,0.03345057760705785,,2993.5,2989.48,-0.02777228058243993,80.0
BTC/USDT,xgb_primary,conservative,1m,2025-12-21 20:27:00+00:00,2025-12-21 19:56:00+00:00,2025-12-21 20:27:00+00:00,sell,False,pnl_block,pnl_block,,,False,0.587852478,0.4742901027202606,0.56,0.45,trailing_prob_drop,trailing_prob_drop,-0.021022999999999594,-0.022794186380830785,8.85092,0.4742901027202606,3.3126094222843143,0.0011325159770836876,,88509.2,88298.97,-0.022794186380830785,31.0
ETH/USDT,xgb_primary,primary,1m,2025-12-21 20:27:00+00:00,2025-12-21 19:06:00+00:00,2025-12-21 20:27:00+00:00,sell,False,pnl_block,pnl_block,,,False,0.6076040864,0.4742901027202606,0.48,0.43,trailing_prob_drop,trailing_prob_drop,-0.02369999999999891,-0.027352279175660757,17.961000000000002,0.4742901027202606,,0.03344979436659814,,2993.5,2989.55,-0.027352279175660757,81.0
SOL/USDT,xgb_primary,conservative,1m,2025-12-21 20:27:00+00:00,2025-12-21 19:55:00+00:00,2025-12-21 20:27:00+00:00,sell,False,pnl_block,pnl_block,,,False,0.587852478,0.4742901027202606,0.48,0.44,trailing_prob_drop,trailing_prob_drop,-0.013299999999999841,-0.015760971666998806,8.7997,0.4742901027202606,3.9831116067869954,0.796654052977902,,125.71,125.52,-0.015760971666998806,32.0
ETH/USDT,xgb_primary,primary,1m,2025-12-21 20:28:00+00:00,2025-12-21 19:06:00+00:00,2025-12-21 20:28:00+00:00,sell,False,pnl_block,pnl_block,,,False,0.6076040864,0.41829004883766174,0.48,0.43,prob_floor,"prob_floor,trailing_prob_drop",-0.02369999999999891,-0.027352279175660757,17.961000000000002,0.41829004883766174,,0.03344979436659814,,2993.5,2989.55,-0.027352279175660757,82.0
ETH/USDT,xgb_primary,primary,1m,2025-12-21 20:29:00+00:00,2025-12-21 19:06:00+00:00,2025-12-21 20:29:00+00:00,sell,False,pnl_block,pnl_block,,,False,0.6076040864,0.4742901027202606,0.48,0.43,trailing_prob_drop,trailing_prob_drop,-0.02393999999999869,-0.027592279979525722,17.961000000000002,0.4742901027202606,,0.033450241928083754,,2993.5,2989.51,-0.027592279979525722,83.0
SOL/USDT,xgb_primary,conservative,1m,2025-12-21 20:30:00+00:00,2025-12-21 19:55:00+00:00,2025-12-21 20:30:00+00:00,sell,False,pnl_block,pnl_block,,,False,0.587852478,0.4742901027202606,0.48,0.44,trailing_prob_drop,trailing_prob_drop,-0.010499999999999404,-0.012960748346273605,8.7997,0.4742901027202606,,0.7964002707753678,,125.71,125.56,-0.012960748346273605,35.0
BTC/USDT,xgb_primary,conservative,1m,2025-12-21 20:30:00+00:00,2025-12-21 19:56:00+00:00,2025-12-21 20:30:00+00:00,sell,False,pnl_block,pnl_block,,,False,0.587852478,0.4742901027202606,0.56,0.45,trailing_prob_drop,trailing_prob_drop,-0.02285399999999936,-0.024625186588731033,8.85092,0.4742901027202606,,0.001132750868467213,,88509.2,88280.66,-0.024625186588731033,34.0
ETH/USDT,xgb_primary,primary,1m,2025-12-21 20:31:00+00:00,2025-12-21 19:06:00+00:00,2025-12-21 20:31:00+00:00,sell,False,pnl_block,pnl_block,,,False,0.6076040864,0.4742901027202606,0.48,0.43,trailing_prob_drop,trailing_prob_drop,-0.01811999999999989,-0.021772260491858486,17.961000000000002,0.4742901027202606,,0.033439391937306266,,2993.5,2990.48,-0.021772260491858486,85.0
SOL/USDT,xgb_primary,conservative,1m,2025-12-21 20:31:00+00:00,2025-12-21 19:55:00+00:00,2025-12-21 20:31:00+00:00,sell,False,pnl_block,pnl_block,,,False,0.587852478,0.41829004883766174,0.48,0.44,prob_floor,"prob_floor,trailing_prob_drop",-0.009800000000000041,-0.012260692538324111,8.7997,0.41829004883766174,,0.7963368504881638,,125.71,125.57,-0.012260692538324111,36.0
BTC/USDT,xgb_primary,conservative,1m,2025-12-21 20:31:00+00:00,2025-12-21 19:56:00+00:00,2025-12-21 20:31:00+00:00,sell,False,pnl_block,pnl_block,,,False,0.587852478,0.4742901027202606,0.56,0.45,trailing_prob_drop,trailing_prob_drop,-0.02307899999999936,-0.024850186614284557,8.85092,0.4742901027202606,0.0011327509326234432,0.0011327797395049865,,88509.2,88278.41,-0.024850186614284557,35.0
SOL/USDT,xgb_primary,conservative,1m,2025-12-21 20:32:00+00:00,2025-12-21 19:55:00+00:00,2025-12-21 20:32:00+00:00,sell,False,pnl_block,pnl_block,,,False,0.587852478,0.41829004883766174,0.48,0.44,prob_floor,"prob_floor,trailing_prob_drop",-0.007699999999999961,-0.010160525167788226,8.7997,0.41829004883766174,,0.7961466502133765,,125.71,125.6,-0.010160525167788226,37.0
BTC/USDT,xgb_primary,conservative,1m,2025-12-21 20:32:00+00:00,2025-12-21 19:56:00+00:00,2025-12-21 20:32:00+00:00,sell,False,pnl_block,pnl_block,,,False,0.587852478,0.4742901027202606,0.56,0.45,trailing_prob_drop,trailing_prob_drop,-0.020480000000000293,-0.022251186319194705,8.85092,0.4742901027202606,0.2560082067616028,0.0011324463382447597,,88509.2,88304.4,-0.022251186319194705,36.0
SOL/USDT,xgb_primary,conservative,1m,2025-12-21 20:33:00+00:00,2025-12-21 19:55:00+00:00,2025-12-21 20:33:00+00:00,sell,False,pnl_block,pnl_block,,,False,0.587852478,0.4742901027202606,0.48,0.44,trailing_prob_drop,trailing_prob_drop,-0.008399999999999325,-0.010860580949081055,8.7997,0.4742901027202606,1.5923566878977724,0.7962100402078829,,125.71,125.59,-0.010860580949081055,38.0
BTC/USDT,xgb_primary,conservative,1m,2025-12-21 20:33:00+00:00,2025-12-21 19:56:00+00:00,2025-12-21 20:33:00+00:00,sell,False,pnl_block,pnl_block,,,False,0.587852478,0.4742901027202606,0.56,0.45,trailing_prob_drop,trailing_prob_drop,-0.022263999999999944,-0.02403518652173224,8.85092,0.4742901027202606,2.9443603099777236,0.0011326751708273196,,88509.2,88286.56,-0.02403518652173224,37.0
SOL/USDT,xgb_primary,conservative,1m,2025-12-21 20:34:00+00:00,2025-12-21 19:55:00+00:00,2025-12-21 20:34:00+00:00,sell,False,pnl_block,pnl_block,,,False,0.587852478,0.4742901027202606,0.48,0.44,trailing_prob_drop,trailing_prob_drop,-0.008399999999999325,-0.010860580949081055,8.7997,0.4742901027202606,,0.7962100402078829,,125.71,125.59,-0.010860580949081055,39.0
SOL/USDT,xgb_primary,conservative,1m,2025-12-21 20:36:00+00:00,2025-12-21 19:55:00+00:00,2025-12-21 20:36:00+00:00,sell,False,pnl_block,pnl_block,,,False,0.587852478,0.4742901027202606,0.48,0.44,trailing_prob_drop,trailing_prob_drop,-0.006999999999999603,-0.009460469395374718,8.7997,0.4742901027202606,0.7962417389912338,0.7960832703104818,,125.71,125.61,-0.009460469395374718,41.0
ETH/USDT,xgb_primary,primary,1m,2025-12-21 20:36:00+00:00,2025-12-21 19:06:00+00:00,2025-12-21 20:36:00+00:00,sell,True,dry_run,dry_run,,,True,0.6076040864,0.5878524780273438,0.48,0.43,time_limit,time_exit,-0.006780000000000655,-0.010372200000000656,17.961000000000002,0.5878524780273438,0.03341827144063922,0.03341827144063922,17.95422,2993.5,2992.37,-0.010372200000000656,90.0
ETH/USDT,xgb_primary,primary,1m,2025-12-21 20:38:00+00:00,,2025-12-21 20:38:00+00:00,buy,True,cooldown_after_loss,cooldown_after_loss,cooldown_after_loss,,False,0.5878524780273438,0.5878524780273438,,0.48,cooldown_after_loss,,,,,0.5878524780273438,,,20.0,,2992.97,0.0,
SOL/USDT,xgb_primary,conservative,1m,2025-12-21 20:38:00+00:00,2025-12-21 19:55:00+00:00,2025-12-21 20:38:00+00:00,sell,False,pnl_block,pnl_block,,,False,0.587852478,0.565682053565979,0.48,0.44,gate_close,gate_close,-0.002799999999999443,-0.005260134947284464,8.7997,0.565682053565979,2.3877745940784094,0.7957032027057979,,125.71,125.67,-0.005260134947284464,43.0
ETH/USDT,xgb_primary,primary,1m,2025-12-21 20:40:00+00:00,,2025-12-21 20:40:00+00:00,buy,True,cooldown_after_loss,cooldown_after_loss,cooldown_after_loss,,False,0.565682053565979,0.565682053565979,,0.48,cooldown_after_loss,,,,,0.565682053565979,,,20.0,,2992.57,0.0,
SOL/USDT,xgb_primary,conservative,1m,2025-12-21 20:40:00+00:00,2025-12-21 19:55:00+00:00,2025-12-21 20:40:00+00:00,sell,False,dry_run,dry_run,,,True,0.587852478,0.6076040863990784,0.48,0.44,gate_close,gate_close,0.0035000000000007963,0.0017400600000007963,8.7997,0.6076040863990784,2.3866348448688255,0.7951337812579736,8.8032,125.71,125.76,0.0017400600000007963,45.0
ETH/USDT,xgb_primary,primary,1m,2025-12-21 20:41:00+00:00,,2025-12-21 20:41:00+00:00,buy,True,dry_run,dry_run,,exchange_qty_step,True,0.565682053565979,0.565682053565979,,0.48,dry_run,,,,,0.565682053565979,0.03341603802666109,,17.95548,,2992.58,0.0,
SOL/USDT,xgb_primary,conservative,1m,2025-12-21 20:42:00+00:00,,2025-12-21 20:42:00+00:00,buy,True,dry_run,dry_run,,exchange_qty_step,True,0.6076040863990784,0.6076040863990784,,0.48,dry_run,,,,,0.6076040863990784,0.7951337812579736,,8.8039,,125.77,0.0,
SOL/USDT,xgb_primary,conservative,1m,2025-12-21 20:46:00+00:00,2025-12-21 20:42:00+00:00,2025-12-21 20:46:00+00:00,sell,False,min_hold,min_hold,,,False,0.6076040864,0.565682053565979,0.48,0.44,gate_close,gate_close,-0.010499999999999404,-0.012961587960197772,8.8039,0.565682053565979,7.160474182511671,0.7960199004967885,,125.77,125.62,-0.012961587960197772,4.0
SOL/USDT,xgb_primary,conservative,1m,2025-12-21 20:47:00+00:00,2025-12-21 20:42:00+00:00,2025-12-21 20:47:00+00:00,sell,False,pnl_block,pnl_block,,,False,0.6076040864,0.565682053565979,0.48,0.44,gate_close,gate_close,-0.010499999999999404,-0.012961587960197772,8.8039,0.565682053565979,3.18369945877159,0.7960199004967885,,125.77,125.62,-0.012961587960197772,5.0
ETH/USDT,xgb_primary,primary,1m,2025-12-21 20:49:00+00:00,2025-12-21 20:41:00+00:00,2025-12-21 20:49:00+00:00,sell,False,pnl_block,pnl_block,,,False,0.5656820536,0.41829004883766174,0.48,0.43,prob_floor,"prob_floor,trailing_prob_drop",-0.010859999999999672,-0.014511132211350884,17.95548,0.41829004883766174,,0.03343614949375422,,2992.58,2990.77,-0.014511132211350884,8.0
BTC/USDT,xgb_primary,conservative,1m,2025-12-21 20:50:00+00:00,2025-12-21 19:56:00+00:00,2025-12-21 20:50:00+00:00,sell,False,pnl_block,pnl_block,,,False,0.587852478,0.41829004883766174,0.56,0.45,prob_floor,"prob_floor,trailing_prob_drop",-0.025647999999999595,-0.02741918690614163,8.85092,0.41829004883766174,3.79568259799631,0.001133109486960466,,88509.2,88252.72,-0.02741918690614163,54.0
BTC/USDT,xgb_primary,conservative,1m,2025-12-21 20:51:00+00:00,2025-12-21 19:56:00+00:00,2025-12-21 20:51:00+00:00,sell,False,pnl_block,pnl_block,,,False,0.587852478,0.41829004883766174,0.56,0.45,prob_floor,"prob_floor,trailing_prob_drop",-0.025919000000000234,-0.02769018693694118,8.85092,0.41829004883766174,0.6164115263065889,0.001133144284373575,,88509.2,88250.01,-0.02769018693694118,55.0
ETH/USDT,xgb_primary,primary,1m,2025-12-21 20:52:00+00:00,2025-12-21 20:41:00+00:00,2025-12-21 20:52:00+00:00,sell,False,pnl_block,pnl_block,,,False,0.5656820536,0.41829004883766174,0.48,0.43,prob_floor,"prob_floor,trailing_prob_drop",-0.027540000000000873,-0.03119118806842934,17.95548,0.41829004883766174,,0.03346725814540613,,2992.58,2987.99,-0.03119118806842934,11.0
BTC/USDT,xgb_primary,conservative,1m,2025-12-21 20:52:00+00:00,2025-12-21 19:56:00+00:00,2025-12-21 20:52:00+00:00,sell,False,pnl_block,pnl_block,,,False,0.587852478,0.41829004883766174,0.56,0.45,prob_floor,"prob_floor,trailing_prob_drop",-0.025919000000000234,-0.02769018693694118,8.85092,0.41829004883766174,0.3070820833799075,0.001133144284373575,,88509.2,88250.01,-0.02769018693694118,56.0
BTC/USDT,xgb_primary,conservative,1m,2025-12-21 20:53:00+00:00,2025-12-21 19:56:00+00:00,2025-12-21 20:53:00+00:00,sell,False,pnl_block,pnl_block,,,False,0.587852478,0.41829004883766174,0.56,0.45,prob_floor,"prob_floor,trailing_prob_drop",-0.02763899999999994,-0.02941018713245222,8.85092,0.41829004883766174,0.0011331442201727802,0.001133365178172455,,88509.2,88232.81,-0.02941018713245222,57.0
SOL/USDT,xgb_primary,conservative,1m,2025-12-21 20:53:00+00:00,2025-12-21 20:42:00+00:00,2025-12-21 20:53:00+00:00,sell,False,pnl_block,pnl_block,,,False,0.6076040864,0.41829004883766174,0.48,0.44,prob_floor,"prob_floor,trailing_prob_drop",-0.024499999999999605,-0.026962705453458205,8.8039,0.41829004883766174,,0.7972892166637524,,125.77,125.42,-0.026962705453458205,11.0
ETH/USDT,xgb_primary,primary,1m,2025-12-21 20:53:00+00:00,2025-12-21 20:41:00+00:00,2025-12-21 20:53:00+00:00,sell,False,pnl_block,pnl_block,,,False,0.5656820536,0.41829004883766174,0.48,0.43,prob_floor,"prob_floor,trailing_prob_drop",-0.026459999999999127,-0.03011118444863274,17.95548,0.41829004883766174,,0.03346524216206725,,2992.58,2988.17,-0.03011118444863274,12.0
ETH/USDT,xgb_primary,primary,1m,2025-12-21 20:54:00+00:00,2025-12-21 20:41:00+00:00,2025-12-21 20:54:00+00:00,sell,False,pnl_block,pnl_block,,,False,0.5656820536,0.41829004883766174,0.48,0.43,prob_floor,"prob_floor,trailing_prob_drop",-0.03407999999999902,-0.03785143738902262,17.95548,0.41829004883766174,,0.10043807741346955,,2992.58,2986.9,-0.03785143738902262,13.0
SOL/USDT,xgb_primary,conservative,1m,2025-12-21 20:54:00+00:00,2025-12-21 20:42:00+00:00,2025-12-21 20:54:00+00:00,sell,False,pnl_block,pnl_block,,,False,0.6076040864,0.41829004883766174,0.48,0.44,prob_floor,"prob_floor,trailing_prob_drop",-0.027300000000000043,-0.02976292937991028,8.8039,0.41829004883766174,10.364346647532125,0.7975435658176908,,125.77,125.38,-0.02976292937991028,12.0
BTC/USDT,xgb_primary,conservative,1m,2025-12-21 20:54:00+00:00,2025-12-21 19:56:00+00:00,2025-12-21 20:54:00+00:00,sell,False,pnl_block,pnl_block,,,False,0.587852478,0.4742901027202606,0.56,0.45,trailing_prob_drop,trailing_prob_drop,-0.02655,-0.02832118700865747,8.85092,0.4742901027202606,1.94938799417236,0.001133225311574715,,88509.2,88243.7,-0.02832118700865747,58.0
ETH/USDT,xgb_primary,primary,1m,2025-12-21 20:55:00+00:00,2025-12-21 20:41:00+00:00,2025-12-21 20:55:00+00:00,sell,False,pnl_block,pnl_block,,,False,0.5656820536,0.41829004883766174,0.48,0.43,prob_floor,"prob_floor,trailing_prob_drop",-0.029160000000000765,-0.032811193498935215,17.95548,0.41829004883766174,,0.033470282573591206,,2992.58,2987.72,-0.032811193498935215,14.0
SOL/USDT,xgb_primary,conservative,1m,2025-12-21 20:55:00+00:00,2025-12-21 20:42:00+00:00,2025-12-21 20:55:00+00:00,sell,False,pnl_block,pnl_block,,,False,0.6076040864,0.41829004883766174,0.48,0.44,prob_floor,"prob_floor,trailing_prob_drop",-0.026599999999999683,-0.029062873384903747,8.8039,0.41829004883766174,3.189792663477373,0.7974799633163296,,125.77,125.39,-0.029062873384903747,13.0
BTC/USDT,xgb_primary,conservative,1m,2025-12-21 20:55:00+00:00,2025-12-21 19:56:00+00:00,2025-12-21 20:55:00+00:00,sell,False,pnl_block,pnl_block,,,False,0.587852478,0.4742901027202606,0.56,0.45,trailing_prob_drop,trailing_prob_drop,-0.02566600000000035,-0.027437186908189373,8.85092,0.4742901027202606,1.2352155184781703,0.0011331117997008728,,88509.2,88252.54,-0.027437186908189373,59.0
ETH/USDT,xgb_primary,primary,1m,2025-12-21 20:56:00+00:00,2025-12-21 20:41:00+00:00,2025-12-21 20:56:00+00:00,sell,False,pnl_block,pnl_block,,,False,0.5656820536,0.41829004883766174,0.48,0.43,prob_floor,"prob_floor,trailing_prob_drop",-0.0285,-0.03215119128638761,17.95548,0.41829004883766174,,0.0334690503331619,,2992.58,2987.83,-0.03215119128638761,15.0
SOL/USDT,xgb_primary,conservative,1m,2025-12-21 20:56:00+00:00,2025-12-21 20:42:00+00:00,2025-12-21 20:56:00+00:00,sell,False,pnl_block,pnl_block,,,False,0.6076040864,0.41829004883766174,0.48,0.44,prob_floor,"prob_floor,trailing_prob_drop",-0.028699999999999764,-0.031163041396721696,8.8039,0.41829004883766174,0.7974481658696264,0.797670801260728,,125.77,125.36,-0.031163041396721696,14.0
BTC/USDT,xgb_primary,conservative,1m,2025-12-21 20:56:00+00:00,2025-12-21 19:56:00+00:00,2025-12-21 20:56:00+00:00,sell,False,pnl_block,pnl_block,,,False,0.587852478,0.4742901027202606,0.56,0.45,trailing_prob_drop,trailing_prob_drop,-0.027844000000000233,-0.02961518715575982,8.85092,0.4742901027202606,1.0028038849875522,0.0011333915113751112,,88509.2,88230.76,-0.02961518715575982,60.0
ETH/USDT,xgb_primary,primary,1m,2025-12-21 20:57:00+00:00,2025-12-21 20:41:00+00:00,2025-12-21 20:57:00+00:00,sell,False,pnl_block,pnl_block,,,False,0.5656820536,0.41829004883766174,0.48,0.43,prob_floor,"prob_floor,trailing_prob_drop",-0.039299999999998364,-0.04307148993243924,17.95548,0.41829004883766174,,0.10046734057840837,,2992.58,2986.03,-0.04307148993243924,16.0
SOL/USDT,xgb_primary,conservative,1m,2025-12-21 20:57:00+00:00,2025-12-21 20:42:00+00:00,2025-12-21 20:57:00+00:00,sell,False,pnl_block,pnl_block,,,False,0.6076040864,0.41829004883766174,0.48,0.44,prob_floor,"prob_floor,trailing_prob_drop",-0.030799999999999845,-0.03326320948896977,8.8039,0.41829004883766174,,0.7978617305625016,,125.77,125.33,-0.03326320948896977,15.0
BTC/USDT,xgb_primary,conservative,1m,2025-12-21 20:57:00+00:00,2025-12-21 19:56:00+00:00,2025-12-21 20:57:00+00:00,sell,False,pnl_block,pnl_block,,,False,0.587852478,0.41829004883766174,0.56,0.45,prob_floor,"prob_floor,trailing_prob_drop",-0.02782399999999907,-0.029595187153483266,8.85092,0.41829004883766174,2.469659961032659,0.0011333889405790033,,88509.2,88230.96,-0.029595187153483266,61.0
BTC/USDT,xgb_primary,conservative,1m,2025-12-21 20:58:00+00:00,2025-12-21 19:56:00+00:00,2025-12-21 20:58:00+00:00,sell,False,pnl_block,pnl_block,,,False,0.587852478,0.41829004883766174,0.56,0.45,prob_floor,"prob_floor,trailing_prob_drop",-0.02782399999999907,-0.029595187153483266,8.85092,0.41829004883766174,0.02266777753855473,0.0011333889405790033,,88509.2,88230.96,-0.029595187153483266,62.0
SOL/USDT,xgb_primary,conservative,1m,2025-12-21 20:58:00+00:00,2025-12-21 20:42:00+00:00,2025-12-21 20:58:00+00:00,sell,False,pnl_block,pnl_block,,,False,0.6076040864,0.37037035822868347,0.48,0.44,prob_floor,"prob_floor,trailing_prob_drop",-0.02940000000000012,-0.03186309741853185,8.8039,0.37037035822868347,,0.7977344342072608,,125.77,125.35,-0.03186309741853185,16.0
ETH/USDT,xgb_primary,primary,1m,2025-12-21 20:58:00+00:00,2025-12-21 20:41:00+00:00,2025-12-21 20:58:00+00:00,sell,False,pnl_block,pnl_block,,,False,0.5656820536,0.41829004883766174,0.48,0.43,prob_floor,"prob_floor,trailing_prob_drop",-0.034559999999998585,-0.03821121160770769,17.95548,0.41829004883766174,1.9419946293801262,0.03348036794845206,,2992.58,2986.82,-0.03821121160770769,17.0
SOL/USDT,xgb_primary,conservative,1m,2025-12-21 20:59:00+00:00,2025-12-21 20:42:00+00:00,2025-12-21 20:59:00+00:00,sell,False,pnl_block,pnl_block,,,False,0.6076040864,0.3245033025741577,0.48,0.44,prob_floor,"prob_floor,trailing_prob_drop",-0.03359999999999929,-0.03606343373717891,8.8039,0.3245033025741577,,0.7981164451886271,,125.77,125.29,-0.03606343373717891,17.0
ETH/USDT,xgb_primary,primary,1m,2025-12-21 20:59:00+00:00,2025-12-21 20:41:00+00:00,2025-12-21 20:59:00+00:00,sell,False,pnl_block,pnl_block,,,False,0.5656820536,0.41829004883766174,0.48,0.43,prob_floor,"prob_floor,trailing_prob_drop",-0.03119999999999891,-0.03485120033874191,17.95548,0.41829004883766174,1.2052952638596477,0.03347409188893809,,2992.58,2987.38,-0.03485120033874191,18.0
BTC/USDT,xgb_primary,conservative,1m,2025-12-21 20:59:00+00:00,2025-12-21 19:56:00+00:00,2025-12-21 20:59:00+00:00,sell,False,pnl_block,pnl_block,,,False,0.587852478,0.41829004883766174,0.56,0.45,prob_floor,"prob_floor,trailing_prob_drop",-0.02782399999999907,-0.029595187153483266,8.85092,0.41829004883766174,0.0011333888763504821,0.0011333889405790033,,88509.2,88230.96,-0.029595187153483266,63.0
SOL/USDT,xgb_primary,conservative,1m,2025-12-21 21:00:00+00:00,2025-12-21 20:42:00+00:00,2025-12-21 21:00:00+00:00,sell,False,pnl_block,pnl_block,,,False,0.6076040864,0.3245033025741577,0.48,0.44,prob_floor,"prob_floor,trailing_prob_drop",-0.04409999999999969,-0.04656427594470419,8.8039,0.3245033025741577,4.788507581803853,0.7990730752331389,,125.77,125.14,-0.04656427594470419,18.0
BTC/USDT,xgb_primary,conservative,1m,2025-12-21 21:00:00+00:00,2025-12-21 19:56:00+00:00,2025-12-21 21:00:00+00:00,sell,False,pnl_block,pnl_block,,,False,0.587852478,0.41829004883766174,0.56,0.45,prob_floor,"prob_floor,trailing_prob_drop",-0.03082599999999948,-0.032597187494916156,8.85092,0.41829004883766174,0.0011333888763504821,0.0011337746998925362,,88509.2,88200.94,-0.032597187494916156,64.0
ETH/USDT,xgb_primary,primary,1m,2025-12-21 21:01:00+00:00,2025-12-21 20:41:00+00:00,2025-12-21 21:01:00+00:00,sell,False,pnl_block,pnl_block,,,False,0.5656820536,0.41829004883766174,0.48,0.43,prob_floor,"prob_floor,trailing_prob_drop",-0.03923999999999978,-0.04289122731081523,17.95548,0.41829004883766174,,0.03348911352715139,,2992.58,2986.04,-0.04289122731081523,20.0
SOL/USDT,xgb_primary,conservative,1m,2025-12-21 21:01:00+00:00,2025-12-21 20:42:00+00:00,2025-12-21 21:01:00+00:00,sell,False,pnl_block,pnl_block,,,False,0.6076040864,0.33873653411865234,0.48,0.44,prob_floor,"prob_floor,trailing_prob_drop",-0.049699999999999564,-0.05216472594810591,8.8039,0.33873653411865234,11.987532965716111,0.7995842162068448,,125.77,125.06,-0.05216472594810591,19.0
BTC/USDT,xgb_primary,conservative,1m,2025-12-21 21:01:00+00:00,2025-12-21 19:56:00+00:00,2025-12-21 21:01:00+00:00,sell,False,pnl_block,pnl_block,,,False,0.587852478,0.41829004883766174,0.56,0.45,prob_floor,"prob_floor,trailing_prob_drop",-0.031708999999999654,-0.03348018759538858,8.85092,0.41829004883766174,3.567458069327799,0.0011338882160566522,,88509.2,88192.11,-0.03348018759538858,65.0
BTC/USDT,xgb_primary,conservative,1m,2025-12-21 21:02:00+00:00,2025-12-21 19:56:00+00:00,2025-12-21 21:02:00+00:00,sell,False,pnl_block,pnl_block,,,False,0.587852478,0.41829004883766174,0.56,0.45,prob_floor,"prob_floor,trailing_prob_drop",-0.031252999999999885,-0.03302418754350029,8.85092,0.41829004883766174,0.0011337747641647934,0.00113382959105446,,88509.2,88196.67,-0.03302418754350029,66.0
ETH/USDT,xgb_primary,primary,1m,2025-12-21 21:02:00+00:00,2025-12-21 20:41:00+00:00,2025-12-21 21:02:00+00:00,sell,False,pnl_block,pnl_block,,,False,0.5656820536,0.41829004883766174,0.48,0.43,prob_floor,"prob_floor,trailing_prob_drop",-0.042239999999999785,-0.04589123738122295,17.95548,0.41829004883766174,,0.03349472206990107,,2992.58,2985.54,-0.04589123738122295,21.0
SOL/USDT,xgb_primary,conservative,1m,2025-12-21 21:02:00+00:00,2025-12-21 20:42:00+00:00,2025-12-21 21:02:00+00:00,sell,False,pnl_block,pnl_block,,,False,0.6076040864,0.3245033025741577,0.48,0.44,prob_floor,"prob_floor,trailing_prob_drop",-0.04690000000000012,-0.04936450087446593,8.8039,0.3245033025741577,,0.7993285640066438,,125.77,125.1,-0.04936450087446593,20.0
BTC/USDT,xgb_primary,conservative,1m,2025-12-21 21:03:00+00:00,2025-12-21 19:56:00+00:00,2025-12-21 21:03:00+00:00,sell,False,pnl_block,pnl_block,,,False,0.587852478,0.41829004883766174,0.56,0.45,prob_floor,"prob_floor,trailing_prob_drop",-0.026941999999999827,-0.028713187053213903,8.85092,0.41829004883766174,0.5181600940072159,0.001133275652786474,,88509.2,88239.78,-0.028713187053213903,67.0
SOL/USDT,xgb_primary,conservative,1m,2025-12-21 21:03:00+00:00,2025-12-21 20:42:00+00:00,2025-12-21 21:03:00+00:00,sell,False,pnl_block,pnl_block,,,False,0.6076040864,0.3245033025741577,0.48,0.44,prob_floor,"prob_floor,trailing_prob_drop",-0.04199999999999961,-0.04446410734172156,8.8039,0.3245033025741577,3.9964830948762815,0.7988815658082776,,125.77,125.17,-0.04446410734172156,21.0
ETH/USDT,xgb_primary,primary,1m,2025-12-21 21:03:00+00:00,2025-12-21 20:41:00+00:00,2025-12-21 21:03:00+00:00,sell,False,pnl_block,pnl_block,,,False,0.5656820536,0.41829004883766174,0.48,0.43,prob_floor,"prob_floor,trailing_prob_drop",-0.04157999999999902,-0.04523123516544036,17.95548,0.41829004883766174,,0.03349348802779803,,2992.58,2985.65,-0.04523123516544036,22.0
ETH/USDT,xgb_primary,primary,1m,2025-12-21 21:04:00+00:00,2025-12-21 20:41:00+00:00,2025-12-21 21:04:00+00:00,sell,False,pnl_block,pnl_block,,,False,0.5656820536,0.41829004883766174,0.48,0.43,prob_floor,"prob_floor,trailing_prob_drop",-0.03743999999999869,-0.041091221270185406,17.95548,0.41829004883766174,,0.03348574930144886,,2992.58,2986.34,-0.041091221270185406,23.0
SOL/USDT,xgb_primary,conservative,1m,2025-12-21 21:04:00+00:00,2025-12-21 20:42:00+00:00,2025-12-21 21:04:00+00:00,sell,False,pnl_block,pnl_block,,,False,0.6076040864,0.3245033025741577,0.48,0.44,prob_floor,"prob_floor,trailing_prob_drop",-0.04759999999999949,-0.05006455712938052,8.8039,0.3245033025741577,1.5980823012393313,0.7993924617283588,,125.77,125.09,-0.05006455712938052,22.0
BTC/USDT,xgb_primary,conservative,1m,2025-12-21 21:04:00+00:00,2025-12-21 19:56:00+00:00,2025-12-21 21:04:00+00:00,sell,False,pnl_block,pnl_block,,,False,0.587852478,0.41829004883766174,0.56,0.45,prob_floor,"prob_floor,trailing_prob_drop",-0.026933000000000176,-0.02870418705219265,8.85092,0.41829004883766174,4.884418342838776,0.001133274498554449,,88509.2,88239.87,-0.02870418705219265,68.0
ETH/USDT,xgb_primary,primary,1m,2025-12-21 21:05:00+00:00,2025-12-21 20:41:00+00:00,2025-12-21 21:05:00+00:00,sell,False,pnl_block,pnl_block,,,False,0.5656820536,0.41829004883766174,0.48,0.43,prob_floor,"prob_floor,trailing_prob_drop",-0.037079999999999017,-0.04073122006220617,17.95548,0.41829004883766174,,0.03348507653772188,,2992.58,2986.4,-0.04073122006220617,24.0
SOL/USDT,xgb_primary,conservative,1m,2025-12-21 21:05:00+00:00,2025-12-21 20:42:00+00:00,2025-12-21 21:05:00+00:00,sell,False,pnl_block,pnl_block,,,False,0.6076040864,0.3245033025741577,0.48,0.44,prob_floor,"prob_floor,trailing_prob_drop",-0.04480000000000004,-0.047264332163663644,8.8039,0.3245033025741577,3.1966754575246745,0.7991369321137265,,125.77,125.13,-0.047264332163663644,23.0
SOL/USDT,xgb_primary,conservative,1m,2025-12-21 21:06:00+00:00,2025-12-21 20:42:00+00:00,2025-12-21 21:06:00+00:00,sell,False,pnl_block,pnl_block,,,False,0.6076040864,0.3245033025741577,0.48,0.44,prob_floor,"prob_floor,trailing_prob_drop",-0.04339999999999933,-0.045864219734727624,8.8039,0.3245033025741577,3.995205753097193,0.7990092285558632,,125.77,125.15,-0.045864219734727624,24.0
SOL/USDT,xgb_primary,conservative,1m,2025-12-21 21:07:00+00:00,2025-12-21 20:42:00+00:00,2025-12-21 21:07:00+00:00,sell,False,pnl_block,pnl_block,,,False,0.6076040864,0.3245033025741577,0.48,0.44,prob_floor,"prob_floor,trailing_prob_drop",-0.035699999999999364,-0.038163602017322,8.8039,0.3245033025741577,0.7991050023977239,0.798307587912897,,125.77,125.26,-0.038163602017322,25.0
SOL/USDT,xgb_primary,conservative,1m,2025-12-21 21:08:00+00:00,2025-12-21 20:42:00+00:00,2025-12-21 21:08:00+00:00,sell,False,pnl_block,pnl_block,,,False,0.6076040864,0.37037035822868347,0.48,0.44,prob_floor,"prob_floor,trailing_prob_drop",-0.04199999999999961,-0.04446410734172156,8.8039,0.37037035822868347,7.983394539358815,0.7988815658082776,,125.77,125.17,-0.04446410734172156,26.0
SOL/USDT,xgb_primary,conservative,1m,2025-12-21 21:09:00+00:00,2025-12-21 20:42:00+00:00,2025-12-21 21:09:00+00:00,sell,False,pnl_block,pnl_block,,,False,0.6076040864,0.41829004883766174,0.48,0.44,prob_floor,"prob_floor,trailing_prob_drop",-0.038499999999999805,-0.040963826516270875,8.8039,0.41829004883766174,4.791949524798521,0.7985625873431915,,125.77,125.22,-0.040963826516270875,27.0
SOL/USDT,xgb_primary,conservative,1m,2025-12-21 21:10:00+00:00,2025-12-21 20:42:00+00:00,2025-12-21 21:10:00+00:00,sell,False,pnl_block,pnl_block,,,False,0.6076040864,0.41829004883766174,0.48,0.44,prob_floor,"prob_floor,trailing_prob_drop",-0.03289999999999992,-0.03536337766170572,8.8039,0.41829004883766174,,0.7980527512872684,,125.77,125.3,-0.03536337766170572,28.0
SOL/USDT,xgb_primary,conservative,1m,2025-12-21 21:11:00+00:00,2025-12-21 20:42:00+00:00,2025-12-21 21:11:00+00:00,sell,False,pnl_block,pnl_block,,,False,0.6076040864,0.4742901027202606,0.48,0.44,trailing_prob_drop,trailing_prob_drop,-0.036399999999999724,-0.0388636581286177,8.8039,0.4742901027202606,,0.7983713225025042,,125.77,125.25,-0.0388636581286177,29.0
SOL/USDT,xgb_primary,conservative,1m,2025-12-21 21:12:00+00:00,2025-12-21 20:42:00+00:00,2025-12-21 21:12:00+00:00,sell,False,pnl_block,pnl_block,,,False,0.6076040864,0.4742901027202606,0.48,0.44,trailing_prob_drop,trailing_prob_drop,-0.036399999999999724,-0.0388636581286177,8.8039,0.4742901027202606,,0.7983713225025042,,125.77,125.25,-0.0388636581286177,30.0
SOL/USDT,xgb_primary,conservative,1m,2025-12-21 21:13:00+00:00,2025-12-21 20:42:00+00:00,2025-12-21 21:13:00+00:00,sell,False,pnl_block,pnl_block,,,False,0.6076040864,0.4742901027202606,0.48,0.44,trailing_prob_drop,trailing_prob_drop,-0.040599999999999886,-0.04306399498462423,8.8039,0.4742901027202606,,0.7987539438480065,,125.77,125.19,-0.04306399498462423,31.0
SOL/USDT,xgb_primary,conservative,1m,2025-12-21 21:14:00+00:00,2025-12-21 20:42:00+00:00,2025-12-21 21:14:00+00:00,sell,False,pnl_block,pnl_block,,,False,0.6076040864,0.4742901027202606,0.48,0.44,trailing_prob_drop,trailing_prob_drop,-0.038499999999999805,-0.040963826516270875,8.8039,0.4742901027202606,,0.7985625873431915,,125.77,125.22,-0.040963826516270875,32.0
SOL/USDT,xgb_primary,conservative,1m,2025-12-21 21:15:00+00:00,2025-12-21 20:42:00+00:00,2025-12-21 21:15:00+00:00,sell,False,pnl_block,pnl_block,,,False,0.6076040864,0.4742901027202606,0.48,0.44,trailing_prob_drop,trailing_prob_drop,-0.039200000000000165,-0.041663882663419444,8.8039,0.4742901027202606,,0.7986263626566398,,125.77,125.21,-0.041663882663419444,33.0
BTC/USDT,xgb_primary,conservative,1m,2025-12-21 21:16:00+00:00,2025-12-21 19:56:00+00:00,2025-12-21 21:16:00+00:00,sell,False,pnl_block,pnl_block,,,False,0.587852478,0.565682053565979,0.56,0.45,gate_close,gate_close,-0.019347999999999595,-0.021119186190718786,8.85092,0.565682053565979,5.158147908957377,0.0011323011835957084,,88509.2,88315.72,-0.021119186190718786,80.0
BTC/USDT,xgb_primary,conservative,1m,2025-12-21 21:18:00+00:00,2025-12-21 19:56:00+00:00,2025-12-21 21:18:00+00:00,sell,False,pnl_block,pnl_block,,,False,0.587852478,0.5878524780273438,0.56,0.45,gate_close,gate_close,-0.014058999999999652,-0.015830185590892002,8.85092,0.5878524780273438,2.5606095835619445,0.0011316234836045932,,88509.2,88368.61,-0.015830185590892002,82.0
SOL/USDT,xgb_primary,conservative,1m,2025-12-21 21:19:00+00:00,2025-12-21 20:42:00+00:00,2025-12-21 21:19:00+00:00,sell,False,pnl_block,pnl_block,,,False,0.6076040864,0.565682053565979,0.48,0.44,gate_close,gate_close,-0.035,-0.03746354591498739,8.8039,0.565682053565979,4.787743376954043,0.7982438635007076,,125.77,125.27,-0.03746354591498739,37.0
BTC/USDT,xgb_primary,conservative,1m,2025-12-21 21:19:00+00:00,2025-12-21 19:56:00+00:00,2025-12-21 21:19:00+00:00,sell,False,pnl_block,pnl_block,,,False,0.587852478,0.565682053565979,0.56,0.45,gate_close,gate_close,-0.014058999999999652,-0.015830185590892002,8.85092,0.565682053565979,3.4254244804805776,0.0011316234836045932,,88509.2,88368.61,-0.015830185590892002,83.0
SOL/USDT,xgb_primary,conservative,1m,2025-12-21 21:20:00+00:00,2025-12-21 20:42:00+00:00,2025-12-21 21:20:00+00:00,sell,False,pnl_block,pnl_block,,,False,0.6076040864,0.565682053565979,0.48,0.44,gate_close,gate_close,-0.03289999999999992,-0.03536337766170572,8.8039,0.565682053565979,7.183908045977284,0.7980527512872684,,125.77,125.3,-0.03536337766170572,38.0
SOL/USDT,xgb_primary,conservative,1m,2025-12-21 21:22:00+00:00,2025-12-21 20:42:00+00:00,2025-12-21 21:22:00+00:00,sell,False,pnl_block,pnl_block,,,False,0.6076040864,0.5002435445785522,0.48,0.44,gate_close,gate_close,-0.04409999999999969,-0.04656427594470419,8.8039,0.5002435445785522,6.388245628044261,0.7990730752331389,,125.77,125.14,-0.04656427594470419,40.0
BTC/USDT,xgb_primary,conservative,1m,2025-12-21 21:22:00+00:00,2025-12-21 19:56:00+00:00,2025-12-21 21:22:00+00:00,sell,False,pnl_block,pnl_block,,,False,0.587852478,0.565682053565979,0.56,0.45,gate_close,gate_close,-0.016364999999999418,-0.018136185852327513,8.85092,0.565682053565979,2.6351072578074204,0.0011319188605200693,,88509.2,88345.55,-0.018136185852327513,86.0
SOL/USDT,xgb_primary,conservative,1m,2025-12-21 21:25:00+00:00,2025-12-21 20:42:00+00:00,2025-12-21 21:25:00+00:00,sell,False,pnl_block,pnl_block,,,False,0.6076040864,0.5002435445785522,0.48,0.44,gate_close,gate_close,-0.04269999999999997,-0.0451641635337358,8.8039,0.5002435445785522,3.1943778949043313,0.7989453920828599,,125.77,125.16,-0.0451641635337358,43.0
SOL/USDT,xgb_primary,conservative,1m,2025-12-21 21:26:00+00:00,2025-12-21 20:42:00+00:00,2025-12-21 21:26:00+00:00,sell,False,pnl_block,pnl_block,,,False,0.6076040864,0.41829004883766174,0.48,0.44,prob_floor,"prob_floor,trailing_prob_drop",-0.039200000000000165,-0.041663882663419444,8.8039,0.41829004883766174,2.3963575365445435,0.7986263626566398,,125.77,125.21,-0.041663882663419444,44.0
BTC/USDT,xgb_primary,conservative,1m,2025-12-21 21:26:00+00:00,2025-12-21 19:56:00+00:00,2025-12-21 21:26:00+00:00,sell,True,dry_run,dry_run,,,True,0.587852478,0.565682053565979,0.56,0.45,time_limit,time_exit,-0.015711000000000058,-0.01748118400000006,8.85092,0.565682053565979,1.2597325088749634,0.0011318350752535324,8.835209,88509.2,88352.09,-0.01748118400000006,90.0
SOL/USDT,xgb_primary,conservative,1m,2025-12-21 21:27:00+00:00,2025-12-21 20:42:00+00:00,2025-12-21 21:27:00+00:00,sell,False,pnl_block,pnl_block,,,False,0.6076040864,0.41829004883766174,0.48,0.44,prob_floor,"prob_floor,trailing_prob_drop",-0.035,-0.03746354591498739,8.8039,0.41829004883766174,,0.7982438635007076,,125.77,125.27,-0.03746354591498739,45.0
BTC/USDT,xgb_primary,conservative,1m,2025-12-21 21:27:00+00:00,,2025-12-21 21:27:00+00:00,buy,True,cooldown_after_loss,cooldown_after_loss,cooldown_after_loss,,False,0.565682053565979,0.565682053565979,,0.56,cooldown_after_loss,,,,,0.565682053565979,,,15.0,,88362.85,0.0,
BTC/USDT,xgb_primary,conservative,1m,2025-12-21 21:28:00+00:00,,2025-12-21 21:28:00+00:00,buy,True,cooldown_after_loss,cooldown_after_loss,cooldown_after_loss,,False,0.565682053565979,0.565682053565979,,0.56,cooldown_after_loss,,,,,0.565682053565979,,,15.0,,88341.6,0.0,
SOL/USDT,xgb_primary,conservative,1m,2025-12-21 21:28:00+00:00,2025-12-21 20:42:00+00:00,2025-12-21 21:28:00+00:00,sell,False,pnl_block,pnl_block,,,False,0.6076040864,0.5002435445785522,0.48,0.44,gate_close,gate_close,-0.039899999999999526,-0.042363938819534847,8.8039,0.5002435445785522,3.991697269679975,0.798690148156296,,125.77,125.2,-0.042363938819534847,46.0
SOL/USDT,xgb_primary,conservative,1m,2025-12-21 21:29:00+00:00,2025-12-21 20:42:00+00:00,2025-12-21 21:29:00+00:00,sell,False,pnl_block,pnl_block,,,False,0.6076040864,0.5002435445785522,0.48,0.44,gate_close,gate_close,-0.040599999999999886,-0.04306399498462423,8.8039,0.5002435445785522,2.3957834211788165,0.7987539438480065,,125.77,125.19,-0.04306399498462423,47.0
BTC/USDT,xgb_primary,conservative,1m,2025-12-21 21:30:00+00:00,,2025-12-21 21:30:00+00:00,buy,True,cooldown_after_loss,cooldown_after_loss,cooldown_after_loss,,False,0.565682053565979,0.565682053565979,,0.56,cooldown_after_loss,,,,,0.565682053565979,,,15.0,,88356.36,0.0,
ETH/USDT,xgb_primary,primary,1m,2025-12-21 21:31:00+00:00,2025-12-21 20:41:00+00:00,2025-12-21 21:31:00+00:00,sell,False,pnl_block,pnl_block,,,False,0.5656820536,0.41829004883766174,0.48,0.43,prob_floor,"prob_floor,trailing_prob_drop",-0.03623999999999978,-0.03989121724377944,17.95548,0.41829004883766174,,0.033483506862338516,,2992.58,2986.54,-0.03989121724377944,50.0
SOL/USDT,xgb_primary,conservative,1m,2025-12-21 21:31:00+00:00,2025-12-21 20:42:00+00:00,2025-12-21 21:31:00+00:00,sell,False,pnl_block,pnl_block,,,False,0.6076040864,0.5002435445785522,0.48,0.44,gate_close,gate_close,-0.02940000000000012,-0.03186309741853185,8.8039,0.5002435445785522,6.386715631486371,0.7977344342072608,,125.77,125.35,-0.03186309741853185,49.0
SOL/USDT,xgb_primary,conservative,1m,2025-12-21 21:32:00+00:00,2025-12-21 20:42:00+00:00,2025-12-21 21:32:00+00:00,sell,False,pnl_block,pnl_block,,,False,0.6076040864,0.565682053565979,0.48,0.44,gate_close,gate_close,-0.030799999999999845,-0.03326320948896977,8.8039,0.565682053565979,7.977662544873899,0.7978617305625016,,125.77,125.33,-0.03326320948896977,50.0
BTC/USDT,xgb_primary,conservative,1m,2025-12-21 21:32:00+00:00,,2025-12-21 21:32:00+00:00,buy,True,dry_run,dry_run,,exchange_qty_step,True,0.565682053565979,0.565682053565979,,0.56,dry_run,,,,,0.565682053565979,0.0011316803438453774,,8.836418,,88364.18,0.0,
ETH/USDT,xgb_primary,primary,1m,2025-12-21 21:33:00+00:00,2025-12-21 20:41:00+00:00,2025-12-21 21:33:00+00:00,sell,False,pnl_block,pnl_block,,,False,0.5656820536,0.41829004883766174,0.48,0.43,prob_floor,"prob_floor,trailing_prob_drop",-0.035040000000000876,-0.03869121321790998,17.95548,0.41829004883766174,,0.03348126472202441,,2992.58,2986.74,-0.03869121321790998,52.0
SOL/USDT,xgb_primary,conservative,1m,2025-12-21 21:33:00+00:00,2025-12-21 20:42:00+00:00,2025-12-21 21:33:00+00:00,sell,False,pnl_block,pnl_block,,,False,0.6076040864,0.5002435445785522,0.48,0.44,gate_close,gate_close,-0.03219999999999956,-0.03466332159517907,8.8039,0.5002435445785522,4.788507581803853,0.7979890675490489,,125.77,125.31,-0.03466332159517907,51.0
ETH/USDT,xgb_primary,primary,1m,2025-12-21 21:35:00+00:00,2025-12-21 20:41:00+00:00,2025-12-21 21:35:00+00:00,sell,False,pnl_block,pnl_block,,,False,0.5656820536,0.41829004883766174,0.48,0.43,prob_floor,"prob_floor,trailing_prob_drop",-0.03371999999999935,-0.03737120879007079,17.95548,0.41829004883766174,,0.03347879871295289,,2992.58,2986.96,-0.03737120879007079,54.0
SOL/USDT,xgb_primary,conservative,1m,2025-12-21 21:36:00+00:00,2025-12-21 20:42:00+00:00,2025-12-21 21:36:00+00:00,sell,False,pnl_block,pnl_block,,,False,0.6076040864,0.5002435445785522,0.48,0.44,gate_close,gate_close,-0.040599999999999886,-0.04306399498462423,8.8039,0.5002435445785522,4.786597526923659,0.7987539438480065,,125.77,125.19,-0.04306399498462423,54.0
ETH/USDT,xgb_primary,primary,1m,2025-12-21 21:36:00+00:00,2025-12-21 20:41:00+00:00,2025-12-21 21:36:00+00:00,sell,False,pnl_block,pnl_block,,,False,0.5656820536,0.41829004883766174,0.48,0.43,prob_floor,"prob_floor,trailing_prob_drop",-0.05159999999999946,-0.0552512688225826,17.95548,0.41829004883766174,0.5021576038381277,0.03351223280198638,,2992.58,2983.98,-0.0552512688225826,55.0
ETH/USDT,xgb_primary,primary,1m,2025-12-21 21:37:00+00:00,2025-12-21 20:41:00+00:00,2025-12-21 21:37:00+00:00,sell,False,pnl_block,pnl_block,,,False,0.5656820536,0.41829004883766174,0.48,0.43,prob_floor,"prob_floor,trailing_prob_drop",-0.051000000000000004,-0.05465126680612782,17.95548,0.41829004883766174,8.309181981136877,0.0335111097713982,,2992.58,2984.08,-0.05465126680612782,56.0
BTC/USDT,xgb_primary,conservative,1m,2025-12-21 21:37:00+00:00,2025-12-21 21:32:00+00:00,2025-12-21 21:37:00+00:00,sell,False,pnl_block,pnl_block,,,False,0.5656820536,0.41829004883766174,0.56,0.45,prob_floor,"prob_floor,trailing_prob_drop",-0.007952999999999884,-0.009721284500780232,8.836418,0.41829004883766174,7.61400678215232,0.0011326996757605528,,88364.18,88284.65,-0.009721284500780232,5.0
SOL/USDT,xgb_primary,conservative,1m,2025-12-21 21:37:00+00:00,2025-12-21 20:42:00+00:00,2025-12-21 21:37:00+00:00,sell,False,pnl_block,pnl_block,,,False,0.6076040864,0.4742901027202606,0.48,0.44,trailing_prob_drop,trailing_prob_drop,-0.039200000000000165,-0.041663882663419444,8.8039,0.4742901027202606,11.18032263216743,0.7986263626566398,,125.77,125.21,-0.041663882663419444,55.0
BTC/USDT,xgb_primary,conservative,1m,2025-12-21 21:38:00+00:00,2025-12-21 21:32:00+00:00,2025-12-21 21:38:00+00:00,sell,False,pnl_block,pnl_block,,,False,0.5656820536,0.41829004883766174,0.56,0.45,prob_floor,"prob_floor,trailing_prob_drop",-0.008695999999999185,-0.010464284585020562,8.836418,0.41829004883766174,0.001132699739910984,0.0011327950096711027,,88364.18,88277.22,-0.010464284585020562,6.0
ETH/USDT,xgb_primary,primary,1m,2025-12-21 21:39:00+00:00,2025-12-21 20:41:00+00:00,2025-12-21 21:39:00+00:00,sell,False,pnl_block,pnl_block,,,False,0.5656820536,0.41829004883766174,0.48,0.43,prob_floor,"prob_floor,trailing_prob_drop",-0.058619999999999894,-0.06227129242519017,17.95548,0.41829004883766174,,0.033525377873647136,,2992.58,2982.81,-0.06227129242519017,58.0
SOL/USDT,xgb_primary,conservative,1m,2025-12-21 21:40:00+00:00,2025-12-21 20:42:00+00:00,2025-12-21 21:40:00+00:00,sell,False,pnl_block,pnl_block,,,False,0.6076040864,0.4742901027202606,0.48,0.44,trailing_prob_drop,trailing_prob_drop,-0.04619999999999977,-0.0493680530179023,8.8039,0.4742901027202606,,1.598465473145462,,125.77,125.11,-0.0493680530179023,58.0
ETH/USDT,xgb_primary,primary,1m,2025-12-21 21:40:00+00:00,2025-12-21 20:41:00+00:00,2025-12-21 21:40:00+00:00,sell,False,pnl_block,pnl_block,,,False,0.5656820536,0.41829004883766174,0.48,0.43,prob_floor,"prob_floor,trailing_prob_drop",-0.06767999999999848,-0.0713313229140498,17.95548,0.41829004883766174,,0.033542358127610326,,2992.58,2981.3,-0.0713313229140498,59.0
BTC/USDT,xgb_primary,conservative,1m,2025-12-21 21:40:00+00:00,2025-12-21 21:32:00+00:00,2025-12-21 21:40:00+00:00,sell,False,pnl_block,pnl_block,,,False,0.5656820536,0.41829004883766174,0.56,0.45,prob_floor,"prob_floor,trailing_prob_drop",-0.010017999999999302,-0.011786284734946143,8.836418,0.41829004883766174,1.498912184025621,0.001132964677363248,,88364.18,88264.0,-0.011786284734946143,8.0
BTC/USDT,xgb_primary,conservative,1m,2025-12-21 21:41:00+00:00,2025-12-21 21:32:00+00:00,2025-12-21 21:41:00+00:00,sell,False,pnl_block,pnl_block,,,False,0.5656820536,0.41829004883766174,0.56,0.45,prob_floor,"prob_floor,trailing_prob_drop",-0.010363999999999943,-0.012132284774194847,8.836418,0.41829004883766174,,0.0011330090936231161,,88364.18,88260.54,-0.012132284774194847,9.0
ETH/USDT,xgb_primary,primary,1m,2025-12-21 21:42:00+00:00,2025-12-21 20:41:00+00:00,2025-12-21 21:42:00+00:00,sell,False,pnl_block,pnl_block,,,False,0.5656820536,0.41829004883766174,0.48,0.43,prob_floor,"prob_floor,trailing_prob_drop",-0.06876000000000022,-0.07241132655054873,17.95548,0.41829004883766174,,0.033544383413034604,,2992.58,2981.12,-0.07241132655054873,61.0
BTC/USDT,xgb_primary,conservative,1m,2025-12-21 21:42:00+00:00,2025-12-21 21:32:00+00:00,2025-12-21 21:42:00+00:00,sell,False,pnl_block,pnl_block,,,False,0.5656820536,0.41829004883766174,0.56,0.45,prob_floor,"prob_floor,trailing_prob_drop",-0.010363999999999943,-0.012132284774194847,8.836418,0.41829004883766174,0.3920211238194019,0.0011330090936231161,,88364.18,88260.54,-0.012132284774194847,10.0
BTC/USDT,xgb_primary,conservative,1m,2025-12-21 21:43:00+00:00,2025-12-21 21:32:00+00:00,2025-12-21 21:43:00+00:00,sell,False,pnl_block,pnl_block,,,False,0.5656820536,0.41829004883766174,0.56,0.45,prob_floor,"prob_floor,trailing_prob_drop",-0.012890999999998895,-0.01465928506092202,8.836418,0.41829004883766174,0.0011330091578086,0.0011333335782952238,,88364.18,88235.27,-0.01465928506092202,11.0
ETH/USDT,xgb_primary,primary,1m,2025-12-21 21:44:00+00:00,2025-12-21 20:41:00+00:00,2025-12-21 21:44:00+00:00,sell,False,pnl_block,pnl_block,,,False,0.5656820536,0.41829004883766174,0.48,0.43,prob_floor,"prob_floor,trailing_prob_drop",-0.07919999999999891,-0.08285136172597785,17.95548,0.41829004883766174,,0.03356397377231721,,2992.58,2979.38,-0.08285136172597785,63.0
SOL/USDT,xgb_primary,conservative,1m,2025-12-21 21:44:00+00:00,2025-12-21 20:42:00+00:00,2025-12-21 21:44:00+00:00,sell,False,pnl_block,pnl_block,,,False,0.6076040864,0.41829004883766174,0.48,0.44,prob_floor,"prob_floor,trailing_prob_drop",-0.054600000000000086,-0.05706512017360739,8.8039,0.41829004883766174,13.591301566997258,0.8000320012804605,,125.77,124.99,-0.05706512017360739,62.0
BTC/USDT,xgb_primary,conservative,1m,2025-12-21 21:44:00+00:00,2025-12-21 21:32:00+00:00,2025-12-21 21:44:00+00:00,sell,False,pnl_block,pnl_block,,,False,0.5656820536,0.41829004883766174,0.56,0.45,prob_floor,"prob_floor,trailing_prob_drop",-0.012345999999999186,-0.014114284999069216,8.836418,0.41829004883766174,5.2224008355826825,0.0011332635803662436,,88364.18,88240.72,-0.014114284999069216,12.0
SOL/USDT,xgb_primary,conservative,1m,2025-12-21 21:45:00+00:00,2025-12-21 20:42:00+00:00,2025-12-21 21:45:00+00:00,sell,False,pnl_block,pnl_block,,,False,0.6076040864,0.41829004883766174,0.48,0.44,prob_floor,"prob_floor,trailing_prob_drop",-0.06509999999999949,-0.0675659664311735,8.8039,0.41829004883766174,3.199744020477725,0.8009932316064644,,125.77,124.84,-0.0675659664311735,63.0
BTC/USDT,xgb_primary,conservative,1m,2025-12-21 21:45:00+00:00,2025-12-21 21:32:00+00:00,2025-12-21 21:45:00+00:00,sell,False,pnl_block,pnl_block,,,False,0.5656820536,0.41829004883766174,0.56,0.45,prob_floor,"prob_floor,trailing_prob_drop",-0.0125,-0.014268285016548468,8.836418,0.41829004883766174,1.5140400583722033,0.0011332833603702511,,88364.18,88239.18,-0.014268285016548468,13.0
ETH/USDT,xgb_primary,primary,1m,2025-12-21 21:45:00+00:00,2025-12-21 20:41:00+00:00,2025-12-21 21:45:00+00:00,sell,False,pnl_block,pnl_block,,,False,0.5656820536,0.41829004883766174,0.48,0.43,prob_floor,"prob_floor,trailing_prob_drop",-0.07595999999999913,-0.0796113508050683,17.95548,0.41829004883766174,,0.033557891556879896,,2992.58,2979.92,-0.0796113508050683,64.0
SOL/USDT,xgb_primary,conservative,1m,2025-12-21 21:46:00+00:00,2025-12-21 20:42:00+00:00,2025-12-21 21:46:00+00:00,sell,False,pnl_block,pnl_block,,,False,0.6076040864,0.3731343150138855,0.48,0.44,prob_floor,"prob_floor,trailing_prob_drop",-0.06929999999999965,-0.07176630550386666,8.8039,0.3731343150138855,12.015379685997393,0.8013783707981822,,125.77,124.78,-0.07176630550386666,64.0
BTC/USDT,xgb_primary,conservative,1m,2025-12-21 21:46:00+00:00,2025-12-21 21:32:00+00:00,2025-12-21 21:46:00+00:00,sell,False,pnl_block,pnl_block,,,False,0.5656820536,0.41829004883766174,0.56,0.45,prob_floor,"prob_floor,trailing_prob_drop",-0.01998099999999977,-0.021749285866278893,8.836418,0.41829004883766174,1.0041724157238192,0.001134244983794557,,88364.18,88164.37,-0.021749285866278893,14.0
ETH/USDT,xgb_primary,primary,1m,2025-12-21 21:46:00+00:00,2025-12-21 20:41:00+00:00,2025-12-21 21:46:00+00:00,sell,False,pnl_block,pnl_block,,,False,0.5656820536,0.41829004883766174,0.48,0.43,prob_floor,"prob_floor,trailing_prob_drop",-0.08771999999999934,-0.0913713904628274,17.95548,0.41829004883766174,,0.03357997827296,,2992.58,2977.96,-0.0913713904628274,65.0
SOL/USDT,xgb_primary,conservative,1m,2025-12-21 21:47:00+00:00,2025-12-21 20:42:00+00:00,2025-12-21 21:47:00+00:00,sell,False,pnl_block,pnl_block,,,False,0.6076040864,0.39150944352149963,0.48,0.44,prob_floor,"prob_floor,trailing_prob_drop",-0.06859999999999929,-0.07106624896910799,8.8039,0.39150944352149963,8.014104824490648,0.8013141552138231,,125.77,124.79,-0.07106624896910799,65.0
BTC/USDT,xgb_primary,conservative,1m,2025-12-21 21:47:00+00:00,2025-12-21 21:32:00+00:00,2025-12-21 21:47:00+00:00,sell,False,pnl_block,pnl_block,,,False,0.5656820536,0.41829004883766174,0.56,0.45,prob_floor,"prob_floor,trailing_prob_drop",-0.019851999999998954,-0.021620285851611912,8.836418,0.41829004883766174,4.280778216896533,0.001134228386386164,,88364.18,88165.66,-0.021620285851611912,15.0
ETH/USDT,xgb_primary,primary,1m,2025-12-21 21:48:00+00:00,2025-12-21 20:41:00+00:00,2025-12-21 21:48:00+00:00,sell,False,pnl_block,pnl_block,,,False,0.5656820536,0.3245033025741577,0.48,0.43,prob_floor,"prob_floor,trailing_prob_drop",-0.11466000000000076,-0.11831148150854007,17.95548,0.3245033025741577,,0.033630684637396574,,2992.58,2973.47,-0.11831148150854007,67.0
SOL/USDT,xgb_primary,conservative,1m,2025-12-21 21:48:00+00:00,2025-12-21 20:42:00+00:00,2025-12-21 21:48:00+00:00,sell,False,pnl_block,pnl_block,,,False,0.6076040864,0.4007633626461029,0.48,0.44,prob_floor,"prob_floor,trailing_prob_drop",-0.07420000000000017,-0.07666670150102287,8.8039,0.4007633626461029,0.8014104824495204,0.8018281682239599,,125.77,124.71,-0.07666670150102287,66.0
BTC/USDT,xgb_primary,conservative,1m,2025-12-21 21:48:00+00:00,2025-12-21 21:32:00+00:00,2025-12-21 21:48:00+00:00,sell,False,pnl_block,pnl_block,,,False,0.5656820536,0.41829004883766174,0.56,0.45,prob_floor,"prob_floor,trailing_prob_drop",-0.021415999999998894,-0.023184286029436136,8.836418,0.41829004883766174,0.4128591562746105,0.0011344296266236238,,88364.18,88150.02,-0.023184286029436136,16.0
SOL/USDT,xgb_primary,conservative,1m,2025-12-21 21:49:00+00:00,2025-12-21 20:42:00+00:00,2025-12-21 21:49:00+00:00,sell,False,pnl_block,pnl_block,,,False,0.6076040864,0.3245033025741577,0.48,0.44,prob_floor,"prob_floor,trailing_prob_drop",-0.07069999999999937,-0.0731664186005678,8.8039,0.3245033025741577,,0.8015068328450211,,125.77,124.76,-0.0731664186005678,67.0
BTC/USDT,xgb_primary,conservative,1m,2025-12-21 21:50:00+00:00,2025-12-21 21:32:00+00:00,2025-12-21 21:50:00+00:00,sell,False,pnl_block,pnl_block,,,False,0.5656820536,0.41829004883766174,0.56,0.45,prob_floor,"prob_floor,trailing_prob_drop",-0.02121999999999971,-0.02298828600715007,8.836418,0.41829004883766174,,0.0011344044049958972,,88364.18,88151.98,-0.02298828600715007,18.0
SOL/USDT,xgb_primary,conservative,1m,2025-12-21 21:50:00+00:00,2025-12-21 20:42:00+00:00,2025-12-21 21:50:00+00:00,sell,False,pnl_block,pnl_block,,,False,0.6076040864,0.3245033025741577,0.48,0.44,prob_floor,"prob_floor,trailing_prob_drop",-0.06159999999999969,-0.0640656841194604,8.8039,0.3245033025741577,,0.8006725649549714,,125.77,124.89,-0.0640656841194604,68.0
ETH/USDT,xgb_primary,primary,1m,2025-12-21 21:50:00+00:00,2025-12-21 20:41:00+00:00,2025-12-21 21:50:00+00:00,sell,False,pnl_block,pnl_block,,,False,0.5656820536,0.3245033025741577,0.48,0.43,prob_floor,"prob_floor,trailing_prob_drop",-0.1168199999999988,-0.12047148882032219,17.95548,0.3245033025741577,,0.0336347568115042,,2992.58,2973.11,-0.12047148882032219,69.0
SOL/USDT,xgb_primary,conservative,1m,2025-12-21 21:51:00+00:00,2025-12-21 20:42:00+00:00,2025-12-21 21:51:00+00:00,sell,False,pnl_block,pnl_block,,,False,0.6076040864,0.3245033025741577,0.48,0.44,prob_floor,"prob_floor,trailing_prob_drop",-0.06440000000000012,-0.06686590995074335,8.8039,0.3245033025741577,10.409160060853187,0.8009290777305769,,125.77,124.85,-0.06686590995074335,69.0
BTC/USDT,xgb_primary,conservative,1m,2025-12-21 21:51:00+00:00,2025-12-21 21:32:00+00:00,2025-12-21 21:51:00+00:00,sell,False,pnl_block,pnl_block,,,False,0.5656820536,0.39150944352149963,0.56,0.45,prob_floor,"prob_floor,trailing_prob_drop",-0.026859999999999128,-0.028628286648902813,8.836418,0.39150944352149963,6.587203395706518,0.0011351306645799913,,88364.18,88095.58,-0.028628286648902813,19.0
ETH/USDT,xgb_primary,primary,1m,2025-12-21 21:51:00+00:00,2025-12-21 20:41:00+00:00,2025-12-21 21:51:00+00:00,sell,False,pnl_block,pnl_block,,,False,0.5656820536,0.3245033025741577,0.48,0.43,prob_floor,"prob_floor,trailing_prob_drop",-0.11754000000000088,-0.12119149125798279,17.95548,0.3245033025741577,,0.033636114424068254,,2992.58,2972.99,-0.12119149125798279,70.0
ETH/USDT,xgb_primary,primary,1m,2025-12-21 21:52:00+00:00,2025-12-21 20:41:00+00:00,2025-12-21 21:52:00+00:00,sell,False,pnl_block,pnl_block,,,False,0.5656820536,0.3245033025741577,0.48,0.43,prob_floor,"prob_floor,trailing_prob_drop",-0.11988000000000011,-0.12353149918172251,17.95548,0.3245033025741577,,0.03364052741692313,,2992.58,2972.6,-0.12353149918172251,71.0
SOL/USDT,xgb_primary,conservative,1m,2025-12-21 21:52:00+00:00,2025-12-21 20:42:00+00:00,2025-12-21 21:52:00+00:00,sell,False,pnl_block,pnl_block,,,False,0.6076040864,0.37037035822868347,0.48,0.44,prob_floor,"prob_floor,trailing_prob_drop",-0.06509999999999949,-0.0675659664311735,8.8039,0.37037035822868347,3.2035880185813115,0.8009932316064644,,125.77,124.84,-0.0675659664311735,70.0
BTC/USDT,xgb_primary,conservative,1m,2025-12-21 21:52:00+00:00,2025-12-21 21:32:00+00:00,2025-12-21 21:52:00+00:00,sell,False,pnl_block,pnl_block,,,False,0.5656820536,0.41829004883766174,0.56,0.45,prob_floor,"prob_floor,trailing_prob_drop",-0.02351899999999878,-0.025287286268643235,8.836418,0.41829004883766174,4.28398288722571,0.0011347003327067682,,88364.18,88128.99,-0.025287286268643235,20.0
ETH/USDT,xgb_primary,primary,1m,2025-12-21 21:53:00+00:00,2025-12-21 20:41:00+00:00,2025-12-21 21:53:00+00:00,sell,False,pnl_block,pnl_block,,,False,0.5656820536,0.3245033025741577,0.48,0.43,prob_floor,"prob_floor,trailing_prob_drop",-0.12023999999999978,-0.12389150040094372,17.95548,0.3245033025741577,,0.0336412064416797,,2992.58,2972.54,-0.12389150040094372,72.0
SOL/USDT,xgb_primary,conservative,1m,2025-12-21 21:53:00+00:00,2025-12-21 20:42:00+00:00,2025-12-21 21:53:00+00:00,sell,False,pnl_block,pnl_block,,,False,0.6076040864,0.41829004883766174,0.48,0.44,prob_floor,"prob_floor,trailing_prob_drop",-0.06509999999999949,-0.0675659664311735,8.8039,0.41829004883766174,1.6015374759766192,0.8009932316064644,,125.77,124.84,-0.0675659664311735,71.0
BTC/USDT,xgb_primary,conservative,1m,2025-12-21 21:53:00+00:00,2025-12-21 21:32:00+00:00,2025-12-21 21:53:00+00:00,sell,False,pnl_block,pnl_block,,,False,0.5656820536,0.41829004883766174,0.56,0.45,prob_floor,"prob_floor,trailing_prob_drop",-0.021453999999999362,-0.02322228603375793,8.836418,0.41829004883766174,1.6895688921431435,0.0011344345169809035,,88364.18,88149.64,-0.02322228603375793,21.0
BTC/USDT,xgb_primary,conservative,1m,2025-12-21 21:54:00+00:00,2025-12-21 21:32:00+00:00,2025-12-21 21:54:00+00:00,sell,False,pnl_block,pnl_block,,,False,0.5656820536,0.41829004883766174,0.56,0.45,prob_floor,"prob_floor,trailing_prob_drop",-0.021047999999999595,-0.02281628598759161,8.836418,0.41829004883766174,2.343741580368038,0.0011343822712060968,,88364.18,88153.7,-0.02281628598759161,22.0
SOL/USDT,xgb_primary,conservative,1m,2025-12-21 21:55:00+00:00,2025-12-21 20:42:00+00:00,2025-12-21 21:55:00+00:00,sell,False,pnl_block,pnl_block,,,False,0.6076040864,0.41829004883766174,0.48,0.44,prob_floor,"prob_floor,trailing_prob_drop",-0.06369999999999977,-0.06616585347935784,8.8039,0.41829004883766174,,0.8008649341292688,,125.77,124.86,-0.06616585347935784,73.0
ETH/USDT,xgb_primary,primary,1m,2025-12-21 21:55:00+00:00,2025-12-21 20:41:00+00:00,2025-12-21 21:55:00+00:00,sell,False,pnl_block,pnl_block,,,False,0.5656820536,0.3245033025741577,0.48,0.43,prob_floor,"prob_floor,trailing_prob_drop",-0.12197999999999956,-0.12563150629454156,17.95548,0.3245033025741577,,0.03364448878113849,,2992.58,2972.25,-0.12563150629454156,74.0
BTC/USDT,xgb_primary,conservative,1m,2025-12-21 21:55:00+00:00,2025-12-21 21:32:00+00:00,2025-12-21 21:55:00+00:00,sell,False,pnl_block,pnl_block,,,False,0.5656820536,0.41829004883766174,0.56,0.45,prob_floor,"prob_floor,trailing_prob_drop",-0.02013299999999872,-0.021901285883556276,8.836418,0.41829004883766174,0.5433085540011382,0.001134264537458696,,88364.18,88162.85,-0.021901285883556276,23.0
ETH/USDT,xgb_primary,primary,1m,2025-12-21 21:56:00+00:00,2025-12-21 20:41:00+00:00,2025-12-21 21:56:00+00:00,sell,False,pnl_block,pnl_block,,,False,0.5656820536,0.41829004883766174,0.48,0.43,prob_floor,"prob_floor,trailing_prob_drop",-0.11891999999999825,-0.12257149593070106,17.95548,0.41829004883766174,,0.03363871681671283,,2992.58,2972.76,-0.12257149593070106,75.0
SOL/USDT,xgb_primary,conservative,1m,2025-12-21 21:56:00+00:00,2025-12-21 20:42:00+00:00,2025-12-21 21:56:00+00:00,sell,False,pnl_block,pnl_block,,,False,0.6076040864,0.41829004883766174,0.48,0.44,prob_floor,"prob_floor,trailing_prob_drop",-0.06159999999999969,-0.0640656841194604,8.8039,0.41829004883766174,,0.8006725649549714,,125.77,124.89,-0.0640656841194604,74.0
BTC/USDT,xgb_primary,conservative,1m,2025-12-21 21:56:00+00:00,2025-12-21 21:32:00+00:00,2025-12-21 21:56:00+00:00,sell,False,pnl_block,pnl_block,,,False,0.5656820536,0.41829004883766174,0.56,0.45,prob_floor,"prob_floor,trailing_prob_drop",-0.02013299999999872,-0.021901285883556276,8.836418,0.41829004883766174,1.4624325028970024,0.001134264537458696,,88364.18,88162.85,-0.021901285883556276,24.0
BTC/USDT,xgb_primary,conservative,1m,2025-12-21 21:57:00+00:00,2025-12-21 21:32:00+00:00,2025-12-21 21:57:00+00:00,sell,False,pnl_block,pnl_block,,,False,0.5656820536,0.41829004883766174,0.56,0.45,prob_floor,"prob_floor,trailing_prob_drop",-0.02013299999999872,-0.021901285883556276,8.836418,0.41829004883766174,0.0022684615343867617,0.001134264537458696,,88364.18,88162.85,-0.021901285883556276,25.0
SOL/USDT,xgb_primary,conservative,1m,2025-12-21 21:57:00+00:00,2025-12-21 20:42:00+00:00,2025-12-21 21:57:00+00:00,sell,False,pnl_block,pnl_block,,,False,0.6076040864,0.41829004883766174,0.48,0.44,prob_floor,"prob_floor,trailing_prob_drop",-0.06440000000000012,-0.06686590995074335,8.8039,0.41829004883766174,,0.8009290777305769,,125.77,124.85,-0.06686590995074335,75.0
SOL/USDT,xgb_primary,conservative,1m,2025-12-21 21:58:00+00:00,2025-12-21 20:42:00+00:00,2025-12-21 21:58:00+00:00,sell,False,pnl_block,pnl_block,,,False,0.6076040864,0.3731343150138855,0.48,0.44,prob_floor,"prob_floor,trailing_prob_drop",-0.06230000000000004,-0.06476574056371902,8.8039,0.3731343150138855,3.2035880185813115,0.8007366777439338,,125.77,124.88,-0.06476574056371902,76.0
BTC/USDT,xgb_primary,conservative,1m,2025-12-21 21:58:00+00:00,2025-12-21 21:32:00+00:00,2025-12-21 21:58:00+00:00,sell,False,pnl_block,pnl_block,,,False,0.5656820536,0.41829004883766174,0.56,0.45,prob_floor,"prob_floor,trailing_prob_drop",-0.02013299999999872,-0.021901285883556276,8.836418,0.41829004883766174,0.001134264601786502,0.001134264537458696,,88364.18,88162.85,-0.021901285883556276,26.0
ETH/USDT,xgb_primary,primary,1m,2025-12-21 21:58:00+00:00,2025-12-21 20:41:00+00:00,2025-12-21 21:58:00+00:00,sell,False,pnl_block,pnl_block,,,False,0.5656820536,0.41829004883766174,0.48,0.43,prob_floor,"prob_floor,trailing_prob_drop",-0.11664000000000033,-0.12029148821094325,17.95548,0.41829004883766174,,0.033634417427398526,,2992.58,2973.14,-0.12029148821094325,77.0
ETH/USDT,xgb_primary,primary,1m,2025-12-21 21:59:00+00:00,2025-12-21 20:41:00+00:00,2025-12-21 21:59:00+00:00,sell,False,pnl_block,pnl_block,,,False,0.5656820536,0.41829004883766174,0.48,0.43,prob_floor,"prob_floor,trailing_prob_drop",-0.11309999999999945,-0.11675147622890208,17.95548,0.41829004883766174,,0.033627744233307715,,2992.58,2973.73,-0.11675147622890208,78.0
SOL/USDT,xgb_primary,conservative,1m,2025-12-21 21:59:00+00:00,2025-12-21 20:42:00+00:00,2025-12-21 21:59:00+00:00,sell,False,pnl_block,pnl_block,,,False,0.6076040864,0.41829004883766174,0.48,0.44,prob_floor,"prob_floor,trailing_prob_drop",-0.06789999999999993,-0.07036619244341201,8.8039,0.41829004883766174,0.8007687379877407,0.8012499499222879,,125.77,124.8,-0.07036619244341201,77.0
BTC/USDT,xgb_primary,conservative,1m,2025-12-21 21:59:00+00:00,2025-12-21 21:32:00+00:00,2025-12-21 21:59:00+00:00,sell,False,pnl_block,pnl_block,,,False,0.5656820536,0.41829004883766174,0.56,0.45,prob_floor,"prob_floor,trailing_prob_drop",-0.02431899999999878,-0.02608728635966977,8.836418,0.41829004883766174,0.0011342644731308978,0.001134803345645531,,88364.18,88120.99,-0.02608728635966977,27.0
ETH/USDT,xgb_primary,primary,1m,2025-12-21 22:00:00+00:00,2025-12-21 20:41:00+00:00,2025-12-21 22:00:00+00:00,sell,False,pnl_block,pnl_block,,,False,0.5656820536,0.41829004883766174,0.48,0.43,prob_floor,"prob_floor,trailing_prob_drop",-0.12516000000000077,-0.12881151706857338,17.95548,0.41829004883766174,,0.033650489194721175,,2992.58,2971.72,-0.12881151706857338,79.0
SOL/USDT,xgb_primary,conservative,1m,2025-12-21 22:00:00+00:00,2025-12-21 20:42:00+00:00,2025-12-21 22:00:00+00:00,sell,False,pnl_block,pnl_block,,,False,0.6076040864,0.41829004883766174,0.48,0.44,prob_floor,"prob_floor,trailing_prob_drop",-0.06369999999999977,-0.06616585347935784,8.8039,0.41829004883766174,8.013462617196435,0.8008649341292688,,125.77,124.86,-0.06616585347935784,78.0
BTC/USDT,xgb_primary,conservative,1m,2025-12-21 22:00:00+00:00,2025-12-21 21:32:00+00:00,2025-12-21 22:00:00+00:00,sell,False,pnl_block,pnl_block,,,False,0.5656820536,0.41829004883766174,0.56,0.45,prob_floor,"prob_floor,trailing_prob_drop",-0.02431899999999878,-0.02608728635966977,8.836418,0.41829004883766174,4.751421880302904,0.001134803345645531,,88364.18,88120.99,-0.02608728635966977,28.0
ETH/USDT,xgb_primary,primary,1m,2025-12-21 22:01:00+00:00,2025-12-21 20:41:00+00:00,2025-12-21 22:01:00+00:00,sell,False,pnl_block,pnl_block,,,False,0.5656820536,0.41829004883766174,0.48,0.43,prob_floor,"prob_floor,trailing_prob_drop",-0.10859999999999946,-0.11225146100436013,17.95548,0.41829004883766174,2.5230098498304536,0.03361926518292589,,2992.58,2974.48,-0.11225146100436013,80.0
BTC/USDT,xgb_primary,conservative,1m,2025-12-21 22:01:00+00:00,2025-12-21 21:32:00+00:00,2025-12-21 22:01:00+00:00,sell,False,pnl_block,pnl_block,,,False,0.5656820536,0.41829004883766174,0.56,0.45,prob_floor,"prob_floor,trailing_prob_drop",-0.019193999999998778,-0.020962285776817045,8.836418,0.41829004883766174,,0.0011341437427119284,,88364.18,88172.24,-0.020962285776817045,29.0
SOL/USDT,xgb_primary,conservative,1m,2025-12-21 22:02:00+00:00,2025-12-21 20:42:00+00:00,2025-12-21 22:02:00+00:00,sell,False,pnl_block,pnl_block,,,False,0.6076040864,0.565682053565979,0.48,0.44,gate_close,gate_close,-0.05739999999999953,-0.059865345643630594,8.8039,0.565682053565979,6.403586008165573,0.8002881037166104,,125.77,124.95,-0.059865345643630594,80.0
ETH/USDT,xgb_primary,primary,1m,2025-12-21 22:02:00+00:00,2025-12-21 20:41:00+00:00,2025-12-21 22:02:00+00:00,sell,False,pnl_block,pnl_block,,,False,0.5656820536,0.41829004883766174,0.48,0.43,prob_floor,"prob_floor,trailing_prob_drop",-0.10259999999999946,-0.10625144071690973,17.95548,0.41829004883766174,7.463489416636857,0.03360796643156841,,2992.58,2975.48,-0.10625144071690973,81.0
ETH/USDT,xgb_primary,primary,1m,2025-12-21 22:12:00+00:00,2025-12-21 20:41:00+00:00,2025-12-21 22:12:00+00:00,sell,True,dry_run,dry_run,,,True,0.5656820536,0.565682053565979,0.48,0.43,time_limit,time_exit,-0.09576000000000022,-0.09935109600000022,17.95548,0.565682053565979,0.03359509511684636,0.03359509511684636,17.85972,2992.58,2976.62,-0.09935109600000022,91.0
SOL/USDT,xgb_primary,conservative,1m,2025-12-21 22:12:00+00:00,2025-12-21 20:42:00+00:00,2025-12-21 22:12:00+00:00,sell,True,dry_run,dry_run,,,True,0.6076040864,0.5002435445785522,0.48,0.44,time_limit,time_exit,-0.06440000000000012,-0.06616078000000013,8.8039,0.5002435445785522,0.8009290777305769,0.8009290777305769,8.7395,125.77,124.85,-0.06616078000000013,90.0
ETH/USDT,xgb_primary,primary,1m,2025-12-21 22:13:00+00:00,,2025-12-21 22:13:00+00:00,buy,True,cooldown_after_loss,cooldown_after_loss,cooldown_after_loss,,False,0.565682053565979,0.565682053565979,,0.48,cooldown_after_loss,,,,,0.565682053565979,,,20.0,,2984.39,0.0,
BTC/USDT,xgb_primary,conservative,1m,2025-12-21 22:14:00+00:00,2025-12-21 21:32:00+00:00,2025-12-21 22:14:00+00:00,sell,False,dry_run,dry_run,,,True,0.5656820536,0.6076040863990784,0.56,0.45,take_profit,"take_profit,gate_close",0.010327000000000409,0.008559716400000408,8.836418,0.6076040863990784,4.872662372477093,0.0011303591822906204,8.846745,88364.18,88467.45,0.008559716400000408,42.0
ETH/USDT,xgb_primary,primary,1m,2025-12-21 22:15:00+00:00,,2025-12-21 22:15:00+00:00,buy,True,cooldown_after_loss,cooldown_after_loss,cooldown_after_loss,,False,0.6076040863990784,0.6076040863990784,,0.48,cooldown_after_loss,,,,,0.6076040863990784,,,20.0,,2989.14,0.0,
ETH/USDT,xgb_primary,primary,1m,2025-12-21 22:16:00+00:00,,2025-12-21 22:16:00+00:00,buy,True,cooldown_after_loss,cooldown_after_loss,cooldown_after_loss,,False,0.6699029207229614,0.6699029207229614,,0.48,cooldown_after_loss,,,,,0.6699029207229614,,,20.0,,2988.05,0.0,
ETH/USDT,xgb_primary,primary,1m,2025-12-21 22:17:00+00:00,,2025-12-21 22:17:00+00:00,buy,True,dry_run,dry_run,,exchange_qty_step,True,0.6076040863990784,0.6076040863990784,,0.48,dry_run,,,,,0.6076040863990784,0.033469946499021096,,17.926560000000002,,2987.76,0.0,
SOL/USDT,xgb_primary,conservative,1m,2025-12-21 22:17:00+00:00,,2025-12-21 22:17:00+00:00,buy,True,dry_run,dry_run,,exchange_qty_step,True,0.6076040863990784,0.6076040863990784,,0.48,dry_run,,,,,0.6076040863990784,0.798498822213511,,8.7668,,125.24,0.0,
BTC/USDT,xgb_primary,conservative,1m,2025-12-21 22:17:00+00:00,,2025-12-21 22:17:00+00:00,buy,True,dry_run,dry_run,,exchange_qty_step,True,0.6076040863990784,0.6076040863990784,,0.56,dry_run,,,,,0.6076040863990784,0.0011318610811789699,,8.835007000000001,,88350.07,0.0,
SOL/USDT,xgb_primary,conservative,1m,2025-12-21 22:18:00+00:00,2025-12-21 22:17:00+00:00,2025-12-21 22:18:00+00:00,sell,False,min_hold,min_hold,,,False,0.6076040864,0.6054344773292542,0.48,0.44,gate_close,gate_close,-0.016099999999999285,-0.01855461984881679,8.7668,0.6054344773292542,9.58236844206696,0.7999040115178903,,125.24,125.01,-0.01855461984881679,1.0
BTC/USDT,xgb_primary,conservative,1m,2025-12-21 22:19:00+00:00,2025-12-21 22:17:00+00:00,2025-12-21 22:19:00+00:00,sell,False,min_hold,min_hold,,,False,0.6076040864,0.5002435445785522,0.56,0.45,trailing_prob_drop,trailing_prob_drop,-0.008863000000000466,-0.010631002404119011,8.835007000000001,0.5002435445785522,7.990177927621143,0.001132997538705752,,88350.07,88261.44,-0.010631002404119011,2.0
SOL/USDT,xgb_primary,conservative,1m,2025-12-21 22:22:00+00:00,2025-12-21 22:17:00+00:00,2025-12-21 22:22:00+00:00,sell,False,pnl_block,pnl_block,,,False,0.6076040864,0.565682053565979,0.48,0.44,gate_close,gate_close,-0.016799999999999645,-0.019254675947362108,8.7668,0.565682053565979,7.992966189752563,0.799968001280358,,125.24,125.0,-0.019254675947362108,5.0
SOL/USDT,xgb_primary,conservative,1m,2025-12-21 22:26:00+00:00,2025-12-21 22:17:00+00:00,2025-12-21 22:26:00+00:00,sell,False,pnl_block,pnl_block,,,False,0.6076040864,0.6076040863990784,0.48,0.44,gate_close,gate_close,-0.0013999999999997216,-0.003853443849071751,8.7668,0.6076040863990784,10.380899145571783,0.7985625873431915,,125.24,125.22,-0.003853443849071751,9.0
BTC/USDT,xgb_primary,conservative,1m,2025-12-21 22:29:00+00:00,2025-12-21 22:17:00+00:00,2025-12-21 22:29:00+00:00,sell,False,dry_run,dry_run,,,True,0.6076040864,0.5002435445785522,0.56,0.45,prob_trailing,trailing_prob_drop,0.006216999999999826,0.004449998599999826,8.835007000000001,0.5002435445785522,1.8934939637943045,0.0011310650458837813,8.841224,88350.07,88412.24,0.004449998599999826,12.0
SOL/USDT,xgb_primary,conservative,1m,2025-12-21 22:31:00+00:00,2025-12-21 22:17:00+00:00,2025-12-21 22:31:00+00:00,sell,False,pnl_block,pnl_block,,,False,0.6076040864,0.4742901027202606,0.48,0.44,trailing_prob_drop,trailing_prob_drop,-0.004899999999999523,-0.007353723491112324,8.7668,0.4742901027202606,8.78033205619408,0.7988815658082776,,125.24,125.17,-0.007353723491112324,14.0
SOL/USDT,xgb_primary,conservative,1m,2025-12-21 22:32:00+00:00,2025-12-21 22:17:00+00:00,2025-12-21 22:32:00+00:00,sell,False,pnl_block,pnl_block,,,False,0.6076040864,0.41829004883766174,0.48,0.44,prob_floor,"prob_floor,trailing_prob_drop",-0.004899999999999523,-0.007353723491112324,8.7668,0.41829004883766174,5.591947595461989,0.7988815658082776,,125.24,125.17,-0.007353723491112324,15.0
SOL/USDT,xgb_primary,conservative,1m,2025-12-21 22:34:00+00:00,2025-12-21 22:17:00+00:00,2025-12-21 22:34:00+00:00,sell,False,dry_run,dry_run,,,True,0.6076040864,0.565682053565979,0.48,0.44,gate_close,gate_close,0.004900000000000518,0.003146640000000518,8.7668,0.565682053565979,8.777529524417446,0.7979890675490489,8.771700000000001,125.24,125.31,0.003146640000000518,17.0
SOL/USDT,xgb_primary,conservative,1m,2025-12-21 22:35:00+00:00,,2025-12-21 22:35:00+00:00,buy,True,cooldown_after_exit,cooldown_after_exit,cooldown_after_exit,,False,0.6076040863990784,0.6076040863990784,,0.48,cooldown_after_exit,,,,,0.6076040863990784,,,10.0,,125.29,0.0,
BTC/USDT,xgb_primary,conservative,1m,2025-12-21 22:35:00+00:00,,2025-12-21 22:35:00+00:00,buy,True,dry_run,dry_run,,exchange_qty_step,True,0.565682053565979,0.565682053565979,,0.56,dry_run,,,,,0.565682053565979,0.001131446537913696,,8.838244000000001,,88382.44,0.0,
SOL/USDT,xgb_primary,conservative,1m,2025-12-21 22:36:00+00:00,,2025-12-21 22:36:00+00:00,buy,True,dry_run,dry_run,,exchange_qty_step,True,0.6076040863990784,0.6076040863990784,,0.48,dry_run,,,,,0.6076040863990784,0.7980527512872684,,8.771700000000001,,125.31,0.0,
BTC/USDT,xgb_primary,conservative,1m,2025-12-21 22:40:00+00:00,2025-12-21 22:35:00+00:00,2025-12-21 22:40:00+00:00,sell,False,dry_run,dry_run,,,True,0.5656820536,0.565682053565979,0.56,0.45,gate_close,gate_close,0.003936000000000058,0.002168351200000058,8.838244000000001,0.565682053565979,4.694274353980185,0.0011309427572487704,8.84218,88382.44,88421.8,0.002168351200000058,5.0
ETH/USDT,xgb_primary,primary,1m,2025-12-21 22:41:00+00:00,2025-12-21 22:17:00+00:00,2025-12-21 22:41:00+00:00,sell,True,dry_run,dry_run,,,True,0.6076040864,0.5878524780273438,0.48,0.43,take_profit,take_profit,0.021839999999999235,0.018254687999999235,17.926560000000002,0.5878524780273438,0.033429107726180615,0.033429107726180615,17.9484,2987.76,2991.4,0.018254687999999235,24.0
SOL/USDT,xgb_primary,conservative,1m,2025-12-21 22:41:00+00:00,2025-12-21 22:36:00+00:00,2025-12-21 22:41:00+00:00,sell,False,dry_run,dry_run,,,True,0.6076040864,0.6076040863990784,0.48,0.44,take_profit,"take_profit,gate_close",0.016799999999999645,0.015045659999999645,8.771700000000001,0.6076040863990784,5.57902287399324,0.7964637011672268,8.7885,125.31,125.55,0.015045659999999645,5.0
BTC/USDT,xgb_primary,conservative,1m,2025-12-21 22:41:00+00:00,,2025-12-21 22:41:00+00:00,buy,True,cooldown_after_exit,cooldown_after_exit,cooldown_after_exit,,False,0.5878524780273438,0.5878524780273438,,0.56,cooldown_after_exit,,,,,0.5878524780273438,,,15.0,,88421.81,0.0,
ETH/USDT,xgb_primary,primary,1m,2025-12-21 22:42:00+00:00,,2025-12-21 22:42:00+00:00,buy,True,cooldown_after_exit,cooldown_after_exit,cooldown_after_exit,,False,0.565682053565979,0.565682053565979,,0.48,cooldown_after_exit,,,,,0.565682053565979,,,20.0,,2991.8,0.0,
ETH/USDT,xgb_primary,primary,1m,2025-12-21 22:43:00+00:00,,2025-12-21 22:43:00+00:00,buy,True,dry_run,dry_run,,exchange_qty_step,True,0.5878524780273438,0.5878524780273438,,0.48,dry_run,,,,,0.5878524780273438,0.03343145465194858,,17.9472,,2991.2,0.0,
BTC/USDT,xgb_primary,conservative,1m,2025-12-21 22:43:00+00:00,,2025-12-21 22:43:00+00:00,buy,True,dry_run,dry_run,,exchange_qty_step,True,0.565682053565979,0.565682053565979,,0.56,dry_run,,,,,0.565682053565979,0.0011306942976670583,,8.844124,,88441.24,0.0,
SOL/USDT,xgb_primary,conservative,1m,2025-12-21 22:45:00+00:00,,2025-12-21 22:45:00+00:00,buy,True,dry_run,dry_run,,exchange_qty_step,True,0.5878524780273438,0.5878524780273438,,0.48,dry_run,,,,,0.5878524780273438,0.7969079969710249,,8.7843,,125.49,0.0,
SOL/USDT,xgb_primary,conservative,1m,2025-12-21 22:46:00+00:00,2025-12-21 22:45:00+00:00,2025-12-21 22:46:00+00:00,sell,False,min_hold,min_hold,,,False,0.587852478,0.565682053565979,0.48,0.44,gate_close,gate_close,-0.0034999999999998014,-0.005957111106062578,8.7843,0.565682053565979,7.171886206071336,0.7971621029140353,,125.49,125.44,-0.005957111106062578,1.0
BTC/USDT,xgb_primary,conservative,1m,2025-12-21 22:46:00+00:00,2025-12-21 22:43:00+00:00,2025-12-21 22:46:00+00:00,sell,False,min_hold,min_hold,,,False,0.5656820536,0.565682053565979,0.56,0.45,gate_close,gate_close,-0.004020000000001164,-0.005789825254691291,8.844124,0.565682053565979,4.407292151559411,0.0011312083481946652,,88441.24,88401.04,-0.005789825254691291,3.0
SOL/USDT,xgb_primary,conservative,1m,2025-12-21 22:49:00+00:00,2025-12-21 22:45:00+00:00,2025-12-21 22:49:00+00:00,sell,False,min_hold,min_hold,,,False,0.587852478,0.565682053565979,0.48,0.44,gate_close,gate_close,-0.0021000000000000797,-0.0045569994811306335,8.7843,0.565682053565979,5.579467559380933,0.7970350296899626,,125.49,125.46,-0.0045569994811306335,4.0
SOL/USDT,xgb_primary,conservative,1m,2025-12-21 22:51:00+00:00,2025-12-21 22:45:00+00:00,2025-12-21 22:51:00+00:00,sell,True,dry_run,dry_run,,,True,0.587852478,0.565682053565979,0.48,0.44,take_profit,take_profit,0.012600000000000479,0.010843140000000478,8.7843,0.565682053565979,1.593879502709278,0.7957032027057979,8.7969,125.49,125.67,0.010843140000000478,6.0
ETH/USDT,xgb_primary,primary,1m,2025-12-21 22:53:00+00:00,2025-12-21 22:43:00+00:00,2025-12-21 22:53:00+00:00,sell,True,dry_run,dry_run,,,True,0.587852478,0.565682053565979,0.48,0.43,take_profit,take_profit,0.024,0.02041056,17.9472,0.565682053565979,0.033386696403813025,0.033386696403813025,17.9712,2991.2,2995.2,0.02041056,10.0
SOL/USDT,xgb_primary,conservative,1m,2025-12-21 22:54:00+00:00,,2025-12-21 22:54:00+00:00,buy,True,dry_run,dry_run,,exchange_qty_step,True,0.6076040863990784,0.6076040863990784,,0.48,dry_run,,,,,0.6076040863990784,0.7945651742088211,,8.8102,,125.86,0.0,
ETH/USDT,xgb_primary,primary,1m,2025-12-21 22:55:00+00:00,,2025-12-21 22:55:00+00:00,buy,True,dry_run,dry_run,,exchange_qty_step,True,0.565682053565979,0.565682053565979,,0.48,dry_run,,,,,0.565682053565979,0.03340967444015669,,17.9589,,2993.15,0.0,
ETH/USDT,xgb_primary,primary,1m,2025-12-21 23:00:00+00:00,2025-12-21 22:55:00+00:00,2025-12-21 23:00:00+00:00,sell,True,min_hold,min_hold,,,False,0.5656820536,0.6076040863990784,0.48,0.43,take_profit,take_profit,0.03617999999999847,0.03252834073279624,17.9589,0.6076040863990784,,0.03334239135037778,,2993.15,2999.18,0.03252834073279624,5.0
SOL/USDT,xgb_primary,conservative,1m,2025-12-21 23:00:00+00:00,2025-12-21 22:54:00+00:00,2025-12-21 23:00:00+00:00,sell,False,dry_run,dry_run,,,True,0.6076040864,0.6076040863990784,0.48,0.44,take_profit,"take_profit,gate_close",0.01610000000000028,0.014337960000000281,8.8102,0.6076040863990784,18.261214767765303,0.793052856972196,8.826300000000002,125.86,126.09,0.014337960000000281,6.0
BTC/USDT,xgb_primary,conservative,1m,2025-12-21 23:00:00+00:00,2025-12-21 22:43:00+00:00,2025-12-21 23:00:00+00:00,sell,False,dry_run,dry_run,,,True,0.5656820536,0.565682053565979,0.56,0.45,take_profit,"take_profit,gate_close",0.015875,0.0141061752,8.844124,0.565682053565979,8.48298031458228,0.0011286682346608836,8.859999,88441.24,88599.99,0.0141061752,17.0
ETH/USDT,xgb_primary,primary,1m,2025-12-21 23:01:00+00:00,2025-12-21 22:55:00+00:00,2025-12-21 23:01:00+00:00,sell,True,dry_run,dry_run,,,True,0.5656820536,0.6076040863990784,0.48,0.43,take_profit,take_profit,0.06269999999999891,0.05910821999999891,17.9589,0.6076040863990784,0.03329332585415951,0.03329332585415951,18.0216,2993.15,3003.6,0.05910821999999891,6.0
ETH/USDT,xgb_primary,primary,1m,2025-12-21 23:02:00+00:00,,2025-12-21 23:02:00+00:00,buy,True,cooldown_after_exit,cooldown_after_exit,cooldown_after_exit,,False,0.6076040863990784,0.6076040863990784,,0.48,cooldown_after_exit,,,,,0.6076040863990784,,,20.0,,3008.42,0.0,
SOL/USDT,xgb_primary,conservative,1m,2025-12-21 23:04:00+00:00,,2025-12-21 23:04:00+00:00,buy,True,dry_run,dry_run,,exchange_qty_step,True,0.6844155788421631,0.6844155788421631,,0.48,dry_run,,,,,0.6844155788421631,0.792989968677302,,8.8277,,126.11,0.0,
BTC/USDT,xgb_primary,conservative,1m,2025-12-21 23:04:00+00:00,,2025-12-21 23:04:00+00:00,buy,True,dry_run,dry_run,,exchange_qty_step,True,0.6076040863990784,0.6076040863990784,,0.56,dry_run,,,,,0.6076040863990784,0.0011280437380135596,,8.864905,,88649.05,0.0,
ETH/USDT,xgb_primary,primary,1m,2025-12-21 23:05:00+00:00,,2025-12-21 23:05:00+00:00,buy,True,dry_run,dry_run,,exchange_qty_step,True,0.6699029207229614,0.6699029207229614,,0.48,dry_run,,,,,0.6699029207229614,0.033298647243182614,,18.01878,,3003.13,0.0,
BTC/USDT,xgb_primary,conservative,1m,2025-12-21 23:05:00+00:00,2025-12-21 23:04:00+00:00,2025-12-21 23:05:00+00:00,sell,False,min_hold,min_hold,,,False,0.6076040864,0.6076040863990784,0.56,0.45,gate_close,gate_close,-0.01196600000000035,-0.013739982351584799,8.864905,0.6076040863990784,8.545546805567433,0.001129568319625511,,88649.05,88529.39,-0.013739982351584799,1.0
SOL/USDT,xgb_primary,conservative,1m,2025-12-21 23:06:00+00:00,2025-12-21 23:04:00+00:00,2025-12-21 23:06:00+00:00,sell,False,min_hold,min_hold,,,False,0.6844155788,0.565682053565979,0.48,0.44,gate_close,"gate_close,trailing_prob_drop",-0.016799999999999645,-0.019266846852034756,8.8277,0.565682053565979,26.236285577993186,0.7944389275067253,,126.11,125.87,-0.019266846852034756,2.0
BTC/USDT,xgb_primary,conservative,1m,2025-12-21 23:06:00+00:00,2025-12-21 23:04:00+00:00,2025-12-21 23:06:00+00:00,sell,False,min_hold,min_hold,,,False,0.6076040864,0.565682053565979,0.56,0.45,gate_close,gate_close,-0.00706200000000099,-0.00883598179720499,8.864905,0.565682053565979,13.516415283105813,0.0011289429542656998,,88649.05,88578.43,-0.00883598179720499,2.0
SOL/USDT,xgb_primary,conservative,1m,2025-12-21 23:08:00+00:00,2025-12-21 23:04:00+00:00,2025-12-21 23:08:00+00:00,sell,True,min_hold,min_hold,,,False,0.6844155788,0.565682053565979,0.48,0.44,trailing_prob_drop,trailing_prob_drop,-0.006999999999999603,-0.009466067714953535,8.8277,0.565682053565979,,0.793556322659279,,126.11,126.01,-0.009466067714953535,4.0
SOL/USDT,xgb_primary,conservative,1m,2025-12-21 23:10:00+00:00,2025-12-21 23:04:00+00:00,2025-12-21 23:10:00+00:00,sell,False,pnl_block,pnl_block,,,False,0.6844155788,0.5002435445785522,0.48,0.44,gate_close,"gate_close,trailing_prob_drop",-0.014699999999999564,-0.017166679748221794,8.8277,0.5002435445785522,7.1451254366468255,0.7942496326588225,,126.11,125.9,-0.017166679748221794,6.0
SOL/USDT,xgb_primary,conservative,1m,2025-12-21 23:11:00+00:00,2025-12-21 23:04:00+00:00,2025-12-21 23:11:00+00:00,sell,True,pnl_block,pnl_block,,,False,0.6844155788,0.565682053565979,0.48,0.44,trailing_prob_drop,trailing_prob_drop,-0.018899999999999723,-0.02136701403551897,8.8277,0.565682053565979,,0.7946283126060555,,126.11,125.84,-0.02136701403551897,7.0
SOL/USDT,xgb_primary,conservative,1m,2025-12-21 23:12:00+00:00,2025-12-21 23:04:00+00:00,2025-12-21 23:12:00+00:00,sell,True,pnl_block,pnl_block,,,False,0.6844155788,0.565682053565979,0.48,0.44,trailing_prob_drop,trailing_prob_drop,-0.019600000000000083,-0.022067069781062945,8.8277,0.565682053565979,0.7947862025108017,0.7946914610406576,,126.11,125.83,-0.022067069781062945,8.0
SOL/USDT,xgb_primary,conservative,1m,2025-12-21 23:13:00+00:00,2025-12-21 23:04:00+00:00,2025-12-21 23:13:00+00:00,sell,True,pnl_block,pnl_block,,,False,0.6844155788,0.5002435445785522,0.48,0.44,trailing_prob_drop,trailing_prob_drop,-0.025199999999999962,-0.027667516064570317,8.8277,0.5002435445785522,2.384169117062794,0.795197010059649,,126.11,125.75,-0.027667516064570317,9.0
SOL/USDT,xgb_primary,conservative,1m,2025-12-21 23:14:00+00:00,2025-12-21 23:04:00+00:00,2025-12-21 23:14:00+00:00,sell,False,pnl_block,pnl_block,,,False,0.6844155788,0.4742901027202606,0.48,0.44,trailing_prob_drop,trailing_prob_drop,-0.006999999999999603,-0.009466067714953535,8.8277,0.4742901027202606,4.770613023773736,0.793556322659279,,126.11,126.01,-0.009466067714953535,10.0
SOL/USDT,xgb_primary,conservative,1m,2025-12-21 23:15:00+00:00,2025-12-21 23:04:00+00:00,2025-12-21 23:15:00+00:00,sell,False,pnl_block,pnl_block,,,False,0.6844155788,0.5002435445785522,0.48,0.44,gate_close,"gate_close,trailing_prob_drop",-0.002800000000000438,-0.005965873121828566,8.8277,0.5002435445785522,19.049130883403038,1.5862944162444665,,126.11,126.07,-0.005965873121828566,11.0
BTC/USDT,xgb_primary,conservative,1m,2025-12-21 23:15:00+00:00,2025-12-21 23:04:00+00:00,2025-12-21 23:15:00+00:00,sell,False,pnl_block,pnl_block,,,False,0.6076040864,0.565682053565979,0.56,0.45,gate_close,gate_close,-0.004574000000000524,-0.00634798151617853,8.864905,0.565682053565979,10.431351327686723,0.0011286259446741046,,88649.05,88603.31,-0.00634798151617853,11.0
ETH/USDT,xgb_primary,primary,1m,2025-12-21 23:16:00+00:00,2025-12-21 23:05:00+00:00,2025-12-21 23:16:00+00:00,sell,True,dry_run,dry_run,,,True,0.6699029207,0.5878524780273438,0.48,0.43,take_profit,take_profit,0.02495999999999913,0.02135624399999913,18.01878,0.5878524780273438,0.0332524744004771,0.0332524744004771,18.04374,3003.13,3007.29,0.02135624399999913,11.0
SOL/USDT,xgb_primary,conservative,1m,2025-12-21 23:16:00+00:00,2025-12-21 23:04:00+00:00,2025-12-21 23:16:00+00:00,sell,True,pnl_block,pnl_block,,,False,0.6844155788,0.5002435445785522,0.48,0.44,trailing_prob_drop,trailing_prob_drop,-0.0021000000000000797,-0.004565678795257606,8.8277,0.5002435445785522,,0.7931157552448836,,126.11,126.08,-0.004565678795257606,12.0
ETH/USDT,xgb_primary,primary,1m,2025-12-21 23:17:00+00:00,,2025-12-21 23:17:00+00:00,buy,True,cooldown_after_exit,cooldown_after_exit,cooldown_after_exit,,False,0.565682053565979,0.565682053565979,,0.48,cooldown_after_exit,,,,,0.565682053565979,,,20.0,,3006.25,0.0,
SOL/USDT,xgb_primary,conservative,1m,2025-12-21 23:17:00+00:00,2025-12-21 23:04:00+00:00,2025-12-21 23:17:00+00:00,sell,True,pnl_block,pnl_block,,,False,0.6844155788,0.5002435445785522,0.48,0.44,trailing_prob_drop,trailing_prob_drop,-0.009800000000000041,-0.012266290148839456,8.8277,0.5002435445785522,,0.793808295297092,,126.11,125.97,-0.012266290148839456,13.0
BTC/USDT,xgb_primary,conservative,1m,2025-12-21 23:17:00+00:00,2025-12-21 23:04:00+00:00,2025-12-21 23:17:00+00:00,sell,False,pnl_block,pnl_block,,,False,0.6076040864,0.41829004883766174,0.56,0.45,prob_floor,"prob_floor,trailing_prob_drop",-0.007705999999999768,-0.009479981869969487,8.864905,0.41829004883766174,2.0621889362383006,0.0011290250371758378,,88649.05,88571.99,-0.009479981869969487,13.0
SOL/USDT,xgb_primary,conservative,1m,2025-12-21 23:18:00+00:00,2025-12-21 23:04:00+00:00,2025-12-21 23:18:00+00:00,sell,False,pnl_block,pnl_block,,,False,0.6844155788,0.41829004883766174,0.48,0.44,prob_floor,"prob_floor,trailing_prob_drop",-0.009099999999999683,-0.011566234527125291,8.8277,0.41829004883766174,7.1445582281498305,0.7937452871366358,,126.11,125.98,-0.011566234527125291,14.0
BTC/USDT,xgb_primary,conservative,1m,2025-12-21 23:18:00+00:00,2025-12-21 23:04:00+00:00,2025-12-21 23:18:00+00:00,sell,False,pnl_block,pnl_block,,,False,0.6076040864,0.41829004883766174,0.56,0.45,prob_floor,"prob_floor,trailing_prob_drop",-0.005386000000000058,-0.007159981607876745,8.864905,0.41829004883766174,2.7446600217515345,0.0011287293847890181,,88649.05,88595.19,-0.007159981607876745,14.0
BTC/USDT,xgb_primary,conservative,1m,2025-12-21 23:19:00+00:00,2025-12-21 23:04:00+00:00,2025-12-21 23:19:00+00:00,sell,False,pnl_block,pnl_block,,,False,0.6076040864,0.41829004883766174,0.56,0.45,prob_floor,"prob_floor,trailing_prob_drop",-0.006708000000000175,-0.008481981757207876,8.864905,0.41829004883766174,2.212527738438337,0.0011288978366943512,,88649.05,88581.97,-0.008481981757207876,15.0
SOL/USDT,xgb_primary,conservative,1m,2025-12-21 23:19:00+00:00,2025-12-21 23:04:00+00:00,2025-12-21 23:19:00+00:00,sell,False,pnl_block,pnl_block,,,False,0.6844155788,0.41829004883766174,0.48,0.44,prob_floor,"prob_floor,trailing_prob_drop",-0.009099999999999683,-0.011566234527125291,8.8277,0.41829004883766174,5.559968228752436,0.7937452871366358,,126.11,125.98,-0.011566234527125291,15.0
SOL/USDT,xgb_primary,conservative,1m,2025-12-21 23:20:00+00:00,2025-12-21 23:04:00+00:00,2025-12-21 23:20:00+00:00,sell,False,pnl_block,pnl_block,,,False,0.6844155788,0.4742901027202606,0.48,0.44,trailing_prob_drop,trailing_prob_drop,-0.004200000000000159,-0.006665845422236843,8.8277,0.4742901027202606,,0.7933045099365448,,126.11,126.05,-0.006665845422236843,16.0
BTC/USDT,xgb_primary,conservative,1m,2025-12-21 23:20:00+00:00,2025-12-21 23:04:00+00:00,2025-12-21 23:20:00+00:00,sell,False,pnl_block,pnl_block,,,False,0.6076040864,0.4742901027202606,0.56,0.45,trailing_prob_drop,trailing_prob_drop,-0.004343000000000757,-0.0061169814900947275,8.864905,0.4742901027202606,1.5285277579617609,0.0011285965207415698,,88649.05,88605.62,-0.0061169814900947275,16.0
ETH/USDT,xgb_primary,primary,1m,2025-12-21 23:20:00+00:00,,2025-12-21 23:20:00+00:00,buy,True,dry_run,dry_run,,exchange_qty_step,True,0.5002435445785522,0.5002435445785522,,0.48,dry_run,,,,,0.5002435445785522,0.033295321174204556,,18.02058,,3003.43,0.0,
SOL/USDT,xgb_primary,conservative,1m,2025-12-21 23:23:00+00:00,2025-12-21 23:04:00+00:00,2025-12-21 23:23:00+00:00,sell,True,dry_run,dry_run,,,True,0.6844155788,0.565682053565979,0.48,0.44,prob_trailing,trailing_prob_drop,0.0021000000000000797,0.00033446000000007955,8.8277,0.565682053565979,0.7927385152011664,0.7927385152011664,8.8298,126.11,126.14,0.00033446000000007955,19.0
SOL/USDT,xgb_primary,conservative,1m,2025-12-21 23:24:00+00:00,,2025-12-21 23:24:00+00:00,buy,True,cooldown_after_exit,cooldown_after_exit,cooldown_after_exit,,False,0.565682053565979,0.565682053565979,,0.48,cooldown_after_exit,,,,,0.565682053565979,,,10.0,,126.15,0.0,
BTC/USDT,xgb_primary,conservative,1m,2025-12-21 23:24:00+00:00,2025-12-21 23:04:00+00:00,2025-12-21 23:24:00+00:00,sell,False,pnl_block,pnl_block,,,False,0.6076040864,0.5002435445785522,0.56,0.45,trailing_prob_drop,trailing_prob_drop,-0.0034570000000006987,-0.005230981390062014,8.864905,0.5002435445785522,1.3843624136679693,0.0011284836795376315,,88649.05,88614.48,-0.005230981390062014,20.0
SOL/USDT,xgb_primary,conservative,1m,2025-12-21 23:25:00+00:00,,2025-12-21 23:25:00+00:00,buy,True,dry_run,dry_run,,exchange_qty_step,True,0.6076040863990784,0.6076040863990784,,0.48,dry_run,,,,,0.6076040863990784,0.793052856972196,,8.827,,126.1,0.0,
BTC/USDT,xgb_primary,conservative,1m,2025-12-21 23:26:00+00:00,2025-12-21 23:04:00+00:00,2025-12-21 23:26:00+00:00,sell,False,pnl_block,pnl_block,,,False,0.6076040864,0.41829004883766174,0.56,0.45,prob_floor,"prob_floor,trailing_prob_drop",-0.01335899999999965,-0.015132982509170433,8.864905,0.41829004883766174,8.405445626412194,0.001129746083891816,,88649.05,88515.46,-0.015132982509170433,22.0
BTC/USDT,xgb_primary,conservative,1m,2025-12-21 23:27:00+00:00,2025-12-21 23:04:00+00:00,2025-12-21 23:27:00+00:00,sell,False,pnl_block,pnl_block,,,False,0.6076040864,0.4742901027202606,0.56,0.45,trailing_prob_drop,trailing_prob_drop,-0.013929000000000816,-0.01570298257366992,8.864905,0.4742901027202606,0.7985609186779203,0.0011298188408152734,,88649.05,88509.76,-0.01570298257366992,23.0
SOL/USDT,xgb_primary,conservative,1m,2025-12-21 23:28:00+00:00,2025-12-21 23:25:00+00:00,2025-12-21 23:28:00+00:00,sell,False,min_hold,min_hold,,,False,0.6076040864,0.565682053565979,0.48,0.44,gate_close,gate_close,-0.018199999999999366,-0.020666818411536732,8.827,0.565682053565979,5.5555555555550145,0.7946283126060555,,126.1,125.84,-0.020666818411536732,3.0
BTC/USDT,xgb_primary,conservative,1m,2025-12-21 23:28:00+00:00,2025-12-21 23:04:00+00:00,2025-12-21 23:28:00+00:00,sell,False,pnl_block,pnl_block,,,False,0.6076040864,0.4742901027202606,0.56,0.45,trailing_prob_drop,trailing_prob_drop,-0.01990500000000029,-0.021678983250367077,8.864905,0.4742901027202606,0.9049849417730612,0.0011305821853555926,,88649.05,88450.0,-0.021678983250367077,24.0
BTC/USDT,xgb_primary,conservative,1m,2025-12-21 23:29:00+00:00,2025-12-21 23:04:00+00:00,2025-12-21 23:29:00+00:00,sell,False,pnl_block,pnl_block,,,False,0.6076040864,0.41829004883766174,0.56,0.45,prob_floor,"prob_floor,trailing_prob_drop",-0.02481200000000099,-0.026585983806703007,8.864905,0.41829004883766174,3.4482754722130617,0.001131209755791975,,88649.05,88400.93,-0.026585983806703007,25.0
SOL/USDT,xgb_primary,conservative,1m,2025-12-21 23:29:00+00:00,2025-12-21 23:25:00+00:00,2025-12-21 23:29:00+00:00,sell,False,min_hold,min_hold,,,False,0.6076040864,0.565682053565979,0.48,0.44,gate_close,gate_close,-0.035,-0.03746815864814335,8.827,0.565682053565979,7.9421809228821,0.7961466502133765,,126.1,125.6,-0.03746815864814335,4.0
SOL/USDT,xgb_primary,conservative,1m,2025-12-21 23:30:00+00:00,2025-12-21 23:25:00+00:00,2025-12-21 23:30:00+00:00,sell,False,pnl_block,pnl_block,,,False,0.6076040864,0.41829004883766174,0.48,0.44,prob_floor,"prob_floor,trailing_prob_drop",-0.03289999999999992,-0.035367990838540496,8.827,0.41829004883766174,20.698988934002475,0.795956540773281,,126.1,125.63,-0.035367990838540496,5.0
BTC/USDT,xgb_primary,conservative,1m,2025-12-21 23:30:00+00:00,2025-12-21 23:04:00+00:00,2025-12-21 23:30:00+00:00,sell,False,pnl_block,pnl_block,,,False,0.6076040864,0.4007633626461029,0.56,0.45,prob_floor,"prob_floor,trailing_prob_drop",-0.024415000000000874,-0.02618898376166984,8.864905,0.4007633626461029,7.508175153642719,0.0011311589565435568,,88649.05,88404.9,-0.02618898376166984,26.0
ETH/USDT,xgb_primary,primary,1m,2025-12-21 23:30:00+00:00,2025-12-21 23:20:00+00:00,2025-12-21 23:30:00+00:00,sell,False,pnl_block,pnl_block,,,False,0.5002435446,0.41829004883766174,0.48,0.43,prob_floor,prob_floor,-0.05279999999999836,-0.05646429221512833,18.02058,0.41829004883766174,,0.03339305123917783,,3003.43,2994.63,-0.05646429221512833,10.0
ETH/USDT,xgb_primary,primary,1m,2025-12-21 23:31:00+00:00,2025-12-21 23:20:00+00:00,2025-12-21 23:31:00+00:00,sell,False,pnl_block,pnl_block,,,False,0.5002435446,0.4007633626461029,0.48,0.43,prob_floor,prob_floor,-0.05921999999999935,-0.0628843137241189,18.02058,0.4007633626461029,,0.03340498703124294,,3003.43,2993.56,-0.0628843137241189,11.0
SOL/USDT,xgb_primary,conservative,1m,2025-12-21 23:31:00+00:00,2025-12-21 23:25:00+00:00,2025-12-21 23:31:00+00:00,sell,False,pnl_block,pnl_block,,,False,0.6076040864,0.4007633626461029,0.48,0.44,prob_floor,"prob_floor,trailing_prob_drop",-0.037799999999999445,-0.040268382519012866,8.827,0.4007633626461029,1.5919764387483897,0.7964002707753678,,126.1,125.56,-0.040268382519012866,6.0
BTC/USDT,xgb_primary,conservative,1m,2025-12-21 23:31:00+00:00,2025-12-21 23:04:00+00:00,2025-12-21 23:31:00+00:00,sell,False,pnl_block,pnl_block,,,False,0.6076040864,0.41829004883766174,0.56,0.45,prob_floor,"prob_floor,trailing_prob_drop",-0.025154000000000815,-0.02692798384550029,8.864905,0.41829004883766174,2.6639424697023673,0.0011312535210195927,,88649.05,88397.51,-0.02692798384550029,27.0
ETH/USDT,xgb_primary,primary,1m,2025-12-21 23:32:00+00:00,2025-12-21 23:20:00+00:00,2025-12-21 23:32:00+00:00,sell,False,pnl_block,pnl_block,,,False,0.5002435446,0.4007633626461029,0.48,0.43,prob_floor,prob_floor,-0.05951999999999771,-0.06318431472958341,18.02058,0.4007633626461029,,0.03340554498562236,,3003.43,2993.51,-0.06318431472958341,12.0
SOL/USDT,xgb_primary,conservative,1m,2025-12-21 23:32:00+00:00,2025-12-21 23:25:00+00:00,2025-12-21 23:32:00+00:00,sell,False,pnl_block,pnl_block,,,False,0.6076040864,0.4007633626461029,0.48,0.44,prob_floor,"prob_floor,trailing_prob_drop",-0.035699999999999364,-0.03816821460249086,8.827,0.4007633626461029,7.966223213573991,0.7962100402078829,,126.1,125.59,-0.03816821460249086,7.0
BTC/USDT,xgb_primary,conservative,1m,2025-12-21 23:32:00+00:00,2025-12-21 23:04:00+00:00,2025-12-21 23:32:00+00:00,sell,False,pnl_block,pnl_block,,,False,0.6076040864,0.41829004883766174,0.56,0.45,prob_floor,"prob_floor,trailing_prob_drop",-0.02646100000000006,-0.028234983993795558,8.864905,0.41829004883766174,4.770495823864544,0.001131420805409969,,88649.05,88384.44,-0.028234983993795558,28.0
SOL/USDT,xgb_primary,conservative,1m,2025-12-21 23:33:00+00:00,2025-12-21 23:25:00+00:00,2025-12-21 23:33:00+00:00,sell,False,pnl_block,pnl_block,,,False,0.6076040864,0.4007633626461029,0.48,0.44,prob_floor,"prob_floor,trailing_prob_drop",-0.037799999999999445,-0.040268382519012866,8.827,0.4007633626461029,,0.7964002707753678,,126.1,125.56,-0.040268382519012866,8.0
BTC/USDT,xgb_primary,conservative,1m,2025-12-21 23:33:00+00:00,2025-12-21 23:04:00+00:00,2025-12-21 23:33:00+00:00,sell,False,pnl_block,pnl_block,,,False,0.6076040864,0.41829004883766174,0.56,0.45,prob_floor,"prob_floor,trailing_prob_drop",-0.02646100000000006,-0.028234983993795558,8.864905,0.41829004883766174,2.5773764502691185,0.001131420805409969,,88649.05,88384.44,-0.028234983993795558,29.0
ETH/USDT,xgb_primary,primary,1m,2025-12-21 23:33:00+00:00,2025-12-21 23:20:00+00:00,2025-12-21 23:33:00+00:00,sell,False,pnl_block,pnl_block,,,False,0.5002435446,0.39150944352149963,0.48,0.43,prob_floor,prob_floor,-0.06119999999999891,-0.06486432036083116,18.02058,0.39150944352149963,,0.03340866988313157,,3003.43,2993.23,-0.06486432036083116,13.0
ETH/USDT,xgb_primary,primary,1m,2025-12-21 23:34:00+00:00,2025-12-21 23:20:00+00:00,2025-12-21 23:34:00+00:00,sell,False,pnl_block,pnl_block,,,False,0.5002435446,0.3245033025741577,0.48,0.43,prob_floor,"prob_floor,trailing_prob_drop",-0.05993999999999869,-0.06360431613729726,18.02058,0.3245033025741577,,0.033406326155194205,,3003.43,2993.44,-0.06360431613729726,14.0
ETH/USDT,xgb_primary,primary,1m,2025-12-21 23:35:00+00:00,2025-12-21 23:20:00+00:00,2025-12-21 23:35:00+00:00,sell,False,pnl_block,pnl_block,,,False,0.5002435446,0.3245033025741577,0.48,0.43,prob_floor,"prob_floor,trailing_prob_drop",-0.03635999999999967,-0.04002423720605628,18.02058,0.3245033025741577,,0.03336252554391185,,3003.43,2997.37,-0.04002423720605628,15.0
BTC/USDT,xgb_primary,conservative,1m,2025-12-21 23:35:00+00:00,2025-12-21 23:04:00+00:00,2025-12-21 23:35:00+00:00,sell,False,pnl_block,pnl_block,,,False,0.6076040864,0.41829004883766174,0.56,0.45,prob_floor,"prob_floor,trailing_prob_drop",-0.022272999999999595,-0.024046983518762572,8.864905,0.41829004883766174,,0.0011308849479791578,,88649.05,88426.32,-0.024046983518762572,31.0
SOL/USDT,xgb_primary,conservative,1m,2025-12-21 23:35:00+00:00,2025-12-21 23:25:00+00:00,2025-12-21 23:35:00+00:00,sell,False,pnl_block,pnl_block,,,False,0.6076040864,0.3245033025741577,0.48,0.44,prob_floor,"prob_floor,trailing_prob_drop",-0.028699999999999764,-0.031167655459644502,8.827,0.3245033025741577,,0.7955765941370075,,126.1,125.69,-0.031167655459644502,10.0
SOL/USDT,xgb_primary,conservative,1m,2025-12-21 23:36:00+00:00,2025-12-21 23:25:00+00:00,2025-12-21 23:36:00+00:00,sell,False,pnl_block,pnl_block,,,False,0.6076040864,0.41829004883766174,0.48,0.44,prob_floor,"prob_floor,trailing_prob_drop",-0.026599999999999683,-0.02906748789023667,8.827,0.41829004883766174,3.1811674884676355,0.7953867568109061,,126.1,125.72,-0.02906748789023667,11.0
BTC/USDT,xgb_primary,conservative,1m,2025-12-21 23:36:00+00:00,2025-12-21 23:04:00+00:00,2025-12-21 23:36:00+00:00,sell,False,pnl_block,pnl_block,,,False,0.6076040864,0.41829004883766174,0.56,0.45,prob_floor,"prob_floor,trailing_prob_drop",-0.019616999999999826,-0.021390983217733636,8.864905,0.41829004883766174,2.9010087845398944,0.0011305453739311397,,88649.05,88452.88,-0.021390983217733636,32.0
ETH/USDT,xgb_primary,primary,1m,2025-12-21 23:37:00+00:00,2025-12-21 23:20:00+00:00,2025-12-21 23:37:00+00:00,sell,False,pnl_block,pnl_block,,,False,0.5002435446,0.41829004883766174,0.48,0.43,prob_floor,prob_floor,-0.04019999999999891,-0.043864250045884096,18.02058,0.41829004883766174,,0.03336965063565358,,3003.43,2996.73,-0.043864250045884096,17.0
SOL/USDT,xgb_primary,conservative,1m,2025-12-21 23:37:00+00:00,2025-12-21 23:25:00+00:00,2025-12-21 23:37:00+00:00,sell,False,pnl_block,pnl_block,,,False,0.6076040864,0.41829004883766174,0.48,0.44,prob_floor,"prob_floor,trailing_prob_drop",-0.021699999999999168,-0.024167097205769823,8.827,0.41829004883766174,,0.794944155172376,,126.1,125.79,-0.024167097205769823,12.0
BTC/USDT,xgb_primary,conservative,1m,2025-12-21 23:37:00+00:00,2025-12-21 23:04:00+00:00,2025-12-21 23:37:00+00:00,sell,False,pnl_block,pnl_block,,,False,0.6076040864,0.41829004883766174,0.56,0.45,prob_floor,"prob_floor,trailing_prob_drop",-0.01559100000000035,-0.017364982761774707,8.864905,0.41829004883766174,2.0304596074210814,0.0011300310317552066,,88649.05,88493.14,-0.017364982761774707,33.0
ETH/USDT,xgb_primary,primary,1m,2025-12-21 23:38:00+00:00,2025-12-21 23:20:00+00:00,2025-12-21 23:38:00+00:00,sell,False,pnl_block,pnl_block,,,False,0.5002435446,0.41829004883766174,0.48,0.43,prob_floor,prob_floor,-0.02976000000000022,-0.03342421515040299,18.02058,0.41829004883766174,,0.03335028639631239,,3003.43,2998.47,-0.03342421515040299,18.0
SOL/USDT,xgb_primary,conservative,1m,2025-12-21 23:38:00+00:00,2025-12-21 23:25:00+00:00,2025-12-21 23:38:00+00:00,sell,False,pnl_block,pnl_block,,,False,0.6076040864,0.41829004883766174,0.48,0.44,prob_floor,"prob_floor,trailing_prob_drop",-0.006299999999999245,-0.00876587216601059,8.827,0.41829004883766174,5.56483027267727,0.793556322659279,,126.1,126.01,-0.00876587216601059,13.0
BTC/USDT,xgb_primary,conservative,1m,2025-12-21 23:38:00+00:00,2025-12-21 23:04:00+00:00,2025-12-21 23:38:00+00:00,sell,False,pnl_block,pnl_block,,,False,0.6076040864,0.41829004883766174,0.56,0.45,prob_floor,"prob_floor,trailing_prob_drop",-0.008791000000000349,-0.010564981992590875,8.864905,0.41829004883766174,4.548375162187713,0.001129163358802702,,88649.05,88561.14,-0.010564981992590875,34.0
SOL/USDT,xgb_primary,conservative,1m,2025-12-21 23:39:00+00:00,2025-12-21 23:25:00+00:00,2025-12-21 23:39:00+00:00,sell,False,pnl_block,pnl_block,,,False,0.6076040864,0.41829004883766174,0.48,0.44,prob_floor,"prob_floor,trailing_prob_drop",-0.006299999999999245,-0.00876587216601059,8.827,0.41829004883766174,16.66666666666617,0.793556322659279,,126.1,126.01,-0.00876587216601059,14.0
BTC/USDT,xgb_primary,conservative,1m,2025-12-21 23:39:00+00:00,2025-12-21 23:04:00+00:00,2025-12-21 23:39:00+00:00,sell,False,pnl_block,pnl_block,,,False,0.6076040864,0.41829004883766174,0.56,0.45,prob_floor,"prob_floor,trailing_prob_drop",-0.009805999999999768,-0.011579982107327287,8.864905,0.41829004883766174,8.676490763726138,0.0011292927871404846,,88649.05,88550.99,-0.011579982107327287,35.0
ETH/USDT,xgb_primary,primary,1m,2025-12-21 23:40:00+00:00,2025-12-21 23:20:00+00:00,2025-12-21 23:40:00+00:00,sell,False,pnl_block,pnl_block,,,False,0.5002435446,0.41829004883766174,0.48,0.43,prob_floor,prob_floor,-0.00017999999999847205,-0.0038441164994301967,18.02058,0.41829004883766174,,0.03329554289136341,,3003.43,3003.4,-0.0038441164994301967,20.0
SOL/USDT,xgb_primary,conservative,1m,2025-12-21 23:40:00+00:00,2025-12-21 23:25:00+00:00,2025-12-21 23:40:00+00:00,sell,False,pnl_block,pnl_block,,,False,0.6076040864,0.4742901027202606,0.48,0.44,trailing_prob_drop,trailing_prob_drop,-0.0013999999999997216,-0.0038654832771543805,8.827,0.4742901027202606,0.7935248373266867,0.7931157552448836,,126.1,126.08,-0.0038654832771543805,15.0
BTC/USDT,xgb_primary,conservative,1m,2025-12-21 23:40:00+00:00,2025-12-21 23:04:00+00:00,2025-12-21 23:40:00+00:00,sell,False,pnl_block,pnl_block,,,False,0.6076040864,0.4742901027202606,0.56,0.45,trailing_prob_drop,trailing_prob_drop,-0.010905000000000291,-0.01267898223158994,8.864905,0.4742901027202606,2.265361204277498,0.0011294329602490208,,88649.05,88540.0,-0.01267898223158994,36.0
BTC/USDT,xgb_primary,conservative,1m,2025-12-21 23:41:00+00:00,2025-12-21 23:04:00+00:00,2025-12-21 23:41:00+00:00,sell,False,pnl_block,pnl_block,,,False,0.6076040864,0.5002435445785522,0.56,0.45,trailing_prob_drop,trailing_prob_drop,-0.011694999999999709,-0.01346898232093242,8.864905,0.5002435445785522,1.2423761867657346,0.0011295337431275704,,88649.05,88532.1,-0.01346898232093242,37.0
SOL/USDT,xgb_primary,conservative,1m,2025-12-21 23:41:00+00:00,2025-12-21 23:25:00+00:00,2025-12-21 23:41:00+00:00,sell,False,pnl_block,pnl_block,,,False,0.6076040864,0.4742901027202606,0.48,0.44,trailing_prob_drop,trailing_prob_drop,-0.009099999999999683,-0.011566094582258426,8.827,0.4742901027202606,5.552030456852251,0.793808295297092,,126.1,125.97,-0.011566094582258426,16.0
SOL/USDT,xgb_primary,conservative,1m,2025-12-21 23:42:00+00:00,2025-12-21 23:25:00+00:00,2025-12-21 23:42:00+00:00,sell,False,pnl_block,pnl_block,,,False,0.6076040864,0.41829004883766174,0.48,0.44,prob_floor,"prob_floor,trailing_prob_drop",-0.012599999999999483,-0.01506637280127044,8.827,0.41829004883766174,7.143991109699095,0.7941234862025107,,126.1,125.92,-0.01506637280127044,17.0
BTC/USDT,xgb_primary,conservative,1m,2025-12-21 23:42:00+00:00,2025-12-21 23:04:00+00:00,2025-12-21 23:42:00+00:00,sell,False,pnl_block,pnl_block,,,False,0.6076040864,0.5002435445785522,0.56,0.45,trailing_prob_drop,trailing_prob_drop,-0.01509600000000064,-0.016869982705744503,8.864905,0.5002435445785522,3.0192435264443516,0.001129967826913475,,88649.05,88498.09,-0.016869982705744503,38.0
BTC/USDT,xgb_primary,conservative,1m,2025-12-21 23:43:00+00:00,2025-12-21 23:04:00+00:00,2025-12-21 23:43:00+00:00,sell,False,pnl_block,pnl_block,,,False,0.6076040864,0.5002435445785522,0.56,0.45,trailing_prob_drop,trailing_prob_drop,-0.01651999999999971,-0.01829398286694994,8.864905,0.5002435445785522,1.7097069090018564,0.0011301496747357254,,88649.05,88483.85,-0.01829398286694994,39.0
BTC/USDT,xgb_primary,conservative,1m,2025-12-21 23:44:00+00:00,2025-12-21 23:04:00+00:00,2025-12-21 23:44:00+00:00,sell,False,pnl_block,pnl_block,,,False,0.6076040864,0.5002435445785522,0.56,0.45,trailing_prob_drop,trailing_prob_drop,-0.015325,-0.01709898273166348,8.864905,0.5002435445785522,1.6104631963388576,0.001129997065370648,,88649.05,88495.8,-0.01709898273166348,40.0
BTC/USDT,xgb_primary,conservative,1m,2025-12-21 23:48:00+00:00,2025-12-21 23:04:00+00:00,2025-12-21 23:48:00+00:00,sell,False,pnl_block,pnl_block,,,False,0.6076040864,0.565682053565979,0.56,0.45,gate_close,gate_close,-0.011411000000000058,-0.013184982288812668,8.864905,0.565682053565979,5.836946640908745,0.0011294975102499143,,88649.05,88534.94,-0.013184982288812668,44.0
BTC/USDT,xgb_primary,conservative,1m,2025-12-21 23:51:00+00:00,2025-12-21 23:04:00+00:00,2025-12-21 23:51:00+00:00,sell,False,pnl_block,pnl_block,,,False,0.6076040864,0.5878524780273438,0.56,0.45,gate_close,gate_close,-0.0030970000000001166,-0.004870981349420368,8.864905,0.5878524780273438,15.063735483783827,0.0011284378346430428,,88649.05,88618.08,-0.004870981349420368,47.0
SOL/USDT,xgb_primary,conservative,1m,2025-12-21 23:56:00+00:00,2025-12-21 23:25:00+00:00,2025-12-21 23:56:00+00:00,sell,False,pnl_block,pnl_block,,,False,0.6076040864,0.4742901027202606,0.48,0.44,trailing_prob_drop,trailing_prob_drop,-0.0034999999999998014,-0.005965649890920789,8.827,0.4742901027202606,0.7937767899659395,0.7933045099365448,,126.1,126.05,-0.005965649890920789,31.0
SOL/USDT,xgb_primary,conservative,1m,2025-12-22 00:01:00+00:00,2025-12-21 23:25:00+00:00,2025-12-22 00:01:00+00:00,sell,False,pnl_block,pnl_block,,,False,0.6076040864,0.5002435445785522,0.48,0.44,gate_close,gate_close,-0.002799999999999443,-0.005265594344186329,8.827,0.5002435445785522,15.061434799841276,0.7932415817229925,,126.1,126.06,-0.005265594344186329,36.0
ETH/USDT,xgb_primary,primary,1m,2025-12-22 00:01:00+00:00,2025-12-21 23:20:00+00:00,2025-12-22 00:01:00+00:00,sell,False,pnl_block,pnl_block,,,False,0.5002435446,0.5002435445785522,0.48,0.43,gate_close,gate_close,-0.00023999999999978173,-0.0039041166992098203,18.02058,0.5002435445785522,13.348957050312462,0.033295653752564276,,3003.43,3003.39,-0.0039041166992098203,41.0
BTC/USDT,xgb_primary,conservative,1m,2025-12-22 00:01:00+00:00,2025-12-21 23:04:00+00:00,2025-12-22 00:01:00+00:00,sell,False,dry_run,dry_run,,,True,0.6076040864,0.6076040863990784,0.56,0.45,gate_close,gate_close,0.006023999999999069,0.004251018999999069,8.864905,0.6076040863990784,10.592964928295707,0.0011272775879137835,8.870929,88649.05,88709.29,0.004251018999999069,57.0
SOL/USDT,xgb_primary,conservative,1m,2025-12-22 00:02:00+00:00,2025-12-21 23:25:00+00:00,2025-12-22 00:02:00+00:00,sell,False,pnl_block,pnl_block,,,False,0.6076040864,0.5002435445785522,0.48,0.44,gate_close,gate_close,-0.006999999999999603,-0.009465927756835007,8.827,0.5002435445785522,8.726695755652475,0.7936193008218021,,126.1,126.0,-0.009465927756835007,37.0
BTC/USDT,xgb_primary,conservative,1m,2025-12-22 00:03:00+00:00,,2025-12-22 00:03:00+00:00,buy,True,dry_run,dry_run,,exchange_qty_step,True,0.6076040863990784,0.6076040863990784,,0.56,dry_run,,,,,0.6076040863990784,0.0011266178155524195,,8.876125,,88761.25,0.0,
BTC/USDT,xgb_primary,conservative,1m,2025-12-22 00:04:00+00:00,2025-12-22 00:03:00+00:00,2025-12-22 00:04:00+00:00,sell,False,min_hold,min_hold,,,False,0.6076040864,0.6076040863990784,0.56,0.45,gate_close,gate_close,0.00861999999999971,0.006843775970257297,8.876125,0.6076040863990784,4.888394979610403,0.001125524643256605,,88761.25,88847.45,0.006843775970257297,1.0
BTC/USDT,xgb_primary,conservative,1m,2025-12-22 00:05:00+00:00,2025-12-22 00:03:00+00:00,2025-12-22 00:05:00+00:00,sell,False,min_hold,min_hold,,,False,0.6076040864,0.6076040863990784,0.56,0.45,take_profit,"take_profit,gate_close",0.013324000000000525,0.011547776498912763,8.876125,0.6076040863990784,9.94175972411158,0.0011249290515415282,,88761.25,88894.49,0.011547776498912763,2.0
ETH/USDT,xgb_primary,primary,1m,2025-12-22 00:05:00+00:00,2025-12-21 23:20:00+00:00,2025-12-22 00:05:00+00:00,sell,True,dry_run,dry_run,,,True,0.5002435446,0.6076040863990784,0.48,0.43,take_profit,take_profit,0.030960000000001858,0.027355884000001857,18.02058,0.6076040863990784,0.03323810615840128,0.03323810615840128,18.051540000000003,3003.43,3008.59,0.027355884000001857,45.0
SOL/USDT,xgb_primary,conservative,1m,2025-12-22 00:05:00+00:00,2025-12-21 23:25:00+00:00,2025-12-22 00:05:00+00:00,sell,True,dry_run,dry_run,,,True,0.6076040864,0.565682053565979,0.48,0.44,take_profit,take_profit,0.013300000000000837,0.011534600000000837,8.827,0.565682053565979,0.7917969832527736,0.7917969832527736,8.840300000000001,126.1,126.29,0.011534600000000837,40.0
ETH/USDT,xgb_primary,primary,1m,2025-12-22 00:06:00+00:00,,2025-12-22 00:06:00+00:00,buy,True,cooldown_after_exit,cooldown_after_exit,cooldown_after_exit,,False,0.6076040863990784,0.6076040863990784,,0.48,cooldown_after_exit,,,,,0.6076040863990784,,,20.0,,3009.51,0.0,
BTC/USDT,xgb_primary,conservative,1m,2025-12-22 00:06:00+00:00,2025-12-22 00:03:00+00:00,2025-12-22 00:06:00+00:00,sell,False,min_hold,min_hold,,,False,0.6076040864,0.6076040863990784,0.56,0.45,take_profit,"take_profit,gate_close",0.01270399999999936,0.010927776429264228,8.876125,0.6076040863990784,7.132050591661438,0.0011250075175042143,,88761.25,88888.29,0.010927776429264228,3.0
ETH/USDT,xgb_primary,primary,1m,2025-12-22 00:07:00+00:00,,2025-12-22 00:07:00+00:00,buy,True,dry_run,dry_run,,exchange_qty_step,True,0.6076040863990784,0.6076040863990784,,0.48,dry_run,,,,,0.6076040863990784,0.03323987388864402,,18.05064,,3008.44,0.0,
BTC/USDT,xgb_primary,conservative,1m,2025-12-22 00:07:00+00:00,2025-12-22 00:03:00+00:00,2025-12-22 00:07:00+00:00,sell,True,min_hold,min_hold,,,False,0.6076040864,0.6076040863990784,0.56,0.45,take_profit,take_profit,0.01120399999999936,0.009427776260725851,8.876125,0.6076040863990784,5.3415353876714855,0.0011251973958333857,,88761.25,88873.29,0.009427776260725851,4.0
BTC/USDT,xgb_primary,conservative,1m,2025-12-22 00:08:00+00:00,2025-12-22 00:03:00+00:00,2025-12-22 00:08:00+00:00,sell,False,dry_run,dry_run,,,True,0.6076040864,0.6076040863990784,0.56,0.45,take_profit,"take_profit,gate_close",0.017874000000000525,0.016098775000000523,8.876125,0.6076040863990784,8.608884783169897,0.0011243535593589038,8.893999,88761.25,88939.99,0.016098775000000523,5.0
ETH/USDT,xgb_primary,primary,1m,2025-12-22 00:11:00+00:00,2025-12-22 00:07:00+00:00,2025-12-22 00:11:00+00:00,sell,True,min_hold,min_hold,,,False,0.6076040864,0.6076040863990784,0.48,0.43,take_profit,take_profit,0.02838000000000011,0.024709966285929162,18.05064,0.6076040863990784,,0.03318758452384455,,3008.44,3013.17,0.024709966285929162,4.0
ETH/USDT,xgb_primary,primary,1m,2025-12-22 00:12:00+00:00,2025-12-22 00:07:00+00:00,2025-12-22 00:12:00+00:00,sell,True,min_hold,min_hold,,,False,0.6076040864,0.6076040863990784,0.48,0.43,take_profit,take_profit,0.037020000000000435,0.033349994901267846,18.05064,0.6076040863990784,,0.033171731712883845,,3008.44,3014.61,0.033349994901267846,5.0
SOL/USDT,xgb_primary,conservative,1m,2025-12-22 00:12:00+00:00,,2025-12-22 00:12:00+00:00,buy,True,dry_run,dry_run,,exchange_qty_step,True,0.6844155788421631,0.6844155788421631,,0.48,dry_run,,,,,0.6844155788421631,0.7884259076757295,,8.878800000000002,,126.84,0.0,
BTC/USDT,xgb_primary,conservative,1m,2025-12-22 00:12:00+00:00,,2025-12-22 00:12:00+00:00,buy,True,dry_run,dry_run,,exchange_qty_step,True,0.6115108132362366,0.6115108132362366,,0.56,dry_run,,,,,0.6115108132362366,0.0011192229290403403,,8.934771000000001,,89347.71,0.0,
BTC/USDT,xgb_primary,conservative,1m,2025-12-22 00:13:00+00:00,2025-12-22 00:12:00+00:00,2025-12-22 00:13:00+00:00,sell,False,min_hold,min_hold,,,False,0.6115108132,0.6844155788421631,0.56,0.45,gate_close,gate_close,0.00702899999999936,0.005241046586139096,8.934771000000001,0.6844155788421631,38.97134453377055,0.0011183429997975588,,89347.71,89418.0,0.005241046586139096,1.0
SOL/USDT,xgb_primary,conservative,1m,2025-12-22 00:13:00+00:00,2025-12-22 00:12:00+00:00,2025-12-22 00:13:00+00:00,sell,True,min_hold,min_hold,,,False,0.6844155788,0.6844155788421631,0.48,0.44,take_profit,take_profit,0.04269999999999997,0.040227617662705085,8.878800000000002,0.6844155788421631,,0.7845906398329532,,126.84,127.45,0.040227617662705085,1.0
ETH/USDT,xgb_primary,primary,1m,2025-12-22 00:14:00+00:00,2025-12-22 00:07:00+00:00,2025-12-22 00:14:00+00:00,sell,True,dry_run,dry_run,,,True,0.6076040864,0.6699029207229614,0.48,0.43,take_profit,take_profit,0.1933199999999988,0.1897098719999988,18.05064,0.6699029207229614,0.03288754269285922,0.03288754269285922,18.243959999999998,3008.44,3040.66,0.1897098719999988,7.0
SOL/USDT,xgb_primary,conservative,1m,2025-12-22 00:14:00+00:00,2025-12-22 00:12:00+00:00,2025-12-22 00:14:00+00:00,sell,False,min_hold,min_hold,,,False,0.6844155788,0.6844155788421631,0.48,0.44,take_profit,"take_profit,gate_close",0.10149999999999922,0.09903217873494469,8.878800000000002,0.6844155788421631,59.63122793252184,0.7794536030257863,,126.84,128.29,0.09903217873494469,2.0
BTC/USDT,xgb_primary,conservative,1m,2025-12-22 00:14:00+00:00,2025-12-22 00:12:00+00:00,2025-12-22 00:14:00+00:00,sell,False,min_hold,min_hold,,,False,0.6115108132,0.6844155788421631,0.56,0.45,take_profit,"take_profit,gate_close",0.021762999999999012,0.019975048229899962,8.934771000000001,0.6844155788421631,12.558373231050574,0.001116503264662602,,89347.71,89565.34,0.019975048229899962,2.0
ETH/USDT,xgb_primary,primary,1m,2025-12-22 00:15:00+00:00,,2025-12-22 00:15:00+00:00,buy,True,cooldown_after_exit,cooldown_after_exit,cooldown_after_exit,,False,0.6844155788421631,0.6844155788421631,,0.48,cooldown_after_exit,,,,,0.6844155788421631,,,20.0,,3050.61,0.0,
SOL/USDT,xgb_primary,conservative,1m,2025-12-22 00:15:00+00:00,2025-12-22 00:12:00+00:00,2025-12-22 00:15:00+00:00,sell,False,min_hold,min_hold,,,False,0.6844155788,0.6844155788421631,0.48,0.44,take_profit,"take_profit,gate_close",0.11269999999999898,0.11023304074734107,8.878800000000002,0.6844155788421631,72.49201028918799,0.7784827371468085,,126.84,128.45,0.11023304074734107,3.0
BTC/USDT,xgb_primary,conservative,1m,2025-12-22 00:15:00+00:00,2025-12-22 00:12:00+00:00,2025-12-22 00:15:00+00:00,sell,False,min_hold,min_hold,,,False,0.6115108132,0.6844155788421631,0.56,0.45,take_profit,"take_profit,gate_close",0.02433299999999872,0.022545048516061657,8.934771000000001,0.6844155788421631,20.8860763025333,0.0011161829856224164,,89347.71,89591.04,0.022545048516061657,3.0
ETH/USDT,xgb_primary,primary,1m,2025-12-22 00:16:00+00:00,,2025-12-22 00:16:00+00:00,buy,True,dry_run,dry_run,,exchange_qty_step,True,0.6844155788421631,0.6844155788421631,,0.48,dry_run,,,,,0.6844155788421631,0.03272824267259985,,18.332819999999998,,3055.47,0.0,
SOL/USDT,xgb_primary,conservative,1m,2025-12-22 00:16:00+00:00,2025-12-22 00:12:00+00:00,2025-12-22 00:16:00+00:00,sell,False,min_hold,min_hold,,,False,0.6844155788,0.6844155788421631,0.48,0.44,take_profit,"take_profit,gate_close",0.04829999999999984,0.04582805463911816,8.878800000000002,0.6844155788421631,18.684312962240615,0.7840984827698371,,126.84,127.53,0.04582805463911816,4.0
BTC/USDT,xgb_primary,conservative,1m,2025-12-22 00:16:00+00:00,2025-12-22 00:12:00+00:00,2025-12-22 00:16:00+00:00,sell,False,min_hold,min_hold,,,False,0.6115108132,0.6844155788421631,0.56,0.45,gate_close,gate_close,-0.01369100000000035,-0.01547895573462335,8.934771000000001,0.6844155788421631,61.069716227235276,0.0011209404505162029,,89347.71,89210.8,-0.01547895573462335,4.0
SOL/USDT,xgb_primary,conservative,1m,2025-12-22 00:17:00+00:00,2025-12-22 00:12:00+00:00,2025-12-22 00:17:00+00:00,sell,False,dry_run,dry_run,,,True,0.6844155788,0.6844155788421631,0.48,0.44,take_profit,"take_profit,gate_close",0.025199999999999962,0.02342423999999996,8.878800000000002,0.6844155788421631,72.13988865364914,0.7861326205723757,8.904000000000002,126.84,127.2,0.02342423999999996,5.0
BTC/USDT,xgb_primary,conservative,1m,2025-12-22 00:17:00+00:00,2025-12-22 00:12:00+00:00,2025-12-22 00:17:00+00:00,sell,False,pnl_block,pnl_block,,,False,0.6115108132,0.5878524780273438,0.56,0.45,gate_close,gate_close,-0.01648600000000006,-0.01827395604850506,8.934771000000001,0.5878524780273438,42.623763042142876,0.0011212917544253668,,89347.71,89182.85,-0.01827395604850506,5.0
ETH/USDT,xgb_primary,primary,1m,2025-12-22 00:18:00+00:00,2025-12-22 00:16:00+00:00,2025-12-22 00:18:00+00:00,sell,False,min_hold,min_hold,,,False,0.6844155788,0.6699029207229614,0.48,0.43,gate_close,gate_close,-0.15179999999999835,-0.15552706486215834,18.332819999999998,0.6699029207229614,,0.03300139430812917,,3055.47,3030.17,-0.15552706486215834,2.0
ETH/USDT,xgb_primary,primary,1m,2025-12-22 00:19:00+00:00,2025-12-22 00:16:00+00:00,2025-12-22 00:19:00+00:00,sell,False,min_hold,min_hold,,,False,0.6844155788,0.6844155788421631,0.48,0.43,gate_close,gate_close,-0.16445999999999913,-0.1681871070200479,18.332819999999998,0.6844155788421631,,0.033024390164076,,3055.47,3028.06,-0.1681871070200479,3.0
ETH/USDT,xgb_primary,primary,1m,2025-12-22 00:20:00+00:00,2025-12-22 00:16:00+00:00,2025-12-22 00:20:00+00:00,sell,False,min_hold,min_hold,,,False,0.6844155788,0.6844155788421631,0.48,0.43,gate_close,gate_close,-0.21539999999999782,-0.2191272772460658,18.332819999999998,0.6844155788421631,,0.03311724331988287,,3055.47,3019.57,-0.2191272772460658,4.0
ETH/USDT,xgb_primary,primary,1m,2025-12-22 00:22:00+00:00,2025-12-22 00:16:00+00:00,2025-12-22 00:22:00+00:00,sell,False,pnl_block,pnl_block,,,False,0.6844155788,0.6076040863990784,0.48,0.43,gate_close,gate_close,-0.18389999999999782,-0.18762717186987315,18.332819999999998,0.6076040863990784,,0.03305976378720598,,3055.47,3024.82,-0.18762717186987315,6.0
BTC/USDT,xgb_primary,conservative,1m,2025-12-22 00:22:00+00:00,2025-12-22 00:12:00+00:00,2025-12-22 00:22:00+00:00,sell,False,pnl_block,pnl_block,,,False,0.6115108132,0.5878524780273438,0.56,0.45,gate_close,gate_close,-0.03077200000000012,-0.03255995765591847,8.934771000000001,0.5878524780273438,24.30606826382812,0.0011230908082105475,,89347.71,89039.99,-0.03255995765591847,10.0
BTC/USDT,xgb_primary,conservative,1m,2025-12-22 00:23:00+00:00,2025-12-22 00:12:00+00:00,2025-12-22 00:23:00+00:00,sell,False,pnl_block,pnl_block,,,False,0.6115108132,0.565682053565979,0.56,0.45,gate_close,gate_close,-0.04264400000000024,-0.0444319589956462,8.934771000000001,0.565682053565979,20.74443723253978,0.0011245902619773853,,89347.71,88921.27,-0.0444319589956462,11.0
ETH/USDT,xgb_primary,primary,1m,2025-12-22 00:23:00+00:00,2025-12-22 00:16:00+00:00,2025-12-22 00:23:00+00:00,sell,False,pnl_block,pnl_block,,,False,0.6844155788,0.6844155788421631,0.48,0.43,gate_close,gate_close,-0.18965999999999805,-0.193387191111326,18.332819999999998,0.6844155788421631,,0.033070259418868014,,3055.47,3023.86,-0.193387191111326,7.0
ETH/USDT,xgb_primary,primary,1m,2025-12-22 00:24:00+00:00,2025-12-22 00:16:00+00:00,2025-12-22 00:24:00+00:00,sell,False,pnl_block,pnl_block,,,False,0.6844155788,0.6115108132362366,0.48,0.43,gate_close,gate_close,-0.2009399999999987,-0.20466722882791666,18.332819999999998,0.6115108132362366,,0.03309083268038568,,3055.47,3021.98,-0.20466722882791666,8.0
BTC/USDT,xgb_primary,conservative,1m,2025-12-22 00:24:00+00:00,2025-12-22 00:12:00+00:00,2025-12-22 00:24:00+00:00,sell,False,pnl_block,pnl_block,,,False,0.6115108132,0.565682053565979,0.56,0.45,gate_close,gate_close,-0.04849100000000035,-0.050278959656782335,8.934771000000001,0.565682053565979,13.352259436660823,0.0011253302205305484,,89347.71,88862.8,-0.050278959656782335,12.0
ETH/USDT,xgb_primary,primary,1m,2025-12-22 00:25:00+00:00,2025-12-22 00:16:00+00:00,2025-12-22 00:25:00+00:00,sell,False,pnl_block,pnl_block,,,False,0.6844155788,0.6076040863990784,0.48,0.43,gate_close,gate_close,-0.2205599999999986,-0.2242872945426287,18.332819999999998,0.6076040863990784,,0.03312667807250281,,3055.47,3018.71,-0.2242872945426287,9.0
BTC/USDT,xgb_primary,conservative,1m,2025-12-22 00:25:00+00:00,2025-12-22 00:12:00+00:00,2025-12-22 00:25:00+00:00,sell,False,pnl_block,pnl_block,,,False,0.6115108132,0.41829004883766174,0.56,0.45,prob_floor,"prob_floor,trailing_prob_drop",-0.046905000000000294,-0.04869396475461263,8.934771000000001,0.41829004883766174,76.95864022662929,0.002250258694186425,,89347.71,88878.66,-0.04869396475461263,13.0
ETH/USDT,xgb_primary,primary,1m,2025-12-22 00:26:00+00:00,2025-12-22 00:16:00+00:00,2025-12-22 00:26:00+00:00,sell,False,pnl_block,pnl_block,,,False,0.6844155788,0.6076040863990784,0.48,0.43,gate_close,gate_close,-0.18503999999999815,-0.18876717567710816,18.332819999999998,0.6076040863990784,,0.033061840518818074,,3055.47,3024.63,-0.18876717567710816,10.0
BTC/USDT,xgb_primary,conservative,1m,2025-12-22 00:26:00+00:00,2025-12-22 00:12:00+00:00,2025-12-22 00:26:00+00:00,sell,False,pnl_block,pnl_block,,,False,0.6115108132,0.5002435445785522,0.56,0.45,trailing_prob_drop,trailing_prob_drop,-0.04244700000000012,-0.0442349589733859,8.934771000000001,0.5002435445785522,8.66124669296437,0.0011245653478751604,,89347.71,88923.24,-0.0442349589733859,14.0
ETH/USDT,xgb_primary,primary,1m,2025-12-22 00:27:00+00:00,2025-12-22 00:16:00+00:00,2025-12-22 00:27:00+00:00,sell,False,pnl_block,pnl_block,,,False,0.6844155788,0.6844155788421631,0.48,0.43,gate_close,gate_close,-0.17129999999999837,-0.17514826086497742,18.332819999999998,0.6844155788421631,,0.09911015598202585,,3055.47,3026.92,-0.17514826086497742,11.0
ETH/USDT,xgb_primary,primary,1m,2025-12-22 00:28:00+00:00,2025-12-22 00:16:00+00:00,2025-12-22 00:28:00+00:00,sell,False,pnl_block,pnl_block,,,False,0.6844155788,0.6844155788421631,0.48,0.43,gate_close,gate_close,-0.153,-0.15672706885565194,18.332819999999998,0.6844155788421631,,0.033003572637458324,,3055.47,3029.97,-0.15672706885565194,12.0
BTC/USDT,xgb_primary,conservative,1m,2025-12-22 00:28:00+00:00,2025-12-22 00:12:00+00:00,2025-12-22 00:28:00+00:00,sell,False,pnl_block,pnl_block,,,False,0.6115108132,0.5002435445785522,0.56,0.45,trailing_prob_drop,trailing_prob_drop,-0.033572000000000116,-0.035359957971569926,8.934771000000001,0.5002435445785522,7.140766504465968,0.0011234440925362152,,89347.71,89011.99,-0.035359957971569926,16.0
ETH/USDT,xgb_primary,primary,1m,2025-12-22 00:29:00+00:00,2025-12-22 00:16:00+00:00,2025-12-22 00:29:00+00:00,sell,False,pnl_block,pnl_block,,,False,0.6844155788,0.6844155788421631,0.48,0.43,gate_close,gate_close,-0.1532399999999998,-0.15696706965441284,18.332819999999998,0.6844155788421631,,0.03300400833753291,,3055.47,3029.93,-0.15696706965441284,13.0
BTC/USDT,xgb_primary,conservative,1m,2025-12-22 00:29:00+00:00,2025-12-22 00:12:00+00:00,2025-12-22 00:29:00+00:00,sell,False,pnl_block,pnl_block,,,False,0.6115108132,0.5002435445785522,0.56,0.45,trailing_prob_drop,trailing_prob_drop,-0.039894000000000235,-0.041955174411469995,8.934771000000001,0.5002435445785522,6.608118044374669,0.3069135308221764,,89347.71,88948.77,-0.041955174411469995,17.0
BTC/USDT,xgb_primary,conservative,1m,2025-12-22 00:30:00+00:00,2025-12-22 00:12:00+00:00,2025-12-22 00:30:00+00:00,sell,False,pnl_block,pnl_block,,,False,0.6115108132,0.4742901027202606,0.56,0.45,trailing_prob_drop,trailing_prob_drop,-0.04139800000000105,-0.04318595885487227,8.934771000000001,0.4742901027202606,7.10858541286299,0.0011244327036656254,,89347.71,88933.73,-0.04318595885487227,18.0
BTC/USDT,xgb_primary,conservative,1m,2025-12-22 00:31:00+00:00,2025-12-22 00:12:00+00:00,2025-12-22 00:31:00+00:00,sell,False,pnl_block,pnl_block,,,False,0.6115108132,0.3245033025741577,0.56,0.45,prob_floor,"prob_floor,trailing_prob_drop",-0.04848400000000111,-0.05027195965599253,8.934771000000001,0.3245033025741577,48.11628430049548,0.0011253293357111423,,89347.71,88862.87,-0.05027195965599253,19.0
ETH/USDT,xgb_primary,primary,1m,2025-12-22 00:31:00+00:00,2025-12-22 00:16:00+00:00,2025-12-22 00:31:00+00:00,sell,False,pnl_block,pnl_block,,,False,0.6844155788,0.6699029207229614,0.48,0.43,gate_close,gate_close,-0.1756199999999999,-0.17934714423167752,18.332819999999998,0.6699029207229614,,0.03304468798451618,,3055.47,3026.2,-0.17934714423167752,15.0
BTC/USDT,xgb_primary,conservative,1m,2025-12-22 00:32:00+00:00,2025-12-22 00:12:00+00:00,2025-12-22 00:32:00+00:00,sell,False,pnl_block,pnl_block,,,False,0.6115108132,0.3191489577293396,0.56,0.45,prob_floor,"prob_floor,trailing_prob_drop",-0.04677200000000012,-0.04855995946231987,8.934771000000001,0.3191489577293396,7.751095314841508,0.0011251125739556254,,89347.71,88879.99,-0.04855995946231987,20.0
ETH/USDT,xgb_primary,primary,1m,2025-12-22 00:33:00+00:00,2025-12-22 00:16:00+00:00,2025-12-22 00:33:00+00:00,sell,False,pnl_block,pnl_block,,,False,0.6844155788,0.565682053565979,0.48,0.43,gate_close,gate_close,-0.19745999999999914,-0.201187217186946,18.332819999999998,0.565682053565979,,0.03308448288198361,,3055.47,3022.56,-0.201187217186946,17.0
BTC/USDT,xgb_primary,conservative,1m,2025-12-22 00:33:00+00:00,2025-12-22 00:12:00+00:00,2025-12-22 00:33:00+00:00,sell,False,pnl_block,pnl_block,,,False,0.6115108132,0.3191489577293396,0.56,0.45,prob_floor,"prob_floor,trailing_prob_drop",-0.04342700000000041,-0.04521495908413186,8.934771000000001,0.3191489577293396,4.750922509224634,0.0011246892969630532,,89347.71,88913.44,-0.04521495908413186,21.0
ETH/USDT,xgb_primary,primary,1m,2025-12-22 00:34:00+00:00,2025-12-22 00:16:00+00:00,2025-12-22 00:34:00+00:00,sell,False,pnl_block,pnl_block,,,False,0.6844155788,0.3191489577293396,0.48,0.43,prob_floor,"prob_floor,trailing_prob_drop",-0.18647999999999956,-0.19020718048693463,18.332819999999998,0.3191489577293396,,0.03306446413321765,,3055.47,3024.39,-0.19020718048693463,18.0
BTC/USDT,xgb_primary,conservative,1m,2025-12-22 00:34:00+00:00,2025-12-22 00:12:00+00:00,2025-12-22 00:34:00+00:00,sell,False,pnl_block,pnl_block,,,False,0.6115108132,0.3191489577293396,0.56,0.45,prob_floor,"prob_floor,trailing_prob_drop",-0.03877200000000012,-0.04055995855830694,8.934771000000001,0.3191489577293396,4.185916785503948,0.001124100782015704,,89347.71,88959.99,-0.04055995855830694,22.0
ETH/USDT,xgb_primary,primary,1m,2025-12-22 00:35:00+00:00,2025-12-22 00:16:00+00:00,2025-12-22 00:35:00+00:00,sell,False,pnl_block,pnl_block,,,False,0.6844155788,0.3191489577293396,0.48,0.43,prob_floor,"prob_floor,trailing_prob_drop",-0.1801199999999999,-0.18384715924931083,18.332819999999998,0.3191489577293396,,0.03305287965022874,,3055.47,3025.45,-0.18384715924931083,19.0
BTC/USDT,xgb_primary,conservative,1m,2025-12-22 00:35:00+00:00,2025-12-22 00:12:00+00:00,2025-12-22 00:35:00+00:00,sell,False,pnl_block,pnl_block,,,False,0.6115108132,0.3396226465702057,0.56,0.45,prob_floor,"prob_floor,trailing_prob_drop",-0.08912800000000135,-0.14520472590635355,8.934771000000001,0.3396226465702057,1.0854346147695517,60.762353849194575,,89347.71,88456.43,-0.14520472590635355,23.0
ETH/USDT,xgb_primary,primary,1m,2025-12-22 00:36:00+00:00,2025-12-22 00:16:00+00:00,2025-12-22 00:36:00+00:00,sell,False,pnl_block,pnl_block,,,False,0.6844155788,0.41829004883766174,0.48,0.43,prob_floor,"prob_floor,trailing_prob_drop",-0.40397999999999956,-0.6412493513507802,18.332819999999998,0.41829004883766174,,127.42327004289615,,3055.47,2988.14,-0.6412493513507802,20.0
BTC/USDT,xgb_primary,conservative,1m,2025-12-22 00:36:00+00:00,2025-12-22 00:12:00+00:00,2025-12-22 00:36:00+00:00,sell,False,pnl_block,pnl_block,,,False,0.6115108132,0.3245033025741577,0.56,0.45,prob_floor,"prob_floor,trailing_prob_drop",-0.023008000000000174,-0.024795956781699668,8.934771000000001,0.3245033025741577,67.34718758409838,0.0011221123624702686,,89347.71,89117.63,-0.024795956781699668,24.0
BTC/USDT,xgb_primary,conservative,1m,2025-12-22 00:37:00+00:00,2025-12-22 00:12:00+00:00,2025-12-22 00:37:00+00:00,sell,False,pnl_block,pnl_block,,,False,0.6115108132,0.5002435445785522,0.56,0.45,trailing_prob_drop,trailing_prob_drop,-0.02107200000000012,-0.022859956563945114,8.934771000000001,0.5002435445785522,69.2408197394547,0.0011218686466557808,,89347.71,89136.99,-0.022859956563945114,25.0
ETH/USDT,xgb_primary,primary,1m,2025-12-22 00:37:00+00:00,2025-12-22 00:16:00+00:00,2025-12-22 00:37:00+00:00,sell,False,pnl_block,pnl_block,,,False,0.6844155788,0.3191489577293396,0.48,0.43,prob_floor,"prob_floor,trailing_prob_drop",-0.13427999999999793,-0.13800700661719115,18.332819999999998,0.3191489577293396,,0.032969623436666276,,3055.47,3033.09,-0.13800700661719115,21.0
ETH/USDT,xgb_primary,primary,1m,2025-12-22 00:38:00+00:00,2025-12-22 00:16:00+00:00,2025-12-22 00:38:00+00:00,sell,False,pnl_block,pnl_block,,,False,0.6844155788,0.565682053565979,0.48,0.43,gate_close,gate_close,-0.12245999999999913,-0.12618696738510093,18.332819999999998,0.565682053565979,,0.03294822351487786,,3055.47,3035.06,-0.12618696738510093,22.0
ETH/USDT,xgb_primary,primary,1m,2025-12-22 00:39:00+00:00,2025-12-22 00:16:00+00:00,2025-12-22 00:39:00+00:00,sell,False,pnl_block,pnl_block,,,False,0.6844155788,0.6076040863990784,0.48,0.43,gate_close,gate_close,-0.1316999999999989,-0.1354269980494971,18.332819999999998,0.6076040863990784,,0.03296495001761409,,3055.47,3033.52,-0.1354269980494971,23.0
ETH/USDT,xgb_primary,primary,1m,2025-12-22 00:40:00+00:00,2025-12-22 00:16:00+00:00,2025-12-22 00:40:00+00:00,sell,False,pnl_block,pnl_block,,,False,0.6844155788,0.6076040863990784,0.48,0.43,gate_close,gate_close,-0.11327999999999792,-0.11700693695062046,18.332819999999998,0.6076040863990784,,0.03293162242499751,,3055.47,3036.59,-0.11700693695062046,24.0
SOL/USDT,xgb_primary,conservative,1m,2025-12-22 00:40:00+00:00,,2025-12-22 00:40:00+00:00,buy,True,dry_run,dry_run,,exchange_qty_step,True,0.6699029207229614,0.6699029207229614,,0.48,dry_run,,,,,0.6699029207229614,0.7863799001301551,,8.901900000000001,,127.17,0.0,
SOL/USDT,xgb_primary,conservative,1m,2025-12-22 00:41:00+00:00,2025-12-22 00:40:00+00:00,2025-12-22 00:41:00+00:00,sell,False,min_hold,min_hold,,,False,0.6699029207,0.6076040863990784,0.48,0.44,gate_close,gate_close,-0.024500000000000598,-0.02698228419869995,8.901900000000001,0.6076040863990784,12.598425196850124,0.7884880741182825,,127.17,126.82,-0.02698228419869995,1.0
ETH/USDT,xgb_primary,primary,1m,2025-12-22 00:41:00+00:00,2025-12-22 00:16:00+00:00,2025-12-22 00:41:00+00:00,sell,False,pnl_block,pnl_block,,,False,0.6844155788,0.565682053565979,0.48,0.43,gate_close,gate_close,-0.16745999999999914,-0.17118711701868047,18.332819999999998,0.565682053565979,10.817228415012861,0.033029844116371665,,3055.47,3027.56,-0.17118711701868047,25.0
BTC/USDT,xgb_primary,conservative,1m,2025-12-22 00:41:00+00:00,2025-12-22 00:12:00+00:00,2025-12-22 00:41:00+00:00,sell,False,pnl_block,pnl_block,,,False,0.6115108132,0.565682053565979,0.56,0.45,gate_close,gate_close,-0.032910000000000585,-0.03469795789692345,8.934771000000001,0.565682053565979,14.491287998382914,0.0011233605459668532,,89347.71,89018.61,-0.03469795789692345,29.0
SOL/USDT,xgb_primary,conservative,1m,2025-12-22 00:42:00+00:00,2025-12-22 00:40:00+00:00,2025-12-22 00:42:00+00:00,sell,False,min_hold,min_hold,,,False,0.6699029207,0.5002435445785522,0.48,0.44,gate_close,"gate_close,trailing_prob_drop",-0.015399999999999922,-0.017881565459414037,8.901900000000001,0.5002435445785522,10.246709229920032,0.7876806742539407,,127.17,126.95,-0.017881565459414037,2.0
BTC/USDT,xgb_primary,conservative,1m,2025-12-22 00:42:00+00:00,2025-12-22 00:12:00+00:00,2025-12-22 00:42:00+00:00,sell,False,pnl_block,pnl_block,,,False,0.6115108132,0.565682053565979,0.56,0.45,gate_close,gate_close,-0.026354000000000818,-0.028141957158269816,8.934771000000001,0.565682053565979,8.571241451647348,0.0011225338276704378,,89347.71,89084.17,-0.028141957158269816,30.0
SOL/USDT,xgb_primary,conservative,1m,2025-12-22 00:43:00+00:00,2025-12-22 00:40:00+00:00,2025-12-22 00:43:00+00:00,sell,False,min_hold,min_hold,,,False,0.6699029207,0.565682053565979,0.48,0.44,gate_close,gate_close,-0.015399999999999922,-0.017881565459414037,8.901900000000001,0.565682053565979,9.452540370224856,0.7876806742539407,,127.17,126.95,-0.017881565459414037,3.0
BTC/USDT,xgb_primary,conservative,1m,2025-12-22 00:43:00+00:00,2025-12-22 00:12:00+00:00,2025-12-22 00:43:00+00:00,sell,False,pnl_block,pnl_block,,,False,0.6115108132,0.6076040863990784,0.56,0.45,gate_close,gate_close,-0.02357800000000134,-0.025365956845831927,8.934771000000001,0.6076040863990784,9.132437515699769,0.0011221841394548583,,89347.71,89111.93,-0.025365956845831927,31.0
SOL/USDT,xgb_primary,conservative,1m,2025-12-22 00:44:00+00:00,2025-12-22 00:40:00+00:00,2025-12-22 00:44:00+00:00,sell,False,min_hold,min_hold,,,False,0.6699029207,0.5002435445785522,0.48,0.44,gate_close,"gate_close,trailing_prob_drop",-0.0280000000000004,-0.030482561029383525,8.901900000000001,0.5002435445785522,7.8764965343410775,0.7887990534415393,,127.17,126.77,-0.030482561029383525,4.0
SOL/USDT,xgb_primary,conservative,1m,2025-12-22 00:45:00+00:00,2025-12-22 00:40:00+00:00,2025-12-22 00:45:00+00:00,sell,False,pnl_block,pnl_block,,,False,0.6699029207,0.4742901027202606,0.48,0.44,trailing_prob_drop,trailing_prob_drop,-0.02030000000000044,-0.022781952289869577,8.901900000000001,0.4742901027202606,17.35426362704101,0.7881152224459248,,127.17,126.88,-0.022781952289869577,5.0
BTC/USDT,xgb_primary,conservative,1m,2025-12-22 00:45:00+00:00,2025-12-22 00:12:00+00:00,2025-12-22 00:45:00+00:00,sell,False,pnl_block,pnl_block,,,False,0.6115108132,0.5002435445785522,0.56,0.45,trailing_prob_drop,trailing_prob_drop,-0.023985000000000582,-0.025772956891625537,8.934771000000001,0.5002435445785522,8.85924578512053,0.0011222353935605247,,89347.71,89107.86,-0.025772956891625537,33.0
SOL/USDT,xgb_primary,conservative,1m,2025-12-22 00:47:00+00:00,2025-12-22 00:40:00+00:00,2025-12-22 00:47:00+00:00,sell,False,pnl_block,pnl_block,,,False,0.6699029207,0.6076040863990784,0.48,0.44,gate_close,gate_close,-0.009800000000000041,-0.012281123889479679,8.901900000000001,0.6076040863990784,11.02188631711546,0.787184634156344,,127.17,127.03,-0.012281123889479679,7.0
BTC/USDT,xgb_primary,conservative,1m,2025-12-22 00:48:00+00:00,2025-12-22 00:12:00+00:00,2025-12-22 00:48:00+00:00,sell,False,pnl_block,pnl_block,,,False,0.6115108132,0.6076040863990784,0.56,0.45,gate_close,gate_close,-0.020375,-0.02216295648557203,8.934771000000001,0.6076040863990784,7.851053403874674,0.0011217809298432384,,89347.71,89143.96,-0.02216295648557203,36.0
BTC/USDT,xgb_primary,conservative,1m,2025-12-22 00:49:00+00:00,2025-12-22 00:12:00+00:00,2025-12-22 00:49:00+00:00,sell,False,pnl_block,pnl_block,,,False,0.6115108132,0.5878524780273438,0.56,0.45,gate_close,gate_close,-0.021388000000000466,-0.023175956599481573,8.934771000000001,0.5878524780273438,16.32976592020283,0.0011219084194864174,,89347.71,89133.83,-0.023175956599481573,37.0
SOL/USDT,xgb_primary,conservative,1m,2025-12-22 00:51:00+00:00,2025-12-22 00:40:00+00:00,2025-12-22 00:51:00+00:00,sell,False,pnl_block,pnl_block,,,False,0.6699029207,0.565682053565979,0.48,0.44,gate_close,gate_close,-0.0420000000000006,-0.04448367053920697,8.901900000000001,0.565682053565979,8.6709758789216,0.790045427612492,,127.17,126.57,-0.04448367053920697,11.0
BTC/USDT,xgb_primary,conservative,1m,2025-12-22 00:52:00+00:00,2025-12-22 00:12:00+00:00,2025-12-22 00:52:00+00:00,sell,False,pnl_block,pnl_block,,,False,0.6115108132,0.5002435445785522,0.56,0.45,trailing_prob_drop,trailing_prob_drop,-0.038131000000001226,-0.03991895848594583,8.934771000000001,0.5002435445785522,52.63748259016941,0.00112401979256251,,89347.71,88966.4,-0.03991895848594583,40.0
SOL/USDT,xgb_primary,conservative,1m,2025-12-22 00:52:00+00:00,2025-12-22 00:40:00+00:00,2025-12-22 00:52:00+00:00,sell,False,pnl_block,pnl_block,,,False,0.6699029207,0.41829004883766174,0.48,0.44,prob_floor,"prob_floor,trailing_prob_drop",-0.0455000000000004,-0.04798394846473105,8.901900000000001,0.41829004883766174,22.120398167167096,0.7903576368310702,,127.17,126.52,-0.04798394846473105,12.0
SOL/USDT,xgb_primary,conservative,1m,2025-12-22 00:53:00+00:00,2025-12-22 00:40:00+00:00,2025-12-22 00:53:00+00:00,sell,False,pnl_block,pnl_block,,,False,0.6699029207,0.4007633626461029,0.48,0.44,prob_floor,"prob_floor,trailing_prob_drop",-0.0455000000000004,-0.04798394846473105,8.901900000000001,0.4007633626461029,4.741958428831287,0.7903576368310702,,127.17,126.52,-0.04798394846473105,13.0
BTC/USDT,xgb_primary,conservative,1m,2025-12-22 00:53:00+00:00,2025-12-22 00:12:00+00:00,2025-12-22 00:53:00+00:00,sell,False,pnl_block,pnl_block,,,False,0.6115108132,0.5,0.56,0.45,trailing_prob_drop,trailing_prob_drop,-0.04064200000000128,-0.04242995876947695,8.934771000000001,0.5,2.296372563125806,0.0011243371270131862,,89347.71,88941.29,-0.04242995876947695,41.0
ETH/USDT,xgb_primary,primary,1m,2025-12-22 00:54:00+00:00,2025-12-22 00:16:00+00:00,2025-12-22 00:54:00+00:00,sell,False,pnl_block,pnl_block,,,False,0.6844155788,0.4742901027202606,0.48,0.43,trailing_prob_drop,trailing_prob_drop,-0.15677999999999792,-0.1605070814385847,18.332819999999998,0.4742901027202606,,0.033010436248639655,,3055.47,3029.34,-0.1605070814385847,38.0
BTC/USDT,xgb_primary,conservative,1m,2025-12-22 00:54:00+00:00,2025-12-22 00:12:00+00:00,2025-12-22 00:54:00+00:00,sell,False,pnl_block,pnl_block,,,False,0.6115108132,0.41829004883766174,0.56,0.45,prob_floor,"prob_floor,trailing_prob_drop",-0.03966500000000087,-0.04145295865913898,8.934771000000001,0.41829004883766174,4.897612245379556,0.0011242136346892783,,89347.71,88951.06,-0.04145295865913898,42.0
SOL/USDT,xgb_primary,conservative,1m,2025-12-22 00:55:00+00:00,2025-12-22 00:40:00+00:00,2025-12-22 00:55:00+00:00,sell,False,pnl_block,pnl_block,,,False,0.6699029207,0.39150944352149963,0.48,0.44,prob_floor,"prob_floor,trailing_prob_drop",-0.04409999999999969,-0.04658383726816452,8.901900000000001,0.39150944352149963,,0.790232723536363,,127.17,126.54,-0.04658383726816452,15.0
ETH/USDT,xgb_primary,primary,1m,2025-12-22 00:55:00+00:00,2025-12-22 00:16:00+00:00,2025-12-22 00:55:00+00:00,sell,False,pnl_block,pnl_block,,,False,0.6844155788,0.41829004883766174,0.48,0.43,prob_floor,"prob_floor,trailing_prob_drop",-0.15107999999999902,-0.15480706246632128,18.332819999999998,0.41829004883766174,,0.033000087450952065,,3055.47,3030.29,-0.15480706246632128,39.0
BTC/USDT,xgb_primary,conservative,1m,2025-12-22 00:55:00+00:00,2025-12-22 00:12:00+00:00,2025-12-22 00:55:00+00:00,sell,False,pnl_block,pnl_block,,,False,0.6115108132,0.41829004883766174,0.56,0.45,prob_floor,"prob_floor,trailing_prob_drop",-0.03793600000000006,-0.039723958463931355,8.934771000000001,0.41829004883766174,1.4253843872755403,0.001123995154767255,,89347.71,88968.35,-0.039723958463931355,43.0
ETH/USDT,xgb_primary,primary,1m,2025-12-22 00:56:00+00:00,2025-12-22 00:16:00+00:00,2025-12-22 00:56:00+00:00,sell,False,pnl_block,pnl_block,,,False,0.6844155788,0.4742901027202606,0.48,0.43,trailing_prob_drop,trailing_prob_drop,-0.12923999999999977,-0.13296698988255956,18.332819999999998,0.4742901027202606,,0.03296049519919932,,3055.47,3033.93,-0.13296698988255956,40.0
SOL/USDT,xgb_primary,conservative,1m,2025-12-22 00:56:00+00:00,2025-12-22 00:40:00+00:00,2025-12-22 00:56:00+00:00,sell,False,pnl_block,pnl_block,,,False,0.6699029207,0.39150944352149963,0.48,0.44,prob_floor,"prob_floor,trailing_prob_drop",-0.03990000000000052,-0.04238350388926276,8.901900000000001,0.39150944352149963,11.838989739542674,0.7898582204498334,,127.17,126.6,-0.04238350388926276,16.0
BTC/USDT,xgb_primary,conservative,1m,2025-12-22 00:56:00+00:00,2025-12-22 00:12:00+00:00,2025-12-22 00:56:00+00:00,sell,False,pnl_block,pnl_block,,,False,0.6115108132,0.41829004883766174,0.56,0.45,prob_floor,"prob_floor,trailing_prob_drop",-0.04778700000000099,-0.049574959577135196,8.934771000000001,0.41829004883766174,2.3682579254299343,0.0011252410769157103,,89347.71,88869.84,-0.049574959577135196,44.0
SOL/USDT,xgb_primary,conservative,1m,2025-12-22 00:57:00+00:00,2025-12-22 00:40:00+00:00,2025-12-22 00:57:00+00:00,sell,False,pnl_block,pnl_block,,,False,0.6699029207,0.41829004883766174,0.48,0.44,prob_floor,"prob_floor,trailing_prob_drop",-0.039200000000000165,-0.041683448356830285,8.901900000000001,0.41829004883766174,7.105076182206,0.7897958377763389,,127.17,126.61,-0.041683448356830285,17.0
BTC/USDT,xgb_primary,conservative,1m,2025-12-22 00:57:00+00:00,2025-12-22 00:12:00+00:00,2025-12-22 00:57:00+00:00,sell,False,pnl_block,pnl_block,,,False,0.6115108132,0.39150944352149963,0.56,0.45,prob_floor,"prob_floor,trailing_prob_drop",-0.04913100000000122,-0.05091895972920402,8.934771000000001,0.39150944352149963,11.084750462025061,0.0011254112755645725,,89347.71,88856.4,-0.05091895972920402,45.0
ETH/USDT,xgb_primary,primary,1m,2025-12-22 00:57:00+00:00,2025-12-22 00:16:00+00:00,2025-12-22 00:57:00+00:00,sell,True,pnl_block,pnl_block,,,False,0.6844155788,0.5002435445785522,0.48,0.43,trailing_prob_drop,trailing_prob_drop,-0.1516199999999999,-0.15534706426318473,18.332819999999998,0.5002435445785522,,0.033001067585256706,,3055.47,3030.2,-0.15534706426318473,41.0
BTC/USDT,xgb_primary,conservative,1m,2025-12-22 00:58:00+00:00,2025-12-22 00:12:00+00:00,2025-12-22 00:58:00+00:00,sell,False,pnl_block,pnl_block,,,False,0.6115108132,0.41829004883766174,0.56,0.45,prob_floor,"prob_floor,trailing_prob_drop",-0.07144900000000053,-0.07323696226114186,8.934771000000001,0.41829004883766174,2.4961623473388035,0.0011282450790616396,,89347.71,88633.22,-0.07323696226114186,46.0
SOL/USDT,xgb_primary,conservative,1m,2025-12-22 00:58:00+00:00,2025-12-22 00:40:00+00:00,2025-12-22 00:58:00+00:00,sell,False,pnl_block,pnl_block,,,False,0.6699029207,0.41829004883766174,0.48,0.44,prob_floor,"prob_floor,trailing_prob_drop",-0.06440000000000012,-0.06688545306641369,8.901900000000001,0.41829004883766174,0.7898270278812981,0.7920478396899224,,127.17,126.25,-0.06688545306641369,18.0
ETH/USDT,xgb_primary,primary,1m,2025-12-22 00:58:00+00:00,2025-12-22 00:16:00+00:00,2025-12-22 00:58:00+00:00,sell,False,pnl_block,pnl_block,,,False,0.6844155788,0.4742901027202606,0.48,0.43,trailing_prob_drop,trailing_prob_drop,-0.15533999999999923,-0.15906707664447164,18.332819999999998,0.4742901027202606,,0.033007821203954596,,3055.47,3029.58,-0.15906707664447164,42.0
BTC/USDT,xgb_primary,conservative,1m,2025-12-22 00:59:00+00:00,2025-12-22 00:12:00+00:00,2025-12-22 00:59:00+00:00,sell,False,pnl_block,pnl_block,,,False,0.6115108132,0.41829004883766174,0.56,0.45,prob_floor,"prob_floor,trailing_prob_drop",-0.07046300000000047,-0.07225096214901254,8.934771000000001,0.41829004883766174,22.754445482805153,0.0011281195814384518,,89347.71,88643.08,-0.07225096214901254,47.0
ETH/USDT,xgb_primary,primary,1m,2025-12-22 00:59:00+00:00,2025-12-22 00:16:00+00:00,2025-12-22 00:59:00+00:00,sell,False,pnl_block,pnl_block,,,False,0.6844155788,0.4742901027202606,0.48,0.43,trailing_prob_drop,trailing_prob_drop,-0.19397999999999957,-0.19770720555043925,18.332819999999998,0.4742901027202606,,0.03307813551853543,,3055.47,3023.14,-0.19770720555043925,43.0
SOL/USDT,xgb_primary,conservative,1m,2025-12-22 00:59:00+00:00,2025-12-22 00:40:00+00:00,2025-12-22 00:59:00+00:00,sell,False,pnl_block,pnl_block,,,False,0.6699029207,0.39150944352149963,0.48,0.44,prob_floor,"prob_floor,trailing_prob_drop",-0.053200000000000365,-0.05568456067476242,8.901900000000001,0.39150944352149963,12.65722648524615,0.7910453664521708,,127.17,126.41,-0.05568456067476242,19.0
ETH/USDT,xgb_primary,primary,1m,2025-12-22 01:00:00+00:00,2025-12-22 00:16:00+00:00,2025-12-22 01:00:00+00:00,sell,False,pnl_block,pnl_block,,,False,0.6844155788,0.41829004883766174,0.48,0.43,prob_floor,"prob_floor,trailing_prob_drop",-0.1771199999999999,-0.1810289037456019,18.332819999999998,0.41829004883766174,,0.13218901707539607,,3055.47,3025.95,-0.1810289037456019,44.0
SOL/USDT,xgb_primary,conservative,1m,2025-12-22 01:00:00+00:00,2025-12-22 00:40:00+00:00,2025-12-22 01:00:00+00:00,sell,False,pnl_block,pnl_block,,,False,0.6699029207,0.41829004883766174,0.48,0.44,prob_floor,"prob_floor,trailing_prob_drop",-0.04619999999999977,-0.04868400407619563,8.901900000000001,0.41829004883766174,13.447239360860758,0.790420108286836,,127.17,126.51,-0.04868400407619563,20.0
BTC/USDT,xgb_primary,conservative,1m,2025-12-22 01:00:00+00:00,2025-12-22 00:12:00+00:00,2025-12-22 01:00:00+00:00,sell,False,pnl_block,pnl_block,,,False,0.6115108132,0.39150944352149963,0.56,0.45,prob_floor,"prob_floor,trailing_prob_drop",-0.070462000000001,-0.07681093117372735,8.934771000000001,0.39150944352149963,5.105868940263112,5.105868940263112,,89347.71,88643.09,-0.07681093117372735,48.0
ETH/USDT,xgb_primary,primary,1m,2025-12-22 01:01:00+00:00,2025-12-22 00:16:00+00:00,2025-12-22 01:01:00+00:00,sell,False,pnl_block,pnl_block,,,False,0.6844155788,0.41829004883766174,0.48,0.43,prob_floor,"prob_floor,trailing_prob_drop",-0.17441999999999827,-0.17881346552851607,18.332819999999998,0.41829004883766174,,0.3965028449075516,,3055.47,3026.4,-0.17881346552851607,45.0
SOL/USDT,xgb_primary,conservative,1m,2025-12-22 01:01:00+00:00,2025-12-22 00:40:00+00:00,2025-12-22 01:01:00+00:00,sell,False,pnl_block,pnl_block,,,False,0.6699029207,0.4007633626461029,0.48,0.44,prob_floor,"prob_floor,trailing_prob_drop",-0.040599999999999886,-0.04308355943046648,8.901900000000001,0.4007633626461029,15.012642225031426,0.7899206129776773,,127.17,126.59,-0.04308355943046648,21.0
SOL/USDT,xgb_primary,conservative,1m,2025-12-22 01:02:00+00:00,2025-12-22 00:40:00+00:00,2025-12-22 01:02:00+00:00,sell,False,pnl_block,pnl_block,,,False,0.6699029207,0.4007633626461029,0.48,0.44,prob_floor,"prob_floor,trailing_prob_drop",-0.04409999999999969,-0.04658383726816452,8.901900000000001,0.4007633626461029,13.428120063191288,0.790232723536363,,127.17,126.54,-0.04658383726816452,22.0
ETH/USDT,xgb_primary,primary,1m,2025-12-22 01:03:00+00:00,2025-12-22 00:16:00+00:00,2025-12-22 01:03:00+00:00,sell,False,pnl_block,pnl_block,,,False,0.6844155788,0.41829004883766174,0.48,0.43,prob_floor,"prob_floor,trailing_prob_drop",-0.16403999999999816,-0.16776710562049912,18.332819999999998,0.41829004883766174,,0.033023626752980074,,3055.47,3028.13,-0.16776710562049912,47.0
SOL/USDT,xgb_primary,conservative,1m,2025-12-22 01:03:00+00:00,2025-12-22 00:40:00+00:00,2025-12-22 01:03:00+00:00,sell,False,pnl_block,pnl_block,,,False,0.6699029207,0.3245033025741577,0.48,0.44,prob_floor,"prob_floor,trailing_prob_drop",-0.0490000000000002,-0.05148422661000254,8.901900000000001,0.3245033025741577,11.062821019359982,0.7906700929041404,,127.17,126.47,-0.05148422661000254,23.0
BTC/USDT,xgb_primary,conservative,1m,2025-12-22 01:03:00+00:00,2025-12-22 00:12:00+00:00,2025-12-22 01:03:00+00:00,sell,False,pnl_block,pnl_block,,,False,0.6115108132,0.4007633626461029,0.56,0.45,prob_floor,"prob_floor,trailing_prob_drop",-0.060587000000000994,-0.06237496102727716,8.934771000000001,0.4007633626461029,7.852310275950835,0.0011268641089570795,,89347.71,88741.84,-0.06237496102727716,51.0
BTC/USDT,xgb_primary,conservative,1m,2025-12-22 01:04:00+00:00,2025-12-22 00:12:00+00:00,2025-12-22 01:04:00+00:00,sell,False,pnl_block,pnl_block,,,False,0.6115108132,0.3245033025741577,0.56,0.45,prob_floor,"prob_floor,trailing_prob_drop",-0.049351000000000936,-0.051138959754100294,8.934771000000001,0.3245033025741577,5.795462433504598,0.0011254391403663143,,89347.71,88854.2,-0.051138959754100294,52.0
ETH/USDT,xgb_primary,primary,1m,2025-12-22 01:04:00+00:00,2025-12-22 00:16:00+00:00,2025-12-22 01:04:00+00:00,sell,False,pnl_block,pnl_block,,,False,0.6844155788,0.41829004883766174,0.48,0.43,prob_floor,"prob_floor,trailing_prob_drop",-0.1561199999999999,-0.15984707924119146,18.332819999999998,0.41829004883766174,,0.03300923763587272,,3055.47,3029.45,-0.15984707924119146,48.0
SOL/USDT,xgb_primary,conservative,1m,2025-12-22 01:04:00+00:00,2025-12-22 00:40:00+00:00,2025-12-22 01:04:00+00:00,sell,False,pnl_block,pnl_block,,,False,0.6699029207,0.3245033025741577,0.48,0.44,prob_floor,"prob_floor,trailing_prob_drop",-0.03289999999999992,-0.03538294895939315,8.901900000000001,0.3245033025741577,6.325110689438054,0.7892348368249797,,127.17,126.7,-0.03538294895939315,24.0
SOL/USDT,xgb_primary,conservative,1m,2025-12-22 01:05:00+00:00,2025-12-22 00:40:00+00:00,2025-12-22 01:05:00+00:00,sell,False,pnl_block,pnl_block,,,False,0.6699029207,0.3245033025741577,0.48,0.44,prob_floor,"prob_floor,trailing_prob_drop",-0.037100000000000084,-0.039583281812152524,8.901900000000001,0.3245033025741577,30.78137332280983,0.7896087488653413,,127.17,126.64,-0.039583281812152524,25.0
BTC/USDT,xgb_primary,conservative,1m,2025-12-22 01:05:00+00:00,2025-12-22 00:12:00+00:00,2025-12-22 01:05:00+00:00,sell,False,pnl_block,pnl_block,,,False,0.6115108132,0.4007633626461029,0.56,0.45,prob_floor,"prob_floor,trailing_prob_drop",-0.04667800000000134,-0.04846595945169096,8.934771000000001,0.4007633626461029,22.81477320702272,0.0011251006764626437,,89347.71,88880.93,-0.04846595945169096,53.0
ETH/USDT,xgb_primary,primary,1m,2025-12-22 01:06:00+00:00,2025-12-22 00:16:00+00:00,2025-12-22 01:06:00+00:00,sell,False,pnl_block,pnl_block,,,False,0.6844155788,0.41829004883766174,0.48,0.43,prob_floor,"prob_floor,trailing_prob_drop",-0.14855999999999858,-0.15228705408237045,18.332819999999998,0.41829004883766174,,0.032995514259056134,,3055.47,3030.71,-0.15228705408237045,50.0
SOL/USDT,xgb_primary,conservative,1m,2025-12-22 01:06:00+00:00,2025-12-22 00:40:00+00:00,2025-12-22 01:06:00+00:00,sell,False,pnl_block,pnl_block,,,False,0.6699029207,0.41829004883766174,0.48,0.44,prob_floor,"prob_floor,trailing_prob_drop",-0.040599999999999886,-0.04308355943046648,8.901900000000001,0.41829004883766174,7.107320540155508,0.7899206129776773,,127.17,126.59,-0.04308355943046648,26.0
BTC/USDT,xgb_primary,conservative,1m,2025-12-22 01:06:00+00:00,2025-12-22 00:12:00+00:00,2025-12-22 01:06:00+00:00,sell,False,pnl_block,pnl_block,,,False,0.6115108132,0.3396226465702057,0.56,0.45,prob_floor,"prob_floor,trailing_prob_drop",-0.0473,-0.04908795952204186,8.934771000000001,0.3396226465702057,3.0085190368154566,0.001125179416300948,,89347.71,88874.71,-0.04908795952204186,54.0
ETH/USDT,xgb_primary,primary,1m,2025-12-22 01:07:00+00:00,2025-12-22 00:16:00+00:00,2025-12-22 01:07:00+00:00,sell,False,pnl_block,pnl_block,,,False,0.6844155788,0.41829004883766174,0.48,0.43,prob_floor,"prob_floor,trailing_prob_drop",-0.15059999999999946,-0.15432706086920014,18.332819999999998,0.41829004883766174,,0.03299921626933392,,3055.47,3030.37,-0.15432706086920014,51.0
BTC/USDT,xgb_primary,conservative,1m,2025-12-22 01:07:00+00:00,2025-12-22 00:12:00+00:00,2025-12-22 01:07:00+00:00,sell,False,pnl_block,pnl_block,,,False,0.6115108132,0.41829004883766174,0.56,0.45,prob_floor,"prob_floor,trailing_prob_drop",-0.04387200000000012,-0.045659959134427205,8.934771000000001,0.41829004883766174,1.648217691643416,0.0011247455889880783,,89347.71,88908.99,-0.045659959134427205,55.0
BTC/USDT,xgb_primary,conservative,1m,2025-12-22 01:08:00+00:00,2025-12-22 00:12:00+00:00,2025-12-22 01:08:00+00:00,sell,False,pnl_block,pnl_block,,,False,0.6115108132,0.41829004883766174,0.56,0.45,prob_floor,"prob_floor,trailing_prob_drop",-0.05076000000000058,-0.052547959913578884,8.934771000000001,0.41829004883766174,3.85675240976657,0.0011256176328408975,,89347.71,88840.11,-0.052547959913578884,56.0
SOL/USDT,xgb_primary,conservative,1m,2025-12-22 01:09:00+00:00,2025-12-22 00:40:00+00:00,2025-12-22 01:09:00+00:00,sell,False,pnl_block,pnl_block,,,False,0.6699029207,0.4742901027202606,0.48,0.44,trailing_prob_drop,trailing_prob_drop,-0.0490000000000002,-0.05148422661000254,8.901900000000001,0.4742901027202606,12.647221563512495,0.7906700929041404,,127.17,126.47,-0.05148422661000254,29.0
SOL/USDT,xgb_primary,conservative,1m,2025-12-22 01:10:00+00:00,2025-12-22 00:40:00+00:00,2025-12-22 01:10:00+00:00,sell,False,pnl_block,pnl_block,,,False,0.6699029207,0.4742901027202606,0.48,0.44,trailing_prob_drop,trailing_prob_drop,-0.0455000000000004,-0.04798394846473105,8.901900000000001,0.4742901027202606,7.115749525615843,0.7903576368310702,,127.17,126.52,-0.04798394846473105,30.0
ETH/USDT,xgb_primary,primary,1m,2025-12-22 01:10:00+00:00,2025-12-22 00:16:00+00:00,2025-12-22 01:10:00+00:00,sell,True,pnl_block,pnl_block,,,False,0.6844155788,0.5002435445785522,0.48,0.43,trailing_prob_drop,trailing_prob_drop,-0.15689999999999782,-0.16062708183812865,18.332819999999998,0.5002435445785522,0.0330101638286625,0.033010654187858784,,3055.47,3029.32,-0.16062708183812865,54.0
BTC/USDT,xgb_primary,conservative,1m,2025-12-22 01:10:00+00:00,2025-12-22 00:12:00+00:00,2025-12-22 01:10:00+00:00,sell,False,pnl_block,pnl_block,,,False,0.6115108132,0.4742901027202606,0.56,0.45,trailing_prob_drop,trailing_prob_drop,-0.0479570000000007,-0.04974495959636577,8.934771000000001,0.4742901027202606,,0.0011252626005371566,,89347.71,88868.14,-0.04974495959636577,58.0
BTC/USDT,xgb_primary,conservative,1m,2025-12-22 01:11:00+00:00,2025-12-22 00:12:00+00:00,2025-12-22 01:11:00+00:00,sell,False,pnl_block,pnl_block,,,False,0.6115108132,0.4742901027202606,0.56,0.45,trailing_prob_drop,trailing_prob_drop,-0.03216399999999994,-0.033951957812817346,8.934771000000001,0.4742901027202606,5.744539819400321,0.0011232664132122313,,89347.71,89026.07,-0.033951957812817346,59.0
SOL/USDT,xgb_primary,conservative,1m,2025-12-22 01:11:00+00:00,2025-12-22 00:40:00+00:00,2025-12-22 01:11:00+00:00,sell,False,pnl_block,pnl_block,,,False,0.6699029207,0.41829004883766174,0.48,0.44,prob_floor,"prob_floor,trailing_prob_drop",-0.02940000000000012,-0.03188267182280826,8.901900000000001,0.41829004883766174,0.7906388361800376,0.7889235138657343,,127.17,126.75,-0.03188267182280826,31.0
ETH/USDT,xgb_primary,primary,1m,2025-12-22 01:11:00+00:00,2025-12-22 00:16:00+00:00,2025-12-22 01:11:00+00:00,sell,True,pnl_block,pnl_block,,,False,0.6844155788,0.5002435445785522,0.48,0.43,trailing_prob_drop,trailing_prob_drop,-0.1586399999999976,-0.16236708763211002,18.332819999999998,0.5002435445785522,,0.03301381462995156,,3055.47,3029.03,-0.16236708763211002,55.0
SOL/USDT,xgb_primary,conservative,1m,2025-12-22 01:12:00+00:00,2025-12-22 00:40:00+00:00,2025-12-22 01:12:00+00:00,sell,False,pnl_block,pnl_block,,,False,0.6699029207,0.5002435445785522,0.48,0.44,gate_close,"gate_close,trailing_prob_drop",-0.04130000000000024,-0.04378361498044852,8.901900000000001,0.5002435445785522,14.990138067062086,0.7899830153655738,,127.17,126.58,-0.04378361498044852,32.0
BTC/USDT,xgb_primary,conservative,1m,2025-12-22 01:12:00+00:00,2025-12-22 00:12:00+00:00,2025-12-22 01:12:00+00:00,sell,False,pnl_block,pnl_block,,,False,0.6115108132,0.5002435445785522,0.56,0.45,trailing_prob_drop,trailing_prob_drop,-0.03857100000000064,-0.04035895853561507,8.934771000000001,0.5002435445785522,11.917857319772265,0.0011240753841779206,,89347.71,88962.0,-0.04035895853561507,60.0
SOL/USDT,xgb_primary,conservative,1m,2025-12-22 01:13:00+00:00,2025-12-22 00:40:00+00:00,2025-12-22 01:13:00+00:00,sell,False,pnl_block,pnl_block,,,False,0.6699029207,0.4742901027202606,0.48,0.44,trailing_prob_drop,trailing_prob_drop,-0.039200000000000165,-0.041683448356830285,8.901900000000001,0.4742901027202606,12.639229007030302,0.7897958377763389,,127.17,126.61,-0.041683448356830285,33.0
BTC/USDT,xgb_primary,conservative,1m,2025-12-22 01:13:00+00:00,2025-12-22 00:12:00+00:00,2025-12-22 01:13:00+00:00,sell,False,pnl_block,pnl_block,,,False,0.6115108132,0.5002435445785522,0.56,0.45,trailing_prob_drop,trailing_prob_drop,-0.04297100000000064,-0.04475895903259842,8.934771000000001,0.5002435445785522,6.484325500326838,0.0011246316192947998,,89347.71,88918.0,-0.04475895903259842,61.0
SOL/USDT,xgb_primary,conservative,1m,2025-12-22 01:14:00+00:00,2025-12-22 00:40:00+00:00,2025-12-22 01:14:00+00:00,sell,False,pnl_block,pnl_block,,,False,0.6699029207,0.6076040863990784,0.48,0.44,gate_close,gate_close,-0.03220000000000056,-0.034682893514580884,8.901900000000001,0.6076040863990784,7.108443250928317,0.7891725525790251,,127.17,126.71,-0.034682893514580884,34.0
BTC/USDT,xgb_primary,conservative,1m,2025-12-22 01:14:00+00:00,2025-12-22 00:12:00+00:00,2025-12-22 01:14:00+00:00,sell,False,pnl_block,pnl_block,,,False,0.6115108132,0.5002435445785522,0.56,0.45,trailing_prob_drop,trailing_prob_drop,-0.034772000000000115,-0.03655995810690992,8.934771000000001,0.5002435445785522,4.949503480790311,0.0011235955681527074,,89347.71,88999.99,-0.03655995810690992,62.0
BTC/USDT,xgb_primary,conservative,1m,2025-12-22 01:15:00+00:00,2025-12-22 00:12:00+00:00,2025-12-22 01:15:00+00:00,sell,False,pnl_block,pnl_block,,,False,0.6115108132,0.565682053565979,0.56,0.45,gate_close,gate_close,-0.034344000000000235,-0.03613195805863459,8.934771000000001,0.565682053565979,9.21236058565908,0.0011235415371633904,,89347.71,89004.27,-0.03613195805863459,63.0
SOL/USDT,xgb_primary,conservative,1m,2025-12-22 01:17:00+00:00,2025-12-22 00:40:00+00:00,2025-12-22 01:17:00+00:00,sell,False,pnl_block,pnl_block,,,False,0.6699029207,0.6076040863990784,0.48,0.44,gate_close,gate_close,-0.015399999999999922,-0.017881565459414037,8.901900000000001,0.6076040863990784,7.8814627994962585,0.7876806742539407,,127.17,126.95,-0.017881565459414037,37.0
SOL/USDT,xgb_primary,conservative,1m,2025-12-22 01:18:00+00:00,2025-12-22 00:40:00+00:00,2025-12-22 01:18:00+00:00,sell,False,pnl_block,pnl_block,,,False,0.6699029207,0.6076040863990784,0.48,0.44,gate_close,gate_close,-0.0140000000000002,-0.016481455014767245,8.901900000000001,0.6076040863990784,13.391098857818173,0.7875566056314326,,127.17,126.97,-0.016481455014767245,38.0
SOL/USDT,xgb_primary,conservative,1m,2025-12-22 01:21:00+00:00,2025-12-22 00:40:00+00:00,2025-12-22 01:21:00+00:00,sell,False,pnl_block,pnl_block,,,False,0.6699029207,0.6076040863990784,0.48,0.44,gate_close,gate_close,-0.004900000000000518,-0.008781288626047878,8.901900000000001,0.6076040863990784,11.016682404784433,2.360067655272874,,127.17,127.1,-0.008781288626047878,41.0
BTC/USDT,xgb_primary,conservative,1m,2025-12-22 01:21:00+00:00,2025-12-22 00:12:00+00:00,2025-12-22 01:21:00+00:00,sell,False,pnl_block,pnl_block,,,False,0.6115108132,0.565682053565979,0.56,0.45,gate_close,gate_close,-0.03037100000000064,-0.03215895761072945,8.934771000000001,0.565682053565979,8.419514941577562,0.0011230402310364758,,89347.71,89044.0,-0.03215895761072945,69.0
BTC/USDT,xgb_primary,conservative,1m,2025-12-22 01:22:00+00:00,2025-12-22 00:12:00+00:00,2025-12-22 01:22:00+00:00,sell,False,pnl_block,pnl_block,,,False,0.6115108132,0.565682053565979,0.56,0.45,gate_close,gate_close,-0.029969000000000235,-0.03175695756543089,8.934771000000001,0.565682053565979,11.456132759519114,0.0011229895323070119,,89347.71,89048.02,-0.03175695756543089,70.0
ETH/USDT,xgb_primary,primary,1m,2025-12-22 01:22:00+00:00,2025-12-22 00:16:00+00:00,2025-12-22 01:22:00+00:00,sell,False,pnl_block,pnl_block,,,False,0.6844155788,0.5878524780273438,0.48,0.43,gate_close,gate_close,-0.10577999999999793,-0.10950691210860639,18.332819999999998,0.5878524780273438,19.93821128581704,0.032918071856080644,,3055.47,3037.84,-0.10950691210860639,66.0
SOL/USDT,xgb_primary,conservative,1m,2025-12-22 01:22:00+00:00,2025-12-22 00:40:00+00:00,2025-12-22 01:22:00+00:00,sell,False,pnl_block,pnl_block,,,False,0.6699029207,0.6076040863990784,0.48,0.44,gate_close,gate_close,-0.004900000000000518,-0.007380737971756511,8.901900000000001,0.6076040863990784,18.093140339836687,0.7867511112863472,,127.17,127.1,-0.007380737971756511,42.0
BTC/USDT,xgb_primary,conservative,1m,2025-12-22 01:25:00+00:00,2025-12-22 00:12:00+00:00,2025-12-22 01:25:00+00:00,sell,False,pnl_block,pnl_block,,,False,0.6115108132,0.565682053565979,0.56,0.45,gate_close,gate_close,-0.028379000000000817,-0.030166957386307206,8.934771000000001,0.565682053565979,6.740058413839587,0.0011227890523308188,,89347.71,89063.92,-0.030166957386307206,73.0
BTC/USDT,xgb_primary,conservative,1m,2025-12-22 01:27:00+00:00,2025-12-22 00:12:00+00:00,2025-12-22 01:27:00+00:00,sell,False,pnl_block,pnl_block,,,False,0.6115108132,0.5002435445785522,0.56,0.45,trailing_prob_drop,trailing_prob_drop,-0.03077300000000105,-0.03256095765603356,8.934771000000001,0.5002435445785522,12.234593903651161,0.0011230909359781704,,89347.71,89039.98,-0.03256095765603356,75.0
BTC/USDT,xgb_primary,conservative,1m,2025-12-22 01:30:00+00:00,2025-12-22 00:12:00+00:00,2025-12-22 01:30:00+00:00,sell,False,pnl_block,pnl_block,,,False,0.6115108132,0.4742901027202606,0.56,0.45,trailing_prob_drop,trailing_prob_drop,-0.024772000000000117,-0.026559956980190546,8.934771000000001,0.4742901027202606,7.674152927021671,0.001122334518061568,,89347.71,89099.99,-0.026559956980190546,78.0
BTC/USDT,xgb_primary,conservative,1m,2025-12-22 01:31:00+00:00,2025-12-22 00:12:00+00:00,2025-12-22 01:31:00+00:00,sell,False,pnl_block,pnl_block,,,False,0.6115108132,0.5002435445785522,0.56,0.45,trailing_prob_drop,trailing_prob_drop,-0.02295200000000041,-0.02473995677539989,8.934771000000001,0.5002435445785522,12.680134680134222,0.0011221053113521105,,89347.71,89118.19,-0.02473995677539989,79.0
SOL/USDT,xgb_primary,conservative,1m,2025-12-22 01:32:00+00:00,2025-12-22 00:40:00+00:00,2025-12-22 01:32:00+00:00,sell,False,pnl_block,pnl_block,,,False,0.6699029207,0.5002435445785522,0.48,0.44,gate_close,"gate_close,trailing_prob_drop",-0.014700000000000558,-0.017181510232742225,8.901900000000001,0.5002435445785522,10.229776518728004,0.7876186350573084,,127.17,126.96,-0.017181510232742225,52.0
BTC/USDT,xgb_primary,conservative,1m,2025-12-22 01:32:00+00:00,2025-12-22 00:12:00+00:00,2025-12-22 01:32:00+00:00,sell,False,pnl_block,pnl_block,,,False,0.6115108132,0.5002435445785522,0.56,0.45,trailing_prob_drop,trailing_prob_drop,-0.026654000000000816,-0.02844195719204659,8.934771000000001,0.5002435445785522,5.558909403465689,0.0011225716314093648,,89347.71,89081.17,-0.02844195719204659,80.0
SOL/USDT,xgb_primary,conservative,1m,2025-12-22 01:33:00+00:00,2025-12-22 00:40:00+00:00,2025-12-22 01:33:00+00:00,sell,True,pnl_block,pnl_block,,,False,0.6699029207,0.5002435445785522,0.48,0.44,trailing_prob_drop,trailing_prob_drop,-0.01190000000000012,-0.014381289413015716,8.901900000000001,0.5002435445785522,6.300204756654456,0.7873705759619791,,127.17,127.0,-0.014381289413015716,53.0
SOL/USDT,xgb_primary,conservative,1m,2025-12-22 01:34:00+00:00,2025-12-22 00:40:00+00:00,2025-12-22 01:34:00+00:00,sell,True,pnl_block,pnl_block,,,False,0.6699029207,0.5002435445785522,0.48,0.44,trailing_prob_drop,trailing_prob_drop,-0.011199999999999762,-0.013681234229814501,8.901900000000001,0.5002435445785522,0.7874635798087176,0.78730858559941,,127.17,127.01,-0.013681234229814501,54.0
SOL/USDT,xgb_primary,conservative,1m,2025-12-22 01:35:00+00:00,2025-12-22 00:40:00+00:00,2025-12-22 01:35:00+00:00,sell,True,dry_run,dry_run,,,True,0.6699029207,0.5002435445785522,0.48,0.44,prob_trailing,trailing_prob_drop,0.004899999999999523,0.0031196199999995225,8.901900000000001,0.5002435445785522,5.5096418732777,0.7858854964835644,8.9068,127.17,127.24,0.0031196199999995225,55.0
BTC/USDT,xgb_primary,conservative,1m,2025-12-22 01:36:00+00:00,2025-12-22 00:12:00+00:00,2025-12-22 01:36:00+00:00,sell,False,pnl_block,pnl_block,,,False,0.6115108132,0.5878524780273438,0.56,0.45,gate_close,gate_close,-0.02085,-0.02263795653898126,8.934771000000001,0.5878524780273438,9.892824373336179,0.0011218407066700454,,89347.71,89139.21,-0.02263795653898126,84.0
ETH/USDT,xgb_primary,primary,1m,2025-12-22 01:37:00+00:00,2025-12-22 00:16:00+00:00,2025-12-22 01:37:00+00:00,sell,False,pnl_block,pnl_block,,,False,0.6844155788,0.565682053565979,0.48,0.43,gate_close,gate_close,-0.0736199999999999,-0.07734680581742724,18.332819999999998,0.565682053565979,18.740629685156822,0.03286009322480174,,3055.47,3043.2,-0.07734680581742724,81.0
ETH/USDT,xgb_primary,primary,1m,2025-12-22 01:38:00+00:00,2025-12-22 00:16:00+00:00,2025-12-22 01:38:00+00:00,sell,False,pnl_block,pnl_block,,,False,0.6844155788,0.6076040863990784,0.48,0.43,gate_close,gate_close,-0.051119999999999895,-0.05484673167559865,18.332819999999998,0.6076040863990784,9.365141955835664,0.0328196510950056,,3055.47,3046.95,-0.05484673167559865,82.0
BTC/USDT,xgb_primary,conservative,1m,2025-12-22 01:39:00+00:00,2025-12-22 00:12:00+00:00,2025-12-22 01:39:00+00:00,sell,False,pnl_block,pnl_block,,,False,0.6115108132,0.5878524780273438,0.56,0.45,gate_close,gate_close,-0.01677100000000064,-0.01855895608052255,8.934771000000001,0.5878524780273438,9.438362006722354,0.0011213275884836866,,89347.71,89180.0,-0.01855895608052255,87.0
BTC/USDT,xgb_primary,conservative,1m,2025-12-22 01:40:00+00:00,2025-12-22 00:12:00+00:00,2025-12-22 01:40:00+00:00,sell,False,pnl_block,pnl_block,,,False,0.6115108132,0.5878524780273438,0.56,0.45,gate_close,gate_close,-0.016772000000000117,-0.01855995608063437,8.934771000000001,0.5878524780273438,7.159231350123923,0.0011213277142212569,,89347.71,89179.99,-0.01855995608063437,88.0
SOL/USDT,xgb_primary,conservative,1m,2025-12-22 01:41:00+00:00,,2025-12-22 01:41:00+00:00,buy,True,dry_run,dry_run,,exchange_qty_step,True,0.5002435445785522,0.5002435445785522,,0.48,dry_run,,,,,0.5002435445785522,0.7869987801511751,,8.8949,,127.07,0.0,
BTC/USDT,xgb_primary,conservative,1m,2025-12-22 01:42:00+00:00,2025-12-22 00:12:00+00:00,2025-12-22 01:42:00+00:00,sell,True,dry_run,dry_run,,,True,0.6115108132,0.565682053565979,0.56,0.45,time_limit,time_exit,-0.01949800000000105,-0.02128495420000105,8.934771000000001,0.565682053565979,4.882207763069786,0.001121670581313431,8.915273000000001,89347.71,89152.73,-0.02128495420000105,90.0
BTC/USDT,xgb_primary,conservative,1m,2025-12-22 01:43:00+00:00,,2025-12-22 01:43:00+00:00,buy,True,cooldown_after_loss,cooldown_after_loss,cooldown_after_loss,,False,0.565682053565979,0.565682053565979,,0.56,cooldown_after_loss,,,,,0.565682053565979,,,15.0,,89112.88,0.0,
BTC/USDT,xgb_primary,conservative,1m,2025-12-22 01:44:00+00:00,,2025-12-22 01:44:00+00:00,buy,True,cooldown_after_loss,cooldown_after_loss,cooldown_after_loss,,False,0.565682053565979,0.565682053565979,,0.56,cooldown_after_loss,,,,,0.565682053565979,,,15.0,,89108.85,0.0,
BTC/USDT,xgb_primary,conservative,1m,2025-12-22 01:45:00+00:00,,2025-12-22 01:45:00+00:00,buy,True,cooldown_after_loss,cooldown_after_loss,cooldown_after_loss,,False,0.565682053565979,0.565682053565979,,0.56,cooldown_after_loss,,,,,0.565682053565979,,,15.0,,89115.14,0.0,
ETH/USDT,xgb_primary,primary,1m,2025-12-22 01:46:00+00:00,2025-12-22 00:16:00+00:00,2025-12-22 01:46:00+00:00,sell,True,dry_run,dry_run,,,True,0.6844155788,0.6076040863990784,0.48,0.43,time_limit,time_exit,-0.08507999999999902,-0.08874656399999901,18.332819999999998,0.6076040863990784,0.032880730084448494,0.032880730084448494,18.24774,3055.47,3041.29,-0.08874656399999901,90.0
SOL/USDT,xgb_primary,conservative,1m,2025-12-22 01:46:00+00:00,2025-12-22 01:41:00+00:00,2025-12-22 01:46:00+00:00,sell,False,pnl_block,pnl_block,,,False,0.5002435446,0.41829004883766174,0.48,0.44,prob_floor,prob_floor,-0.012599999999999483,-0.015079945365065447,8.8949,0.41829004883766174,3.9388687568927963,0.7880531147803393,,127.07,126.89,-0.015079945365065447,5.0
ETH/USDT,xgb_primary,primary,1m,2025-12-22 01:48:00+00:00,,2025-12-22 01:48:00+00:00,buy,True,cooldown_after_loss,cooldown_after_loss,cooldown_after_loss,,False,0.5002435445785522,0.5002435445785522,,0.48,cooldown_after_loss,,,,,0.5002435445785522,,,20.0,,3041.34,0.0,
ETH/USDT,xgb_primary,primary,1m,2025-12-22 01:49:00+00:00,,2025-12-22 01:49:00+00:00,buy,True,cooldown_after_loss,cooldown_after_loss,cooldown_after_loss,,False,0.565682053565979,0.565682053565979,,0.48,cooldown_after_loss,,,,,0.565682053565979,,,20.0,,3037.77,0.0,
SOL/USDT,xgb_primary,conservative,1m,2025-12-22 01:49:00+00:00,2025-12-22 01:41:00+00:00,2025-12-22 01:49:00+00:00,sell,False,pnl_block,pnl_block,,,False,0.5002435446,0.41829004883766174,0.48,0.44,prob_floor,prob_floor,-0.020999999999999804,-0.02348060887004552,8.8949,0.41829004883766174,7.099471483789809,0.7887990534415393,,127.07,126.77,-0.02348060887004552,8.0
SOL/USDT,xgb_primary,conservative,1m,2025-12-22 01:50:00+00:00,2025-12-22 01:41:00+00:00,2025-12-22 01:50:00+00:00,sell,False,pnl_block,pnl_block,,,False,0.5002435446,0.41829004883766174,0.48,0.44,prob_floor,prob_floor,-0.04899999999999921,-0.05148282965380668,8.8949,0.41829004883766174,3.944461975386333,0.7912957467846414,,127.07,126.37,-0.05148282965380668,9.0
SOL/USDT,xgb_primary,conservative,1m,2025-12-22 01:52:00+00:00,2025-12-22 01:41:00+00:00,2025-12-22 01:52:00+00:00,sell,False,pnl_block,pnl_block,,,False,0.5002435446,0.4007633626461029,0.48,0.44,prob_floor,prob_floor,-0.06719999999999957,-0.06968428071759894,8.8949,0.4007633626461029,,0.7929270903544475,,127.07,126.11,-0.06968428071759894,11.0
SOL/USDT,xgb_primary,conservative,1m,2025-12-22 01:53:00+00:00,2025-12-22 01:41:00+00:00,2025-12-22 01:53:00+00:00,sell,False,pnl_block,pnl_block,,,False,0.5002435446,0.41829004883766174,0.48,0.44,prob_floor,prob_floor,-0.07699999999999961,-0.07948506454058342,8.8949,0.41829004883766174,20.656232620958537,0.793808295297092,,127.07,125.97,-0.07948506454058342,12.0
SOL/USDT,xgb_primary,conservative,1m,2025-12-22 01:54:00+00:00,2025-12-22 01:41:00+00:00,2025-12-22 01:54:00+00:00,sell,False,pnl_block,pnl_block,,,False,0.5002435446,0.3245033025741577,0.48,0.44,prob_floor,"prob_floor,trailing_prob_drop",-0.07,-0.0724845044893916,8.8949,0.3245033025741577,6.352231221216317,0.7931786634943578,,127.07,126.07,-0.0724845044893916,13.0
SOL/USDT,xgb_primary,conservative,1m,2025-12-22 01:55:00+00:00,2025-12-22 01:41:00+00:00,2025-12-22 01:55:00+00:00,sell,False,pnl_block,pnl_block,,,False,0.5002435446,0.3245033025741577,0.48,0.44,prob_floor,"prob_floor,trailing_prob_drop",-0.06649999999999921,-0.06898422479682711,8.8949,0.3245033025741577,7.932101213611035,0.792864222001261,,127.07,126.12,-0.06898422479682711,14.0
SOL/USDT,xgb_primary,conservative,1m,2025-12-22 01:56:00+00:00,2025-12-22 01:41:00+00:00,2025-12-22 01:56:00+00:00,sell,False,pnl_block,pnl_block,,,False,0.5002435446,0.3191489577293396,0.48,0.44,prob_floor,"prob_floor,trailing_prob_drop",-0.07,-0.0724845044893916,8.8949,0.3191489577293396,7.135495124078602,0.7931786634943578,,127.07,126.07,-0.0724845044893916,15.0
SOL/USDT,xgb_primary,conservative,1m,2025-12-22 01:57:00+00:00,2025-12-22 01:41:00+00:00,2025-12-22 01:57:00+00:00,sell,False,pnl_block,pnl_block,,,False,0.5002435446,0.3191489577293396,0.48,0.44,prob_floor,"prob_floor,trailing_prob_drop",-0.07139999999999973,-0.07388461642854319,8.8949,0.3191489577293396,3.9654215243078084,0.7933045099365448,,127.07,126.05,-0.07388461642854319,16.0
SOL/USDT,xgb_primary,conservative,1m,2025-12-22 01:58:00+00:00,2025-12-22 01:41:00+00:00,2025-12-22 01:58:00+00:00,sell,False,pnl_block,pnl_block,,,False,0.5002435446,0.3191489577293396,0.48,0.44,prob_floor,"prob_floor,trailing_prob_drop",-0.0734999999999998,-0.07598478440388828,8.8949,0.3191489577293396,0.7932730445812236,0.7934933544935621,,127.07,126.02,-0.07598478440388828,17.0
SOL/USDT,xgb_primary,conservative,1m,2025-12-22 01:59:00+00:00,2025-12-22 01:41:00+00:00,2025-12-22 01:59:00+00:00,sell,False,pnl_block,pnl_block,,,False,0.5002435446,0.3191489577293396,0.48,0.44,prob_floor,"prob_floor,trailing_prob_drop",-0.08329999999999985,-0.08578556934742047,8.8949,0.3191489577293396,1.5864202427219818,0.79437581920047,,127.07,125.88,-0.08578556934742047,18.0
SOL/USDT,xgb_primary,conservative,1m,2025-12-22 02:00:00+00:00,2025-12-22 01:41:00+00:00,2025-12-22 02:00:00+00:00,sell,False,pnl_block,pnl_block,,,False,0.5002435446,0.3191489577293396,0.48,0.44,prob_floor,"prob_floor,trailing_prob_drop",-0.08119999999999977,-0.08368540099829264,8.8949,0.3191489577293396,11.120819763285454,0.79418655442204,,127.07,125.91,-0.08368540099829264,19.0
SOL/USDT,xgb_primary,conservative,1m,2025-12-22 02:01:00+00:00,2025-12-22 01:41:00+00:00,2025-12-22 02:01:00+00:00,sell,False,pnl_block,pnl_block,,,False,0.5002435446,0.3191489577293396,0.48,0.44,prob_floor,"prob_floor,trailing_prob_drop",-0.09589999999999933,-0.09838658112962759,8.8949,0.3191489577293396,3.970144513260057,0.795513304959302,,127.07,125.7,-0.09838658112962759,20.0
SOL/USDT,xgb_primary,conservative,1m,2025-12-22 02:02:00+00:00,2025-12-22 01:41:00+00:00,2025-12-22 02:02:00+00:00,sell,False,pnl_block,pnl_block,,,False,0.5002435446,0.4007633626461029,0.48,0.44,prob_floor,prob_floor,-0.09449999999999961,-0.09698646856631535,8.8949,0.4007633626461029,13.518886679920612,0.7953867568109061,,127.07,125.72,-0.09698646856631535,21.0
SOL/USDT,xgb_primary,conservative,1m,2025-12-22 02:03:00+00:00,2025-12-22 01:41:00+00:00,2025-12-22 02:03:00+00:00,sell,False,pnl_block,pnl_block,,,False,0.5002435446,0.3245033025741577,0.48,0.44,prob_floor,"prob_floor,trailing_prob_drop",-0.08889999999999973,-0.09138601867095912,8.8949,0.3245033025741577,4.772130756382905,0.794880966575662,,127.07,125.8,-0.09138601867095912,22.0
SOL/USDT,xgb_primary,conservative,1m,2025-12-22 02:04:00+00:00,2025-12-22 01:41:00+00:00,2025-12-22 02:04:00+00:00,sell,False,pnl_block,pnl_block,,,False,0.5002435446,0.3191489577293396,0.48,0.44,prob_floor,"prob_floor,trailing_prob_drop",-0.1364999999999992,-0.13898986111887968,8.8949,0.3191489577293396,6.359806025917203,0.7992007992000724,,127.07,125.12,-0.13898986111887968,23.0
SOL/USDT,xgb_primary,conservative,1m,2025-12-22 02:05:00+00:00,2025-12-22 01:41:00+00:00,2025-12-22 02:05:00+00:00,sell,False,pnl_block,pnl_block,,,False,0.5002435446,0.41829004883766174,0.48,0.44,prob_floor,prob_floor,-0.13789999999999994,-0.1403899747643982,8.8949,0.41829004883766174,54.34782608695593,0.7993285640066438,,127.07,125.1,-0.1403899747643982,24.0
SOL/USDT,xgb_primary,conservative,1m,2025-12-22 02:06:00+00:00,2025-12-22 01:41:00+00:00,2025-12-22 02:06:00+00:00,sell,False,pnl_block,pnl_block,,,False,0.5002435446,0.4007633626461029,0.48,0.44,prob_floor,prob_floor,-0.12529999999999947,-0.12778895326096484,8.8949,0.4007633626461029,29.57633892885728,0.7981801492600964,,127.07,125.28,-0.12778895326096484,25.0
SOL/USDT,xgb_primary,conservative,1m,2025-12-22 02:07:00+00:00,2025-12-22 01:41:00+00:00,2025-12-22 02:07:00+00:00,sell,False,pnl_block,pnl_block,,,False,0.5002435446,0.39150944352149963,0.48,0.44,prob_floor,prob_floor,-0.12389999999999973,-0.12638883994174224,8.8949,0.39150944352149963,15.164817623115328,0.7980527512872684,,127.07,125.3,-0.12638883994174224,26.0
SOL/USDT,xgb_primary,conservative,1m,2025-12-22 02:08:00+00:00,2025-12-22 01:41:00+00:00,2025-12-22 02:08:00+00:00,sell,False,pnl_block,pnl_block,,,False,0.5002435446,0.4007633626461029,0.48,0.44,prob_floor,prob_floor,-0.1245999999999991,-0.12708889659682993,8.8949,0.4007633626461029,2.3940627244434713,0.7981164451886271,,127.07,125.29,-0.12708889659682993,27.0
SOL/USDT,xgb_primary,conservative,1m,2025-12-22 02:09:00+00:00,2025-12-22 01:41:00+00:00,2025-12-22 02:09:00+00:00,sell,False,pnl_block,pnl_block,,,False,0.5002435446,0.4007633626461029,0.48,0.44,prob_floor,prob_floor,-0.12949999999999962,-0.1319892934358155,8.8949,0.4007633626461029,0.7979572294917735,0.7985625873431915,,127.07,125.22,-0.1319892934358155,28.0
SOL/USDT,xgb_primary,conservative,1m,2025-12-22 02:10:00+00:00,2025-12-22 01:41:00+00:00,2025-12-22 02:10:00+00:00,sell,False,pnl_block,pnl_block,,,False,0.5002435446,0.3191489577293396,0.48,0.44,prob_floor,"prob_floor,trailing_prob_drop",-0.1490999999999997,-0.15230273350139997,8.8949,0.3191489577293396,3.992653517527522,1.6006402561021227,,127.07,124.94,-0.15230273350139997,29.0
SOL/USDT,xgb_primary,conservative,1m,2025-12-22 02:11:00+00:00,2025-12-22 01:41:00+00:00,2025-12-22 02:11:00+00:00,sell,False,pnl_block,pnl_block,,,False,0.5002435446,0.39150944352149963,0.48,0.44,prob_floor,prob_floor,-0.12389999999999973,-0.12638883994174224,8.8949,0.39150944352149963,21.6069142125477,0.7980527512872684,,127.07,125.3,-0.12638883994174224,30.0
SOL/USDT,xgb_primary,conservative,1m,2025-12-22 02:12:00+00:00,2025-12-22 01:41:00+00:00,2025-12-22 02:12:00+00:00,sell,False,pnl_block,pnl_block,,,False,0.5002435446,0.3245033025741577,0.48,0.44,prob_floor,"prob_floor,trailing_prob_drop",-0.12319999999999938,-0.12568878329569358,8.8949,0.3245033025741577,28.726460261729926,0.7979890675490489,,127.07,125.31,-0.12568878329569358,31.0
SOL/USDT,xgb_primary,conservative,1m,2025-12-22 02:13:00+00:00,2025-12-22 01:41:00+00:00,2025-12-22 02:13:00+00:00,sell,False,pnl_block,pnl_block,,,False,0.5002435446,0.3191489577293396,0.48,0.44,prob_floor,"prob_floor,trailing_prob_drop",-0.14,-0.14249014530081988,8.8949,0.3191489577293396,0.7980209081470677,0.7995202878277128,,127.07,125.07,-0.14249014530081988,32.0
SOL/USDT,xgb_primary,conservative,1m,2025-12-22 02:14:00+00:00,2025-12-22 01:41:00+00:00,2025-12-22 02:14:00+00:00,sell,False,pnl_block,pnl_block,,,False,0.5002435446,0.39150944352149963,0.48,0.44,prob_floor,prob_floor,-0.16309999999999988,-0.16559202661509503,8.8949,0.39150944352149963,20.7900207900212,0.8016353360860248,,127.07,124.74,-0.16559202661509503,33.0
SOL/USDT,xgb_primary,conservative,1m,2025-12-22 02:16:00+00:00,2025-12-22 01:41:00+00:00,2025-12-22 02:16:00+00:00,sell,False,pnl_block,pnl_block,,,False,0.5002435446,0.3191489577293396,0.48,0.44,prob_floor,"prob_floor,trailing_prob_drop",-0.16939999999999913,-0.17189254142954402,8.8949,0.3191489577293396,,0.8022141109454819,,127.07,124.65,-0.17189254142954402,35.0
SOL/USDT,xgb_primary,conservative,1m,2025-12-22 02:17:00+00:00,2025-12-22 01:41:00+00:00,2025-12-22 02:17:00+00:00,sell,False,pnl_block,pnl_block,,,False,0.5002435446,0.37037035822868347,0.48,0.44,prob_floor,"prob_floor,trailing_prob_drop",-0.15329999999999985,-0.15579122726748632,8.8949,0.37037035822868347,12.01056930098532,0.8007366777439338,,127.07,124.88,-0.15579122726748632,36.0
SOL/USDT,xgb_primary,conservative,1m,2025-12-22 02:18:00+00:00,2025-12-22 01:41:00+00:00,2025-12-22 02:18:00+00:00,sell,False,pnl_block,pnl_block,,,False,0.5002435446,0.3245033025741577,0.48,0.44,prob_floor,"prob_floor,trailing_prob_drop",-0.15750000000000003,-0.15999156962547606,8.8949,0.3245033025741577,5.604932340460196,0.8011215701986876,,127.07,124.82,-0.15999156962547606,37.0
SOL/USDT,xgb_primary,conservative,1m,2025-12-22 02:19:00+00:00,2025-12-22 01:41:00+00:00,2025-12-22 02:19:00+00:00,sell,False,pnl_block,pnl_block,,,False,0.5002435446,0.3191489577293396,0.48,0.44,prob_floor,"prob_floor,trailing_prob_drop",-0.15399999999999922,-0.15649128430430287,8.8949,0.3191489577293396,5.60672807368788,0.8008008008000724,,127.07,124.87,-0.15649128430430287,38.0
SOL/USDT,xgb_primary,conservative,1m,2025-12-22 02:20:00+00:00,2025-12-22 01:41:00+00:00,2025-12-22 02:20:00+00:00,sell,False,pnl_block,pnl_block,,,False,0.5002435446,0.41829004883766174,0.48,0.44,prob_floor,prob_floor,-0.1546999999999996,-0.15719134135025822,8.8949,0.41829004883766174,1.6025641025637838,0.8008649341292688,,127.07,124.86,-0.15719134135025822,39.0
SOL/USDT,xgb_primary,conservative,1m,2025-12-22 02:21:00+00:00,2025-12-22 01:41:00+00:00,2025-12-22 02:21:00+00:00,sell,False,pnl_block,pnl_block,,,False,0.5002435446,0.41829004883766174,0.48,0.44,prob_floor,prob_floor,-0.14069999999999938,-0.1431902021644732,8.8949,0.41829004883766174,4.003523100328062,0.7995842162068448,,127.07,125.06,-0.1431902021644732,40.0
BTC/USDT,xgb_primary,conservative,1m,2025-12-22 02:21:00+00:00,,2025-12-22 02:21:00+00:00,buy,True,dry_run,dry_run,,exchange_qty_step,True,0.6076040863990784,0.6076040863990784,,0.56,dry_run,,,,,0.6076040863990784,0.0011315032506969704,,8.837801,,88378.01,0.0,
SOL/USDT,xgb_primary,conservative,1m,2025-12-22 02:22:00+00:00,2025-12-22 01:41:00+00:00,2025-12-22 02:22:00+00:00,sell,False,pnl_block,pnl_block,,,False,0.5002435446,0.4007633626461029,0.48,0.44,prob_floor,prob_floor,-0.1385999999999993,-0.14109003160078207,8.8949,0.4007633626461029,13.596736783172176,0.7993924617283588,,127.07,125.09,-0.14109003160078207,41.0
BTC/USDT,xgb_primary,conservative,1m,2025-12-22 02:22:00+00:00,2025-12-22 02:21:00+00:00,2025-12-22 02:22:00+00:00,sell,False,min_hold,min_hold,,,False,0.6076040864,0.6076040863990784,0.56,0.45,gate_close,gate_close,0.0009730000000010478,-0.0007955600898587252,8.837801,0.6076040863990784,11.792246015534621,0.0011313785632568532,,88378.01,88387.74,-0.0007955600898587252,1.0
SOL/USDT,xgb_primary,conservative,1m,2025-12-22 02:23:00+00:00,2025-12-22 01:41:00+00:00,2025-12-22 02:23:00+00:00,sell,False,pnl_block,pnl_block,,,False,0.5002435446,0.41829004883766174,0.48,0.44,prob_floor,prob_floor,-0.12879999999999925,-0.13128923671736994,8.8949,0.41829004883766174,13.589128697042504,0.798498822213511,,127.07,125.23,-0.13128923671736994,42.0
SOL/USDT,xgb_primary,conservative,1m,2025-12-22 02:24:00+00:00,2025-12-22 01:41:00+00:00,2025-12-22 02:24:00+00:00,sell,False,pnl_block,pnl_block,,,False,0.5002435446,0.41829004883766174,0.48,0.44,prob_floor,prob_floor,-0.11969999999999957,-0.12218850020101298,8.8949,0.41829004883766174,10.380070265091797,0.797670801260728,,127.07,125.36,-0.12218850020101298,43.0
SOL/USDT,xgb_primary,conservative,1m,2025-12-22 02:27:00+00:00,2025-12-22 01:41:00+00:00,2025-12-22 02:27:00+00:00,sell,False,pnl_block,pnl_block,,,False,0.5002435446,0.41829004883766174,0.48,0.44,prob_floor,prob_floor,-0.14839999999999934,-0.15089082826537423,8.8949,0.41829004883766174,3.19642000958976,0.8002881037166104,,127.07,124.95,-0.15089082826537423,46.0
SOL/USDT,xgb_primary,conservative,1m,2025-12-22 02:28:00+00:00,2025-12-22 01:41:00+00:00,2025-12-22 02:28:00+00:00,sell,False,pnl_block,pnl_block,,,False,0.5002435446,0.3731343150138855,0.48,0.44,prob_floor,"prob_floor,trailing_prob_drop",-0.14489999999999953,-0.1473905435374584,8.8949,0.3731343150138855,11.203585147247166,0.799968001280358,,127.07,125.0,-0.1473905435374584,47.0
BTC/USDT,xgb_primary,conservative,1m,2025-12-22 02:28:00+00:00,2025-12-22 02:21:00+00:00,2025-12-22 02:28:00+00:00,sell,False,pnl_block,pnl_block,,,False,0.6076040864,0.3245033025741577,0.56,0.45,prob_floor,"prob_floor,trailing_prob_drop",-0.005005999999999768,-0.006774560766695581,8.837801,0.3245033025741577,58.88070025142234,0.0011321444053938785,,88378.01,88327.95,-0.006774560766695581,7.0
ETH/USDT,xgb_primary,primary,1m,2025-12-22 02:30:00+00:00,,2025-12-22 02:30:00+00:00,buy,True,dry_run,dry_run,,exchange_qty_step,True,0.565682053565979,0.565682053565979,,0.48,dry_run,,,,,0.565682053565979,0.033312956908751745,,18.01104,,3001.84,0.0,
SOL/USDT,xgb_primary,conservative,1m,2025-12-22 02:30:00+00:00,2025-12-22 01:41:00+00:00,2025-12-22 02:30:00+00:00,sell,False,pnl_block,pnl_block,,,False,0.5002435446,0.6076040863990784,0.48,0.44,gate_close,gate_close,-0.12739999999999954,-0.1298891233076523,8.8949,0.6076040863990784,12.787723785165968,0.7983713225025042,,127.07,125.25,-0.1298891233076523,49.0
SOL/USDT,xgb_primary,conservative,1m,2025-12-22 02:32:00+00:00,2025-12-22 01:41:00+00:00,2025-12-22 02:32:00+00:00,sell,False,pnl_block,pnl_block,,,False,0.5002435446,0.565682053565979,0.48,0.44,gate_close,gate_close,-0.1245999999999991,-0.12708889659682993,8.8949,0.565682053565979,8.791560102301744,0.7981164451886271,,127.07,125.29,-0.12708889659682993,51.0
ETH/USDT,xgb_primary,primary,1m,2025-12-22 02:33:00+00:00,2025-12-22 02:30:00+00:00,2025-12-22 02:33:00+00:00,sell,True,min_hold,min_hold,,,False,0.5656820536,0.565682053565979,0.48,0.43,take_profit,take_profit,0.019140000000000327,0.015477855792935938,18.01104,0.565682053565979,,0.03327748262420748,,3001.84,3005.03,0.015477855792935938,3.0
BTC/USDT,xgb_primary,conservative,1m,2025-12-22 02:33:00+00:00,2025-12-22 02:21:00+00:00,2025-12-22 02:33:00+00:00,sell,False,dry_run,dry_run,,,True,0.6076040864,0.41829004883766174,0.56,0.45,prob_floor,"prob_floor,trailing_prob_drop",0.002199000000000524,0.00043143980000052377,8.837801,0.41829004883766174,20.76173495771181,0.0011312216548812763,8.84,88378.01,88400.0,0.00043143980000052377,12.0
BTC/USDT,xgb_primary,conservative,1m,2025-12-22 02:34:00+00:00,,2025-12-22 02:34:00+00:00,buy,True,cooldown_after_exit,cooldown_after_exit,cooldown_after_exit,,False,0.6076040863990784,0.6076040863990784,,0.56,cooldown_after_exit,,,,,0.6076040863990784,,,15.0,,88421.07,0.0,
ETH/USDT,xgb_primary,primary,1m,2025-12-22 02:36:00+00:00,2025-12-22 02:30:00+00:00,2025-12-22 02:36:00+00:00,sell,True,dry_run,dry_run,,,True,0.5656820536,0.6076040863990784,0.48,0.43,take_profit,take_profit,0.027479999999999564,0.023877791999999565,18.01104,0.6076040863990784,0.03326209700811938,0.03326209700811938,18.038520000000002,3001.84,3006.42,0.023877791999999565,6.0
SOL/USDT,xgb_primary,conservative,1m,2025-12-22 02:36:00+00:00,2025-12-22 01:41:00+00:00,2025-12-22 02:36:00+00:00,sell,False,pnl_block,pnl_block,,,False,0.5002435446,0.6076040863990784,0.48,0.44,gate_close,gate_close,-0.11689999999999913,-0.119388273887802,8.8949,0.6076040863990784,10.369306851719683,0.7974163709573705,,127.07,125.4,-0.119388273887802,55.0
BTC/USDT,xgb_primary,conservative,1m,2025-12-22 02:37:00+00:00,,2025-12-22 02:37:00+00:00,buy,True,dry_run,dry_run,,exchange_qty_step,True,0.6076040863990784,0.6076040863990784,,0.56,dry_run,,,,,0.6076040863990784,0.0011299899148130336,,8.849637,,88496.37,0.0,
ETH/USDT,xgb_primary,primary,1m,2025-12-22 02:38:00+00:00,,2025-12-22 02:38:00+00:00,buy,True,dry_run,dry_run,,exchange_qty_step,True,0.6699029207229614,0.6699029207229614,,0.48,dry_run,,,,,0.6699029207229614,0.03323048498152728,,18.05574,,3009.29,0.0,
ETH/USDT,xgb_primary,primary,1m,2025-12-22 02:39:00+00:00,2025-12-22 02:38:00+00:00,2025-12-22 02:39:00+00:00,sell,True,min_hold,min_hold,,,False,0.6699029207,0.6076040863990784,0.48,0.43,take_profit,take_profit,0.02094000000000142,0.01726892160337646,18.05574,0.6076040863990784,,0.033191880601382215,,3009.29,3012.78,0.01726892160337646,1.0
BTC/USDT,xgb_primary,conservative,1m,2025-12-22 02:40:00+00:00,2025-12-22 02:37:00+00:00,2025-12-22 02:40:00+00:00,sell,False,min_hold,min_hold,,,False,0.6076040864,0.565682053565979,0.56,0.45,gate_close,gate_close,-0.004525999999999477,-0.0062969279116375,8.849637,0.565682053565979,8.327281256269707,0.0011305679973351735,,88496.37,88451.11,-0.0062969279116375,3.0
BTC/USDT,xgb_primary,conservative,1m,2025-12-22 02:41:00+00:00,2025-12-22 02:37:00+00:00,2025-12-22 02:41:00+00:00,sell,False,min_hold,min_hold,,,False,0.6076040864,0.5002435445785522,0.56,0.45,trailing_prob_drop,trailing_prob_drop,-0.013216999999999826,-0.014987928895685579,8.849637,0.5002435445785522,14.133231341020968,0.0011316799612821986,,88496.37,88364.2,-0.014987928895685579,4.0
SOL/USDT,xgb_primary,conservative,1m,2025-12-22 02:41:00+00:00,2025-12-22 01:41:00+00:00,2025-12-22 02:41:00+00:00,sell,False,pnl_block,pnl_block,,,False,0.5002435446,0.5002435445785522,0.48,0.44,gate_close,gate_close,-0.13229999999999906,-0.13478952040020611,8.8949,0.5002435445785522,9.579308693221869,0.7988177497296725,,127.07,125.18,-0.13478952040020611,60.0
BTC/USDT,xgb_primary,conservative,1m,2025-12-22 02:42:00+00:00,2025-12-22 02:37:00+00:00,2025-12-22 02:42:00+00:00,sell,False,pnl_block,pnl_block,,,False,0.6076040864,0.41829004883766174,0.56,0.45,prob_floor,"prob_floor,trailing_prob_drop",-0.01231999999999971,-0.014090928794030802,8.849637,0.41829004883766174,9.834298297918826,0.0011315650925477457,,88496.37,88373.17,-0.014090928794030802,5.0
BTC/USDT,xgb_primary,conservative,1m,2025-12-22 02:43:00+00:00,2025-12-22 02:37:00+00:00,2025-12-22 02:43:00+00:00,sell,False,pnl_block,pnl_block,,,False,0.6076040864,0.5002435445785522,0.56,0.45,trailing_prob_drop,trailing_prob_drop,-0.013237999999999011,-0.015008928898063394,8.849637,0.5002435445785522,2.703131013561461,0.0011316826491107957,,88496.37,88363.99,-0.015008928898063394,6.0
BTC/USDT,xgb_primary,conservative,1m,2025-12-22 02:44:00+00:00,2025-12-22 02:37:00+00:00,2025-12-22 02:44:00+00:00,sell,False,pnl_block,pnl_block,,,False,0.6076040864,0.5002435445785522,0.56,0.45,trailing_prob_drop,trailing_prob_drop,-0.002534999999999127,-0.004568999105121822,8.849637,0.5002435445785522,24.008646054953847,0.2983983468730925,,88496.37,88471.02,-0.004568999105121822,7.0
BTC/USDT,xgb_primary,conservative,1m,2025-12-22 02:45:00+00:00,2025-12-22 02:37:00+00:00,2025-12-22 02:45:00+00:00,sell,False,pnl_block,pnl_block,,,False,0.6076040864,0.5002435445785522,0.56,0.45,trailing_prob_drop,trailing_prob_drop,-0.0029159999999988943,-0.004686927729555483,8.849637,0.5002435445785522,59.117182800465145,0.0011303622471625573,,88496.37,88467.21,-0.004686927729555483,8.0
BTC/USDT,xgb_primary,conservative,1m,2025-12-22 02:47:00+00:00,2025-12-22 02:37:00+00:00,2025-12-22 02:47:00+00:00,sell,False,dry_run,dry_run,,,True,0.6076040864,0.565682053565979,0.56,0.45,gate_close,gate_close,0.00436200000000099,0.0025920726000009903,8.849637,0.565682053565979,8.002048018161384,0.0011294330878109165,8.853999000000002,88496.37,88539.99,0.0025920726000009903,10.0
ETH/USDT,xgb_primary,primary,1m,2025-12-22 02:48:00+00:00,2025-12-22 02:38:00+00:00,2025-12-22 02:48:00+00:00,sell,True,dry_run,dry_run,,,True,0.6699029207,0.6076040863990784,0.48,0.43,take_profit,take_profit,0.018540000000000875,0.014928852000000875,18.05574,0.6076040863990784,0.033196287990291846,0.033196287990291846,18.07428,3009.29,3012.38,0.014928852000000875,10.0
SOL/USDT,xgb_primary,conservative,1m,2025-12-22 02:48:00+00:00,2025-12-22 01:41:00+00:00,2025-12-22 02:48:00+00:00,sell,False,pnl_block,pnl_block,,,False,0.5002435446,0.5002435445785522,0.48,0.44,gate_close,gate_close,-0.1259999999999998,-0.12848900993414505,8.8949,0.5002435445785522,8.778229989625682,0.7982438635007076,,127.07,125.27,-0.12848900993414505,67.0
BTC/USDT,xgb_primary,conservative,1m,2025-12-22 02:48:00+00:00,,2025-12-22 02:48:00+00:00,buy,True,cooldown_after_exit,cooldown_after_exit,cooldown_after_exit,,False,0.565682053565979,0.565682053565979,,0.56,cooldown_after_exit,,,,,0.565682053565979,,,15.0,,88527.98,0.0,
ETH/USDT,xgb_primary,primary,1m,2025-12-22 02:49:00+00:00,,2025-12-22 02:49:00+00:00,buy,True,cooldown_after_exit,cooldown_after_exit,cooldown_after_exit,,False,0.6076040863990784,0.6076040863990784,,0.48,cooldown_after_exit,,,,,0.6076040863990784,,,20.0,,3011.62,0.0,
BTC/USDT,xgb_primary,conservative,1m,2025-12-22 02:49:00+00:00,,2025-12-22 02:49:00+00:00,buy,True,dry_run,dry_run,,exchange_qty_step,True,0.565682053565979,0.565682053565979,,0.56,dry_run,,,,,0.565682053565979,0.0011297808010316832,,8.851275000000001,,88512.75,0.0,
ETH/USDT,xgb_primary,primary,1m,2025-12-22 02:50:00+00:00,,2025-12-22 02:50:00+00:00,buy,True,dry_run,dry_run,,exchange_qty_step,True,0.6076040863990784,0.6076040863990784,,0.48,dry_run,,,,,0.6076040863990784,0.0332121642865065,,18.0657,,3010.95,0.0,
SOL/USDT,xgb_primary,conservative,1m,2025-12-22 02:50:00+00:00,2025-12-22 01:41:00+00:00,2025-12-22 02:50:00+00:00,sell,False,pnl_block,pnl_block,,,False,0.5002435446,0.5002435445785522,0.48,0.44,gate_close,gate_close,-0.12389999999999973,-0.12638883994174224,8.8949,0.5002435445785522,5.588822355288876,0.7980527512872684,,127.07,125.3,-0.12638883994174224,69.0
SOL/USDT,xgb_primary,conservative,1m,2025-12-22 02:53:00+00:00,2025-12-22 01:41:00+00:00,2025-12-22 02:53:00+00:00,sell,False,pnl_block,pnl_block,,,False,0.5002435446,0.5002435445785522,0.48,0.44,gate_close,gate_close,-0.11619999999999978,-0.11868821733205771,8.8949,0.5002435445785522,8.768433638899914,0.7973527887417865,,127.07,125.41,-0.11868821733205771,72.0
SOL/USDT,xgb_primary,conservative,1m,2025-12-22 02:58:00+00:00,2025-12-22 01:41:00+00:00,2025-12-22 02:58:00+00:00,sell,False,pnl_block,pnl_block,,,False,0.5002435446,0.5002435445785522,0.48,0.44,gate_close,gate_close,-0.12949999999999962,-0.1319892934358155,8.8949,0.5002435445785522,4.790801660811424,0.7985625873431915,,127.07,125.22,-0.1319892934358155,77.0
BTC/USDT,xgb_primary,conservative,1m,2025-12-22 03:02:00+00:00,2025-12-22 02:49:00+00:00,2025-12-22 03:02:00+00:00,sell,False,pnl_block,pnl_block,,,False,0.5656820536,0.41829004883766174,0.56,0.45,prob_floor,"prob_floor,trailing_prob_drop",-0.016308000000000177,-0.018079256845790256,8.851275000000001,0.41829004883766174,3.7342781294419547,0.0011318660758810161,,88512.75,88349.67,-0.018079256845790256,13.0
ETH/USDT,xgb_primary,primary,1m,2025-12-22 03:03:00+00:00,2025-12-22 02:50:00+00:00,2025-12-22 03:03:00+00:00,sell,False,pnl_block,pnl_block,,,False,0.6076040864,0.4742901027202606,0.48,0.43,trailing_prob_drop,trailing_prob_drop,-0.03155999999999858,-0.035233244900860355,18.0657,0.4742901027202606,,0.033270175449483505,,3010.95,3005.69,-0.035233244900860355,13.0
BTC/USDT,xgb_primary,conservative,1m,2025-12-22 03:03:00+00:00,2025-12-22 02:49:00+00:00,2025-12-22 03:03:00+00:00,sell,False,pnl_block,pnl_block,,,False,0.5656820536,0.3396226465702057,0.56,0.45,prob_floor,"prob_floor,trailing_prob_drop",-0.012763000000000467,-0.014534256443966094,8.851275000000001,0.3396226465702057,25.252102247981576,0.0011314121023546923,,88512.75,88385.12,-0.014534256443966094,14.0
ETH/USDT,xgb_primary,primary,1m,2025-12-22 03:04:00+00:00,2025-12-22 02:50:00+00:00,2025-12-22 03:04:00+00:00,sell,False,pnl_block,pnl_block,,,False,0.6076040864,0.41829004883766174,0.48,0.43,prob_floor,"prob_floor,trailing_prob_drop",-0.0268199999999988,-0.031214282806776003,18.0657,0.41829004883766174,,0.4323900024782903,,3010.95,3006.48,-0.031214282806776003,14.0
SOL/USDT,xgb_primary,conservative,1m,2025-12-22 03:04:00+00:00,2025-12-22 01:41:00+00:00,2025-12-22 03:04:00+00:00,sell,False,pnl_block,pnl_block,,,False,0.5002435446,0.41829004883766174,0.48,0.44,prob_floor,prob_floor,-0.1420999999999991,-0.14459031591906757,8.8949,0.41829004883766174,1.5991045014799898,0.7997121036419612,,127.07,125.04,-0.14459031591906757,83.0
BTC/USDT,xgb_primary,conservative,1m,2025-12-22 03:04:00+00:00,2025-12-22 02:49:00+00:00,2025-12-22 03:04:00+00:00,sell,False,pnl_block,pnl_block,,,False,0.5656820536,0.41829004883766174,0.56,0.45,prob_floor,"prob_floor,trailing_prob_drop",-0.01923099999999977,-0.02100225717735467,8.851275000000001,0.41829004883766174,2.472516032315142,0.0011322406714279246,,88512.75,88320.44,-0.02100225717735467,15.0
ETH/USDT,xgb_primary,primary,1m,2025-12-22 03:05:00+00:00,2025-12-22 02:50:00+00:00,2025-12-22 03:05:00+00:00,sell,False,pnl_block,pnl_block,,,False,0.6076040864,0.41829004883766174,0.48,0.43,prob_floor,"prob_floor,trailing_prob_drop",-0.04523999999999978,-0.04891329052864932,18.0657,0.41829004883766174,,0.03329543203392897,,3010.95,3003.41,-0.04891329052864932,15.0
SOL/USDT,xgb_primary,conservative,1m,2025-12-22 03:05:00+00:00,2025-12-22 01:41:00+00:00,2025-12-22 03:05:00+00:00,sell,False,pnl_block,pnl_block,,,False,0.5002435446,0.41829004883766174,0.48,0.44,prob_floor,prob_floor,-0.1469999999999996,-0.14949071434686934,8.8949,0.41829004883766174,1.5993602558973228,0.8001600320068106,,127.07,124.97,-0.14949071434686934,84.0
BTC/USDT,xgb_primary,conservative,1m,2025-12-22 03:05:00+00:00,2025-12-22 02:49:00+00:00,2025-12-22 03:05:00+00:00,sell,False,pnl_block,pnl_block,,,False,0.5656820536,0.41829004883766174,0.56,0.45,prob_floor,"prob_floor,trailing_prob_drop",-0.014958000000000176,-0.016729256692729684,8.851275000000001,0.41829004883766174,0.41860611404743575,0.0011316931509943267,,88512.75,88363.17,-0.016729256692729684,16.0
SOL/USDT,xgb_primary,conservative,1m,2025-12-22 03:06:00+00:00,2025-12-22 01:41:00+00:00,2025-12-22 03:06:00+00:00,sell,False,pnl_block,pnl_block,,,False,0.5002435446,0.39150944352149963,0.48,0.44,prob_floor,prob_floor,-0.12250000000000001,-0.1249887266586878,8.8949,0.39150944352149963,6.400512040964278,0.7979253939760715,,127.07,125.32,-0.1249887266586878,85.0
BTC/USDT,xgb_primary,conservative,1m,2025-12-22 03:06:00+00:00,2025-12-22 02:49:00+00:00,2025-12-22 03:06:00+00:00,sell,False,dry_run,dry_run,,,True,0.5656820536,0.41829004883766174,0.56,0.45,prob_floor,"prob_floor,trailing_prob_drop",0.005447000000000117,0.0036767450000001166,8.851275000000001,0.41829004883766174,8.632555848777136,0.0011290858435229634,8.856722000000001,88512.75,88567.22,0.0036767450000001166,17.0
ETH/USDT,xgb_primary,primary,1m,2025-12-22 03:07:00+00:00,2025-12-22 02:50:00+00:00,2025-12-22 03:07:00+00:00,sell,False,dry_run,dry_run,,,True,0.6076040864,0.3245033025741577,0.48,0.43,prob_floor,"prob_floor,trailing_prob_drop",0.007980000000002293,0.004366860000002293,18.0657,0.3245033025741577,0.03319739002041152,0.03319739002041152,18.073680000000003,3010.95,3012.28,0.004366860000002293,17.0
SOL/USDT,xgb_primary,conservative,1m,2025-12-22 03:07:00+00:00,2025-12-22 01:41:00+00:00,2025-12-22 03:07:00+00:00,sell,False,pnl_block,pnl_block,,,False,0.5002435446,0.3396226465702057,0.48,0.44,prob_floor,"prob_floor,trailing_prob_drop",-0.12389999999999973,-0.12638883994174224,8.8949,0.3396226465702057,23.948271733056373,0.7980527512872684,,127.07,125.3,-0.12638883994174224,86.0
SOL/USDT,xgb_primary,conservative,1m,2025-12-22 03:08:00+00:00,2025-12-22 01:41:00+00:00,2025-12-22 03:08:00+00:00,sell,False,pnl_block,pnl_block,,,False,0.5002435446,0.41829004883766174,0.48,0.44,prob_floor,prob_floor,-0.11199999999999961,-0.1144878781868898,8.8949,0.41829004883766174,6.384167265182212,0.7969715082689872,,127.07,125.47,-0.1144878781868898,87.0
BTC/USDT,xgb_primary,conservative,1m,2025-12-22 03:10:00+00:00,,2025-12-22 03:10:00+00:00,buy,True,dry_run,dry_run,,exchange_qty_step,True,0.5878524780273438,0.5878524780273438,,0.56,dry_run,,,,,0.5878524780273438,0.001129407448449051,,8.854201,,88542.01,0.0,
ETH/USDT,xgb_primary,primary,1m,2025-12-22 03:10:00+00:00,,2025-12-22 03:10:00+00:00,buy,True,dry_run,dry_run,,exchange_qty_step,True,0.565682053565979,0.565682053565979,,0.48,dry_run,,,,,0.565682053565979,0.0662212186028045,,18.12114,,3020.19,0.0,
SOL/USDT,xgb_primary,conservative,1m,2025-12-22 03:10:00+00:00,2025-12-22 01:41:00+00:00,2025-12-22 03:10:00+00:00,sell,False,pnl_block,pnl_block,,,False,0.5002435446,0.565682053565979,0.48,0.44,gate_close,gate_close,-0.11199999999999961,-0.1144878781868898,8.8949,0.565682053565979,23.858756163511785,0.7969715082689872,,127.07,125.47,-0.1144878781868898,89.0
SOL/USDT,xgb_primary,conservative,1m,2025-12-22 03:11:00+00:00,2025-12-22 01:41:00+00:00,2025-12-22 03:11:00+00:00,sell,False,dry_run,dry_run,,,True,0.5002435446,0.5002435445785522,0.48,0.44,time_limit,"time_exit,gate_close",-0.11409999999999969,-0.11587897999999969,8.8949,0.5002435445785522,18.331075157408463,0.7971621029140353,8.780800000000001,127.07,125.44,-0.11587897999999969,90.0
SOL/USDT,xgb_primary,conservative,1m,2025-12-22 03:12:00+00:00,,2025-12-22 03:12:00+00:00,buy,True,cooldown_after_loss,cooldown_after_loss,cooldown_after_loss,,False,0.565682053565979,0.565682053565979,,0.48,cooldown_after_loss,,,,,0.565682053565979,,,10.0,,125.42,0.0,
BTC/USDT,xgb_primary,conservative,1m,2025-12-22 03:13:00+00:00,2025-12-22 03:10:00+00:00,2025-12-22 03:13:00+00:00,sell,False,min_hold,min_hold,,,False,0.587852478,0.565682053565979,0.56,0.45,gate_close,gate_close,0.004176000000000932,0.0024041602714760563,8.854201,0.565682053565979,9.506316006285921,0.0011288748977745994,,88542.01,88583.77,0.0024041602714760563,3.0
SOL/USDT,xgb_primary,conservative,1m,2025-12-22 03:15:00+00:00,,2025-12-22 03:15:00+00:00,buy,True,cooldown_after_loss,cooldown_after_loss,cooldown_after_loss,,False,0.565682053565979,0.565682053565979,,0.48,cooldown_after_loss,,,,,0.565682053565979,,,10.0,,125.53,0.0,
BTC/USDT,xgb_primary,conservative,1m,2025-12-22 03:15:00+00:00,2025-12-22 03:10:00+00:00,2025-12-22 03:15:00+00:00,sell,True,dry_run,dry_run,,,True,0.587852478,0.565682053565979,0.56,0.45,take_profit,take_profit,0.010831000000001223,0.009060159800001223,8.854201,0.565682053565979,0.6118377279911984,0.0011280274488290154,8.865032000000001,88542.01,88650.32,0.009060159800001223,5.0
ETH/USDT,xgb_primary,primary,1m,2025-12-22 03:16:00+00:00,2025-12-22 03:10:00+00:00,2025-12-22 03:16:00+00:00,sell,False,pnl_block,pnl_block,,,False,0.5656820536,0.6076040863990784,0.48,0.43,gate_close,gate_close,-0.021119999999999892,-0.024804297911407557,18.12114,0.6076040863990784,12.423636050410146,0.03314907969789099,,3020.19,3016.67,-0.024804297911407557,6.0
BTC/USDT,xgb_primary,conservative,1m,2025-12-22 03:17:00+00:00,,2025-12-22 03:17:00+00:00,buy,True,dry_run,dry_run,,exchange_qty_step,True,0.6076040863990784,0.6076040863990784,,0.56,dry_run,,,,,0.6076040863990784,0.0011281638715291329,,8.863961,,88639.61,0.0,
SOL/USDT,xgb_primary,conservative,1m,2025-12-22 03:19:00+00:00,,2025-12-22 03:19:00+00:00,buy,True,dry_run,dry_run,,exchange_qty_step,True,0.6076040863990784,0.6076040863990784,,0.48,dry_run,,,,,0.6076040863990784,0.7957665221028223,,8.7969,,125.67,0.0,
BTC/USDT,xgb_primary,conservative,1m,2025-12-22 03:20:00+00:00,2025-12-22 03:17:00+00:00,2025-12-22 03:20:00+00:00,sell,False,min_hold,min_hold,,,False,0.6076040864,0.6115108132362366,0.56,0.45,gate_close,gate_close,0.007438000000000466,0.005664208638481998,8.863961,0.6115108132362366,7.1324304182210625,0.0011272178639640015,,88639.61,88713.99,0.005664208638481998,3.0
BTC/USDT,xgb_primary,conservative,1m,2025-12-22 03:22:00+00:00,2025-12-22 03:17:00+00:00,2025-12-22 03:22:00+00:00,sell,True,dry_run,dry_run,,,True,0.6076040864,0.5878524780273438,0.56,0.45,take_profit,take_profit,0.01205399999999936,0.01028120779999936,8.863961,0.5878524780273438,3.538319527048691,0.0011266316523797447,8.876015,88639.61,88760.15,0.01028120779999936,5.0
BTC/USDT,xgb_primary,conservative,1m,2025-12-22 03:23:00+00:00,,2025-12-22 03:23:00+00:00,buy,True,cooldown_after_exit,cooldown_after_exit,cooldown_after_exit,,False,0.6076040863990784,0.6076040863990784,,0.56,cooldown_after_exit,,,,,0.6076040863990784,,,15.0,,88844.0,0.0,
SOL/USDT,xgb_primary,conservative,1m,2025-12-22 03:23:00+00:00,2025-12-22 03:19:00+00:00,2025-12-22 03:23:00+00:00,sell,True,min_hold,min_hold,,,False,0.6076040864,0.6076040863990784,0.48,0.44,take_profit,take_profit,0.03289999999999992,0.03044325585556261,8.7969,0.6076040863990784,6.360311655270973,0.7927385152011664,,125.67,126.14,0.03044325585556261,4.0
ETH/USDT,xgb_primary,primary,1m,2025-12-22 03:23:00+00:00,2025-12-22 03:10:00+00:00,2025-12-22 03:23:00+00:00,sell,True,dry_run,dry_run,,,True,0.5656820536,0.6076040863990784,0.48,0.43,take_profit,take_profit,0.024780000000000656,0.021155772000000655,18.12114,0.6076040863990784,0.03306522943057883,0.03306522943057883,18.14592,3020.19,3024.32,0.021155772000000655,13.0
SOL/USDT,xgb_primary,conservative,1m,2025-12-22 03:24:00+00:00,2025-12-22 03:19:00+00:00,2025-12-22 03:24:00+00:00,sell,False,dry_run,dry_run,,,True,0.6076040864,0.6076040863990784,0.48,0.44,take_profit,"take_profit,gate_close",0.026599999999999683,0.02484061999999968,8.7969,0.6076040863990784,26.954177897574393,0.7933045099365448,8.823500000000001,125.67,126.05,0.02484061999999968,5.0
ETH/USDT,xgb_primary,primary,1m,2025-12-22 03:25:00+00:00,,2025-12-22 03:25:00+00:00,buy,True,dry_run,dry_run,,exchange_qty_step,True,0.6076040863990784,0.6076040863990784,,0.48,dry_run,,,,,0.6076040863990784,0.03305091327857964,,18.15384,,3025.64,0.0,
BTC/USDT,xgb_primary,conservative,1m,2025-12-22 03:25:00+00:00,,2025-12-22 03:25:00+00:00,buy,True,dry_run,dry_run,,exchange_qty_step,True,0.6076040863990784,0.6076040863990784,,0.56,dry_run,,,,,0.6076040863990784,0.0011264199714668033,,8.877684,,88776.84,0.0,
SOL/USDT,xgb_primary,conservative,1m,2025-12-22 03:26:00+00:00,,2025-12-22 03:26:00+00:00,buy,True,dry_run,dry_run,,exchange_qty_step,True,0.6115108132362366,0.6115108132362366,,0.48,dry_run,,,,,0.6115108132362366,0.7933045099365448,,8.824200000000001,,126.06,0.0,
SOL/USDT,xgb_primary,conservative,1m,2025-12-22 03:27:00+00:00,2025-12-22 03:26:00+00:00,2025-12-22 03:27:00+00:00,sell,False,min_hold,min_hold,,,False,0.6115108132,0.6076040863990784,0.48,0.44,gate_close,gate_close,0.002799999999999443,0.00033540979183921795,8.824200000000001,0.6076040863990784,7.143991109699095,0.792989968677302,,126.06,126.1,0.00033540979183921795,1.0
SOL/USDT,xgb_primary,conservative,1m,2025-12-22 03:30:00+00:00,2025-12-22 03:26:00+00:00,2025-12-22 03:30:00+00:00,sell,False,min_hold,min_hold,,,False,0.6115108132,0.6844155788421631,0.48,0.44,gate_close,gate_close,0.008400000000000319,0.005935853426319455,8.824200000000001,0.6844155788421631,11.887779362815476,0.7924872211428382,,126.06,126.18,0.005935853426319455,4.0
BTC/USDT,xgb_primary,conservative,1m,2025-12-22 03:30:00+00:00,2025-12-22 03:25:00+00:00,2025-12-22 03:30:00+00:00,sell,False,pnl_block,pnl_block,,,False,0.6076040864,0.6076040863990784,0.56,0.45,gate_close,gate_close,-0.004816999999999826,-0.00659353734283396,8.877684,0.6076040863990784,6.672026366387848,0.0011270313677919019,,88776.84,88728.67,-0.00659353734283396,5.0
SOL/USDT,xgb_primary,conservative,1m,2025-12-22 03:31:00+00:00,2025-12-22 03:26:00+00:00,2025-12-22 03:31:00+00:00,sell,True,dry_run,dry_run,,,True,0.6115108132,0.6844155788421631,0.48,0.44,take_profit,take_profit,0.020299999999999443,0.018535159999999443,8.824200000000001,0.6844155788421631,0.7923302432446641,0.7914209963994394,8.8445,126.06,126.35,0.018535159999999443,5.0
ETH/USDT,xgb_primary,primary,1m,2025-12-22 03:31:00+00:00,2025-12-22 03:25:00+00:00,2025-12-22 03:31:00+00:00,sell,False,dry_run,dry_run,,,True,0.6076040864,0.5878524780273438,0.48,0.43,gate_close,gate_close,0.0042600000000002185,0.0006292320000002185,18.15384,0.5878524780273438,7.108824531065864,0.03304305013859339,18.1581,3025.64,3026.35,0.0006292320000002185,6.0
SOL/USDT,xgb_primary,conservative,1m,2025-12-22 03:33:00+00:00,,2025-12-22 03:33:00+00:00,buy,True,dry_run,dry_run,,exchange_qty_step,True,0.6844155788421631,0.6844155788421631,,0.48,dry_run,,,,,0.6844155788421631,0.7927385152011664,,8.8305,,126.15,0.0,
ETH/USDT,xgb_primary,primary,1m,2025-12-22 03:33:00+00:00,,2025-12-22 03:33:00+00:00,buy,True,dry_run,dry_run,,exchange_qty_step,True,0.6076040863990784,0.6076040863990784,,0.48,dry_run,,,,,0.6076040863990784,0.033008910754677885,,18.17694,,3029.49,0.0,
BTC/USDT,xgb_primary,conservative,1m,2025-12-22 03:33:00+00:00,2025-12-22 03:25:00+00:00,2025-12-22 03:33:00+00:00,sell,False,pnl_block,pnl_block,,,False,0.6076040864,0.5002435445785522,0.56,0.45,trailing_prob_drop,trailing_prob_drop,-0.0060709999999991856,-0.00784753748425976,8.877684,0.5002435445785522,15.050160819658789,0.0011271906733494768,,88776.84,88716.13,-0.00784753748425976,8.0
BTC/USDT,xgb_primary,conservative,1m,2025-12-22 03:34:00+00:00,2025-12-22 03:25:00+00:00,2025-12-22 03:34:00+00:00,sell,False,pnl_block,pnl_block,,,False,0.6076040864,0.5002435445785522,0.56,0.45,trailing_prob_drop,trailing_prob_drop,-0.0050569999999992435,-0.0068335373698975455,8.877684,0.5002435445785522,8.442657671985524,0.0011270618534094112,,88776.84,88726.27,-0.0068335373698975455,9.0
SOL/USDT,xgb_primary,conservative,1m,2025-12-22 03:34:00+00:00,2025-12-22 03:33:00+00:00,2025-12-22 03:34:00+00:00,sell,False,min_hold,min_hold,,,False,0.6844155788,0.6076040863990784,0.48,0.44,take_profit,"take_profit,gate_close",0.009800000000000041,0.00733470367393868,8.8305,0.6076040863990784,16.648168701442348,0.7917969832527736,,126.15,126.29,0.00733470367393868,1.0
BTC/USDT,xgb_primary,conservative,1m,2025-12-22 03:35:00+00:00,2025-12-22 03:25:00+00:00,2025-12-22 03:35:00+00:00,sell,False,pnl_block,pnl_block,,,False,0.6076040864,0.5002435445785522,0.56,0.45,trailing_prob_drop,trailing_prob_drop,-0.004302999999999884,-0.006079537284877974,8.877684,0.5002435445785522,2.651016950165511,0.0011269660849489256,,88776.84,88733.81,-0.006079537284877974,10.0
SOL/USDT,xgb_primary,conservative,1m,2025-12-22 03:35:00+00:00,2025-12-22 03:33:00+00:00,2025-12-22 03:35:00+00:00,sell,False,min_hold,min_hold,,,False,0.6844155788,0.6699029207229614,0.48,0.44,gate_close,gate_close,0.005599999999999881,0.0031343713431303943,8.8305,0.6699029207229614,11.877424974266027,0.7921733275233418,,126.15,126.23,0.0031343713431303943,2.0
BTC/USDT,xgb_primary,conservative,1m,2025-12-22 03:37:00+00:00,2025-12-22 03:25:00+00:00,2025-12-22 03:37:00+00:00,sell,False,pnl_block,pnl_block,,,False,0.6076040864,0.5002435445785522,0.56,0.45,trailing_prob_drop,trailing_prob_drop,-0.010877999999999884,-0.012654538026767184,8.877684,0.5002435445785522,3.1736067714133642,0.0011278017637255562,,88776.84,88668.06,-0.012654538026767184,12.0
BTC/USDT,xgb_primary,conservative,1m,2025-12-22 03:38:00+00:00,2025-12-22 03:25:00+00:00,2025-12-22 03:38:00+00:00,sell,False,pnl_block,pnl_block,,,False,0.6076040864,0.41829004883766174,0.56,0.45,prob_floor,"prob_floor,trailing_prob_drop",-0.013234999999999128,-0.015011538292984716,8.877684,0.41829004883766174,7.194247849790347,0.0011281016373054311,,88776.84,88644.49,-0.015011538292984716,13.0
SOL/USDT,xgb_primary,conservative,1m,2025-12-22 03:39:00+00:00,2025-12-22 03:33:00+00:00,2025-12-22 03:39:00+00:00,sell,False,pnl_block,pnl_block,,,False,0.6844155788,0.41829004883766174,0.48,0.44,prob_floor,"prob_floor,trailing_prob_drop",-0.0063000000000002394,-0.008766571978740728,8.8305,0.41829004883766174,6.349206349206214,0.7932415817229925,,126.15,126.06,-0.008766571978740728,6.0
BTC/USDT,xgb_primary,conservative,1m,2025-12-22 03:39:00+00:00,2025-12-22 03:25:00+00:00,2025-12-22 03:39:00+00:00,sell,False,pnl_block,pnl_block,,,False,0.6076040864,0.41829004883766174,0.56,0.45,prob_floor,"prob_floor,trailing_prob_drop",-0.014226999999998952,-0.016003538405071842,8.877684,0.41829004883766174,5.060151493151513,0.0011282278946744325,,88776.84,88634.57,-0.016003538405071842,14.0
ETH/USDT,xgb_primary,primary,1m,2025-12-22 03:40:00+00:00,2025-12-22 03:33:00+00:00,2025-12-22 03:40:00+00:00,sell,False,pnl_block,pnl_block,,,False,0.6076040864,0.41829004883766174,0.48,0.43,prob_floor,"prob_floor,trailing_prob_drop",-0.05201999999999771,-0.05571556010529864,18.17694,0.41829004883766174,,0.033103539595188504,,3029.49,3020.82,-0.05571556010529864,7.0
SOL/USDT,xgb_primary,conservative,1m,2025-12-22 03:40:00+00:00,2025-12-22 03:33:00+00:00,2025-12-22 03:40:00+00:00,sell,True,pnl_block,pnl_block,,,False,0.6844155788,0.5002435445785522,0.48,0.44,trailing_prob_drop,trailing_prob_drop,-0.004200000000000159,-0.006666405325349457,8.8305,0.5002435445785522,,0.793052856972196,,126.15,126.09,-0.006666405325349457,7.0
BTC/USDT,xgb_primary,conservative,1m,2025-12-22 03:40:00+00:00,2025-12-22 03:25:00+00:00,2025-12-22 03:40:00+00:00,sell,False,pnl_block,pnl_block,,,False,0.6076040864,0.41829004883766174,0.56,0.45,prob_floor,"prob_floor,trailing_prob_drop",-0.011406999999999244,-0.013183538086502553,8.877684,0.41829004883766174,1.1203303631972281,0.0011278690515564521,,88776.84,88662.77,-0.013183538086502553,15.0
ETH/USDT,xgb_primary,primary,1m,2025-12-22 03:41:00+00:00,2025-12-22 03:33:00+00:00,2025-12-22 03:41:00+00:00,sell,False,pnl_block,pnl_block,,,False,0.6076040864,0.4742901027202606,0.48,0.43,trailing_prob_drop,trailing_prob_drop,-0.04655999999999858,-0.0502555419843803,18.17694,0.4742901027202606,,0.03309357041488924,,3029.49,3021.73,-0.0502555419843803,8.0
SOL/USDT,xgb_primary,conservative,1m,2025-12-22 03:41:00+00:00,2025-12-22 03:33:00+00:00,2025-12-22 03:41:00+00:00,sell,True,pnl_block,pnl_block,,,False,0.6844155788,0.5002435445785522,0.48,0.44,trailing_prob_drop,trailing_prob_drop,-0.005600000000000876,-0.008066516418799569,8.8305,0.5002435445785522,,0.7931786634943578,,126.15,126.07,-0.008066516418799569,8.0
BTC/USDT,xgb_primary,conservative,1m,2025-12-22 03:41:00+00:00,2025-12-22 03:25:00+00:00,2025-12-22 03:41:00+00:00,sell,False,pnl_block,pnl_block,,,False,0.6076040864,0.41829004883766174,0.56,0.45,prob_floor,"prob_floor,trailing_prob_drop",-0.011361999999999536,-0.01313853808142093,8.877684,0.41829004883766174,1.7606034911155035,0.0011278633271868139,,88776.84,88663.22,-0.01313853808142093,16.0
ETH/USDT,xgb_primary,primary,1m,2025-12-22 03:42:00+00:00,2025-12-22 03:33:00+00:00,2025-12-22 03:42:00+00:00,sell,False,pnl_block,pnl_block,,,False,0.6076040864,0.4742901027202606,0.48,0.43,trailing_prob_drop,trailing_prob_drop,-0.047099999999999455,-0.05079554377607638,18.17694,0.4742901027202606,,0.033094556111714905,,3029.49,3021.64,-0.05079554377607638,9.0
SOL/USDT,xgb_primary,conservative,1m,2025-12-22 03:42:00+00:00,2025-12-22 03:33:00+00:00,2025-12-22 03:42:00+00:00,sell,True,pnl_block,pnl_block,,,False,0.6844155788,0.5002435445785522,0.48,0.44,trailing_prob_drop,trailing_prob_drop,0.0006999999999993635,-0.0017660167756519277,8.8305,0.5002435445785522,,0.7926128482546757,,126.15,126.16,-0.0017660167756519277,9.0
BTC/USDT,xgb_primary,conservative,1m,2025-12-22 03:42:00+00:00,2025-12-22 03:25:00+00:00,2025-12-22 03:42:00+00:00,sell,False,pnl_block,pnl_block,,,False,0.6076040864,0.4742901027202606,0.56,0.45,trailing_prob_drop,trailing_prob_drop,-0.006280000000000291,-0.008056537507837282,8.877684,0.4742901027202606,1.0014474750374112,0.0011272172302946198,,88776.84,88714.04,-0.008056537507837282,17.0
SOL/USDT,xgb_primary,conservative,1m,2025-12-22 03:43:00+00:00,2025-12-22 03:33:00+00:00,2025-12-22 03:43:00+00:00,sell,True,pnl_block,pnl_block,,,False,0.6844155788,0.5002435445785522,0.48,0.44,trailing_prob_drop,trailing_prob_drop,-0.007699999999999961,-0.010166683125073702,8.8305,0.5002435445785522,4.755865567533472,0.7933674481328815,,126.15,126.04,-0.010166683125073702,10.0
BTC/USDT,xgb_primary,conservative,1m,2025-12-22 03:43:00+00:00,2025-12-22 03:25:00+00:00,2025-12-22 03:43:00+00:00,sell,False,pnl_block,pnl_block,,,False,0.6076040864,0.4742901027202606,0.56,0.45,trailing_prob_drop,trailing_prob_drop,-0.006542999999999302,-0.008319537537502515,8.877684,0.4742901027202606,5.71949989883285,0.0011272506469163308,,88776.84,88711.41,-0.008319537537502515,18.0
BTC/USDT,xgb_primary,conservative,1m,2025-12-22 03:44:00+00:00,2025-12-22 03:25:00+00:00,2025-12-22 03:44:00+00:00,sell,False,pnl_block,pnl_block,,,False,0.6076040864,0.4742901027202606,0.56,0.45,trailing_prob_drop,trailing_prob_drop,-0.0009229999999995925,-0.0026995369039221045,8.877684,0.4742901027202606,1.7337115935824552,0.001126536969001737,,88776.84,88767.61,-0.0026995369039221045,19.0
ETH/USDT,xgb_primary,primary,1m,2025-12-22 03:44:00+00:00,2025-12-22 03:33:00+00:00,2025-12-22 03:44:00+00:00,sell,False,pnl_block,pnl_block,,,False,0.6076040864,0.4742901027202606,0.48,0.43,trailing_prob_drop,trailing_prob_drop,-0.045599999999999453,-0.049295538799416366,18.17694,0.4742901027202606,,0.03309181821412815,,3029.49,3021.89,-0.049295538799416366,11.0
SOL/USDT,xgb_primary,conservative,1m,2025-12-22 03:44:00+00:00,2025-12-22 03:33:00+00:00,2025-12-22 03:44:00+00:00,sell,False,pnl_block,pnl_block,,,False,0.6844155788,0.4742901027202606,0.48,0.44,trailing_prob_drop,trailing_prob_drop,-0.0021000000000000797,-0.004566238751238294,8.8305,0.4742901027202606,6.346184356655426,0.792864222001261,,126.15,126.12,-0.004566238751238294,11.0
ETH/USDT,xgb_primary,primary,1m,2025-12-22 03:45:00+00:00,2025-12-22 03:33:00+00:00,2025-12-22 03:45:00+00:00,sell,False,pnl_block,pnl_block,,,False,0.6076040864,0.41829004883766174,0.48,0.43,prob_floor,"prob_floor,trailing_prob_drop",-0.03395999999999913,-0.03765550020850388,18.17694,0.41829004883766174,,0.033070587516244365,,3029.49,3023.83,-0.03765550020850388,12.0
SOL/USDT,xgb_primary,conservative,1m,2025-12-22 03:45:00+00:00,2025-12-22 03:33:00+00:00,2025-12-22 03:45:00+00:00,sell,False,pnl_block,pnl_block,,,False,0.6844155788,0.4742901027202606,0.48,0.44,trailing_prob_drop,trailing_prob_drop,-0.0063000000000002394,-0.008766571978740728,8.8305,0.4742901027202606,,0.7932415817229925,,126.15,126.06,-0.008766571978740728,12.0
BTC/USDT,xgb_primary,conservative,1m,2025-12-22 03:45:00+00:00,2025-12-22 03:25:00+00:00,2025-12-22 03:45:00+00:00,sell,False,pnl_block,pnl_block,,,False,0.6076040864,0.5002435445785522,0.56,0.45,trailing_prob_drop,trailing_prob_drop,0.0008529999999998836,-0.0009235367038703504,8.877684,0.5002435445785522,6.534276509945568,0.0011263116261336088,,88776.84,88785.37,-0.0009235367038703504,20.0
SOL/USDT,xgb_primary,conservative,1m,2025-12-22 03:46:00+00:00,2025-12-22 03:33:00+00:00,2025-12-22 03:46:00+00:00,sell,False,pnl_block,pnl_block,,,False,0.6844155788,0.4742901027202606,0.48,0.44,trailing_prob_drop,trailing_prob_drop,-0.012600000000000479,-0.015067072415162575,8.8305,0.4742901027202606,,0.793808295297092,,126.15,125.97,-0.015067072415162575,13.0
ETH/USDT,xgb_primary,primary,1m,2025-12-22 03:46:00+00:00,2025-12-22 03:33:00+00:00,2025-12-22 03:46:00+00:00,sell,False,pnl_block,pnl_block,,,False,0.6076040864,0.4742901027202606,0.48,0.43,trailing_prob_drop,trailing_prob_drop,-0.044399999999997816,-0.04809553481867681,18.17694,0.4742901027202606,6.185294214930343,0.03308962822069965,,3029.49,3022.09,-0.04809553481867681,13.0
BTC/USDT,xgb_primary,conservative,1m,2025-12-22 03:46:00+00:00,2025-12-22 03:25:00+00:00,2025-12-22 03:46:00+00:00,sell,False,pnl_block,pnl_block,,,False,0.6076040864,0.5002435445785522,0.56,0.45,trailing_prob_drop,trailing_prob_drop,-0.0036259999999994764,-0.005402537208549336,8.877684,0.5002435445785522,4.898329533346005,0.0011268801073106866,,88776.84,88740.58,-0.005402537208549336,21.0
SOL/USDT,xgb_primary,conservative,1m,2025-12-22 03:47:00+00:00,2025-12-22 03:33:00+00:00,2025-12-22 03:47:00+00:00,sell,False,pnl_block,pnl_block,,,False,0.6844155788,0.41829004883766174,0.48,0.44,prob_floor,"prob_floor,trailing_prob_drop",-0.0175,-0.019967462138119375,8.8305,0.41829004883766174,2.3813303699000743,0.7942496326588225,,126.15,125.9,-0.019967462138119375,14.0
ETH/USDT,xgb_primary,primary,1m,2025-12-22 03:47:00+00:00,2025-12-22 03:33:00+00:00,2025-12-22 03:47:00+00:00,sell,False,pnl_block,pnl_block,,,False,0.6076040864,0.41829004883766174,0.48,0.43,prob_floor,"prob_floor,trailing_prob_drop",-0.05045999999999913,-0.054155554926783374,18.17694,0.41829004883766174,2.8124183157912626,0.03310069064663284,,3029.49,3021.08,-0.054155554926783374,14.0
BTC/USDT,xgb_primary,conservative,1m,2025-12-22 03:47:00+00:00,2025-12-22 03:25:00+00:00,2025-12-22 03:47:00+00:00,sell,False,pnl_block,pnl_block,,,False,0.6076040864,0.5002435445785522,0.56,0.45,trailing_prob_drop,trailing_prob_drop,-0.0037959999999991854,-0.0055725372277142,8.877684,0.5002435445785522,3.4353032902978025,0.0011269016953234549,,88776.84,88738.88,-0.0055725372277142,22.0
SOL/USDT,xgb_primary,conservative,1m,2025-12-22 03:48:00+00:00,2025-12-22 03:33:00+00:00,2025-12-22 03:48:00+00:00,sell,False,pnl_block,pnl_block,,,False,0.6844155788,0.3396226465702057,0.48,0.44,prob_floor,"prob_floor,trailing_prob_drop",-0.02240000000000052,-0.024867852294672473,8.8305,0.3396226465702057,5.559526646017583,0.7946914610406576,,126.15,125.83,-0.024867852294672473,15.0
BTC/USDT,xgb_primary,conservative,1m,2025-12-22 03:48:00+00:00,2025-12-22 03:25:00+00:00,2025-12-22 03:48:00+00:00,sell,False,pnl_block,pnl_block,,,False,0.6076040864,0.41829004883766174,0.56,0.45,prob_floor,"prob_floor,trailing_prob_drop",-0.005886000000000059,-0.007662537463395228,8.877684,0.41829004883766174,17.264134954148293,0.0011271671701417955,,88776.84,88717.98,-0.007662537463395228,23.0
BTC/USDT,xgb_primary,conservative,1m,2025-12-22 03:49:00+00:00,2025-12-22 03:25:00+00:00,2025-12-22 03:49:00+00:00,sell,False,pnl_block,pnl_block,,,False,0.6076040864,0.5002435445785522,0.56,0.45,trailing_prob_drop,trailing_prob_drop,-0.006488999999999942,-0.008265537531413004,8.877684,0.5002435445785522,13.625722478857497,0.001127243786850738,,88776.84,88711.95,-0.008265537531413004,24.0
ETH/USDT,xgb_primary,primary,1m,2025-12-22 03:49:00+00:00,2025-12-22 03:33:00+00:00,2025-12-22 03:49:00+00:00,sell,False,pnl_block,pnl_block,,,False,0.6076040864,0.41829004883766174,0.48,0.43,prob_floor,"prob_floor,trailing_prob_drop",-0.06341999999999826,-0.06711559797540198,18.17694,0.41829004883766174,,0.033124373741525645,,3029.49,3018.92,-0.06711559797540198,16.0
SOL/USDT,xgb_primary,conservative,1m,2025-12-22 03:49:00+00:00,2025-12-22 03:33:00+00:00,2025-12-22 03:49:00+00:00,sell,False,pnl_block,pnl_block,,,False,0.6844155788,0.41829004883766174,0.48,0.44,prob_floor,"prob_floor,trailing_prob_drop",-0.019600000000000083,-0.022067629294934898,8.8305,0.41829004883766174,,0.7944389275067253,,126.15,125.87,-0.022067629294934898,16.0
ETH/USDT,xgb_primary,primary,1m,2025-12-22 03:50:00+00:00,2025-12-22 03:33:00+00:00,2025-12-22 03:50:00+00:00,sell,False,pnl_block,pnl_block,,,False,0.6076040864,0.41829004883766174,0.48,0.43,prob_floor,"prob_floor,trailing_prob_drop",-0.055679999999998474,-0.059375572258402495,18.17694,0.41829004883766174,,0.033110225595739146,,3029.49,3020.21,-0.059375572258402495,17.0
SOL/USDT,xgb_primary,conservative,1m,2025-12-22 03:50:00+00:00,2025-12-22 03:33:00+00:00,2025-12-22 03:50:00+00:00,sell,False,pnl_block,pnl_block,,,False,0.6844155788,0.3245033025741577,0.48,0.44,prob_floor,"prob_floor,trailing_prob_drop",-0.02030000000000044,-0.022767685031582253,8.8305,0.3245033025741577,4.76644423260266,0.7945020458431744,,126.15,125.86,-0.022767685031582253,17.0
BTC/USDT,xgb_primary,conservative,1m,2025-12-22 03:50:00+00:00,2025-12-22 03:25:00+00:00,2025-12-22 03:50:00+00:00,sell,False,pnl_block,pnl_block,,,False,0.6076040864,0.4742901027202606,0.56,0.45,trailing_prob_drop,trailing_prob_drop,-0.008613999999999943,-0.010390537771184948,8.877684,0.4742901027202606,4.317356109735572,0.0011275138707391294,,88776.84,88690.7,-0.010390537771184948,25.0
ETH/USDT,xgb_primary,primary,1m,2025-12-22 03:51:00+00:00,2025-12-22 03:33:00+00:00,2025-12-22 03:51:00+00:00,sell,False,pnl_block,pnl_block,,,False,0.6076040864,0.41829004883766174,0.48,0.43,prob_floor,"prob_floor,trailing_prob_drop",-0.05795999999999913,-0.061655579831673364,18.17694,0.41829004883766174,,0.03311439201220689,,3029.49,3019.83,-0.061655579831673364,18.0
SOL/USDT,xgb_primary,conservative,1m,2025-12-22 03:51:00+00:00,2025-12-22 03:33:00+00:00,2025-12-22 03:51:00+00:00,sell,False,pnl_block,pnl_block,,,False,0.6844155788,0.41829004883766174,0.48,0.44,prob_floor,"prob_floor,trailing_prob_drop",-0.02030000000000044,-0.022767685031582253,8.8305,0.41829004883766174,,0.7945020458431744,,126.15,125.86,-0.022767685031582253,18.0
BTC/USDT,xgb_primary,conservative,1m,2025-12-22 03:51:00+00:00,2025-12-22 03:25:00+00:00,2025-12-22 03:51:00+00:00,sell,False,pnl_block,pnl_block,,,False,0.6076040864,0.4742901027202606,0.56,0.45,trailing_prob_drop,trailing_prob_drop,-0.00888399999999965,-0.010660537801656565,8.877684,0.4742901027202606,2.8120194324735674,0.0011275481949065502,,88776.84,88688.0,-0.010660537801656565,26.0
ETH/USDT,xgb_primary,primary,1m,2025-12-22 03:52:00+00:00,2025-12-22 03:33:00+00:00,2025-12-22 03:52:00+00:00,sell,False,pnl_block,pnl_block,,,False,0.6076040864,0.41829004883766174,0.48,0.43,prob_floor,"prob_floor,trailing_prob_drop",-0.0631199999999999,-0.06681559697821401,18.17694,0.41829004883766174,,0.03312382514005011,,3029.49,3018.97,-0.06681559697821401,19.0
SOL/USDT,xgb_primary,conservative,1m,2025-12-22 03:52:00+00:00,2025-12-22 03:33:00+00:00,2025-12-22 03:52:00+00:00,sell,False,pnl_block,pnl_block,,,False,0.6844155788,0.41829004883766174,0.48,0.44,prob_floor,"prob_floor,trailing_prob_drop",-0.016800000000000637,-0.01926740643688302,8.8305,0.41829004883766174,2.383032806418392,0.79418655442204,,126.15,125.91,-0.01926740643688302,19.0
BTC/USDT,xgb_primary,conservative,1m,2025-12-22 03:52:00+00:00,2025-12-22 03:25:00+00:00,2025-12-22 03:52:00+00:00,sell,False,pnl_block,pnl_block,,,False,0.6076040864,0.4742901027202606,0.56,0.45,trailing_prob_drop,trailing_prob_drop,-0.007259999999999127,-0.009036537618392357,8.877684,0.4742901027202606,0.003382541036856601,0.0011273417630420406,,88776.84,88704.24,-0.009036537618392357,27.0
SOL/USDT,xgb_primary,conservative,1m,2025-12-22 03:53:00+00:00,2025-12-22 03:33:00+00:00,2025-12-22 03:53:00+00:00,sell,False,pnl_block,pnl_block,,,False,0.6844155788,0.41829004883766174,0.48,0.44,prob_floor,"prob_floor,trailing_prob_drop",-0.015399999999999922,-0.017867295060943422,8.8305,0.41829004883766174,6.352231221216317,0.7940604279978485,,126.15,125.93,-0.017867295060943422,20.0
BTC/USDT,xgb_primary,conservative,1m,2025-12-22 03:53:00+00:00,2025-12-22 03:25:00+00:00,2025-12-22 03:53:00+00:00,sell,False,pnl_block,pnl_block,,,False,0.6076040864,0.5002435445785522,0.56,0.45,trailing_prob_drop,trailing_prob_drop,-0.005886999999999535,-0.00766353746350604,8.877684,0.5002435445785522,2.541028478457579,0.0011271672955521482,,88776.84,88717.97,-0.00766353746350604,28.0
SOL/USDT,xgb_primary,conservative,1m,2025-12-22 03:54:00+00:00,2025-12-22 03:33:00+00:00,2025-12-22 03:54:00+00:00,sell,False,pnl_block,pnl_block,,,False,0.6844155788,0.4742901027202606,0.48,0.44,trailing_prob_drop,trailing_prob_drop,-0.0140000000000002,-0.016467183720375887,8.8305,0.4742901027202606,5.558202318563854,0.793934341629225,,126.15,125.95,-0.016467183720375887,21.0
SOL/USDT,xgb_primary,conservative,1m,2025-12-22 03:55:00+00:00,2025-12-22 03:33:00+00:00,2025-12-22 03:55:00+00:00,sell,False,pnl_block,pnl_block,,,False,0.6844155788,0.41829004883766174,0.48,0.44,prob_floor,"prob_floor,trailing_prob_drop",-0.012600000000000479,-0.015067072415162575,8.8305,0.41829004883766174,3.175863437872668,0.793808295297092,,126.15,125.97,-0.015067072415162575,22.0
SOL/USDT,xgb_primary,conservative,1m,2025-12-22 03:56:00+00:00,2025-12-22 03:33:00+00:00,2025-12-22 03:56:00+00:00,sell,False,pnl_block,pnl_block,,,False,0.6844155788,0.4742901027202606,0.48,0.44,trailing_prob_drop,trailing_prob_drop,-0.007000000000000598,-0.009466627547500064,8.8305,0.4742901027202606,,0.7933045099365448,,126.15,126.05,-0.009466627547500064,23.0
SOL/USDT,xgb_primary,conservative,1m,2025-12-22 03:57:00+00:00,2025-12-22 03:33:00+00:00,2025-12-22 03:57:00+00:00,sell,False,pnl_block,pnl_block,,,False,0.6844155788,0.41829004883766174,0.48,0.44,prob_floor,"prob_floor,trailing_prob_drop",-0.009800000000000041,-0.012266849910724319,8.8305,0.41829004883766174,,0.793556322659279,,126.15,126.01,-0.012266849910724319,24.0
ETH/USDT,xgb_primary,primary,1m,2025-12-22 03:58:00+00:00,2025-12-22 03:33:00+00:00,2025-12-22 03:58:00+00:00,sell,False,pnl_block,pnl_block,,,False,0.6076040864,0.4742901027202606,0.48,0.43,trailing_prob_drop,trailing_prob_drop,-0.04673999999999978,-0.0504355425816032,18.17694,0.4742901027202606,,0.03309389897497697,,3029.49,3021.7,-0.0504355425816032,25.0
SOL/USDT,xgb_primary,conservative,1m,2025-12-22 03:58:00+00:00,2025-12-22 03:33:00+00:00,2025-12-22 03:58:00+00:00,sell,False,pnl_block,pnl_block,,,False,0.6844155788,0.4742901027202606,0.48,0.44,trailing_prob_drop,trailing_prob_drop,-0.009100000000000677,-0.011566794306686216,8.8305,0.4742901027202606,2.380196762931365,0.7934933544935621,,126.15,126.02,-0.011566794306686216,25.0
SOL/USDT,xgb_primary,conservative,1m,2025-12-22 03:59:00+00:00,2025-12-22 03:33:00+00:00,2025-12-22 03:59:00+00:00,sell,True,pnl_block,pnl_block,,,False,0.6844155788,0.5002435445785522,0.48,0.44,trailing_prob_drop,trailing_prob_drop,-0.009100000000000677,-0.011566794306686216,8.8305,0.5002435445785522,,0.7934933544935621,,126.15,126.02,-0.011566794306686216,26.0
ETH/USDT,xgb_primary,primary,1m,2025-12-22 04:00:00+00:00,2025-12-22 03:33:00+00:00,2025-12-22 04:00:00+00:00,sell,False,pnl_block,pnl_block,,,False,0.6076040864,0.41829004883766174,0.48,0.43,prob_floor,"prob_floor,trailing_prob_drop",-0.04625999999999749,-0.04995554098904062,18.17694,0.41829004883766174,,0.03309302283174856,,3029.49,3021.78,-0.04995554098904062,27.0
SOL/USDT,xgb_primary,conservative,1m,2025-12-22 04:00:00+00:00,2025-12-22 03:33:00+00:00,2025-12-22 04:00:00+00:00,sell,True,pnl_block,pnl_block,,,False,0.6844155788,0.5002435445785522,0.48,0.44,trailing_prob_drop,trailing_prob_drop,-0.004900000000000518,-0.007366460867669513,8.8305,0.5002435445785522,,0.7931157552448836,,126.15,126.08,-0.007366460867669513,27.0
BTC/USDT,xgb_primary,conservative,1m,2025-12-22 04:00:00+00:00,2025-12-22 03:25:00+00:00,2025-12-22 04:00:00+00:00,sell,False,dry_run,dry_run,,,True,0.6076040864,0.5002435445785522,0.56,0.45,prob_trailing,trailing_prob_drop,0.0058669999999998255,0.004091463199999826,8.877684,0.5002435445785522,4.163894396523056,0.0011256759201894902,8.883551,88776.84,88835.51,0.004091463199999826,35.0
ETH/USDT,xgb_primary,primary,1m,2025-12-22 04:01:00+00:00,2025-12-22 03:33:00+00:00,2025-12-22 04:01:00+00:00,sell,False,pnl_block,pnl_block,,,False,0.6076040864,0.4742901027202606,0.48,0.43,trailing_prob_drop,trailing_prob_drop,-0.031079999999999018,-0.03477549066787719,18.17694,0.4742901027202606,,0.0330653387633837,,3029.49,3024.31,-0.03477549066787719,28.0
SOL/USDT,xgb_primary,conservative,1m,2025-12-22 04:01:00+00:00,2025-12-22 03:33:00+00:00,2025-12-22 04:01:00+00:00,sell,False,pnl_block,pnl_block,,,False,0.6844155788,0.4742901027202606,0.48,0.44,trailing_prob_drop,trailing_prob_drop,-0.004900000000000518,-0.007366460867669513,8.8305,0.4742901027202606,3.1728404854439636,0.7931157552448836,,126.15,126.08,-0.007366460867669513,28.0
BTC/USDT,xgb_primary,conservative,1m,2025-12-22 04:01:00+00:00,,2025-12-22 04:01:00+00:00,buy,True,cooldown_after_exit,cooldown_after_exit,cooldown_after_exit,,False,0.565682053565979,0.565682053565979,,0.56,cooldown_after_exit,,,,,0.565682053565979,,,15.0,,88811.42,0.0,
SOL/USDT,xgb_primary,conservative,1m,2025-12-22 04:02:00+00:00,2025-12-22 03:33:00+00:00,2025-12-22 04:02:00+00:00,sell,True,pnl_block,pnl_block,,,False,0.6844155788,0.565682053565979,0.48,0.44,trailing_prob_drop,trailing_prob_drop,-0.0105000000000004,-0.012966905523591091,8.8305,0.565682053565979,2.378875584807005,0.7936193008218021,,126.15,126.0,-0.012966905523591091,29.0
BTC/USDT,xgb_primary,conservative,1m,2025-12-22 04:02:00+00:00,,2025-12-22 04:02:00+00:00,buy,True,dry_run,dry_run,,exchange_qty_step,True,0.565682053565979,0.565682053565979,,0.56,dry_run,,,,,0.565682053565979,0.0011267170810322319,,8.875342999999999,,88753.43,0.0,
SOL/USDT,xgb_primary,conservative,1m,2025-12-22 04:03:00+00:00,2025-12-22 03:33:00+00:00,2025-12-22 04:03:00+00:00,sell,True,pnl_block,pnl_block,,,False,0.6844155788,0.565682053565979,0.48,0.44,trailing_prob_drop,trailing_prob_drop,-0.009800000000000041,-0.012266849910724319,8.8305,0.565682053565979,,0.793556322659279,,126.15,126.01,-0.012266849910724319,30.0
SOL/USDT,xgb_primary,conservative,1m,2025-12-22 04:04:00+00:00,2025-12-22 03:33:00+00:00,2025-12-22 04:04:00+00:00,sell,False,pnl_block,pnl_block,,,False,0.6844155788,0.565682053565979,0.48,0.44,gate_close,"gate_close,trailing_prob_drop",-0.012600000000000479,-0.015067072415162575,8.8305,0.565682053565979,4.762282720851042,0.793808295297092,,126.15,125.97,-0.015067072415162575,31.0
SOL/USDT,xgb_primary,conservative,1m,2025-12-22 04:05:00+00:00,2025-12-22 03:33:00+00:00,2025-12-22 04:05:00+00:00,sell,False,pnl_block,pnl_block,,,False,0.6844155788,0.5002435445785522,0.48,0.44,gate_close,"gate_close,trailing_prob_drop",-0.018200000000000358,-0.020667517848207556,8.8305,0.5002435445785522,7.1456927352115285,0.7943127209186318,,126.15,125.89,-0.020667517848207556,32.0
SOL/USDT,xgb_primary,conservative,1m,2025-12-22 04:06:00+00:00,2025-12-22 03:33:00+00:00,2025-12-22 04:06:00+00:00,sell,True,pnl_block,pnl_block,,,False,0.6844155788,0.565682053565979,0.48,0.44,trailing_prob_drop,trailing_prob_drop,-0.01190000000000012,-0.014367016775806127,8.8305,0.565682053565979,3.176115610607594,0.7937452871366358,,126.15,125.98,-0.014367016775806127,33.0
SOL/USDT,xgb_primary,conservative,1m,2025-12-22 04:07:00+00:00,2025-12-22 03:33:00+00:00,2025-12-22 04:07:00+00:00,sell,False,pnl_block,pnl_block,,,False,0.6844155788,0.565682053565979,0.48,0.44,gate_close,"gate_close,trailing_prob_drop",-0.015399999999999922,-0.017867295060943422,8.8305,0.565682053565979,3.968568934042159,0.7940604279978485,,126.15,125.93,-0.017867295060943422,34.0
SOL/USDT,xgb_primary,conservative,1m,2025-12-22 04:08:00+00:00,2025-12-22 03:33:00+00:00,2025-12-22 04:08:00+00:00,sell,False,pnl_block,pnl_block,,,False,0.6844155788,0.4742901027202606,0.48,0.44,trailing_prob_drop,trailing_prob_drop,-0.0175,-0.019967462138119375,8.8305,0.4742901027202606,6.352231221216317,0.7942496326588225,,126.15,125.9,-0.019967462138119375,35.0
SOL/USDT,xgb_primary,conservative,1m,2025-12-22 04:09:00+00:00,2025-12-22 03:33:00+00:00,2025-12-22 04:09:00+00:00,sell,True,pnl_block,pnl_block,,,False,0.6844155788,0.5002435445785522,0.48,0.44,trailing_prob_drop,trailing_prob_drop,-0.0021000000000000797,-0.004566238751238294,8.8305,0.5002435445785522,,0.792864222001261,,126.15,126.12,-0.004566238751238294,36.0
SOL/USDT,xgb_primary,conservative,1m,2025-12-22 04:10:00+00:00,2025-12-22 03:33:00+00:00,2025-12-22 04:10:00+00:00,sell,False,pnl_block,pnl_block,,,False,0.6844155788,0.5002435445785522,0.48,0.44,gate_close,"gate_close,trailing_prob_drop",-0.0175,-0.019967462138119375,8.8305,0.5002435445785522,18.235154205978276,0.7942496326588225,,126.15,125.9,-0.019967462138119375,37.0
SOL/USDT,xgb_primary,conservative,1m,2025-12-22 04:11:00+00:00,2025-12-22 03:33:00+00:00,2025-12-22 04:11:00+00:00,sell,False,pnl_block,pnl_block,,,False,0.6844155788,0.4742901027202606,0.48,0.44,trailing_prob_drop,trailing_prob_drop,-0.016800000000000637,-0.01926740643688302,8.8305,0.4742901027202606,16.67857993805162,0.79418655442204,,126.15,125.91,-0.01926740643688302,38.0
ETH/USDT,xgb_primary,primary,1m,2025-12-22 04:11:00+00:00,2025-12-22 03:33:00+00:00,2025-12-22 04:11:00+00:00,sell,False,pnl_block,pnl_block,,,False,0.6076040864,0.5002435445785522,0.48,0.43,gate_close,gate_close,-0.04115999999999804,-0.04485552407332337,18.17694,0.5002435445785522,9.265080573112016,0.03308371669011816,,3029.49,3022.63,-0.04485552407332337,38.0
SOL/USDT,xgb_primary,conservative,1m,2025-12-22 04:12:00+00:00,2025-12-22 03:33:00+00:00,2025-12-22 04:12:00+00:00,sell,False,pnl_block,pnl_block,,,False,0.6844155788,0.4742901027202606,0.48,0.44,trailing_prob_drop,trailing_prob_drop,-0.02030000000000044,-0.022767685031582253,8.8305,0.4742901027202606,0.79421809228742,0.7945020458431744,,126.15,125.86,-0.022767685031582253,39.0
SOL/USDT,xgb_primary,conservative,1m,2025-12-22 04:13:00+00:00,2025-12-22 03:33:00+00:00,2025-12-22 04:13:00+00:00,sell,False,pnl_block,pnl_block,,,False,0.6844155788,0.41829004883766174,0.48,0.44,prob_floor,"prob_floor,trailing_prob_drop",-0.02030000000000044,-0.022767685031582253,8.8305,0.41829004883766174,3.177881941685234,0.7945020458431744,,126.15,125.86,-0.022767685031582253,40.0
SOL/USDT,xgb_primary,conservative,1m,2025-12-22 04:14:00+00:00,2025-12-22 03:33:00+00:00,2025-12-22 04:14:00+00:00,sell,False,pnl_block,pnl_block,,,False,0.6844155788,0.4742901027202606,0.48,0.44,trailing_prob_drop,trailing_prob_drop,-0.0175,-0.019967462138119375,8.8305,0.4742901027202606,,0.7942496326588225,,126.15,125.9,-0.019967462138119375,41.0
SOL/USDT,xgb_primary,conservative,1m,2025-12-22 04:15:00+00:00,2025-12-22 03:33:00+00:00,2025-12-22 04:15:00+00:00,sell,False,pnl_block,pnl_block,,,False,0.6844155788,0.4742901027202606,0.48,0.44,trailing_prob_drop,trailing_prob_drop,-0.019600000000000083,-0.022067629294934898,8.8305,0.4742901027202606,2.3828435266085095,0.7944389275067253,,126.15,125.87,-0.022067629294934898,42.0
SOL/USDT,xgb_primary,conservative,1m,2025-12-22 04:16:00+00:00,2025-12-22 03:33:00+00:00,2025-12-22 04:16:00+00:00,sell,False,pnl_block,pnl_block,,,False,0.6844155788,0.41829004883766174,0.48,0.44,prob_floor,"prob_floor,trailing_prob_drop",-0.019600000000000083,-0.022067629294934898,8.8305,0.41829004883766174,,0.7944389275067253,,126.15,125.87,-0.022067629294934898,43.0
SOL/USDT,xgb_primary,conservative,1m,2025-12-22 04:17:00+00:00,2025-12-22 03:33:00+00:00,2025-12-22 04:17:00+00:00,sell,False,pnl_block,pnl_block,,,False,0.6844155788,0.41829004883766174,0.48,0.44,prob_floor,"prob_floor,trailing_prob_drop",-0.012600000000000479,-0.015067072415162575,8.8305,0.41829004883766174,,0.793808295297092,,126.15,125.97,-0.015067072415162575,44.0
BTC/USDT,xgb_primary,conservative,1m,2025-12-22 04:17:00+00:00,2025-12-22 04:02:00+00:00,2025-12-22 04:17:00+00:00,sell,False,dry_run,dry_run,,,True,0.5656820536,0.4742901027202606,0.56,0.45,take_profit,take_profit,0.0102570000000007,0.008481931400000699,8.875342999999999,0.4742901027202606,2.295397109330294,0.0011254163401518344,8.8856,88753.43,88856.0,0.008481931400000699,15.0
SOL/USDT,xgb_primary,conservative,1m,2025-12-22 04:18:00+00:00,2025-12-22 03:33:00+00:00,2025-12-22 04:18:00+00:00,sell,False,pnl_block,pnl_block,,,False,0.6844155788,0.4742901027202606,0.48,0.44,trailing_prob_drop,trailing_prob_drop,-0.004200000000000159,-0.006666405325349457,8.8305,0.4742901027202606,4.76417341591252,0.793052856972196,,126.15,126.09,-0.006666405325349457,45.0
SOL/USDT,xgb_primary,conservative,1m,2025-12-22 04:19:00+00:00,2025-12-22 03:33:00+00:00,2025-12-22 04:19:00+00:00,sell,False,pnl_block,pnl_block,,,False,0.6844155788,0.5002435445785522,0.48,0.44,gate_close,"gate_close,trailing_prob_drop",-0.0007000000000003582,-0.0031661277458487486,8.8305,0.5002435445785522,13.47495244134446,0.7927385152011664,,126.15,126.14,-0.0031661277458487486,46.0
SOL/USDT,xgb_primary,conservative,1m,2025-12-22 04:20:00+00:00,2025-12-22 03:33:00+00:00,2025-12-22 04:20:00+00:00,sell,True,dry_run,dry_run,,,True,0.6844155788,0.565682053565979,0.48,0.44,prob_trailing,trailing_prob_drop,0.008399999999999325,0.006633899999999325,8.8305,0.565682053565979,0.7919223916060277,0.7919223916060277,8.8389,126.15,126.27,0.006633899999999325,47.0
BTC/USDT,xgb_primary,conservative,1m,2025-12-22 04:20:00+00:00,,2025-12-22 04:20:00+00:00,buy,True,dry_run,dry_run,,exchange_qty_step,True,0.6076040863990784,0.6076040863990784,,0.56,dry_run,,,,,0.6076040863990784,0.001123374301269476,,8.901753000000001,,89017.53,0.0,
SOL/USDT,xgb_primary,conservative,1m,2025-12-22 04:21:00+00:00,,2025-12-22 04:21:00+00:00,buy,True,cooldown_after_exit,cooldown_after_exit,cooldown_after_exit,,False,0.6076040863990784,0.6076040863990784,,0.48,cooldown_after_exit,,,,,0.6076040863990784,,,10.0,,126.23,0.0,
BTC/USDT,xgb_primary,conservative,1m,2025-12-22 04:21:00+00:00,2025-12-22 04:20:00+00:00,2025-12-22 04:21:00+00:00,sell,False,min_hold,min_hold,,,False,0.6076040864,0.6076040863990784,0.56,0.45,gate_close,gate_close,-0.0052779999999998835,-0.00709137011662636,8.901753000000001,0.6076040863990784,8.349315029249277,0.03709327435447403,,89017.53,88964.75,-0.00709137011662636,1.0
BTC/USDT,xgb_primary,conservative,1m,2025-12-22 04:22:00+00:00,2025-12-22 04:20:00+00:00,2025-12-22 04:22:00+00:00,sell,False,min_hold,min_hold,,,False,0.6076040864,0.6076040863990784,0.56,0.45,gate_close,gate_close,-0.0025539999999993597,-0.0043353508869347565,8.901753000000001,0.6076040863990784,6.408132269424673,0.001123696574592053,,89017.53,88991.99,-0.0043353508869347565,2.0
SOL/USDT,xgb_primary,conservative,1m,2025-12-22 04:23:00+00:00,,2025-12-22 04:23:00+00:00,buy,True,dry_run,dry_run,,exchange_qty_step,True,0.6076040863990784,0.6076040863990784,,0.48,dry_run,,,,,0.6076040863990784,0.7918596824646725,,8.840300000000001,,126.29,0.0,
SOL/USDT,xgb_primary,conservative,1m,2025-12-22 04:25:00+00:00,2025-12-22 04:23:00+00:00,2025-12-22 04:25:00+00:00,sell,False,min_hold,min_hold,,,False,0.6076040864,0.5002435445785522,0.48,0.44,gate_close,gate_close,-0.007000000000000598,-0.009468586962241933,8.840300000000001,0.5002435445785522,11.884012042465988,0.7924244225211076,,126.29,126.19,-0.009468586962241933,2.0
SOL/USDT,xgb_primary,conservative,1m,2025-12-22 04:27:00+00:00,2025-12-22 04:23:00+00:00,2025-12-22 04:27:00+00:00,sell,True,min_hold,min_hold,,,False,0.6076040864,0.6076040863990784,0.48,0.44,take_profit,take_profit,0.011199999999999762,0.008732853368392315,8.840300000000001,0.6076040863990784,,0.7907951445170934,,126.29,126.45,0.008732853368392315,4.0
SOL/USDT,xgb_primary,conservative,1m,2025-12-22 04:28:00+00:00,2025-12-22 04:23:00+00:00,2025-12-22 04:28:00+00:00,sell,False,dry_run,dry_run,,,True,0.6076040864,0.6115108132362366,0.48,0.44,gate_close,gate_close,0.006999999999999603,0.005231939999999603,8.840300000000001,0.6115108132362366,15.81652827204451,0.7911705368096139,8.8473,126.29,126.39,0.005231939999999603,5.0
BTC/USDT,xgb_primary,conservative,1m,2025-12-22 04:28:00+00:00,2025-12-22 04:20:00+00:00,2025-12-22 04:28:00+00:00,sell,False,pnl_block,pnl_block,,,False,0.6076040864,0.5878524780273438,0.56,0.45,gate_close,gate_close,-0.006919000000000233,-0.008700351377812152,8.901753000000001,0.5878524780273438,6.650008853561429,0.0011242480126317388,,89017.53,88948.34,-0.008700351377812152,8.0
ETH/USDT,xgb_primary,primary,1m,2025-12-22 04:28:00+00:00,2025-12-22 03:33:00+00:00,2025-12-22 04:28:00+00:00,sell,True,dry_run,dry_run,,,True,0.6076040864,0.6076040863990784,0.48,0.43,take_profit,take_profit,0.036300000000001095,0.03266461200000109,18.17694,0.6076040863990784,0.03294301352876758,0.03294301352876758,18.21324,3029.49,3035.54,0.03266461200000109,55.0
ETH/USDT,xgb_primary,primary,1m,2025-12-22 04:29:00+00:00,,2025-12-22 04:29:00+00:00,buy,True,cooldown_after_exit,cooldown_after_exit,cooldown_after_exit,,False,0.6076040863990784,0.6076040863990784,,0.48,cooldown_after_exit,,,,,0.6076040863990784,,,20.0,,3035.64,0.0,
SOL/USDT,xgb_primary,conservative,1m,2025-12-22 04:29:00+00:00,,2025-12-22 04:29:00+00:00,buy,True,cooldown_after_exit,cooldown_after_exit,cooldown_after_exit,,False,0.6076040863990784,0.6076040863990784,,0.48,cooldown_after_exit,,,,,0.6076040863990784,,,10.0,,126.23,0.0,
ETH/USDT,xgb_primary,primary,1m,2025-12-22 04:30:00+00:00,,2025-12-22 04:30:00+00:00,buy,True,dry_run,dry_run,,exchange_qty_step,True,0.6076040863990784,0.6076040863990784,,0.48,dry_run,,,,,0.6076040863990784,0.03296397202599385,,18.201719999999998,,3033.62,0.0,
SOL/USDT,xgb_primary,conservative,1m,2025-12-22 04:31:00+00:00,,2025-12-22 04:31:00+00:00,buy,True,dry_run,dry_run,,exchange_qty_step,True,0.6076040863990784,0.6076040863990784,,0.48,dry_run,,,,,0.6076040863990784,0.792864222001261,,8.8291,,126.13,0.0,
BTC/USDT,xgb_primary,conservative,1m,2025-12-22 04:33:00+00:00,2025-12-22 04:20:00+00:00,2025-12-22 04:33:00+00:00,sell,False,pnl_block,pnl_block,,,False,0.6076040864,0.5002435445785522,0.56,0.45,trailing_prob_drop,trailing_prob_drop,-0.016370999999999185,-0.018152352442406684,8.901753000000001,0.5002435445785522,1.4019252056016533,0.0011254439518795403,,89017.53,88853.82,-0.018152352442406684,13.0
BTC/USDT,xgb_primary,conservative,1m,2025-12-22 04:35:00+00:00,2025-12-22 04:20:00+00:00,2025-12-22 04:35:00+00:00,sell,False,pnl_block,pnl_block,,,False,0.6076040864,0.41829004883766174,0.56,0.45,prob_floor,"prob_floor,trailing_prob_drop",-0.018047999999999592,-0.019829352631527464,8.901753000000001,0.41829004883766174,,0.0011256564048370706,,89017.53,88837.05,-0.019829352631527464,15.0
SOL/USDT,xgb_primary,conservative,1m,2025-12-22 04:35:00+00:00,2025-12-22 04:31:00+00:00,2025-12-22 04:35:00+00:00,sell,False,min_hold,min_hold,,,False,0.6076040864,0.4742901027202606,0.48,0.44,trailing_prob_drop,trailing_prob_drop,0.0007000000000003582,-0.001765736762455904,8.8291,0.4742901027202606,1.5871756209821457,0.7927385152011664,,126.13,126.14,-0.001765736762455904,4.0
SOL/USDT,xgb_primary,conservative,1m,2025-12-22 04:36:00+00:00,2025-12-22 04:31:00+00:00,2025-12-22 04:36:00+00:00,sell,False,dry_run,dry_run,,,True,0.6076040864,0.4742901027202606,0.48,0.44,prob_trailing,trailing_prob_drop,0.004200000000000159,0.0024341800000001594,8.8291,0.4742901027202606,8.720469319803348,0.7924244225211076,8.833300000000001,126.13,126.19,0.0024341800000001594,5.0
ETH/USDT,xgb_primary,primary,1m,2025-12-22 04:36:00+00:00,2025-12-22 04:30:00+00:00,2025-12-22 04:36:00+00:00,sell,False,pnl_block,pnl_block,,,False,0.6076040864,0.565682053565979,0.48,0.43,gate_close,gate_close,-0.006239999999999782,-0.009940364477580451,18.201719999999998,0.565682053565979,11.545591893015246,0.03297516805041995,,3033.62,3032.58,-0.009940364477580451,6.0
BTC/USDT,xgb_primary,conservative,1m,2025-12-22 04:36:00+00:00,2025-12-22 04:20:00+00:00,2025-12-22 04:36:00+00:00,sell,False,pnl_block,pnl_block,,,False,0.6076040864,0.41829004883766174,0.56,0.45,prob_floor,"prob_floor,trailing_prob_drop",-0.014636000000000059,-0.016417352246821466,8.901753000000001,0.41829004883766174,3.315084613989213,0.0011252242355028288,,89017.53,88871.17,-0.016417352246821466,16.0
SOL/USDT,xgb_primary,conservative,1m,2025-12-22 04:37:00+00:00,,2025-12-22 04:37:00+00:00,buy,True,cooldown_after_exit,cooldown_after_exit,cooldown_after_exit,,False,0.5002435445785522,0.5002435445785522,,0.48,cooldown_after_exit,,,,,0.5002435445785522,,,10.0,,126.29,0.0,
BTC/USDT,xgb_primary,conservative,1m,2025-12-22 04:38:00+00:00,2025-12-22 04:20:00+00:00,2025-12-22 04:38:00+00:00,sell,False,pnl_block,pnl_block,,,False,0.6076040864,0.41829004883766174,0.56,0.45,prob_floor,"prob_floor,trailing_prob_drop",-0.006438000000000466,-0.008219351323696921,8.901753000000001,0.41829004883766174,,0.0011241872207133324,,89017.53,88953.15,-0.008219351323696921,18.0
BTC/USDT,xgb_primary,conservative,1m,2025-12-22 04:39:00+00:00,2025-12-22 04:20:00+00:00,2025-12-22 04:39:00+00:00,sell,False,pnl_block,pnl_block,,,False,0.6076040864,0.4742901027202606,0.56,0.45,trailing_prob_drop,trailing_prob_drop,-0.009636999999999535,-0.011418351683711758,8.901753000000001,0.4742901027202606,2.0010922816075234,0.0011245916531526898,,89017.53,88921.16,-0.011418351683711758,19.0
BTC/USDT,xgb_primary,conservative,1m,2025-12-22 04:40:00+00:00,2025-12-22 04:20:00+00:00,2025-12-22 04:40:00+00:00,sell,False,pnl_block,pnl_block,,,False,0.6076040864,0.4742901027202606,0.56,0.45,trailing_prob_drop,trailing_prob_drop,-0.004114999999999418,-0.005896351062424964,8.901753000000001,0.4742901027202606,3.4030145355722707,0.0011238937157046006,,89017.53,88976.38,-0.005896351062424964,20.0
SOL/USDT,xgb_primary,conservative,1m,2025-12-22 04:40:00+00:00,,2025-12-22 04:40:00+00:00,buy,True,dry_run,dry_run,,exchange_qty_step,True,0.565682053565979,0.565682053565979,,0.48,dry_run,,,,,0.565682053565979,0.7927385152011664,,8.8305,,126.15,0.0,
SOL/USDT,xgb_primary,conservative,1m,2025-12-22 04:41:00+00:00,2025-12-22 04:40:00+00:00,2025-12-22 04:41:00+00:00,sell,True,min_hold,min_hold,,,False,0.5656820536,0.5002435445785522,0.48,0.44,take_profit,take_profit,0.013999999999999206,0.01153503568912868,8.8305,0.5002435445785522,,0.7914209963994394,,126.15,126.35,0.01153503568912868,1.0
BTC/USDT,xgb_primary,conservative,1m,2025-12-22 04:41:00+00:00,2025-12-22 04:20:00+00:00,2025-12-22 04:41:00+00:00,sell,False,pnl_block,pnl_block,,,False,0.6076040864,0.5002435445785522,0.56,0.45,trailing_prob_drop,trailing_prob_drop,-0.0030929999999993016,-0.004874350947522992,8.901753000000001,0.5002435445785522,6.206141450124309,0.0011237646379206523,,89017.53,88986.6,-0.004874350947522992,21.0
ETH/USDT,xgb_primary,primary,1m,2025-12-22 04:42:00+00:00,2025-12-22 04:30:00+00:00,2025-12-22 04:42:00+00:00,sell,True,dry_run,dry_run,,,True,0.6076040864,0.6076040863990784,0.48,0.43,take_profit,take_profit,0.038520000000000436,0.03487965600000044,18.201719999999998,0.6076040863990784,0.032894249921360634,0.032894249921360634,18.24024,3033.62,3040.04,0.03487965600000044,12.0
SOL/USDT,xgb_primary,conservative,1m,2025-12-22 04:42:00+00:00,2025-12-22 04:40:00+00:00,2025-12-22 04:42:00+00:00,sell,True,min_hold,min_hold,,,False,0.5656820536,0.565682053565979,0.48,0.44,take_profit,take_profit,0.012599999999999483,0.010134925052439066,8.8305,0.565682053565979,2.374356944994154,0.7915462856694594,,126.15,126.33,0.010134925052439066,2.0
ETH/USDT,xgb_primary,primary,1m,2025-12-22 04:43:00+00:00,,2025-12-22 04:43:00+00:00,buy,True,cooldown_after_exit,cooldown_after_exit,cooldown_after_exit,,False,0.6076040863990784,0.6076040863990784,,0.48,cooldown_after_exit,,,,,0.6076040863990784,,,20.0,,3037.5,0.0,
SOL/USDT,xgb_primary,conservative,1m,2025-12-22 04:43:00+00:00,2025-12-22 04:40:00+00:00,2025-12-22 04:43:00+00:00,sell,False,min_hold,min_hold,,,False,0.5656820536,0.41829004883766174,0.48,0.44,take_profit,"take_profit,prob_floor,trailing_prob_drop",0.011899999999999127,0.009434869720956616,8.8305,0.41829004883766174,5.540604717429744,0.7916089451814856,,126.15,126.32,0.009434869720956616,3.0
BTC/USDT,xgb_primary,conservative,1m,2025-12-22 04:43:00+00:00,2025-12-22 04:20:00+00:00,2025-12-22 04:43:00+00:00,sell,False,pnl_block,pnl_block,,,False,0.6076040864,0.5002435445785522,0.56,0.45,trailing_prob_drop,trailing_prob_drop,-0.0017529999999998838,-0.0035343507969094615,8.901753000000001,0.5002435445785522,2.7554215053220004,0.0011235954419060213,,89017.53,89000.0,-0.0035343507969094615,23.0
SOL/USDT,xgb_primary,conservative,1m,2025-12-22 04:44:00+00:00,2025-12-22 04:40:00+00:00,2025-12-22 04:44:00+00:00,sell,True,min_hold,min_hold,,,False,0.5656820536,0.5002435445785522,0.48,0.44,take_profit,take_profit,0.010499999999999404,0.008034759031708005,8.8305,0.5002435445785522,,0.7917342939713483,,126.15,126.3,0.008034759031708005,4.0
ETH/USDT,xgb_primary,primary,1m,2025-12-22 04:45:00+00:00,,2025-12-22 04:45:00+00:00,buy,True,dry_run,dry_run,,exchange_qty_step,True,0.565682053565979,0.565682053565979,,0.48,dry_run,,,,,0.565682053565979,0.03292013082382144,,18.22596,,3037.66,0.0,
SOL/USDT,xgb_primary,conservative,1m,2025-12-22 04:48:00+00:00,2025-12-22 04:40:00+00:00,2025-12-22 04:48:00+00:00,sell,False,dry_run,dry_run,,,True,0.5656820536,0.565682053565979,0.48,0.44,take_profit,"take_profit,gate_close",0.03289999999999992,0.031133899999999923,8.8305,0.565682053565979,7.9189103579342985,0.7897334649548593,8.8634,126.15,126.62,0.031133899999999923,8.0
SOL/USDT,xgb_primary,conservative,1m,2025-12-22 04:50:00+00:00,,2025-12-22 04:50:00+00:00,buy,True,dry_run,dry_run,,exchange_qty_step,True,0.6115108132362366,0.6115108132362366,,0.48,dry_run,,,,,0.6115108132362366,0.7892971309053329,,8.869000000000002,,126.7,0.0,
ETH/USDT,xgb_primary,primary,1m,2025-12-22 04:51:00+00:00,2025-12-22 04:45:00+00:00,2025-12-22 04:51:00+00:00,sell,True,dry_run,dry_run,,,True,0.5656820536,0.6076040863990784,0.48,0.43,take_profit,take_profit,0.021,0.017354808,18.22596,0.6076040863990784,0.03288213562966257,0.03288213562966257,18.246959999999998,3037.66,3041.16,0.017354808,6.0
SOL/USDT,xgb_primary,conservative,1m,2025-12-22 04:51:00+00:00,2025-12-22 04:50:00+00:00,2025-12-22 04:51:00+00:00,sell,False,min_hold,min_hold,,,False,0.6115108132,0.6115108132362366,0.48,0.44,gate_close,gate_close,0.0013999999999997216,-0.0010736619057019586,8.869000000000002,0.6115108132362366,7.105076182206,0.7891102781617768,,126.7,126.72,-0.0010736619057019586,1.0
BTC/USDT,xgb_primary,conservative,1m,2025-12-22 04:51:00+00:00,2025-12-22 04:20:00+00:00,2025-12-22 04:51:00+00:00,sell,False,pnl_block,pnl_block,,,False,0.6076040864,0.5878524780273438,0.56,0.45,gate_close,gate_close,0.0007470000000001165,-0.0010343505160341862,8.901753000000001,0.5878524780273438,4.460549801234469,0.0011232799138580572,,89017.53,89025.0,-0.0010343505160341862,31.0
BTC/USDT,xgb_primary,conservative,1m,2025-12-22 04:52:00+00:00,2025-12-22 04:20:00+00:00,2025-12-22 04:52:00+00:00,sell,False,pnl_block,pnl_block,,,False,0.6076040864,0.5878524780273438,0.56,0.45,gate_close,gate_close,-0.002783999999999651,-0.004565350912788153,8.901753000000001,0.5878524780273438,4.47290036810919,0.0011237256173044878,,89017.53,88989.69,-0.004565350912788153,32.0
SOL/USDT,xgb_primary,conservative,1m,2025-12-22 04:52:00+00:00,2025-12-22 04:50:00+00:00,2025-12-22 04:52:00+00:00,sell,False,min_hold,min_hold,,,False,0.6115108132,0.6115108132362366,0.48,0.44,gate_close,gate_close,-0.0007000000000003582,-0.003173827625400299,8.869000000000002,0.6115108132362366,7.8914141414136925,0.7892971309053329,,126.7,126.69,-0.003173827625400299,2.0
ETH/USDT,xgb_primary,primary,1m,2025-12-22 04:52:00+00:00,,2025-12-22 04:52:00+00:00,buy,True,cooldown_after_exit,cooldown_after_exit,cooldown_after_exit,,False,0.6076040863990784,0.6076040863990784,,0.48,cooldown_after_exit,,,,,0.6076040863990784,,,20.0,,3042.17,0.0,
ETH/USDT,xgb_primary,primary,1m,2025-12-22 04:53:00+00:00,,2025-12-22 04:53:00+00:00,buy,True,dry_run,dry_run,,exchange_qty_step,True,0.6076040863990784,0.6076040863990784,,0.48,dry_run,,,,,0.6076040863990784,0.032880513857388265,,18.24792,,3041.32,0.0,
SOL/USDT,xgb_primary,conservative,1m,2025-12-22 04:54:00+00:00,2025-12-22 04:50:00+00:00,2025-12-22 04:54:00+00:00,sell,False,min_hold,min_hold,,,False,0.6115108132,0.5878524780273438,0.48,0.44,gate_close,gate_close,-0.007000000000000598,-0.009474325255717555,8.869000000000002,0.5878524780273438,9.480170643070812,0.7898582204498334,,126.7,126.6,-0.009474325255717555,4.0
BTC/USDT,xgb_primary,conservative,1m,2025-12-22 04:54:00+00:00,2025-12-22 04:20:00+00:00,2025-12-22 04:54:00+00:00,sell,False,pnl_block,pnl_block,,,False,0.6076040864,0.5002435445785522,0.56,0.45,trailing_prob_drop,trailing_prob_drop,-0.00380399999999936,-0.00558535102745687,8.901753000000001,0.5002435445785522,3.009665431519922,0.0011238544335142957,,89017.53,88979.49,-0.00558535102745687,34.0
BTC/USDT,xgb_primary,conservative,1m,2025-12-22 04:55:00+00:00,2025-12-22 04:20:00+00:00,2025-12-22 04:55:00+00:00,sell,False,pnl_block,pnl_block,,,False,0.6076040864,0.5002435445785522,0.56,0.45,trailing_prob_drop,trailing_prob_drop,-0.011545999999999185,-0.01332735189867476,8.901753000000001,0.5002435445785522,5.451818166185799,0.0011248331374449144,,89017.53,88902.07,-0.01332735189867476,35.0
BTC/USDT,xgb_primary,conservative,1m,2025-12-22 04:56:00+00:00,2025-12-22 04:20:00+00:00,2025-12-22 04:56:00+00:00,sell,False,pnl_block,pnl_block,,,False,0.6076040864,0.41829004883766174,0.56,0.45,prob_floor,"prob_floor,trailing_prob_drop",-0.015752999999999885,-0.017534352372731647,8.901753000000001,0.41829004883766174,8.709582497956518,0.0011253656799548133,,89017.53,88860.0,-0.017534352372731647,36.0
SOL/USDT,xgb_primary,conservative,1m,2025-12-22 04:57:00+00:00,2025-12-22 04:50:00+00:00,2025-12-22 04:57:00+00:00,sell,False,pnl_block,pnl_block,,,False,0.6115108132,0.565682053565979,0.48,0.44,gate_close,gate_close,-0.013299999999999841,-0.015774823594039436,8.869000000000002,0.565682053565979,7.116874901154785,0.790420108286836,,126.7,126.51,-0.015774823594039436,7.0
BTC/USDT,xgb_primary,conservative,1m,2025-12-22 04:57:00+00:00,2025-12-22 04:20:00+00:00,2025-12-22 04:57:00+00:00,sell,False,pnl_block,pnl_block,,,False,0.6076040864,0.41829004883766174,0.56,0.45,prob_floor,"prob_floor,trailing_prob_drop",-0.012700999999999477,-0.014482352028778903,8.901753000000001,0.41829004883766174,4.734413151653594,0.0011249792927605401,,89017.53,88890.52,-0.014482352028778903,37.0
ETH/USDT,xgb_primary,primary,1m,2025-12-22 04:58:00+00:00,2025-12-22 04:53:00+00:00,2025-12-22 04:58:00+00:00,sell,False,min_hold,min_hold,,,False,0.6076040864,0.4742901027202606,0.48,0.43,trailing_prob_drop,trailing_prob_drop,-0.022680000000001203,-0.026389658566799055,18.24792,0.4742901027202606,,0.032921322977003724,,3041.32,3037.54,-0.026389658566799055,5.0
BTC/USDT,xgb_primary,conservative,1m,2025-12-22 04:58:00+00:00,2025-12-22 04:20:00+00:00,2025-12-22 04:58:00+00:00,sell,False,pnl_block,pnl_block,,,False,0.6076040864,0.41829004883766174,0.56,0.45,prob_floor,"prob_floor,trailing_prob_drop",-0.01125399999999936,-0.013035351865788233,8.901753000000001,0.41829004883766174,3.4323120170755343,0.001124796193370385,,89017.53,88904.99,-0.013035351865788233,38.0
BTC/USDT,xgb_primary,conservative,1m,2025-12-22 04:59:00+00:00,2025-12-22 04:20:00+00:00,2025-12-22 04:59:00+00:00,sell,False,pnl_block,pnl_block,,,False,0.6076040864,0.41829004883766174,0.56,0.45,prob_floor,"prob_floor,trailing_prob_drop",-0.008608999999999652,-0.010390351567991944,8.901753000000001,0.41829004883766174,3.4283786063771355,0.0011244616563647774,,89017.53,88931.44,-0.010390351567991944,39.0
BTC/USDT,xgb_primary,conservative,1m,2025-12-22 05:00:00+00:00,2025-12-22 04:20:00+00:00,2025-12-22 05:00:00+00:00,sell,False,pnl_block,pnl_block,,,False,0.6076040864,0.4742901027202606,0.56,0.45,trailing_prob_drop,trailing_prob_drop,-0.010517999999999302,-0.012299351782905248,8.901753000000001,0.4742901027202606,2.9753253770170005,0.0011247030848256477,,89017.53,88912.35,-0.012299351782905248,40.0
BTC/USDT,xgb_primary,conservative,1m,2025-12-22 05:01:00+00:00,2025-12-22 04:20:00+00:00,2025-12-22 05:01:00+00:00,sell,False,pnl_block,pnl_block,,,False,0.6076040864,0.4742901027202606,0.56,0.45,trailing_prob_drop,trailing_prob_drop,-0.012277000000000407,-0.014058351981016296,8.901753000000001,0.4742901027202606,3.3302460231903197,0.0011249256364323846,,89017.53,88894.76,-0.014058351981016296,41.0
BTC/USDT,xgb_primary,conservative,1m,2025-12-22 05:02:00+00:00,2025-12-22 04:20:00+00:00,2025-12-22 05:02:00+00:00,sell,False,pnl_block,pnl_block,,,False,0.6076040864,0.4742901027202606,0.56,0.45,trailing_prob_drop,trailing_prob_drop,-0.015355000000000292,-0.017136352327866568,8.901753000000001,0.4742901027202606,1.9798692296380374,0.0011253152792228736,,89017.53,88863.98,-0.017136352327866568,42.0
BTC/USDT,xgb_primary,conservative,1m,2025-12-22 05:03:00+00:00,2025-12-22 04:20:00+00:00,2025-12-22 05:03:00+00:00,sell,False,pnl_block,pnl_block,,,False,0.6076040864,0.41829004883766174,0.56,0.45,prob_floor,"prob_floor,trailing_prob_drop",-0.013970999999999185,-0.01575235217187556,8.901753000000001,0.41829004883766174,2.6701611683637863,0.001125140044185522,,89017.53,88877.82,-0.01575235217187556,43.0
SOL/USDT,xgb_primary,conservative,1m,2025-12-22 05:04:00+00:00,2025-12-22 04:50:00+00:00,2025-12-22 05:04:00+00:00,sell,False,pnl_block,pnl_block,,,False,0.6115108132,0.4742901027202606,0.48,0.44,trailing_prob_drop,trailing_prob_drop,-0.008400000000000319,-0.010874435936328046,8.869000000000002,0.4742901027202606,,0.7899830153655738,,126.7,126.58,-0.010874435936328046,14.0
BTC/USDT,xgb_primary,conservative,1m,2025-12-22 05:04:00+00:00,2025-12-22 04:20:00+00:00,2025-12-22 05:04:00+00:00,sell,False,pnl_block,pnl_block,,,False,0.6076040864,0.41829004883766174,0.56,0.45,prob_floor,"prob_floor,trailing_prob_drop",-0.007533999999999651,-0.00931535144700993,8.901753000000001,0.41829004883766174,1.5571939095728335,0.0011243257482864359,,89017.53,88942.19,-0.00931535144700993,44.0
ETH/USDT,xgb_primary,primary,1m,2025-12-22 05:05:00+00:00,2025-12-22 04:53:00+00:00,2025-12-22 05:05:00+00:00,sell,False,pnl_block,pnl_block,,,False,0.6076040864,0.4742901027202606,0.48,0.43,trailing_prob_drop,trailing_prob_drop,-0.01638000000000011,-0.020089637807761816,18.24792,0.4742901027202606,,0.032909946866112566,,3041.32,3038.59,-0.020089637807761816,12.0
SOL/USDT,xgb_primary,conservative,1m,2025-12-22 05:05:00+00:00,2025-12-22 04:50:00+00:00,2025-12-22 05:05:00+00:00,sell,False,pnl_block,pnl_block,,,False,0.6115108132,0.4742901027202606,0.48,0.44,trailing_prob_drop,trailing_prob_drop,-0.0013999999999997216,-0.003873882882739741,8.869000000000002,0.4742901027202606,,0.7893594348179267,,126.7,126.68,-0.003873882882739741,15.0
BTC/USDT,xgb_primary,conservative,1m,2025-12-22 05:05:00+00:00,2025-12-22 04:20:00+00:00,2025-12-22 05:05:00+00:00,sell,False,pnl_block,pnl_block,,,False,0.6076040864,0.41829004883766174,0.56,0.45,prob_floor,"prob_floor,trailing_prob_drop",-0.0036029999999998836,-0.005384351004858774,8.901753000000001,0.41829004883766174,7.237285252363962,0.0011238290468071213,,89017.53,88981.5,-0.005384351004858774,45.0
ETH/USDT,xgb_primary,primary,1m,2025-12-22 05:06:00+00:00,2025-12-22 04:53:00+00:00,2025-12-22 05:06:00+00:00,sell,False,pnl_block,pnl_block,,,False,0.6076040864,0.4742901027202606,0.48,0.43,trailing_prob_drop,trailing_prob_drop,-0.003600000000002183,-0.007309595740624562,18.24792,0.4742901027202606,,0.032886893751385864,,3041.32,3040.72,-0.007309595740624562,13.0
SOL/USDT,xgb_primary,conservative,1m,2025-12-22 05:06:00+00:00,2025-12-22 04:50:00+00:00,2025-12-22 05:06:00+00:00,sell,False,pnl_block,pnl_block,,,False,0.6115108132,0.5002435445785522,0.48,0.44,gate_close,"gate_close,trailing_prob_drop",-0.008400000000000319,-0.010874435936328046,8.869000000000002,0.5002435445785522,7.893905904642289,0.7899830153655738,,126.7,126.58,-0.010874435936328046,16.0
BTC/USDT,xgb_primary,conservative,1m,2025-12-22 05:06:00+00:00,2025-12-22 04:20:00+00:00,2025-12-22 05:06:00+00:00,sell,False,pnl_block,pnl_block,,,False,0.6076040864,0.4742901027202606,0.56,0.45,trailing_prob_drop,trailing_prob_drop,-0.007300999999999476,-0.009082351420791463,8.901753000000001,0.4742901027202606,4.418895566055514,0.001124296295332547,,89017.53,88944.52,-0.009082351420791463,46.0
SOL/USDT,xgb_primary,conservative,1m,2025-12-22 05:07:00+00:00,2025-12-22 04:50:00+00:00,2025-12-22 05:07:00+00:00,sell,True,pnl_block,pnl_block,,,False,0.6115108132,0.5002435445785522,0.48,0.44,trailing_prob_drop,trailing_prob_drop,-0.0013999999999997216,-0.003873882882739741,8.869000000000002,0.5002435445785522,,0.7893594348179267,,126.7,126.68,-0.003873882882739741,17.0
BTC/USDT,xgb_primary,conservative,1m,2025-12-22 05:07:00+00:00,2025-12-22 04:20:00+00:00,2025-12-22 05:07:00+00:00,sell,False,pnl_block,pnl_block,,,False,0.6076040864,0.41829004883766174,0.56,0.45,prob_floor,"prob_floor,trailing_prob_drop",-0.00517899999999936,-0.006960351182076803,8.901753000000001,0.41829004883766174,6.236471202894789,0.0011240281295639475,,89017.53,88965.74,-0.006960351182076803,47.0
ETH/USDT,xgb_primary,primary,1m,2025-12-22 05:08:00+00:00,2025-12-22 04:53:00+00:00,2025-12-22 05:08:00+00:00,sell,False,pnl_block,pnl_block,,,False,0.6076040864,0.4742901027202606,0.48,0.43,trailing_prob_drop,trailing_prob_drop,-0.007619999999999891,-0.011329608966652034,18.24792,0.4742901027202606,,0.03289414171705292,,3041.32,3040.05,-0.011329608966652034,15.0
SOL/USDT,xgb_primary,conservative,1m,2025-12-22 05:08:00+00:00,2025-12-22 04:50:00+00:00,2025-12-22 05:08:00+00:00,sell,True,pnl_block,pnl_block,,,False,0.6115108132,0.5002435445785522,0.48,0.44,trailing_prob_drop,trailing_prob_drop,-0.01610000000000028,-0.018575045305396963,8.869000000000002,0.5002435445785522,0.7893905904645655,0.7906700929041404,,126.7,126.47,-0.018575045305396963,18.0
BTC/USDT,xgb_primary,conservative,1m,2025-12-22 05:08:00+00:00,2025-12-22 04:20:00+00:00,2025-12-22 05:08:00+00:00,sell,False,pnl_block,pnl_block,,,False,0.6076040864,0.4742901027202606,0.56,0.45,trailing_prob_drop,trailing_prob_drop,-0.012677999999999884,-0.014459352026188168,8.901753000000001,0.4742901027202606,2.3863118544279995,0.001124976381937729,,89017.53,88890.75,-0.014459352026188168,48.0
SOL/USDT,xgb_primary,conservative,1m,2025-12-22 05:09:00+00:00,2025-12-22 04:50:00+00:00,2025-12-22 05:09:00+00:00,sell,False,pnl_block,pnl_block,,,False,0.6115108132,0.4742901027202606,0.48,0.44,trailing_prob_drop,trailing_prob_drop,-0.0175,-0.019975156213672213,8.869000000000002,0.4742901027202606,5.533159434036296,0.7907951445170934,,126.7,126.45,-0.019975156213672213,19.0
SOL/USDT,xgb_primary,conservative,1m,2025-12-22 05:10:00+00:00,2025-12-22 04:50:00+00:00,2025-12-22 05:10:00+00:00,sell,False,pnl_block,pnl_block,,,False,0.6115108132,0.41829004883766174,0.48,0.44,prob_floor,"prob_floor,trailing_prob_drop",-0.016800000000000637,-0.019275100755150643,8.869000000000002,0.41829004883766174,7.117437722420198,0.7907326137670593,,126.7,126.46,-0.019275100755150643,20.0
BTC/USDT,xgb_primary,conservative,1m,2025-12-22 05:10:00+00:00,2025-12-22 04:20:00+00:00,2025-12-22 05:10:00+00:00,sell,False,pnl_block,pnl_block,,,False,0.6076040864,0.41829004883766174,0.56,0.45,prob_floor,"prob_floor,trailing_prob_drop",-0.016830999999999766,-0.018612352494275754,8.901753000000001,0.41829004883766174,,0.0011255022196042014,,89017.53,88849.22,-0.018612352494275754,50.0
ETH/USDT,xgb_primary,primary,1m,2025-12-22 05:10:00+00:00,2025-12-22 04:53:00+00:00,2025-12-22 05:10:00+00:00,sell,False,pnl_block,pnl_block,,,False,0.6076040864,0.41829004883766174,0.48,0.43,prob_floor,"prob_floor,trailing_prob_drop",-0.045780000000000654,-0.04948973480619432,18.24792,0.41829004883766174,,0.03296310275015627,,3041.32,3033.69,-0.04948973480619432,17.0
ETH/USDT,xgb_primary,primary,1m,2025-12-22 05:11:00+00:00,2025-12-22 04:53:00+00:00,2025-12-22 05:11:00+00:00,sell,False,pnl_block,pnl_block,,,False,0.6076040864,0.41829004883766174,0.48,0.43,prob_floor,"prob_floor,trailing_prob_drop",-0.034920000000000985,-0.03862969893969108,18.24792,0.41829004883766174,,0.03294344763134397,,3041.32,3035.5,-0.03862969893969108,18.0
SOL/USDT,xgb_primary,conservative,1m,2025-12-22 05:11:00+00:00,2025-12-22 04:50:00+00:00,2025-12-22 05:11:00+00:00,sell,False,pnl_block,pnl_block,,,False,0.6115108132,0.4742901027202606,0.48,0.44,trailing_prob_drop,trailing_prob_drop,-0.011199999999999762,-0.013674657402504162,8.869000000000002,0.4742901027202606,,0.790232723536363,,126.7,126.54,-0.013674657402504162,21.0
BTC/USDT,xgb_primary,conservative,1m,2025-12-22 05:11:00+00:00,2025-12-22 04:20:00+00:00,2025-12-22 05:11:00+00:00,sell,False,pnl_block,pnl_block,,,False,0.6076040864,0.4742901027202606,0.56,0.45,trailing_prob_drop,trailing_prob_drop,-0.012856999999999244,-0.014638352046353732,8.901753000000001,0.4742901027202606,1.8218560155347634,0.0011249990361302227,,89017.53,88888.96,-0.014638352046353732,51.0
SOL/USDT,xgb_primary,conservative,1m,2025-12-22 05:12:00+00:00,2025-12-22 04:50:00+00:00,2025-12-22 05:12:00+00:00,sell,False,pnl_block,pnl_block,,,False,0.6115108132,0.5002435445785522,0.48,0.44,gate_close,"gate_close,trailing_prob_drop",-0.019600000000000083,-0.022075322641882982,8.869000000000002,0.5002435445785522,5.53184763711138,0.7909827961245889,,126.7,126.42,-0.022075322641882982,22.0
BTC/USDT,xgb_primary,conservative,1m,2025-12-22 05:12:00+00:00,2025-12-22 04:20:00+00:00,2025-12-22 05:12:00+00:00,sell,False,pnl_block,pnl_block,,,False,0.6076040864,0.5002435445785522,0.56,0.45,trailing_prob_drop,trailing_prob_drop,-0.018588000000000465,-0.020369352692442434,8.901753000000001,0.5002435445785522,2.648247583474997,0.0011257248341611135,,89017.53,88831.65,-0.020369352692442434,52.0
SOL/USDT,xgb_primary,conservative,1m,2025-12-22 05:13:00+00:00,2025-12-22 04:50:00+00:00,2025-12-22 05:13:00+00:00,sell,False,pnl_block,pnl_block,,,False,0.6115108132,0.41829004883766174,0.48,0.44,prob_floor,"prob_floor,trailing_prob_drop",-0.018200000000000358,-0.020675211680968728,8.869000000000002,0.41829004883766174,10.283183040657763,0.7908576851599601,,126.7,126.44,-0.020675211680968728,23.0
BTC/USDT,xgb_primary,conservative,1m,2025-12-22 05:13:00+00:00,2025-12-22 04:20:00+00:00,2025-12-22 05:13:00+00:00,sell,False,pnl_block,pnl_block,,,False,0.6076040864,0.41829004883766174,0.56,0.45,prob_floor,"prob_floor,trailing_prob_drop",-0.018580999999999768,-0.020362352691650622,8.901753000000001,0.41829004883766174,7.6279110398246255,0.001125723945444188,,89017.53,88831.72,-0.020362352691650622,53.0
SOL/USDT,xgb_primary,conservative,1m,2025-12-22 05:14:00+00:00,2025-12-22 04:50:00+00:00,2025-12-22 05:14:00+00:00,sell,False,pnl_block,pnl_block,,,False,0.6115108132,0.4742901027202606,0.48,0.44,trailing_prob_drop,trailing_prob_drop,-0.015399999999999922,-0.017874989864410086,8.869000000000002,0.4742901027202606,,0.7906075819259917,,126.7,126.48,-0.017874989864410086,24.0
BTC/USDT,xgb_primary,conservative,1m,2025-12-22 05:14:00+00:00,2025-12-22 04:20:00+00:00,2025-12-22 05:14:00+00:00,sell,False,pnl_block,pnl_block,,,False,0.6076040864,0.41829004883766174,0.56,0.45,prob_floor,"prob_floor,trailing_prob_drop",-0.016411000000000057,-0.018192352446917644,8.901753000000001,0.41829004883766174,0.8295904209670362,0.0011254490183987068,,89017.53,88853.42,-0.018192352446917644,54.0
ETH/USDT,xgb_primary,primary,1m,2025-12-22 05:15:00+00:00,2025-12-22 04:53:00+00:00,2025-12-22 05:15:00+00:00,sell,False,pnl_block,pnl_block,,,False,0.6076040864,0.41829004883766174,0.48,0.43,prob_floor,"prob_floor,trailing_prob_drop",-0.032580000000001746,-0.036289691217149894,18.24792,0.41829004883766174,,0.032939215619177474,,3041.32,3035.89,-0.036289691217149894,22.0
SOL/USDT,xgb_primary,conservative,1m,2025-12-22 05:15:00+00:00,2025-12-22 04:50:00+00:00,2025-12-22 05:15:00+00:00,sell,False,pnl_block,pnl_block,,,False,0.6115108132,0.4742901027202606,0.48,0.44,trailing_prob_drop,trailing_prob_drop,-0.018200000000000358,-0.020675211680968728,8.869000000000002,0.4742901027202606,0.7906388361789141,0.7908576851599601,,126.7,126.44,-0.020675211680968728,25.0
BTC/USDT,xgb_primary,conservative,1m,2025-12-22 05:15:00+00:00,2025-12-22 04:20:00+00:00,2025-12-22 05:15:00+00:00,sell,False,pnl_block,pnl_block,,,False,0.6076040864,0.41829004883766174,0.56,0.45,prob_floor,"prob_floor,trailing_prob_drop",-0.016895999999999186,-0.01867735250160485,8.901753000000001,0.41829004883766174,0.8847464644192435,0.0011255104535735445,,89017.53,88848.57,-0.01867735250160485,55.0
BTC/USDT,xgb_primary,conservative,1m,2025-12-22 05:16:00+00:00,2025-12-22 04:20:00+00:00,2025-12-22 05:16:00+00:00,sell,False,pnl_block,pnl_block,,,False,0.6076040864,0.4742901027202606,0.56,0.45,trailing_prob_drop,trailing_prob_drop,-0.014336000000000059,-0.016117352213010288,8.901753000000001,0.4742901027202606,0.7416160252077997,0.0011251862528975725,,89017.53,88874.17,-0.016117352213010288,56.0
SOL/USDT,xgb_primary,conservative,1m,2025-12-22 05:16:00+00:00,2025-12-22 04:50:00+00:00,2025-12-22 05:16:00+00:00,sell,False,pnl_block,pnl_block,,,False,0.6115108132,0.41829004883766174,0.48,0.44,prob_floor,"prob_floor,trailing_prob_drop",-0.016800000000000637,-0.019275100755150643,8.869000000000002,0.41829004883766174,4.744958481613466,0.7907326137670593,,126.7,126.46,-0.019275100755150643,26.0
ETH/USDT,xgb_primary,primary,1m,2025-12-22 05:16:00+00:00,2025-12-22 04:53:00+00:00,2025-12-22 05:16:00+00:00,sell,False,pnl_block,pnl_block,,,False,0.6076040864,0.4742901027202606,0.48,0.43,trailing_prob_drop,trailing_prob_drop,-0.038460000000001854,-0.0421697106262843,18.24792,0.4742901027202606,,0.03294985197350924,,3041.32,3034.91,-0.0421697106262843,23.0
SOL/USDT,xgb_primary,conservative,1m,2025-12-22 05:17:00+00:00,2025-12-22 04:50:00+00:00,2025-12-22 05:17:00+00:00,sell,False,pnl_block,pnl_block,,,False,0.6115108132,0.4742901027202606,0.48,0.44,trailing_prob_drop,trailing_prob_drop,-0.014700000000000558,-0.017174934432191914,8.869000000000002,0.4742901027202606,3.9516320240256984,0.790545080833639,,126.7,126.49,-0.017174934432191914,27.0
BTC/USDT,xgb_primary,conservative,1m,2025-12-22 05:17:00+00:00,2025-12-22 04:20:00+00:00,2025-12-22 05:17:00+00:00,sell,False,pnl_block,pnl_block,,,False,0.6076040864,0.4742901027202606,0.56,0.45,trailing_prob_drop,trailing_prob_drop,-0.015380000000000291,-0.017161352330684724,8.901753000000001,0.4742901027202606,5.094840071068305,0.0011253184450679713,,89017.53,88863.73,-0.017161352330684724,57.0
ETH/USDT,xgb_primary,primary,1m,2025-12-22 05:18:00+00:00,2025-12-22 04:53:00+00:00,2025-12-22 05:18:00+00:00,sell,False,pnl_block,pnl_block,,,False,0.6076040864,0.4742901027202606,0.48,0.43,trailing_prob_drop,trailing_prob_drop,-0.046200000000001636,-0.0499097361941601,18.24792,0.4742901027202606,,0.032963863365505885,,3041.32,3033.62,-0.0499097361941601,25.0
SOL/USDT,xgb_primary,conservative,1m,2025-12-22 05:18:00+00:00,2025-12-22 04:50:00+00:00,2025-12-22 05:18:00+00:00,sell,True,pnl_block,pnl_block,,,False,0.6115108132,0.5002435445785522,0.48,0.44,trailing_prob_drop,trailing_prob_drop,-0.012600000000000479,-0.015074768188105955,8.869000000000002,0.5002435445785522,,0.7903576368310702,,126.7,126.52,-0.015074768188105955,28.0
BTC/USDT,xgb_primary,conservative,1m,2025-12-22 05:18:00+00:00,2025-12-22 04:20:00+00:00,2025-12-22 05:18:00+00:00,sell,False,pnl_block,pnl_block,,,False,0.6076040864,0.5002435445785522,0.56,0.45,trailing_prob_drop,trailing_prob_drop,-0.016558000000000177,-0.018339352463494153,8.901753000000001,0.5002435445785522,1.175957840166859,0.0011254676398862835,,89017.53,88851.95,-0.018339352463494153,58.0
ETH/USDT,xgb_primary,primary,1m,2025-12-22 05:19:00+00:00,2025-12-22 04:53:00+00:00,2025-12-22 05:19:00+00:00,sell,False,pnl_block,pnl_block,,,False,0.6076040864,0.41829004883766174,0.48,0.43,prob_floor,"prob_floor,trailing_prob_drop",-0.049739999999999784,-0.05344974789523861,18.24792,0.41829004883766174,,0.03297027564720992,,3041.32,3033.03,-0.05344974789523861,26.0
SOL/USDT,xgb_primary,conservative,1m,2025-12-22 05:19:00+00:00,2025-12-22 04:50:00+00:00,2025-12-22 05:19:00+00:00,sell,True,pnl_block,pnl_block,,,False,0.6115108132,0.5002435445785522,0.48,0.44,trailing_prob_drop,trailing_prob_drop,-0.0175,-0.019975156213672213,8.869000000000002,0.5002435445785522,,0.7907951445170934,,126.7,126.45,-0.019975156213672213,29.0
BTC/USDT,xgb_primary,conservative,1m,2025-12-22 05:19:00+00:00,2025-12-22 04:20:00+00:00,2025-12-22 05:19:00+00:00,sell,False,pnl_block,pnl_block,,,False,0.6076040864,0.5002435445785522,0.56,0.45,trailing_prob_drop,trailing_prob_drop,-0.01655899999999965,-0.018340352463604926,8.901753000000001,0.5002435445785522,1.3269264208616862,0.001125467764916267,,89017.53,88851.94,-0.018340352463604926,59.0
ETH/USDT,xgb_primary,primary,1m,2025-12-22 05:20:00+00:00,2025-12-22 04:53:00+00:00,2025-12-22 05:20:00+00:00,sell,False,pnl_block,pnl_block,,,False,0.6076040864,0.41829004883766174,0.48,0.43,prob_floor,"prob_floor,trailing_prob_drop",-0.05040000000000055,-0.05410975007730074,18.24792,0.41829004883766174,0.03297032999925332,0.032971471433561765,,3041.32,3032.92,-0.05410975007730074,27.0
SOL/USDT,xgb_primary,conservative,1m,2025-12-22 05:20:00+00:00,2025-12-22 04:50:00+00:00,2025-12-22 05:20:00+00:00,sell,True,pnl_block,pnl_block,,,False,0.6115108132,0.5002435445785522,0.48,0.44,trailing_prob_drop,trailing_prob_drop,-0.014700000000000558,-0.017174934432191914,8.869000000000002,0.5002435445785522,,0.790545080833639,,126.7,126.49,-0.017174934432191914,30.0
BTC/USDT,xgb_primary,conservative,1m,2025-12-22 05:20:00+00:00,2025-12-22 04:20:00+00:00,2025-12-22 05:20:00+00:00,sell,False,pnl_block,pnl_block,,,False,0.6076040864,0.41829004883766174,0.56,0.45,prob_floor,"prob_floor,trailing_prob_drop",-0.01575399999999936,-0.017535352372843857,8.901753000000001,0.41829004883766174,1.5317617150509693,0.001125365806599619,,89017.53,88859.99,-0.017535352372843857,60.0
SOL/USDT,xgb_primary,conservative,1m,2025-12-22 05:21:00+00:00,2025-12-22 04:50:00+00:00,2025-12-22 05:21:00+00:00,sell,False,pnl_block,pnl_block,,,False,0.6115108132,0.41829004883766174,0.48,0.44,prob_floor,"prob_floor,trailing_prob_drop",-0.0175,-0.019975156213672213,8.869000000000002,0.41829004883766174,,0.7907951445170934,,126.7,126.45,-0.019975156213672213,31.0
BTC/USDT,xgb_primary,conservative,1m,2025-12-22 05:21:00+00:00,2025-12-22 04:20:00+00:00,2025-12-22 05:21:00+00:00,sell,False,pnl_block,pnl_block,,,False,0.6076040864,0.41829004883766174,0.56,0.45,prob_floor,"prob_floor,trailing_prob_drop",-0.019916999999999827,-0.021698352842384645,8.901753000000001,0.41829004883766174,2.5860904794053483,0.0011258932760990715,,89017.53,88818.36,-0.021698352842384645,61.0
BTC/USDT,xgb_primary,conservative,1m,2025-12-22 05:22:00+00:00,2025-12-22 04:20:00+00:00,2025-12-22 05:22:00+00:00,sell,False,pnl_block,pnl_block,,,False,0.6076040864,0.41829004883766174,0.56,0.45,prob_floor,"prob_floor,trailing_prob_drop",-0.018180000000000293,-0.019961352646418695,8.901753000000001,0.41829004883766174,4.687093446998032,0.0011256731324745864,,89017.53,88835.73,-0.019961352646418695,62.0
ETH/USDT,xgb_primary,primary,1m,2025-12-22 05:22:00+00:00,2025-12-22 04:53:00+00:00,2025-12-22 05:22:00+00:00,sell,False,pnl_block,pnl_block,,,False,0.6076040864,0.41829004883766174,0.48,0.43,prob_floor,"prob_floor,trailing_prob_drop",-0.060300000000001096,-0.06400978282722858,18.24792,0.41829004883766174,,0.03298941864469004,,3041.32,3031.27,-0.06400978282722858,29.0
SOL/USDT,xgb_primary,conservative,1m,2025-12-22 05:22:00+00:00,2025-12-22 04:50:00+00:00,2025-12-22 05:22:00+00:00,sell,False,pnl_block,pnl_block,,,False,0.6115108132,0.41829004883766174,0.48,0.44,prob_floor,"prob_floor,trailing_prob_drop",-0.02030000000000044,-0.02277537813550687,8.869000000000002,0.41829004883766174,3.163305654408228,0.7910453664521708,,126.7,126.41,-0.02277537813550687,32.0
ETH/USDT,xgb_primary,primary,1m,2025-12-22 05:23:00+00:00,2025-12-22 04:53:00+00:00,2025-12-22 05:23:00+00:00,sell,False,pnl_block,pnl_block,,,False,0.6076040864,0.41829004883766174,0.48,0.43,prob_floor,"prob_floor,trailing_prob_drop",-0.05856000000000131,-0.06226977706859921,18.24792,0.41829004883766174,,0.03298626287154746,,3041.32,3031.56,-0.06226977706859921,30.0
SOL/USDT,xgb_primary,conservative,1m,2025-12-22 05:23:00+00:00,2025-12-22 04:50:00+00:00,2025-12-22 05:23:00+00:00,sell,False,pnl_block,pnl_block,,,False,0.6115108132,0.41829004883766174,0.48,0.44,prob_floor,"prob_floor,trailing_prob_drop",-0.02240000000000052,-0.02487554466906762,8.869000000000002,0.41829004883766174,2.3730422401519644,0.7912331368441758,,126.7,126.38,-0.02487554466906762,33.0
BTC/USDT,xgb_primary,conservative,1m,2025-12-22 05:23:00+00:00,2025-12-22 04:20:00+00:00,2025-12-22 05:23:00+00:00,sell,False,pnl_block,pnl_block,,,False,0.6076040864,0.41829004883766174,0.56,0.45,prob_floor,"prob_floor,trailing_prob_drop",-0.020624000000000524,-0.022405352922172304,8.901753000000001,0.41829004883766174,1.5413162255116013,0.0011259829067139745,,89017.53,88811.29,-0.022405352922172304,63.0
SOL/USDT,xgb_primary,conservative,1m,2025-12-22 05:24:00+00:00,2025-12-22 04:50:00+00:00,2025-12-22 05:24:00+00:00,sell,False,pnl_block,pnl_block,,,False,0.6115108132,0.41829004883766174,0.48,0.44,prob_floor,"prob_floor,trailing_prob_drop",-0.02170000000000016,-0.024175489149096608,8.869000000000002,0.41829004883766174,5.538851084032868,0.7911705368096139,,126.7,126.39,-0.024175489149096608,34.0
BTC/USDT,xgb_primary,conservative,1m,2025-12-22 05:24:00+00:00,2025-12-22 04:20:00+00:00,2025-12-22 05:24:00+00:00,sell,False,pnl_block,pnl_block,,,False,0.6076040864,0.41829004883766174,0.56,0.45,prob_floor,"prob_floor,trailing_prob_drop",-0.020624000000000524,-0.022405352922172304,8.901753000000001,0.41829004883766174,2.7530283593461644,0.0011259829067139745,,89017.53,88811.29,-0.022405352922172304,64.0
ETH/USDT,xgb_primary,primary,1m,2025-12-22 05:25:00+00:00,2025-12-22 04:53:00+00:00,2025-12-22 05:25:00+00:00,sell,False,pnl_block,pnl_block,,,False,0.6076040864,0.41829004883766174,0.48,0.43,prob_floor,"prob_floor,trailing_prob_drop",-0.06702000000000044,-0.07072980507779866,18.24792,0.41829004883766174,,0.03300161212797211,,3041.32,3030.15,-0.07072980507779866,32.0
SOL/USDT,xgb_primary,conservative,1m,2025-12-22 05:25:00+00:00,2025-12-22 04:50:00+00:00,2025-12-22 05:25:00+00:00,sell,False,pnl_block,pnl_block,,,False,0.6115108132,0.4742901027202606,0.48,0.44,trailing_prob_drop,trailing_prob_drop,-0.02030000000000044,-0.02277537813550687,8.869000000000002,0.4742901027202606,1.5822784810134676,0.7910453664521708,,126.7,126.41,-0.02277537813550687,35.0
BTC/USDT,xgb_primary,conservative,1m,2025-12-22 05:25:00+00:00,2025-12-22 04:20:00+00:00,2025-12-22 05:25:00+00:00,sell,False,pnl_block,pnl_block,,,False,0.6076040864,0.4742901027202606,0.56,0.45,trailing_prob_drop,trailing_prob_drop,-0.020353999999999362,-0.022135352891698473,8.901753000000001,0.4742901027202606,0.0011259828433221027,0.0011259486745035297,,89017.53,88813.99,-0.022135352891698473,65.0
ETH/USDT,xgb_primary,primary,1m,2025-12-22 05:26:00+00:00,2025-12-22 04:53:00+00:00,2025-12-22 05:26:00+00:00,sell,False,pnl_block,pnl_block,,,False,0.6076040864,0.41829004883766174,0.48,0.43,prob_floor,"prob_floor,trailing_prob_drop",-0.0645,-0.06820979673190589,18.24792,0.41829004883766174,,0.032997038515012934,,3041.32,3030.57,-0.06820979673190589,33.0
SOL/USDT,xgb_primary,conservative,1m,2025-12-22 05:26:00+00:00,2025-12-22 04:50:00+00:00,2025-12-22 05:26:00+00:00,sell,False,pnl_block,pnl_block,,,False,0.6115108132,0.4742901027202606,0.48,0.44,trailing_prob_drop,trailing_prob_drop,-0.03289999999999992,-0.03537637852418037,8.869000000000002,0.4742901027202606,6.328613242623075,0.7921733275233418,,126.7,126.23,-0.03537637852418037,36.0
BTC/USDT,xgb_primary,conservative,1m,2025-12-22 05:26:00+00:00,2025-12-22 04:20:00+00:00,2025-12-22 05:26:00+00:00,sell,False,pnl_block,pnl_block,,,False,0.6076040864,0.4742901027202606,0.56,0.45,trailing_prob_drop,trailing_prob_drop,-0.020908000000000176,-0.022689352954225153,8.901753000000001,0.4742901027202606,1.1146892510975728,0.0011260189144505694,,89017.53,88808.45,-0.022689352954225153,66.0
SOL/USDT,xgb_primary,conservative,1m,2025-12-22 05:27:00+00:00,2025-12-22 04:50:00+00:00,2025-12-22 05:27:00+00:00,sell,False,pnl_block,pnl_block,,,False,0.6115108132,0.4007633626461029,0.48,0.44,prob_floor,"prob_floor,trailing_prob_drop",-0.03289999999999992,-0.03537637852418037,8.869000000000002,0.4007633626461029,19.021954505825068,0.7921733275233418,,126.7,126.23,-0.03537637852418037,37.0
BTC/USDT,xgb_primary,conservative,1m,2025-12-22 05:27:00+00:00,2025-12-22 04:20:00+00:00,2025-12-22 05:27:00+00:00,sell,False,pnl_block,pnl_block,,,False,0.6076040864,0.41829004883766174,0.56,0.45,prob_floor,"prob_floor,trailing_prob_drop",-0.020556999999999246,-0.02233835291460802,8.901753000000001,0.41829004883766174,2.4920023390803405,0.0011259744106282652,,89017.53,88811.96,-0.02233835291460802,67.0
ETH/USDT,xgb_primary,primary,1m,2025-12-22 05:27:00+00:00,2025-12-22 04:53:00+00:00,2025-12-22 05:27:00+00:00,sell,False,pnl_block,pnl_block,,,False,0.6076040864,0.41829004883766174,0.48,0.43,prob_floor,"prob_floor,trailing_prob_drop",-0.06696000000000185,-0.07066980487906421,18.24792,0.41829004883766174,,0.03300150321919195,,3041.32,3030.16,-0.07066980487906421,34.0
SOL/USDT,xgb_primary,conservative,1m,2025-12-22 05:28:00+00:00,2025-12-22 04:50:00+00:00,2025-12-22 05:28:00+00:00,sell,False,pnl_block,pnl_block,,,False,0.6115108132,0.41829004883766174,0.48,0.44,prob_floor,"prob_floor,trailing_prob_drop",-0.036399999999999724,-0.03887665691643131,8.869000000000002,0.41829004883766174,0.7921419518370489,0.7924872211428382,,126.7,126.18,-0.03887665691643131,38.0
ETH/USDT,xgb_primary,primary,1m,2025-12-22 05:28:00+00:00,2025-12-22 04:53:00+00:00,2025-12-22 05:28:00+00:00,sell,False,pnl_block,pnl_block,,,False,0.6076040864,0.41829004883766174,0.48,0.43,prob_floor,"prob_floor,trailing_prob_drop",-0.08106000000000131,-0.08476985161873099,18.24792,0.41829004883766174,1.980479077888641,0.03302711691506343,,3041.32,3027.81,-0.08476985161873099,35.0
BTC/USDT,xgb_primary,conservative,1m,2025-12-22 05:28:00+00:00,2025-12-22 04:20:00+00:00,2025-12-22 05:28:00+00:00,sell,False,pnl_block,pnl_block,,,False,0.6076040864,0.4742901027202606,0.56,0.45,trailing_prob_drop,trailing_prob_drop,-0.021980999999999768,-0.023762353075344193,8.901753000000001,0.4742901027202606,1.904022622174572,0.0011261549769165042,,89017.53,88797.72,-0.023762353075344193,68.0
SOL/USDT,xgb_primary,conservative,1m,2025-12-22 05:29:00+00:00,2025-12-22 04:50:00+00:00,2025-12-22 05:29:00+00:00,sell,False,pnl_block,pnl_block,,,False,0.6115108132,0.41829004883766174,0.48,0.44,prob_floor,"prob_floor,trailing_prob_drop",-0.038499999999999805,-0.04097682405770595,8.869000000000002,0.41829004883766174,,0.792675676746138,,126.7,126.15,-0.04097682405770595,39.0
BTC/USDT,xgb_primary,conservative,1m,2025-12-22 05:29:00+00:00,2025-12-22 04:20:00+00:00,2025-12-22 05:29:00+00:00,sell,False,pnl_block,pnl_block,,,False,0.6076040864,0.4742901027202606,0.56,0.45,trailing_prob_drop,trailing_prob_drop,-0.02297899999999936,-0.02476035318802492,8.901753000000001,0.4742901027202606,1.6047709333077471,0.0011262815600014745,,89017.53,88787.74,-0.02476035318802492,69.0
ETH/USDT,xgb_primary,primary,1m,2025-12-22 05:30:00+00:00,2025-12-22 04:53:00+00:00,2025-12-22 05:30:00+00:00,sell,False,pnl_block,pnl_block,,,False,0.6076040864,0.41829004883766174,0.48,0.43,prob_floor,"prob_floor,trailing_prob_drop",-0.08958000000000174,-0.09328987989660611,18.24792,0.41829004883766174,,0.03304261340710079,,3041.32,3026.39,-0.09328987989660611,37.0
SOL/USDT,xgb_primary,conservative,1m,2025-12-22 05:30:00+00:00,2025-12-22 04:50:00+00:00,2025-12-22 05:30:00+00:00,sell,False,pnl_block,pnl_block,,,False,0.6115108132,0.41829004883766174,0.48,0.44,prob_floor,"prob_floor,trailing_prob_drop",-0.036399999999999724,-0.03887665691643131,8.869000000000002,0.41829004883766174,2.377932783766736,0.7924872211428382,,126.7,126.18,-0.03887665691643131,40.0
BTC/USDT,xgb_primary,conservative,1m,2025-12-22 05:30:00+00:00,2025-12-22 04:20:00+00:00,2025-12-22 05:30:00+00:00,sell,False,pnl_block,pnl_block,,,False,0.6076040864,0.4742901027202606,0.56,0.45,trailing_prob_drop,trailing_prob_drop,-0.019372999999999592,-0.021154352781002233,8.901753000000001,0.4742901027202606,1.3841999600162855,0.0011258243209420393,,89017.53,88823.8,-0.021154352781002233,70.0
ETH/USDT,xgb_primary,primary,1m,2025-12-22 05:31:00+00:00,2025-12-22 04:53:00+00:00,2025-12-22 05:31:00+00:00,sell,False,pnl_block,pnl_block,,,False,0.6076040864,0.41829004883766174,0.48,0.43,prob_floor,"prob_floor,trailing_prob_drop",-0.08478000000000066,-0.08848986396214241,18.24792,0.41829004883766174,,0.0330338811994719,,3041.32,3027.19,-0.08848986396214241,38.0
SOL/USDT,xgb_primary,conservative,1m,2025-12-22 05:31:00+00:00,2025-12-22 04:50:00+00:00,2025-12-22 05:31:00+00:00,sell,False,pnl_block,pnl_block,,,False,0.6115108132,0.41829004883766174,0.48,0.44,prob_floor,"prob_floor,trailing_prob_drop",-0.037100000000000084,-0.039576712621359665,8.869000000000002,0.41829004883766174,5.5445544554461295,0.7925500297210315,,126.7,126.17,-0.039576712621359665,41.0
BTC/USDT,xgb_primary,conservative,1m,2025-12-22 05:31:00+00:00,2025-12-22 04:20:00+00:00,2025-12-22 05:31:00+00:00,sell,False,pnl_block,pnl_block,,,False,0.6076040864,0.4742901027202606,0.56,0.45,trailing_prob_drop,trailing_prob_drop,-0.020585000000000582,-0.02236635291777085,8.901753000000001,0.4742901027202606,5.612233926915685,0.001125977962169418,,89017.53,88811.68,-0.02236635291777085,71.0
ETH/USDT,xgb_primary,primary,1m,2025-12-22 05:32:00+00:00,2025-12-22 04:53:00+00:00,2025-12-22 05:32:00+00:00,sell,False,pnl_block,pnl_block,,,False,0.6076040864,0.41829004883766174,0.48,0.43,prob_floor,"prob_floor,trailing_prob_drop",-0.0858000000000011,-0.08950986734751358,18.24792,0.41829004883766174,,0.0330357364085803,,3041.32,3027.02,-0.08950986734751358,39.0
SOL/USDT,xgb_primary,conservative,1m,2025-12-22 05:32:00+00:00,2025-12-22 04:50:00+00:00,2025-12-22 05:32:00+00:00,sell,False,pnl_block,pnl_block,,,False,0.6115108132,0.41829004883766174,0.48,0.44,prob_floor,"prob_floor,trailing_prob_drop",-0.03430000000000064,-0.03677648985461416,8.869000000000002,0.41829004883766174,3.169069877990179,0.7922988551285597,,126.7,126.21,-0.03677648985461416,42.0
BTC/USDT,xgb_primary,conservative,1m,2025-12-22 05:32:00+00:00,2025-12-22 04:20:00+00:00,2025-12-22 05:32:00+00:00,sell,False,pnl_block,pnl_block,,,False,0.6076040864,0.41829004883766174,0.56,0.45,prob_floor,"prob_floor,trailing_prob_drop",-0.018394000000000233,-0.02017535267055792,8.901753000000001,0.41829004883766174,2.973707627903882,0.0011257002499238296,,89017.53,88833.59,-0.02017535267055792,72.0
BTC/USDT,xgb_primary,conservative,1m,2025-12-22 05:33:00+00:00,2025-12-22 04:20:00+00:00,2025-12-22 05:33:00+00:00,sell,False,pnl_block,pnl_block,,,False,0.6076040864,0.4742901027202606,0.56,0.45,trailing_prob_drop,trailing_prob_drop,-0.01675399999999936,-0.018535352485592637,8.901753000000001,0.4742901027202606,2.4652836837950804,0.0011254924656733307,,89017.53,88849.99,-0.018535352485592637,73.0
ETH/USDT,xgb_primary,primary,1m,2025-12-22 05:33:00+00:00,2025-12-22 04:53:00+00:00,2025-12-22 05:33:00+00:00,sell,False,pnl_block,pnl_block,,,False,0.6076040864,0.41829004883766174,0.48,0.43,prob_floor,"prob_floor,trailing_prob_drop",-0.07626000000000022,-0.07996983569920783,18.24792,0.41829004883766174,,0.033018392894981805,,3041.32,3028.61,-0.07996983569920783,40.0
SOL/USDT,xgb_primary,conservative,1m,2025-12-22 05:33:00+00:00,2025-12-22 04:50:00+00:00,2025-12-22 05:33:00+00:00,sell,False,pnl_block,pnl_block,,,False,0.6115108132,0.41829004883766174,0.48,0.44,prob_floor,"prob_floor,trailing_prob_drop",-0.03360000000000028,-0.036076434184987766,8.869000000000002,0.41829004883766174,0.7921419518381746,0.7922360863541388,,126.7,126.22,-0.036076434184987766,43.0
ETH/USDT,xgb_primary,primary,1m,2025-12-22 05:34:00+00:00,2025-12-22 04:53:00+00:00,2025-12-22 05:34:00+00:00,sell,False,pnl_block,pnl_block,,,False,0.6076040864,0.41829004883766174,0.48,0.43,prob_floor,"prob_floor,trailing_prob_drop",-0.07632000000000153,-0.08249999244424244,18.24792,0.41829004883766174,,1.3866832188221538,,3041.32,3028.6,-0.08249999244424244,41.0
SOL/USDT,xgb_primary,conservative,1m,2025-12-22 05:34:00+00:00,2025-12-22 04:50:00+00:00,2025-12-22 05:34:00+00:00,sell,False,pnl_block,pnl_block,,,False,0.6115108132,0.41829004883766174,0.48,0.44,prob_floor,"prob_floor,trailing_prob_drop",-0.039200000000000165,-0.04167687978913208,8.869000000000002,0.41829004883766174,3.961337347488287,0.7927385152011664,,126.7,126.14,-0.04167687978913208,44.0
BTC/USDT,xgb_primary,conservative,1m,2025-12-22 05:34:00+00:00,2025-12-22 04:20:00+00:00,2025-12-22 05:34:00+00:00,sell,False,pnl_block,pnl_block,,,False,0.6076040864,0.5002435445785522,0.56,0.45,trailing_prob_drop,trailing_prob_drop,-0.019119000000000233,-0.02090035275234685,8.901753000000001,0.5002435445785522,0.8161992471828461,0.0011257921294986555,,89017.53,88826.34,-0.02090035275234685,74.0
ETH/USDT,xgb_primary,primary,1m,2025-12-22 05:35:00+00:00,2025-12-22 04:53:00+00:00,2025-12-22 05:35:00+00:00,sell,False,pnl_block,pnl_block,,,False,0.6076040864,0.41829004883766174,0.48,0.43,prob_floor,"prob_floor,trailing_prob_drop",-0.0826800000000012,-0.08638985699346752,18.24792,0.41829004883766174,,0.03303006231193353,,3041.32,3027.54,-0.08638985699346752,42.0
SOL/USDT,xgb_primary,conservative,1m,2025-12-22 05:35:00+00:00,2025-12-22 04:50:00+00:00,2025-12-22 05:35:00+00:00,sell,False,pnl_block,pnl_block,,,False,0.6115108132,0.41829004883766174,0.48,0.44,prob_floor,"prob_floor,trailing_prob_drop",-0.03289999999999992,-0.03537637852418037,8.869000000000002,0.41829004883766174,5.548509828789426,0.7921733275233418,,126.7,126.23,-0.03537637852418037,45.0
BTC/USDT,xgb_primary,conservative,1m,2025-12-22 05:35:00+00:00,2025-12-22 04:20:00+00:00,2025-12-22 05:35:00+00:00,sell,False,pnl_block,pnl_block,,,False,0.6076040864,0.4742901027202606,0.56,0.45,trailing_prob_drop,trailing_prob_drop,-0.01657899999999936,-0.01836035246585977,8.901753000000001,0.4742901027202606,2.6636240259791704,0.001125470298277351,,89017.53,88851.74,-0.01836035246585977,75.0
SOL/USDT,xgb_primary,conservative,1m,2025-12-22 05:36:00+00:00,2025-12-22 04:50:00+00:00,2025-12-22 05:36:00+00:00,sell,False,pnl_block,pnl_block,,,False,0.6115108132,0.41829004883766174,0.48,0.44,prob_floor,"prob_floor,trailing_prob_drop",-0.028699999999999764,-0.03117604474444665,8.869000000000002,0.41829004883766174,,0.7917969832527736,,126.7,126.29,-0.03117604474444665,46.0
BTC/USDT,xgb_primary,conservative,1m,2025-12-22 05:36:00+00:00,2025-12-22 04:20:00+00:00,2025-12-22 05:36:00+00:00,sell,False,pnl_block,pnl_block,,,False,0.6076040864,0.5002435445785522,0.56,0.45,trailing_prob_drop,trailing_prob_drop,-0.014736000000000058,-0.016517352258092362,8.901753000000001,0.5002435445785522,2.8598198684891964,0.0011252368969411066,,89017.53,88870.17,-0.016517352258092362,76.0
ETH/USDT,xgb_primary,primary,1m,2025-12-22 05:37:00+00:00,2025-12-22 04:53:00+00:00,2025-12-22 05:37:00+00:00,sell,False,pnl_block,pnl_block,,,False,0.6076040864,0.41829004883766174,0.48,0.43,prob_floor,"prob_floor,trailing_prob_drop",-0.06011999999999989,-0.06382978223145323,18.24792,0.41829004883766174,,0.0329890921558983,,3041.32,3031.3,-0.06382978223145323,44.0
SOL/USDT,xgb_primary,conservative,1m,2025-12-22 05:37:00+00:00,2025-12-22 04:50:00+00:00,2025-12-22 05:37:00+00:00,sell,False,pnl_block,pnl_block,,,False,0.6115108132,0.41829004883766174,0.48,0.44,prob_floor,"prob_floor,trailing_prob_drop",-0.0140000000000002,-0.016474879008735392,8.869000000000002,0.41829004883766174,,0.790482589621368,,126.7,126.5,-0.016474879008735392,47.0
SOL/USDT,xgb_primary,conservative,1m,2025-12-22 05:38:00+00:00,2025-12-22 04:50:00+00:00,2025-12-22 05:38:00+00:00,sell,False,pnl_block,pnl_block,,,False,0.6115108132,0.5002435445785522,0.48,0.44,gate_close,"gate_close,trailing_prob_drop",-0.016800000000000637,-0.019275100755150643,8.869000000000002,0.5002435445785522,15.810276679842122,0.7907326137670593,,126.7,126.46,-0.019275100755150643,48.0
BTC/USDT,xgb_primary,conservative,1m,2025-12-22 05:38:00+00:00,2025-12-22 04:20:00+00:00,2025-12-22 05:38:00+00:00,sell,False,pnl_block,pnl_block,,,False,0.6076040864,0.565682053565979,0.56,0.45,gate_close,gate_close,-0.005119000000000233,-0.006900351175331083,8.901753000000001,0.565682053565979,12.39822347573125,0.0011240205506153171,,89017.53,88966.34,-0.006900351175331083,78.0
SOL/USDT,xgb_primary,conservative,1m,2025-12-22 05:40:00+00:00,2025-12-22 04:50:00+00:00,2025-12-22 05:40:00+00:00,sell,False,pnl_block,pnl_block,,,False,0.6115108132,0.4742901027202606,0.48,0.44,trailing_prob_drop,trailing_prob_drop,-0.018200000000000358,-0.020675211680968728,8.869000000000002,0.4742901027202606,7.1213799651846355,0.7908576851599601,,126.7,126.44,-0.020675211680968728,50.0
SOL/USDT,xgb_primary,conservative,1m,2025-12-22 05:41:00+00:00,2025-12-22 04:50:00+00:00,2025-12-22 05:41:00+00:00,sell,True,pnl_block,pnl_block,,,False,0.6115108132,0.5002435445785522,0.48,0.44,trailing_prob_drop,trailing_prob_drop,-0.018899999999999723,-0.021375267157036297,8.869000000000002,0.5002435445785522,3.1643066213109754,0.7909202356935108,,126.7,126.43,-0.021375267157036297,51.0
BTC/USDT,xgb_primary,conservative,1m,2025-12-22 05:42:00+00:00,2025-12-22 04:20:00+00:00,2025-12-22 05:42:00+00:00,sell,False,pnl_block,pnl_block,,,False,0.6076040864,0.565682053565979,0.56,0.45,gate_close,gate_close,-0.009310000000000582,-0.011091351646901615,8.901753000000001,0.565682053565979,4.069746389238948,0.001124550300411043,,89017.53,88924.43,-0.011091351646901615,82.0
ETH/USDT,xgb_primary,primary,1m,2025-12-22 05:46:00+00:00,2025-12-22 04:53:00+00:00,2025-12-22 05:46:00+00:00,sell,False,pnl_block,pnl_block,,,False,0.6076040864,0.565682053565979,0.48,0.43,gate_close,gate_close,-0.0331800000000012,-0.03688969319709916,18.24792,0.565682053565979,10.182158485790092,0.032940300646843015,,3041.32,3035.79,-0.03688969319709916,53.0
BTC/USDT,xgb_primary,conservative,1m,2025-12-22 05:46:00+00:00,2025-12-22 04:20:00+00:00,2025-12-22 05:46:00+00:00,sell,False,pnl_block,pnl_block,,,False,0.6076040864,0.565682053565979,0.56,0.45,gate_close,gate_close,-0.004230999999999767,-0.006012351075468679,8.901753000000001,0.565682053565979,5.596211166098402,0.0011239083682858134,,89017.53,88975.22,-0.006012351075468679,86.0
SOL/USDT,xgb_primary,conservative,1m,2025-12-22 05:47:00+00:00,2025-12-22 04:50:00+00:00,2025-12-22 05:47:00+00:00,sell,False,pnl_block,pnl_block,,,False,0.6115108132,0.6076040863990784,0.48,0.44,gate_close,gate_close,-0.008400000000000319,-0.010874435936328046,8.869000000000002,0.6076040863990784,7.106759317751374,0.7899830153655738,,126.7,126.58,-0.010874435936328046,57.0
BTC/USDT,xgb_primary,conservative,1m,2025-12-22 05:50:00+00:00,2025-12-22 04:20:00+00:00,2025-12-22 05:50:00+00:00,sell,True,dry_run,dry_run,,,True,0.6076040864,0.5878524780273438,0.56,0.45,time_limit,time_exit,-0.006752000000000408,-0.008532350600000408,8.901753000000001,0.5878524780273438,0.0011242269053370285,0.0011242269053370285,8.895001,89017.53,88950.01,-0.008532350600000408,90.0
BTC/USDT,xgb_primary,conservative,1m,2025-12-22 05:51:00+00:00,,2025-12-22 05:51:00+00:00,buy,True,cooldown_after_loss,cooldown_after_loss,cooldown_after_loss,,False,0.565682053565979,0.565682053565979,,0.56,cooldown_after_loss,,,,,0.565682053565979,,,15.0,,88921.01,0.0,
ETH/USDT,xgb_primary,primary,1m,2025-12-22 05:57:00+00:00,2025-12-22 04:53:00+00:00,2025-12-22 05:57:00+00:00,sell,False,pnl_block,pnl_block,,,False,0.6076040864,0.41829004883766174,0.48,0.43,prob_floor,"prob_floor,trailing_prob_drop",-0.05832000000000153,-0.06202977627439216,18.24792,0.41829004883766174,,0.03298582763987485,,3041.32,3031.6,-0.06202977627439216,64.0
SOL/USDT,xgb_primary,conservative,1m,2025-12-22 05:57:00+00:00,2025-12-22 04:50:00+00:00,2025-12-22 05:57:00+00:00,sell,True,pnl_block,pnl_block,,,False,0.6115108132,0.5002435445785522,0.48,0.44,trailing_prob_drop,trailing_prob_drop,-0.0280000000000004,-0.03047598914532359,8.869000000000002,0.5002435445785522,1.5815277558129235,0.7917342939713483,,126.7,126.3,-0.03047598914532359,67.0
SOL/USDT,xgb_primary,conservative,1m,2025-12-22 05:58:00+00:00,2025-12-22 04:50:00+00:00,2025-12-22 05:58:00+00:00,sell,False,pnl_block,pnl_block,,,False,0.6115108132,0.41829004883766174,0.48,0.44,prob_floor,"prob_floor,trailing_prob_drop",-0.02660000000000068,-0.02907587797348214,8.869000000000002,0.41829004883766174,14.251781472684627,0.7916089451814856,,126.7,126.32,-0.02907587797348214,68.0
ETH/USDT,xgb_primary,primary,1m,2025-12-22 05:59:00+00:00,2025-12-22 04:53:00+00:00,2025-12-22 05:59:00+00:00,sell,False,pnl_block,pnl_block,,,False,0.6076040864,0.41829004883766174,0.48,0.43,prob_floor,"prob_floor,trailing_prob_drop",-0.07884000000000196,-0.08254984425490844,18.24792,0.41829004883766174,,0.03302308148352323,,3041.32,3028.18,-0.08254984425490844,66.0
SOL/USDT,xgb_primary,conservative,1m,2025-12-22 05:59:00+00:00,2025-12-22 04:50:00+00:00,2025-12-22 05:59:00+00:00,sell,False,pnl_block,pnl_block,,,False,0.6115108132,0.4742901027202606,0.48,0.44,trailing_prob_drop,trailing_prob_drop,-0.035,-0.03747654553306065,8.869000000000002,0.4742901027202606,1.583029919266284,0.7923616338489684,,126.7,126.2,-0.03747654553306065,69.0
SOL/USDT,xgb_primary,conservative,1m,2025-12-22 06:00:00+00:00,2025-12-22 04:50:00+00:00,2025-12-22 06:00:00+00:00,sell,False,pnl_block,pnl_block,,,False,0.6115108132,0.41829004883766174,0.48,0.44,prob_floor,"prob_floor,trailing_prob_drop",-0.03289999999999992,-0.03537637852418037,8.869000000000002,0.41829004883766174,10.301109350237358,0.7921733275233418,,126.7,126.23,-0.03537637852418037,70.0
ETH/USDT,xgb_primary,primary,1m,2025-12-22 06:00:00+00:00,2025-12-22 04:53:00+00:00,2025-12-22 06:00:00+00:00,sell,False,pnl_block,pnl_block,,,False,0.6076040864,0.41829004883766174,0.48,0.43,prob_floor,"prob_floor,trailing_prob_drop",-0.08472000000000207,-0.0884298637630191,18.24792,0.41829004883766174,,0.03303377207760386,,3041.32,3027.2,-0.0884298637630191,67.0
ETH/USDT,xgb_primary,primary,1m,2025-12-22 06:01:00+00:00,2025-12-22 04:53:00+00:00,2025-12-22 06:01:00+00:00,sell,False,pnl_block,pnl_block,,,False,0.6076040864,0.41829004883766174,0.48,0.43,prob_floor,"prob_floor,trailing_prob_drop",-0.0784800000000023,-0.08218984306094484,18.24792,0.41829004883766174,,0.03302242718214107,,3041.32,3028.24,-0.08218984306094484,68.0
SOL/USDT,xgb_primary,conservative,1m,2025-12-22 06:01:00+00:00,2025-12-22 04:50:00+00:00,2025-12-22 06:01:00+00:00,sell,False,pnl_block,pnl_block,,,False,0.6115108132,0.4007633626461029,0.48,0.44,prob_floor,"prob_floor,trailing_prob_drop",-0.036399999999999724,-0.03887665691643131,8.869000000000002,0.4007633626461029,3.170325750970281,0.7924872211428382,,126.7,126.18,-0.03887665691643131,71.0
SOL/USDT,xgb_primary,conservative,1m,2025-12-22 06:02:00+00:00,2025-12-22 04:50:00+00:00,2025-12-22 06:02:00+00:00,sell,False,pnl_block,pnl_block,,,False,0.6115108132,0.3245033025741577,0.48,0.44,prob_floor,"prob_floor,trailing_prob_drop",-0.03360000000000028,-0.036076434184987766,8.869000000000002,0.3245033025741577,,0.7922360863541388,,126.7,126.22,-0.036076434184987766,72.0
ETH/USDT,xgb_primary,primary,1m,2025-12-22 06:03:00+00:00,2025-12-22 04:53:00+00:00,2025-12-22 06:03:00+00:00,sell,False,pnl_block,pnl_block,,,False,0.6076040864,0.41829004883766174,0.48,0.43,prob_floor,"prob_floor,trailing_prob_drop",-0.06894000000000142,-0.07264981143813055,18.24792,0.41829004883766174,,0.03300509763805052,,3041.32,3029.83,-0.07264981143813055,70.0
SOL/USDT,xgb_primary,conservative,1m,2025-12-22 06:03:00+00:00,2025-12-22 04:50:00+00:00,2025-12-22 06:03:00+00:00,sell,False,pnl_block,pnl_block,,,False,0.6115108132,0.37037035822868347,0.48,0.44,prob_floor,"prob_floor,trailing_prob_drop",-0.037100000000000084,-0.039576712621359665,8.869000000000002,0.37037035822868347,3.169069877990179,0.7925500297210315,,126.7,126.17,-0.039576712621359665,73.0
SOL/USDT,xgb_primary,conservative,1m,2025-12-22 06:04:00+00:00,2025-12-22 04:50:00+00:00,2025-12-22 06:04:00+00:00,sell,False,pnl_block,pnl_block,,,False,0.6115108132,0.41829004883766174,0.48,0.44,prob_floor,"prob_floor,trailing_prob_drop",-0.03430000000000064,-0.03677648985461416,8.869000000000002,0.41829004883766174,0.7922674694981078,0.7922988551285597,,126.7,126.21,-0.03677648985461416,74.0
ETH/USDT,xgb_primary,primary,1m,2025-12-22 06:05:00+00:00,2025-12-22 04:53:00+00:00,2025-12-22 06:05:00+00:00,sell,False,pnl_block,pnl_block,,,False,0.6076040864,0.41829004883766174,0.48,0.43,prob_floor,"prob_floor,trailing_prob_drop",-0.07002000000000044,-0.07372981501640187,18.24792,0.41829004883766174,,0.03300705855869243,,3041.32,3029.65,-0.07372981501640187,72.0
SOL/USDT,xgb_primary,conservative,1m,2025-12-22 06:05:00+00:00,2025-12-22 04:50:00+00:00,2025-12-22 06:05:00+00:00,sell,False,pnl_block,pnl_block,,,False,0.6115108132,0.41829004883766174,0.48,0.44,prob_floor,"prob_floor,trailing_prob_drop",-0.036399999999999724,-0.03887665691643131,8.869000000000002,0.41829004883766174,,0.7924872211428382,,126.7,126.18,-0.03887665691643131,75.0
SOL/USDT,xgb_primary,conservative,1m,2025-12-22 06:06:00+00:00,2025-12-22 04:50:00+00:00,2025-12-22 06:06:00+00:00,sell,False,pnl_block,pnl_block,,,False,0.6115108132,0.41829004883766174,0.48,0.44,prob_floor,"prob_floor,trailing_prob_drop",-0.04269999999999997,-0.04517715857884861,8.869000000000002,0.41829004883766174,6.339646564703882,0.793052856972196,,126.7,126.09,-0.04517715857884861,76.0
ETH/USDT,xgb_primary,primary,1m,2025-12-22 06:06:00+00:00,2025-12-22 04:53:00+00:00,2025-12-22 06:06:00+00:00,sell,False,pnl_block,pnl_block,,,False,0.6076040864,0.41829004883766174,0.48,0.43,prob_floor,"prob_floor,trailing_prob_drop",-0.08604000000000088,-0.08974986814412306,18.24792,0.41829004883766174,6.042036727659081,0.033036172956798705,,3041.32,3026.98,-0.08974986814412306,73.0
SOL/USDT,xgb_primary,conservative,1m,2025-12-22 06:07:00+00:00,2025-12-22 04:50:00+00:00,2025-12-22 06:07:00+00:00,sell,False,pnl_block,pnl_block,,,False,0.6115108132,0.41829004883766174,0.48,0.44,prob_floor,"prob_floor,trailing_prob_drop",-0.036399999999999724,-0.03887665691643131,8.869000000000002,0.41829004883766174,,0.7924872211428382,,126.7,126.18,-0.03887665691643131,77.0
ETH/USDT,xgb_primary,primary,1m,2025-12-22 06:07:00+00:00,2025-12-22 04:53:00+00:00,2025-12-22 06:07:00+00:00,sell,False,pnl_block,pnl_block,,,False,0.6076040864,0.41829004883766174,0.48,0.43,prob_floor,"prob_floor,trailing_prob_drop",-0.07985999999999967,-0.08356984763805816,18.24792,0.41829004883766174,4.195392996006058,0.03302493547675137,,3041.32,3028.01,-0.08356984763805816,74.0
SOL/USDT,xgb_primary,conservative,1m,2025-12-22 06:08:00+00:00,2025-12-22 04:50:00+00:00,2025-12-22 06:08:00+00:00,sell,False,pnl_block,pnl_block,,,False,0.6115108132,0.41829004883766174,0.48,0.44,prob_floor,"prob_floor,trailing_prob_drop",-0.040599999999999886,-0.04307699127849281,8.869000000000002,0.41829004883766174,3.170074496751169,0.792864222001261,,126.7,126.12,-0.04307699127849281,78.0
SOL/USDT,xgb_primary,conservative,1m,2025-12-22 06:09:00+00:00,2025-12-22 04:50:00+00:00,2025-12-22 06:09:00+00:00,sell,False,pnl_block,pnl_block,,,False,0.6115108132,0.41829004883766174,0.48,0.44,prob_floor,"prob_floor,trailing_prob_drop",-0.04269999999999997,-0.04517715857884861,8.869000000000002,0.41829004883766174,,0.793052856972196,,126.7,126.09,-0.04517715857884861,79.0
ETH/USDT,xgb_primary,primary,1m,2025-12-22 06:09:00+00:00,2025-12-22 04:53:00+00:00,2025-12-22 06:09:00+00:00,sell,False,pnl_block,pnl_block,,,False,0.6076040864,0.41829004883766174,0.48,0.43,prob_floor,"prob_floor,trailing_prob_drop",-0.0841800000000012,-0.08788986197093035,18.24792,0.41829004883766174,,0.033032789999713534,,3041.32,3027.29,-0.08788986197093035,76.0
SOL/USDT,xgb_primary,conservative,1m,2025-12-22 06:10:00+00:00,2025-12-22 04:50:00+00:00,2025-12-22 06:10:00+00:00,sell,False,pnl_block,pnl_block,,,False,0.6115108132,0.3245033025741577,0.48,0.44,prob_floor,"prob_floor,trailing_prob_drop",-0.04619999999999977,-0.04867743758974882,8.869000000000002,0.3245033025741577,5.551590134030706,0.7933674481328815,,126.7,126.04,-0.04867743758974882,80.0
ETH/USDT,xgb_primary,primary,1m,2025-12-22 06:10:00+00:00,2025-12-22 04:53:00+00:00,2025-12-22 06:10:00+00:00,sell,False,pnl_block,pnl_block,,,False,0.6076040864,0.41829004883766174,0.48,0.43,prob_floor,"prob_floor,trailing_prob_drop",-0.10170000000000164,-0.10540992016863283,18.24792,0.41829004883766174,5.849924645038411,0.03306468278642125,,3041.32,3024.37,-0.10540992016863283,77.0
SOL/USDT,xgb_primary,conservative,1m,2025-12-22 06:11:00+00:00,2025-12-22 04:50:00+00:00,2025-12-22 06:11:00+00:00,sell,False,pnl_block,pnl_block,,,False,0.6115108132,0.3245033025741577,0.48,0.44,prob_floor,"prob_floor,trailing_prob_drop",-0.04480000000000004,-0.04727732595883016,8.869000000000002,0.3245033025741577,3.1733439111468664,0.7932415817229925,,126.7,126.06,-0.04727732595883016,81.0
ETH/USDT,xgb_primary,primary,1m,2025-12-22 06:11:00+00:00,2025-12-22 04:53:00+00:00,2025-12-22 06:11:00+00:00,sell,False,pnl_block,pnl_block,,,False,0.6076040864,0.39150944352149963,0.48,0.43,prob_floor,"prob_floor,trailing_prob_drop",-0.09492000000000099,-0.09862989763359406,18.24792,0.39150944352149963,7.042928800288691,0.033052333412829524,,3041.32,3025.5,-0.09862989763359406,78.0
SOL/USDT,xgb_primary,conservative,1m,2025-12-22 06:12:00+00:00,2025-12-22 04:50:00+00:00,2025-12-22 06:12:00+00:00,sell,False,pnl_block,pnl_block,,,False,0.6115108132,0.3245033025741577,0.48,0.44,prob_floor,"prob_floor,trailing_prob_drop",-0.04690000000000012,-0.049377493418495344,8.869000000000002,0.3245033025741577,2.3798191337459254,0.7934303963188889,,126.7,126.03,-0.049377493418495344,82.0
ETH/USDT,xgb_primary,primary,1m,2025-12-22 06:13:00+00:00,2025-12-22 04:53:00+00:00,2025-12-22 06:13:00+00:00,sell,False,pnl_block,pnl_block,,,False,0.6076040864,0.41829004883766174,0.48,0.43,prob_floor,"prob_floor,trailing_prob_drop",-0.10116000000000076,-0.104869918373186,18.24792,0.41829004883766174,,0.03306369886827433,,3041.32,3024.46,-0.104869918373186,80.0
SOL/USDT,xgb_primary,conservative,1m,2025-12-22 06:13:00+00:00,2025-12-22 04:50:00+00:00,2025-12-22 06:13:00+00:00,sell,False,pnl_block,pnl_block,,,False,0.6115108132,0.41829004883766174,0.48,0.44,prob_floor,"prob_floor,trailing_prob_drop",-0.04410000000000068,-0.046577270156653826,8.869000000000002,0.41829004883766174,,0.7931786634943578,,126.7,126.07,-0.046577270156653826,83.0
SOL/USDT,xgb_primary,conservative,1m,2025-12-22 06:14:00+00:00,2025-12-22 04:50:00+00:00,2025-12-22 06:14:00+00:00,sell,False,pnl_block,pnl_block,,,False,0.6115108132,0.41829004883766174,0.48,0.44,prob_floor,"prob_floor,trailing_prob_drop",-0.04619999999999977,-0.04867743758974882,8.869000000000002,0.41829004883766174,1.5867978419557467,0.7933674481328815,,126.7,126.04,-0.04867743758974882,84.0
SOL/USDT,xgb_primary,conservative,1m,2025-12-22 06:15:00+00:00,2025-12-22 04:50:00+00:00,2025-12-22 06:15:00+00:00,sell,False,pnl_block,pnl_block,,,False,0.6115108132,0.41829004883766174,0.48,0.44,prob_floor,"prob_floor,trailing_prob_drop",-0.04619999999999977,-0.04867743758974882,8.869000000000002,0.41829004883766174,,0.7933674481328815,,126.7,126.04,-0.04867743758974882,85.0
ETH/USDT,xgb_primary,primary,1m,2025-12-22 06:16:00+00:00,2025-12-22 04:53:00+00:00,2025-12-22 06:16:00+00:00,sell,False,pnl_block,pnl_block,,,False,0.6076040864,0.4742901027202606,0.48,0.43,trailing_prob_drop,trailing_prob_drop,-0.08964000000000033,-0.09334988009583602,18.24792,0.4742901027202606,,0.033042722587389016,,3041.32,3026.38,-0.09334988009583602,83.0
SOL/USDT,xgb_primary,conservative,1m,2025-12-22 06:16:00+00:00,2025-12-22 04:50:00+00:00,2025-12-22 06:16:00+00:00,sell,False,pnl_block,pnl_block,,,False,0.6115108132,0.4742901027202606,0.48,0.44,trailing_prob_drop,trailing_prob_drop,-0.035,-0.03747654553306065,8.869000000000002,0.4742901027202606,,0.7923616338489684,,126.7,126.2,-0.03747654553306065,86.0
SOL/USDT,xgb_primary,conservative,1m,2025-12-22 06:17:00+00:00,2025-12-22 04:50:00+00:00,2025-12-22 06:17:00+00:00,sell,False,pnl_block,pnl_block,,,False,0.6115108132,0.4742901027202606,0.48,0.44,trailing_prob_drop,trailing_prob_drop,-0.03220000000000056,-0.03467632287219388,8.869000000000002,0.4742901027202606,,0.7921105786371829,,126.7,126.24,-0.03467632287219388,87.0
SOL/USDT,xgb_primary,conservative,1m,2025-12-22 06:18:00+00:00,2025-12-22 04:50:00+00:00,2025-12-22 06:18:00+00:00,sell,True,pnl_block,pnl_block,,,False,0.6115108132,0.5002435445785522,0.48,0.44,trailing_prob_drop,trailing_prob_drop,-0.014700000000000558,-0.017174934432191914,8.869000000000002,0.5002435445785522,0.7923302432446641,0.790545080833639,,126.7,126.49,-0.017174934432191914,88.0
SOL/USDT,xgb_primary,conservative,1m,2025-12-22 06:19:00+00:00,2025-12-22 04:50:00+00:00,2025-12-22 06:19:00+00:00,sell,False,pnl_block,pnl_block,,,False,0.6115108132,0.565682053565979,0.48,0.44,gate_close,gate_close,-0.018899999999999723,-0.021375267157036297,8.869000000000002,0.565682053565979,13.439797612459618,0.7909202356935108,,126.7,126.43,-0.021375267157036297,89.0
SOL/USDT,xgb_primary,conservative,1m,2025-12-22 06:20:00+00:00,2025-12-22 04:50:00+00:00,2025-12-22 06:20:00+00:00,sell,False,dry_run,dry_run,,,True,0.6115108132,0.5878524780273438,0.48,0.44,time_limit,"time_exit,gate_close",-0.020999999999999804,-0.022773799999999803,8.869000000000002,0.5878524780273438,7.118000632711437,0.791107946678605,8.848,126.7,126.4,-0.022773799999999803,90.0
SOL/USDT,xgb_primary,conservative,1m,2025-12-22 06:22:00+00:00,,2025-12-22 06:22:00+00:00,buy,True,cooldown_after_loss,cooldown_after_loss,cooldown_after_loss,,False,0.5878524780273438,0.5878524780273438,,0.48,cooldown_after_loss,,,,,0.5878524780273438,,,10.0,,126.44,0.0,
ETH/USDT,xgb_primary,primary,1m,2025-12-22 06:23:00+00:00,2025-12-22 04:53:00+00:00,2025-12-22 06:23:00+00:00,sell,True,dry_run,dry_run,,,True,0.6076040864,0.565682053565979,0.48,0.43,time_limit,time_exit,-0.06552000000000044,-0.06916958400000044,18.24792,0.565682053565979,0.03299888958658507,0.03299888958658507,18.1824,3041.32,3030.4,-0.06916958400000044,90.0
SOL/USDT,xgb_primary,conservative,1m,2025-12-22 06:23:00+00:00,,2025-12-22 06:23:00+00:00,buy,True,cooldown_after_loss,cooldown_after_loss,cooldown_after_loss,,False,0.6076040863990784,0.6076040863990784,,0.48,cooldown_after_loss,,,,,0.6076040863990784,,,10.0,,126.44,0.0,
BTC/USDT,xgb_primary,conservative,1m,2025-12-22 06:23:00+00:00,,2025-12-22 06:23:00+00:00,buy,True,cooldown_after_loss,cooldown_after_loss,cooldown_after_loss,,False,0.565682053565979,0.565682053565979,,0.56,cooldown_after_loss,,,,,0.565682053565979,,,15.0,,88909.61,0.0,
ETH/USDT,xgb_primary,primary,1m,2025-12-22 06:24:00+00:00,,2025-12-22 06:24:00+00:00,buy,True,cooldown_after_loss,cooldown_after_loss,cooldown_after_loss,,False,0.565682053565979,0.565682053565979,,0.48,cooldown_after_loss,,,,,0.565682053565979,,,20.0,,3031.43,0.0,
SOL/USDT,xgb_primary,conservative,1m,2025-12-22 06:24:00+00:00,,2025-12-22 06:24:00+00:00,buy,True,cooldown_after_loss,cooldown_after_loss,cooldown_after_loss,,False,0.6076040863990784,0.6076040863990784,,0.48,cooldown_after_loss,,,,,0.6076040863990784,,,10.0,,126.31,0.0,
BTC/USDT,xgb_primary,conservative,1m,2025-12-22 06:24:00+00:00,,2025-12-22 06:24:00+00:00,buy,True,cooldown_after_loss,cooldown_after_loss,cooldown_after_loss,,False,0.565682053565979,0.565682053565979,,0.56,cooldown_after_loss,,,,,0.565682053565979,,,15.0,,88863.28,0.0,
ETH/USDT,xgb_primary,primary,1m,2025-12-22 06:25:00+00:00,,2025-12-22 06:25:00+00:00,buy,True,cooldown_after_loss,cooldown_after_loss,cooldown_after_loss,,False,0.6076040863990784,0.6076040863990784,,0.48,cooldown_after_loss,,,,,0.6076040863990784,,,20.0,,3024.63,0.0,
SOL/USDT,xgb_primary,conservative,1m,2025-12-22 06:25:00+00:00,,2025-12-22 06:25:00+00:00,buy,True,cooldown_after_loss,cooldown_after_loss,cooldown_after_loss,,False,0.6076040863990784,0.6076040863990784,,0.48,cooldown_after_loss,,,,,0.6076040863990784,,,10.0,,126.21,0.0,
BTC/USDT,xgb_primary,conservative,1m,2025-12-22 06:25:00+00:00,,2025-12-22 06:25:00+00:00,buy,True,cooldown_after_loss,cooldown_after_loss,cooldown_after_loss,,False,0.565682053565979,0.565682053565979,,0.56,cooldown_after_loss,,,,,0.565682053565979,,,15.0,,88840.01,0.0,
ETH/USDT,xgb_primary,primary,1m,2025-12-22 06:26:00+00:00,,2025-12-22 06:26:00+00:00,buy,True,cooldown_after_loss,cooldown_after_loss,cooldown_after_loss,,False,0.5002435445785522,0.5002435445785522,,0.48,cooldown_after_loss,,,,,0.5002435445785522,,,20.0,,3023.89,0.0,
BTC/USDT,xgb_primary,conservative,1m,2025-12-22 06:26:00+00:00,,2025-12-22 06:26:00+00:00,buy,True,cooldown_after_loss,cooldown_after_loss,cooldown_after_loss,,False,0.565682053565979,0.565682053565979,,0.56,cooldown_after_loss,,,,,0.565682053565979,,,15.0,,88847.7,0.0,
BTC/USDT,xgb_primary,conservative,1m,2025-12-22 06:27:00+00:00,,2025-12-22 06:27:00+00:00,buy,True,cooldown_after_loss,cooldown_after_loss,cooldown_after_loss,,False,0.565682053565979,0.565682053565979,,0.56,cooldown_after_loss,,,,,0.565682053565979,,,15.0,,88838.74,0.0,
SOL/USDT,xgb_primary,conservative,1m,2025-12-22 06:27:00+00:00,,2025-12-22 06:27:00+00:00,buy,True,cooldown_after_loss,cooldown_after_loss,cooldown_after_loss,,False,0.565682053565979,0.565682053565979,,0.48,cooldown_after_loss,,,,,0.565682053565979,,,10.0,,126.25,0.0,
ETH/USDT,xgb_primary,primary,1m,2025-12-22 06:27:00+00:00,,2025-12-22 06:27:00+00:00,buy,True,cooldown_after_loss,cooldown_after_loss,cooldown_after_loss,,False,0.5002435445785522,0.5002435445785522,,0.48,cooldown_after_loss,,,,,0.5002435445785522,,,20.0,,3025.02,0.0,
SOL/USDT,xgb_primary,conservative,1m,2025-12-22 06:28:00+00:00,,2025-12-22 06:28:00+00:00,buy,True,dry_run,dry_run,,exchange_qty_step,True,0.565682053565979,0.565682053565979,,0.48,dry_run,,,,,0.565682053565979,0.7922360863541388,,8.836100000000002,,126.23,0.0,
ETH/USDT,xgb_primary,primary,1m,2025-12-22 06:28:00+00:00,,2025-12-22 06:28:00+00:00,buy,True,dry_run,dry_run,,exchange_qty_step,True,0.5002435445785522,0.5002435445785522,,0.48,dry_run,,,,,0.5002435445785522,0.03305342590417988,,18.152459999999998,,3025.41,0.0,
BTC/USDT,xgb_primary,conservative,1m,2025-12-22 06:30:00+00:00,,2025-12-22 06:30:00+00:00,buy,True,dry_run,dry_run,,exchange_qty_step,True,0.565682053565979,0.565682053565979,,0.56,dry_run,,,,,0.565682053565979,0.001125187012524548,,8.887412,,88874.12,0.0,
SOL/USDT,xgb_primary,conservative,1m,2025-12-22 06:30:00+00:00,2025-12-22 06:28:00+00:00,2025-12-22 06:30:00+00:00,sell,False,min_hold,min_hold,,,False,0.5656820536,0.6076040863990784,0.48,0.44,gate_close,gate_close,0.005599999999999881,0.0031332510446112124,8.836100000000002,0.6076040863990784,4.751346214761029,0.7916716146135381,,126.23,126.31,0.0031332510446112124,2.0
SOL/USDT,xgb_primary,conservative,1m,2025-12-22 06:34:00+00:00,2025-12-22 06:28:00+00:00,2025-12-22 06:34:00+00:00,sell,False,pnl_block,pnl_block,,,False,0.5656820536,0.41829004883766174,0.48,0.44,prob_floor,"prob_floor,trailing_prob_drop",-0.007000000000000598,-0.009467747212907763,8.836100000000002,0.41829004883766174,5.540604717428619,0.7928013636187511,,126.23,126.13,-0.009467747212907763,6.0
ETH/USDT,xgb_primary,primary,1m,2025-12-22 06:35:00+00:00,2025-12-22 06:28:00+00:00,2025-12-22 06:35:00+00:00,sell,False,pnl_block,pnl_block,,,False,0.5002435446,0.41829004883766174,0.48,0.43,prob_floor,prob_floor,-0.0042600000000002185,-0.007950505984836414,18.152459999999998,0.41829004883766174,,0.03306107537832046,,3025.41,3024.7,-0.007950505984836414,7.0
SOL/USDT,xgb_primary,conservative,1m,2025-12-22 06:35:00+00:00,2025-12-22 06:28:00+00:00,2025-12-22 06:35:00+00:00,sell,False,dry_run,dry_run,,,True,0.5656820536,0.41829004883766174,0.48,0.44,prob_floor,"prob_floor,trailing_prob_drop",0.004899999999999523,0.0031327799999995225,8.836100000000002,0.41829004883766174,7.92581437742683,0.7917342939713483,8.841000000000001,126.23,126.3,0.0031327799999995225,7.0
ETH/USDT,xgb_primary,primary,1m,2025-12-22 06:36:00+00:00,2025-12-22 06:28:00+00:00,2025-12-22 06:36:00+00:00,sell,False,dry_run,dry_run,,,True,0.5002435446,0.41829004883766174,0.48,0.43,prob_floor,prob_floor,0.01356000000000131,0.009929508000001312,18.152459999999998,0.41829004883766174,0.033028644090807406,0.033028644090807406,18.16602,3025.41,3027.67,0.009929508000001312,8.0
ETH/USDT,xgb_primary,primary,1m,2025-12-22 06:40:00+00:00,,2025-12-22 06:40:00+00:00,buy,True,dry_run,dry_run,,exchange_qty_step,True,0.565682053565979,0.565682053565979,,0.48,dry_run,,,,,0.565682053565979,0.03304195833150758,,18.15876,,3026.46,0.0,
BTC/USDT,xgb_primary,conservative,1m,2025-12-22 06:41:00+00:00,2025-12-22 06:30:00+00:00,2025-12-22 06:41:00+00:00,sell,False,dry_run,dry_run,,,True,0.5656820536,0.565682053565979,0.56,0.45,gate_close,gate_close,0.00698700000000099,0.00520951760000099,8.887412,0.565682053565979,3.4832836128434486,0.0011243029947959175,8.894399000000002,88874.12,88943.99,0.00520951760000099,11.0
SOL/USDT,xgb_primary,conservative,1m,2025-12-22 06:41:00+00:00,,2025-12-22 06:41:00+00:00,buy,True,dry_run,dry_run,,exchange_qty_step,True,0.5002435445785522,0.5002435445785522,,0.48,dry_run,,,,,0.5002435445785522,0.7917969832527736,,8.841000000000001,,126.3,0.0,
BTC/USDT,xgb_primary,conservative,1m,2025-12-22 06:42:00+00:00,,2025-12-22 06:42:00+00:00,buy,True,cooldown_after_exit,cooldown_after_exit,cooldown_after_exit,,False,0.565682053565979,0.565682053565979,,0.56,cooldown_after_exit,,,,,0.565682053565979,,,15.0,,88968.58,0.0,
SOL/USDT,xgb_primary,conservative,1m,2025-12-22 06:44:00+00:00,2025-12-22 06:41:00+00:00,2025-12-22 06:44:00+00:00,sell,False,min_hold,min_hold,,,False,0.5002435446,0.565682053565979,0.48,0.44,gate_close,gate_close,-0.0034999999999998014,-0.005968449495069662,8.841000000000001,0.565682053565979,4.748713889988308,0.7920478396899224,,126.3,126.25,-0.005968449495069662,3.0
ETH/USDT,xgb_primary,primary,1m,2025-12-22 06:44:00+00:00,2025-12-22 06:40:00+00:00,2025-12-22 06:44:00+00:00,sell,True,min_hold,min_hold,,,False,0.5656820536,0.5878524780273438,0.48,0.43,take_profit,take_profit,0.019739999999999782,0.016048313252799443,18.15876,0.5878524780273438,,0.033005969130237525,,3026.46,3029.75,0.016048313252799443,4.0
BTC/USDT,xgb_primary,conservative,1m,2025-12-22 06:46:00+00:00,,2025-12-22 06:46:00+00:00,buy,True,dry_run,dry_run,,exchange_qty_step,True,0.565682053565979,0.565682053565979,,0.56,dry_run,,,,,0.565682053565979,0.0011243402873570044,,8.894105000000001,,88941.05,0.0,
SOL/USDT,xgb_primary,conservative,1m,2025-12-22 06:49:00+00:00,2025-12-22 06:41:00+00:00,2025-12-22 06:49:00+00:00,sell,False,pnl_block,pnl_block,,,False,0.5002435446,0.41829004883766174,0.48,0.44,prob_floor,prob_floor,-0.019600000000000083,-0.02206972747470784,8.841000000000001,0.41829004883766174,3.1720856463129468,0.7934933544935621,,126.3,126.02,-0.02206972747470784,8.0
SOL/USDT,xgb_primary,conservative,1m,2025-12-22 06:50:00+00:00,2025-12-22 06:41:00+00:00,2025-12-22 06:50:00+00:00,sell,False,pnl_block,pnl_block,,,False,0.5002435446,0.41829004883766174,0.48,0.44,prob_floor,prob_floor,-0.02380000000000024,-0.026270061628230666,8.841000000000001,0.41829004883766174,5.554233119099214,0.7938713134604942,,126.3,125.96,-0.026270061628230666,9.0
SOL/USDT,xgb_primary,conservative,1m,2025-12-22 06:51:00+00:00,2025-12-22 06:41:00+00:00,2025-12-22 06:51:00+00:00,sell,False,pnl_block,pnl_block,,,False,0.5002435446,0.41829004883766174,0.48,0.44,prob_floor,prob_floor,-0.022399999999999524,-0.024869950208357024,8.841000000000001,0.41829004883766174,2.380952380952471,0.7937452871366358,,126.3,125.98,-0.024869950208357024,10.0
SOL/USDT,xgb_primary,conservative,1m,2025-12-22 06:52:00+00:00,2025-12-22 06:41:00+00:00,2025-12-22 06:52:00+00:00,sell,False,pnl_block,pnl_block,,,False,0.5002435446,0.41829004883766174,0.48,0.44,prob_floor,prob_floor,-0.018899999999999723,-0.02136967181338525,8.841000000000001,0.41829004883766174,3.174855147234404,0.7934303963188889,,126.3,126.03,-0.02136967181338525,11.0
SOL/USDT,xgb_primary,conservative,1m,2025-12-22 06:53:00+00:00,2025-12-22 06:41:00+00:00,2025-12-22 06:53:00+00:00,sell,False,pnl_block,pnl_block,,,False,0.5002435446,0.41829004883766174,0.48,0.44,prob_floor,prob_floor,-0.015399999999999922,-0.017869393639211924,8.841000000000001,0.41829004883766174,0.7935878104916368,0.7931157552448836,,126.3,126.08,-0.017869393639211924,12.0
SOL/USDT,xgb_primary,conservative,1m,2025-12-22 06:54:00+00:00,2025-12-22 06:41:00+00:00,2025-12-22 06:54:00+00:00,sell,False,pnl_block,pnl_block,,,False,0.5002435446,0.41829004883766174,0.48,0.44,prob_floor,prob_floor,-0.016799999999999645,-0.019269504882400944,8.841000000000001,0.41829004883766174,8.724619289340056,0.7932415817229925,,126.3,126.06,-0.019269504882400944,13.0
BTC/USDT,xgb_primary,conservative,1m,2025-12-22 06:55:00+00:00,2025-12-22 06:46:00+00:00,2025-12-22 06:55:00+00:00,sell,False,dry_run,dry_run,,,True,0.5656820536,0.565682053565979,0.56,0.45,gate_close,gate_close,0.0025069999999992433,0.000728178999999243,8.894105000000001,0.565682053565979,3.5667226685960385,0.001124023330151024,8.896612,88941.05,88966.12,0.000728178999999243,9.0
ETH/USDT,xgb_primary,primary,1m,2025-12-22 06:56:00+00:00,2025-12-22 06:40:00+00:00,2025-12-22 06:56:00+00:00,sell,False,dry_run,dry_run,,,True,0.5656820536,0.41829004883766174,0.48,0.43,prob_floor,"prob_floor,trailing_prob_drop",0.006059999999998581,0.002428247999998581,18.15876,0.41829004883766174,0.03303082601910265,0.03303082601910265,18.16482,3026.46,3027.47,0.002428247999998581,16.0
SOL/USDT,xgb_primary,conservative,1m,2025-12-22 06:56:00+00:00,2025-12-22 06:41:00+00:00,2025-12-22 06:56:00+00:00,sell,False,pnl_block,pnl_block,,,False,0.5002435446,0.41829004883766174,0.48,0.44,prob_floor,prob_floor,-0.02380000000000024,-0.026270061628230666,8.841000000000001,0.41829004883766174,0.7937137868088829,0.7938713134604942,,126.3,125.96,-0.026270061628230666,15.0
SOL/USDT,xgb_primary,conservative,1m,2025-12-22 06:57:00+00:00,2025-12-22 06:41:00+00:00,2025-12-22 06:57:00+00:00,sell,False,pnl_block,pnl_block,,,False,0.5002435446,0.41829004883766174,0.48,0.44,prob_floor,prob_floor,-0.027999999999999407,-0.030470396100233072,8.841000000000001,0.41829004883766174,,0.7942496326588225,,126.3,125.9,-0.030470396100233072,16.0
SOL/USDT,xgb_primary,conservative,1m,2025-12-22 06:58:00+00:00,2025-12-22 06:41:00+00:00,2025-12-22 06:58:00+00:00,sell,False,pnl_block,pnl_block,,,False,0.5002435446,0.3245033025741577,0.48,0.44,prob_floor,"prob_floor,trailing_prob_drop",-0.036399999999999724,-0.0388710660015106,8.841000000000001,0.3245033025741577,6.353744738305003,0.7950073538184296,,126.3,125.78,-0.0388710660015106,17.0
SOL/USDT,xgb_primary,conservative,1m,2025-12-22 06:59:00+00:00,2025-12-22 06:41:00+00:00,2025-12-22 06:59:00+00:00,sell,False,pnl_block,pnl_block,,,False,0.5002435446,0.3245033025741577,0.48,0.44,prob_floor,"prob_floor,trailing_prob_drop",-0.037100000000000084,-0.039571121884317675,8.841000000000001,0.3245033025741577,,0.7950705625128297,,126.3,125.77,-0.039571121884317675,18.0
SOL/USDT,xgb_primary,conservative,1m,2025-12-22 07:00:00+00:00,2025-12-22 06:41:00+00:00,2025-12-22 07:00:00+00:00,sell,False,pnl_block,pnl_block,,,False,0.5002435446,0.39150944352149963,0.48,0.44,prob_floor,prob_floor,-0.030099999999999485,-0.03257056345580818,8.841000000000001,0.39150944352149963,13.516736900691875,0.7944389275067253,,126.3,125.87,-0.03257056345580818,19.0
SOL/USDT,xgb_primary,conservative,1m,2025-12-22 07:01:00+00:00,2025-12-22 06:41:00+00:00,2025-12-22 07:01:00+00:00,sell,False,pnl_block,pnl_block,,,False,0.5002435446,0.3396226465702057,0.48,0.44,prob_floor,"prob_floor,trailing_prob_drop",-0.026599999999999683,-0.029070284574151322,8.841000000000001,0.3396226465702057,10.325655281970585,0.7941234862025107,,126.3,125.92,-0.029070284574151322,20.0
SOL/USDT,xgb_primary,conservative,1m,2025-12-22 07:02:00+00:00,2025-12-22 06:41:00+00:00,2025-12-22 07:02:00+00:00,sell,False,pnl_block,pnl_block,,,False,0.5002435446,0.41829004883766174,0.48,0.44,prob_floor,prob_floor,-0.026599999999999683,-0.029070284574151322,8.841000000000001,0.41829004883766174,,0.7941234862025107,,126.3,125.92,-0.029070284574151322,21.0
BTC/USDT,xgb_primary,conservative,1m,2025-12-22 07:02:00+00:00,,2025-12-22 07:02:00+00:00,buy,True,dry_run,dry_run,,exchange_qty_step,True,0.565682053565979,0.565682053565979,,0.56,dry_run,,,,,0.565682053565979,0.0011232926577560702,,8.9024,,89024.0,0.0,
ETH/USDT,xgb_primary,primary,1m,2025-12-22 07:03:00+00:00,,2025-12-22 07:03:00+00:00,buy,True,dry_run,dry_run,,exchange_qty_step,True,0.565682053565979,0.565682053565979,,0.48,dry_run,,,,,0.565682053565979,0.03300923763587272,,18.17676,,3029.46,0.0,
SOL/USDT,xgb_primary,conservative,1m,2025-12-22 07:03:00+00:00,2025-12-22 06:41:00+00:00,2025-12-22 07:03:00+00:00,sell,False,pnl_block,pnl_block,,,False,0.5002435446,0.41829004883766174,0.48,0.44,prob_floor,prob_floor,-0.024499999999999605,-0.026970117351434002,8.841000000000001,0.41829004883766174,2.3828435266085095,0.793934341629225,,126.3,125.95,-0.026970117351434002,22.0
BTC/USDT,xgb_primary,conservative,1m,2025-12-22 07:05:00+00:00,2025-12-22 07:02:00+00:00,2025-12-22 07:05:00+00:00,sell,True,min_hold,min_hold,,,False,0.5656820536,0.565682053565979,0.56,0.45,take_profit,take_profit,0.008999000000000524,0.007217521009887318,8.9024,0.565682053565979,0.0011232981465537112,0.0011221581968984008,,89024.0,89113.99,0.007217521009887318,3.0
SOL/USDT,xgb_primary,conservative,1m,2025-12-22 07:06:00+00:00,2025-12-22 06:41:00+00:00,2025-12-22 07:06:00+00:00,sell,False,pnl_block,pnl_block,,,False,0.5002435446,0.5002435445785522,0.48,0.44,gate_close,gate_close,-0.0021000000000000797,-0.004568338586418969,8.841000000000001,0.5002435445785522,21.398002853067858,0.7919223916060277,,126.3,126.27,-0.004568338586418969,25.0
ETH/USDT,xgb_primary,primary,1m,2025-12-22 07:06:00+00:00,2025-12-22 07:03:00+00:00,2025-12-22 07:06:00+00:00,sell,False,min_hold,min_hold,,,False,0.5656820536,0.5878524780273438,0.48,0.43,take_profit,"take_profit,gate_close",0.019859999999999673,0.016164713583498625,18.17676,0.5878524780273438,9.431006908377856,0.0329731021926067,,3029.46,3032.77,0.016164713583498625,3.0
BTC/USDT,xgb_primary,conservative,1m,2025-12-22 07:06:00+00:00,2025-12-22 07:02:00+00:00,2025-12-22 07:06:00+00:00,sell,False,min_hold,min_hold,,,False,0.5656820536,0.6076040863990784,0.56,0.45,gate_close,gate_close,0.0073100000000005825,0.005528520820510369,8.9024,0.6076040863990784,10.148799307493956,0.0011223709226872533,,89024.0,89097.1,0.005528520820510369,4.0
SOL/USDT,xgb_primary,conservative,1m,2025-12-22 07:07:00+00:00,2025-12-22 06:41:00+00:00,2025-12-22 07:07:00+00:00,sell,False,dry_run,dry_run,,,True,0.5002435446,0.6076040863990784,0.48,0.44,gate_close,gate_close,0.0034999999999998014,0.0017317999999998013,8.841000000000001,0.6076040863990784,7.127019322141543,0.7914209963994394,8.8445,126.3,126.35,0.0017317999999998013,26.0
ETH/USDT,xgb_primary,primary,1m,2025-12-22 07:07:00+00:00,2025-12-22 07:03:00+00:00,2025-12-22 07:07:00+00:00,sell,True,min_hold,min_hold,,,False,0.5656820536,0.6076040863990784,0.48,0.43,take_profit,take_profit,0.025500000000000002,0.021804732154247945,18.17676,0.6076040863990784,3.8908196440224354,0.03296288543836033,,3029.46,3033.71,0.021804732154247945,4.0
BTC/USDT,xgb_primary,conservative,1m,2025-12-22 07:07:00+00:00,2025-12-22 07:02:00+00:00,2025-12-22 07:07:00+00:00,sell,True,dry_run,dry_run,,,True,0.5656820536,0.6076040863990784,0.56,0.45,take_profit,take_profit,0.0132,0.011419519999999999,8.9024,0.6076040863990784,2.0848294434472336,0.3017137847703213,8.915600000000001,89024.0,89156.0,0.011419519999999999,5.0
ETH/USDT,xgb_primary,primary,1m,2025-12-22 07:09:00+00:00,2025-12-22 07:03:00+00:00,2025-12-22 07:09:00+00:00,sell,True,dry_run,dry_run,,,True,0.5656820536,0.6076040863990784,0.48,0.43,take_profit,take_profit,0.023400000000000545,0.019764648000000544,18.17676,0.6076040863990784,0.0329666888085131,0.0329666888085131,18.20016,3029.46,3033.36,0.019764648000000544,6.0
SOL/USDT,xgb_primary,conservative,1m,2025-12-22 07:09:00+00:00,,2025-12-22 07:09:00+00:00,buy,True,dry_run,dry_run,,exchange_qty_step,True,0.6076040863990784,0.6076040863990784,,0.48,dry_run,,,,,0.6076040863990784,0.7912957467846414,,8.8466,,126.38,0.0,
BTC/USDT,xgb_primary,conservative,1m,2025-12-22 07:10:00+00:00,,2025-12-22 07:10:00+00:00,buy,True,dry_run,dry_run,,exchange_qty_step,True,0.6076040863990784,0.6076040863990784,,0.56,dry_run,,,,,0.6076040863990784,0.0011214328406966307,,8.917164,,89171.64,0.0,
ETH/USDT,xgb_primary,primary,1m,2025-12-22 07:10:00+00:00,,2025-12-22 07:10:00+00:00,buy,True,cooldown_after_exit,cooldown_after_exit,cooldown_after_exit,,False,0.6076040863990784,0.6076040863990784,,0.48,cooldown_after_exit,,,,,0.6076040863990784,,,20.0,,3032.4,0.0,
BTC/USDT,xgb_primary,conservative,1m,2025-12-22 07:11:00+00:00,2025-12-22 07:10:00+00:00,2025-12-22 07:11:00+00:00,sell,False,min_hold,min_hold,,,False,0.6076040864,0.6076040863990784,0.56,0.45,gate_close,gate_close,-0.0046319999999992435,-0.0064164333196602185,8.917164,0.6076040863990784,5.120462640416407,0.0011220155432545473,,89171.64,89125.32,-0.0064164333196602185,1.0
ETH/USDT,xgb_primary,primary,1m,2025-12-22 07:11:00+00:00,,2025-12-22 07:11:00+00:00,buy,True,dry_run,dry_run,,exchange_qty_step,True,0.6076040863990784,0.6076040863990784,,0.48,dry_run,,,,,0.6076040863990784,0.032953435149182767,,18.20754,,3034.59,0.0,
SOL/USDT,xgb_primary,conservative,1m,2025-12-22 07:19:00+00:00,2025-12-22 07:09:00+00:00,2025-12-22 07:19:00+00:00,sell,False,pnl_block,pnl_block,,,False,0.6076040864,0.6076040863990784,0.48,0.44,gate_close,gate_close,-0.0013999999999997216,-0.0038694030926285762,8.8466,0.6076040863990784,13.45681944114634,0.7913583666367361,,126.38,126.36,-0.0038694030926285762,10.0
BTC/USDT,xgb_primary,conservative,1m,2025-12-22 07:19:00+00:00,2025-12-22 07:10:00+00:00,2025-12-22 07:19:00+00:00,sell,False,pnl_block,pnl_block,,,False,0.6076040864,0.5002435445785522,0.56,0.45,trailing_prob_drop,trailing_prob_drop,-0.007614999999999418,-0.009399433654643677,8.917164,0.5002435445785522,4.61814382722882,0.001122391204489218,,89171.64,89095.49,-0.009399433654643677,9.0
BTC/USDT,xgb_primary,conservative,1m,2025-12-22 07:21:00+00:00,2025-12-22 07:10:00+00:00,2025-12-22 07:21:00+00:00,sell,False,pnl_block,pnl_block,,,False,0.6076040864,0.4742901027202606,0.56,0.45,trailing_prob_drop,trailing_prob_drop,-0.006164999999999418,-0.007949433491784367,8.917164,0.4742901027202606,2.313783119599414,0.001122208568720188,,89171.64,89109.99,-0.007949433491784367,11.0
ETH/USDT,xgb_primary,primary,1m,2025-12-22 07:22:00+00:00,2025-12-22 07:11:00+00:00,2025-12-22 07:22:00+00:00,sell,False,pnl_block,pnl_block,,,False,0.6076040864,0.41829004883766174,0.48,0.43,prob_floor,"prob_floor,trailing_prob_drop",-0.005940000000001419,-0.009641527481774416,18.20754,0.41829004883766174,,0.03296408069019625,,3034.59,3033.6,-0.009641527481774416,11.0
SOL/USDT,xgb_primary,conservative,1m,2025-12-22 07:22:00+00:00,2025-12-22 07:09:00+00:00,2025-12-22 07:22:00+00:00,sell,False,pnl_block,pnl_block,,,False,0.6076040864,0.565682053565979,0.48,0.44,gate_close,gate_close,-0.0006999999999993635,-0.003169347695349865,8.8466,0.565682053565979,7.910140800506923,0.7912957467846414,,126.38,126.37,-0.003169347695349865,13.0
BTC/USDT,xgb_primary,conservative,1m,2025-12-22 07:22:00+00:00,2025-12-22 07:10:00+00:00,2025-12-22 07:22:00+00:00,sell,False,pnl_block,pnl_block,,,False,0.6076040864,0.5002435445785522,0.56,0.45,trailing_prob_drop,trailing_prob_drop,-0.007308999999999651,-0.009093433620270567,8.917164,0.5002435445785522,2.2774464000361148,0.0011223526570954278,,89171.64,89098.55,-0.009093433620270567,12.0
ETH/USDT,xgb_primary,primary,1m,2025-12-22 07:23:00+00:00,2025-12-22 07:11:00+00:00,2025-12-22 07:23:00+00:00,sell,False,pnl_block,pnl_block,,,False,0.6076040864,0.4742901027202606,0.48,0.43,trailing_prob_drop,trailing_prob_drop,-0.023460000000001854,-0.027161585309258336,18.20754,0.4742901027202606,3.265634638157066,0.03299584087497803,,3034.59,3030.68,-0.027161585309258336,12.0
BTC/USDT,xgb_primary,conservative,1m,2025-12-22 07:23:00+00:00,2025-12-22 07:10:00+00:00,2025-12-22 07:23:00+00:00,sell,False,pnl_block,pnl_block,,,False,0.6076040864,0.4742901027202606,0.56,0.45,trailing_prob_drop,trailing_prob_drop,-0.007516999999999826,-0.009301433643635372,8.917164,0.4742901027202606,4.489865539692247,0.0011223788589572493,,89171.64,89096.47,-0.009301433643635372,13.0
ETH/USDT,xgb_primary,primary,1m,2025-12-22 07:24:00+00:00,2025-12-22 07:11:00+00:00,2025-12-22 07:24:00+00:00,sell,False,pnl_block,pnl_block,,,False,0.6076040864,0.4742901027202606,0.48,0.43,trailing_prob_drop,trailing_prob_drop,-0.02076000000000022,-0.024461576390222263,18.20754,0.4742901027202606,1.550602425537432,0.0329909423360013,,3034.59,3031.13,-0.024461576390222263,13.0
BTC/USDT,xgb_primary,conservative,1m,2025-12-22 07:25:00+00:00,2025-12-22 07:10:00+00:00,2025-12-22 07:25:00+00:00,sell,False,pnl_block,pnl_block,,,False,0.6076040864,0.4742901027202606,0.56,0.45,trailing_prob_drop,trailing_prob_drop,-0.005271000000000641,-0.007055433391402266,8.917164,0.4742901027202606,,0.001122095995571898,,89171.64,89118.93,-0.007055433391402266,15.0
BTC/USDT,xgb_primary,conservative,1m,2025-12-22 07:26:00+00:00,2025-12-22 07:10:00+00:00,2025-12-22 07:26:00+00:00,sell,False,pnl_block,pnl_block,,,False,0.6076040864,0.4742901027202606,0.56,0.45,trailing_prob_drop,trailing_prob_drop,-0.0031649999999994183,-0.00494943315500228,8.917164,0.4742901027202606,0.0011220959326169303,0.0011218308902486826,,89171.64,89139.99,-0.00494943315500228,16.0
ETH/USDT,xgb_primary,primary,1m,2025-12-22 07:26:00+00:00,2025-12-22 07:11:00+00:00,2025-12-22 07:26:00+00:00,sell,False,pnl_block,pnl_block,,,False,0.6076040864,0.41829004883766174,0.48,0.43,prob_floor,"prob_floor,trailing_prob_drop",-0.020160000000000764,-0.023861574408575385,18.20754,0.41829004883766174,,0.0329898539696313,,3034.59,3031.23,-0.023861574408575385,15.0
SOL/USDT,xgb_primary,conservative,1m,2025-12-22 07:26:00+00:00,2025-12-22 07:09:00+00:00,2025-12-22 07:26:00+00:00,sell,False,dry_run,dry_run,,,True,0.6076040864,0.4742901027202606,0.48,0.44,prob_trailing,trailing_prob_drop,0.0021000000000000797,0.00033068000000007966,8.8466,0.4742901027202606,3.1655587211147718,0.7910453664521708,8.848700000000001,126.38,126.41,0.00033068000000007966,17.0
BTC/USDT,xgb_primary,conservative,1m,2025-12-22 07:27:00+00:00,2025-12-22 07:10:00+00:00,2025-12-22 07:27:00+00:00,sell,False,pnl_block,pnl_block,,,False,0.6076040864,0.5002435445785522,0.56,0.45,trailing_prob_drop,trailing_prob_drop,-0.006038999999999942,-0.007823433477635481,8.917164,0.5002435445785522,3.3957822970368374,0.0011221927011084414,,89171.64,89111.25,-0.007823433477635481,17.0
BTC/USDT,xgb_primary,conservative,1m,2025-12-22 07:28:00+00:00,2025-12-22 07:10:00+00:00,2025-12-22 07:28:00+00:00,sell,False,pnl_block,pnl_block,,,False,0.6076040864,0.4742901027202606,0.56,0.45,trailing_prob_drop,trailing_prob_drop,-0.006039999999999418,-0.007824433477747252,8.917164,0.4742901027202606,3.2274260289883414,0.0011221928270401015,,89171.64,89111.24,-0.007824433477747252,18.0
BTC/USDT,xgb_primary,conservative,1m,2025-12-22 07:29:00+00:00,2025-12-22 07:10:00+00:00,2025-12-22 07:29:00+00:00,sell,False,pnl_block,pnl_block,,,False,0.6076040864,0.4742901027202606,0.56,0.45,trailing_prob_drop,trailing_prob_drop,-0.005519000000000233,-0.007303433419247072,8.917164,0.4742901027202606,1.263589053008993,0.0011221272221065375,,89171.64,89116.45,-0.007303433419247072,19.0
BTC/USDT,xgb_primary,conservative,1m,2025-12-22 07:30:00+00:00,2025-12-22 07:10:00+00:00,2025-12-22 07:30:00+00:00,sell,False,pnl_block,pnl_block,,,False,0.6076040864,0.5002435445785522,0.56,0.45,trailing_prob_drop,trailing_prob_drop,-0.006410000000000583,-0.008194433519300874,8.917164,0.5002435445785522,0.5857503765298985,0.0011222394253273644,,89171.64,89107.54,-0.008194433519300874,20.0
BTC/USDT,xgb_primary,conservative,1m,2025-12-22 07:31:00+00:00,2025-12-22 07:10:00+00:00,2025-12-22 07:31:00+00:00,sell,False,pnl_block,pnl_block,,,False,0.6076040864,0.5002435445785522,0.56,0.45,trailing_prob_drop,trailing_prob_drop,-0.0045369999999995345,-0.006323434326653424,8.917164,0.5002435445785522,0.0011221272850650162,0.0033660103749231607,,89171.64,89126.27,-0.006323434326653424,21.0
BTC/USDT,xgb_primary,conservative,1m,2025-12-22 07:32:00+00:00,2025-12-22 07:10:00+00:00,2025-12-22 07:32:00+00:00,sell,False,pnl_block,pnl_block,,,False,0.6076040864,0.4742901027202606,0.56,0.45,trailing_prob_drop,trailing_prob_drop,-0.001564999999999418,-0.0033494329754778394,8.917164,0.4742901027202606,3.5455315251054285,0.0011216295656575096,,89171.64,89155.99,-0.0033494329754778394,22.0
BTC/USDT,xgb_primary,conservative,1m,2025-12-22 07:33:00+00:00,2025-12-22 07:10:00+00:00,2025-12-22 07:33:00+00:00,sell,False,pnl_block,pnl_block,,,False,0.6076040864,0.5002435445785522,0.56,0.45,trailing_prob_drop,trailing_prob_drop,4.30000000007567e-05,-0.0017414327951205102,8.917164,0.5002435445785522,0.9660514269230995,0.0011214273072328203,,89171.64,89172.07,-0.0017414327951205102,23.0
BTC/USDT,xgb_primary,conservative,1m,2025-12-22 07:34:00+00:00,2025-12-22 07:10:00+00:00,2025-12-22 07:34:00+00:00,sell,False,pnl_block,pnl_block,,,False,0.6076040864,0.565682053565979,0.56,0.45,gate_close,gate_close,-0.0025819999999992433,-0.004366433089580424,8.917164,0.565682053565979,4.935401304981869,0.0011217575242319323,,89171.64,89145.82,-0.004366433089580424,24.0
SOL/USDT,xgb_primary,conservative,1m,2025-12-22 07:35:00+00:00,,2025-12-22 07:35:00+00:00,buy,True,dry_run,dry_run,,exchange_qty_step,True,0.5002435445785522,0.5002435445785522,,0.48,dry_run,,,,,0.5002435445785522,0.7919223916060277,,8.8396,,126.28,0.0,
SOL/USDT,xgb_primary,conservative,1m,2025-12-22 07:37:00+00:00,2025-12-22 07:35:00+00:00,2025-12-22 07:37:00+00:00,sell,False,min_hold,min_hold,,,False,0.5002435446,0.41829004883766174,0.48,0.44,prob_floor,prob_floor,0.0,-0.002467892284911472,8.8396,0.41829004883766174,,0.7918596824646725,,126.28,126.28,-0.002467892284911472,2.0
SOL/USDT,xgb_primary,conservative,1m,2025-12-22 07:38:00+00:00,2025-12-22 07:35:00+00:00,2025-12-22 07:38:00+00:00,sell,False,min_hold,min_hold,,,False,0.5002435446,0.41829004883766174,0.48,0.44,prob_floor,prob_floor,-0.008400000000000319,-0.010868558053343521,8.8396,0.41829004883766174,,0.7926128482546757,,126.28,126.16,-0.010868558053343521,3.0
BTC/USDT,xgb_primary,conservative,1m,2025-12-22 07:39:00+00:00,2025-12-22 07:10:00+00:00,2025-12-22 07:39:00+00:00,sell,False,pnl_block,pnl_block,,,False,0.6076040864,0.4742901027202606,0.56,0.45,trailing_prob_drop,trailing_prob_drop,-0.007164999999999418,-0.00894943360409546,8.917164,0.4742901027202606,7.2224349439224635,0.001122334518061568,,89171.64,89099.99,-0.00894943360409546,29.0
SOL/USDT,xgb_primary,conservative,1m,2025-12-22 07:39:00+00:00,2025-12-22 07:35:00+00:00,2025-12-22 07:39:00+00:00,sell,False,min_hold,min_hold,,,False,0.5002435446,0.41829004883766174,0.48,0.44,prob_floor,prob_floor,-0.002800000000000438,-0.0052681140670925615,8.8396,0.41829004883766174,10.30437539632177,0.7921105786371829,,126.28,126.24,-0.0052681140670925615,4.0
BTC/USDT,xgb_primary,conservative,1m,2025-12-22 07:40:00+00:00,2025-12-22 07:10:00+00:00,2025-12-22 07:40:00+00:00,sell,False,pnl_block,pnl_block,,,False,0.6076040864,0.4742901027202606,0.56,0.45,trailing_prob_drop,trailing_prob_drop,-0.005583999999999651,-0.0073684334265434305,8.917164,0.4742901027202606,3.126824144424773,0.0011221354051350724,,89171.64,89115.8,-0.0073684334265434305,30.0
ETH/USDT,xgb_primary,primary,1m,2025-12-22 07:40:00+00:00,2025-12-22 07:11:00+00:00,2025-12-22 07:40:00+00:00,sell,False,pnl_block,pnl_block,,,False,0.6076040864,0.41829004883766174,0.48,0.43,prob_floor,"prob_floor,trailing_prob_drop",-0.03252000000000044,-0.03622161525692541,18.20754,0.41829004883766174,,0.03301228882373429,,3034.59,3029.17,-0.03622161525692541,29.0
SOL/USDT,xgb_primary,conservative,1m,2025-12-22 07:40:00+00:00,2025-12-22 07:35:00+00:00,2025-12-22 07:40:00+00:00,sell,False,pnl_block,pnl_block,,,False,0.5002435446,0.41829004883766174,0.48,0.44,prob_floor,prob_floor,-0.005599999999999881,-0.008068335989857015,8.8396,0.41829004883766174,5.544993662863845,0.7923616338489684,,126.28,126.2,-0.008068335989857015,5.0
ETH/USDT,xgb_primary,primary,1m,2025-12-22 07:41:00+00:00,2025-12-22 07:11:00+00:00,2025-12-22 07:41:00+00:00,sell,False,pnl_block,pnl_block,,,False,0.6076040864,0.41829004883766174,0.48,0.43,prob_floor,"prob_floor,trailing_prob_drop",-0.033660000000000766,-0.03736161902729067,18.20754,0.41829004883766174,,0.03301435959492547,,3034.59,3028.98,-0.03736161902729067,30.0
SOL/USDT,xgb_primary,conservative,1m,2025-12-22 07:41:00+00:00,2025-12-22 07:35:00+00:00,2025-12-22 07:41:00+00:00,sell,False,pnl_block,pnl_block,,,False,0.5002435446,0.41829004883766174,0.48,0.44,prob_floor,prob_floor,0.0013999999999997216,-0.0010677814464991919,8.8396,0.41829004883766174,3.1695721077648207,0.7917342939713483,,126.28,126.3,-0.0010677814464991919,6.0
BTC/USDT,xgb_primary,conservative,1m,2025-12-22 07:41:00+00:00,2025-12-22 07:10:00+00:00,2025-12-22 07:41:00+00:00,sell,False,pnl_block,pnl_block,,,False,0.6076040864,0.4742901027202606,0.56,0.45,trailing_prob_drop,trailing_prob_drop,-0.0028360000000000585,-0.004620433118082943,8.917164,0.4742901027202606,1.820757738304709,0.0011217894869772085,,89171.64,89143.28,-0.004620433118082943,31.0
BTC/USDT,xgb_primary,conservative,1m,2025-12-22 07:42:00+00:00,2025-12-22 07:10:00+00:00,2025-12-22 07:42:00+00:00,sell,False,pnl_block,pnl_block,,,False,0.6076040864,0.5002435445785522,0.56,0.45,trailing_prob_drop,trailing_prob_drop,-0.001164999999999418,-0.0029494329306067974,8.917164,0.5002435445785522,1.7939727228624813,0.0011215792457997906,,89171.64,89159.99,-0.0029494329306067974,32.0
SOL/USDT,xgb_primary,conservative,1m,2025-12-22 07:43:00+00:00,2025-12-22 07:35:00+00:00,2025-12-22 07:43:00+00:00,sell,False,dry_run,dry_run,,,True,0.5002435446,0.5002435445785522,0.48,0.44,gate_close,gate_close,0.004200000000000159,0.0024320800000001593,8.8396,0.5002435445785522,7.120253164557232,0.7914836360751043,8.843800000000002,126.28,126.34,0.0024320800000001593,8.0
SOL/USDT,xgb_primary,conservative,1m,2025-12-22 07:44:00+00:00,,2025-12-22 07:44:00+00:00,buy,True,cooldown_after_exit,cooldown_after_exit,cooldown_after_exit,,False,0.5002435445785522,0.5002435445785522,,0.48,cooldown_after_exit,,,,,0.5002435445785522,,,10.0,,126.34,0.0,
SOL/USDT,xgb_primary,conservative,1m,2025-12-22 07:45:00+00:00,,2025-12-22 07:45:00+00:00,buy,True,dry_run,dry_run,,exchange_qty_step,True,0.5002435445785522,0.5002435445785522,,0.48,dry_run,,,,,0.5002435445785522,0.7919223916060277,,8.8396,,126.28,0.0,
BTC/USDT,xgb_primary,conservative,1m,2025-12-22 07:45:00+00:00,2025-12-22 07:10:00+00:00,2025-12-22 07:45:00+00:00,sell,False,pnl_block,pnl_block,,,False,0.6076040864,0.4742901027202606,0.56,0.45,trailing_prob_drop,trailing_prob_drop,-0.007972000000000116,-0.009756433694749593,8.917164,0.4742901027202606,5.910641781660432,0.001122436179795342,,89171.64,89091.92,-0.009756433694749593,35.0
ETH/USDT,xgb_primary,primary,1m,2025-12-22 07:46:00+00:00,2025-12-22 07:11:00+00:00,2025-12-22 07:46:00+00:00,sell,False,pnl_block,pnl_block,,,False,0.6076040864,0.4742901027202606,0.48,0.43,trailing_prob_drop,trailing_prob_drop,-0.033540000000000875,-0.037241618630390716,18.20754,0.4742901027202606,,0.03301414160827822,,3034.59,3029.0,-0.037241618630390716,35.0
BTC/USDT,xgb_primary,conservative,1m,2025-12-22 07:46:00+00:00,2025-12-22 07:10:00+00:00,2025-12-22 07:46:00+00:00,sell,False,pnl_block,pnl_block,,,False,0.6076040864,0.5002435445785522,0.56,0.45,trailing_prob_drop,trailing_prob_drop,-0.00882100000000064,-0.010605433790140761,8.917164,0.5002435445785522,0.20540161346915425,0.0011225431539896532,,89171.64,89083.43,-0.010605433790140761,36.0
BTC/USDT,xgb_primary,conservative,1m,2025-12-22 07:47:00+00:00,2025-12-22 07:10:00+00:00,2025-12-22 07:47:00+00:00,sell,False,pnl_block,pnl_block,,,False,0.6076040864,0.4742901027202606,0.56,0.45,trailing_prob_drop,trailing_prob_drop,-0.010161000000000059,-0.011945433940731096,8.917164,0.4742901027202606,0.500630895952158,0.001122712031578444,,89171.64,89070.03,-0.011945433940731096,37.0
ETH/USDT,xgb_primary,primary,1m,2025-12-22 07:47:00+00:00,2025-12-22 07:11:00+00:00,2025-12-22 07:47:00+00:00,sell,False,pnl_block,pnl_block,,,False,0.6076040864,0.41829004883766174,0.48,0.43,prob_floor,"prob_floor,trailing_prob_drop",-0.03582000000000153,-0.03952162617244083,18.20754,0.41829004883766174,,0.03301828387541633,,3034.59,3028.62,-0.03952162617244083,36.0
ETH/USDT,xgb_primary,primary,1m,2025-12-22 07:48:00+00:00,2025-12-22 07:11:00+00:00,2025-12-22 07:48:00+00:00,sell,False,pnl_block,pnl_block,,,False,0.6076040864,0.41829004883766174,0.48,0.43,prob_floor,"prob_floor,trailing_prob_drop",-0.036600000000002186,-0.04030162875305081,18.20754,0.41829004883766174,,0.03301970120544455,,3034.59,3028.49,-0.04030162875305081,37.0
SOL/USDT,xgb_primary,conservative,1m,2025-12-22 07:48:00+00:00,2025-12-22 07:45:00+00:00,2025-12-22 07:48:00+00:00,sell,False,min_hold,min_hold,,,False,0.5002435446,0.5002435445785522,0.48,0.44,gate_close,gate_close,0.0021000000000000797,-0.00036772604045370383,8.8396,0.5002435445785522,7.120253164557232,0.7916716146135381,,126.28,126.31,-0.00036772604045370383,3.0
BTC/USDT,xgb_primary,conservative,1m,2025-12-22 07:48:00+00:00,2025-12-22 07:10:00+00:00,2025-12-22 07:48:00+00:00,sell,False,pnl_block,pnl_block,,,False,0.6076040864,0.41829004883766174,0.56,0.45,prob_floor,"prob_floor,trailing_prob_drop",-0.013527999999999884,-0.015312434319322391,8.917164,0.41829004883766174,1.97035950584539,0.0011231365964638506,,89171.64,89036.36,-0.015312434319322391,38.0
BTC/USDT,xgb_primary,conservative,1m,2025-12-22 07:49:00+00:00,2025-12-22 07:10:00+00:00,2025-12-22 07:49:00+00:00,sell,False,pnl_block,pnl_block,,,False,0.6076040864,0.41829004883766174,0.56,0.45,prob_floor,"prob_floor,trailing_prob_drop",-0.014341999999999825,-0.016126434410892926,8.917164,0.41829004883766174,2.9682084991829303,0.0011232392867274743,,89171.64,89028.22,-0.016126434410892926,39.0
ETH/USDT,xgb_primary,primary,1m,2025-12-22 07:50:00+00:00,2025-12-22 07:11:00+00:00,2025-12-22 07:50:00+00:00,sell,False,pnl_block,pnl_block,,,False,0.6076040864,0.41829004883766174,0.48,0.43,prob_floor,"prob_floor,trailing_prob_drop",-0.042540000000000876,-0.04624164841265221,18.20754,0.41829004883766174,,0.033030498711705776,,3034.59,3027.5,-0.04624164841265221,39.0
BTC/USDT,xgb_primary,conservative,1m,2025-12-22 07:50:00+00:00,2025-12-22 07:10:00+00:00,2025-12-22 07:50:00+00:00,sell,False,pnl_block,pnl_block,,,False,0.6076040864,0.41829004883766174,0.56,0.45,prob_floor,"prob_floor,trailing_prob_drop",-0.01270399999999936,-0.01448843422664338,8.917164,0.41829004883766174,0.9154400705747211,0.0011230326637712987,,89171.64,89044.6,-0.01448843422664338,40.0
ETH/USDT,xgb_primary,primary,1m,2025-12-22 07:51:00+00:00,2025-12-22 07:11:00+00:00,2025-12-22 07:51:00+00:00,sell,False,pnl_block,pnl_block,,,False,0.6076040864,0.41829004883766174,0.48,0.43,prob_floor,"prob_floor,trailing_prob_drop",-0.03761999999999989,-0.041321632128023034,18.20754,0.41829004883766174,,0.03302155481912784,,3034.59,3028.32,-0.041321632128023034,40.0
SOL/USDT,xgb_primary,conservative,1m,2025-12-22 07:51:00+00:00,2025-12-22 07:45:00+00:00,2025-12-22 07:51:00+00:00,sell,False,pnl_block,pnl_block,,,False,0.5002435446,0.5002435445785522,0.48,0.44,gate_close,gate_close,-0.0021000000000000797,-0.0045680586083723836,8.8396,0.5002435445785522,5.541043299294956,0.7920478396899224,,126.28,126.25,-0.0045680586083723836,6.0
BTC/USDT,xgb_primary,conservative,1m,2025-12-22 07:51:00+00:00,2025-12-22 07:10:00+00:00,2025-12-22 07:51:00+00:00,sell,False,pnl_block,pnl_block,,,False,0.6076040864,0.41829004883766174,0.56,0.45,prob_floor,"prob_floor,trailing_prob_drop",-0.014086000000000059,-0.01587043438209274,8.917164,0.41829004883766174,1.278083153797615,0.0011232069889938981,,89171.64,89030.78,-0.01587043438209274,41.0
ETH/USDT,xgb_primary,primary,1m,2025-12-22 07:52:00+00:00,2025-12-22 07:11:00+00:00,2025-12-22 07:52:00+00:00,sell,False,pnl_block,pnl_block,,,False,0.6076040864,0.41829004883766174,0.48,0.43,prob_floor,"prob_floor,trailing_prob_drop",-0.038400000000000545,-0.04210163470914434,18.20754,0.41829004883766174,,0.03302297242999058,,3034.59,3028.19,-0.04210163470914434,41.0
BTC/USDT,xgb_primary,conservative,1m,2025-12-22 07:52:00+00:00,2025-12-22 07:10:00+00:00,2025-12-22 07:52:00+00:00,sell,False,pnl_block,pnl_block,,,False,0.6076040864,0.41829004883766174,0.56,0.45,prob_floor,"prob_floor,trailing_prob_drop",-0.01216499999999942,-0.013949434166029291,8.917164,0.41829004883766174,2.38344536574892,0.0011229646890784566,,89171.64,89049.99,-0.013949434166029291,42.0
BTC/USDT,xgb_primary,conservative,1m,2025-12-22 07:53:00+00:00,2025-12-22 07:10:00+00:00,2025-12-22 07:53:00+00:00,sell,False,pnl_block,pnl_block,,,False,0.6076040864,0.41829004883766174,0.56,0.45,prob_floor,"prob_floor,trailing_prob_drop",-0.010383000000000175,-0.012167433965685929,8.917164,0.41829004883766174,1.5363710578698155,0.0011227400166169143,,89171.64,89067.81,-0.012167433965685929,43.0
ETH/USDT,xgb_primary,primary,1m,2025-12-22 07:53:00+00:00,2025-12-22 07:11:00+00:00,2025-12-22 07:53:00+00:00,sell,False,pnl_block,pnl_block,,,False,0.6076040864,0.4742901027202606,0.48,0.43,trailing_prob_drop,trailing_prob_drop,-0.036300000000001095,-0.04000162776048145,18.20754,0.4742901027202606,1.1558517471521763,0.03301915606411091,,3034.59,3028.54,-0.04000162776048145,42.0
BTC/USDT,xgb_primary,conservative,1m,2025-12-22 07:55:00+00:00,2025-12-22 07:10:00+00:00,2025-12-22 07:55:00+00:00,sell,False,pnl_block,pnl_block,,,False,0.6076040864,0.5002435445785522,0.56,0.45,trailing_prob_drop,trailing_prob_drop,-0.008206999999999244,-0.009991433721150269,8.917164,0.5002435445785522,,0.0011224657873562995,,89171.64,89089.57,-0.009991433721150269,45.0
BTC/USDT,xgb_primary,conservative,1m,2025-12-22 07:56:00+00:00,2025-12-22 07:10:00+00:00,2025-12-22 07:56:00+00:00,sell,False,pnl_block,pnl_block,,,False,0.6076040864,0.5002435445785522,0.56,0.45,trailing_prob_drop,trailing_prob_drop,-0.011385000000000582,-0.013169434078328695,8.917164,0.5002435445785522,1.6514197550898928,0.0011228663374512277,,89171.64,89057.79,-0.013169434078328695,46.0
BTC/USDT,xgb_primary,conservative,1m,2025-12-22 07:57:00+00:00,2025-12-22 07:10:00+00:00,2025-12-22 07:57:00+00:00,sell,False,pnl_block,pnl_block,,,False,0.6076040864,0.4742901027202606,0.56,0.45,trailing_prob_drop,trailing_prob_drop,-0.0041259999999994764,-0.005910433262860186,8.917164,0.4742901027202606,1.9960409235538594,0.0011219518455755923,,89171.64,89130.38,-0.005910433262860186,47.0
ETH/USDT,xgb_primary,primary,1m,2025-12-22 07:57:00+00:00,2025-12-22 07:11:00+00:00,2025-12-22 07:57:00+00:00,sell,False,pnl_block,pnl_block,,,False,0.6076040864,0.4742901027202606,0.48,0.43,trailing_prob_drop,trailing_prob_drop,-0.03672000000000208,-0.04042162915008718,18.20754,0.4742901027202606,,0.03301991926701815,,3034.59,3028.47,-0.04042162915008718,46.0
ETH/USDT,xgb_primary,primary,1m,2025-12-22 07:58:00+00:00,2025-12-22 07:11:00+00:00,2025-12-22 07:58:00+00:00,sell,False,pnl_block,pnl_block,,,False,0.6076040864,0.41829004883766174,0.48,0.43,prob_floor,"prob_floor,trailing_prob_drop",-0.024780000000000656,-0.02848158967063394,18.20754,0.41829004883766174,5.04950495049571,0.03299823624349244,,3034.59,3030.46,-0.02848158967063394,47.0
BTC/USDT,xgb_primary,conservative,1m,2025-12-22 07:58:00+00:00,2025-12-22 07:10:00+00:00,2025-12-22 07:58:00+00:00,sell,False,pnl_block,pnl_block,,,False,0.6076040864,0.41829004883766174,0.56,0.45,prob_floor,"prob_floor,trailing_prob_drop",0.00030899999999965075,-0.0014754327652941406,8.917164,0.41829004883766174,8.682785824541465,0.0011213938577236283,,89171.64,89174.73,-0.0014754327652941406,48.0
BTC/USDT,xgb_primary,conservative,1m,2025-12-22 07:59:00+00:00,2025-12-22 07:10:00+00:00,2025-12-22 07:59:00+00:00,sell,False,dry_run,dry_run,,,True,0.6076040864,0.5002435445785522,0.56,0.45,prob_trailing,trailing_prob_drop,0.0021089999999996507,0.00032556719999965065,8.917164,0.5002435445785522,6.047676729980661,0.0011211675490513018,8.919273,89171.64,89192.73,0.00032556719999965065,49.0
SOL/USDT,xgb_primary,conservative,1m,2025-12-22 08:00:00+00:00,2025-12-22 07:45:00+00:00,2025-12-22 08:00:00+00:00,sell,False,dry_run,dry_run,,,True,0.5002435446,0.5002435445785522,0.48,0.44,take_profit,"take_profit,gate_close",0.01610000000000028,0.014332080000000282,8.8396,0.5002435445785522,7.120816520294596,0.790420108286836,8.8557,126.28,126.51,0.014332080000000282,15.0
SOL/USDT,xgb_primary,conservative,1m,2025-12-22 08:02:00+00:00,,2025-12-22 08:02:00+00:00,buy,True,dry_run,dry_run,,exchange_qty_step,True,0.6076040863990784,0.6076040863990784,,0.48,dry_run,,,,,0.6076040863990784,0.7901702816961096,,8.859200000000001,,126.56,0.0,
BTC/USDT,xgb_primary,conservative,1m,2025-12-22 08:02:00+00:00,,2025-12-22 08:02:00+00:00,buy,True,dry_run,dry_run,,exchange_qty_step,True,0.6076040863990784,0.6076040863990784,,0.56,dry_run,,,,,0.6076040863990784,0.0011203979020057767,,8.925400999999999,,89254.01,0.0,
SOL/USDT,xgb_primary,conservative,1m,2025-12-22 08:04:00+00:00,2025-12-22 08:02:00+00:00,2025-12-22 08:04:00+00:00,sell,False,min_hold,min_hold,,,False,0.6076040864,0.5002435445785522,0.48,0.44,gate_close,gate_close,-0.004900000000000518,-0.007372199698012656,8.859200000000001,0.5002435445785522,7.120253164556107,0.790545080833639,,126.56,126.49,-0.007372199698012656,2.0
BTC/USDT,xgb_primary,conservative,1m,2025-12-22 08:04:00+00:00,2025-12-22 08:02:00+00:00,2025-12-22 08:04:00+00:00,sell,False,min_hold,min_hold,,,False,0.6076040864,0.6076040863990784,0.56,0.45,gate_close,gate_close,-0.0012959999999991852,-0.0030820803451672724,8.925400999999999,0.6076040863990784,4.143457551134902,0.0011205604858393159,,89254.01,89241.05,-0.0030820803451672724,2.0
SOL/USDT,xgb_primary,conservative,1m,2025-12-22 08:06:00+00:00,2025-12-22 08:02:00+00:00,2025-12-22 08:06:00+00:00,sell,False,min_hold,min_hold,,,False,0.6076040864,0.5002435445785522,0.48,0.44,gate_close,gate_close,-0.016800000000000637,-0.01927314219671582,8.859200000000001,0.5002435445785522,7.911392405062841,0.7916089451814856,,126.56,126.32,-0.01927314219671582,4.0
SOL/USDT,xgb_primary,conservative,1m,2025-12-22 08:07:00+00:00,2025-12-22 08:02:00+00:00,2025-12-22 08:07:00+00:00,sell,False,pnl_block,pnl_block,,,False,0.6076040864,0.5002435445785522,0.48,0.44,gate_close,gate_close,-0.025199999999999962,-0.02767380901865944,8.859200000000001,0.5002435445785522,10.289694475226346,0.7923616338489684,,126.56,126.2,-0.02767380901865944,5.0
BTC/USDT,xgb_primary,conservative,1m,2025-12-22 08:07:00+00:00,2025-12-22 08:02:00+00:00,2025-12-22 08:07:00+00:00,sell,False,pnl_block,pnl_block,,,False,0.6076040864,0.565682053565979,0.56,0.45,gate_close,gate_close,-0.012986000000000058,-0.014772081657013401,8.925400999999999,0.565682053565979,5.957024197270282,0.0011220302744315753,,89254.01,89124.15,-0.014772081657013401,5.0
BTC/USDT,xgb_primary,conservative,1m,2025-12-22 08:08:00+00:00,2025-12-22 08:02:00+00:00,2025-12-22 08:08:00+00:00,sell,False,pnl_block,pnl_block,,,False,0.6076040864,0.565682053565979,0.56,0.45,gate_close,gate_close,-0.011626999999998952,-0.013413081504328036,8.925400999999999,0.565682053565979,5.373402677792354,0.0011218592073157462,,89254.01,89137.74,-0.013413081504328036,6.0
SOL/USDT,xgb_primary,conservative,1m,2025-12-22 08:09:00+00:00,2025-12-22 08:02:00+00:00,2025-12-22 08:09:00+00:00,sell,False,pnl_block,pnl_block,,,False,0.6076040864,0.4742901027202606,0.48,0.44,trailing_prob_drop,trailing_prob_drop,-0.027300000000000043,-0.029773975922330498,8.859200000000001,0.4742901027202606,4.753981459472488,0.7925500297210315,,126.56,126.17,-0.029773975922330498,7.0
SOL/USDT,xgb_primary,conservative,1m,2025-12-22 08:10:00+00:00,2025-12-22 08:02:00+00:00,2025-12-22 08:10:00+00:00,sell,False,pnl_block,pnl_block,,,False,0.6076040864,0.4742901027202606,0.48,0.44,trailing_prob_drop,trailing_prob_drop,-0.0280000000000004,-0.030474031574526182,8.859200000000001,0.4742901027202606,7.13266761768816,0.7926128482546757,,126.56,126.16,-0.030474031574526182,8.0
SOL/USDT,xgb_primary,conservative,1m,2025-12-22 08:11:00+00:00,2025-12-22 08:02:00+00:00,2025-12-22 08:11:00+00:00,sell,False,pnl_block,pnl_block,,,False,0.6076040864,0.4742901027202606,0.48,0.44,trailing_prob_drop,trailing_prob_drop,-0.03289999999999992,-0.03537442138704873,8.859200000000001,0.4742901027202606,,0.793052856972196,,126.56,126.09,-0.03537442138704873,9.0
SOL/USDT,xgb_primary,conservative,1m,2025-12-22 08:12:00+00:00,2025-12-22 08:02:00+00:00,2025-12-22 08:12:00+00:00,sell,False,pnl_block,pnl_block,,,False,0.6076040864,0.4742901027202606,0.48,0.44,trailing_prob_drop,trailing_prob_drop,-0.03010000000000048,-0.032574198584057606,8.859200000000001,0.4742901027202606,,0.7928013636187511,,126.56,126.13,-0.032574198584057606,10.0
BTC/USDT,xgb_primary,conservative,1m,2025-12-22 08:12:00+00:00,2025-12-22 08:02:00+00:00,2025-12-22 08:12:00+00:00,sell,False,pnl_block,pnl_block,,,False,0.6076040864,0.5002435445785522,0.56,0.45,trailing_prob_drop,trailing_prob_drop,-0.013201999999998952,-0.014988081681282593,8.925400999999999,0.5002435445785522,2.0021556842138675,0.0011220574668196455,,89254.01,89121.99,-0.014988081681282593,10.0
SOL/USDT,xgb_primary,conservative,1m,2025-12-22 08:13:00+00:00,2025-12-22 08:02:00+00:00,2025-12-22 08:13:00+00:00,sell,False,pnl_block,pnl_block,,,False,0.6076040864,0.41829004883766174,0.48,0.44,prob_floor,"prob_floor,trailing_prob_drop",-0.026599999999999683,-0.029073920278954547,8.859200000000001,0.41829004883766174,,0.7924872211428382,,126.56,126.18,-0.029073920278954547,11.0
BTC/USDT,xgb_primary,conservative,1m,2025-12-22 08:13:00+00:00,2025-12-22 08:02:00+00:00,2025-12-22 08:13:00+00:00,sell,False,pnl_block,pnl_block,,,False,0.6076040864,0.5002435445785522,0.56,0.45,trailing_prob_drop,trailing_prob_drop,-0.007401999999998953,-0.009188081029949138,8.925400999999999,0.5002435445785522,2.025313615044872,0.0011213277142212569,,89254.01,89179.99,-0.009188081029949138,11.0
BTC/USDT,xgb_primary,conservative,1m,2025-12-22 08:14:00+00:00,2025-12-22 08:02:00+00:00,2025-12-22 08:14:00+00:00,sell,False,pnl_block,pnl_block,,,False,0.6076040864,0.5002435445785522,0.56,0.45,trailing_prob_drop,trailing_prob_drop,-0.005488999999999942,-0.0072750808153096,8.925400999999999,0.5002435445785522,6.503700381251401,0.001121087231440132,,89254.01,89199.12,-0.0072750808153096,12.0
SOL/USDT,xgb_primary,conservative,1m,2025-12-22 08:15:00+00:00,2025-12-22 08:02:00+00:00,2025-12-22 08:15:00+00:00,sell,False,pnl_block,pnl_block,,,False,0.6076040864,0.41829004883766174,0.48,0.44,prob_floor,"prob_floor,trailing_prob_drop",-0.025199999999999962,-0.02767380901865944,8.859200000000001,0.41829004883766174,,0.7923616338489684,,126.56,126.2,-0.02767380901865944,13.0
BTC/USDT,xgb_primary,conservative,1m,2025-12-22 08:15:00+00:00,2025-12-22 08:02:00+00:00,2025-12-22 08:15:00+00:00,sell,False,pnl_block,pnl_block,,,False,0.6076040864,0.5002435445785522,0.56,0.45,trailing_prob_drop,trailing_prob_drop,0.00040200000000040746,-0.0013840801549050892,8.925400999999999,0.5002435445785522,5.8677708928066235,0.001120347316044019,,89254.01,89258.03,-0.0013840801549050892,13.0
ETH/USDT,xgb_primary,primary,1m,2025-12-22 08:16:00+00:00,2025-12-22 07:11:00+00:00,2025-12-22 08:16:00+00:00,sell,False,pnl_block,pnl_block,,,False,0.6076040864,0.4742901027202606,0.48,0.43,trailing_prob_drop,trailing_prob_drop,-0.0014400000000014189,-0.005141512646789278,18.20754,0.4742901027202606,,0.03295593297494288,,3034.59,3034.35,-0.005141512646789278,65.0
SOL/USDT,xgb_primary,conservative,1m,2025-12-22 08:16:00+00:00,2025-12-22 08:02:00+00:00,2025-12-22 08:16:00+00:00,sell,False,pnl_block,pnl_block,,,False,0.6076040864,0.41829004883766174,0.48,0.44,prob_floor,"prob_floor,trailing_prob_drop",-0.0175,-0.01997319771681843,8.859200000000001,0.41829004883766174,12.66223488445796,0.7916716146135381,,126.56,126.31,-0.01997319771681843,14.0
BTC/USDT,xgb_primary,conservative,1m,2025-12-22 08:16:00+00:00,2025-12-22 08:02:00+00:00,2025-12-22 08:16:00+00:00,sell,False,dry_run,dry_run,,,True,0.6076040864,0.4742901027202606,0.56,0.45,prob_trailing,trailing_prob_drop,0.005838000000000466,0.004052919800000466,8.925400999999999,0.4742901027202606,9.363862347862641,0.0011196654165148423,8.931239,89254.01,89312.39,0.004052919800000466,14.0
SOL/USDT,xgb_primary,conservative,1m,2025-12-22 08:17:00+00:00,2025-12-22 08:02:00+00:00,2025-12-22 08:17:00+00:00,sell,False,pnl_block,pnl_block,,,False,0.6076040864,0.41829004883766174,0.48,0.44,prob_floor,"prob_floor,trailing_prob_drop",0.0013999999999997216,-0.001071701752972948,8.859200000000001,0.41829004883766174,2.3749208359722243,0.7899830153655738,,126.56,126.58,-0.001071701752972948,15.0
ETH/USDT,xgb_primary,primary,1m,2025-12-22 08:17:00+00:00,2025-12-22 07:11:00+00:00,2025-12-22 08:17:00+00:00,sell,True,dry_run,dry_run,,,True,0.6076040864,0.5002435445785522,0.48,0.43,take_profit,take_profit,0.025979999999999562,0.02233849199999956,18.20754,0.5002435445785522,0.032906373141040106,0.032906373141040106,18.233520000000002,3034.59,3038.92,0.02233849199999956,66.0
SOL/USDT,xgb_primary,conservative,1m,2025-12-22 08:18:00+00:00,2025-12-22 08:02:00+00:00,2025-12-22 08:18:00+00:00,sell,False,dry_run,dry_run,,,True,0.6076040864,0.5002435445785522,0.48,0.44,take_profit,"take_profit,gate_close",0.013299999999999841,0.011528159999999841,8.859200000000001,0.5002435445785522,21.330383946911855,0.7889235138657343,8.8725,126.56,126.75,0.011528159999999841,16.0
ETH/USDT,xgb_primary,primary,1m,2025-12-22 08:20:00+00:00,,2025-12-22 08:20:00+00:00,buy,True,dry_run,dry_run,,exchange_qty_step,True,0.6076040863990784,0.6076040863990784,,0.48,dry_run,,,,,0.6076040863990784,0.03282934812327266,,18.27636,,3046.06,0.0,
ETH/USDT,xgb_primary,primary,1m,2025-12-22 08:21:00+00:00,2025-12-22 08:20:00+00:00,2025-12-22 08:21:00+00:00,sell,True,min_hold,min_hold,,,False,0.6076040864,0.6076040863990784,0.48,0.43,take_profit,take_profit,0.021239999999999783,0.017524797746736168,18.27636,0.6076040863990784,,0.032791131966986804,,3046.06,3049.6,0.017524797746736168,1.0
BTC/USDT,xgb_primary,conservative,1m,2025-12-22 08:23:00+00:00,,2025-12-22 08:23:00+00:00,buy,True,dry_run,dry_run,,exchange_qty_step,True,0.6844155788421631,0.6844155788421631,,0.56,dry_run,,,,,0.6844155788421631,0.001115281583708014,,8.966346000000001,,89663.46,0.0,
SOL/USDT,xgb_primary,conservative,1m,2025-12-22 08:24:00+00:00,,2025-12-22 08:24:00+00:00,buy,True,dry_run,dry_run,,exchange_qty_step,True,0.6844155788421631,0.6844155788421631,,0.48,dry_run,,,,,0.6844155788421631,0.7871226730678819,,8.893500000000001,,127.05,0.0,
BTC/USDT,xgb_primary,conservative,1m,2025-12-22 08:25:00+00:00,2025-12-22 08:23:00+00:00,2025-12-22 08:25:00+00:00,sell,True,min_hold,min_hold,,,False,0.6844155788,0.6844155788421631,0.56,0.45,take_profit,take_profit,0.012993999999998779,0.011199732247153128,8.966346000000001,0.6844155788421631,4.586467623930995,0.001113667535974744,,89663.46,89793.4,0.011199732247153128,2.0
ETH/USDT,xgb_primary,primary,1m,2025-12-22 08:26:00+00:00,2025-12-22 08:20:00+00:00,2025-12-22 08:26:00+00:00,sell,True,dry_run,dry_run,,,True,0.6076040864,0.6699029207229614,0.48,0.43,take_profit,take_profit,0.028140000000000328,0.024484728000000327,18.27636,0.6699029207229614,0.0327787711573636,0.0327787711573636,18.3045,3046.06,3050.75,0.024484728000000327,6.0
SOL/USDT,xgb_primary,conservative,1m,2025-12-22 08:26:00+00:00,2025-12-22 08:24:00+00:00,2025-12-22 08:26:00+00:00,sell,True,min_hold,min_hold,,,False,0.6844155788,0.6844155788421631,0.48,0.44,take_profit,take_profit,0.009100000000000677,0.006622043012148972,8.893500000000001,0.6844155788421631,4.720692368213066,0.7862562409081971,,127.05,127.18,0.006622043012148972,2.0
BTC/USDT,xgb_primary,conservative,1m,2025-12-22 08:26:00+00:00,2025-12-22 08:23:00+00:00,2025-12-22 08:26:00+00:00,sell,False,min_hold,min_hold,,,False,0.6844155788,0.6844155788421631,0.56,0.45,take_profit,"take_profit,gate_close",0.021241999999999827,0.019447733163537578,8.966346000000001,0.6844155788421631,10.552000481104402,0.0011126455105016557,,89663.46,89875.88,0.019447733163537578,3.0
SOL/USDT,xgb_primary,conservative,1m,2025-12-22 08:27:00+00:00,2025-12-22 08:24:00+00:00,2025-12-22 08:27:00+00:00,sell,False,min_hold,min_hold,,,False,0.6844155788,0.6844155788421631,0.48,0.44,take_profit,"take_profit,gate_close",0.013299999999999841,0.010822372733702183,8.893500000000001,0.6844155788421631,11.794307281019474,0.7858854964835644,,127.05,127.24,0.010822372733702183,3.0
BTC/USDT,xgb_primary,conservative,1m,2025-12-22 08:27:00+00:00,2025-12-22 08:23:00+00:00,2025-12-22 08:27:00+00:00,sell,False,min_hold,min_hold,,,False,0.6844155788,0.6844155788421631,0.56,0.45,take_profit,"take_profit,gate_close",0.023497999999999592,0.021703733413894047,8.966346000000001,0.6844155788421631,8.478951725612625,0.0011123662922936331,,89663.46,89898.44,0.021703733413894047,4.0
ETH/USDT,xgb_primary,primary,1m,2025-12-22 08:28:00+00:00,,2025-12-22 08:28:00+00:00,buy,True,dry_run,dry_run,,exchange_qty_step,True,0.6699029207229614,0.6699029207229614,,0.48,dry_run,,,,,0.6699029207229614,0.03274849970858267,,18.32148,,3053.58,0.0,
SOL/USDT,xgb_primary,conservative,1m,2025-12-22 08:28:00+00:00,2025-12-22 08:24:00+00:00,2025-12-22 08:28:00+00:00,sell,True,min_hold,min_hold,,,False,0.6844155788,0.6844155788421631,0.48,0.44,take_profit,take_profit,0.012600000000000479,0.01012231780170662,8.893500000000001,0.6844155788421631,3.9298907490369532,0.785947262937942,,127.05,127.23,0.01012231780170662,4.0
BTC/USDT,xgb_primary,conservative,1m,2025-12-22 08:28:00+00:00,2025-12-22 08:23:00+00:00,2025-12-22 08:28:00+00:00,sell,True,dry_run,dry_run,,,True,0.6844155788,0.6844155788421631,0.56,0.45,take_profit,take_profit,0.015233999999999652,0.013440730799999651,8.966346000000001,0.6844155788421631,3.16356956098824,0.0011133897864369542,8.981580000000001,89663.46,89815.8,0.013440730799999651,5.0
SOL/USDT,xgb_primary,conservative,1m,2025-12-22 08:29:00+00:00,2025-12-22 08:24:00+00:00,2025-12-22 08:29:00+00:00,sell,False,dry_run,dry_run,,,True,0.6844155788,0.6844155788421631,0.48,0.44,take_profit,"take_profit,gate_close",0.018899999999999723,0.01712129999999972,8.893500000000001,0.6844155788421631,11.009751494180605,0.7853917141178179,8.9124,127.05,127.32,0.01712129999999972,5.0
BTC/USDT,xgb_primary,conservative,1m,2025-12-22 08:31:00+00:00,,2025-12-22 08:31:00+00:00,buy,True,dry_run,dry_run,,exchange_qty_step,True,0.6844155788421631,0.6844155788421631,,0.56,dry_run,,,,,0.6844155788421631,0.0011143792753939663,,8.973606,,89736.06,0.0,
SOL/USDT,xgb_primary,conservative,1m,2025-12-22 08:31:00+00:00,,2025-12-22 08:31:00+00:00,buy,True,dry_run,dry_run,,exchange_qty_step,True,0.6844155788421631,0.6844155788421631,,0.48,dry_run,,,,,0.6844155788421631,0.7868130138865341,,8.897,,127.1,0.0,
BTC/USDT,xgb_primary,conservative,1m,2025-12-22 08:32:00+00:00,2025-12-22 08:31:00+00:00,2025-12-22 08:32:00+00:00,sell,False,min_hold,min_hold,,,False,0.6844155788,0.6076040863990784,0.56,0.45,gate_close,gate_close,-0.0035069999999992434,-0.0053027215909085415,8.973606,0.6076040863990784,14.626227182249812,0.0011148148350819643,,89736.06,89700.99,-0.0053027215909085415,1.0
ETH/USDT,xgb_primary,primary,1m,2025-12-22 08:35:00+00:00,2025-12-22 08:28:00+00:00,2025-12-22 08:35:00+00:00,sell,True,pnl_block,pnl_block,,,False,0.6699029207,0.5002435445785522,0.48,0.43,trailing_prob_drop,trailing_prob_drop,-0.05909999999999946,-0.06306526437623321,18.32148,0.5002435445785522,,0.1642707773791974,,3053.58,3043.73,-0.06306526437623321,7.0
SOL/USDT,xgb_primary,conservative,1m,2025-12-22 08:35:00+00:00,2025-12-22 08:31:00+00:00,2025-12-22 08:35:00+00:00,sell,True,min_hold,min_hold,,,False,0.6844155788,0.5002435445785522,0.48,0.44,trailing_prob_drop,trailing_prob_drop,-0.016799999999999645,-0.019280696653923464,8.897,0.5002435445785522,1.5757957768670046,0.7882394671505234,,127.1,126.86,-0.019280696653923464,4.0
BTC/USDT,xgb_primary,conservative,1m,2025-12-22 08:35:00+00:00,2025-12-22 08:31:00+00:00,2025-12-22 08:35:00+00:00,sell,False,min_hold,min_hold,,,False,0.6844155788,0.5002435445785522,0.56,0.45,trailing_prob_drop,trailing_prob_drop,-0.01395,-0.01574572275692446,8.973606,0.5002435445785522,6.468256931444585,0.0011161142181414238,,89736.06,89596.56,-0.01574572275692446,4.0
ETH/USDT,xgb_primary,primary,1m,2025-12-22 08:36:00+00:00,2025-12-22 08:28:00+00:00,2025-12-22 08:36:00+00:00,sell,False,pnl_block,pnl_block,,,False,0.6699029207,0.41829004883766174,0.48,0.43,prob_floor,"prob_floor,trailing_prob_drop",-0.06473999999999978,-0.06846450866631612,18.32148,0.41829004883766174,0.13141554251758789,0.03286452094281172,,3053.58,3042.79,-0.06846450866631612,8.0
SOL/USDT,xgb_primary,conservative,1m,2025-12-22 08:36:00+00:00,2025-12-22 08:31:00+00:00,2025-12-22 08:36:00+00:00,sell,False,pnl_block,pnl_block,,,False,0.6844155788,0.41829004883766174,0.48,0.44,prob_floor,"prob_floor,trailing_prob_drop",-0.014699999999999564,-0.017180530856219633,8.897,0.41829004883766174,8.674394763819842,0.7880531147803393,,127.1,126.89,-0.017180530856219633,5.0
BTC/USDT,xgb_primary,conservative,1m,2025-12-22 08:36:00+00:00,2025-12-22 08:31:00+00:00,2025-12-22 08:36:00+00:00,sell,False,pnl_block,pnl_block,,,False,0.6844155788,0.41829004883766174,0.56,0.45,prob_floor,"prob_floor,trailing_prob_drop",-0.014025000000000001,-0.01582072276530842,8.973606,0.41829004883766174,1.71658357010817,0.0011161235610517327,,89736.06,89595.81,-0.01582072276530842,5.0
ETH/USDT,xgb_primary,primary,1m,2025-12-22 08:37:00+00:00,2025-12-22 08:28:00+00:00,2025-12-22 08:37:00+00:00,sell,False,pnl_block,pnl_block,,,False,0.6699029207,0.41829004883766174,0.48,0.43,prob_floor,"prob_floor,trailing_prob_drop",-0.06138000000000011,-0.06510449758673711,18.32148,0.41829004883766174,,0.03285847362604191,,3053.58,3043.35,-0.06510449758673711,9.0
SOL/USDT,xgb_primary,conservative,1m,2025-12-22 08:37:00+00:00,2025-12-22 08:31:00+00:00,2025-12-22 08:37:00+00:00,sell,False,pnl_block,pnl_block,,,False,0.6844155788,0.4742901027202606,0.48,0.44,trailing_prob_drop,trailing_prob_drop,-0.016799999999999645,-0.019280696653923464,8.897,0.4742901027202606,0.7879599716327244,0.7882394671505234,,127.1,126.86,-0.019280696653923464,6.0
BTC/USDT,xgb_primary,conservative,1m,2025-12-22 08:37:00+00:00,2025-12-22 08:31:00+00:00,2025-12-22 08:37:00+00:00,sell,False,pnl_block,pnl_block,,,False,0.6844155788,0.4742901027202606,0.56,0.45,trailing_prob_drop,trailing_prob_drop,-0.012147000000000118,-0.013942722555416428,8.973606,0.4742901027202606,4.110682842122232,0.0011158896616464346,,89736.06,89614.59,-0.013942722555416428,6.0
ETH/USDT,xgb_primary,primary,1m,2025-12-22 08:38:00+00:00,2025-12-22 08:28:00+00:00,2025-12-22 08:38:00+00:00,sell,False,pnl_block,pnl_block,,,False,0.6699029207,0.4742901027202606,0.48,0.43,trailing_prob_drop,trailing_prob_drop,-0.05741999999999826,-0.06114448453389039,18.32148,0.4742901027202606,,0.032851349286266755,,3053.58,3044.01,-0.06114448453389039,10.0
SOL/USDT,xgb_primary,conservative,1m,2025-12-22 08:38:00+00:00,2025-12-22 08:31:00+00:00,2025-12-22 08:38:00+00:00,sell,True,pnl_block,pnl_block,,,False,0.6844155788,0.5002435445785522,0.48,0.44,trailing_prob_drop,trailing_prob_drop,-0.016099999999999285,-0.018580641379308992,8.897,0.5002435445785522,,0.788177339900761,,127.1,126.87,-0.018580641379308992,7.0
BTC/USDT,xgb_primary,conservative,1m,2025-12-22 08:38:00+00:00,2025-12-22 08:31:00+00:00,2025-12-22 08:38:00+00:00,sell,False,pnl_block,pnl_block,,,False,0.6844155788,0.4742901027202606,0.56,0.45,trailing_prob_drop,trailing_prob_drop,-0.010631999999999244,-0.02313002311426482,8.973606,0.4742901027202606,2.0956408995453573,11.927537173200578,,89736.06,89629.74,-0.02313002311426482,7.0
BTC/USDT,xgb_primary,conservative,1m,2025-12-22 08:39:00+00:00,2025-12-22 08:31:00+00:00,2025-12-22 08:39:00+00:00,sell,False,pnl_block,pnl_block,,,False,0.6844155788,0.5002435445785522,0.56,0.45,trailing_prob_drop,trailing_prob_drop,-0.006898999999999069,-0.008694721969344484,8.973606,0.5002435445785522,13.607586014686808,0.0011152365564240062,,89736.06,89667.07,-0.008694721969344484,8.0
SOL/USDT,xgb_primary,conservative,1m,2025-12-22 08:39:00+00:00,2025-12-22 08:31:00+00:00,2025-12-22 08:39:00+00:00,sell,False,pnl_block,pnl_block,,,False,0.6844155788,0.4742901027202606,0.48,0.44,trailing_prob_drop,trailing_prob_drop,-0.011199999999999762,-0.013680254700854821,8.897,0.4742901027202606,1.5759199432676883,0.7877427232269972,,127.1,126.94,-0.013680254700854821,8.0
ETH/USDT,xgb_primary,primary,1m,2025-12-22 08:39:00+00:00,2025-12-22 08:28:00+00:00,2025-12-22 08:39:00+00:00,sell,False,pnl_block,pnl_block,,,False,0.6699029207,0.4742901027202606,0.48,0.43,trailing_prob_drop,trailing_prob_drop,-0.05645999999999913,-0.060184481370418264,18.32148,0.4742901027202606,,0.03284962263918313,,3053.58,3044.17,-0.060184481370418264,11.0
ETH/USDT,xgb_primary,primary,1m,2025-12-22 08:40:00+00:00,2025-12-22 08:28:00+00:00,2025-12-22 08:40:00+00:00,sell,False,pnl_block,pnl_block,,,False,0.6699029207,0.41829004883766174,0.48,0.43,prob_floor,"prob_floor,trailing_prob_drop",-0.04614000000000033,-0.04986444738407758,18.32148,0.41829004883766174,,0.0328310726411064,,3053.58,3045.89,-0.04986444738407758,12.0
SOL/USDT,xgb_primary,conservative,1m,2025-12-22 08:40:00+00:00,2025-12-22 08:31:00+00:00,2025-12-22 08:40:00+00:00,sell,False,pnl_block,pnl_block,,,False,0.6844155788,0.4742901027202606,0.48,0.44,trailing_prob_drop,trailing_prob_drop,-0.009099999999999683,-0.011580089112029969,8.897,0.4742901027202606,,0.7875566056314326,,127.1,126.97,-0.011580089112029969,9.0
BTC/USDT,xgb_primary,conservative,1m,2025-12-22 08:40:00+00:00,2025-12-22 08:31:00+00:00,2025-12-22 08:40:00+00:00,sell,False,pnl_block,pnl_block,,,False,0.6844155788,0.41829004883766174,0.56,0.45,prob_floor,"prob_floor,trailing_prob_drop",0.0001610000000000582,-0.0016347211820025177,8.973606,0.41829004883766174,11.929684785096288,0.0011143591579301905,,89736.06,89737.67,-0.0016347211820025177,9.0
SOL/USDT,xgb_primary,conservative,1m,2025-12-22 08:41:00+00:00,2025-12-22 08:31:00+00:00,2025-12-22 08:41:00+00:00,sell,False,pnl_block,pnl_block,,,False,0.6844155788,0.4742901027202606,0.48,0.44,trailing_prob_drop,trailing_prob_drop,-0.013299999999999841,-0.01578042036796301,8.897,0.4742901027202606,,0.7879289288110244,,127.1,126.91,-0.01578042036796301,10.0
BTC/USDT,xgb_primary,conservative,1m,2025-12-22 08:41:00+00:00,2025-12-22 08:31:00+00:00,2025-12-22 08:41:00+00:00,sell,False,pnl_block,pnl_block,,,False,0.6844155788,0.4742901027202606,0.56,0.45,trailing_prob_drop,trailing_prob_drop,-0.005200999999999476,-0.006996721779867915,8.973606,0.4742901027202606,9.001792780914197,0.0011150254072210843,,89736.06,89684.05,-0.006996721779867915,10.0
ETH/USDT,xgb_primary,primary,1m,2025-12-22 08:42:00+00:00,2025-12-22 08:28:00+00:00,2025-12-22 08:42:00+00:00,sell,False,pnl_block,pnl_block,,,False,0.6699029207,0.41829004883766174,0.48,0.43,prob_floor,"prob_floor,trailing_prob_drop",-0.06545999999999913,-0.0691845110410389,18.32148,0.41829004883766174,,0.032865817084517836,,3053.58,3042.67,-0.0691845110410389,14.0
SOL/USDT,xgb_primary,conservative,1m,2025-12-22 08:42:00+00:00,2025-12-22 08:31:00+00:00,2025-12-22 08:42:00+00:00,sell,False,pnl_block,pnl_block,,,False,0.6844155788,0.41829004883766174,0.48,0.44,prob_floor,"prob_floor,trailing_prob_drop",-0.016099999999999285,-0.018580641379308992,8.897,0.41829004883766174,,0.788177339900761,,127.1,126.87,-0.018580641379308992,11.0
BTC/USDT,xgb_primary,conservative,1m,2025-12-22 08:42:00+00:00,2025-12-22 08:31:00+00:00,2025-12-22 08:42:00+00:00,sell,False,pnl_block,pnl_block,,,False,0.6844155788,0.41829004883766174,0.56,0.45,prob_floor,"prob_floor,trailing_prob_drop",-0.003525999999999476,-0.005321721593027755,8.973606,0.41829004883766174,5.97988159544424,0.0011148171964299887,,89736.06,89700.8,-0.005321721593027755,11.0
SOL/USDT,xgb_primary,conservative,1m,2025-12-22 08:43:00+00:00,2025-12-22 08:31:00+00:00,2025-12-22 08:43:00+00:00,sell,False,pnl_block,pnl_block,,,False,0.6844155788,0.3731343150138855,0.48,0.44,prob_floor,"prob_floor,trailing_prob_drop",-0.015399999999999922,-0.017880586113410063,8.897,0.3731343150138855,3.9413526722368877,0.7881152224459248,,127.1,126.88,-0.017880586113410063,12.0
BTC/USDT,xgb_primary,conservative,1m,2025-12-22 08:43:00+00:00,2025-12-22 08:31:00+00:00,2025-12-22 08:43:00+00:00,sell,False,pnl_block,pnl_block,,,False,0.6844155788,0.41829004883766174,0.56,0.45,prob_floor,"prob_floor,trailing_prob_drop",0.0013029999999998837,-0.0004927210547628141,8.973606,0.41829004883766174,2.359168720812505,0.0011142173644551208,,89736.06,89749.09,-0.0004927210547628141,12.0
ETH/USDT,xgb_primary,primary,1m,2025-12-22 08:44:00+00:00,2025-12-22 08:28:00+00:00,2025-12-22 08:44:00+00:00,sell,False,pnl_block,pnl_block,,,False,0.6699029207,0.3731343150138855,0.48,0.43,prob_floor,"prob_floor,trailing_prob_drop",-0.06288000000000012,-0.06660450253247402,18.32148,0.3731343150138855,,0.03286117304601149,,3053.58,3043.1,-0.06660450253247402,16.0
SOL/USDT,xgb_primary,conservative,1m,2025-12-22 08:44:00+00:00,2025-12-22 08:31:00+00:00,2025-12-22 08:44:00+00:00,sell,False,pnl_block,pnl_block,,,False,0.6844155788,0.41829004883766174,0.48,0.44,prob_floor,"prob_floor,trailing_prob_drop",-0.013999999999999206,-0.01648047560773664,8.897,0.41829004883766174,3.152585119797607,0.7879910169016906,,127.1,126.9,-0.01648047560773664,13.0
BTC/USDT,xgb_primary,conservative,1m,2025-12-22 08:44:00+00:00,2025-12-22 08:31:00+00:00,2025-12-22 08:44:00+00:00,sell,False,dry_run,dry_run,,,True,0.6844155788,0.4742901027202606,0.56,0.45,prob_trailing,trailing_prob_drop,0.0022510000000009315,0.00045627880000093145,8.973606,0.4742901027202606,5.381670165124005,0.0011140996829284901,8.975857000000001,89736.06,89758.57,0.00045627880000093145,13.0
ETH/USDT,xgb_primary,primary,1m,2025-12-22 08:45:00+00:00,2025-12-22 08:28:00+00:00,2025-12-22 08:45:00+00:00,sell,False,pnl_block,pnl_block,,,False,0.6699029207,0.3245033025741577,0.48,0.43,prob_floor,"prob_floor,trailing_prob_drop",-0.06791999999999826,-0.07164451915609928,18.32148,0.3245033025741577,5.356978532648349,0.03287024634528396,,3053.58,3042.26,-0.07164451915609928,17.0
SOL/USDT,xgb_primary,conservative,1m,2025-12-22 08:45:00+00:00,2025-12-22 08:31:00+00:00,2025-12-22 08:45:00+00:00,sell,False,pnl_block,pnl_block,,,False,0.6844155788,0.3245033025741577,0.48,0.44,prob_floor,"prob_floor,trailing_prob_drop",-0.013999999999999206,-0.01648047560773664,8.897,0.3245033025741577,5.516154452325248,0.7879910169016906,,127.1,126.9,-0.01648047560773664,14.0
SOL/USDT,xgb_primary,conservative,1m,2025-12-22 08:46:00+00:00,2025-12-22 08:31:00+00:00,2025-12-22 08:46:00+00:00,sell,False,pnl_block,pnl_block,,,False,0.6844155788,0.3245033025741577,0.48,0.44,prob_floor,"prob_floor,trailing_prob_drop",-0.020999999999999804,-0.023481028484681365,8.897,0.3245033025741577,5.516589171724123,0.7886124364185257,,127.1,126.8,-0.023481028484681365,15.0
ETH/USDT,xgb_primary,primary,1m,2025-12-22 08:47:00+00:00,2025-12-22 08:28:00+00:00,2025-12-22 08:47:00+00:00,sell,False,pnl_block,pnl_block,,,False,0.6699029207,0.41829004883766174,0.48,0.43,prob_floor,"prob_floor,trailing_prob_drop",-0.08471999999999935,-0.08844457463456026,18.32148,0.41829004883766174,,0.03290052690116034,,3053.58,3039.46,-0.08844457463456026,19.0
SOL/USDT,xgb_primary,conservative,1m,2025-12-22 08:47:00+00:00,2025-12-22 08:31:00+00:00,2025-12-22 08:47:00+00:00,sell,False,pnl_block,pnl_block,,,False,0.6844155788,0.41829004883766174,0.48,0.44,prob_floor,"prob_floor,trailing_prob_drop",-0.030799999999999845,-0.03328180397899993,8.897,0.41829004883766174,4.73186119873835,0.7894840721592482,,127.1,126.66,-0.03328180397899993,16.0
ETH/USDT,xgb_primary,primary,1m,2025-12-22 08:48:00+00:00,2025-12-22 08:28:00+00:00,2025-12-22 08:48:00+00:00,sell,False,pnl_block,pnl_block,,,False,0.6699029207,0.41829004883766174,0.48,0.43,prob_floor,"prob_floor,trailing_prob_drop",-0.09654000000000088,-0.10026461372892026,18.32148,0.41829004883766174,,0.03292186489267729,,3053.58,3037.49,-0.10026461372892026,20.0
SOL/USDT,xgb_primary,conservative,1m,2025-12-22 08:48:00+00:00,2025-12-22 08:31:00+00:00,2025-12-22 08:48:00+00:00,sell,False,pnl_block,pnl_block,,,False,0.6844155788,0.37037035822868347,0.48,0.44,prob_floor,"prob_floor,trailing_prob_drop",-0.035699999999999364,-0.038182192369365604,8.897,0.37037035822868347,9.473434909608,0.7899206129776773,,127.1,126.59,-0.038182192369365604,17.0
SOL/USDT,xgb_primary,conservative,1m,2025-12-22 08:49:00+00:00,2025-12-22 08:31:00+00:00,2025-12-22 08:49:00+00:00,sell,False,pnl_block,pnl_block,,,False,0.6844155788,0.3731343150138855,0.48,0.44,prob_floor,"prob_floor,trailing_prob_drop",-0.04899999999999921,-0.051483248740159165,8.897,0.3731343150138855,0.7898894154822366,0.791107946678605,,127.1,126.4,-0.051483248740159165,18.0
ETH/USDT,xgb_primary,primary,1m,2025-12-22 08:50:00+00:00,2025-12-22 08:28:00+00:00,2025-12-22 08:50:00+00:00,sell,False,pnl_block,pnl_block,,,False,0.6699029207,0.4007633626461029,0.48,0.43,prob_floor,"prob_floor,trailing_prob_drop",-0.14483999999999925,-0.1485647740083459,18.32148,0.4007633626461029,,0.033009346595708235,,3053.58,3029.44,-0.1485647740083459,22.0
SOL/USDT,xgb_primary,conservative,1m,2025-12-22 08:50:00+00:00,2025-12-22 08:31:00+00:00,2025-12-22 08:50:00+00:00,sell,False,pnl_block,pnl_block,,,False,0.6844155788,0.41829004883766174,0.48,0.44,prob_floor,"prob_floor,trailing_prob_drop",-0.05809999999999989,-0.06058397335181177,8.897,0.41829004883766174,11.86614982991897,0.7919223916060277,,127.1,126.27,-0.06058397335181177,19.0
SOL/USDT,xgb_primary,conservative,1m,2025-12-22 08:51:00+00:00,2025-12-22 08:31:00+00:00,2025-12-22 08:51:00+00:00,sell,False,pnl_block,pnl_block,,,False,0.6844155788,0.4007633626461029,0.48,0.44,prob_floor,"prob_floor,trailing_prob_drop",-0.053199999999999366,-0.05568358299101538,8.897,0.4007633626461029,16.640253565768127,0.7914836360751043,,127.1,126.34,-0.05568358299101538,20.0
ETH/USDT,xgb_primary,primary,1m,2025-12-22 08:52:00+00:00,2025-12-22 08:28:00+00:00,2025-12-22 08:52:00+00:00,sell,False,pnl_block,pnl_block,,,False,0.6699029207,0.4007633626461029,0.48,0.43,prob_floor,"prob_floor,trailing_prob_drop",-0.14543999999999868,-0.14916477600475075,18.32148,0.4007633626461029,,0.033010436248639655,,3053.58,3029.34,-0.14916477600475075,24.0
SOL/USDT,xgb_primary,conservative,1m,2025-12-22 08:52:00+00:00,2025-12-22 08:31:00+00:00,2025-12-22 08:52:00+00:00,sell,False,pnl_block,pnl_block,,,False,0.6844155788,0.4007633626461029,0.48,0.44,prob_floor,"prob_floor,trailing_prob_drop",-0.05669999999999917,-0.05918386177599916,8.897,0.4007633626461029,11.080332409972346,0.7917969832527736,,127.1,126.29,-0.05918386177599916,21.0
ETH/USDT,xgb_primary,primary,1m,2025-12-22 08:53:00+00:00,2025-12-22 08:28:00+00:00,2025-12-22 08:53:00+00:00,sell,False,pnl_block,pnl_block,,,False,0.6699029207,0.37037035822868347,0.48,0.43,prob_floor,"prob_floor,trailing_prob_drop",-0.147,-0.15072478119602586,18.32148,0.37037035822868347,,0.03301326968446999,,3053.58,3029.08,-0.15072478119602586,25.0
SOL/USDT,xgb_primary,conservative,1m,2025-12-22 08:53:00+00:00,2025-12-22 08:31:00+00:00,2025-12-22 08:53:00+00:00,sell,False,pnl_block,pnl_block,,,False,0.6844155788,0.4007633626461029,0.48,0.44,prob_floor,"prob_floor,trailing_prob_drop",-0.06719999999999957,-0.06968469945697404,8.897,0.4007633626461029,,0.7927385152011664,,127.1,126.14,-0.06968469945697404,22.0
ETH/USDT,xgb_primary,primary,1m,2025-12-22 08:54:00+00:00,2025-12-22 08:28:00+00:00,2025-12-22 08:54:00+00:00,sell,False,pnl_block,pnl_block,,,False,0.6699029207,0.37037035822868347,0.48,0.43,prob_floor,"prob_floor,trailing_prob_drop",-0.13733999999999924,-0.14106474906439392,18.32148,0.37037035822868347,,0.03299573200128529,,3053.58,3030.69,-0.14106474906439392,26.0
SOL/USDT,xgb_primary,conservative,1m,2025-12-22 08:55:00+00:00,2025-12-22 08:31:00+00:00,2025-12-22 08:55:00+00:00,sell,False,pnl_block,pnl_block,,,False,0.6844155788,0.3191489577293396,0.48,0.44,prob_floor,"prob_floor,trailing_prob_drop",-0.06929999999999965,-0.07178486723228801,8.897,0.3191489577293396,,0.7929270903544475,,127.1,126.11,-0.07178486723228801,24.0
ETH/USDT,xgb_primary,primary,1m,2025-12-22 08:55:00+00:00,2025-12-22 08:28:00+00:00,2025-12-22 08:55:00+00:00,sell,False,pnl_block,pnl_block,,,False,0.6699029207,0.3245033025741577,0.48,0.43,prob_floor,"prob_floor,trailing_prob_drop",-0.14340000000000055,-0.14712476921751458,18.32148,0.3245033025741577,,0.03300673172365536,,3053.58,3029.68,-0.14712476921751458,27.0
ETH/USDT,xgb_primary,primary,1m,2025-12-22 08:56:00+00:00,2025-12-22 08:28:00+00:00,2025-12-22 08:56:00+00:00,sell,False,pnl_block,pnl_block,,,False,0.6699029207,0.3245033025741577,0.48,0.43,prob_floor,"prob_floor,trailing_prob_drop",-0.15947999999999957,-0.16320482275829828,18.32148,0.3245033025741577,,0.03303595468199847,,3053.58,3027.0,-0.16320482275829828,28.0
SOL/USDT,xgb_primary,conservative,1m,2025-12-22 08:56:00+00:00,2025-12-22 08:31:00+00:00,2025-12-22 08:56:00+00:00,sell,False,pnl_block,pnl_block,,,False,0.6844155788,0.3245033025741577,0.48,0.44,prob_floor,"prob_floor,trailing_prob_drop",-0.08819999999999938,-0.09068638080972498,8.897,0.3245033025741577,13.497419610956863,0.7946283126060555,,127.1,125.84,-0.09068638080972498,25.0
SOL/USDT,xgb_primary,conservative,1m,2025-12-22 08:57:00+00:00,2025-12-22 08:31:00+00:00,2025-12-22 08:57:00+00:00,sell,False,pnl_block,pnl_block,,,False,0.6844155788,0.3396226465702057,0.48,0.44,prob_floor,"prob_floor,trailing_prob_drop",-0.09869999999999977,-0.10118722449580347,8.897,0.3396226465702057,8.740564163686885,0.7955765941370075,,127.1,125.69,-0.10118722449580347,26.0
ETH/USDT,xgb_primary,primary,1m,2025-12-22 08:58:00+00:00,2025-12-22 08:28:00+00:00,2025-12-22 08:58:00+00:00,sell,False,pnl_block,pnl_block,,,False,0.6699029207,0.3245033025741577,0.48,0.43,prob_floor,"prob_floor,trailing_prob_drop",-0.15221999999999936,-0.15594479857329605,18.32148,0.3245033025741577,,0.033022754328089425,,3053.58,3028.21,-0.15594479857329605,30.0
SOL/USDT,xgb_primary,conservative,1m,2025-12-22 08:58:00+00:00,2025-12-22 08:31:00+00:00,2025-12-22 08:58:00+00:00,sell,False,pnl_block,pnl_block,,,False,0.6844155788,0.3396226465702057,0.48,0.44,prob_floor,"prob_floor,trailing_prob_drop",-0.10289999999999994,-0.10538756253432592,8.897,0.3396226465702057,9.546539379474172,0.795956540773281,,127.1,125.63,-0.10538756253432592,27.0
ETH/USDT,xgb_primary,primary,1m,2025-12-22 08:59:00+00:00,2025-12-22 08:28:00+00:00,2025-12-22 08:59:00+00:00,sell,False,pnl_block,pnl_block,,,False,0.6699029207,0.3245033025741577,0.48,0.43,prob_floor,"prob_floor,trailing_prob_drop",-0.1545,-0.15822480616650642,18.32148,0.3245033025741577,,0.03302689875841411,,3053.58,3027.83,-0.15822480616650642,31.0
SOL/USDT,xgb_primary,conservative,1m,2025-12-22 08:59:00+00:00,2025-12-22 08:31:00+00:00,2025-12-22 08:59:00+00:00,sell,False,pnl_block,pnl_block,,,False,0.6844155788,0.3245033025741577,0.48,0.44,prob_floor,"prob_floor,trailing_prob_drop",-0.10500000000000001,-0.10748773167469484,8.897,0.3245033025741577,5.571917535621061,0.7961466502133765,,127.1,125.6,-0.10748773167469484,28.0
ETH/USDT,xgb_primary,primary,1m,2025-12-22 09:00:00+00:00,2025-12-22 08:28:00+00:00,2025-12-22 09:00:00+00:00,sell,False,pnl_block,pnl_block,,,False,0.6699029207,0.3245033025741577,0.48,0.43,prob_floor,"prob_floor,trailing_prob_drop",-0.15557999999999902,-0.15930480976395023,18.32148,0.3245033025741577,,0.03302886227051474,,3053.58,3027.65,-0.15930480976395023,32.0
SOL/USDT,xgb_primary,conservative,1m,2025-12-22 09:00:00+00:00,2025-12-22 08:31:00+00:00,2025-12-22 09:00:00+00:00,sell,False,pnl_block,pnl_block,,,False,0.6844155788,0.3396226465702057,0.48,0.44,prob_floor,"prob_floor,trailing_prob_drop",-0.10359999999999929,-0.10608761890547128,8.897,0.3396226465702057,10.35774041908975,0.7960199004967885,,127.1,125.62,-0.10608761890547128,29.0
ETH/USDT,xgb_primary,primary,1m,2025-12-22 09:01:00+00:00,2025-12-22 08:28:00+00:00,2025-12-22 09:01:00+00:00,sell,False,pnl_block,pnl_block,,,False,0.6699029207,0.3245033025741577,0.48,0.43,prob_floor,"prob_floor,trailing_prob_drop",-0.14147999999999958,-0.14520476283091371,18.32148,0.3245033025741577,,0.03300324586995163,,3053.58,3030.0,-0.14520476283091371,33.0
SOL/USDT,xgb_primary,conservative,1m,2025-12-22 09:01:00+00:00,2025-12-22 08:31:00+00:00,2025-12-22 09:01:00+00:00,sell,False,pnl_block,pnl_block,,,False,0.6844155788,0.3191489577293396,0.48,0.44,prob_floor,"prob_floor,trailing_prob_drop",-0.10779999999999945,-0.11028795732090829,8.897,0.3191489577293396,5.5697008274989965,0.7964002707753678,,127.1,125.56,-0.11028795732090829,30.0
SOL/USDT,xgb_primary,conservative,1m,2025-12-22 09:02:00+00:00,2025-12-22 08:31:00+00:00,2025-12-22 09:02:00+00:00,sell,False,pnl_block,pnl_block,,,False,0.6844155788,0.3191489577293396,0.48,0.44,prob_floor,"prob_floor,trailing_prob_drop",-0.10289999999999994,-0.10538756253432592,8.897,0.3191489577293396,7.165034631000988,0.795956540773281,,127.1,125.63,-0.10538756253432592,31.0
ETH/USDT,xgb_primary,primary,1m,2025-12-22 09:02:00+00:00,2025-12-22 08:28:00+00:00,2025-12-22 09:02:00+00:00,sell,False,pnl_block,pnl_block,,,False,0.6699029207,0.3245033025741577,0.48,0.43,prob_floor,"prob_floor,trailing_prob_drop",-0.13926000000000022,-0.14298475544808964,18.32148,0.3245033025741577,,0.03299921626933392,,3053.58,3030.37,-0.14298475544808964,34.0
ETH/USDT,xgb_primary,primary,1m,2025-12-22 09:03:00+00:00,2025-12-22 08:28:00+00:00,2025-12-22 09:03:00+00:00,sell,False,pnl_block,pnl_block,,,False,0.6699029207,0.41829004883766174,0.48,0.43,prob_floor,"prob_floor,trailing_prob_drop",-0.1347600000000002,-0.13848474048843404,18.32148,0.41829004883766174,,0.03299105117808827,,3053.58,3031.12,-0.13848474048843404,35.0
SOL/USDT,xgb_primary,conservative,1m,2025-12-22 09:03:00+00:00,2025-12-22 08:31:00+00:00,2025-12-22 09:03:00+00:00,sell,False,pnl_block,pnl_block,,,False,0.6844155788,0.3191489577293396,0.48,0.44,prob_floor,"prob_floor,trailing_prob_drop",-0.10429999999999966,-0.1067876752855949,8.897,0.3191489577293396,11.938872970392048,0.7960832703104818,,127.1,125.61,-0.1067876752855949,32.0
ETH/USDT,xgb_primary,primary,1m,2025-12-22 09:04:00+00:00,2025-12-22 08:28:00+00:00,2025-12-22 09:04:00+00:00,sell,False,pnl_block,pnl_block,,,False,0.6699029207,0.41829004883766174,0.48,0.43,prob_floor,"prob_floor,trailing_prob_drop",-0.14147999999999958,-0.14520476283091371,18.32148,0.41829004883766174,,0.03300324586995163,,3053.58,3030.0,-0.14520476283091371,36.0
SOL/USDT,xgb_primary,conservative,1m,2025-12-22 09:04:00+00:00,2025-12-22 08:31:00+00:00,2025-12-22 09:04:00+00:00,sell,False,pnl_block,pnl_block,,,False,0.6844155788,0.3191489577293396,0.48,0.44,prob_floor,"prob_floor,trailing_prob_drop",-0.09869999999999977,-0.10118722449580347,8.897,0.3191489577293396,6.3684126731410835,0.7955765941370075,,127.1,125.69,-0.10118722449580347,33.0
ETH/USDT,xgb_primary,primary,1m,2025-12-22 09:05:00+00:00,2025-12-22 08:28:00+00:00,2025-12-22 09:05:00+00:00,sell,False,pnl_block,pnl_block,,,False,0.6699029207,0.4742901027202606,0.48,0.43,trailing_prob_drop,trailing_prob_drop,-0.139079999999999,-0.1428047548495573,18.32148,0.4742901027202606,,0.03299888958658507,,3053.58,3030.4,-0.1428047548495573,37.0
SOL/USDT,xgb_primary,conservative,1m,2025-12-22 09:05:00+00:00,2025-12-22 08:31:00+00:00,2025-12-22 09:05:00+00:00,sell,False,pnl_block,pnl_block,,,False,0.6844155788,0.3191489577293396,0.48,0.44,prob_floor,"prob_floor,trailing_prob_drop",-0.09449999999999961,-0.09698688677984968,8.897,0.3191489577293396,2.3875845602866006,0.795197010059649,,127.1,125.75,-0.09698688677984968,34.0
BTC/USDT,xgb_primary,conservative,1m,2025-12-22 09:05:00+00:00,,2025-12-22 09:05:00+00:00,buy,True,dry_run,dry_run,,exchange_qty_step,True,0.565682053565979,0.565682053565979,,0.56,dry_run,,,,,0.565682053565979,0.0011180100399270799,,8.944464,,89444.64,0.0,
SOL/USDT,xgb_primary,conservative,1m,2025-12-22 09:06:00+00:00,2025-12-22 08:31:00+00:00,2025-12-22 09:06:00+00:00,sell,False,pnl_block,pnl_block,,,False,0.6844155788,0.3396226465702057,0.48,0.44,prob_floor,"prob_floor,trailing_prob_drop",-0.09589999999999933,-0.09838699931602048,8.897,0.3396226465702057,5.5666003976137715,0.79532349783202,,127.1,125.73,-0.09838699931602048,35.0
SOL/USDT,xgb_primary,conservative,1m,2025-12-22 09:07:00+00:00,2025-12-22 08:31:00+00:00,2025-12-22 09:07:00+00:00,sell,False,pnl_block,pnl_block,,,False,0.6844155788,0.3245033025741577,0.48,0.44,prob_floor,"prob_floor,trailing_prob_drop",-0.09449999999999961,-0.09698688677984968,8.897,0.3245033025741577,,0.795197010059649,,127.1,125.75,-0.09698688677984968,36.0
SOL/USDT,xgb_primary,conservative,1m,2025-12-22 09:08:00+00:00,2025-12-22 08:31:00+00:00,2025-12-22 09:08:00+00:00,sell,False,pnl_block,pnl_block,,,False,0.6844155788,0.3245033025741577,0.48,0.44,prob_floor,"prob_floor,trailing_prob_drop",-0.08889999999999973,-0.0913864369928876,8.897,0.3245033025741577,,0.7946914610406576,,127.1,125.83,-0.0913864369928876,37.0
ETH/USDT,xgb_primary,primary,1m,2025-12-22 09:09:00+00:00,2025-12-22 08:28:00+00:00,2025-12-22 09:09:00+00:00,sell,True,pnl_block,pnl_block,,,False,0.6699029207,0.5002435445785522,0.48,0.43,trailing_prob_drop,trailing_prob_drop,-0.13421999999999934,-0.13794473869376922,18.32148,0.5002435445785522,,0.032990071637160445,,3053.58,3031.21,-0.13794473869376922,41.0
SOL/USDT,xgb_primary,conservative,1m,2025-12-22 09:09:00+00:00,2025-12-22 08:31:00+00:00,2025-12-22 09:09:00+00:00,sell,False,pnl_block,pnl_block,,,False,0.6844155788,0.41829004883766174,0.48,0.44,prob_floor,"prob_floor,trailing_prob_drop",-0.08750000000000001,-0.0899863246354936,8.897,0.41829004883766174,6.355763883371598,0.7945651742088211,,127.1,125.85,-0.0899863246354936,38.0
SOL/USDT,xgb_primary,conservative,1m,2025-12-22 09:10:00+00:00,2025-12-22 08:31:00+00:00,2025-12-22 09:10:00+00:00,sell,False,pnl_block,pnl_block,,,False,0.6844155788,0.41829004883766174,0.48,0.44,prob_floor,"prob_floor,trailing_prob_drop",-0.09309999999999989,-0.09558677427946756,8.897,0.41829004883766174,3.9726680438580293,0.7950705625128297,,127.1,125.77,-0.09558677427946756,39.0
SOL/USDT,xgb_primary,conservative,1m,2025-12-22 09:11:00+00:00,2025-12-22 08:31:00+00:00,2025-12-22 09:11:00+00:00,sell,False,pnl_block,pnl_block,,,False,0.6844155788,0.41829004883766174,0.48,0.44,prob_floor,"prob_floor,trailing_prob_drop",-0.08609999999999929,-0.08858621231380202,8.897,0.41829004883766174,15.103338632750217,0.7944389275067253,,127.1,125.87,-0.08858621231380202,40.0
SOL/USDT,xgb_primary,conservative,1m,2025-12-22 09:12:00+00:00,2025-12-22 08:31:00+00:00,2025-12-22 09:12:00+00:00,sell,False,pnl_block,pnl_block,,,False,0.6844155788,0.5002435445785522,0.48,0.44,gate_close,"gate_close,trailing_prob_drop",-0.09029999999999945,-0.09278654938600206,8.897,0.5002435445785522,7.15023436879347,0.794817788021373,,127.1,125.81,-0.09278654938600206,41.0
SOL/USDT,xgb_primary,conservative,1m,2025-12-22 09:13:00+00:00,2025-12-22 08:31:00+00:00,2025-12-22 09:13:00+00:00,sell,True,pnl_block,pnl_block,,,False,0.6844155788,0.565682053565979,0.48,0.44,trailing_prob_drop,trailing_prob_drop,-0.09799999999999941,-0.1004871681874217,8.897,0.565682053565979,,0.795513304959302,,127.1,125.7,-0.1004871681874217,42.0
SOL/USDT,xgb_primary,conservative,1m,2025-12-22 09:14:00+00:00,2025-12-22 08:31:00+00:00,2025-12-22 09:14:00+00:00,sell,True,pnl_block,pnl_block,,,False,0.6844155788,0.565682053565979,0.48,0.44,trailing_prob_drop,trailing_prob_drop,-0.09449999999999961,-0.09698688677984968,8.897,0.565682053565979,4.77288998488603,0.795197010059649,,127.1,125.75,-0.09698688677984968,43.0
BTC/USDT,xgb_primary,conservative,1m,2025-12-22 09:14:00+00:00,2025-12-22 09:05:00+00:00,2025-12-22 09:14:00+00:00,sell,False,pnl_block,pnl_block,,,False,0.5656820536,0.41829004883766174,0.56,0.45,prob_floor,"prob_floor,trailing_prob_drop",-0.007761000000000059,-0.009550893668384616,8.944464,0.41829004883766174,25.49826735366525,0.001118980840615481,,89444.64,89367.03,-0.009550893668384616,9.0
SOL/USDT,xgb_primary,conservative,1m,2025-12-22 09:16:00+00:00,2025-12-22 08:31:00+00:00,2025-12-22 09:16:00+00:00,sell,False,pnl_block,pnl_block,,,False,0.6844155788,0.565682053565979,0.48,0.44,gate_close,"gate_close,trailing_prob_drop",-0.07909999999999968,-0.0815856512403255,8.897,0.565682053565979,7.151370679379357,0.793808295297092,,127.1,125.97,-0.0815856512403255,45.0
SOL/USDT,xgb_primary,conservative,1m,2025-12-22 09:17:00+00:00,2025-12-22 08:31:00+00:00,2025-12-22 09:17:00+00:00,sell,False,pnl_block,pnl_block,,,False,0.6844155788,0.6076040863990784,0.48,0.44,gate_close,gate_close,-0.0734999999999998,-0.07598520302249034,8.897,0.6076040863990784,7.939028262941293,0.7933045099365448,,127.1,126.05,-0.07598520302249034,46.0
BTC/USDT,xgb_primary,conservative,1m,2025-12-22 09:18:00+00:00,2025-12-22 09:05:00+00:00,2025-12-22 09:18:00+00:00,sell,False,dry_run,dry_run,,,True,0.5656820536,0.565682053565979,0.56,0.45,take_profit,"take_profit,gate_close",0.009488000000000467,0.007699107200000466,8.944464,0.565682053565979,8.013883880677495,0.0011168252226892326,8.953952000000001,89444.64,89539.52,0.007699107200000466,13.0
BTC/USDT,xgb_primary,conservative,1m,2025-12-22 09:20:00+00:00,,2025-12-22 09:20:00+00:00,buy,True,dry_run,dry_run,,exchange_qty_step,True,0.5878524780273438,0.5878524780273438,,0.56,dry_run,,,,,0.5878524780273438,0.0011169906406028696,,8.952627000000001,,89526.27,0.0,
SOL/USDT,xgb_primary,conservative,1m,2025-12-22 09:21:00+00:00,2025-12-22 08:31:00+00:00,2025-12-22 09:21:00+00:00,sell,False,pnl_block,pnl_block,,,False,0.6844155788,0.565682053565979,0.48,0.44,gate_close,"gate_close,trailing_prob_drop",-0.08329999999999985,-0.08578598777746914,8.897,0.565682053565979,9.532131225673568,0.79418655442204,,127.1,125.91,-0.08578598777746914,50.0
SOL/USDT,xgb_primary,conservative,1m,2025-12-22 09:22:00+00:00,2025-12-22 08:31:00+00:00,2025-12-22 09:22:00+00:00,sell,False,pnl_block,pnl_block,,,False,0.6844155788,0.565682053565979,0.48,0.44,gate_close,"gate_close,trailing_prob_drop",-0.08399999999999921,-0.08648604389817577,8.897,0.565682053565979,7.147395171537755,0.7942496326588225,,127.1,125.9,-0.08648604389817577,51.0
SOL/USDT,xgb_primary,conservative,1m,2025-12-22 09:23:00+00:00,2025-12-22 08:31:00+00:00,2025-12-22 09:23:00+00:00,sell,True,pnl_block,pnl_block,,,False,0.6844155788,0.565682053565979,0.48,0.44,trailing_prob_drop,trailing_prob_drop,-0.08960000000000008,-0.09208649318497958,8.897,0.565682053565979,,0.7947546195116325,,127.1,125.82,-0.09208649318497958,52.0
SOL/USDT,xgb_primary,conservative,1m,2025-12-22 09:24:00+00:00,2025-12-22 08:31:00+00:00,2025-12-22 09:24:00+00:00,sell,False,pnl_block,pnl_block,,,False,0.6844155788,0.4742901027202606,0.48,0.44,trailing_prob_drop,trailing_prob_drop,-0.09239999999999954,-0.09488671804269179,8.897,0.4742901027202606,3.9736151951042804,0.7950073538184296,,127.1,125.78,-0.09488671804269179,53.0
SOL/USDT,xgb_primary,conservative,1m,2025-12-22 09:25:00+00:00,2025-12-22 08:31:00+00:00,2025-12-22 09:25:00+00:00,sell,False,pnl_block,pnl_block,,,False,0.6844155788,0.4742901027202606,0.48,0.44,trailing_prob_drop,trailing_prob_drop,-0.09029999999999945,-0.09278654938600206,8.897,0.4742901027202606,2.3843586075346637,0.794817788021373,,127.1,125.81,-0.09278654938600206,54.0
SOL/USDT,xgb_primary,conservative,1m,2025-12-22 09:26:00+00:00,2025-12-22 08:31:00+00:00,2025-12-22 09:26:00+00:00,sell,True,pnl_block,pnl_block,,,False,0.6844155788,0.5002435445785522,0.48,0.44,trailing_prob_drop,trailing_prob_drop,-0.09169999999999917,-0.09418666181485603,8.897,0.5002435445785522,2.3843586075335343,0.794944155172376,,127.1,125.79,-0.09418666181485603,55.0
BTC/USDT,xgb_primary,conservative,1m,2025-12-22 09:27:00+00:00,2025-12-22 09:20:00+00:00,2025-12-22 09:27:00+00:00,sell,False,dry_run,dry_run,,,True,0.587852478,0.565682053565979,0.56,0.45,gate_close,gate_close,0.006570999999999185,0.004780474599999185,8.952627000000001,0.565682053565979,7.7977610912931485,0.001116171274619401,8.959198,89526.27,89591.98,0.004780474599999185,7.0
SOL/USDT,xgb_primary,conservative,1m,2025-12-22 09:27:00+00:00,2025-12-22 08:31:00+00:00,2025-12-22 09:27:00+00:00,sell,False,pnl_block,pnl_block,,,False,0.6844155788,0.41829004883766174,0.48,0.44,prob_floor,"prob_floor,trailing_prob_drop",-0.08609999999999929,-0.08858621231380202,8.897,0.41829004883766174,8.744733285634743,0.7944389275067253,,127.1,125.87,-0.08858621231380202,56.0
SOL/USDT,xgb_primary,conservative,1m,2025-12-22 09:28:00+00:00,2025-12-22 08:31:00+00:00,2025-12-22 09:28:00+00:00,sell,True,pnl_block,pnl_block,,,False,0.6844155788,0.5002435445785522,0.48,0.44,trailing_prob_drop,trailing_prob_drop,-0.08189999999999913,-0.08438587556278881,8.897,0.5002435445785522,0.7944073720996907,0.7940604279978485,,127.1,125.93,-0.08438587556278881,57.0
ETH/USDT,xgb_primary,primary,1m,2025-12-22 09:29:00+00:00,2025-12-22 08:28:00+00:00,2025-12-22 09:29:00+00:00,sell,False,pnl_block,pnl_block,,,False,0.6699029207,0.4742901027202606,0.48,0.43,trailing_prob_drop,trailing_prob_drop,-0.09941999999999826,-0.10314462326212757,18.32148,0.4742901027202606,,0.03292706818953325,,3053.58,3037.01,-0.10314462326212757,61.0
BTC/USDT,xgb_primary,conservative,1m,2025-12-22 09:30:00+00:00,,2025-12-22 09:30:00+00:00,buy,True,dry_run,dry_run,,exchange_qty_step,True,0.6076040863990784,0.6076040863990784,,0.56,dry_run,,,,,0.6076040863990784,0.001116898071302798,,8.953369,,89533.69,0.0,
SOL/USDT,xgb_primary,conservative,1m,2025-12-22 09:30:00+00:00,2025-12-22 08:31:00+00:00,2025-12-22 09:30:00+00:00,sell,False,pnl_block,pnl_block,,,False,0.6844155788,0.565682053565979,0.48,0.44,gate_close,"gate_close,trailing_prob_drop",-0.07279999999999945,-0.07528514703525839,8.897,0.565682053565979,10.328936914032232,0.7932415817229925,,127.1,126.06,-0.07528514703525839,59.0
ETH/USDT,xgb_primary,primary,1m,2025-12-22 09:31:00+00:00,2025-12-22 08:28:00+00:00,2025-12-22 09:31:00+00:00,sell,True,pnl_block,pnl_block,,,False,0.6699029207,0.5002435445785522,0.48,0.43,trailing_prob_drop,trailing_prob_drop,-0.09269999999999891,-0.09642460102265119,18.32148,0.5002435445785522,,0.03291492971761798,,3053.58,3038.13,-0.09642460102265119,63.0
SOL/USDT,xgb_primary,conservative,1m,2025-12-22 09:31:00+00:00,2025-12-22 08:31:00+00:00,2025-12-22 09:31:00+00:00,sell,False,pnl_block,pnl_block,,,False,0.6844155788,0.565682053565979,0.48,0.44,gate_close,"gate_close,trailing_prob_drop",-0.06789999999999993,-0.07038475537321154,8.897,0.565682053565979,10.317460317459956,0.7928013636187511,,127.1,126.13,-0.07038475537321154,60.0
BTC/USDT,xgb_primary,conservative,1m,2025-12-22 09:31:00+00:00,2025-12-22 09:30:00+00:00,2025-12-22 09:31:00+00:00,sell,False,min_hold,min_hold,,,False,0.6076040864,0.5878524780273438,0.56,0.45,take_profit,"take_profit,gate_close",0.009163000000000466,0.0073713272224240605,8.953369,0.5878524780273438,10.266161392984195,0.0011157560650141363,,89533.69,89625.32,0.0073713272224240605,1.0
SOL/USDT,xgb_primary,conservative,1m,2025-12-22 09:32:00+00:00,2025-12-22 08:31:00+00:00,2025-12-22 09:32:00+00:00,sell,False,pnl_block,pnl_block,,,False,0.6844155788,0.565682053565979,0.48,0.44,gate_close,"gate_close,trailing_prob_drop",-0.06649999999999921,-0.06898464354960025,8.897,0.565682053565979,6.342662332513938,0.792675676746138,,127.1,126.15,-0.06898464354960025,61.0
BTC/USDT,xgb_primary,conservative,1m,2025-12-22 09:32:00+00:00,2025-12-22 09:30:00+00:00,2025-12-22 09:32:00+00:00,sell,True,min_hold,min_hold,,,False,0.6076040864,0.6076040863990784,0.56,0.45,take_profit,take_profit,0.011781999999999244,0.009990327514253852,8.953369,0.6076040863990784,1.6032728634291946,0.0011154301195371017,,89533.69,89651.51,0.009990327514253852,2.0
SOL/USDT,xgb_primary,conservative,1m,2025-12-22 09:33:00+00:00,2025-12-22 08:31:00+00:00,2025-12-22 09:33:00+00:00,sell,True,pnl_block,pnl_block,,,False,0.6844155788,0.565682053565979,0.48,0.44,trailing_prob_drop,trailing_prob_drop,-0.06159999999999969,-0.06408425244602897,8.897,0.565682053565979,1.5852885225107818,0.7922360863541388,,127.1,126.22,-0.06408425244602897,62.0
BTC/USDT,xgb_primary,conservative,1m,2025-12-22 09:33:00+00:00,2025-12-22 09:30:00+00:00,2025-12-22 09:33:00+00:00,sell,True,min_hold,min_hold,,,False,0.6076040864,0.5878524780273438,0.56,0.45,take_profit,take_profit,0.01559899999999907,0.013807327939272841,8.953369,0.5878524780273438,2.7518126045731464,0.0011149554164799694,,89533.69,89689.68,0.013807327939272841,3.0
BTC/USDT,xgb_primary,conservative,1m,2025-12-22 09:34:00+00:00,2025-12-22 09:30:00+00:00,2025-12-22 09:34:00+00:00,sell,True,min_hold,min_hold,,,False,0.6076040864,0.565682053565979,0.56,0.45,take_profit,take_profit,0.015786999999999534,0.013995327960197571,8.953369,0.565682053565979,4.256900013469506,0.001114932046208941,,89533.69,89691.56,0.013995327960197571,4.0
SOL/USDT,xgb_primary,conservative,1m,2025-12-22 09:34:00+00:00,2025-12-22 08:31:00+00:00,2025-12-22 09:34:00+00:00,sell,True,pnl_block,pnl_block,,,False,0.6844155788,0.565682053565979,0.48,0.44,trailing_prob_drop,trailing_prob_drop,-0.06230000000000004,-0.06478430829140792,8.897,0.565682053565979,0.7923930269417683,0.7922988551285597,,127.1,126.21,-0.06478430829140792,63.0
BTC/USDT,xgb_primary,conservative,1m,2025-12-22 09:35:00+00:00,2025-12-22 09:30:00+00:00,2025-12-22 09:35:00+00:00,sell,True,dry_run,dry_run,,,True,0.6076040864,0.6076040863990784,0.56,0.45,take_profit,take_profit,0.017327000000000408,0.015536326200000408,8.953369,0.6076040863990784,3.156838702486566,0.0011147406441363067,8.970696,89533.69,89706.96,0.015536326200000408,5.0
SOL/USDT,xgb_primary,conservative,1m,2025-12-22 09:35:00+00:00,2025-12-22 08:31:00+00:00,2025-12-22 09:35:00+00:00,sell,True,pnl_block,pnl_block,,,False,0.6844155788,0.565682053565979,0.48,0.44,trailing_prob_drop,trailing_prob_drop,-0.0629999999999994,-0.06548436414563483,8.897,0.565682053565979,4.753604816986394,0.7923616338489684,,127.1,126.2,-0.06548436414563483,64.0
BTC/USDT,xgb_primary,conservative,1m,2025-12-22 09:36:00+00:00,,2025-12-22 09:36:00+00:00,buy,True,cooldown_after_exit,cooldown_after_exit,cooldown_after_exit,,False,0.6076040863990784,0.6076040863990784,,0.56,cooldown_after_exit,,,,,0.6076040863990784,,,15.0,,89661.94,0.0,
BTC/USDT,xgb_primary,conservative,1m,2025-12-22 09:37:00+00:00,,2025-12-22 09:37:00+00:00,buy,True,dry_run,dry_run,,exchange_qty_step,True,0.565682053565979,0.565682053565979,,0.56,dry_run,,,,,0.565682053565979,0.001115265412230403,,8.966476,,89664.76,0.0,
SOL/USDT,xgb_primary,conservative,1m,2025-12-22 09:41:00+00:00,2025-12-22 08:31:00+00:00,2025-12-22 09:41:00+00:00,sell,False,pnl_block,pnl_block,,,False,0.6844155788,0.565682053565979,0.48,0.44,gate_close,"gate_close,trailing_prob_drop",-0.08539999999999993,-0.0878861561663426,8.897,0.565682053565979,11.109347722583763,0.79437581920047,,127.1,125.88,-0.0878861561663426,70.0
ETH/USDT,xgb_primary,primary,1m,2025-12-22 09:42:00+00:00,2025-12-22 08:28:00+00:00,2025-12-22 09:42:00+00:00,sell,False,pnl_block,pnl_block,,,False,0.6699029207,0.4742901027202606,0.48,0.43,trailing_prob_drop,trailing_prob_drop,-0.11741999999999826,-0.1211446829130477,18.32148,0.4742901027202606,,0.03295962610522206,,3053.58,3034.01,-0.1211446829130477,74.0
SOL/USDT,xgb_primary,conservative,1m,2025-12-22 09:42:00+00:00,2025-12-22 08:31:00+00:00,2025-12-22 09:42:00+00:00,sell,True,pnl_block,pnl_block,,,False,0.6844155788,0.565682053565979,0.48,0.44,trailing_prob_drop,trailing_prob_drop,-0.08189999999999913,-0.08438587556278881,8.897,0.565682053565979,3.97203686050184,0.7940604279978485,,127.1,125.93,-0.08438587556278881,71.0
BTC/USDT,xgb_primary,conservative,1m,2025-12-22 09:42:00+00:00,2025-12-22 09:37:00+00:00,2025-12-22 09:42:00+00:00,sell,False,pnl_block,pnl_block,,,False,0.5656820536,0.4007633626461029,0.56,0.45,prob_floor,"prob_floor,trailing_prob_drop",-0.0032220000000001167,-0.0050162955594129114,8.966476,0.4007633626461029,25.653045272478252,0.0011156661912604653,,89664.76,89632.54,-0.0050162955594129114,5.0
ETH/USDT,xgb_primary,primary,1m,2025-12-22 09:43:00+00:00,2025-12-22 08:28:00+00:00,2025-12-22 09:43:00+00:00,sell,False,pnl_block,pnl_block,,,False,0.6699029207,0.41829004883766174,0.48,0.43,prob_floor,"prob_floor,trailing_prob_drop",-0.10169999999999892,-0.10542463081139233,18.32148,0.41829004883766174,,0.032931188634009456,,3053.58,3036.63,-0.10542463081139233,75.0
SOL/USDT,xgb_primary,conservative,1m,2025-12-22 09:43:00+00:00,2025-12-22 08:31:00+00:00,2025-12-22 09:43:00+00:00,sell,True,pnl_block,pnl_block,,,False,0.6844155788,0.5002435445785522,0.48,0.44,trailing_prob_drop,trailing_prob_drop,-0.07909999999999968,-0.0815856512403255,8.897,0.5002435445785522,3.177124702143927,0.793808295297092,,127.1,125.97,-0.0815856512403255,72.0
ETH/USDT,xgb_primary,primary,1m,2025-12-22 09:44:00+00:00,2025-12-22 08:28:00+00:00,2025-12-22 09:44:00+00:00,sell,True,pnl_block,pnl_block,,,False,0.6699029207,0.5002435445785522,0.48,0.43,trailing_prob_drop,trailing_prob_drop,-0.10926000000000022,-0.1129846558566914,18.32148,0.5002435445785522,,0.03294485854373275,,3053.58,3035.37,-0.1129846558566914,76.0
SOL/USDT,xgb_primary,conservative,1m,2025-12-22 09:44:00+00:00,2025-12-22 08:31:00+00:00,2025-12-22 09:44:00+00:00,sell,True,pnl_block,pnl_block,,,False,0.6844155788,0.565682053565979,0.48,0.44,trailing_prob_drop,trailing_prob_drop,-0.07139999999999973,-0.0738850350874411,8.897,0.565682053565979,0.7937137868077551,0.7931157552448836,,127.1,126.08,-0.0738850350874411,73.0
ETH/USDT,xgb_primary,primary,1m,2025-12-22 09:45:00+00:00,2025-12-22 08:28:00+00:00,2025-12-22 09:45:00+00:00,sell,True,pnl_block,pnl_block,,,False,0.6699029207,0.5002435445785522,0.48,0.43,trailing_prob_drop,trailing_prob_drop,-0.10385999999999967,-0.10758463796507332,18.32148,0.5002435445785522,,0.032935093165863696,,3053.58,3036.27,-0.10758463796507332,77.0
SOL/USDT,xgb_primary,conservative,1m,2025-12-22 09:45:00+00:00,2025-12-22 08:31:00+00:00,2025-12-22 09:45:00+00:00,sell,False,pnl_block,pnl_block,,,False,0.6844155788,0.565682053565979,0.48,0.44,gate_close,"gate_close,trailing_prob_drop",-0.08119999999999977,-0.08368581946881588,8.897,0.565682053565979,7.1383248730967175,0.7939973798090528,,127.1,125.94,-0.08368581946881588,74.0
ETH/USDT,xgb_primary,primary,1m,2025-12-22 09:46:00+00:00,2025-12-22 08:28:00+00:00,2025-12-22 09:46:00+00:00,sell,False,pnl_block,pnl_block,,,False,0.6699029207,0.4742901027202606,0.48,0.43,trailing_prob_drop,trailing_prob_drop,-0.11538000000000011,-0.11910467614668828,18.32148,0.4742901027202606,,0.03295593297494288,,3053.58,3034.35,-0.11910467614668828,78.0
SOL/USDT,xgb_primary,conservative,1m,2025-12-22 09:46:00+00:00,2025-12-22 08:31:00+00:00,2025-12-22 09:46:00+00:00,sell,False,pnl_block,pnl_block,,,False,0.6844155788,0.41829004883766174,0.48,0.44,prob_floor,"prob_floor,trailing_prob_drop",-0.08189999999999913,-0.08438587556278881,8.897,0.41829004883766174,11.115522032552644,0.7940604279978485,,127.1,125.93,-0.08438587556278881,75.0
SOL/USDT,xgb_primary,conservative,1m,2025-12-22 09:47:00+00:00,2025-12-22 08:31:00+00:00,2025-12-22 09:47:00+00:00,sell,False,pnl_block,pnl_block,,,False,0.6844155788,0.41829004883766174,0.48,0.44,prob_floor,"prob_floor,trailing_prob_drop",-0.07699999999999961,-0.07948548309194077,8.897,0.41829004883766174,0.7940289026524627,0.7936193008218021,,127.1,126.0,-0.07948548309194077,76.0
ETH/USDT,xgb_primary,primary,1m,2025-12-22 09:48:00+00:00,2025-12-22 08:28:00+00:00,2025-12-22 09:48:00+00:00,sell,False,pnl_block,pnl_block,,,False,0.6699029207,0.41829004883766174,0.48,0.43,prob_floor,"prob_floor,trailing_prob_drop",-0.11514000000000033,-0.11886467535074537,18.32148,0.41829004883766174,,0.03295549854326243,,3053.58,3034.39,-0.11886467535074537,80.0
SOL/USDT,xgb_primary,conservative,1m,2025-12-22 09:48:00+00:00,2025-12-22 08:31:00+00:00,2025-12-22 09:48:00+00:00,sell,False,pnl_block,pnl_block,,,False,0.6844155788,0.41829004883766174,0.48,0.44,prob_floor,"prob_floor,trailing_prob_drop",-0.07559999999999989,-0.07808537103749282,8.897,0.41829004883766174,4.761904761904942,0.7934933544935621,,127.1,126.02,-0.07808537103749282,77.0
ETH/USDT,xgb_primary,primary,1m,2025-12-22 09:49:00+00:00,2025-12-22 08:28:00+00:00,2025-12-22 09:49:00+00:00,sell,False,pnl_block,pnl_block,,,False,0.6699029207,0.41829004883766174,0.48,0.43,prob_floor,"prob_floor,trailing_prob_drop",-0.10740000000000055,-0.11112464969282573,18.32148,0.41829004883766174,,0.03294149425984013,,3053.58,3035.68,-0.11112464969282573,81.0
SOL/USDT,xgb_primary,conservative,1m,2025-12-22 09:49:00+00:00,2025-12-22 08:31:00+00:00,2025-12-22 09:49:00+00:00,sell,False,pnl_block,pnl_block,,,False,0.6844155788,0.41829004883766174,0.48,0.44,prob_floor,"prob_floor,trailing_prob_drop",-0.07839999999999933,-0.0808855951819648,8.897,0.41829004883766174,,0.7937452871366358,,127.1,125.98,-0.0808855951819648,78.0
ETH/USDT,xgb_primary,primary,1m,2025-12-22 09:50:00+00:00,2025-12-22 08:28:00+00:00,2025-12-22 09:50:00+00:00,sell,False,pnl_block,pnl_block,,,False,0.6699029207,0.41829004883766174,0.48,0.43,prob_floor,"prob_floor,trailing_prob_drop",-0.10595999999999912,-0.10968464492166079,18.32148,0.41829004883766174,,0.03293889012331837,,3053.58,3035.92,-0.10968464492166079,82.0
SOL/USDT,xgb_primary,conservative,1m,2025-12-22 09:50:00+00:00,2025-12-22 08:31:00+00:00,2025-12-22 09:50:00+00:00,sell,False,pnl_block,pnl_block,,,False,0.6844155788,0.41829004883766174,0.48,0.44,prob_floor,"prob_floor,trailing_prob_drop",-0.07489999999999954,-0.07738531502360445,8.897,0.41829004883766174,0.7937767899659395,0.7934303963188889,,127.1,126.03,-0.07738531502360445,79.0
ETH/USDT,xgb_primary,primary,1m,2025-12-22 09:51:00+00:00,2025-12-22 08:28:00+00:00,2025-12-22 09:51:00+00:00,sell,False,pnl_block,pnl_block,,,False,0.6699029207,0.41829004883766174,0.48,0.43,prob_floor,"prob_floor,trailing_prob_drop",-0.10541999999999825,-0.1091446431326691,18.32148,0.41829004883766174,,0.032937913678830734,,3053.58,3036.01,-0.1091446431326691,83.0
SOL/USDT,xgb_primary,conservative,1m,2025-12-22 09:51:00+00:00,2025-12-22 08:31:00+00:00,2025-12-22 09:51:00+00:00,sell,False,pnl_block,pnl_block,,,False,0.6844155788,0.4742901027202606,0.48,0.44,trailing_prob_drop,trailing_prob_drop,-0.07210000000000008,-0.07458509105691101,8.897,0.4742901027202606,,0.7931786634943578,,127.1,126.07,-0.07458509105691101,80.0
ETH/USDT,xgb_primary,primary,1m,2025-12-22 09:52:00+00:00,2025-12-22 08:28:00+00:00,2025-12-22 09:52:00+00:00,sell,False,pnl_block,pnl_block,,,False,0.6699029207,0.4742901027202606,0.48,0.43,trailing_prob_drop,trailing_prob_drop,-0.1018199999999988,-0.10554463120877425,18.32148,0.4742901027202606,,0.03293140552807495,,3053.58,3036.61,-0.10554463120877425,84.0
SOL/USDT,xgb_primary,conservative,1m,2025-12-22 09:52:00+00:00,2025-12-22 08:31:00+00:00,2025-12-22 09:52:00+00:00,sell,False,pnl_block,pnl_block,,,False,0.6844155788,0.4742901027202606,0.48,0.44,trailing_prob_drop,trailing_prob_drop,-0.07210000000000008,-0.07458509105691101,8.897,0.4742901027202606,,0.7931786634943578,,127.1,126.07,-0.07458509105691101,81.0
ETH/USDT,xgb_primary,primary,1m,2025-12-22 09:53:00+00:00,2025-12-22 08:28:00+00:00,2025-12-22 09:53:00+00:00,sell,False,pnl_block,pnl_block,,,False,0.6699029207,0.4742901027202606,0.48,0.43,trailing_prob_drop,trailing_prob_drop,-0.10302000000000044,-0.10674463518288684,18.32148,0.4742901027202606,,0.03293357462737563,,3053.58,3036.41,-0.10674463518288684,85.0
SOL/USDT,xgb_primary,conservative,1m,2025-12-22 09:53:00+00:00,2025-12-22 08:31:00+00:00,2025-12-22 09:53:00+00:00,sell,False,pnl_block,pnl_block,,,False,0.6844155788,0.4742901027202606,0.48,0.44,trailing_prob_drop,trailing_prob_drop,-0.07210000000000008,-0.07458509105691101,8.897,0.4742901027202606,3.172337219445796,0.7931786634943578,,127.1,126.07,-0.07458509105691101,82.0
SOL/USDT,xgb_primary,conservative,1m,2025-12-22 09:54:00+00:00,2025-12-22 08:31:00+00:00,2025-12-22 09:54:00+00:00,sell,False,pnl_block,pnl_block,,,False,0.6844155788,0.4742901027202606,0.48,0.44,trailing_prob_drop,trailing_prob_drop,-0.07069999999999937,-0.07318497912684754,8.897,0.4742901027202606,0.7932101213615543,0.793052856972196,,127.1,126.09,-0.07318497912684754,83.0
BTC/USDT,xgb_primary,conservative,1m,2025-12-22 09:55:00+00:00,2025-12-22 09:37:00+00:00,2025-12-22 09:55:00+00:00,sell,False,dry_run,dry_run,,,True,0.5656820536,0.5002435445785522,0.56,0.45,take_profit,take_profit,0.011418000000000757,0.009624704800000758,8.966476,0.5002435445785522,2.1722505474669,0.0011138469041668188,8.977894000000001,89664.76,89778.94,0.009624704800000758,18.0
ETH/USDT,xgb_primary,primary,1m,2025-12-22 09:55:00+00:00,2025-12-22 08:28:00+00:00,2025-12-22 09:55:00+00:00,sell,False,pnl_block,pnl_block,,,False,0.6699029207,0.41829004883766174,0.48,0.43,prob_floor,"prob_floor,trailing_prob_drop",-0.10541999999999825,-0.1091446431326691,18.32148,0.41829004883766174,,0.032937913678830734,,3053.58,3036.01,-0.1091446431326691,87.0
SOL/USDT,xgb_primary,conservative,1m,2025-12-22 09:55:00+00:00,2025-12-22 08:31:00+00:00,2025-12-22 09:55:00+00:00,sell,False,pnl_block,pnl_block,,,False,0.6844155788,0.4742901027202606,0.48,0.44,trailing_prob_drop,trailing_prob_drop,-0.05879999999999925,-0.06128402915297053,8.897,0.4742901027202606,1.5860428231559098,0.7919851106791989,,127.1,126.26,-0.06128402915297053,84.0
SOL/USDT,xgb_primary,conservative,1m,2025-12-22 09:56:00+00:00,2025-12-22 08:31:00+00:00,2025-12-22 09:56:00+00:00,sell,False,pnl_block,pnl_block,,,False,0.6844155788,0.6076040863990784,0.48,0.44,gate_close,gate_close,-0.052500000000000005,-0.05498352726049659,8.897,0.6076040863990784,15.83656663235433,0.7914209963994394,,127.1,126.35,-0.05498352726049659,85.0
SOL/USDT,xgb_primary,conservative,1m,2025-12-22 09:57:00+00:00,2025-12-22 08:31:00+00:00,2025-12-22 09:57:00+00:00,sell,False,pnl_block,pnl_block,,,False,0.6844155788,0.6076040863990784,0.48,0.44,gate_close,gate_close,-0.06509999999999949,-0.06758453176144229,8.897,0.6076040863990784,6.331618519984036,0.7925500297210315,,127.1,126.17,-0.06758453176144229,86.0
BTC/USDT,xgb_primary,conservative,1m,2025-12-22 09:57:00+00:00,,2025-12-22 09:57:00+00:00,buy,True,cooldown_after_loss,cooldown_after_loss,cooldown_after_loss,,False,0.6076040863990784,0.6076040863990784,,0.56,cooldown_after_loss,,,,,0.6076040863990784,,,15.0,,89773.91,0.0,
ETH/USDT,xgb_primary,primary,1m,2025-12-22 09:58:00+00:00,2025-12-22 08:28:00+00:00,2025-12-22 09:58:00+00:00,sell,True,dry_run,dry_run,,,True,0.6699029207,0.565682053565979,0.48,0.43,time_limit,time_exit,-0.0898199999999988,-0.0934842959999988,18.32148,0.565682053565979,0.03290973025461775,0.03290973025461775,18.23166,3053.58,3038.61,-0.0934842959999988,90.0
SOL/USDT,xgb_primary,conservative,1m,2025-12-22 09:58:00+00:00,2025-12-22 08:31:00+00:00,2025-12-22 09:58:00+00:00,sell,False,pnl_block,pnl_block,,,False,0.6844155788,0.5878524780273438,0.48,0.44,gate_close,gate_close,-0.06159999999999969,-0.06408425244602897,8.897,0.5878524780273438,13.472816611189371,0.7922360863541388,,127.1,126.22,-0.06408425244602897,87.0
BTC/USDT,xgb_primary,conservative,1m,2025-12-22 09:58:00+00:00,,2025-12-22 09:58:00+00:00,buy,True,cooldown_after_loss,cooldown_after_loss,cooldown_after_loss,,False,0.6076040863990784,0.6076040863990784,,0.56,cooldown_after_loss,,,,,0.6076040863990784,,,15.0,,89829.61,0.0,
ETH/USDT,xgb_primary,primary,1m,2025-12-22 09:59:00+00:00,,2025-12-22 09:59:00+00:00,buy,True,cooldown_after_loss,cooldown_after_loss,cooldown_after_loss,,False,0.565682053565979,0.565682053565979,,0.48,cooldown_after_loss,,,,,0.565682053565979,,,20.0,,3041.68,0.0,
SOL/USDT,xgb_primary,conservative,1m,2025-12-22 09:59:00+00:00,2025-12-22 08:31:00+00:00,2025-12-22 09:59:00+00:00,sell,True,pnl_block,pnl_block,,,False,0.6844155788,0.565682053565979,0.48,0.44,trailing_prob_drop,trailing_prob_drop,-0.06579999999999984,-0.06828458765109204,8.897,0.565682053565979,1.585288522511908,0.7926128482546757,,127.1,126.16,-0.06828458765109204,88.0
BTC/USDT,xgb_primary,conservative,1m,2025-12-22 09:59:00+00:00,,2025-12-22 09:59:00+00:00,buy,True,cooldown_after_loss,cooldown_after_loss,cooldown_after_loss,,False,0.6076040863990784,0.6076040863990784,,0.56,cooldown_after_loss,,,,,0.6076040863990784,,,15.0,,89847.93,0.0,
ETH/USDT,xgb_primary,primary,1m,2025-12-22 10:00:00+00:00,,2025-12-22 10:00:00+00:00,buy,True,cooldown_after_loss,cooldown_after_loss,cooldown_after_loss,,False,0.6076040863990784,0.6076040863990784,,0.48,cooldown_after_loss,,,,,0.6076040863990784,,,20.0,,3041.47,0.0,
SOL/USDT,xgb_primary,conservative,1m,2025-12-22 10:00:00+00:00,2025-12-22 08:31:00+00:00,2025-12-22 10:00:00+00:00,sell,False,pnl_block,pnl_block,,,False,0.6844155788,0.5002435445785522,0.48,0.44,gate_close,"gate_close,trailing_prob_drop",-0.07559999999999989,-0.07808537103749282,8.897,0.5002435445785522,7.927070947284528,0.7934933544935621,,127.1,126.02,-0.07808537103749282,89.0
SOL/USDT,xgb_primary,conservative,1m,2025-12-22 10:01:00+00:00,2025-12-22 08:31:00+00:00,2025-12-22 10:01:00+00:00,sell,False,dry_run,dry_run,,,True,0.6844155788,0.5002435445785522,0.48,0.44,time_limit,"time_exit,gate_close,trailing_prob_drop",-0.07279999999999945,-0.07457939999999945,8.897,0.5002435445785522,8.72600349040135,0.7932415817229925,8.824200000000001,127.1,126.06,-0.07457939999999945,90.0
ETH/USDT,xgb_primary,primary,1m,2025-12-22 10:01:00+00:00,,2025-12-22 10:01:00+00:00,buy,True,cooldown_after_loss,cooldown_after_loss,cooldown_after_loss,,False,0.6076040863990784,0.6076040863990784,,0.48,cooldown_after_loss,,,,,0.6076040863990784,,,20.0,,3038.58,0.0,
ETH/USDT,xgb_primary,primary,1m,2025-12-22 10:02:00+00:00,,2025-12-22 10:02:00+00:00,buy,True,cooldown_after_loss,cooldown_after_loss,cooldown_after_loss,,False,0.6076040863990784,0.6076040863990784,,0.48,cooldown_after_loss,,,,,0.6076040863990784,,,20.0,,3037.89,0.0,
SOL/USDT,xgb_primary,conservative,1m,2025-12-22 10:02:00+00:00,,2025-12-22 10:02:00+00:00,buy,True,cooldown_after_loss,cooldown_after_loss,cooldown_after_loss,,False,0.565682053565979,0.565682053565979,,0.48,cooldown_after_loss,,,,,0.565682053565979,,,10.0,,126.04,0.0,
BTC/USDT,xgb_primary,conservative,1m,2025-12-22 10:02:00+00:00,,2025-12-22 10:02:00+00:00,buy,True,cooldown_after_loss,cooldown_after_loss,cooldown_after_loss,,False,0.565682053565979,0.565682053565979,,0.56,cooldown_after_loss,,,,,0.565682053565979,,,15.0,,89710.39,0.0,
ETH/USDT,xgb_primary,primary,1m,2025-12-22 10:03:00+00:00,,2025-12-22 10:03:00+00:00,buy,True,cooldown_after_loss,cooldown_after_loss,cooldown_after_loss,,False,0.565682053565979,0.565682053565979,,0.48,cooldown_after_loss,,,,,0.565682053565979,,,20.0,,3035.75,0.0,
SOL/USDT,xgb_primary,conservative,1m,2025-12-22 10:03:00+00:00,,2025-12-22 10:03:00+00:00,buy,True,cooldown_after_loss,cooldown_after_loss,cooldown_after_loss,,False,0.5002435445785522,0.5002435445785522,,0.48,cooldown_after_loss,,,,,0.5002435445785522,,,10.0,,125.98,0.0,
BTC/USDT,xgb_primary,conservative,1m,2025-12-22 10:03:00+00:00,,2025-12-22 10:03:00+00:00,buy,True,cooldown_after_loss,cooldown_after_loss,cooldown_after_loss,,False,0.5878524780273438,0.5878524780273438,,0.56,cooldown_after_loss,,,,,0.5878524780273438,,,15.0,,89647.26,0.0,
SOL/USDT,xgb_primary,conservative,1m,2025-12-22 10:05:00+00:00,,2025-12-22 10:05:00+00:00,buy,True,cooldown_after_loss,cooldown_after_loss,cooldown_after_loss,,False,0.5002435445785522,0.5002435445785522,,0.48,cooldown_after_loss,,,,,0.5002435445785522,,,10.0,,126.01,0.0,
SOL/USDT,xgb_primary,conservative,1m,2025-12-22 10:08:00+00:00,,2025-12-22 10:08:00+00:00,buy,True,dry_run,dry_run,,exchange_qty_step,True,0.5002435445785522,0.5002435445785522,,0.48,dry_run,,,,,0.5002435445785522,0.793052856972196,,8.827,,126.1,0.0,
ETH/USDT,xgb_primary,primary,1m,2025-12-22 10:10:00+00:00,,2025-12-22 10:10:00+00:00,buy,True,dry_run,dry_run,,exchange_qty_step,True,0.5002435445785522,0.5002435445785522,,0.48,dry_run,,,,,0.5002435445785522,0.03296006064723104,,18.20388,,3033.98,0.0,
SOL/USDT,xgb_primary,conservative,1m,2025-12-22 10:11:00+00:00,2025-12-22 10:08:00+00:00,2025-12-22 10:11:00+00:00,sell,False,min_hold,min_hold,,,False,0.5002435446,0.41829004883766174,0.48,0.44,prob_floor,prob_floor,-0.0034999999999998014,-0.005965649890920789,8.827,0.41829004883766174,3.1735956839092383,0.7933045099365448,,126.1,126.05,-0.005965649890920789,3.0
ETH/USDT,xgb_primary,primary,1m,2025-12-22 10:12:00+00:00,2025-12-22 10:10:00+00:00,2025-12-22 10:12:00+00:00,sell,False,min_hold,min_hold,,,False,0.5002435446,0.41829004883766174,0.48,0.43,prob_floor,prob_floor,0.0015599999999985812,-0.0021407707598194215,18.20388,0.41829004883766174,,0.032957127721124295,,3033.98,3034.24,-0.0021407707598194215,2.0
SOL/USDT,xgb_primary,conservative,1m,2025-12-22 10:12:00+00:00,2025-12-22 10:08:00+00:00,2025-12-22 10:12:00+00:00,sell,False,min_hold,min_hold,,,False,0.5002435446,0.41829004883766174,0.48,0.44,prob_floor,prob_floor,0.008400000000000319,0.00593529320657552,8.827,0.41829004883766174,,0.7922360863541388,,126.1,126.22,0.00593529320657552,4.0
ETH/USDT,xgb_primary,primary,1m,2025-12-22 10:13:00+00:00,2025-12-22 10:10:00+00:00,2025-12-22 10:13:00+00:00,sell,False,min_hold,min_hold,,,False,0.5002435446,0.41829004883766174,0.48,0.43,prob_floor,prob_floor,0.0121800000000012,0.00847926421719522,18.20388,0.41829004883766174,,0.032937913678830734,,3033.98,3036.01,0.00847926421719522,3.0
SOL/USDT,xgb_primary,conservative,1m,2025-12-22 10:13:00+00:00,2025-12-22 10:08:00+00:00,2025-12-22 10:13:00+00:00,sell,False,dry_run,dry_run,,,True,0.5002435446,0.5002435445785522,0.48,0.44,gate_close,gate_close,0.007699999999999961,0.005934599999999961,8.827,0.5002435445785522,12.676279511962967,0.7922988551285597,8.8347,126.1,126.21,0.005934599999999961,5.0
SOL/USDT,xgb_primary,conservative,1m,2025-12-22 10:14:00+00:00,,2025-12-22 10:14:00+00:00,buy,True,cooldown_after_exit,cooldown_after_exit,cooldown_after_exit,,False,0.5002435445785522,0.5002435445785522,,0.48,cooldown_after_exit,,,,,0.5002435445785522,,,10.0,,126.34,0.0,
ETH/USDT,xgb_primary,primary,1m,2025-12-22 10:15:00+00:00,2025-12-22 10:10:00+00:00,2025-12-22 10:15:00+00:00,sell,False,min_hold,min_hold,,,False,0.5002435446,0.41829004883766174,0.48,0.43,take_profit,"take_profit,prob_floor",0.02730000000000109,0.023599313944663337,18.20388,0.41829004883766174,,0.03291059671770617,,3033.98,3038.53,0.023599313944663337,5.0
ETH/USDT,xgb_primary,primary,1m,2025-12-22 10:17:00+00:00,2025-12-22 10:10:00+00:00,2025-12-22 10:17:00+00:00,sell,True,dry_run,dry_run,,,True,0.5002435446,0.565682053565979,0.48,0.43,take_profit,take_profit,0.041099999999999456,0.03745922399999946,18.20388,0.565682053565979,0.032885704091863845,0.032885704091863845,18.244979999999998,3033.98,3040.83,0.03745922399999946,7.0
SOL/USDT,xgb_primary,conservative,1m,2025-12-22 10:17:00+00:00,,2025-12-22 10:17:00+00:00,buy,True,dry_run,dry_run,,exchange_qty_step,True,0.6076040863990784,0.6076040863990784,,0.48,dry_run,,,,,0.6076040863990784,0.7902951752483593,,8.857800000000001,,126.54,0.0,
ETH/USDT,xgb_primary,primary,1m,2025-12-22 10:18:00+00:00,,2025-12-22 10:18:00+00:00,buy,True,cooldown_after_exit,cooldown_after_exit,cooldown_after_exit,,False,0.5878524780273438,0.5878524780273438,,0.48,cooldown_after_exit,,,,,0.5878524780273438,,,20.0,,3039.44,0.0,
SOL/USDT,xgb_primary,conservative,1m,2025-12-22 10:18:00+00:00,2025-12-22 10:17:00+00:00,2025-12-22 10:18:00+00:00,sell,False,min_hold,min_hold,,,False,0.6076040864,0.6076040863990784,0.48,0.44,gate_close,gate_close,0.0,-0.0024715323418540397,8.857800000000001,0.6076040863990784,18.96783371532515,0.790232723536363,,126.54,126.54,-0.0024715323418540397,1.0
BTC/USDT,xgb_primary,conservative,1m,2025-12-22 10:18:00+00:00,,2025-12-22 10:18:00+00:00,buy,True,dry_run,dry_run,,exchange_qty_step,True,0.565682053565979,0.565682053565979,,0.56,dry_run,,,,,0.565682053565979,0.0011142368544159085,,8.974753,,89747.53,0.0,
ETH/USDT,xgb_primary,primary,1m,2025-12-22 10:19:00+00:00,,2025-12-22 10:19:00+00:00,buy,True,dry_run,dry_run,,exchange_qty_step,True,0.6076040863990784,0.6076040863990784,,0.48,dry_run,,,,,0.6076040863990784,0.032897604560145975,,18.23844,,3039.74,0.0,
SOL/USDT,xgb_primary,conservative,1m,2025-12-22 10:20:00+00:00,2025-12-22 10:17:00+00:00,2025-12-22 10:20:00+00:00,sell,False,min_hold,min_hold,,,False,0.6076040864,0.6076040863990784,0.48,0.44,gate_close,gate_close,-0.009100000000000677,-0.011572252164696682,8.857800000000001,0.6076040863990784,9.489916963225808,0.7910453664521708,,126.54,126.41,-0.011572252164696682,3.0
SOL/USDT,xgb_primary,conservative,1m,2025-12-22 10:26:00+00:00,2025-12-22 10:17:00+00:00,2025-12-22 10:26:00+00:00,sell,False,dry_run,dry_run,,,True,0.6076040864,0.6699029207229614,0.48,0.44,gate_close,gate_close,0.006999999999999603,0.005228439999999603,8.857800000000001,0.6699029207229614,8.686725104635508,0.7896087488653413,8.8648,126.54,126.64,0.005228439999999603,9.0
SOL/USDT,xgb_primary,conservative,1m,2025-12-22 10:27:00+00:00,,2025-12-22 10:27:00+00:00,buy,True,cooldown_after_exit,cooldown_after_exit,cooldown_after_exit,,False,0.6115108132362366,0.6115108132362366,,0.48,cooldown_after_exit,,,,,0.6115108132362366,,,10.0,,126.57,0.0,
SOL/USDT,xgb_primary,conservative,1m,2025-12-22 10:28:00+00:00,,2025-12-22 10:28:00+00:00,buy,True,dry_run,dry_run,,exchange_qty_step,True,0.6076040863990784,0.6076040863990784,,0.48,dry_run,,,,,0.6076040863990784,0.7902951752483593,,8.857800000000001,,126.54,0.0,
ETH/USDT,xgb_primary,primary,1m,2025-12-22 10:30:00+00:00,2025-12-22 10:19:00+00:00,2025-12-22 10:30:00+00:00,sell,False,pnl_block,pnl_block,,,False,0.6076040864,0.4742901027202606,0.48,0.43,trailing_prob_drop,trailing_prob_drop,-0.015479999999999564,-0.019788236693457986,18.23844,0.4742901027202606,,0.36217389944448225,,3039.74,3037.16,-0.019788236693457986,11.0
SOL/USDT,xgb_primary,conservative,1m,2025-12-22 10:30:00+00:00,2025-12-22 10:28:00+00:00,2025-12-22 10:30:00+00:00,sell,False,min_hold,min_hold,,,False,0.6076040864,0.6076040863990784,0.48,0.44,take_profit,"take_profit,gate_close",0.010499999999999404,0.008029296387386078,8.857800000000001,0.6076040863990784,9.474182851729397,0.7892971309053329,,126.54,126.69,0.008029296387386078,2.0
SOL/USDT,xgb_primary,conservative,1m,2025-12-22 10:32:00+00:00,2025-12-22 10:28:00+00:00,2025-12-22 10:32:00+00:00,sell,True,min_hold,min_hold,,,False,0.6076040864,0.5878524780273438,0.48,0.44,take_profit,take_profit,0.010499999999999404,0.008029296387386078,8.857800000000001,0.5878524780273438,3.9481996209726122,0.7892971309053329,,126.54,126.69,0.008029296387386078,4.0
ETH/USDT,xgb_primary,primary,1m,2025-12-22 10:32:00+00:00,2025-12-22 10:19:00+00:00,2025-12-22 10:32:00+00:00,sell,False,pnl_block,pnl_block,,,False,0.6076040864,0.41829004883766174,0.48,0.43,prob_floor,"prob_floor,trailing_prob_drop",-0.008159999999998035,-0.011867714757632663,18.23844,0.41829004883766174,,0.032912221458977486,,3039.74,3038.38,-0.011867714757632663,13.0
SOL/USDT,xgb_primary,conservative,1m,2025-12-22 10:33:00+00:00,2025-12-22 10:28:00+00:00,2025-12-22 10:33:00+00:00,sell,True,dry_run,dry_run,,,True,0.6076040864,0.565682053565979,0.48,0.44,take_profit,take_profit,0.009800000000000041,0.008028440000000041,8.857800000000001,0.565682053565979,3.1573131265286953,0.7893594348179267,8.867600000000001,126.54,126.68,0.008028440000000041,5.0
ETH/USDT,xgb_primary,primary,1m,2025-12-22 10:34:00+00:00,2025-12-22 10:19:00+00:00,2025-12-22 10:34:00+00:00,sell,False,pnl_block,pnl_block,,,False,0.6076040864,0.4742901027202606,0.48,0.43,trailing_prob_drop,trailing_prob_drop,-0.008339999999999237,-0.01204771535032663,18.23844,0.4742901027202606,,0.032912546427979215,,3039.74,3038.35,-0.01204771535032663,15.0
SOL/USDT,xgb_primary,conservative,1m,2025-12-22 10:34:00+00:00,,2025-12-22 10:34:00+00:00,buy,True,cooldown_after_exit,cooldown_after_exit,cooldown_after_exit,,False,0.565682053565979,0.565682053565979,,0.48,cooldown_after_exit,,,,,0.565682053565979,,,10.0,,126.7,0.0,
SOL/USDT,xgb_primary,conservative,1m,2025-12-22 10:35:00+00:00,,2025-12-22 10:35:00+00:00,buy,True,dry_run,dry_run,,exchange_qty_step,True,0.6076040863990784,0.6076040863990784,,0.48,dry_run,,,,,0.6076040863990784,0.7886746322797353,,8.876000000000001,,126.8,0.0,
BTC/USDT,xgb_primary,conservative,1m,2025-12-22 10:36:00+00:00,2025-12-22 10:18:00+00:00,2025-12-22 10:36:00+00:00,sell,False,dry_run,dry_run,,,True,0.5656820536,0.565682053565979,0.56,0.45,gate_close,gate_close,0.007039999999999418,0.005245049399999418,8.974753,0.565682053565979,6.897285776092959,0.0011133633844190726,8.981793,89747.53,89817.93,0.005245049399999418,18.0
BTC/USDT,xgb_primary,conservative,1m,2025-12-22 10:37:00+00:00,,2025-12-22 10:37:00+00:00,buy,True,cooldown_after_exit,cooldown_after_exit,cooldown_after_exit,,False,0.565682053565979,0.565682053565979,,0.56,cooldown_after_exit,,,,,0.565682053565979,,,15.0,,89751.32,0.0,
SOL/USDT,xgb_primary,conservative,1m,2025-12-22 10:40:00+00:00,2025-12-22 10:35:00+00:00,2025-12-22 10:40:00+00:00,sell,False,pnl_block,pnl_block,,,False,0.6076040864,0.6076040863990784,0.48,0.44,gate_close,gate_close,-0.0034999999999998014,-0.005975448510907028,8.876000000000001,0.6076040863990784,6.311637080867715,0.7889235138657343,,126.8,126.75,-0.005975448510907028,5.0
BTC/USDT,xgb_primary,conservative,1m,2025-12-22 10:43:00+00:00,,2025-12-22 10:43:00+00:00,buy,True,dry_run,dry_run,,exchange_qty_step,True,0.565682053565979,0.565682053565979,,0.56,dry_run,,,,,0.565682053565979,0.0011134430933722032,,8.981151,,89811.51,0.0,
SOL/USDT,xgb_primary,conservative,1m,2025-12-22 10:46:00+00:00,2025-12-22 10:35:00+00:00,2025-12-22 10:46:00+00:00,sell,False,pnl_block,pnl_block,,,False,0.6076040864,0.5002435445785522,0.48,0.44,gate_close,gate_close,-0.0006999999999993635,-0.003175227603610857,8.876000000000001,0.5002435445785522,4.734848484848665,0.7886746322797353,,126.8,126.79,-0.003175227603610857,11.0
BTC/USDT,xgb_primary,conservative,1m,2025-12-22 10:48:00+00:00,2025-12-22 10:43:00+00:00,2025-12-22 10:48:00+00:00,sell,False,pnl_block,pnl_block,,,False,0.5656820536,0.565682053565979,0.56,0.45,gate_close,gate_close,-0.0032569999999992436,-0.005054230562722964,8.981151,0.565682053565979,5.1324372596026695,0.0011138469041668188,,89811.51,89778.94,-0.005054230562722964,5.0
ETH/USDT,xgb_primary,primary,1m,2025-12-22 10:51:00+00:00,2025-12-22 10:19:00+00:00,2025-12-22 10:51:00+00:00,sell,True,dry_run,dry_run,,,True,0.6076040864,0.5002435445785522,0.48,0.43,take_profit,take_profit,0.019020000000000436,0.015372312000000436,18.23844,0.5002435445785522,0.032863224901840106,0.032863224901840106,18.25746,3039.74,3042.91,0.015372312000000436,32.0
SOL/USDT,xgb_primary,conservative,1m,2025-12-22 10:51:00+00:00,2025-12-22 10:35:00+00:00,2025-12-22 10:51:00+00:00,sell,False,pnl_block,pnl_block,,,False,0.6076040864,0.4742901027202606,0.48,0.44,trailing_prob_drop,trailing_prob_drop,-0.004899999999999523,-0.007375559016845061,8.876000000000001,0.4742901027202606,4.733727810651067,0.7890480135709083,,126.8,126.73,-0.007375559016845061,16.0
ETH/USDT,xgb_primary,primary,1m,2025-12-22 10:53:00+00:00,,2025-12-22 10:53:00+00:00,buy,True,dry_run,dry_run,,exchange_qty_step,True,0.565682053565979,0.565682053565979,,0.48,dry_run,,,,,0.565682053565979,0.03284875938519696,,18.26556,,3044.26,0.0,
SOL/USDT,xgb_primary,conservative,1m,2025-12-22 10:58:00+00:00,2025-12-22 10:35:00+00:00,2025-12-22 10:58:00+00:00,sell,False,pnl_block,pnl_block,,,False,0.6076040864,0.41829004883766174,0.48,0.44,prob_floor,"prob_floor,trailing_prob_drop",-0.0063000000000002394,-0.008775669557669383,8.876000000000001,0.41829004883766174,,0.7891725525790251,,126.8,126.71,-0.008775669557669383,23.0
SOL/USDT,xgb_primary,conservative,1m,2025-12-22 10:59:00+00:00,2025-12-22 10:35:00+00:00,2025-12-22 10:59:00+00:00,sell,False,pnl_block,pnl_block,,,False,0.6076040864,0.41829004883766174,0.48,0.44,prob_floor,"prob_floor,trailing_prob_drop",-0.005599999999999881,-0.008075614282896274,8.876000000000001,0.41829004883766174,,0.7891102781617768,,126.8,126.72,-0.008075614282896274,24.0
SOL/USDT,xgb_primary,conservative,1m,2025-12-22 11:00:00+00:00,2025-12-22 10:35:00+00:00,2025-12-22 11:00:00+00:00,sell,False,pnl_block,pnl_block,,,False,0.6076040864,0.41829004883766174,0.48,0.44,prob_floor,"prob_floor,trailing_prob_drop",-0.004899999999999523,-0.007375559016845061,8.876000000000001,0.41829004883766174,0.7891414141418178,0.7890480135709083,,126.8,126.73,-0.007375559016845061,25.0
SOL/USDT,xgb_primary,conservative,1m,2025-12-22 11:01:00+00:00,2025-12-22 10:35:00+00:00,2025-12-22 11:01:00+00:00,sell,False,pnl_block,pnl_block,,,False,0.6076040864,0.5002435445785522,0.48,0.44,gate_close,gate_close,-0.006999999999999603,-0.009475724841165455,8.876000000000001,0.5002435445785522,4.734101309768208,0.7892348368249797,,126.8,126.7,-0.009475724841165455,26.0
SOL/USDT,xgb_primary,conservative,1m,2025-12-22 11:02:00+00:00,2025-12-22 10:35:00+00:00,2025-12-22 11:02:00+00:00,sell,False,pnl_block,pnl_block,,,False,0.6076040864,0.41829004883766174,0.48,0.44,prob_floor,"prob_floor,trailing_prob_drop",-0.009800000000000041,-0.01227594606244859,8.876000000000001,0.41829004883766174,7.102833241259839,0.7894840721592482,,126.8,126.66,-0.01227594606244859,27.0
BTC/USDT,xgb_primary,conservative,1m,2025-12-22 11:02:00+00:00,2025-12-22 10:43:00+00:00,2025-12-22 11:02:00+00:00,sell,False,pnl_block,pnl_block,,,False,0.5656820536,0.41829004883766174,0.56,0.45,prob_floor,"prob_floor,trailing_prob_drop",-0.006916999999999826,-0.008714230970707162,8.981151,0.41829004883766174,2.478309498734629,0.001114301170680711,,89811.51,89742.34,-0.008714230970707162,19.0
SOL/USDT,xgb_primary,conservative,1m,2025-12-22 11:04:00+00:00,2025-12-22 10:35:00+00:00,2025-12-22 11:04:00+00:00,sell,False,pnl_block,pnl_block,,,False,0.6076040864,0.4742901027202606,0.48,0.44,trailing_prob_drop,trailing_prob_drop,-0.009800000000000041,-0.01227594606244859,8.876000000000001,0.4742901027202606,3.9463299131805174,0.7894840721592482,,126.8,126.66,-0.01227594606244859,29.0
SOL/USDT,xgb_primary,conservative,1m,2025-12-22 11:05:00+00:00,2025-12-22 10:35:00+00:00,2025-12-22 11:05:00+00:00,sell,False,pnl_block,pnl_block,,,False,0.6076040864,0.4742901027202606,0.48,0.44,trailing_prob_drop,trailing_prob_drop,-0.006999999999999603,-0.009475724841165455,8.876000000000001,0.4742901027202606,3.1580609505768398,0.7892348368249797,,126.8,126.7,-0.009475724841165455,30.0
SOL/USDT,xgb_primary,conservative,1m,2025-12-22 11:06:00+00:00,2025-12-22 10:35:00+00:00,2025-12-22 11:06:00+00:00,sell,False,pnl_block,pnl_block,,,False,0.6076040864,0.4742901027202606,0.48,0.44,trailing_prob_drop,trailing_prob_drop,-0.006999999999999603,-0.009475724841165455,8.876000000000001,0.4742901027202606,2.3677979479085347,0.7892348368249797,,126.8,126.7,-0.009475724841165455,31.0
SOL/USDT,xgb_primary,conservative,1m,2025-12-22 11:08:00+00:00,2025-12-22 10:35:00+00:00,2025-12-22 11:08:00+00:00,sell,False,pnl_block,pnl_block,,,False,0.6076040864,0.5002435445785522,0.48,0.44,gate_close,gate_close,-0.002799999999999443,-0.0052753932710121,8.876000000000001,0.5002435445785522,3.944773175542182,0.7888612787434155,,126.8,126.76,-0.0052753932710121,33.0
SOL/USDT,xgb_primary,conservative,1m,2025-12-22 11:12:00+00:00,2025-12-22 10:35:00+00:00,2025-12-22 11:12:00+00:00,sell,False,pnl_block,pnl_block,,,False,0.6076040864,0.4742901027202606,0.48,0.44,trailing_prob_drop,trailing_prob_drop,-0.009099999999999683,-0.011575890744030039,8.876000000000001,0.4742901027202606,7.105637138797048,0.7894217485695769,,126.8,126.67,-0.011575890744030039,37.0
SOL/USDT,xgb_primary,conservative,1m,2025-12-22 11:16:00+00:00,2025-12-22 10:35:00+00:00,2025-12-22 11:16:00+00:00,sell,False,pnl_block,pnl_block,,,False,0.6076040864,0.41829004883766174,0.48,0.44,prob_floor,"prob_floor,trailing_prob_drop",-0.009099999999999683,-0.011575890744030039,8.876000000000001,0.41829004883766174,,0.7894217485695769,,126.8,126.67,-0.011575890744030039,41.0
BTC/USDT,xgb_primary,conservative,1m,2025-12-22 11:17:00+00:00,2025-12-22 10:43:00+00:00,2025-12-22 11:17:00+00:00,sell,False,pnl_block,pnl_block,,,False,0.5656820536,0.41829004883766174,0.56,0.45,prob_floor,"prob_floor,trailing_prob_drop",-0.014651999999998952,-0.016449231834025173,8.981151,0.41829004883766174,9.342195463888917,0.0011152624270777366,,89811.51,89664.99,-0.016449231834025173,34.0
SOL/USDT,xgb_primary,conservative,1m,2025-12-22 11:17:00+00:00,2025-12-22 10:35:00+00:00,2025-12-22 11:17:00+00:00,sell,False,pnl_block,pnl_block,,,False,0.6076040864,0.41829004883766174,0.48,0.44,prob_floor,"prob_floor,trailing_prob_drop",-0.025199999999999962,-0.02767716528134794,8.876000000000001,0.41829004883766174,18.98283635213121,0.7908576851599601,,126.8,126.44,-0.02767716528134794,42.0
ETH/USDT,xgb_primary,primary,1m,2025-12-22 11:18:00+00:00,2025-12-22 10:53:00+00:00,2025-12-22 11:18:00+00:00,sell,False,pnl_block,pnl_block,,,False,0.5656820536,0.41829004883766174,0.48,0.43,prob_floor,"prob_floor,trailing_prob_drop",-0.03972000000000207,-0.04343324266043276,18.26556,0.41829004883766174,,0.032920239199176596,,3044.26,3037.64,-0.04343324266043276,25.0
SOL/USDT,xgb_primary,conservative,1m,2025-12-22 11:18:00+00:00,2025-12-22 10:35:00+00:00,2025-12-22 11:18:00+00:00,sell,False,pnl_block,pnl_block,,,False,0.6076040864,0.41829004883766174,0.48,0.44,prob_floor,"prob_floor,trailing_prob_drop",-0.02170000000000016,-0.024176887813748098,8.876000000000001,0.41829004883766174,4.745333755140958,0.790545080833639,,126.8,126.49,-0.024176887813748098,43.0
ETH/USDT,xgb_primary,primary,1m,2025-12-22 11:19:00+00:00,2025-12-22 10:53:00+00:00,2025-12-22 11:19:00+00:00,sell,False,pnl_block,pnl_block,,,False,0.5656820536,0.41829004883766174,0.48,0.43,prob_floor,"prob_floor,trailing_prob_drop",-0.03222000000000207,-0.03593321792666423,18.26556,0.41829004883766174,,0.03290669799456144,,3044.26,3038.89,-0.03593321792666423,26.0
SOL/USDT,xgb_primary,conservative,1m,2025-12-22 11:20:00+00:00,2025-12-22 10:35:00+00:00,2025-12-22 11:20:00+00:00,sell,False,pnl_block,pnl_block,,,False,0.6076040864,0.41829004883766174,0.48,0.44,prob_floor,"prob_floor,trailing_prob_drop",-0.018899999999999723,-0.021376665997550167,8.876000000000001,0.41829004883766174,,0.7902951752483593,,126.8,126.53,-0.021376665997550167,45.0
ETH/USDT,xgb_primary,primary,1m,2025-12-22 11:20:00+00:00,2025-12-22 10:53:00+00:00,2025-12-22 11:20:00+00:00,sell,False,pnl_block,pnl_block,,,False,0.5656820536,0.41829004883766174,0.48,0.43,prob_floor,"prob_floor,trailing_prob_drop",-0.02862000000000262,-0.03233320606168194,18.26556,0.41829004883766174,,0.03290020217246049,,3044.26,3039.49,-0.03233320606168194,27.0
BTC/USDT,xgb_primary,conservative,1m,2025-12-22 11:20:00+00:00,2025-12-22 10:43:00+00:00,2025-12-22 11:20:00+00:00,sell,False,pnl_block,pnl_block,,,False,0.5656820536,0.41829004883766174,0.56,0.45,prob_floor,"prob_floor,trailing_prob_drop",-0.009675000000000001,-0.011472231278363007,8.981151,0.41829004883766174,,0.0011146437277423874,,89811.51,89714.76,-0.011472231278363007,37.0
ETH/USDT,xgb_primary,primary,1m,2025-12-22 11:21:00+00:00,2025-12-22 10:53:00+00:00,2025-12-22 11:21:00+00:00,sell,False,pnl_block,pnl_block,,,False,0.5656820536,0.41829004883766174,0.48,0.43,prob_floor,"prob_floor,trailing_prob_drop",-0.022980000000002294,-0.02669318748262369,18.26556,0.41829004883766174,,0.03289003053911128,,3044.26,3040.43,-0.02669318748262369,28.0
SOL/USDT,xgb_primary,conservative,1m,2025-12-22 11:21:00+00:00,2025-12-22 10:35:00+00:00,2025-12-22 11:21:00+00:00,sell,False,pnl_block,pnl_block,,,False,0.6076040864,0.4742901027202606,0.48,0.44,trailing_prob_drop,trailing_prob_drop,-0.01610000000000028,-0.01857644432154913,8.876000000000001,0.4742901027202606,,0.790045427612492,,126.8,126.57,-0.01857644432154913,46.0
BTC/USDT,xgb_primary,conservative,1m,2025-12-22 11:21:00+00:00,2025-12-22 10:43:00+00:00,2025-12-22 11:21:00+00:00,sell,False,pnl_block,pnl_block,,,False,0.5656820536,0.41829004883766174,0.56,0.45,prob_floor,"prob_floor,trailing_prob_drop",-0.008025000000000001,-0.009822231094282319,8.981151,0.41829004883766174,0.7022748242170344,0.0011144387643830971,,89811.51,89731.26,-0.009822231094282319,38.0
ETH/USDT,xgb_primary,primary,1m,2025-12-22 11:22:00+00:00,2025-12-22 10:53:00+00:00,2025-12-22 11:22:00+00:00,sell,False,pnl_block,pnl_block,,,False,0.5656820536,0.41829004883766174,0.48,0.43,prob_floor,"prob_floor,trailing_prob_drop",-0.016980000000002292,-0.02069316773027566,18.26556,0.41829004883766174,,0.032879216554745634,,3044.26,3041.43,-0.02069316773027566,29.0
SOL/USDT,xgb_primary,conservative,1m,2025-12-22 11:22:00+00:00,2025-12-22 10:35:00+00:00,2025-12-22 11:22:00+00:00,sell,False,pnl_block,pnl_block,,,False,0.6076040864,0.41829004883766174,0.48,0.44,prob_floor,"prob_floor,trailing_prob_drop",-0.011199999999999762,-0.01367605672549264,8.876000000000001,0.41829004883766174,1.5800284405116147,0.7896087488653413,,126.8,126.64,-0.01367605672549264,47.0
BTC/USDT,xgb_primary,conservative,1m,2025-12-22 11:22:00+00:00,2025-12-22 10:43:00+00:00,2025-12-22 11:22:00+00:00,sell,False,pnl_block,pnl_block,,,False,0.5656820536,0.41829004883766174,0.56,0.45,prob_floor,"prob_floor,trailing_prob_drop",-0.010580999999999768,-0.012378231379468606,8.981151,0.41829004883766174,3.1672347889423893,0.0011147563033268872,,89811.51,89705.7,-0.012378231379468606,39.0
BTC/USDT,xgb_primary,conservative,1m,2025-12-22 11:23:00+00:00,2025-12-22 10:43:00+00:00,2025-12-22 11:23:00+00:00,sell,False,pnl_block,pnl_block,,,False,0.5656820536,0.41829004883766174,0.56,0.45,prob_floor,"prob_floor,trailing_prob_drop",-0.008259999999999127,-0.010057231120493407,8.981151,0.41829004883766174,1.8434519227970527,0.0011144679499090464,,89811.51,89728.91,-0.010057231120493407,40.0
SOL/USDT,xgb_primary,conservative,1m,2025-12-22 11:23:00+00:00,2025-12-22 10:35:00+00:00,2025-12-22 11:23:00+00:00,sell,False,pnl_block,pnl_block,,,False,0.6076040864,0.4742901027202606,0.48,0.44,trailing_prob_drop,trailing_prob_drop,-0.014699999999999564,-0.01717633353607855,8.876000000000001,0.4742901027202606,,0.7899206129776773,,126.8,126.59,-0.01717633353607855,48.0
SOL/USDT,xgb_primary,conservative,1m,2025-12-22 11:24:00+00:00,2025-12-22 10:35:00+00:00,2025-12-22 11:24:00+00:00,sell,False,pnl_block,pnl_block,,,False,0.6076040864,0.4742901027202606,0.48,0.44,trailing_prob_drop,trailing_prob_drop,-0.0140000000000002,-0.01647627815647147,8.876000000000001,0.4742901027202606,0.7898894154811142,0.7898582204498334,,126.8,126.6,-0.01647627815647147,49.0
SOL/USDT,xgb_primary,conservative,1m,2025-12-22 11:25:00+00:00,2025-12-22 10:35:00+00:00,2025-12-22 11:25:00+00:00,sell,False,pnl_block,pnl_block,,,False,0.6076040864,0.41829004883766174,0.48,0.44,prob_floor,"prob_floor,trailing_prob_drop",-0.009099999999999683,-0.011575890744030039,8.876000000000001,0.41829004883766174,,0.7894217485695769,,126.8,126.67,-0.011575890744030039,50.0
BTC/USDT,xgb_primary,conservative,1m,2025-12-22 11:25:00+00:00,2025-12-22 10:43:00+00:00,2025-12-22 11:25:00+00:00,sell,False,pnl_block,pnl_block,,,False,0.5656820536,0.41829004883766174,0.56,0.45,prob_floor,"prob_floor,trailing_prob_drop",-0.004436000000000059,-0.006233230694112673,8.981151,0.41829004883766174,,0.0011139931982152298,,89811.51,89767.15,-0.006233230694112673,42.0
SOL/USDT,xgb_primary,conservative,1m,2025-12-22 11:26:00+00:00,2025-12-22 10:35:00+00:00,2025-12-22 11:26:00+00:00,sell,False,pnl_block,pnl_block,,,False,0.6076040864,0.4742901027202606,0.48,0.44,trailing_prob_drop,trailing_prob_drop,0.0013999999999997216,-0.0010750620145876663,8.876000000000001,0.4742901027202606,,0.7884880741182825,,126.8,126.82,-0.0010750620145876663,51.0
SOL/USDT,xgb_primary,conservative,1m,2025-12-22 11:27:00+00:00,2025-12-22 10:35:00+00:00,2025-12-22 11:27:00+00:00,sell,False,pnl_block,pnl_block,,,False,0.6076040864,0.5002435445785522,0.48,0.44,gate_close,gate_close,-0.0021000000000000797,-0.00457533803983479,8.876000000000001,0.5002435445785522,11.039268254217502,0.7887990534415393,,126.8,126.77,-0.00457533803983479,52.0
BTC/USDT,xgb_primary,conservative,1m,2025-12-22 11:27:00+00:00,2025-12-22 10:43:00+00:00,2025-12-22 11:27:00+00:00,sell,False,pnl_block,pnl_block,,,False,0.5656820536,0.565682053565979,0.56,0.45,gate_close,gate_close,0.0015430000000007569,-0.0002542300281683184,8.981151,0.565682053565979,6.652550071872703,0.0011132517080216086,,89811.51,89826.94,-0.0002542300281683184,44.0
BTC/USDT,xgb_primary,conservative,1m,2025-12-22 11:30:00+00:00,2025-12-22 10:43:00+00:00,2025-12-22 11:30:00+00:00,sell,True,dry_run,dry_run,,,True,0.5656820536,0.565682053565979,0.56,0.45,take_profit,take_profit,0.009497000000000116,0.007700769800000116,8.981151,0.565682053565979,2.7840170482912594,0.001112266819163626,8.990648,89811.51,89906.48,0.007700769800000116,47.0
ETH/USDT,xgb_primary,primary,1m,2025-12-22 11:34:00+00:00,2025-12-22 10:53:00+00:00,2025-12-22 11:34:00+00:00,sell,True,dry_run,dry_run,,,True,0.5656820536,0.6076040863990784,0.48,0.43,take_profit,take_profit,0.019739999999999782,0.016086887999999782,18.26556,0.6076040863990784,0.03281318958891154,0.03281318958891154,18.285300000000003,3044.26,3047.55,0.016086887999999782,41.0
SOL/USDT,xgb_primary,conservative,1m,2025-12-22 11:34:00+00:00,2025-12-22 10:35:00+00:00,2025-12-22 11:34:00+00:00,sell,True,dry_run,dry_run,,,True,0.6076040864,0.6076040863990784,0.48,0.44,take_profit,take_profit,0.012600000000000479,0.010824800000000478,8.876000000000001,0.6076040863990784,0.7877737513790071,0.7874945859740052,8.8886,126.8,126.98,0.010824800000000478,59.0
BTC/USDT,xgb_primary,conservative,1m,2025-12-22 11:34:00+00:00,,2025-12-22 11:34:00+00:00,buy,True,dry_run,dry_run,,exchange_qty_step,True,0.6076040863990784,0.6076040863990784,,0.56,dry_run,,,,,0.6076040863990784,0.001111111172257433,,9.0,,90000.0,0.0,
ETH/USDT,xgb_primary,primary,1m,2025-12-22 11:35:00+00:00,,2025-12-22 11:35:00+00:00,buy,True,cooldown_after_exit,cooldown_after_exit,cooldown_after_exit,,False,0.6076040863990784,0.6076040863990784,,0.48,cooldown_after_exit,,,,,0.6076040863990784,,,20.0,,3049.01,0.0,
SOL/USDT,xgb_primary,conservative,1m,2025-12-22 11:35:00+00:00,,2025-12-22 11:35:00+00:00,buy,True,cooldown_after_exit,cooldown_after_exit,cooldown_after_exit,,False,0.6076040863990784,0.6076040863990784,,0.48,cooldown_after_exit,,,,,0.6076040863990784,,,10.0,,127.06,0.0,
BTC/USDT,xgb_primary,conservative,1m,2025-12-22 11:35:00+00:00,2025-12-22 11:34:00+00:00,2025-12-22 11:35:00+00:00,sell,False,min_hold,min_hold,,,False,0.6076040864,0.6076040863990784,0.56,0.45,gate_close,gate_close,0.000999000000000524,-0.0008019998889557288,9.0,0.6076040863990784,4.180008824462556,0.0011109877291695562,,90000.0,90009.99,-0.0008019998889557288,1.0
ETH/USDT,xgb_primary,primary,1m,2025-12-22 11:36:00+00:00,,2025-12-22 11:36:00+00:00,buy,True,dry_run,dry_run,,exchange_qty_step,True,0.6076040863990784,0.6076040863990784,,0.48,dry_run,,,,,0.6076040863990784,0.032803286890062344,,18.29088,,3048.48,0.0,
BTC/USDT,xgb_primary,conservative,1m,2025-12-22 11:37:00+00:00,2025-12-22 11:34:00+00:00,2025-12-22 11:37:00+00:00,sell,False,min_hold,min_hold,,,False,0.6076040864,0.565682053565979,0.56,0.45,gate_close,gate_close,-0.014627999999999884,-0.016429001627922966,9.0,0.565682053565979,18.35007311661576,0.0011129199145345737,,90000.0,89853.72,-0.016429001627922966,3.0
BTC/USDT,xgb_primary,conservative,1m,2025-12-22 11:38:00+00:00,2025-12-22 11:34:00+00:00,2025-12-22 11:38:00+00:00,sell,False,min_hold,min_hold,,,False,0.6076040864,0.565682053565979,0.56,0.45,gate_close,gate_close,-0.01381600000000035,-0.015617001537416858,9.0,0.565682053565979,10.243315468742768,0.0011128193516740307,,90000.0,89861.84,-0.015617001537416858,4.0
SOL/USDT,xgb_primary,conservative,1m,2025-12-22 11:39:00+00:00,,2025-12-22 11:39:00+00:00,buy,True,dry_run,dry_run,,exchange_qty_step,True,0.6076040863990784,0.6076040863990784,,0.48,dry_run,,,,,0.6076040863990784,0.787184634156344,,8.892800000000001,,127.04,0.0,
SOL/USDT,xgb_primary,conservative,1m,2025-12-22 11:40:00+00:00,2025-12-22 11:39:00+00:00,2025-12-22 11:40:00+00:00,sell,False,min_hold,min_hold,,,False,0.6076040864,0.6076040863990784,0.48,0.44,gate_close,gate_close,0.0,-0.0024785324507058063,8.892800000000001,0.6076040863990784,7.873395795607316,0.7871226730678819,,127.04,127.04,-0.0024785324507058063,1.0
BTC/USDT,xgb_primary,conservative,1m,2025-12-22 11:42:00+00:00,2025-12-22 11:34:00+00:00,2025-12-22 11:42:00+00:00,sell,False,pnl_block,pnl_block,,,False,0.6076040864,0.41829004883766174,0.56,0.45,prob_floor,"prob_floor,trailing_prob_drop",-0.01733899999999994,-0.019140001930217983,9.0,0.41829004883766174,12.301671055877328,0.0011132557978235417,,90000.0,89826.61,-0.019140001930217983,8.0
SOL/USDT,xgb_primary,conservative,1m,2025-12-22 11:43:00+00:00,2025-12-22 11:39:00+00:00,2025-12-22 11:43:00+00:00,sell,False,min_hold,min_hold,,,False,0.6076040864,0.565682053565979,0.48,0.44,gate_close,gate_close,0.0013999999999997216,-0.0010784222752131159,8.892800000000001,0.565682053565979,7.87463579809389,0.7869987801511751,,127.04,127.06,-0.0010784222752131159,4.0
BTC/USDT,xgb_primary,conservative,1m,2025-12-22 11:43:00+00:00,2025-12-22 11:34:00+00:00,2025-12-22 11:43:00+00:00,sell,False,pnl_block,pnl_block,,,False,0.6076040864,0.41829004883766174,0.56,0.45,prob_floor,"prob_floor,trailing_prob_drop",-0.011938999999999943,-0.013740001328261357,9.0,0.41829004883766174,8.87932874234142,0.0011125869571276645,,90000.0,89880.61,-0.013740001328261357,9.0
BTC/USDT,xgb_primary,conservative,1m,2025-12-22 11:44:00+00:00,2025-12-22 11:34:00+00:00,2025-12-22 11:44:00+00:00,sell,False,pnl_block,pnl_block,,,False,0.6076040864,0.5002435445785522,0.56,0.45,trailing_prob_drop,trailing_prob_drop,-0.01329499999999971,-0.015096001479351102,9.0,0.5002435445785522,6.007969905856225,0.0011127548348792904,,90000.0,89867.05,-0.015096001479351102,10.0
SOL/USDT,xgb_primary,conservative,1m,2025-12-22 11:46:00+00:00,2025-12-22 11:39:00+00:00,2025-12-22 11:46:00+00:00,sell,True,dry_run,dry_run,,,True,0.6076040864,0.6076040863990784,0.48,0.44,take_profit,take_profit,0.013999999999999206,0.012221439999999206,8.892800000000001,0.6076040863990784,4.719578384331179,0.7861944258819228,8.9068,127.04,127.19,0.012221439999999206,7.0
SOL/USDT,xgb_primary,conservative,1m,2025-12-22 11:47:00+00:00,,2025-12-22 11:47:00+00:00,buy,True,cooldown_after_exit,cooldown_after_exit,cooldown_after_exit,,False,0.6076040863990784,0.6076040863990784,,0.48,cooldown_after_exit,,,,,0.6076040863990784,,,10.0,,127.43,0.0,
BTC/USDT,xgb_primary,conservative,1m,2025-12-22 11:47:00+00:00,2025-12-22 11:34:00+00:00,2025-12-22 11:47:00+00:00,sell,False,dry_run,dry_run,,,True,0.6076040864,0.5002435445785522,0.56,0.45,prob_trailing,trailing_prob_drop,0.0023979999999995927,0.0005979999999995928,9.0,0.5002435445785522,5.65179997542715,0.0011108150799271133,9.002398,90000.0,90023.98,0.0005979999999995928,13.0
ETH/USDT,xgb_primary,primary,1m,2025-12-22 11:48:00+00:00,2025-12-22 11:36:00+00:00,2025-12-22 11:48:00+00:00,sell,True,dry_run,dry_run,,,True,0.6076040864,0.6076040863990784,0.48,0.43,take_profit,take_profit,0.03923999999999978,0.03558182399999978,18.29088,0.6076040863990784,0.03273295635950042,0.03273295635950042,18.33012,3048.48,3055.02,0.03558182399999978,12.0
ETH/USDT,xgb_primary,primary,1m,2025-12-22 11:49:00+00:00,,2025-12-22 11:49:00+00:00,buy,True,cooldown_after_exit,cooldown_after_exit,cooldown_after_exit,,False,0.6076040863990784,0.6076040863990784,,0.48,cooldown_after_exit,,,,,0.6076040863990784,,,20.0,,3051.01,0.0,
ETH/USDT,xgb_primary,primary,1m,2025-12-22 11:50:00+00:00,,2025-12-22 11:50:00+00:00,buy,True,dry_run,dry_run,,exchange_qty_step,True,0.6076040863990784,0.6076040863990784,,0.48,dry_run,,,,,0.6076040863990784,0.0327757629780174,,18.30624,,3051.04,0.0,
SOL/USDT,xgb_primary,conservative,1m,2025-12-22 11:50:00+00:00,,2025-12-22 11:50:00+00:00,buy,True,dry_run,dry_run,,exchange_qty_step,True,0.5878524780273438,0.5878524780273438,,0.48,dry_run,,,,,0.5878524780273438,0.7865654619109699,,8.8998,,127.14,0.0,
BTC/USDT,xgb_primary,conservative,1m,2025-12-22 11:53:00+00:00,,2025-12-22 11:53:00+00:00,buy,True,dry_run,dry_run,,exchange_qty_step,True,0.565682053565979,0.565682053565979,,0.56,dry_run,,,,,0.565682053565979,0.001111348014497671,,8.998082000000002,,89980.82,0.0,
SOL/USDT,xgb_primary,conservative,1m,2025-12-22 11:56:00+00:00,2025-12-22 11:50:00+00:00,2025-12-22 11:56:00+00:00,sell,False,pnl_block,pnl_block,,,False,0.587852478,0.565682053565979,0.48,0.44,gate_close,gate_close,0.0,-0.0024799324723744198,8.8998,0.565682053565979,8.64915867274836,0.7865035982543643,,127.14,127.14,-0.0024799324723744198,6.0
BTC/USDT,xgb_primary,conservative,1m,2025-12-22 12:00:00+00:00,2025-12-22 11:53:00+00:00,2025-12-22 12:00:00+00:00,sell,False,pnl_block,pnl_block,,,False,0.5656820536,0.565682053565979,0.56,0.45,gate_close,gate_close,0.0017619999999995343,-3.8616204163225386e-05,8.998082000000002,0.565682053565979,6.290945449548706,0.001111130308391585,,89980.82,89998.44,-3.8616204163225386e-05,7.0
SOL/USDT,xgb_primary,conservative,1m,2025-12-22 12:00:00+00:00,2025-12-22 11:50:00+00:00,2025-12-22 12:00:00+00:00,sell,False,pnl_block,pnl_block,,,False,0.587852478,0.4742901027202606,0.48,0.44,trailing_prob_drop,trailing_prob_drop,-0.009099999999999683,-0.011580648895011446,8.8998,0.4742901027202606,7.871536523929024,0.78730858559941,,127.14,127.01,-0.011580648895011446,10.0
SOL/USDT,xgb_primary,conservative,1m,2025-12-22 12:01:00+00:00,2025-12-22 11:50:00+00:00,2025-12-22 12:01:00+00:00,sell,False,pnl_block,pnl_block,,,False,0.587852478,0.4742901027202606,0.48,0.44,trailing_prob_drop,trailing_prob_drop,-0.009800000000000041,-0.012280704065194683,8.8998,0.4742901027202606,4.723665564478214,0.7873705759619791,,127.14,127.0,-0.012280704065194683,11.0
SOL/USDT,xgb_primary,conservative,1m,2025-12-22 12:02:00+00:00,2025-12-22 11:50:00+00:00,2025-12-22 12:02:00+00:00,sell,False,pnl_block,pnl_block,,,False,0.587852478,0.41829004883766174,0.48,0.44,prob_floor,"prob_floor,trailing_prob_drop",-0.004900000000000518,-0.007380318056266861,8.8998,0.41829004883766174,3.1493583182420313,0.7869368483183252,,127.14,127.07,-0.007380318056266861,12.0
SOL/USDT,xgb_primary,conservative,1m,2025-12-22 12:03:00+00:00,2025-12-22 11:50:00+00:00,2025-12-22 12:03:00+00:00,sell,False,pnl_block,pnl_block,,,False,0.587852478,0.41829004883766174,0.48,0.44,prob_floor,"prob_floor,trailing_prob_drop",-0.0007000000000003582,-0.0031799875297918835,8.8998,0.41829004883766174,0.7869678130157319,0.7865654619109699,,127.14,127.13,-0.0031799875297918835,13.0
SOL/USDT,xgb_primary,conservative,1m,2025-12-22 12:04:00+00:00,2025-12-22 11:50:00+00:00,2025-12-22 12:04:00+00:00,sell,False,pnl_block,pnl_block,,,False,0.587852478,0.4742901027202606,0.48,0.44,trailing_prob_drop,trailing_prob_drop,-0.006999999999999603,-0.009480483436576558,8.8998,0.4742901027202606,,0.7871226730678819,,127.14,127.04,-0.009480483436576558,14.0
SOL/USDT,xgb_primary,conservative,1m,2025-12-22 12:05:00+00:00,2025-12-22 11:50:00+00:00,2025-12-22 12:05:00+00:00,sell,False,pnl_block,pnl_block,,,False,0.587852478,0.4742901027202606,0.48,0.44,trailing_prob_drop,trailing_prob_drop,-0.008400000000000319,-0.010880593733517702,8.8998,0.4742901027202606,4.721435316336345,0.7872466049994187,,127.14,127.02,-0.010880593733517702,15.0
SOL/USDT,xgb_primary,conservative,1m,2025-12-22 12:06:00+00:00,2025-12-22 11:50:00+00:00,2025-12-22 12:06:00+00:00,sell,False,pnl_block,pnl_block,,,False,0.587852478,0.4742901027202606,0.48,0.44,trailing_prob_drop,trailing_prob_drop,-0.008400000000000319,-0.010880593733517702,8.8998,0.4742901027202606,1.5744312367165418,0.7872466049994187,,127.14,127.02,-0.010880593733517702,16.0
SOL/USDT,xgb_primary,conservative,1m,2025-12-22 12:07:00+00:00,2025-12-22 11:50:00+00:00,2025-12-22 12:07:00+00:00,sell,False,pnl_block,pnl_block,,,False,0.587852478,0.4742901027202606,0.48,0.44,trailing_prob_drop,trailing_prob_drop,-0.0021000000000000797,-0.004580097670613662,8.8998,0.4742901027202606,3.148614609571162,0.7866892184246639,,127.14,127.11,-0.004580097670613662,17.0
SOL/USDT,xgb_primary,conservative,1m,2025-12-22 12:08:00+00:00,2025-12-22 11:50:00+00:00,2025-12-22 12:08:00+00:00,sell,False,pnl_block,pnl_block,,,False,0.587852478,0.4742901027202606,0.48,0.44,trailing_prob_drop,trailing_prob_drop,-0.009099999999999683,-0.011580648895011446,8.8998,0.4742901027202606,1.5743073047866996,0.78730858559941,,127.14,127.01,-0.011580648895011446,18.0
SOL/USDT,xgb_primary,conservative,1m,2025-12-22 12:09:00+00:00,2025-12-22 11:50:00+00:00,2025-12-22 12:09:00+00:00,sell,False,pnl_block,pnl_block,,,False,0.587852478,0.41829004883766174,0.48,0.44,prob_floor,"prob_floor,trailing_prob_drop",-0.02240000000000052,-0.02488169861620431,8.8998,0.41829004883766174,0.7871536523922311,0.7884880741182825,,127.14,126.82,-0.02488169861620431,19.0
SOL/USDT,xgb_primary,conservative,1m,2025-12-22 12:10:00+00:00,2025-12-22 11:50:00+00:00,2025-12-22 12:10:00+00:00,sell,False,pnl_block,pnl_block,,,False,0.587852478,0.4007633626461029,0.48,0.44,prob_floor,"prob_floor,trailing_prob_drop",-0.02240000000000052,-0.02488169861620431,8.8998,0.4007633626461029,19.712979025390318,0.7884880741182825,,127.14,126.82,-0.02488169861620431,20.0
SOL/USDT,xgb_primary,conservative,1m,2025-12-22 12:11:00+00:00,2025-12-22 11:50:00+00:00,2025-12-22 12:11:00+00:00,sell,False,pnl_block,pnl_block,,,False,0.587852478,0.41829004883766174,0.48,0.44,prob_floor,"prob_floor,trailing_prob_drop",-0.012600000000000479,-0.015080924832828782,8.8998,0.41829004883766174,8.6655112651646,0.7876186350573084,,127.14,126.96,-0.015080924832828782,21.0
ETH/USDT,xgb_primary,primary,1m,2025-12-22 12:11:00+00:00,2025-12-22 11:50:00+00:00,2025-12-22 12:11:00+00:00,sell,False,pnl_block,pnl_block,,,False,0.6076040864,0.41829004883766174,0.48,0.43,prob_floor,"prob_floor,trailing_prob_drop",-0.016679999999998474,-0.020401302621232412,18.30624,0.41829004883766174,4.16751438940986,0.03280554676107074,,3051.04,3048.26,-0.020401302621232412,21.0
BTC/USDT,xgb_primary,conservative,1m,2025-12-22 12:12:00+00:00,2025-12-22 11:53:00+00:00,2025-12-22 12:12:00+00:00,sell,False,dry_run,dry_run,,,True,0.5656820536,0.5002435445785522,0.56,0.45,take_profit,take_profit,0.01220399999999936,0.010404383599999359,8.998082000000002,0.5002435445785522,13.737910577579962,0.001109842622069932,9.010286,89980.82,90102.86,0.010404383599999359,19.0
SOL/USDT,xgb_primary,conservative,1m,2025-12-22 12:12:00+00:00,2025-12-22 11:50:00+00:00,2025-12-22 12:12:00+00:00,sell,False,pnl_block,pnl_block,,,False,0.587852478,0.4007633626461029,0.48,0.44,prob_floor,"prob_floor,trailing_prob_drop",-0.0063000000000002394,-0.00878042830113003,8.8998,0.4007633626461029,15.752993068682155,0.7870607217350845,,127.14,127.05,-0.00878042830113003,22.0
SOL/USDT,xgb_primary,conservative,1m,2025-12-22 12:13:00+00:00,2025-12-22 11:50:00+00:00,2025-12-22 12:13:00+00:00,sell,False,pnl_block,pnl_block,,,False,0.587852478,0.4742901027202606,0.48,0.44,trailing_prob_drop,trailing_prob_drop,-0.008400000000000319,-0.010880593733517702,8.8998,0.4742901027202606,6.296733569460708,0.7872466049994187,,127.14,127.02,-0.010880593733517702,23.0
ETH/USDT,xgb_primary,primary,1m,2025-12-22 12:13:00+00:00,2025-12-22 11:50:00+00:00,2025-12-22 12:13:00+00:00,sell,False,pnl_block,pnl_block,,,False,0.6076040864,0.4742901027202606,0.48,0.43,trailing_prob_drop,trailing_prob_drop,0.00047999999999956346,-0.003241246328487141,18.30624,0.4742901027202606,,0.032774796182451646,,3051.04,3051.12,-0.003241246328487141,23.0
BTC/USDT,xgb_primary,conservative,1m,2025-12-22 12:15:00+00:00,,2025-12-22 12:15:00+00:00,buy,True,dry_run,dry_run,,exchange_qty_step,True,0.565682053565979,0.565682053565979,,0.56,dry_run,,,,,0.565682053565979,0.001109811090149268,,9.010543,,90105.43,0.0,
SOL/USDT,xgb_primary,conservative,1m,2025-12-22 12:16:00+00:00,2025-12-22 11:50:00+00:00,2025-12-22 12:16:00+00:00,sell,False,dry_run,dry_run,,,True,0.587852478,0.5002435445785522,0.48,0.44,gate_close,gate_close,0.0063000000000002394,0.004520040000000239,8.8998,0.5002435445785522,8.65392180001569,0.785947262937942,8.9061,127.14,127.23,0.004520040000000239,26.0
BTC/USDT,xgb_primary,conservative,1m,2025-12-22 12:16:00+00:00,2025-12-22 12:15:00+00:00,2025-12-22 12:16:00+00:00,sell,False,min_hold,min_hold,,,False,0.5656820536,0.5878524780273438,0.56,0.45,gate_close,gate_close,0.007013000000000466,0.005209892177760118,9.010543,0.5878524780273438,7.426889443037761,0.0011089478629064565,,90105.43,90175.56,0.005209892177760118,1.0
ETH/USDT,xgb_primary,primary,1m,2025-12-22 12:17:00+00:00,2025-12-22 11:50:00+00:00,2025-12-22 12:17:00+00:00,sell,True,dry_run,dry_run,,,True,0.6076040864,0.565682053565979,0.48,0.43,take_profit,take_profit,0.02507999999999902,0.02141875199999902,18.30624,0.565682053565979,0.03273081360691366,0.03273081360691366,18.331319999999998,3051.04,3055.22,0.02141875199999902,27.0
SOL/USDT,xgb_primary,conservative,1m,2025-12-22 12:17:00+00:00,,2025-12-22 12:17:00+00:00,buy,True,cooldown_after_exit,cooldown_after_exit,cooldown_after_exit,,False,0.565682053565979,0.565682053565979,,0.48,cooldown_after_exit,,,,,0.565682053565979,,,10.0,,127.23,0.0,
BTC/USDT,xgb_primary,conservative,1m,2025-12-22 12:17:00+00:00,2025-12-22 12:15:00+00:00,2025-12-22 12:17:00+00:00,sell,True,min_hold,min_hold,,,False,0.5656820536,0.565682053565979,0.56,0.45,take_profit,take_profit,0.00944100000000035,0.007637892446730708,9.010543,0.565682053565979,5.6778127379729435,0.00110864935625036,,90105.43,90199.84,0.007637892446730708,2.0
SOL/USDT,xgb_primary,conservative,1m,2025-12-22 12:18:00+00:00,,2025-12-22 12:18:00+00:00,buy,True,dry_run,dry_run,,exchange_qty_step,True,0.565682053565979,0.565682053565979,,0.48,dry_run,,,,,0.565682053565979,0.786070824981733,,8.9054,,127.22,0.0,
SOL/USDT,xgb_primary,conservative,1m,2025-12-22 12:20:00+00:00,2025-12-22 12:18:00+00:00,2025-12-22 12:20:00+00:00,sell,False,min_hold,min_hold,,,False,0.5656820536,0.565682053565979,0.48,0.44,gate_close,gate_close,0.005599999999999881,0.0031193873814849326,8.9054,0.565682053565979,7.072691552063137,0.7855151015282287,,127.22,127.3,0.0031193873814849326,2.0
ETH/USDT,xgb_primary,primary,1m,2025-12-22 12:20:00+00:00,,2025-12-22 12:20:00+00:00,buy,True,dry_run,dry_run,,exchange_qty_step,True,0.6076040863990784,0.6076040863990784,,0.48,dry_run,,,,,0.6076040863990784,0.0327238515980473,,18.33528,,3055.88,0.0,
BTC/USDT,xgb_primary,conservative,1m,2025-12-22 12:20:00+00:00,2025-12-22 12:15:00+00:00,2025-12-22 12:20:00+00:00,sell,False,dry_run,dry_run,,,True,0.5656820536,0.565682053565979,0.56,0.45,gate_close,gate_close,0.0038230000000010478,0.002020891400001048,9.010543,0.565682053565979,6.431178513185321,0.3139383931958286,9.014366,90105.43,90143.66,0.002020891400001048,5.0
BTC/USDT,xgb_primary,conservative,1m,2025-12-22 12:21:00+00:00,,2025-12-22 12:21:00+00:00,buy,True,cooldown_after_exit,cooldown_after_exit,cooldown_after_exit,,False,0.5878524780273438,0.5878524780273438,,0.56,cooldown_after_exit,,,,,0.5878524780273438,,,15.0,,90259.63,0.0,
SOL/USDT,xgb_primary,conservative,1m,2025-12-22 12:21:00+00:00,2025-12-22 12:18:00+00:00,2025-12-22 12:21:00+00:00,sell,True,min_hold,min_hold,,,False,0.5656820536,0.6076040863990784,0.48,0.44,take_profit,take_profit,0.012600000000000479,0.010119936443625776,8.9054,0.6076040863990784,,0.7848985518614578,,127.22,127.4,0.010119936443625776,3.0
SOL/USDT,xgb_primary,conservative,1m,2025-12-22 12:22:00+00:00,2025-12-22 12:18:00+00:00,2025-12-22 12:22:00+00:00,sell,False,min_hold,min_hold,,,False,0.5656820536,0.6076040863990784,0.48,0.44,gate_close,gate_close,0.005599999999999881,0.0031193873814849326,8.9054,0.6076040863990784,12.554927809164829,0.7855151015282287,,127.22,127.3,0.0031193873814849326,4.0
SOL/USDT,xgb_primary,conservative,1m,2025-12-22 12:23:00+00:00,2025-12-22 12:18:00+00:00,2025-12-22 12:23:00+00:00,sell,False,pnl_block,pnl_block,,,False,0.5656820536,0.565682053565979,0.48,0.44,gate_close,gate_close,0.0,-0.002481052489683989,8.9054,0.565682053565979,10.21209740769911,0.7860090391043519,,127.22,127.22,-0.002481052489683989,5.0
BTC/USDT,xgb_primary,conservative,1m,2025-12-22 12:24:00+00:00,,2025-12-22 12:24:00+00:00,buy,True,dry_run,dry_run,,exchange_qty_step,True,0.5878524780273438,0.5878524780273438,,0.56,dry_run,,,,,0.5878524780273438,0.0011082020186632647,,9.023626,,90236.26,0.0,
SOL/USDT,xgb_primary,conservative,1m,2025-12-22 12:26:00+00:00,2025-12-22 12:18:00+00:00,2025-12-22 12:26:00+00:00,sell,False,pnl_block,pnl_block,,,False,0.5656820536,0.6076040863990784,0.48,0.44,gate_close,gate_close,0.0013999999999997216,-0.0010809424700387517,8.9054,0.6076040863990784,7.0738033482671865,0.7858854964835644,,127.22,127.24,-0.0010809424700387517,8.0
SOL/USDT,xgb_primary,conservative,1m,2025-12-22 12:29:00+00:00,2025-12-22 12:18:00+00:00,2025-12-22 12:29:00+00:00,sell,True,dry_run,dry_run,,,True,0.5656820536,0.6076040863990784,0.48,0.44,take_profit,take_profit,0.0105000000000004,0.0087189200000004,8.9054,0.6076040863990784,0.7857311228101765,0.7850834151121416,8.9159,127.22,127.37,0.0087189200000004,11.0
BTC/USDT,xgb_primary,conservative,1m,2025-12-22 12:29:00+00:00,2025-12-22 12:24:00+00:00,2025-12-22 12:29:00+00:00,sell,True,dry_run,dry_run,,,True,0.587852478,0.6076040863990784,0.56,0.45,take_profit,take_profit,0.009529000000000815,0.0077242748000008144,9.023626,0.6076040863990784,5.201558452028737,0.001107032862963702,9.033155,90236.26,90331.55,0.0077242748000008144,5.0
BTC/USDT,xgb_primary,conservative,1m,2025-12-22 12:30:00+00:00,,2025-12-22 12:30:00+00:00,buy,True,cooldown_after_exit,cooldown_after_exit,cooldown_after_exit,,False,0.6076040863990784,0.6076040863990784,,0.56,cooldown_after_exit,,,,,0.6076040863990784,,,15.0,,90322.14,0.0,
ETH/USDT,xgb_primary,primary,1m,2025-12-22 12:34:00+00:00,2025-12-22 12:20:00+00:00,2025-12-22 12:34:00+00:00,sell,False,dry_run,dry_run,,,True,0.6076040864,0.5878524780273438,0.48,0.43,take_profit,"take_profit,gate_close",0.031020000000000436,0.027352944000000434,18.33528,0.5878524780273438,12.461750256086239,0.03266847541048276,18.366300000000003,3055.88,3061.05,0.027352944000000434,14.0
ETH/USDT,xgb_primary,primary,1m,2025-12-22 12:35:00+00:00,,2025-12-22 12:35:00+00:00,buy,True,cooldown_after_exit,cooldown_after_exit,cooldown_after_exit,,False,0.565682053565979,0.565682053565979,,0.48,cooldown_after_exit,,,,,0.565682053565979,,,20.0,,3059.74,0.0,
ETH/USDT,xgb_primary,primary,1m,2025-12-22 12:37:00+00:00,,2025-12-22 12:37:00+00:00,buy,True,dry_run,dry_run,,exchange_qty_step,True,0.565682053565979,0.565682053565979,,0.48,dry_run,,,,,0.565682053565979,0.03268652154863356,,18.35622,,3059.37,0.0,
SOL/USDT,xgb_primary,conservative,1m,2025-12-22 12:53:00+00:00,,2025-12-22 12:53:00+00:00,buy,True,dry_run,dry_run,,exchange_qty_step,True,0.5002435445785522,0.5002435445785522,,0.48,dry_run,,,,,0.5002435445785522,0.7882394671505234,,8.8809,,126.87,0.0,
SOL/USDT,xgb_primary,conservative,1m,2025-12-22 12:56:00+00:00,2025-12-22 12:53:00+00:00,2025-12-22 12:56:00+00:00,sell,False,min_hold,min_hold,,,False,0.5002435446,0.565682053565979,0.48,0.44,gate_close,gate_close,0.008399999999999325,0.005924509003503041,8.8809,0.565682053565979,6.302190011028698,0.7874325760860754,,126.87,126.99,0.005924509003503041,3.0
SOL/USDT,xgb_primary,conservative,1m,2025-12-22 12:57:00+00:00,2025-12-22 12:53:00+00:00,2025-12-22 12:57:00+00:00,sell,True,min_hold,min_hold,,,False,0.5002435446,0.565682053565979,0.48,0.44,take_profit,take_profit,0.009800000000000041,0.00732461911821506,8.8809,0.565682053565979,,0.78730858559941,,126.87,127.01,0.00732461911821506,4.0
BTC/USDT,xgb_primary,conservative,1m,2025-12-22 12:57:00+00:00,,2025-12-22 12:57:00+00:00,buy,True,dry_run,dry_run,,exchange_qty_step,True,0.6076040863990784,0.6076040863990784,,0.56,dry_run,,,,,0.6076040863990784,0.0011077808152982344,,9.027057000000001,,90270.57,0.0,
SOL/USDT,xgb_primary,conservative,1m,2025-12-22 13:02:00+00:00,2025-12-22 12:53:00+00:00,2025-12-22 13:02:00+00:00,sell,True,dry_run,dry_run,,,True,0.5002435446,0.565682053565979,0.48,0.44,take_profit,take_profit,0.01190000000000012,0.01012382000000012,8.8809,0.565682053565979,0.7871226730678819,0.7871226730678819,8.892800000000001,126.87,127.04,0.01012382000000012,9.0
SOL/USDT,xgb_primary,conservative,1m,2025-12-22 13:03:00+00:00,,2025-12-22 13:03:00+00:00,buy,True,cooldown_after_exit,cooldown_after_exit,cooldown_after_exit,,False,0.5002435445785522,0.5002435445785522,,0.48,cooldown_after_exit,,,,,0.5002435445785522,,,10.0,,126.96,0.0,
BTC/USDT,xgb_primary,conservative,1m,2025-12-22 13:04:00+00:00,2025-12-22 12:57:00+00:00,2025-12-22 13:04:00+00:00,sell,False,pnl_block,pnl_block,,,False,0.6076040864,0.5878524780273438,0.56,0.45,gate_close,gate_close,-0.004821000000000641,-0.006627411934291143,9.027057000000001,0.5878524780273438,7.303057270456925,0.001108372629642474,,90270.57,90222.36,-0.006627411934291143,7.0
BTC/USDT,xgb_primary,conservative,1m,2025-12-22 13:05:00+00:00,2025-12-22 12:57:00+00:00,2025-12-22 13:05:00+00:00,sell,False,pnl_block,pnl_block,,,False,0.6076040864,0.5002435445785522,0.56,0.45,trailing_prob_drop,trailing_prob_drop,-0.00018800000000046568,-0.0019944114207712626,9.027057000000001,0.5002435445785522,4.882902869131849,0.0011078037623964,,90270.57,90268.69,-0.0019944114207712626,8.0
SOL/USDT,xgb_primary,conservative,1m,2025-12-22 13:06:00+00:00,,2025-12-22 13:06:00+00:00,buy,True,dry_run,dry_run,,exchange_qty_step,True,0.565682053565979,0.565682053565979,,0.48,dry_run,,,,,0.565682053565979,0.7894217485695769,,8.867600000000001,,126.68,0.0,
SOL/USDT,xgb_primary,conservative,1m,2025-12-22 13:07:00+00:00,2025-12-22 13:06:00+00:00,2025-12-22 13:07:00+00:00,sell,False,min_hold,min_hold,,,False,0.5656820536,0.41829004883766174,0.48,0.44,prob_floor,"prob_floor,trailing_prob_drop",-0.0021000000000000797,-0.004573658170620422,8.867600000000001,0.41829004883766174,26.843518079899212,0.7895464055892705,,126.68,126.65,-0.004573658170620422,1.0
BTC/USDT,xgb_primary,conservative,1m,2025-12-22 13:07:00+00:00,2025-12-22 12:57:00+00:00,2025-12-22 13:07:00+00:00,sell,False,pnl_block,pnl_block,,,False,0.6076040864,0.5002435445785522,0.56,0.45,trailing_prob_drop,trailing_prob_drop,-0.012771000000000641,-0.014577412816695714,9.027057000000001,0.5002435445785522,9.452953951085261,0.0011093501404422093,,90270.57,90142.86,-0.014577412816695714,10.0
SOL/USDT,xgb_primary,conservative,1m,2025-12-22 13:08:00+00:00,2025-12-22 13:06:00+00:00,2025-12-22 13:08:00+00:00,sell,False,min_hold,min_hold,,,False,0.5656820536,0.41829004883766174,0.48,0.44,prob_floor,"prob_floor,trailing_prob_drop",0.007699999999999961,0.005227114883079583,8.867600000000001,0.41829004883766174,3.9475761882202085,0.7886746322797353,,126.68,126.79,0.005227114883079583,2.0
BTC/USDT,xgb_primary,conservative,1m,2025-12-22 13:08:00+00:00,2025-12-22 12:57:00+00:00,2025-12-22 13:08:00+00:00,sell,False,pnl_block,pnl_block,,,False,0.6076040864,0.5002435445785522,0.56,0.45,trailing_prob_drop,trailing_prob_drop,-0.012714000000001398,-0.014520412810365715,9.027057000000001,0.5002435445785522,4.961014105831694,0.001109343127351784,,90270.57,90143.43,-0.014520412810365715,11.0
SOL/USDT,xgb_primary,conservative,1m,2025-12-22 13:09:00+00:00,2025-12-22 13:06:00+00:00,2025-12-22 13:09:00+00:00,sell,False,min_hold,min_hold,,,False,0.5656820536,0.41829004883766174,0.48,0.44,prob_floor,"prob_floor,trailing_prob_drop",0.0034999999999998014,0.0010267837834856625,8.867600000000001,0.41829004883766174,,0.7890480135709083,,126.68,126.73,0.0010267837834856625,3.0
BTC/USDT,xgb_primary,conservative,1m,2025-12-22 13:09:00+00:00,2025-12-22 12:57:00+00:00,2025-12-22 13:09:00+00:00,sell,False,pnl_block,pnl_block,,,False,0.6076040864,0.4742901027202606,0.56,0.45,trailing_prob_drop,trailing_prob_drop,-0.00804200000000128,-0.009848412291618376,9.027057000000001,0.4742901027202606,1.9990364245058707,0.0011087684691653125,,90270.57,90190.15,-0.009848412291618376,12.0
SOL/USDT,xgb_primary,conservative,1m,2025-12-22 13:10:00+00:00,2025-12-22 13:06:00+00:00,2025-12-22 13:10:00+00:00,sell,False,min_hold,min_hold,,,False,0.5656820536,0.41829004883766174,0.48,0.44,prob_floor,"prob_floor,trailing_prob_drop",0.007699999999999961,0.005227114883079583,8.867600000000001,0.41829004883766174,3.9450844248075883,0.7886746322797353,,126.68,126.79,0.005227114883079583,4.0
BTC/USDT,xgb_primary,conservative,1m,2025-12-22 13:10:00+00:00,2025-12-22 12:57:00+00:00,2025-12-22 13:10:00+00:00,sell,False,pnl_block,pnl_block,,,False,0.6076040864,0.5002435445785522,0.56,0.45,trailing_prob_drop,trailing_prob_drop,-0.008076000000000931,-0.009882412295391215,9.027057000000001,0.5002435445785522,5.181275338826965,0.001108772649030628,,90270.57,90189.81,-0.009882412295391215,13.0
SOL/USDT,xgb_primary,conservative,1m,2025-12-22 13:11:00+00:00,2025-12-22 13:06:00+00:00,2025-12-22 13:11:00+00:00,sell,False,pnl_block,pnl_block,,,False,0.5656820536,0.41829004883766174,0.48,0.44,prob_floor,"prob_floor,trailing_prob_drop",0.0006999999999993635,-0.0017734371238022498,8.867600000000001,0.41829004883766174,7.0972320794892685,0.7892971309053329,,126.68,126.69,-0.0017734371238022498,5.0
BTC/USDT,xgb_primary,conservative,1m,2025-12-22 13:11:00+00:00,2025-12-22 12:57:00+00:00,2025-12-22 13:11:00+00:00,sell,False,pnl_block,pnl_block,,,False,0.6076040864,0.4742901027202606,0.56,0.45,trailing_prob_drop,trailing_prob_drop,-0.012444000000000233,-0.014250412780369483,9.027057000000001,0.4742901027202606,8.137113410866766,0.0011093098993940572,,90270.57,90146.13,-0.014250412780369483,14.0
SOL/USDT,xgb_primary,conservative,1m,2025-12-22 13:12:00+00:00,2025-12-22 13:06:00+00:00,2025-12-22 13:12:00+00:00,sell,False,pnl_block,pnl_block,,,False,0.5656820536,0.41829004883766174,0.48,0.44,prob_floor,"prob_floor,trailing_prob_drop",0.0006999999999993635,-0.0017734371238022498,8.867600000000001,0.41829004883766174,0.7893282816327347,0.7892971309053329,,126.68,126.69,-0.0017734371238022498,6.0
BTC/USDT,xgb_primary,conservative,1m,2025-12-22 13:12:00+00:00,2025-12-22 12:57:00+00:00,2025-12-22 13:12:00+00:00,sell,False,pnl_block,pnl_block,,,False,0.6076040864,0.4742901027202606,0.56,0.45,trailing_prob_drop,trailing_prob_drop,-0.012831000000001223,-0.014637412823363328,9.027057000000001,0.4742901027202606,4.4648022170266595,0.0011093575260520939,,90270.57,90142.26,-0.014637412823363328,15.0
BTC/USDT,xgb_primary,conservative,1m,2025-12-22 13:13:00+00:00,2025-12-22 12:57:00+00:00,2025-12-22 13:13:00+00:00,sell,False,pnl_block,pnl_block,,,False,0.6076040864,0.41829004883766174,0.56,0.45,prob_floor,"prob_floor,trailing_prob_drop",-0.01283000000000029,-0.014636412823249845,9.027057000000001,0.41829004883766174,1.7008612260337777,0.0011093574013703682,,90270.57,90142.27,-0.014636412823249845,16.0
ETH/USDT,xgb_primary,primary,1m,2025-12-22 13:13:00+00:00,2025-12-22 12:37:00+00:00,2025-12-22 13:13:00+00:00,sell,False,pnl_block,pnl_block,,,False,0.5656820536,0.41829004883766174,0.48,0.43,prob_floor,"prob_floor,trailing_prob_drop",-0.024839999999999238,-0.028571325204880583,18.35622,0.41829004883766174,,0.03273070647515996,,3059.37,3055.23,-0.028571325204880583,36.0
SOL/USDT,xgb_primary,conservative,1m,2025-12-22 13:13:00+00:00,2025-12-22 13:06:00+00:00,2025-12-22 13:13:00+00:00,sell,False,dry_run,dry_run,,,True,0.5656820536,0.41829004883766174,0.48,0.44,prob_floor,"prob_floor,trailing_prob_drop",0.006299999999999245,0.004526479999999245,8.867600000000001,0.41829004883766174,0.7887990534415393,0.7887990534415393,8.8739,126.68,126.77,0.004526479999999245,7.0
BTC/USDT,xgb_primary,conservative,1m,2025-12-22 13:14:00+00:00,2025-12-22 12:57:00+00:00,2025-12-22 13:14:00+00:00,sell,False,pnl_block,pnl_block,,,False,0.6076040864,0.41829004883766174,0.56,0.45,prob_floor,"prob_floor,trailing_prob_drop",-0.013940000000000874,-0.015746412946579542,9.027057000000001,0.41829004883766174,0.8575333192736243,0.0011094940229905259,,90270.57,90131.17,-0.015746412946579542,17.0
BTC/USDT,xgb_primary,conservative,1m,2025-12-22 13:15:00+00:00,2025-12-22 12:57:00+00:00,2025-12-22 13:15:00+00:00,sell,False,pnl_block,pnl_block,,,False,0.6076040864,0.4742901027202606,0.56,0.45,trailing_prob_drop,trailing_prob_drop,-0.013115000000000874,-0.014921412854913114,9.027057000000001,0.4742901027202606,3.25334410608428,0.001109392476683905,,90270.57,90139.42,-0.014921412854913114,18.0
ETH/USDT,xgb_primary,primary,1m,2025-12-22 13:16:00+00:00,2025-12-22 12:37:00+00:00,2025-12-22 13:16:00+00:00,sell,False,pnl_block,pnl_block,,,False,0.5656820536,0.41829004883766174,0.48,0.43,prob_floor,"prob_floor,trailing_prob_drop",-0.03767999999999847,-0.04141136731748308,18.35622,0.41829004883766174,2.6524156630054994,0.03275364834623073,,3059.37,3053.09,-0.04141136731748308,39.0
BTC/USDT,xgb_primary,conservative,1m,2025-12-22 13:16:00+00:00,2025-12-22 12:57:00+00:00,2025-12-22 13:16:00+00:00,sell,False,pnl_block,pnl_block,,,False,0.6076040864,0.4742901027202606,0.56,0.45,trailing_prob_drop,trailing_prob_drop,-0.01331600000000035,-0.015122412877244319,9.027057000000001,0.4742901027202606,3.0585948901614963,0.0011094172153440732,,90270.57,90137.41,-0.015122412877244319,19.0
ETH/USDT,xgb_primary,primary,1m,2025-12-22 13:17:00+00:00,2025-12-22 12:37:00+00:00,2025-12-22 13:17:00+00:00,sell,False,pnl_block,pnl_block,,,False,0.5656820536,0.41829004883766174,0.48,0.43,prob_floor,"prob_floor,trailing_prob_drop",-0.04121999999999935,-0.04495137893835457,18.35622,0.41829004883766174,,0.032759979099848416,,3059.37,3052.5,-0.04495137893835457,40.0
BTC/USDT,xgb_primary,conservative,1m,2025-12-22 13:17:00+00:00,2025-12-22 12:57:00+00:00,2025-12-22 13:17:00+00:00,sell,False,pnl_block,pnl_block,,,False,0.6076040864,0.41829004883766174,0.56,0.45,prob_floor,"prob_floor,trailing_prob_drop",-0.017256000000001222,-0.023391652167315716,9.027057000000001,0.41829004883766174,1.2626364892852486,4.796957377486921,,90270.57,90098.01,-0.023391652167315716,20.0
ETH/USDT,xgb_primary,primary,1m,2025-12-22 13:18:00+00:00,2025-12-22 12:37:00+00:00,2025-12-22 13:18:00+00:00,sell,False,pnl_block,pnl_block,,,False,0.5656820536,0.3245033025741577,0.48,0.43,prob_floor,"prob_floor,trailing_prob_drop",-0.05376000000000022,-0.07234888711110415,18.35622,0.3245033025741577,,8.126751101862986,,3059.37,3050.41,-0.07234888711110415,41.0
BTC/USDT,xgb_primary,conservative,1m,2025-12-22 13:18:00+00:00,2025-12-22 12:57:00+00:00,2025-12-22 13:18:00+00:00,sell,False,pnl_block,pnl_block,,,False,0.6076040864,0.41829004883766174,0.56,0.45,prob_floor,"prob_floor,trailing_prob_drop",-0.01913600000000006,-0.020942413524296467,9.027057000000001,0.41829004883766174,9.692450368237367,0.0011101340075800295,,90270.57,90079.21,-0.020942413524296467,21.0
BTC/USDT,xgb_primary,conservative,1m,2025-12-22 13:19:00+00:00,2025-12-22 12:57:00+00:00,2025-12-22 13:19:00+00:00,sell,False,pnl_block,pnl_block,,,False,0.6076040864,0.41829004883766174,0.56,0.45,prob_floor,"prob_floor,trailing_prob_drop",-0.019318000000000758,-0.02118454201363386,9.027057000000001,0.41829004883766174,6.886160870398172,0.0677193171961807,,90270.57,90077.39,-0.02118454201363386,22.0
BTC/USDT,xgb_primary,conservative,1m,2025-12-22 13:20:00+00:00,2025-12-22 12:57:00+00:00,2025-12-22 13:20:00+00:00,sell,False,pnl_block,pnl_block,,,False,0.6076040864,0.41829004883766174,0.56,0.45,prob_floor,"prob_floor,trailing_prob_drop",-0.02610300000000134,-0.027909414299972495,9.027057000000001,0.41829004883766174,4.478370326144646,0.0011109932851358405,,90270.57,90009.54,-0.027909414299972495,23.0
ETH/USDT,xgb_primary,primary,1m,2025-12-22 13:20:00+00:00,2025-12-22 12:37:00+00:00,2025-12-22 13:20:00+00:00,sell,False,pnl_block,pnl_block,,,False,0.5656820536,0.41829004883766174,0.48,0.43,prob_floor,"prob_floor,trailing_prob_drop",-0.012059999999998582,-0.015791283347605316,18.35622,0.41829004883766174,,0.032707903700616485,,3059.37,3057.36,-0.015791283347605316,43.0
BTC/USDT,xgb_primary,conservative,1m,2025-12-22 13:21:00+00:00,2025-12-22 12:57:00+00:00,2025-12-22 13:21:00+00:00,sell,False,pnl_block,pnl_block,,,False,0.6076040864,0.3245033025741577,0.56,0.45,prob_floor,"prob_floor,trailing_prob_drop",-0.027058000000000176,-0.028864414406388705,9.027057000000001,0.3245033025741577,7.60586044546016,0.001111111172257433,,90270.57,89999.99,-0.028864414406388705,24.0
SOL/USDT,xgb_primary,conservative,1m,2025-12-22 13:22:00+00:00,,2025-12-22 13:22:00+00:00,buy,True,dry_run,dry_run,,exchange_qty_step,True,0.565682053565979,0.565682053565979,,0.48,dry_run,,,,,0.565682053565979,0.7892348368249797,,8.8697,,126.71,0.0,
BTC/USDT,xgb_primary,conservative,1m,2025-12-22 13:22:00+00:00,2025-12-22 12:57:00+00:00,2025-12-22 13:22:00+00:00,sell,False,pnl_block,pnl_block,,,False,0.6076040864,0.41829004883766174,0.56,0.45,prob_floor,"prob_floor,trailing_prob_drop",-0.020409000000001107,-0.022215413665939255,9.027057000000001,0.41829004883766174,1.6644444444439916,0.0011102909155734483,,90270.57,90066.48,-0.022215413665939255,25.0
BTC/USDT,xgb_primary,conservative,1m,2025-12-22 13:23:00+00:00,2025-12-22 12:57:00+00:00,2025-12-22 13:23:00+00:00,sell,False,pnl_block,pnl_block,,,False,0.6076040864,0.41829004883766174,0.56,0.45,prob_floor,"prob_floor,trailing_prob_drop",-0.023864000000001398,-0.025670414050561825,9.027057000000001,0.41829004883766174,7.383434171799078,0.0011107169927329925,,90270.57,90031.93,-0.025670414050561825,26.0
BTC/USDT,xgb_primary,conservative,1m,2025-12-22 13:24:00+00:00,2025-12-22 12:57:00+00:00,2025-12-22 13:24:00+00:00,sell,False,pnl_block,pnl_block,,,False,0.6076040864,0.41829004883766174,0.56,0.45,prob_floor,"prob_floor,trailing_prob_drop",-0.0167390000000014,-0.018545413257705808,9.027057000000001,0.41829004883766174,3.8386381364936004,0.00110983868209689,,90270.57,90103.18,-0.018545413257705808,27.0
ETH/USDT,xgb_primary,primary,1m,2025-12-22 13:25:00+00:00,2025-12-22 12:37:00+00:00,2025-12-22 13:25:00+00:00,sell,False,dry_run,dry_run,,,True,0.5656820536,0.565682053565979,0.48,0.43,take_profit,"take_profit,gate_close",0.025500000000000002,0.021828756,18.35622,0.565682053565979,20.562431458560912,0.032641070627829054,18.38172,3059.37,3063.62,0.021828756,48.0
BTC/USDT,xgb_primary,conservative,1m,2025-12-22 13:25:00+00:00,2025-12-22 12:57:00+00:00,2025-12-22 13:25:00+00:00,sell,False,pnl_block,pnl_block,,,False,0.6076040864,0.41829004883766174,0.56,0.45,prob_floor,"prob_floor,trailing_prob_drop",-0.015192000000001281,-0.01699841308572422,9.027057000000001,0.41829004883766174,7.9087108801275745,0.0011096481643354781,,90270.57,90118.65,-0.01699841308572422,28.0
BTC/USDT,xgb_primary,conservative,1m,2025-12-22 13:26:00+00:00,2025-12-22 12:57:00+00:00,2025-12-22 13:26:00+00:00,sell,False,pnl_block,pnl_block,,,False,0.6076040864,0.4742901027202606,0.56,0.45,trailing_prob_drop,trailing_prob_drop,-0.01996000000000058,-0.021766413615974735,9.027057000000001,0.4742901027202606,3.7472820553796664,0.0011102355664254007,,90270.57,90070.97,-0.021766413615974735,29.0
ETH/USDT,xgb_primary,primary,1m,2025-12-22 13:27:00+00:00,,2025-12-22 13:27:00+00:00,buy,True,dry_run,dry_run,,exchange_qty_step,True,0.6076040863990784,0.6076040863990784,,0.48,dry_run,,,,,0.6076040863990784,0.03265578031874745,,18.3735,,3062.25,0.0,
BTC/USDT,xgb_primary,conservative,1m,2025-12-22 13:27:00+00:00,2025-12-22 12:57:00+00:00,2025-12-22 13:27:00+00:00,sell,False,pnl_block,pnl_block,,,False,0.6076040864,0.41829004883766174,0.56,0.45,prob_floor,"prob_floor,trailing_prob_drop",-0.0177390000000014,-0.019545413368908193,9.027057000000001,0.41829004883766174,6.060776296735398,0.0011099618699586685,,90270.57,90093.18,-0.019545413368908193,30.0
SOL/USDT,xgb_primary,conservative,1m,2025-12-22 13:28:00+00:00,2025-12-22 13:22:00+00:00,2025-12-22 13:28:00+00:00,sell,True,dry_run,dry_run,,,True,0.5656820536,0.5002435445785522,0.48,0.44,take_profit,take_profit,0.0105000000000004,0.0087260600000004,8.8697,0.5002435445785522,0.7882394671505234,0.7882394671505234,8.8802,126.71,126.86,0.0087260600000004,6.0
BTC/USDT,xgb_primary,conservative,1m,2025-12-22 13:28:00+00:00,2025-12-22 12:57:00+00:00,2025-12-22 13:28:00+00:00,sell,False,pnl_block,pnl_block,,,False,0.6076040864,0.4742901027202606,0.56,0.45,trailing_prob_drop,trailing_prob_drop,-0.015308000000000176,-0.01711441309861544,9.027057000000001,0.4742901027202606,3.222219484315998,0.0011096624462055133,,90270.57,90117.49,-0.01711441309861544,31.0
BTC/USDT,xgb_primary,conservative,1m,2025-12-22 13:29:00+00:00,2025-12-22 12:57:00+00:00,2025-12-22 13:29:00+00:00,sell,False,pnl_block,pnl_block,,,False,0.6076040864,0.4742901027202606,0.56,0.45,trailing_prob_drop,trailing_prob_drop,-0.02012600000000093,-0.021932413634447635,9.027057000000001,0.4742901027202606,2.698699220318607,0.001110256029960173,,90270.57,90069.31,-0.021932413634447635,32.0
BTC/USDT,xgb_primary,conservative,1m,2025-12-22 13:30:00+00:00,2025-12-22 12:57:00+00:00,2025-12-22 13:30:00+00:00,sell,False,pnl_block,pnl_block,,,False,0.6076040864,0.41829004883766174,0.56,0.45,prob_floor,"prob_floor,trailing_prob_drop",-0.022520000000001164,-0.02432641390090789,9.027057000000001,0.41829004883766174,5.738913732102792,0.0011105512092445865,,90270.57,90045.37,-0.02432641390090789,33.0
BTC/USDT,xgb_primary,conservative,1m,2025-12-22 13:31:00+00:00,2025-12-22 12:57:00+00:00,2025-12-22 13:31:00+00:00,sell,False,pnl_block,pnl_block,,,False,0.6076040864,0.41829004883766174,0.56,0.45,prob_floor,"prob_floor,trailing_prob_drop",-0.02911300000000047,-0.03340107785972239,9.027057000000001,0.41829004883766174,2.658659444826856,2.7502501199692437,,90270.57,89979.44,-0.03340107785972239,34.0
SOL/USDT,xgb_primary,conservative,1m,2025-12-22 13:31:00+00:00,,2025-12-22 13:31:00+00:00,buy,True,dry_run,dry_run,,exchange_qty_step,True,0.565682053565979,0.565682053565979,,0.48,dry_run,,,,,0.565682053565979,19.71842094885042,,8.883700000000001,,126.91,0.0,
BTC/USDT,xgb_primary,conservative,1m,2025-12-22 13:32:00+00:00,2025-12-22 12:57:00+00:00,2025-12-22 13:32:00+00:00,sell,False,pnl_block,pnl_block,,,False,0.6076040864,0.41829004883766174,0.56,0.45,prob_floor,"prob_floor,trailing_prob_drop",-0.029125,-0.030931414636798597,9.027057000000001,0.41829004883766174,14.642701748425724,0.001111366416091842,,90270.57,89979.32,-0.030931414636798597,35.0
ETH/USDT,xgb_primary,primary,1m,2025-12-22 13:33:00+00:00,2025-12-22 13:27:00+00:00,2025-12-22 13:33:00+00:00,sell,False,pnl_block,pnl_block,,,False,0.6076040864,0.41829004883766174,0.48,0.43,prob_floor,"prob_floor,trailing_prob_drop",-0.0253199999999988,-0.02905478270016268,18.3735,0.41829004883766174,,0.032700737564362516,,3062.25,3058.03,-0.02905478270016268,6.0
BTC/USDT,xgb_primary,conservative,1m,2025-12-22 13:33:00+00:00,2025-12-22 12:57:00+00:00,2025-12-22 13:33:00+00:00,sell,False,pnl_block,pnl_block,,,False,0.6076040864,0.41829004883766174,0.56,0.45,prob_floor,"prob_floor,trailing_prob_drop",-0.03558100000000122,-0.04032050135792759,9.027057000000001,0.41829004883766174,9.0534191746413,3.250328382690359,,90270.57,89914.76,-0.04032050135792759,36.0
BTC/USDT,xgb_primary,conservative,1m,2025-12-22 13:35:00+00:00,2025-12-22 12:57:00+00:00,2025-12-22 13:35:00+00:00,sell,False,pnl_block,pnl_block,,,False,0.6076040864,0.41829004883766174,0.56,0.45,prob_floor,"prob_floor,trailing_prob_drop",-0.034067000000001284,-0.0358734151881192,9.027057000000001,0.41829004883766174,,0.0011119771570217078,,90270.57,89929.9,-0.0358734151881192,38.0
BTC/USDT,xgb_primary,conservative,1m,2025-12-22 13:36:00+00:00,2025-12-22 12:57:00+00:00,2025-12-22 13:36:00+00:00,sell,False,pnl_block,pnl_block,,,False,0.6076040864,0.4742901027202606,0.56,0.45,trailing_prob_drop,trailing_prob_drop,-0.03494500000000116,-0.04174537061903526,9.027057000000001,0.4742901027202606,2.9907497998748305,5.533319684404446,,90270.57,89921.12,-0.04174537061903526,39.0
BTC/USDT,xgb_primary,conservative,1m,2025-12-22 13:37:00+00:00,2025-12-22 12:57:00+00:00,2025-12-22 13:37:00+00:00,sell,False,pnl_block,pnl_block,,,False,0.6076040864,0.4742901027202606,0.56,0.45,trailing_prob_drop,trailing_prob_drop,-0.037808000000000175,-0.03961441560585688,9.027057000000001,0.4742901027202606,5.646270699334297,0.0011124399200134907,,90270.57,89892.49,-0.03961441560585688,40.0
ETH/USDT,xgb_primary,primary,1m,2025-12-22 13:38:00+00:00,2025-12-22 13:27:00+00:00,2025-12-22 13:38:00+00:00,sell,False,pnl_block,pnl_block,,,False,0.6076040864,0.4742901027202606,0.48,0.43,trailing_prob_drop,trailing_prob_drop,-0.03756000000000131,-0.04129482280779517,18.3735,0.4742901027202606,,0.03272256662795024,,3062.25,3055.99,-0.04129482280779517,11.0
SOL/USDT,xgb_primary,conservative,1m,2025-12-22 13:38:00+00:00,2025-12-22 13:31:00+00:00,2025-12-22 13:38:00+00:00,sell,False,pnl_block,pnl_block,,,False,0.5656820536,0.41829004883766174,0.48,0.44,prob_floor,"prob_floor,trailing_prob_drop",-0.016799999999999645,-0.0192780385987764,8.883700000000001,0.41829004883766174,7.897646501342151,0.7894217485695769,,126.91,126.67,-0.0192780385987764,7.0
BTC/USDT,xgb_primary,conservative,1m,2025-12-22 13:39:00+00:00,2025-12-22 12:57:00+00:00,2025-12-22 13:39:00+00:00,sell,False,pnl_block,pnl_block,,,False,0.6076040864,0.41829004883766174,0.56,0.45,prob_floor,"prob_floor,trailing_prob_drop",-0.04174500000000116,-0.043551416045861664,9.027057000000001,0.41829004883766174,4.0300333704111155,0.0011129273477481418,,90270.57,89853.12,-0.043551416045861664,42.0
ETH/USDT,xgb_primary,primary,1m,2025-12-22 13:40:00+00:00,2025-12-22 13:27:00+00:00,2025-12-22 13:40:00+00:00,sell,False,pnl_block,pnl_block,,,False,0.6076040864,0.41829004883766174,0.48,0.43,prob_floor,"prob_floor,trailing_prob_drop",-0.04152000000000044,-0.04525483579525824,18.3735,0.41829004883766174,,0.03272963521256516,,3062.25,3055.33,-0.04525483579525824,13.0
SOL/USDT,xgb_primary,conservative,1m,2025-12-22 13:40:00+00:00,2025-12-22 13:31:00+00:00,2025-12-22 13:40:00+00:00,sell,False,pnl_block,pnl_block,,,False,0.5656820536,0.41829004883766174,0.48,0.44,prob_floor,"prob_floor,trailing_prob_drop",-0.020999999999999804,-0.02347837092840517,8.883700000000001,0.41829004883766174,5.529225908373411,0.7897958377763389,,126.91,126.61,-0.02347837092840517,9.0
BTC/USDT,xgb_primary,conservative,1m,2025-12-22 13:40:00+00:00,2025-12-22 12:57:00+00:00,2025-12-22 13:40:00+00:00,sell,False,pnl_block,pnl_block,,,False,0.6076040864,0.41829004883766174,0.56,0.45,prob_floor,"prob_floor,trailing_prob_drop",-0.045558000000000175,-0.04736441647237091,9.027057000000001,0.41829004883766174,4.499049780210125,0.0011133998275857288,,90270.57,89814.99,-0.04736441647237091,43.0
ETH/USDT,xgb_primary,primary,1m,2025-12-22 13:41:00+00:00,2025-12-22 13:27:00+00:00,2025-12-22 13:41:00+00:00,sell,False,pnl_block,pnl_block,,,False,0.6076040864,0.4742901027202606,0.48,0.43,trailing_prob_drop,trailing_prob_drop,-0.0406800000000012,-0.044414833039873564,18.3735,0.4742901027202606,,0.03272813556065188,,3062.25,3055.47,-0.044414833039873564,14.0
BTC/USDT,xgb_primary,conservative,1m,2025-12-22 13:41:00+00:00,2025-12-22 12:57:00+00:00,2025-12-22 13:41:00+00:00,sell,False,pnl_block,pnl_block,,,False,0.6076040864,0.3245033025741577,0.56,0.45,prob_floor,"prob_floor,trailing_prob_drop",-0.04700100000000093,-0.04880741663387762,9.027057000000001,0.3245033025741577,4.561599349952737,0.0011135787407699745,,90270.57,89800.56,-0.04880741663387762,44.0
BTC/USDT,xgb_primary,conservative,1m,2025-12-22 13:42:00+00:00,2025-12-22 12:57:00+00:00,2025-12-22 13:42:00+00:00,sell,False,pnl_block,pnl_block,,,False,0.6076040864,0.3245033025741577,0.56,0.45,prob_floor,"prob_floor,trailing_prob_drop",-0.050942000000001285,-0.052748417075229995,9.027057000000001,0.3245033025741577,3.6625606789088416,0.0011140676620430324,,90270.57,89761.15,-0.052748417075229995,45.0
ETH/USDT,xgb_primary,primary,1m,2025-12-22 13:42:00+00:00,2025-12-22 13:27:00+00:00,2025-12-22 13:42:00+00:00,sell,False,pnl_block,pnl_block,,,False,0.6076040864,0.41829004883766174,0.48,0.43,prob_floor,"prob_floor,trailing_prob_drop",-0.0538199999999988,-0.057554876170908376,18.3735,0.41829004883766174,,0.032751610150259576,,3062.25,3053.28,-0.057554876170908376,15.0
SOL/USDT,xgb_primary,conservative,1m,2025-12-22 13:43:00+00:00,2025-12-22 13:31:00+00:00,2025-12-22 13:43:00+00:00,sell,False,pnl_block,pnl_block,,,False,0.5656820536,0.39150944352149963,0.48,0.44,prob_floor,"prob_floor,trailing_prob_drop",-0.03429999999999964,-0.036779425386592846,8.883700000000001,0.39150944352149963,12.65622528080973,0.7909827961245889,,126.91,126.42,-0.036779425386592846,12.0
BTC/USDT,xgb_primary,conservative,1m,2025-12-22 13:43:00+00:00,2025-12-22 12:57:00+00:00,2025-12-22 13:43:00+00:00,sell,False,pnl_block,pnl_block,,,False,0.6076040864,0.3245033025741577,0.56,0.45,prob_floor,"prob_floor,trailing_prob_drop",-0.05262700000000041,-0.054433417264048864,9.027057000000001,0.3245033025741577,4.020119982036007,0.0011142768329156162,,90270.57,89744.3,-0.054433417264048864,46.0
ETH/USDT,xgb_primary,primary,1m,2025-12-22 13:43:00+00:00,2025-12-22 13:27:00+00:00,2025-12-22 13:43:00+00:00,sell,False,pnl_block,pnl_block,,,False,0.6076040864,0.37037035822868347,0.48,0.43,prob_floor,"prob_floor,trailing_prob_drop",-0.05969999999999891,-0.06343489549160138,18.3735,0.37037035822868347,,0.03276212567146314,,3062.25,3052.3,-0.06343489549160138,16.0
ETH/USDT,xgb_primary,primary,1m,2025-12-22 13:44:00+00:00,2025-12-22 13:27:00+00:00,2025-12-22 13:44:00+00:00,sell,False,pnl_block,pnl_block,,,False,0.6076040864,0.3245033025741577,0.48,0.43,prob_floor,"prob_floor,trailing_prob_drop",-0.07697999999999956,-0.0807149523426529,18.3735,0.3245033025741577,,0.03279306754474542,,3062.25,3049.42,-0.0807149523426529,17.0
SOL/USDT,xgb_primary,conservative,1m,2025-12-22 13:44:00+00:00,2025-12-22 13:31:00+00:00,2025-12-22 13:44:00+00:00,sell,False,pnl_block,pnl_block,,,False,0.5656820536,0.3396226465702057,0.48,0.44,prob_floor,"prob_floor,trailing_prob_drop",-0.02170000000000016,-0.024178426347301177,8.883700000000001,0.3396226465702057,1.5821533106566121,0.7898582204498334,,126.91,126.6,-0.024178426347301177,13.0
BTC/USDT,xgb_primary,conservative,1m,2025-12-22 13:44:00+00:00,2025-12-22 12:57:00+00:00,2025-12-22 13:44:00+00:00,sell,False,pnl_block,pnl_block,,,False,0.6076040864,0.3245033025741577,0.56,0.45,prob_floor,"prob_floor,trailing_prob_drop",-0.0459390000000014,-0.04774541651501112,9.027057000000001,0.3245033025741577,2.815996733576345,0.0011134470622242904,,90270.57,89811.18,-0.04774541651501112,47.0
ETH/USDT,xgb_primary,primary,1m,2025-12-22 13:45:00+00:00,2025-12-22 13:27:00+00:00,2025-12-22 13:45:00+00:00,sell,False,pnl_block,pnl_block,,,False,0.6076040864,0.3245033025741577,0.48,0.43,prob_floor,"prob_floor,trailing_prob_drop",-0.06971999999999935,-0.07345492844423987,18.3735,0.3245033025741577,,0.03278006054399668,,3062.25,3050.63,-0.07345492844423987,18.0
SOL/USDT,xgb_primary,conservative,1m,2025-12-22 13:45:00+00:00,2025-12-22 13:31:00+00:00,2025-12-22 13:45:00+00:00,sell,False,pnl_block,pnl_block,,,False,0.5656820536,0.41829004883766174,0.48,0.44,prob_floor,"prob_floor,trailing_prob_drop",-0.020999999999999804,-0.02347837092840517,8.883700000000001,0.41829004883766174,6.319115323854526,0.7897958377763389,,126.91,126.61,-0.02347837092840517,14.0
BTC/USDT,xgb_primary,conservative,1m,2025-12-22 13:45:00+00:00,2025-12-22 12:57:00+00:00,2025-12-22 13:45:00+00:00,sell,False,pnl_block,pnl_block,,,False,0.6076040864,0.3396226465702057,0.56,0.45,prob_floor,"prob_floor,trailing_prob_drop",-0.0418570000000007,-0.04366341605838259,9.027057000000001,0.3396226465702057,8.991103750389632,0.0011129412187030562,,90270.57,89852.0,-0.04366341605838259,48.0
SOL/USDT,xgb_primary,conservative,1m,2025-12-22 13:46:00+00:00,2025-12-22 13:31:00+00:00,2025-12-22 13:46:00+00:00,sell,False,pnl_block,pnl_block,,,False,0.5656820536,0.41829004883766174,0.48,0.44,prob_floor,"prob_floor,trailing_prob_drop",-0.018199999999999366,-0.020678149340332706,8.883700000000001,0.41829004883766174,7.106759317751374,0.7895464055892705,,126.91,126.65,-0.020678149340332706,15.0
BTC/USDT,xgb_primary,conservative,1m,2025-12-22 13:46:00+00:00,2025-12-22 12:57:00+00:00,2025-12-22 13:46:00+00:00,sell,False,pnl_block,pnl_block,,,False,0.6076040864,0.39150944352149963,0.56,0.45,prob_floor,"prob_floor,trailing_prob_drop",-0.03709300000000076,-0.03889941552598983,9.027057000000001,0.39150944352149963,30.807324176720996,0.0011123514441866052,,90270.57,89899.64,-0.03889941552598983,49.0
BTC/USDT,xgb_primary,conservative,1m,2025-12-22 13:47:00+00:00,2025-12-22 12:57:00+00:00,2025-12-22 13:47:00+00:00,sell,False,pnl_block,pnl_block,,,False,0.6076040864,0.41829004883766174,0.56,0.45,prob_floor,"prob_floor,trailing_prob_drop",-0.044446000000000645,-0.05111706292112689,9.027057000000001,0.41829004883766174,9.874344324404868,5.3900751054593306,,90270.57,89826.11,-0.05111706292112689,50.0
SOL/USDT,xgb_primary,conservative,1m,2025-12-22 13:47:00+00:00,2025-12-22 13:31:00+00:00,2025-12-22 13:47:00+00:00,sell,False,pnl_block,pnl_block,,,False,0.5656820536,0.41829004883766174,0.48,0.44,prob_floor,"prob_floor,trailing_prob_drop",-0.020999999999999804,-0.02347837092840517,8.883700000000001,0.41829004883766174,6.31512472371428,0.7897958377763389,,126.91,126.61,-0.02347837092840517,16.0
ETH/USDT,xgb_primary,primary,1m,2025-12-22 13:47:00+00:00,2025-12-22 13:27:00+00:00,2025-12-22 13:47:00+00:00,sell,False,pnl_block,pnl_block,,,False,0.6076040864,0.3245033025741577,0.48,0.43,prob_floor,"prob_floor,trailing_prob_drop",-0.05633999999999924,-0.06007488444968688,18.3735,0.3245033025741577,,0.032756115975529645,,3062.25,3052.86,-0.06007488444968688,20.0
ETH/USDT,xgb_primary,primary,1m,2025-12-22 13:48:00+00:00,2025-12-22 13:27:00+00:00,2025-12-22 13:48:00+00:00,sell,False,pnl_block,pnl_block,,,False,0.6076040864,0.41829004883766174,0.48,0.43,prob_floor,"prob_floor,trailing_prob_drop",-0.06666000000000076,-0.07063578991156022,18.3735,0.41829004883766174,,0.16387183256291252,,3062.25,3051.14,-0.07063578991156022,21.0
BTC/USDT,xgb_primary,conservative,1m,2025-12-22 13:49:00+00:00,2025-12-22 12:57:00+00:00,2025-12-22 13:49:00+00:00,sell,False,pnl_block,pnl_block,,,False,0.6076040864,0.41829004883766174,0.56,0.45,prob_floor,"prob_floor,trailing_prob_drop",-0.03749100000000035,-0.03929741557044564,9.027057000000001,0.41829004883766174,,0.0011124006919311748,,90270.57,89895.66,-0.03929741557044564,52.0
ETH/USDT,xgb_primary,primary,1m,2025-12-22 13:50:00+00:00,2025-12-22 13:27:00+00:00,2025-12-22 13:50:00+00:00,sell,False,pnl_block,pnl_block,,,False,0.6076040864,0.41829004883766174,0.48,0.43,prob_floor,"prob_floor,trailing_prob_drop",-0.05507999999999902,-0.05881488031001291,18.3735,0.41829004883766174,,0.03275386290793227,,3062.25,3053.07,-0.05881488031001291,23.0
ETH/USDT,xgb_primary,primary,1m,2025-12-22 13:51:00+00:00,2025-12-22 13:27:00+00:00,2025-12-22 13:51:00+00:00,sell,False,pnl_block,pnl_block,,,False,0.6076040864,0.4742901027202606,0.48,0.43,trailing_prob_drop,trailing_prob_drop,-0.046020000000000436,-0.049754850560552524,18.3735,0.4742901027202606,,0.03273767140288543,,3062.25,3054.58,-0.049754850560552524,24.0
SOL/USDT,xgb_primary,conservative,1m,2025-12-22 13:51:00+00:00,2025-12-22 13:31:00+00:00,2025-12-22 13:51:00+00:00,sell,False,pnl_block,pnl_block,,,False,0.5656820536,0.5002435445785522,0.48,0.44,gate_close,gate_close,-0.009800000000000041,-0.012277485415105902,8.883700000000001,0.5002435445785522,14.197823000472678,0.7887990534415393,,126.91,126.77,-0.012277485415105902,20.0
BTC/USDT,xgb_primary,conservative,1m,2025-12-22 13:51:00+00:00,2025-12-22 12:57:00+00:00,2025-12-22 13:51:00+00:00,sell,False,pnl_block,pnl_block,,,False,0.6076040864,0.41829004883766174,0.56,0.45,prob_floor,"prob_floor,trailing_prob_drop",-0.0408820000000007,-0.04268841594937716,9.027057000000001,0.41829004883766174,2.7346564412604244,0.0011128204645859978,,90270.57,89861.75,-0.04268841594937716,54.0
ETH/USDT,xgb_primary,primary,1m,2025-12-22 13:52:00+00:00,2025-12-22 13:27:00+00:00,2025-12-22 13:52:00+00:00,sell,False,pnl_block,pnl_block,,,False,0.6076040864,0.4742901027202606,0.48,0.43,trailing_prob_drop,trailing_prob_drop,-0.04314000000000033,-0.04687484110992893,18.3735,0.4742901027202606,,0.032732527786539005,,3062.25,3055.06,-0.04687484110992893,25.0
BTC/USDT,xgb_primary,conservative,1m,2025-12-22 13:52:00+00:00,2025-12-22 12:57:00+00:00,2025-12-22 13:52:00+00:00,sell,False,pnl_block,pnl_block,,,False,0.6076040864,0.4742901027202606,0.56,0.45,trailing_prob_drop,trailing_prob_drop,-0.0400070000000007,-0.04181341585157191,9.027057000000001,0.4742901027202606,2.4003536098121145,0.00111271211781455,,90270.57,89870.5,-0.04181341585157191,55.0
BTC/USDT,xgb_primary,conservative,1m,2025-12-22 13:53:00+00:00,2025-12-22 12:57:00+00:00,2025-12-22 13:53:00+00:00,sell,False,pnl_block,pnl_block,,,False,0.6076040864,0.4742901027202606,0.56,0.45,trailing_prob_drop,trailing_prob_drop,-0.037058000000000174,-0.03886441552207997,9.027057000000001,0.4742901027202606,1.6223760598718797,0.0011123471135633892,,90270.57,89899.99,-0.03886441552207997,56.0
SOL/USDT,xgb_primary,conservative,1m,2025-12-22 13:54:00+00:00,2025-12-22 13:31:00+00:00,2025-12-22 13:54:00+00:00,sell,False,dry_run,dry_run,,,True,0.5656820536,0.565682053565979,0.48,0.44,gate_close,gate_close,0.0063000000000002394,0.004523260000000239,8.883700000000001,0.565682053565979,5.517458816111562,0.7873705759619791,8.89,126.91,127.0,0.004523260000000239,23.0
BTC/USDT,xgb_primary,conservative,1m,2025-12-22 13:54:00+00:00,2025-12-22 12:57:00+00:00,2025-12-22 13:54:00+00:00,sell,False,pnl_block,pnl_block,,,False,0.6076040864,0.41829004883766174,0.56,0.45,prob_floor,"prob_floor,trailing_prob_drop",-0.03551900000000024,-0.037325415350213574,9.027057000000001,0.41829004883766174,5.560623532884179,0.001112156723208304,,90270.57,89915.38,-0.037325415350213574,57.0
BTC/USDT,xgb_primary,conservative,1m,2025-12-22 13:55:00+00:00,2025-12-22 12:57:00+00:00,2025-12-22 13:55:00+00:00,sell,False,pnl_block,pnl_block,,,False,0.6076040864,0.5002435445785522,0.56,0.45,trailing_prob_drop,trailing_prob_drop,-0.033481000000001225,-0.035287415122714695,9.027057000000001,0.5002435445785522,4.264427888356641,0.001111904703241611,,90270.57,89935.76,-0.035287415122714695,58.0
SOL/USDT,xgb_primary,conservative,1m,2025-12-22 13:56:00+00:00,,2025-12-22 13:56:00+00:00,buy,True,dry_run,dry_run,,exchange_qty_step,True,0.6076040863990784,0.6076040863990784,,0.48,dry_run,,,,,0.6076040863990784,0.787184634156344,,8.892800000000001,,127.04,0.0,
BTC/USDT,xgb_primary,conservative,1m,2025-12-22 14:02:00+00:00,2025-12-22 12:57:00+00:00,2025-12-22 14:02:00+00:00,sell,False,pnl_block,pnl_block,,,False,0.6076040864,0.5878524780273438,0.56,0.45,gate_close,gate_close,-0.02739700000000012,-0.029203414444169983,9.027057000000001,0.5878524780273438,7.276481990347117,0.0011111530256903922,,90270.57,89996.6,-0.029203414444169983,65.0
SOL/USDT,xgb_primary,conservative,1m,2025-12-22 14:04:00+00:00,2025-12-22 13:56:00+00:00,2025-12-22 14:04:00+00:00,sell,False,dry_run,dry_run,,,True,0.6076040864,0.6115108132362366,0.48,0.44,take_profit,"take_profit,gate_close",0.013999999999999206,0.012221439999999206,8.892800000000001,0.6115108132362366,7.074915494064084,0.7858854964835644,8.9068,127.04,127.24,0.012221439999999206,8.0
BTC/USDT,xgb_primary,conservative,1m,2025-12-22 14:04:00+00:00,2025-12-22 12:57:00+00:00,2025-12-22 14:04:00+00:00,sell,False,pnl_block,pnl_block,,,False,0.6076040864,0.6076040863990784,0.56,0.45,gate_close,gate_close,-0.019308000000000176,-0.021114413543431815,9.027057000000001,0.6076040863990784,10.883242338044058,0.0011101552052220492,,90270.57,90077.49,-0.021114413543431815,67.0
BTC/USDT,xgb_primary,conservative,1m,2025-12-22 14:06:00+00:00,2025-12-22 12:57:00+00:00,2025-12-22 14:06:00+00:00,sell,False,pnl_block,pnl_block,,,False,0.6076040864,0.5878524780273438,0.56,0.45,gate_close,gate_close,-0.01677800000000134,-0.01858441326204218,9.027057000000001,0.5878524780273438,15.46876930058479,0.0011098434859110893,,90270.57,90102.79,-0.01858441326204218,69.0
SOL/USDT,xgb_primary,conservative,1m,2025-12-22 14:07:00+00:00,,2025-12-22 14:07:00+00:00,buy,True,dry_run,dry_run,,exchange_qty_step,True,0.6076040863990784,0.6076040863990784,,0.48,dry_run,,,,,0.6076040863990784,0.7863799001301551,,8.901900000000001,,127.17,0.0,
BTC/USDT,xgb_primary,conservative,1m,2025-12-22 14:08:00+00:00,2025-12-22 12:57:00+00:00,2025-12-22 14:08:00+00:00,sell,False,pnl_block,pnl_block,,,False,0.6076040864,0.565682053565979,0.56,0.45,gate_close,gate_close,-0.03386100000000006,-0.040620640229787536,9.027057000000001,0.565682053565979,16.386779101728614,5.4881993431386125,,90270.57,89931.96,-0.040620640229787536,71.0
SOL/USDT,xgb_primary,conservative,1m,2025-12-22 14:09:00+00:00,2025-12-22 14:07:00+00:00,2025-12-22 14:09:00+00:00,sell,False,min_hold,min_hold,,,False,0.6076040864,0.5002435445785522,0.48,0.44,gate_close,gate_close,-0.01190000000000012,-0.015082143640658057,8.901900000000001,0.5002435445785522,16.53152798551474,1.5746791591210159,,127.17,127.0,-0.015082143640658057,2.0
BTC/USDT,xgb_primary,conservative,1m,2025-12-22 14:09:00+00:00,2025-12-22 12:57:00+00:00,2025-12-22 14:09:00+00:00,sell,False,pnl_block,pnl_block,,,False,0.6076040864,0.565682053565979,0.56,0.45,gate_close,gate_close,-0.03084600000000064,-0.032652414828721193,9.027057000000001,0.565682053565979,6.83363982283777,0.0011115790235435561,,90270.57,89962.11,-0.032652414828721193,72.0
ETH/USDT,xgb_primary,primary,1m,2025-12-22 14:10:00+00:00,2025-12-22 13:27:00+00:00,2025-12-22 14:10:00+00:00,sell,False,pnl_block,pnl_block,,,False,0.6076040864,0.4742901027202606,0.48,0.43,trailing_prob_drop,trailing_prob_drop,-0.03156000000000131,-0.035294803140504975,18.3735,0.4742901027202606,0.5235327993294019,0.03271186246695948,,3062.25,3056.99,-0.035294803140504975,43.0
BTC/USDT,xgb_primary,conservative,1m,2025-12-22 14:10:00+00:00,2025-12-22 12:57:00+00:00,2025-12-22 14:10:00+00:00,sell,False,pnl_block,pnl_block,,,False,0.6076040864,0.5002435445785522,0.56,0.45,trailing_prob_drop,trailing_prob_drop,-0.030749000000000526,-0.03255541481790191,9.027057000000001,0.5002435445785522,31.666895073774267,0.0011115670382759008,,90270.57,89963.08,-0.03255541481790191,73.0
SOL/USDT,xgb_primary,conservative,1m,2025-12-22 14:15:00+00:00,2025-12-22 14:07:00+00:00,2025-12-22 14:15:00+00:00,sell,True,dry_run,dry_run,,,True,0.6076040864,0.565682053565979,0.48,0.44,take_profit,take_profit,0.012599999999999483,0.010819619999999483,8.901900000000001,0.565682053565979,4.7169811320756505,0.7852067056656682,8.9145,127.17,127.35,0.010819619999999483,8.0
SOL/USDT,xgb_primary,conservative,1m,2025-12-22 14:17:00+00:00,,2025-12-22 14:17:00+00:00,buy,True,dry_run,dry_run,,exchange_qty_step,True,0.6076040863990784,0.6076040863990784,,0.48,dry_run,,,,,0.6076040863990784,0.7844060085493121,,8.9243,,127.49,0.0,
BTC/USDT,xgb_primary,conservative,1m,2025-12-22 14:17:00+00:00,2025-12-22 12:57:00+00:00,2025-12-22 14:17:00+00:00,sell,False,pnl_block,pnl_block,,,False,0.6076040864,0.565682053565979,0.56,0.45,gate_close,gate_close,-0.013871000000000641,-0.01567741293891202,9.027057000000001,0.565682053565979,8.592451112892897,0.0011094855293143342,,90270.57,90131.86,-0.01567741293891202,80.0
SOL/USDT,xgb_primary,conservative,1m,2025-12-22 14:18:00+00:00,2025-12-22 14:17:00+00:00,2025-12-22 14:18:00+00:00,sell,False,min_hold,min_hold,,,False,0.6076040864,0.6076040863990784,0.48,0.44,gate_close,gate_close,0.0007000000000003582,-0.0017847776502882239,8.9243,0.6076040863990784,11.765628676759407,0.7842829692957229,,127.49,127.5,-0.0017847776502882239,1.0
ETH/USDT,xgb_primary,primary,1m,2025-12-22 14:18:00+00:00,2025-12-22 13:27:00+00:00,2025-12-22 14:18:00+00:00,sell,True,dry_run,dry_run,,,True,0.6076040864,0.5878524780273438,0.48,0.43,take_profit,take_profit,0.019140000000000327,0.015465300000000327,18.3735,0.5878524780273438,0.03262169114031905,0.03262169114031905,18.39264,3062.25,3065.44,0.015465300000000327,51.0
ETH/USDT,xgb_primary,primary,1m,2025-12-22 14:19:00+00:00,,2025-12-22 14:19:00+00:00,buy,True,cooldown_after_exit,cooldown_after_exit,cooldown_after_exit,,False,0.5878524780273438,0.5878524780273438,,0.48,cooldown_after_exit,,,,,0.5878524780273438,,,20.0,,3065.17,0.0,
BTC/USDT,xgb_primary,conservative,1m,2025-12-22 14:20:00+00:00,2025-12-22 12:57:00+00:00,2025-12-22 14:20:00+00:00,sell,False,pnl_block,pnl_block,,,False,0.6076040864,0.5002435445785522,0.56,0.45,trailing_prob_drop,trailing_prob_drop,-0.01759800000000105,-0.019404413353226815,9.027057000000001,0.5002435445785522,6.121035796906,0.0011099444988140771,,90270.57,90094.59,-0.019404413353226815,83.0
ETH/USDT,xgb_primary,primary,1m,2025-12-22 14:20:00+00:00,,2025-12-22 14:20:00+00:00,buy,True,dry_run,dry_run,,exchange_qty_step,True,0.565682053565979,0.565682053565979,,0.48,dry_run,,,,,0.565682053565979,0.03263925948119335,,18.382800000000003,,3063.8,0.0,
SOL/USDT,xgb_primary,conservative,1m,2025-12-22 14:21:00+00:00,2025-12-22 14:17:00+00:00,2025-12-22 14:21:00+00:00,sell,False,min_hold,min_hold,,,False,0.6076040864,0.5002435445785522,0.48,0.44,gate_close,gate_close,-0.007699999999999961,-0.01018543699101182,8.9243,0.5002435445785522,7.065473386717178,0.7850217843549175,,127.49,127.38,-0.01018543699101182,4.0
BTC/USDT,xgb_primary,conservative,1m,2025-12-22 14:21:00+00:00,2025-12-22 12:57:00+00:00,2025-12-22 14:21:00+00:00,sell,False,pnl_block,pnl_block,,,False,0.6076040864,0.5002435445785522,0.56,0.45,trailing_prob_drop,trailing_prob_drop,-0.019306000000001225,-0.021112413543211816,9.027057000000001,0.5002435445785522,0.5050247184629167,0.001110154960348676,,90270.57,90077.51,-0.021112413543211816,84.0
BTC/USDT,xgb_primary,conservative,1m,2025-12-22 14:22:00+00:00,2025-12-22 12:57:00+00:00,2025-12-22 14:22:00+00:00,sell,False,pnl_block,pnl_block,,,False,0.6076040864,0.4742901027202606,0.56,0.45,trailing_prob_drop,trailing_prob_drop,-0.019296000000000642,-0.021102413542097243,9.027057000000001,0.4742901027202606,1.8961445652590954,0.001110153726290523,,90270.57,90077.61,-0.021102413542097243,85.0
SOL/USDT,xgb_primary,conservative,1m,2025-12-22 14:24:00+00:00,2025-12-22 14:17:00+00:00,2025-12-22 14:24:00+00:00,sell,False,dry_run,dry_run,,,True,0.6076040864,0.5878524780273438,0.48,0.44,gate_close,gate_close,0.0021000000000000797,0.0003151400000000796,8.9243,0.5878524780273438,10.216912920466022,1.568258448993196,8.926400000000001,127.49,127.52,0.0003151400000000796,7.0
BTC/USDT,xgb_primary,conservative,1m,2025-12-22 14:24:00+00:00,2025-12-22 12:57:00+00:00,2025-12-22 14:24:00+00:00,sell,False,pnl_block,pnl_block,,,False,0.6076040864,0.4742901027202606,0.56,0.45,trailing_prob_drop,trailing_prob_drop,-0.028599000000000527,-0.03040541457815546,9.027057000000001,0.4742901027202606,12.208265790561706,0.0011113014517721354,,90270.57,89984.58,-0.03040541457815546,87.0
BTC/USDT,xgb_primary,conservative,1m,2025-12-22 14:25:00+00:00,2025-12-22 12:57:00+00:00,2025-12-22 14:25:00+00:00,sell,False,pnl_block,pnl_block,,,False,0.6076040864,0.5002435445785522,0.56,0.45,trailing_prob_drop,trailing_prob_drop,-0.027874000000000527,-0.029680414497336556,9.027057000000001,0.5002435445785522,1.756922982209763,0.0011112119221439714,,90270.57,89991.83,-0.029680414497336556,88.0
SOL/USDT,xgb_primary,conservative,1m,2025-12-22 14:26:00+00:00,,2025-12-22 14:26:00+00:00,buy,True,dry_run,dry_run,,exchange_qty_step,True,0.6076040863990784,0.6076040863990784,,0.48,dry_run,,,,,0.6076040863990784,0.7844060085493121,,8.9243,,127.49,0.0,
BTC/USDT,xgb_primary,conservative,1m,2025-12-22 14:26:00+00:00,2025-12-22 12:57:00+00:00,2025-12-22 14:26:00+00:00,sell,False,pnl_block,pnl_block,,,False,0.6076040864,0.5002435445785522,0.56,0.45,trailing_prob_drop,trailing_prob_drop,-0.02429100000000035,-0.0260974140981149,9.027057000000001,0.5002435445785522,0.9067488785653781,0.0011107696722736627,,90270.57,90027.66,-0.0260974140981149,89.0
BTC/USDT,xgb_primary,conservative,1m,2025-12-22 14:27:00+00:00,2025-12-22 12:57:00+00:00,2025-12-22 14:27:00+00:00,sell,False,dry_run,dry_run,,,True,0.6076040864,0.5002435445785522,0.56,0.45,time_limit,"time_exit,trailing_prob_drop",-0.020865000000000872,-0.022670411400000874,9.027057000000001,0.5002435445785522,4.06798218086006,0.0011103471300176308,9.006192,90270.57,90061.92,-0.022670411400000874,90.0
BTC/USDT,xgb_primary,conservative,1m,2025-12-22 14:28:00+00:00,,2025-12-22 14:28:00+00:00,buy,True,cooldown_after_loss,cooldown_after_loss,cooldown_after_loss,,False,0.565682053565979,0.565682053565979,,0.56,cooldown_after_loss,,,,,0.565682053565979,,,15.0,,89953.17,0.0,
SOL/USDT,xgb_primary,conservative,1m,2025-12-22 14:30:00+00:00,2025-12-22 14:26:00+00:00,2025-12-22 14:30:00+00:00,sell,False,min_hold,min_hold,,,False,0.6076040864,0.5002435445785522,0.48,0.44,gate_close,gate_close,-0.0021000000000000797,-0.004584997292590561,8.9243,0.5002435445785522,20.404959974886605,0.7845290864162802,,127.49,127.46,-0.004584997292590561,4.0
SOL/USDT,xgb_primary,conservative,1m,2025-12-22 14:31:00+00:00,2025-12-22 14:26:00+00:00,2025-12-22 14:31:00+00:00,sell,False,dry_run,dry_run,,,True,0.6076040864,0.5002435445785522,0.48,0.44,take_profit,"take_profit,gate_close",0.03010000000000048,0.02831514000000048,8.9243,0.5002435445785522,18.044876824100875,0.7817080320504292,8.954400000000001,127.49,127.92,0.02831514000000048,5.0
ETH/USDT,xgb_primary,primary,1m,2025-12-22 14:32:00+00:00,2025-12-22 14:20:00+00:00,2025-12-22 14:32:00+00:00,sell,False,dry_run,dry_run,,,True,0.5656820536,0.41829004883766174,0.48,0.43,prob_floor,"prob_floor,trailing_prob_drop",0.004199999999998909,0.000523439999998908,18.382800000000003,0.41829004883766174,0.19578858748305755,0.19578858748305755,18.387,3063.8,3064.5,0.000523439999998908,12.0
ETH/USDT,xgb_primary,primary,1m,2025-12-22 14:33:00+00:00,,2025-12-22 14:33:00+00:00,buy,True,spread_too_wide,spread_too_wide,spread_too_wide,,False,0.5002435445785522,0.5002435445785522,,0.48,spread_too_wide,,,,,0.5002435445785522,,,20.0,,3069.52,0.0,
SOL/USDT,xgb_primary,conservative,1m,2025-12-22 14:58:00+00:00,,2025-12-22 14:58:00+00:00,buy,True,dry_run,dry_run,,exchange_qty_step,True,0.6844155788421631,0.6844155788421631,,0.48,dry_run,,,,,0.6844155788421631,0.7821971919113696,,8.9495,,127.85,0.0,
BTC/USDT,xgb_primary,conservative,1m,2025-12-22 14:58:00+00:00,,2025-12-22 14:58:00+00:00,buy,True,dry_run,dry_run,,exchange_qty_step,True,0.6076040863990784,0.6076040863990784,,0.56,dry_run,,,,,0.6076040863990784,0.0011095523759830537,,9.012644,,90126.44,0.0,
ETH/USDT,xgb_primary,primary,1m,2025-12-22 15:00:00+00:00,,2025-12-22 15:00:00+00:00,buy,True,dry_run,dry_run,,exchange_qty_step,True,0.6076040863990784,0.6076040863990784,,0.48,dry_run,,,,,0.6076040863990784,0.06533278889485196,,18.36756,,3061.26,0.0,
SOL/USDT,xgb_primary,conservative,1m,2025-12-22 15:00:00+00:00,2025-12-22 14:58:00+00:00,2025-12-22 15:00:00+00:00,sell,False,min_hold,min_hold,,,False,0.6844155788,0.6844155788421631,0.48,0.44,gate_close,gate_close,-0.0175,-0.019991243991223276,8.9495,0.6844155788421631,10.166575428168878,0.7836683515540234,,127.85,127.6,-0.019991243991223276,2.0
BTC/USDT,xgb_primary,conservative,1m,2025-12-22 15:00:00+00:00,2025-12-22 14:58:00+00:00,2025-12-22 15:00:00+00:00,sell,False,min_hold,min_hold,,,False,0.6076040864,0.6076040863990784,0.56,0.45,gate_close,gate_close,-0.01837100000000064,-0.024010534709615092,9.012644,0.6076040863990784,10.328219837795153,4.257358783520632,,90126.44,89942.73,-0.024010534709615092,2.0
SOL/USDT,xgb_primary,conservative,1m,2025-12-22 15:01:00+00:00,2025-12-22 14:58:00+00:00,2025-12-22 15:01:00+00:00,sell,False,min_hold,min_hold,,,False,0.6844155788,0.6076040863990784,0.48,0.44,gate_close,gate_close,-0.0041999999999991645,-0.0066902012637412404,8.9495,0.6076040863990784,14.095536413468489,0.7825032278251031,,127.85,127.79,-0.0066902012637412404,3.0
ETH/USDT,xgb_primary,primary,1m,2025-12-22 15:01:00+00:00,2025-12-22 15:00:00+00:00,2025-12-22 15:01:00+00:00,sell,False,min_hold,min_hold,,,False,0.6076040864,0.6076040863990784,0.48,0.43,gate_close,gate_close,-0.024720000000002074,-0.02845359276162902,18.36756,0.6076040863990784,14.88533385677424,0.032710257446795225,,3061.26,3057.14,-0.02845359276162902,1.0
BTC/USDT,xgb_primary,conservative,1m,2025-12-22 15:01:00+00:00,2025-12-22 14:58:00+00:00,2025-12-22 15:01:00+00:00,sell,False,min_hold,min_hold,,,False,0.6076040864,0.5878524780273438,0.56,0.45,gate_close,gate_close,-0.016080000000000292,-0.01788353058729313,9.012644,0.5878524780273438,12.44151128298899,0.0011115354082951677,,90126.44,89965.64,-0.01788353058729313,3.0
SOL/USDT,xgb_primary,conservative,1m,2025-12-22 15:02:00+00:00,2025-12-22 14:58:00+00:00,2025-12-22 15:02:00+00:00,sell,False,min_hold,min_hold,,,False,0.6844155788,0.5002435445785522,0.48,0.44,gate_close,"gate_close,trailing_prob_drop",0.0035000000000007963,0.0010104010046533222,8.9495,0.5002435445785522,21.12676056337997,0.7818302646488335,,127.85,127.9,0.0010104010046533222,4.0
BTC/USDT,xgb_primary,conservative,1m,2025-12-22 15:02:00+00:00,2025-12-22 14:58:00+00:00,2025-12-22 15:02:00+00:00,sell,False,min_hold,min_hold,,,False,0.6076040864,0.41829004883766174,0.56,0.45,prob_floor,"prob_floor,trailing_prob_drop",-0.009744000000000233,-0.011547529882262032,9.012644,0.41829004883766174,10.944177027564617,0.0011107531394755844,,90126.44,90029.0,-0.011547529882262032,4.0
ETH/USDT,xgb_primary,primary,1m,2025-12-22 15:03:00+00:00,2025-12-22 15:00:00+00:00,2025-12-22 15:03:00+00:00,sell,False,min_hold,min_hold,,,False,0.6076040864,0.3731343150138855,0.48,0.43,prob_floor,"prob_floor,trailing_prob_drop",-0.00906000000000131,-0.012853570828144586,18.36756,0.3731343150138855,,0.06536460375971255,,3061.26,3059.75,-0.012853570828144586,3.0
SOL/USDT,xgb_primary,conservative,1m,2025-12-22 15:03:00+00:00,2025-12-22 14:58:00+00:00,2025-12-22 15:03:00+00:00,sell,False,dry_run,dry_run,,,True,0.6844155788,0.5878524780273438,0.48,0.44,take_profit,"take_profit,gate_close",0.011199999999999762,0.009410099999999762,8.9495,0.5878524780273438,7.818608287725452,0.7811584579947137,8.960700000000001,127.85,128.01,0.009410099999999762,5.0
BTC/USDT,xgb_primary,conservative,1m,2025-12-22 15:03:00+00:00,2025-12-22 14:58:00+00:00,2025-12-22 15:03:00+00:00,sell,False,pnl_block,pnl_block,,,False,0.6076040864,0.4742901027202606,0.56,0.45,trailing_prob_drop,trailing_prob_drop,-0.01219499999999971,-0.09593077387675401,9.012644,0.4742901027202606,9.721312021680738,90.90922161882163,,90126.44,90004.49,-0.09593077387675401,5.0
ETH/USDT,xgb_primary,primary,1m,2025-12-22 15:04:00+00:00,2025-12-22 15:00:00+00:00,2025-12-22 15:04:00+00:00,sell,False,min_hold,min_hold,,,False,0.6076040864,0.41829004883766174,0.48,0.43,prob_floor,"prob_floor,trailing_prob_drop",-0.004020000000000436,-0.007993575222586417,18.36756,0.41829004883766174,,0.16336585947506355,,3061.26,3060.59,-0.007993575222586417,4.0
ETH/USDT,xgb_primary,primary,1m,2025-12-22 15:05:00+00:00,2025-12-22 15:00:00+00:00,2025-12-22 15:05:00+00:00,sell,False,min_hold,min_hold,,,False,0.6076040864,0.41829004883766174,0.48,0.43,prob_floor,"prob_floor,trailing_prob_drop",-0.02214000000000033,-0.025873584312207112,18.36756,0.41829004883766174,,0.03270565726029135,,3061.26,3057.57,-0.025873584312207112,5.0
SOL/USDT,xgb_primary,conservative,1m,2025-12-22 15:05:00+00:00,,2025-12-22 15:05:00+00:00,buy,True,dry_run,dry_run,,exchange_qty_step,True,0.6076040863990784,0.6076040863990784,,0.48,dry_run,,,,,0.6076040863990784,0.7809144508212021,,8.964200000000002,,128.06,0.0,
SOL/USDT,xgb_primary,conservative,1m,2025-12-22 15:06:00+00:00,2025-12-22 15:05:00+00:00,2025-12-22 15:06:00+00:00,sell,False,min_hold,min_hold,,,False,0.6076040864,0.5878524780273438,0.48,0.44,take_profit,"take_profit,gate_close",0.011199999999999762,0.008708060760382538,8.964200000000002,0.5878524780273438,8.597108245408318,0.7798791187358866,,128.06,128.22,0.008708060760382538,1.0
BTC/USDT,xgb_primary,conservative,1m,2025-12-22 15:06:00+00:00,2025-12-22 14:58:00+00:00,2025-12-22 15:06:00+00:00,sell,False,dry_run,dry_run,,,True,0.6076040864,0.4742901027202606,0.56,0.45,prob_trailing,trailing_prob_drop,0.007692999999999302,0.005890471199999302,9.012644,0.4742901027202606,7.177186856060609,0.0011086059705984644,9.020337,90126.44,90203.37,0.005890471199999302,8.0
ETH/USDT,xgb_primary,primary,1m,2025-12-22 15:07:00+00:00,2025-12-22 15:00:00+00:00,2025-12-22 15:07:00+00:00,sell,False,dry_run,dry_run,,,True,0.6076040864,0.41829004883766174,0.48,0.43,take_profit,"take_profit,prob_floor,trailing_prob_drop",0.018899999999997818,0.015226487999997818,18.36756,0.41829004883766174,0.06526520516111306,0.06526520516111306,18.38646,3061.26,3064.41,0.015226487999997818,7.0
SOL/USDT,xgb_primary,conservative,1m,2025-12-22 15:07:00+00:00,2025-12-22 15:05:00+00:00,2025-12-22 15:07:00+00:00,sell,False,min_hold,min_hold,,,False,0.6076040864,0.6076040863990784,0.48,0.44,take_profit,"take_profit,gate_close",0.013299999999999841,0.010808224285993226,8.964200000000002,0.6076040863990784,21.05755732335018,0.779696697983775,,128.06,128.25,0.010808224285993226,2.0
SOL/USDT,xgb_primary,conservative,1m,2025-12-22 15:08:00+00:00,2025-12-22 15:05:00+00:00,2025-12-22 15:08:00+00:00,sell,False,min_hold,min_hold,,,False,0.6076040864,0.6076040863990784,0.48,0.44,take_profit,"take_profit,gate_close",0.02170000000000016,0.019208877624148798,8.964200000000002,0.6076040863990784,10.916179337230904,0.778967867574754,,128.06,128.37,0.019208877624148798,3.0
SOL/USDT,xgb_primary,conservative,1m,2025-12-22 15:09:00+00:00,2025-12-22 15:05:00+00:00,2025-12-22 15:09:00+00:00,sell,False,min_hold,min_hold,,,False,0.6076040864,0.6076040863990784,0.48,0.44,take_profit,"take_profit,gate_close",0.0385000000000008,0.03601018064300575,8.964200000000002,0.6076040863990784,11.681333229499703,0.7775142868243131,,128.06,128.61,0.03601018064300575,4.0
BTC/USDT,xgb_primary,conservative,1m,2025-12-22 15:09:00+00:00,,2025-12-22 15:09:00+00:00,buy,True,dry_run,dry_run,,exchange_qty_step,True,0.6076040863990784,0.6076040863990784,,0.56,dry_run,,,,,0.6076040863990784,12.462986315419462,,9.032354,,90323.54,0.0,
ETH/USDT,xgb_primary,primary,1m,2025-12-22 15:10:00+00:00,,2025-12-22 15:10:00+00:00,buy,True,dry_run,dry_run,,exchange_qty_step,True,0.6076040863990784,0.6076040863990784,,0.48,dry_run,,,,,0.6076040863990784,0.03257779985751621,,18.41748,,3069.58,0.0,
SOL/USDT,xgb_primary,conservative,1m,2025-12-22 15:10:00+00:00,2025-12-22 15:05:00+00:00,2025-12-22 15:10:00+00:00,sell,False,dry_run,dry_run,,,True,0.6076040864,0.6076040863990784,0.48,0.44,take_profit,"take_profit,gate_close",0.028699999999999764,0.026907159999999763,8.964200000000002,0.6076040863990784,25.66894835096329,0.7783615489387745,8.9929,128.06,128.47,0.026907159999999763,5.0
BTC/USDT,xgb_primary,conservative,1m,2025-12-22 15:10:00+00:00,2025-12-22 15:09:00+00:00,2025-12-22 15:10:00+00:00,sell,False,min_hold,min_hold,,,False,0.6076040864,0.6076040863990784,0.56,0.45,gate_close,gate_close,-0.019225000000000003,-0.05948047292840482,9.032354,0.6076040863990784,20.30473482377197,42.56808593684971,,90323.54,90131.29,-0.05948047292840482,1.0
BTC/USDT,xgb_primary,conservative,1m,2025-12-22 15:11:00+00:00,2025-12-22 15:09:00+00:00,2025-12-22 15:11:00+00:00,sell,False,min_hold,min_hold,,,False,0.6076040864,0.5002435445785522,0.56,0.45,trailing_prob_drop,trailing_prob_drop,-0.047653999999999364,-0.04946147610384842,9.032354,0.5002435445785522,42.47657148841848,0.0011130031540574235,,90323.54,89847.0,-0.04946147610384842,2.0
BTC/USDT,xgb_primary,conservative,1m,2025-12-22 15:12:00+00:00,2025-12-22 15:09:00+00:00,2025-12-22 15:12:00+00:00,sell,False,min_hold,min_hold,,,False,0.6076040864,0.4007633626461029,0.56,0.45,prob_floor,"prob_floor,trailing_prob_drop",-0.051581999999999247,-0.05338947654354695,9.032354,0.4007633626461029,74.43542911839002,0.0011134899581034159,,90323.54,89807.72,-0.05338947654354695,3.0
BTC/USDT,xgb_primary,conservative,1m,2025-12-22 15:13:00+00:00,2025-12-22 15:09:00+00:00,2025-12-22 15:13:00+00:00,sell,False,min_hold,min_hold,,,False,0.6076040864,0.4007633626461029,0.56,0.45,prob_floor,"prob_floor,trailing_prob_drop",-0.06995399999999936,-0.07176147860521799,9.032354,0.4007633626461029,68.9818125900738,0.0011157724980892462,,90323.54,89624.0,-0.07176147860521799,4.0
SOL/USDT,xgb_primary,conservative,1m,2025-12-22 15:13:00+00:00,,2025-12-22 15:13:00+00:00,buy,True,dry_run,dry_run,,exchange_qty_step,True,0.565682053565979,0.565682053565979,,0.48,dry_run,,,,,0.565682053565979,0.7834227741004439,,8.935500000000001,,127.65,0.0,
BTC/USDT,xgb_primary,conservative,1m,2025-12-22 15:14:00+00:00,2025-12-22 15:09:00+00:00,2025-12-22 15:14:00+00:00,sell,False,pnl_block,pnl_block,,,False,0.6076040864,0.41829004883766174,0.56,0.45,prob_floor,"prob_floor,trailing_prob_drop",-0.06378099999999977,-0.0655884779115553,9.032354,0.41829004883766174,20.498971202025125,0.0011150045221030105,,90323.54,89685.73,-0.0655884779115553,5.0
ETH/USDT,xgb_primary,primary,1m,2025-12-22 15:14:00+00:00,2025-12-22 15:10:00+00:00,2025-12-22 15:14:00+00:00,sell,False,min_hold,min_hold,,,False,0.6076040864,0.3245033025741577,0.48,0.43,prob_floor,"prob_floor,trailing_prob_drop",-0.1862399999999998,-0.19022655813623954,18.41748,0.3245033025741577,,0.1645513589479965,,3069.58,3038.54,-0.19022655813623954,4.0
SOL/USDT,xgb_primary,conservative,1m,2025-12-22 15:14:00+00:00,2025-12-22 15:13:00+00:00,2025-12-22 15:14:00+00:00,sell,False,min_hold,min_hold,,,False,0.5656820536,0.41829004883766174,0.48,0.44,prob_floor,"prob_floor,trailing_prob_drop",0.006999999999999603,0.0045134753199475835,8.935500000000001,0.41829004883766174,19.586336571607646,0.7827482290325323,,127.65,127.75,0.0045134753199475835,1.0
ETH/USDT,xgb_primary,primary,1m,2025-12-22 15:15:00+00:00,2025-12-22 15:10:00+00:00,2025-12-22 15:15:00+00:00,sell,False,min_hold,min_hold,,,False,0.6076040864,0.3245033025741577,0.48,0.43,prob_floor,"prob_floor,trailing_prob_drop",-0.16379999999999836,-0.16754403431248244,18.41748,0.3245033025741577,,0.03287003025608558,,3069.58,3042.28,-0.16754403431248244,5.0
SOL/USDT,xgb_primary,conservative,1m,2025-12-22 15:15:00+00:00,2025-12-22 15:13:00+00:00,2025-12-22 15:15:00+00:00,sell,False,min_hold,min_hold,,,False,0.5656820536,0.41829004883766174,0.48,0.44,prob_floor,"prob_floor,trailing_prob_drop",0.0006999999999993635,-0.0017870177534964715,8.935500000000001,0.41829004883766174,8.61056751467706,0.7833000430819032,,127.65,127.66,-0.0017870177534964715,2.0
BTC/USDT,xgb_primary,conservative,1m,2025-12-22 15:15:00+00:00,2025-12-22 15:09:00+00:00,2025-12-22 15:15:00+00:00,sell,False,pnl_block,pnl_block,,,False,0.6076040864,0.39150944352149963,0.56,0.45,prob_floor,"prob_floor,trailing_prob_drop",-0.06267199999999866,-0.06447947778703474,9.032354,0.39150944352149963,7.3590302492938395,0.0011148666627566037,,90323.54,89696.82,-0.06447947778703474,6.0
ETH/USDT,xgb_primary,primary,1m,2025-12-22 15:16:00+00:00,2025-12-22 15:10:00+00:00,2025-12-22 15:16:00+00:00,sell,False,pnl_block,pnl_block,,,False,0.6076040864,0.3245033025741577,0.48,0.43,prob_floor,"prob_floor,trailing_prob_drop",-0.15509999999999946,-0.15884400547273464,18.41748,0.3245033025741577,,0.03285437135546798,,3069.58,3043.73,-0.15884400547273464,6.0
SOL/USDT,xgb_primary,conservative,1m,2025-12-22 15:16:00+00:00,2025-12-22 15:13:00+00:00,2025-12-22 15:16:00+00:00,sell,False,min_hold,min_hold,,,False,0.5656820536,0.565682053565979,0.48,0.44,take_profit,"take_profit,gate_close",0.013299999999999841,0.010813967699167436,8.935500000000001,0.565682053565979,18.01660661131161,0.7821971919113696,,127.65,127.84,0.010813967699167436,3.0
BTC/USDT,xgb_primary,conservative,1m,2025-12-22 15:16:00+00:00,2025-12-22 15:09:00+00:00,2025-12-22 15:16:00+00:00,sell,False,pnl_block,pnl_block,,,False,0.6076040864,0.4007633626461029,0.56,0.45,prob_floor,"prob_floor,trailing_prob_drop",-0.05016199999999953,-0.05196947638454866,9.032354,0.4007633626461029,8.452918570255713,0.0011133139258328421,,90323.54,89821.92,-0.05196947638454866,7.0
SOL/USDT,xgb_primary,conservative,1m,2025-12-22 15:17:00+00:00,2025-12-22 15:13:00+00:00,2025-12-22 15:17:00+00:00,sell,False,min_hold,min_hold,,,False,0.5656820536,0.5002435445785522,0.48,0.44,take_profit,"take_profit,gate_close",0.011899999999999127,0.009413858341481264,8.935500000000001,0.5002435445785522,17.989831834180993,0.7823195775478284,,127.65,127.82,0.009413858341481264,4.0
BTC/USDT,xgb_primary,conservative,1m,2025-12-22 15:17:00+00:00,2025-12-22 15:09:00+00:00,2025-12-22 15:17:00+00:00,sell,False,pnl_block,pnl_block,,,False,0.6076040864,0.4007633626461029,0.56,0.45,prob_floor,"prob_floor,trailing_prob_drop",-0.05235499999999884,-0.05416247663012113,9.032354,0.4007633626461029,21.951211909075006,0.001113585807522741,,90323.54,89799.99,-0.05416247663012113,8.0
SOL/USDT,xgb_primary,conservative,1m,2025-12-22 15:18:00+00:00,2025-12-22 15:13:00+00:00,2025-12-22 15:18:00+00:00,sell,False,dry_run,dry_run,,,True,0.5656820536,0.41829004883766174,0.48,0.44,take_profit,"take_profit,prob_floor,trailing_prob_drop",0.014699999999999564,0.012912899999999564,8.935500000000001,0.41829004883766174,10.170552339227793,0.7820748445630247,8.9502,127.65,127.86,0.012912899999999564,5.0
ETH/USDT,xgb_primary,primary,1m,2025-12-22 15:18:00+00:00,2025-12-22 15:10:00+00:00,2025-12-22 15:18:00+00:00,sell,False,pnl_block,pnl_block,,,False,0.6076040864,0.3245033025741577,0.48,0.43,prob_floor,"prob_floor,trailing_prob_drop",-0.14159999999999945,-0.1453439607757602,18.41748,0.3245033025741577,,0.032830102576879176,,3069.58,3045.98,-0.1453439607757602,8.0
BTC/USDT,xgb_primary,conservative,1m,2025-12-22 15:19:00+00:00,2025-12-22 15:09:00+00:00,2025-12-22 15:19:00+00:00,sell,False,pnl_block,pnl_block,,,False,0.6076040864,0.41829004883766174,0.56,0.45,prob_floor,"prob_floor,trailing_prob_drop",-0.05330499999999884,-0.055112476736539816,9.032354,0.41829004883766174,7.4443774231405895,0.0011137036269553153,,90323.54,89790.49,-0.055112476736539816,10.0
BTC/USDT,xgb_primary,conservative,1m,2025-12-22 15:20:00+00:00,2025-12-22 15:09:00+00:00,2025-12-22 15:20:00+00:00,sell,False,pnl_block,pnl_block,,,False,0.6076040864,0.39150944352149963,0.56,0.45,prob_floor,"prob_floor,trailing_prob_drop",-0.07650499999999884,-0.07831247934240403,9.032354,0.39150944352149963,11.818623553562892,0.0011165886602673828,,90323.54,89558.49,-0.07831247934240403,11.0
ETH/USDT,xgb_primary,primary,1m,2025-12-22 15:20:00+00:00,2025-12-22 15:10:00+00:00,2025-12-22 15:20:00+00:00,sell,False,pnl_block,pnl_block,,,False,0.6076040864,0.3245033025741577,0.48,0.43,prob_floor,"prob_floor,trailing_prob_drop",-0.13133999999999924,-0.1350839268501977,18.41748,0.3245033025741577,,0.032811682270580005,,3069.58,3047.69,-0.1350839268501977,10.0
BTC/USDT,xgb_primary,conservative,1m,2025-12-22 15:21:00+00:00,2025-12-22 15:09:00+00:00,2025-12-22 15:21:00+00:00,sell,False,pnl_block,pnl_block,,,False,0.6076040864,0.3245033025741577,0.56,0.45,prob_floor,"prob_floor,trailing_prob_drop",-0.0837159999999989,-0.08552348015510865,9.032354,0.3245033025741577,16.908946045101267,0.001117488430755283,,90323.54,89486.38,-0.08552348015510865,12.0
ETH/USDT,xgb_primary,primary,1m,2025-12-22 15:21:00+00:00,2025-12-22 15:10:00+00:00,2025-12-22 15:21:00+00:00,sell,False,pnl_block,pnl_block,,,False,0.6076040864,0.41829004883766174,0.48,0.43,prob_floor,"prob_floor,trailing_prob_drop",-0.17064000000000032,-0.17438405700580703,18.41748,0.41829004883766174,,0.032882351878053426,,3069.58,3041.14,-0.17438405700580703,11.0
ETH/USDT,xgb_primary,primary,1m,2025-12-22 15:22:00+00:00,2025-12-22 15:10:00+00:00,2025-12-22 15:22:00+00:00,sell,False,pnl_block,pnl_block,,,False,0.6076040864,0.3245033025741577,0.48,0.43,prob_floor,"prob_floor,trailing_prob_drop",-0.1892399999999998,-0.19298411880183586,18.41748,0.3245033025741577,,0.032915904801338616,,3069.58,3038.04,-0.19298411880183586,12.0
BTC/USDT,xgb_primary,conservative,1m,2025-12-22 15:22:00+00:00,2025-12-22 15:09:00+00:00,2025-12-22 15:22:00+00:00,sell,False,pnl_block,pnl_block,,,False,0.6076040864,0.32190844416618347,0.56,0.45,prob_floor,"prob_floor,trailing_prob_drop",-0.10330999999999914,-0.10511748237004959,9.032354,0.32190844416618347,8.059326116518427,0.001119940660477312,,90323.54,89290.44,-0.10511748237004959,13.0
BTC/USDT,xgb_primary,conservative,1m,2025-12-22 15:23:00+00:00,2025-12-22 15:09:00+00:00,2025-12-22 15:23:00+00:00,sell,False,pnl_block,pnl_block,,,False,0.6076040864,0.41829004883766174,0.56,0.45,prob_floor,"prob_floor,trailing_prob_drop",-0.07435499999999884,-0.10372862004701842,9.032354,0.41829004883766174,54.589264585407236,30.5204482098682,,90323.54,89579.99,-0.10372862004701842,14.0
ETH/USDT,xgb_primary,primary,1m,2025-12-22 15:24:00+00:00,2025-12-22 15:10:00+00:00,2025-12-22 15:24:00+00:00,sell,False,pnl_block,pnl_block,,,False,0.6076040864,0.3245033025741577,0.48,0.43,prob_floor,"prob_floor,trailing_prob_drop",-0.15407999999999902,-0.15782400209332179,18.41748,0.3245033025741577,,0.03285253646143205,,3069.58,3043.9,-0.15782400209332179,14.0
BTC/USDT,xgb_primary,conservative,1m,2025-12-22 15:24:00+00:00,2025-12-22 15:09:00+00:00,2025-12-22 15:24:00+00:00,sell,False,pnl_block,pnl_block,,,False,0.6076040864,0.3245033025741577,0.56,0.45,prob_floor,"prob_floor,trailing_prob_drop",-0.06835499999999883,-0.07016247842544496,9.032354,0.3245033025741577,66.2569813604961,0.0011155734663708216,,90323.54,89639.99,-0.07016247842544496,15.0
ETH/USDT,xgb_primary,primary,1m,2025-12-22 15:25:00+00:00,2025-12-22 15:10:00+00:00,2025-12-22 15:25:00+00:00,sell,False,pnl_block,pnl_block,,,False,0.6076040864,0.3191489577293396,0.48,0.43,prob_floor,"prob_floor,trailing_prob_drop",-0.165,-0.1687440382925408,18.41748,0.3191489577293396,,0.03287219127742413,,3069.58,3042.08,-0.1687440382925408,15.0
BTC/USDT,xgb_primary,conservative,1m,2025-12-22 15:25:00+00:00,2025-12-22 15:09:00+00:00,2025-12-22 15:25:00+00:00,sell,False,pnl_block,pnl_block,,,False,0.6076040864,0.3245033025741577,0.56,0.45,prob_floor,"prob_floor,trailing_prob_drop",-0.08094399999999878,-0.08275147984253965,9.032354,0.3245033025741577,34.040606871932106,0.0011171423760268071,,90323.54,89514.1,-0.08275147984253965,16.0
BTC/USDT,xgb_primary,conservative,1m,2025-12-22 15:26:00+00:00,2025-12-22 15:09:00+00:00,2025-12-22 15:26:00+00:00,sell,False,pnl_block,pnl_block,,,False,0.6076040864,0.3245033025741577,0.56,0.45,prob_floor,"prob_floor,trailing_prob_drop",-0.0758,-0.07760747926302096,9.032354,0.3245033025741577,14.28936734108052,0.0011165007715090917,,90323.54,89565.54,-0.07760747926302096,17.0
BTC/USDT,xgb_primary,conservative,1m,2025-12-22 15:27:00+00:00,2025-12-22 15:09:00+00:00,2025-12-22 15:27:00+00:00,sell,False,pnl_block,pnl_block,,,False,0.6076040864,0.3245033025741577,0.56,0.45,prob_floor,"prob_floor,trailing_prob_drop",-0.0791479999999996,-0.08095547964012949,9.032354,0.3245033025741577,26.904317564063543,0.0011169182805415272,,90323.54,89532.06,-0.08095547964012949,18.0
ETH/USDT,xgb_primary,primary,1m,2025-12-22 15:28:00+00:00,2025-12-22 15:10:00+00:00,2025-12-22 15:28:00+00:00,sell,False,pnl_block,pnl_block,,,False,0.6076040864,0.3191489577293396,0.48,0.43,prob_floor,"prob_floor,trailing_prob_drop",-0.18347999999999956,-0.18722409965152498,18.41748,0.3191489577293396,,0.03290550690182569,,3069.58,3039.0,-0.18722409965152498,18.0
BTC/USDT,xgb_primary,conservative,1m,2025-12-22 15:28:00+00:00,2025-12-22 15:09:00+00:00,2025-12-22 15:28:00+00:00,sell,False,pnl_block,pnl_block,,,False,0.6076040864,0.3245033025741577,0.56,0.45,prob_floor,"prob_floor,trailing_prob_drop",-0.07034299999999931,-0.07215047864896215,9.032354,0.3245033025741577,7.824012110966311,0.0011158209286789367,,90323.54,89620.11,-0.07215047864896215,19.0
BTC/USDT,xgb_primary,conservative,1m,2025-12-22 15:29:00+00:00,2025-12-22 15:09:00+00:00,2025-12-22 15:29:00+00:00,sell,False,pnl_block,pnl_block,,,False,0.6076040864,0.41829004883766174,0.56,0.45,prob_floor,"prob_floor,trailing_prob_drop",-0.07220899999999965,-0.0740164788588541,9.032354,0.41829004883766174,16.71351752850511,0.0011160533062005774,,90323.54,89601.45,-0.0740164788588541,20.0
BTC/USDT,xgb_primary,conservative,1m,2025-12-22 15:30:00+00:00,2025-12-22 15:09:00+00:00,2025-12-22 15:30:00+00:00,sell,False,pnl_block,pnl_block,,,False,0.6076040864,0.4742901027202606,0.56,0.45,trailing_prob_drop,trailing_prob_drop,-0.086775,-0.08858248050026687,9.032354,0.4742901027202606,5.003267246233375,0.001117870564932459,,90323.54,89455.79,-0.08858248050026687,21.0
ETH/USDT,xgb_primary,primary,1m,2025-12-22 15:30:00+00:00,2025-12-22 15:10:00+00:00,2025-12-22 15:30:00+00:00,sell,False,pnl_block,pnl_block,,,False,0.6076040864,0.3245033025741577,0.48,0.43,prob_floor,"prob_floor,trailing_prob_drop",-0.18354000000000087,-0.18728409985094632,18.41748,0.3245033025741577,,0.03290561517942043,,3069.58,3038.99,-0.18728409985094632,20.0
ETH/USDT,xgb_primary,primary,1m,2025-12-22 15:31:00+00:00,2025-12-22 15:10:00+00:00,2025-12-22 15:31:00+00:00,sell,False,pnl_block,pnl_block,,,False,0.6076040864,0.41829004883766174,0.48,0.43,prob_floor,"prob_floor,trailing_prob_drop",-0.20364000000000032,-0.2073841667306042,18.41748,0.41829004883766174,,0.03294192832237722,,3069.58,3035.64,-0.2073841667306042,21.0
BTC/USDT,xgb_primary,conservative,1m,2025-12-22 15:31:00+00:00,2025-12-22 15:09:00+00:00,2025-12-22 15:31:00+00:00,sell,False,pnl_block,pnl_block,,,False,0.6076040864,0.41829004883766174,0.56,0.45,prob_floor,"prob_floor,trailing_prob_drop",-0.09359699999999867,-0.09540448127086056,9.032354,0.41829004883766174,16.28290172353313,0.0011187237146506447,,90323.54,89387.57,-0.09540448127086056,22.0
ETH/USDT,xgb_primary,primary,1m,2025-12-22 15:32:00+00:00,2025-12-22 15:10:00+00:00,2025-12-22 15:32:00+00:00,sell,False,pnl_block,pnl_block,,,False,0.6076040864,0.4742901027202606,0.48,0.43,trailing_prob_drop,trailing_prob_drop,-0.1978800000000001,-0.20162414755000546,18.41748,0.4742901027202606,,0.032931513977676644,,3069.58,3036.6,-0.20162414755000546,22.0
BTC/USDT,xgb_primary,conservative,1m,2025-12-22 15:32:00+00:00,2025-12-22 15:09:00+00:00,2025-12-22 15:32:00+00:00,sell,False,pnl_block,pnl_block,,,False,0.6076040864,0.3396226465702057,0.56,0.45,prob_floor,"prob_floor,trailing_prob_drop",-0.09121699999999983,-0.09302448100189063,9.032354,0.3396226465702057,10.89077475863999,0.001118425928391463,,90323.54,89411.37,-0.09302448100189063,23.0
ETH/USDT,xgb_primary,primary,1m,2025-12-22 15:33:00+00:00,2025-12-22 15:10:00+00:00,2025-12-22 15:33:00+00:00,sell,False,pnl_block,pnl_block,,,False,0.6076040864,0.41829004883766174,0.48,0.43,prob_floor,"prob_floor,trailing_prob_drop",-0.1933800000000001,-0.19712413257359918,18.41748,0.41829004883766174,,0.032923382351481074,,3069.58,3037.35,-0.19712413257359918,23.0
BTC/USDT,xgb_primary,conservative,1m,2025-12-22 15:33:00+00:00,2025-12-22 15:09:00+00:00,2025-12-22 15:33:00+00:00,sell,False,pnl_block,pnl_block,,,False,0.6076040864,0.3245033025741577,0.56,0.45,prob_floor,"prob_floor,trailing_prob_drop",-0.07715499999999884,-0.07896247941560759,9.032354,0.3245033025741577,6.982332673983223,0.001116669706214955,,90323.54,89551.99,-0.07896247941560759,24.0
ETH/USDT,xgb_primary,primary,1m,2025-12-22 15:34:00+00:00,2025-12-22 15:10:00+00:00,2025-12-22 15:34:00+00:00,sell,False,pnl_block,pnl_block,,,False,0.6076040864,0.41829004883766174,0.48,0.43,prob_floor,"prob_floor,trailing_prob_drop",-0.1709399999999987,-0.17468405800151318,18.41748,0.41829004883766174,,0.032882892509979236,,3069.58,3041.09,-0.17468405800151318,24.0
BTC/USDT,xgb_primary,conservative,1m,2025-12-22 15:34:00+00:00,2025-12-22 15:09:00+00:00,2025-12-22 15:34:00+00:00,sell,False,pnl_block,pnl_block,,,False,0.6076040864,0.41829004883766174,0.56,0.45,prob_floor,"prob_floor,trailing_prob_drop",-0.08058499999999913,-0.08239247980207355,9.032354,0.41829004883766174,15.702610293753372,0.001117097574369102,,90323.54,89517.69,-0.08239247980207355,25.0
BTC/USDT,xgb_primary,conservative,1m,2025-12-22 15:35:00+00:00,2025-12-22 15:09:00+00:00,2025-12-22 15:35:00+00:00,sell,False,pnl_block,pnl_block,,,False,0.6076040864,0.4007633626461029,0.56,0.45,prob_floor,"prob_floor,trailing_prob_drop",-0.10620699999999925,-0.10801448269835688,9.032354,0.4007633626461029,26.51766371540694,0.0011203041395810801,,90323.54,89261.47,-0.10801448269835688,26.0
BTC/USDT,xgb_primary,conservative,1m,2025-12-22 15:36:00+00:00,2025-12-22 15:09:00+00:00,2025-12-22 15:36:00+00:00,sell,False,pnl_block,pnl_block,,,False,0.6076040864,0.41829004883766174,0.56,0.45,prob_floor,"prob_floor,trailing_prob_drop",-0.11871100000000007,-0.13709734696757886,9.032354,0.41829004883766174,91.23644376051283,18.35609650328008,,90323.54,89136.43,-0.13709734696757886,27.0
ETH/USDT,xgb_primary,primary,1m,2025-12-22 15:37:00+00:00,2025-12-22 15:10:00+00:00,2025-12-22 15:37:00+00:00,sell,False,pnl_block,pnl_block,,,False,0.6076040864,0.41829004883766174,0.48,0.43,prob_floor,"prob_floor,trailing_prob_drop",-0.25571999999999934,-0.2594643407074854,18.41748,0.41829004883766174,12.919555117927631,0.03303639123598565,,3069.58,3026.96,-0.2594643407074854,27.0
BTC/USDT,xgb_primary,conservative,1m,2025-12-22 15:37:00+00:00,2025-12-22 15:09:00+00:00,2025-12-22 15:37:00+00:00,sell,False,pnl_block,pnl_block,,,False,0.6076040864,0.4007633626461029,0.56,0.45,prob_floor,"prob_floor,trailing_prob_drop",-0.09785999999999913,-0.09966748175299656,9.032354,0.4007633626461029,18.339264637705636,0.0011192575018946298,,90323.54,89344.94,-0.09966748175299656,28.0
ETH/USDT,xgb_primary,primary,1m,2025-12-22 15:38:00+00:00,2025-12-22 15:10:00+00:00,2025-12-22 15:38:00+00:00,sell,False,pnl_block,pnl_block,,,False,0.6076040864,0.3245033025741577,0.48,0.43,prob_floor,"prob_floor,trailing_prob_drop",-0.25847999999999954,-0.26222434995530575,18.41748,0.3245033025741577,8.424293680789246,0.03304141245502082,,3069.58,3026.5,-0.26222434995530575,28.0
BTC/USDT,xgb_primary,conservative,1m,2025-12-22 15:38:00+00:00,2025-12-22 15:09:00+00:00,2025-12-22 15:38:00+00:00,sell,False,pnl_block,pnl_block,,,False,0.6076040864,0.5002435445785522,0.56,0.45,trailing_prob_drop,trailing_prob_drop,-0.10196399999999994,-0.12203941899239443,9.032354,0.5002435445785522,23.337639490273236,20.2261206684265,,90323.54,89303.9,-0.12203941899239443,29.0
BTC/USDT,xgb_primary,conservative,1m,2025-12-22 15:39:00+00:00,2025-12-22 15:09:00+00:00,2025-12-22 15:39:00+00:00,sell,False,pnl_block,pnl_block,,,False,0.6076040864,0.3245033025741577,0.56,0.45,prob_floor,"prob_floor,trailing_prob_drop",-0.10057899999999936,-0.12029532844127075,9.032354,0.3245033025741577,2.2402519108446963,19.828560352341576,,90323.54,89317.75,-0.12029532844127075,30.0
ETH/USDT,xgb_primary,primary,1m,2025-12-22 15:40:00+00:00,2025-12-22 15:10:00+00:00,2025-12-22 15:40:00+00:00,sell,False,pnl_block,pnl_block,,,False,0.6076040864,0.41829004883766174,0.48,0.43,prob_floor,"prob_floor,trailing_prob_drop",-0.25841999999999826,-0.26210349599999827,18.41748,0.41829004883766174,,,,3069.58,3026.51,-0.26210349599999827,30.0
ETH/USDT,xgb_primary,primary,1m,2025-12-22 15:41:00+00:00,2025-12-22 15:10:00+00:00,2025-12-22 15:41:00+00:00,sell,False,pnl_block,pnl_block,,,False,0.6076040864,0.41829004883766174,0.48,0.43,prob_floor,"prob_floor,trailing_prob_drop",-0.22871999999999934,-0.23246425038772792,18.41748,0.41829004883766174,15.921624730930894,0.0329873509994789,,3069.58,3031.46,-0.23246425038772792,31.0
BTC/USDT,xgb_primary,conservative,1m,2025-12-22 15:41:00+00:00,2025-12-22 15:09:00+00:00,2025-12-22 15:41:00+00:00,sell,False,pnl_block,pnl_block,,,False,0.6076040864,0.41829004883766174,0.56,0.45,prob_floor,"prob_floor,trailing_prob_drop",-0.10393099999999977,-0.11832058869257683,9.032354,0.41829004883766174,54.737552942676594,13.931161126520356,,90323.54,89284.23,-0.11832058869257683,32.0
BTC/USDT,xgb_primary,conservative,1m,2025-12-22 15:42:00+00:00,2025-12-22 15:09:00+00:00,2025-12-22 15:42:00+00:00,sell,False,pnl_block,pnl_block,,,False,0.6076040864,0.3245033025741577,0.56,0.45,prob_floor,"prob_floor,trailing_prob_drop",-0.10613199999999925,-0.1079394826898547,9.032354,0.3245033025741577,75.40749357417363,0.0011202947265499274,,90323.54,89262.22,-0.1079394826898547,33.0
ETH/USDT,xgb_primary,primary,1m,2025-12-22 15:43:00+00:00,2025-12-22 15:10:00+00:00,2025-12-22 15:43:00+00:00,sell,False,pnl_block,pnl_block,,,False,0.6076040864,0.3245033025741577,0.48,0.43,prob_floor,"prob_floor,trailing_prob_drop",-0.23135999999999968,-0.2351042592071669,18.41748,0.3245033025741577,,0.032992139623455034,,3069.58,3031.02,-0.2351042592071669,33.0
BTC/USDT,xgb_primary,conservative,1m,2025-12-22 15:43:00+00:00,2025-12-22 15:09:00+00:00,2025-12-22 15:43:00+00:00,sell,False,pnl_block,pnl_block,,,False,0.6076040864,0.39150944352149963,0.56,0.45,prob_floor,"prob_floor,trailing_prob_drop",-0.0913159999999989,-0.09312348101307373,9.032354,0.39150944352149963,21.398748384394473,0.0011184383105789456,,90323.54,89410.38,-0.09312348101307373,34.0
ETH/USDT,xgb_primary,primary,1m,2025-12-22 15:44:00+00:00,2025-12-22 15:10:00+00:00,2025-12-22 15:44:00+00:00,sell,False,pnl_block,pnl_block,,,False,0.6076040864,0.3245033025741577,0.48,0.43,prob_floor,"prob_floor,trailing_prob_drop",-0.19409999999999947,-0.19784413496932376,18.41748,0.3245033025741577,,0.03292468314030206,,3069.58,3037.23,-0.19784413496932376,34.0
ETH/USDT,xgb_primary,primary,1m,2025-12-22 15:45:00+00:00,2025-12-22 15:10:00+00:00,2025-12-22 15:45:00+00:00,sell,False,pnl_block,pnl_block,,,False,0.6076040864,0.41829004883766174,0.48,0.43,prob_floor,"prob_floor,trailing_prob_drop",-0.2133599999999997,-0.21710419912538725,18.41748,0.41829004883766174,,0.03295951747338364,,3069.58,3034.02,-0.21710419912538725,35.0
BTC/USDT,xgb_primary,conservative,1m,2025-12-22 15:45:00+00:00,2025-12-22 15:09:00+00:00,2025-12-22 15:45:00+00:00,sell,False,pnl_block,pnl_block,,,False,0.6076040864,0.41829004883766174,0.56,0.45,prob_floor,"prob_floor,trailing_prob_drop",-0.09780699999999924,-0.09961448174699966,9.032354,0.41829004883766174,13.64396573106992,0.0011192508624260277,,90323.54,89345.47,-0.09961448174699966,36.0
ETH/USDT,xgb_primary,primary,1m,2025-12-22 15:46:00+00:00,2025-12-22 15:10:00+00:00,2025-12-22 15:46:00+00:00,sell,False,pnl_block,pnl_block,,,False,0.6076040864,0.41829004883766174,0.48,0.43,prob_floor,"prob_floor,trailing_prob_drop",-0.2116199999999999,-0.2153641933237794,18.41748,0.41829004883766174,,0.032956367418077157,,3069.58,3034.31,-0.2153641933237794,36.0
SOL/USDT,xgb_primary,conservative,1m,2025-12-22 15:46:00+00:00,,2025-12-22 15:46:00+00:00,buy,True,dry_run,dry_run,,exchange_qty_step,True,0.5002435445785522,0.5002435445785522,,0.48,dry_run,,,,,0.5002435445785522,0.7862562409081971,,8.903300000000002,,127.19,0.0,
BTC/USDT,xgb_primary,conservative,1m,2025-12-22 15:46:00+00:00,2025-12-22 15:09:00+00:00,2025-12-22 15:46:00+00:00,sell,False,pnl_block,pnl_block,,,False,0.6076040864,0.3396226465702057,0.56,0.45,prob_floor,"prob_floor,trailing_prob_drop",-0.08316199999999954,-0.08496948009262513,9.032354,0.3396226465702057,4.397536886873856,0.0011174192526042222,,90323.54,89491.92,-0.08496948009262513,37.0
BTC/USDT,xgb_primary,conservative,1m,2025-12-22 15:47:00+00:00,2025-12-22 15:09:00+00:00,2025-12-22 15:47:00+00:00,sell,False,pnl_block,pnl_block,,,False,0.6076040864,0.41829004883766174,0.56,0.45,prob_floor,"prob_floor,trailing_prob_drop",-0.0797429999999993,-0.0815504797071763,9.032354,0.41829004883766174,14.073772632793371,0.0011169925104827024,,90323.54,89526.11,-0.0815504797071763,38.0
ETH/USDT,xgb_primary,primary,1m,2025-12-22 15:48:00+00:00,2025-12-22 15:10:00+00:00,2025-12-22 15:48:00+00:00,sell,False,pnl_block,pnl_block,,,False,0.6076040864,0.565682053565979,0.48,0.43,gate_close,gate_close,-0.1786199999999999,-0.18236408350285913,18.41748,0.565682053565979,,0.03289673878251893,,3069.58,3039.81,-0.18236408350285913,38.0
ETH/USDT,xgb_primary,primary,1m,2025-12-22 15:49:00+00:00,2025-12-22 15:10:00+00:00,2025-12-22 15:49:00+00:00,sell,False,pnl_block,pnl_block,,,False,0.6076040864,0.565682053565979,0.48,0.43,gate_close,gate_close,-0.18221999999999935,-0.18596409546400425,18.41748,0.565682053565979,,0.0329032332354359,,3069.58,3039.21,-0.18596409546400425,39.0
SOL/USDT,xgb_primary,conservative,1m,2025-12-22 15:49:00+00:00,2025-12-22 15:46:00+00:00,2025-12-22 15:49:00+00:00,sell,False,min_hold,min_hold,,,False,0.5002435446,0.4742901027202606,0.48,0.44,take_profit,take_profit,0.009800000000000041,0.007320137109985154,8.903300000000002,0.4742901027202606,2.3583051646884003,0.7853300349475884,,127.19,127.33,0.007320137109985154,3.0
SOL/USDT,xgb_primary,conservative,1m,2025-12-22 15:50:00+00:00,2025-12-22 15:46:00+00:00,2025-12-22 15:50:00+00:00,sell,False,min_hold,min_hold,,,False,0.5002435446,0.565682053565979,0.48,0.44,take_profit,"take_profit,gate_close",0.012600000000000479,0.010120356683023685,8.903300000000002,0.565682053565979,11.780413099818697,0.7850834151121416,,127.19,127.37,0.010120356683023685,4.0
BTC/USDT,xgb_primary,conservative,1m,2025-12-22 15:50:00+00:00,2025-12-22 15:09:00+00:00,2025-12-22 15:50:00+00:00,sell,False,pnl_block,pnl_block,,,False,0.6076040864,0.5002435445785522,0.56,0.45,trailing_prob_drop,trailing_prob_drop,-0.0813979999999996,-0.08320547989372142,9.032354,0.5002435445785522,92.83029825825365,0.0011171990400482032,,90323.54,89509.56,-0.08320547989372142,41.0
ETH/USDT,xgb_primary,primary,1m,2025-12-22 15:51:00+00:00,2025-12-22 15:10:00+00:00,2025-12-22 15:51:00+00:00,sell,False,pnl_block,pnl_block,,,False,0.6076040864,0.6076040863990784,0.48,0.43,gate_close,gate_close,-0.15126000000000023,-0.1550039927522085,18.41748,0.6076040863990784,0.03284741063784262,0.03284746458704423,,3069.58,3044.37,-0.1550039927522085,41.0
SOL/USDT,xgb_primary,conservative,1m,2025-12-22 15:51:00+00:00,2025-12-22 15:46:00+00:00,2025-12-22 15:51:00+00:00,sell,False,dry_run,dry_run,,,True,0.5002435446,0.6844155788421631,0.48,0.44,take_profit,"take_profit,gate_close",0.02240000000000052,0.02061934000000052,8.903300000000002,0.6844155788421631,8.630158481092064,0.7842214641407603,8.9257,127.19,127.51,0.02061934000000052,5.0
BTC/USDT,xgb_primary,conservative,1m,2025-12-22 15:51:00+00:00,2025-12-22 15:09:00+00:00,2025-12-22 15:51:00+00:00,sell,False,pnl_block,pnl_block,,,False,0.6076040864,0.41829004883766174,0.56,0.45,prob_floor,"prob_floor,trailing_prob_drop",-0.07835399999999937,-0.08016147955066845,9.032354,0.41829004883766174,10.66142983370466,0.0011168192356881496,,90323.54,89540.0,-0.08016147955066845,42.0
ETH/USDT,xgb_primary,primary,1m,2025-12-22 15:52:00+00:00,2025-12-22 15:10:00+00:00,2025-12-22 15:52:00+00:00,sell,False,pnl_block,pnl_block,,,False,0.6076040864,0.565682053565979,0.48,0.43,gate_close,gate_close,-0.12654000000000087,-0.130283910991662,18.41748,0.565682053565979,,0.03280307168034811,,3069.58,3048.49,-0.130283910991662,42.0
BTC/USDT,xgb_primary,conservative,1m,2025-12-22 15:52:00+00:00,2025-12-22 15:09:00+00:00,2025-12-22 15:52:00+00:00,sell,False,pnl_block,pnl_block,,,False,0.6076040864,0.5002435445785522,0.56,0.45,trailing_prob_drop,trailing_prob_drop,-0.08165599999999977,-0.08346347992280828,9.032354,0.5002435445785522,8.281214174535913,0.0011172312428257107,,90323.54,89506.98,-0.08346347992280828,43.0
BTC/USDT,xgb_primary,conservative,1m,2025-12-22 15:53:00+00:00,2025-12-22 15:09:00+00:00,2025-12-22 15:53:00+00:00,sell,False,pnl_block,pnl_block,,,False,0.6076040864,0.6076040863990784,0.56,0.45,gate_close,gate_close,-0.07307699999999896,-0.07488447895651552,9.032354,0.6076040863990784,7.352499212910286,0.0011161614309592833,,90323.54,89592.77,-0.07488447895651552,44.0
ETH/USDT,xgb_primary,primary,1m,2025-12-22 15:54:00+00:00,2025-12-22 15:10:00+00:00,2025-12-22 15:54:00+00:00,sell,False,pnl_block,pnl_block,,,False,0.6076040864,0.6699029207229614,0.48,0.43,gate_close,gate_close,-0.1486199999999999,-0.1523034959999999,18.41748,0.6699029207229614,,,,3069.58,3044.81,-0.1523034959999999,44.0
BTC/USDT,xgb_primary,conservative,1m,2025-12-22 15:54:00+00:00,2025-12-22 15:09:00+00:00,2025-12-22 15:54:00+00:00,sell,False,pnl_block,pnl_block,,,False,0.6076040864,0.6076040863990784,0.56,0.45,gate_close,gate_close,-0.060546999999998664,-0.06235447754852679,9.032354,0.6076040863990784,9.575549455609883,0.0011146026031835067,,90323.54,89718.07,-0.06235447754852679,45.0
BTC/USDT,xgb_primary,conservative,1m,2025-12-22 15:55:00+00:00,2025-12-22 15:09:00+00:00,2025-12-22 15:55:00+00:00,sell,False,pnl_block,pnl_block,,,False,0.6076040864,0.6076040863990784,0.56,0.45,gate_close,gate_close,-0.05358199999999925,-0.05538947676757391,9.032354,0.6076040863990784,18.872738138613006,0.0011137379853160675,,90323.54,89787.72,-0.05538947676757391,46.0
ETH/USDT,xgb_primary,primary,1m,2025-12-22 15:55:00+00:00,2025-12-22 15:10:00+00:00,2025-12-22 15:55:00+00:00,sell,False,pnl_block,pnl_block,,,False,0.6076040864,0.41829004883766174,0.48,0.43,prob_floor,"prob_floor,trailing_prob_drop",-0.10235999999999967,-0.10893936413244387,18.41748,0.41829004883766174,,1.5723476460646044,,3069.58,3052.52,-0.10893936413244387,45.0
BTC/USDT,xgb_primary,conservative,1m,2025-12-22 15:56:00+00:00,2025-12-22 15:09:00+00:00,2025-12-22 15:56:00+00:00,sell,False,pnl_block,pnl_block,,,False,0.6076040864,0.6844155788421631,0.56,0.45,gate_close,gate_close,-0.04931299999999901,-0.051120476289508915,9.032354,0.6844155788421631,8.1959973818245,0.0011132087049538076,,90323.54,89830.41,-0.051120476289508915,47.0
ETH/USDT,xgb_primary,primary,1m,2025-12-22 15:56:00+00:00,2025-12-22 15:10:00+00:00,2025-12-22 15:56:00+00:00,sell,False,pnl_block,pnl_block,,,False,0.6076040864,0.6844155788421631,0.48,0.43,gate_close,gate_close,-0.0958199999999988,-0.09956380969376688,18.41748,0.6844155788421631,,0.03274807072850877,,3069.58,3053.61,-0.09956380969376688,46.0
SOL/USDT,xgb_primary,conservative,1m,2025-12-22 15:57:00+00:00,,2025-12-22 15:57:00+00:00,buy,True,dry_run,dry_run,,exchange_qty_step,True,0.6844155788421631,0.6844155788421631,,0.48,dry_run,,,,,0.6844155788421631,0.7813415634637578,,8.9593,,127.99,0.0,
ETH/USDT,xgb_primary,primary,1m,2025-12-22 15:58:00+00:00,2025-12-22 15:10:00+00:00,2025-12-22 15:58:00+00:00,sell,False,pnl_block,pnl_block,,,False,0.6076040864,0.6844155788421631,0.48,0.43,gate_close,gate_close,-0.11783999999999924,-0.1215838822692584,18.41748,0.6844155788421631,,0.03278747649470247,,3069.58,3049.94,-0.1215838822692584,48.0
SOL/USDT,xgb_primary,conservative,1m,2025-12-22 15:58:00+00:00,2025-12-22 15:57:00+00:00,2025-12-22 15:58:00+00:00,sell,False,min_hold,min_hold,,,False,0.6844155788,0.6844155788421631,0.48,0.44,gate_close,gate_close,0.008400000000001314,0.005908822980136986,8.9593,0.6844155788421631,16.40753183842439,0.7805487257534952,,127.99,128.11,0.005908822980136986,1.0
BTC/USDT,xgb_primary,conservative,1m,2025-12-22 15:58:00+00:00,2025-12-22 15:09:00+00:00,2025-12-22 15:58:00+00:00,sell,False,pnl_block,pnl_block,,,False,0.6076040864,0.6076040863990784,0.56,0.45,gate_close,gate_close,-0.059662999999999015,-0.07652846174060085,9.032354,0.6076040863990784,12.026670615755174,16.67227717226522,,90323.54,89726.91,-0.07652846174060085,49.0
SOL/USDT,xgb_primary,conservative,1m,2025-12-22 15:59:00+00:00,2025-12-22 15:57:00+00:00,2025-12-22 15:59:00+00:00,sell,True,min_hold,min_hold,,,False,0.6844155788,0.6844155788421631,0.48,0.44,take_profit,take_profit,0.02240000000000052,0.019909912980556818,8.9593,0.6844155788421631,,0.7793321123789818,,127.99,128.31,0.019909912980556818,2.0
ETH/USDT,xgb_primary,primary,1m,2025-12-22 15:59:00+00:00,2025-12-22 15:10:00+00:00,2025-12-22 15:59:00+00:00,sell,False,pnl_block,pnl_block,,,False,0.6076040864,0.6844155788421631,0.48,0.43,gate_close,gate_close,-0.08333999999999923,-0.08708376863846468,18.41748,0.6844155788421631,56.833257446468195,0.03272577924093711,,3069.58,3055.69,-0.08708376863846468,49.0
SOL/USDT,xgb_primary,conservative,1m,2025-12-22 16:00:00+00:00,2025-12-22 15:57:00+00:00,2025-12-22 16:00:00+00:00,sell,False,min_hold,min_hold,,,False,0.6844155788,0.6844155788421631,0.48,0.44,take_profit,"take_profit,gate_close",0.009100000000000677,0.006608877560976922,8.9593,0.6844155788421631,10.13882389642766,0.780487804877339,,127.99,128.12,0.006608877560976922,3.0
ETH/USDT,xgb_primary,primary,1m,2025-12-22 16:00:00+00:00,2025-12-22 15:10:00+00:00,2025-12-22 16:00:00+00:00,sell,False,pnl_block,pnl_block,,,False,0.6076040864,0.6844155788421631,0.48,0.43,gate_close,gate_close,-0.10859999999999946,-0.1123438517939803,18.41748,0.6844155788421631,10.17773399788484,0.032770929563027615,,3069.58,3051.48,-0.1123438517939803,50.0
BTC/USDT,xgb_primary,conservative,1m,2025-12-22 16:00:00+00:00,2025-12-22 15:09:00+00:00,2025-12-22 16:00:00+00:00,sell,False,pnl_block,pnl_block,,,False,0.6076040864,0.6844155788421631,0.56,0.45,gate_close,gate_close,-0.06002999999999884,-0.061837477490516476,9.032354,0.6844155788421631,16.663873030458777,0.0011145383779600604,,90323.54,89723.24,-0.061837477490516476,51.0
SOL/USDT,xgb_primary,conservative,1m,2025-12-22 16:01:00+00:00,2025-12-22 15:57:00+00:00,2025-12-22 16:01:00+00:00,sell,False,min_hold,min_hold,,,False,0.6844155788,0.6844155788421631,0.48,0.44,take_profit,"take_profit,gate_close",0.023800000000001237,0.02131002179374481,8.9593,0.6844155788421631,21.869874248223162,0.7792106596011147,,127.99,128.33,0.02131002179374481,4.0
BTC/USDT,xgb_primary,conservative,1m,2025-12-22 16:01:00+00:00,2025-12-22 15:09:00+00:00,2025-12-22 16:01:00+00:00,sell,False,pnl_block,pnl_block,,,False,0.6076040864,0.6076040863990784,0.56,0.45,gate_close,gate_close,-0.04531899999999878,-0.04712647584265108,9.032354,0.6076040863990784,18.442209189572882,0.0011127139750100362,,90323.54,89870.35,-0.04712647584265108,52.0
SOL/USDT,xgb_primary,conservative,1m,2025-12-22 16:02:00+00:00,2025-12-22 15:57:00+00:00,2025-12-22 16:02:00+00:00,sell,False,dry_run,dry_run,,,True,0.6844155788,0.6844155788421631,0.48,0.44,take_profit,"take_profit,gate_close",0.02240000000000052,0.02060814000000052,8.9593,0.6844155788421631,19.481025481181327,0.7793321123789818,8.981700000000002,127.99,128.31,0.02060814000000052,5.0
BTC/USDT,xgb_primary,conservative,1m,2025-12-22 16:02:00+00:00,2025-12-22 15:09:00+00:00,2025-12-22 16:02:00+00:00,sell,False,pnl_block,pnl_block,,,False,0.6076040864,0.6076040863990784,0.56,0.45,gate_close,gate_close,-0.04010099999999948,-0.04190847525944841,9.032354,0.6076040863990784,16.370247098152866,0.0011120682924209498,,90323.54,89922.53,-0.04190847525944841,53.0
ETH/USDT,xgb_primary,primary,1m,2025-12-22 16:02:00+00:00,2025-12-22 15:10:00+00:00,2025-12-22 16:02:00+00:00,sell,False,pnl_block,pnl_block,,,False,0.6076040864,0.6699029207229614,0.48,0.43,gate_close,gate_close,-0.09341999999999825,-0.0971638017941727,18.41748,0.6699029207229614,,0.03274378154581274,,3069.58,3054.01,-0.0971638017941727,52.0
ETH/USDT,xgb_primary,primary,1m,2025-12-22 16:03:00+00:00,2025-12-22 15:10:00+00:00,2025-12-22 16:03:00+00:00,sell,False,pnl_block,pnl_block,,,False,0.6076040864,0.6699029207229614,0.48,0.43,gate_close,gate_close,-0.08447999999999957,-0.08822377238639201,18.41748,0.6699029207229614,,0.03272781422454972,,3069.58,3055.5,-0.08822377238639201,53.0
SOL/USDT,xgb_primary,conservative,1m,2025-12-22 16:03:00+00:00,,2025-12-22 16:03:00+00:00,buy,True,cooldown_after_exit,cooldown_after_exit,cooldown_after_exit,,False,0.6844155788421631,0.6844155788421631,,0.48,cooldown_after_exit,,,,,0.6844155788421631,,,10.0,,128.12,0.0,
BTC/USDT,xgb_primary,conservative,1m,2025-12-22 16:03:00+00:00,2025-12-22 15:09:00+00:00,2025-12-22 16:03:00+00:00,sell,False,pnl_block,pnl_block,,,False,0.6076040864,0.6115108132362366,0.56,0.45,gate_close,gate_close,-0.04607999999999884,-0.04788747592776288,9.032354,0.6115108132362366,7.070529813769406,0.0011128082048641303,,90323.54,89862.74,-0.04788747592776288,54.0
BTC/USDT,xgb_primary,conservative,1m,2025-12-22 16:06:00+00:00,2025-12-22 15:09:00+00:00,2025-12-22 16:06:00+00:00,sell,False,pnl_block,pnl_block,,,False,0.6076040864,0.6076040863990784,0.56,0.45,gate_close,gate_close,-0.04741199999999954,-0.04921947607677179,9.032354,0.6076040863990784,20.06234148936438,0.0011129731764851374,,90323.54,89849.42,-0.04921947607677179,57.0
SOL/USDT,xgb_primary,conservative,1m,2025-12-22 16:08:00+00:00,,2025-12-22 16:08:00+00:00,buy,True,dry_run,dry_run,,exchange_qty_step,True,0.6076040863990784,0.6076040863990784,,0.48,dry_run,,,,,0.6076040863990784,0.7826257092549495,,8.944600000000001,,127.78,0.0,
SOL/USDT,xgb_primary,conservative,1m,2025-12-22 16:09:00+00:00,2025-12-22 16:08:00+00:00,2025-12-22 16:09:00+00:00,sell,True,min_hold,min_hold,,,False,0.6076040864,0.5878524780273438,0.48,0.44,take_profit,take_profit,0.009800000000000041,0.007311873433652215,8.944600000000001,0.5878524780273438,5.478165597119516,0.7817080320504292,,127.78,127.92,0.007311873433652215,1.0
BTC/USDT,xgb_primary,conservative,1m,2025-12-22 16:09:00+00:00,2025-12-22 15:09:00+00:00,2025-12-22 16:09:00+00:00,sell,False,pnl_block,pnl_block,,,False,0.6076040864,0.565682053565979,0.56,0.45,gate_close,gate_close,-0.05262099999999919,-0.054428476659916444,9.032354,0.565682053565979,9.805013927576601,0.0011136187944510059,,90323.54,89797.33,-0.054428476659916444,60.0
SOL/USDT,xgb_primary,conservative,1m,2025-12-22 16:10:00+00:00,2025-12-22 16:08:00+00:00,2025-12-22 16:10:00+00:00,sell,True,min_hold,min_hold,,,False,0.6076040864,0.5002435445785522,0.48,0.44,take_profit,take_profit,0.016800000000000637,0.014312419582114141,8.944600000000001,0.5002435445785522,6.253419838975416,0.7810974419051673,,127.78,128.02,0.014312419582114141,2.0
SOL/USDT,xgb_primary,conservative,1m,2025-12-22 16:11:00+00:00,2025-12-22 16:08:00+00:00,2025-12-22 16:11:00+00:00,sell,False,min_hold,min_hold,,,False,0.6076040864,0.41829004883766174,0.48,0.44,take_profit,"take_profit,prob_floor,trailing_prob_drop",0.012599999999999483,0.010112091995466636,8.944600000000001,0.41829004883766174,7.0312500000002665,0.7814636814758033,,127.78,127.96,0.010112091995466636,3.0
BTC/USDT,xgb_primary,conservative,1m,2025-12-22 16:11:00+00:00,2025-12-22 15:09:00+00:00,2025-12-22 16:11:00+00:00,sell,False,pnl_block,pnl_block,,,False,0.6076040864,0.5002435445785522,0.56,0.45,trailing_prob_drop,trailing_prob_drop,-0.04155099999999948,-0.04335847542144352,9.032354,0.5002435445785522,15.919411619968914,0.0011122476422448016,,90323.54,89908.03,-0.04335847542144352,62.0
SOL/USDT,xgb_primary,conservative,1m,2025-12-22 16:12:00+00:00,2025-12-22 16:08:00+00:00,2025-12-22 16:12:00+00:00,sell,False,min_hold,min_hold,,,False,0.6076040864,0.41829004883766174,0.48,0.44,take_profit,"take_profit,prob_floor,trailing_prob_drop",0.013299999999999841,0.010812146614572643,8.944600000000001,0.41829004883766174,7.034547444114695,0.7814026176991691,,127.78,127.97,0.010812146614572643,4.0
BTC/USDT,xgb_primary,conservative,1m,2025-12-22 16:12:00+00:00,2025-12-22 15:09:00+00:00,2025-12-22 16:12:00+00:00,sell,False,pnl_block,pnl_block,,,False,0.6076040864,0.5002435445785522,0.56,0.45,trailing_prob_drop,trailing_prob_drop,-0.038421999999998666,-0.04022947507193369,9.032354,0.5002435445785522,4.878935435421136,0.0011118606899441716,,90323.54,89939.32,-0.04022947507193369,63.0
SOL/USDT,xgb_primary,conservative,1m,2025-12-22 16:13:00+00:00,2025-12-22 16:08:00+00:00,2025-12-22 16:13:00+00:00,sell,True,dry_run,dry_run,,,True,0.6076040864,0.5002435445785522,0.48,0.44,take_profit,take_profit,0.009800000000000041,0.008011080000000042,8.944600000000001,0.5002435445785522,0.7817080320504292,0.7817080320504292,8.954400000000001,127.78,127.92,0.008011080000000042,5.0
BTC/USDT,xgb_primary,conservative,1m,2025-12-22 16:14:00+00:00,2025-12-22 15:09:00+00:00,2025-12-22 16:14:00+00:00,sell,False,pnl_block,pnl_block,,,False,0.6076040864,0.565682053565979,0.56,0.45,gate_close,gate_close,-0.03294899999999907,-0.03475647446118483,9.032354,0.565682053565979,11.872071500038599,0.0011111845104391964,,90323.54,89994.05,-0.03475647446118483,65.0
BTC/USDT,xgb_primary,conservative,1m,2025-12-22 16:15:00+00:00,2025-12-22 15:09:00+00:00,2025-12-22 16:15:00+00:00,sell,False,pnl_block,pnl_block,,,False,0.6076040864,0.5002435445785522,0.56,0.45,trailing_prob_drop,trailing_prob_drop,-0.032763999999999946,-0.034571474440555416,9.032354,0.5002435445785522,16.03258577211099,0.001111161670001899,,90323.54,89995.9,-0.034571474440555416,66.0
BTC/USDT,xgb_primary,conservative,1m,2025-12-22 16:17:00+00:00,2025-12-22 15:09:00+00:00,2025-12-22 16:17:00+00:00,sell,False,pnl_block,pnl_block,,,False,0.6076040864,0.5002435445785522,0.56,0.45,trailing_prob_drop,trailing_prob_drop,-0.04268899999999994,-0.04449647554862028,9.032354,0.5002435445785522,7.158242289659171,0.0011123884430753544,,90323.54,89896.65,-0.04449647554862028,68.0
BTC/USDT,xgb_primary,conservative,1m,2025-12-22 16:18:00+00:00,2025-12-22 15:09:00+00:00,2025-12-22 16:18:00+00:00,sell,False,pnl_block,pnl_block,,,False,0.6076040864,0.4742901027202606,0.56,0.45,trailing_prob_drop,trailing_prob_drop,-0.03668699999999954,-0.03849447487824001,9.032354,0.4742901027202606,9.091551242455695,0.0011116462446795984,,90323.54,89956.67,-0.03849447487824001,69.0
BTC/USDT,xgb_primary,conservative,1m,2025-12-22 16:19:00+00:00,2025-12-22 15:09:00+00:00,2025-12-22 16:19:00+00:00,sell,False,pnl_block,pnl_block,,,False,0.6076040864,0.5002435445785522,0.56,0.45,trailing_prob_drop,trailing_prob_drop,-0.027491999999999826,-0.029299473852962422,9.032354,0.5002435445785522,11.028641786245542,0.0011105111276616634,,90323.54,90048.62,-0.029299473852962422,70.0
BTC/USDT,xgb_primary,conservative,1m,2025-12-22 16:20:00+00:00,2025-12-22 15:09:00+00:00,2025-12-22 16:20:00+00:00,sell,False,pnl_block,pnl_block,,,False,0.6076040864,0.6076040863990784,0.56,0.45,gate_close,gate_close,-0.029108999999999653,-0.030916474033112467,9.032354,0.6076040863990784,10.599418492248219,0.0011107105775704134,,90323.54,90032.45,-0.030916474033112467,71.0
SOL/USDT,xgb_primary,conservative,1m,2025-12-22 16:21:00+00:00,,2025-12-22 16:21:00+00:00,buy,True,dry_run,dry_run,,exchange_qty_step,True,0.5878524780273438,0.5878524780273438,,0.48,dry_run,,,,,0.5878524780273438,0.7814026176991691,,8.9586,,127.98,0.0,
SOL/USDT,xgb_primary,conservative,1m,2025-12-22 16:22:00+00:00,2025-12-22 16:21:00+00:00,2025-12-22 16:22:00+00:00,sell,False,min_hold,min_hold,,,False,0.587852478,0.5002435445785522,0.48,0.44,gate_close,gate_close,0.0,-0.002491692653044642,8.9586,0.5002435445785522,8.593750000001066,0.7813415634637578,,127.98,127.98,-0.002491692653044642,1.0
BTC/USDT,xgb_primary,conservative,1m,2025-12-22 16:22:00+00:00,2025-12-22 15:09:00+00:00,2025-12-22 16:22:00+00:00,sell,False,pnl_block,pnl_block,,,False,0.6076040864,0.5002435445785522,0.56,0.45,trailing_prob_drop,trailing_prob_drop,-0.03775499999999884,-0.03956247499746147,9.032354,0.5002435445785522,9.389869702495487,0.001111778239238035,,90323.54,89945.99,-0.03956247499746147,73.0
SOL/USDT,xgb_primary,conservative,1m,2025-12-22 16:25:00+00:00,2025-12-22 16:21:00+00:00,2025-12-22 16:25:00+00:00,sell,False,min_hold,min_hold,,,False,0.587852478,0.565682053565979,0.48,0.44,take_profit,"take_profit,gate_close",0.011199999999998768,0.008709181322717773,8.9586,0.565682053565979,7.026309626044454,0.7803659916515922,,127.98,128.14,0.008709181322717773,4.0
SOL/USDT,xgb_primary,conservative,1m,2025-12-22 16:26:00+00:00,2025-12-22 16:21:00+00:00,2025-12-22 16:26:00+00:00,sell,False,dry_run,dry_run,,,True,0.587852478,0.5002435445785522,0.48,0.44,take_profit,"take_profit,gate_close",0.01610000000000028,0.01430828000000028,8.9586,0.5002435445785522,12.485368708544408,0.7799399446235545,8.974700000000002,127.98,128.21,0.01430828000000028,5.0
BTC/USDT,xgb_primary,conservative,1m,2025-12-22 16:27:00+00:00,2025-12-22 15:09:00+00:00,2025-12-22 16:27:00+00:00,sell,False,pnl_block,pnl_block,,,False,0.6076040864,0.565682053565979,0.56,0.45,gate_close,gate_close,-0.022471999999998663,-0.024279473294092815,9.032354,0.565682053565979,8.036316374723965,0.00110989238702739,,90323.54,90098.82,-0.024279473294092815,78.0
BTC/USDT,xgb_primary,conservative,1m,2025-12-22 16:28:00+00:00,2025-12-22 15:09:00+00:00,2025-12-22 16:28:00+00:00,sell,False,pnl_block,pnl_block,,,False,0.6076040864,0.565682053565979,0.56,0.45,gate_close,gate_close,-0.023948999999999068,-0.025756473458460133,9.032354,0.565682053565979,8.593896280340994,0.0011100743627450286,,90323.54,90084.05,-0.025756473458460133,79.0
SOL/USDT,xgb_primary,conservative,1m,2025-12-22 16:29:00+00:00,,2025-12-22 16:29:00+00:00,buy,True,dry_run,dry_run,,exchange_qty_step,True,0.6076040863990784,0.6076040863990784,,0.48,dry_run,,,,,0.6076040863990784,0.7804268935100407,,8.9698,,128.14,0.0,
SOL/USDT,xgb_primary,conservative,1m,2025-12-22 16:30:00+00:00,2025-12-22 16:29:00+00:00,2025-12-22 16:30:00+00:00,sell,False,min_hold,min_hold,,,False,0.6076040864,0.5002435445785522,0.48,0.44,gate_close,gate_close,-0.022399999999999524,-0.024895685014668375,8.9698,0.5002435445785522,8.585030828066312,0.7823195775478284,,128.14,127.82,-0.024895685014668375,1.0
BTC/USDT,xgb_primary,conservative,1m,2025-12-22 16:30:00+00:00,2025-12-22 15:09:00+00:00,2025-12-22 16:30:00+00:00,sell,False,pnl_block,pnl_block,,,False,0.6076040864,0.5002435445785522,0.56,0.45,trailing_prob_drop,trailing_prob_drop,-0.04955599999999977,-0.051363476316711336,9.032354,0.5002435445785522,11.34226845369048,0.0011132388207654024,,90323.54,89827.98,-0.051363476316711336,81.0
SOL/USDT,xgb_primary,conservative,1m,2025-12-22 16:31:00+00:00,2025-12-22 16:29:00+00:00,2025-12-22 16:31:00+00:00,sell,False,min_hold,min_hold,,,False,0.6076040864,0.41829004883766174,0.48,0.44,prob_floor,"prob_floor,trailing_prob_drop",-0.029399999999999128,-0.03189623441769375,8.9698,0.41829004883766174,14.849550605704065,0.7829320806424048,,128.14,127.72,-0.03189623441769375,2.0
BTC/USDT,xgb_primary,conservative,1m,2025-12-22 16:32:00+00:00,2025-12-22 15:09:00+00:00,2025-12-22 16:32:00+00:00,sell,False,pnl_block,pnl_block,,,False,0.6076040864,0.41829004883766174,0.56,0.45,prob_floor,"prob_floor,trailing_prob_drop",-0.06381199999999954,-0.0656194779150347,9.032354,0.41829004883766174,11.36252481339738,0.0011150083745225393,,90323.54,89685.42,-0.0656194779150347,83.0
SOL/USDT,xgb_primary,conservative,1m,2025-12-22 16:32:00+00:00,2025-12-22 16:29:00+00:00,2025-12-22 16:32:00+00:00,sell,False,min_hold,min_hold,,,False,0.6076040864,0.41829004883766174,0.48,0.44,prob_floor,"prob_floor,trailing_prob_drop",-0.03289999999999893,-0.03539650944194172,8.9698,0.41829004883766174,11.74444096461053,0.783238691991785,,128.14,127.67,-0.03539650944194172,3.0
ETH/USDT,xgb_primary,primary,1m,2025-12-22 16:32:00+00:00,2025-12-22 15:10:00+00:00,2025-12-22 16:32:00+00:00,sell,False,pnl_block,pnl_block,,,False,0.6076040864,0.41829004883766174,0.48,0.43,prob_floor,"prob_floor,trailing_prob_drop",-0.1457399999999998,-0.1494839744758138,18.41748,0.41829004883766174,13.819862523552972,0.0328375411913075,,3069.58,3045.29,-0.1494839744758138,82.0
SOL/USDT,xgb_primary,conservative,1m,2025-12-22 16:33:00+00:00,2025-12-22 16:29:00+00:00,2025-12-22 16:33:00+00:00,sell,False,min_hold,min_hold,,,False,0.6076040864,0.41829004883766174,0.48,0.44,prob_floor,"prob_floor,trailing_prob_drop",-0.029399999999999128,-0.03189623441769375,8.9698,0.41829004883766174,9.39849624060186,0.7829320806424048,,128.14,127.72,-0.03189623441769375,4.0
BTC/USDT,xgb_primary,conservative,1m,2025-12-22 16:33:00+00:00,2025-12-22 15:09:00+00:00,2025-12-22 16:33:00+00:00,sell,False,pnl_block,pnl_block,,,False,0.6076040864,0.41829004883766174,0.56,0.45,prob_floor,"prob_floor,trailing_prob_drop",-0.062362999999999016,-0.06417047775234622,9.032354,0.41829004883766174,9.621406732398803,0.001114828257614437,,90323.54,89699.91,-0.06417047775234622,84.0
ETH/USDT,xgb_primary,primary,1m,2025-12-22 16:34:00+00:00,2025-12-22 15:10:00+00:00,2025-12-22 16:34:00+00:00,sell,False,pnl_block,pnl_block,,,False,0.6076040864,0.41829004883766174,0.48,0.43,prob_floor,"prob_floor,trailing_prob_drop",-0.14328000000000066,-0.14702396633445655,18.41748,0.41829004883766174,,0.03283312073959323,,3069.58,3045.7,-0.14702396633445655,84.0
BTC/USDT,xgb_primary,conservative,1m,2025-12-22 16:34:00+00:00,2025-12-22 15:09:00+00:00,2025-12-22 16:34:00+00:00,sell,False,pnl_block,pnl_block,,,False,0.6076040864,0.41829004883766174,0.56,0.45,prob_floor,"prob_floor,trailing_prob_drop",-0.07498399999999965,-0.07679147917115148,9.032354,0.41829004883766174,3.157193803205263,0.0011163990603395523,,90323.54,89573.7,-0.07679147917115148,85.0
SOL/USDT,xgb_primary,conservative,1m,2025-12-22 16:35:00+00:00,2025-12-22 16:29:00+00:00,2025-12-22 16:35:00+00:00,sell,False,pnl_block,pnl_block,,,False,0.6076040864,0.41829004883766174,0.48,0.44,prob_floor,"prob_floor,trailing_prob_drop",-0.03849999999999881,-0.04099694992907063,8.9698,0.41829004883766174,,0.7837297699745998,,128.14,127.59,-0.04099694992907063,6.0
ETH/USDT,xgb_primary,primary,1m,2025-12-22 16:35:00+00:00,2025-12-22 15:10:00+00:00,2025-12-22 16:35:00+00:00,sell,False,pnl_block,pnl_block,,,False,0.6076040864,0.4007633626461029,0.48,0.43,prob_floor,"prob_floor,trailing_prob_drop",-0.17016000000000076,-0.17390405541273873,18.41748,0.4007633626461029,,0.032881486901555394,,3069.58,3041.22,-0.17390405541273873,85.0
BTC/USDT,xgb_primary,conservative,1m,2025-12-22 16:35:00+00:00,2025-12-22 15:09:00+00:00,2025-12-22 16:35:00+00:00,sell,False,pnl_block,pnl_block,,,False,0.6076040864,0.41829004883766174,0.56,0.45,prob_floor,"prob_floor,trailing_prob_drop",-0.06381199999999954,-0.0656194779150347,9.032354,0.41829004883766174,13.60936685242321,0.0011150083745225393,,90323.54,89685.42,-0.0656194779150347,86.0
SOL/USDT,xgb_primary,conservative,1m,2025-12-22 16:36:00+00:00,2025-12-22 16:29:00+00:00,2025-12-22 16:36:00+00:00,sell,False,pnl_block,pnl_block,,,False,0.6076040864,0.3952261805534363,0.48,0.44,prob_floor,"prob_floor,trailing_prob_drop",-0.039899999999999526,-0.0423970601371741,8.9698,0.3952261805534363,21.135029354207123,0.7838526357048887,,128.14,127.57,-0.0423970601371741,7.0
BTC/USDT,xgb_primary,conservative,1m,2025-12-22 16:36:00+00:00,2025-12-22 15:09:00+00:00,2025-12-22 16:36:00+00:00,sell,False,pnl_block,pnl_block,,,False,0.6076040864,0.41829004883766174,0.56,0.45,prob_floor,"prob_floor,trailing_prob_drop",-0.06984699999999866,-0.07165447859318548,9.032354,0.41829004883766174,12.45798788052819,0.0011157591773018108,,90323.54,89625.07,-0.07165447859318548,87.0
ETH/USDT,xgb_primary,primary,1m,2025-12-22 16:37:00+00:00,2025-12-22 15:10:00+00:00,2025-12-22 16:37:00+00:00,sell,False,pnl_block,pnl_block,,,False,0.6076040864,0.41829004883766174,0.48,0.43,prob_floor,"prob_floor,trailing_prob_drop",-0.15714000000000033,-0.16088401223269574,18.41748,0.41829004883766174,,0.032858041760002496,,3069.58,3043.39,-0.16088401223269574,87.0
SOL/USDT,xgb_primary,conservative,1m,2025-12-22 16:37:00+00:00,2025-12-22 16:29:00+00:00,2025-12-22 16:37:00+00:00,sell,False,pnl_block,pnl_block,,,False,0.6076040864,0.4007633626461029,0.48,0.44,prob_floor,"prob_floor,trailing_prob_drop",-0.03499999999999901,-0.037496674559911625,8.9698,0.4007633626461029,14.108794481894249,0.7834227741004439,,128.14,127.64,-0.037496674559911625,8.0
BTC/USDT,xgb_primary,conservative,1m,2025-12-22 16:37:00+00:00,2025-12-22 15:09:00+00:00,2025-12-22 16:37:00+00:00,sell,False,pnl_block,pnl_block,,,False,0.6076040864,0.3245033025741577,0.56,0.45,prob_floor,"prob_floor,trailing_prob_drop",-0.06876399999999995,-0.07057147847142452,9.032354,0.3245033025741577,6.774917319117307,0.001115624370536921,,90323.54,89635.9,-0.07057147847142452,88.0
BTC/USDT,xgb_primary,conservative,1m,2025-12-22 16:38:00+00:00,2025-12-22 15:09:00+00:00,2025-12-22 16:38:00+00:00,sell,False,pnl_block,pnl_block,,,False,0.6076040864,0.3396226465702057,0.56,0.45,prob_floor,"prob_floor,trailing_prob_drop",-0.06708399999999966,-0.06889147828259691,9.032354,0.3396226465702057,3.482187750817524,0.0011154153139398555,,90323.54,89652.7,-0.06889147828259691,89.0
ETH/USDT,xgb_primary,primary,1m,2025-12-22 16:38:00+00:00,2025-12-22 15:10:00+00:00,2025-12-22 16:38:00+00:00,sell,False,pnl_block,pnl_block,,,False,0.6076040864,0.3396226465702057,0.48,0.43,prob_floor,"prob_floor,trailing_prob_drop",-0.1604399999999987,-0.16418402317111508,18.41748,0.3396226465702057,,0.03286398091182276,,3069.58,3042.84,-0.16418402317111508,88.0
SOL/USDT,xgb_primary,conservative,1m,2025-12-22 16:38:00+00:00,2025-12-22 16:29:00+00:00,2025-12-22 16:38:00+00:00,sell,False,pnl_block,pnl_block,,,False,0.6076040864,0.4007633626461029,0.48,0.44,prob_floor,"prob_floor,trailing_prob_drop",-0.03499999999999901,-0.037496674559911625,8.9698,0.4007633626461029,14.884449667058185,0.7834227741004439,,128.14,127.64,-0.037496674559911625,9.0
SOL/USDT,xgb_primary,conservative,1m,2025-12-22 16:39:00+00:00,2025-12-22 16:29:00+00:00,2025-12-22 16:39:00+00:00,sell,False,pnl_block,pnl_block,,,False,0.6076040864,0.4007633626461029,0.48,0.44,prob_floor,"prob_floor,trailing_prob_drop",-0.022399999999999524,-0.024895685014668375,8.9698,0.4007633626461029,14.093329157532635,0.7823195775478284,,128.14,127.82,-0.024895685014668375,10.0
ETH/USDT,xgb_primary,primary,1m,2025-12-22 16:40:00+00:00,2025-12-22 15:10:00+00:00,2025-12-22 16:40:00+00:00,sell,False,dry_run,dry_run,,,True,0.6076040864,0.41829004883766174,0.48,0.43,time_limit,"time_exit,prob_floor,trailing_prob_drop",-0.14004000000000089,-0.1437234960000009,18.41748,0.41829004883766174,0.0328273004969012,0.0328273004969012,18.27744,3069.58,3046.24,-0.1437234960000009,90.0
BTC/USDT,xgb_primary,conservative,1m,2025-12-22 16:40:00+00:00,2025-12-22 15:09:00+00:00,2025-12-22 16:40:00+00:00,sell,False,dry_run,dry_run,,,True,0.6076040864,0.3731343150138855,0.56,0.45,time_limit,"time_exit,prob_floor,trailing_prob_drop",-0.058576999999998956,-0.06038347079999896,9.032354,0.3731343150138855,0.0011143579161352409,0.0011143579161352409,8.973777,90323.54,89737.77,-0.06038347079999896,91.0
SOL/USDT,xgb_primary,conservative,1m,2025-12-22 16:40:00+00:00,2025-12-22 16:29:00+00:00,2025-12-22 16:40:00+00:00,sell,False,pnl_block,pnl_block,,,False,0.6076040864,0.4007633626461029,0.48,0.44,prob_floor,"prob_floor,trailing_prob_drop",-0.027999999999999407,-0.031198233972602865,8.9698,0.4007633626461029,14.082303238929168,1.5655577299420926,,128.14,127.74,-0.031198233972602865,11.0
SOL/USDT,xgb_primary,conservative,1m,2025-12-22 16:41:00+00:00,2025-12-22 16:29:00+00:00,2025-12-22 16:41:00+00:00,sell,False,pnl_block,pnl_block,,,False,0.6076040864,0.41829004883766174,0.48,0.44,prob_floor,"prob_floor,trailing_prob_drop",-0.037799999999999445,-0.040296894837976376,8.9698,0.41829004883766174,1.564822783819421,0.7836683515540234,,128.14,127.6,-0.040296894837976376,12.0
SOL/USDT,xgb_primary,conservative,1m,2025-12-22 16:42:00+00:00,2025-12-22 16:29:00+00:00,2025-12-22 16:42:00+00:00,sell,False,pnl_block,pnl_block,,,False,0.6076040864,0.3245033025741577,0.48,0.44,prob_floor,"prob_floor,trailing_prob_drop",-0.035699999999999364,-0.03819672961648423,8.9698,0.3245033025741577,10.18489501723562,0.7834841540333856,,128.14,127.63,-0.03819672961648423,13.0
SOL/USDT,xgb_primary,conservative,1m,2025-12-22 16:43:00+00:00,2025-12-22 16:29:00+00:00,2025-12-22 16:43:00+00:00,sell,False,pnl_block,pnl_block,,,False,0.6076040864,0.3245033025741577,0.48,0.44,prob_floor,"prob_floor,trailing_prob_drop",-0.04269999999999897,-0.04519728065707385,8.9698,0.3245033025741577,0.7834534628647067,0.7840984827698371,,128.14,127.53,-0.04519728065707385,14.0
SOL/USDT,xgb_primary,conservative,1m,2025-12-22 16:44:00+00:00,2025-12-22 16:29:00+00:00,2025-12-22 16:44:00+00:00,sell,False,pnl_block,pnl_block,,,False,0.6076040864,0.3191489577293396,0.48,0.44,prob_floor,"prob_floor,trailing_prob_drop",-0.04549999999999941,-0.04799750131534547,8.9698,0.3191489577293396,7.056609691076463,0.7843444840978168,,128.14,127.49,-0.04799750131534547,15.0
SOL/USDT,xgb_primary,conservative,1m,2025-12-22 16:45:00+00:00,2025-12-22 16:29:00+00:00,2025-12-22 16:45:00+00:00,sell,False,pnl_block,pnl_block,,,False,0.6076040864,0.3396226465702057,0.48,0.44,prob_floor,"prob_floor,trailing_prob_drop",-0.04129999999999925,-0.043797170379835756,8.9698,0.3396226465702057,3.9215686274507573,0.7839755399635543,,128.14,127.55,-0.043797170379835756,16.0
SOL/USDT,xgb_primary,conservative,1m,2025-12-22 16:46:00+00:00,2025-12-22 16:29:00+00:00,2025-12-22 16:46:00+00:00,sell,False,pnl_block,pnl_block,,,False,0.6076040864,0.41829004883766174,0.48,0.44,prob_floor,"prob_floor,trailing_prob_drop",-0.04269999999999897,-0.04519728065707385,8.9698,0.41829004883766174,,0.7840984827698371,,128.14,127.53,-0.04519728065707385,17.0
SOL/USDT,xgb_primary,conservative,1m,2025-12-22 16:47:00+00:00,2025-12-22 16:29:00+00:00,2025-12-22 16:47:00+00:00,sell,False,pnl_block,pnl_block,,,False,0.6076040864,0.41829004883766174,0.48,0.44,prob_floor,"prob_floor,trailing_prob_drop",-0.055999999999998815,-0.05849833001845198,8.9698,0.41829004883766174,5.488474204170705,0.7852683654631831,,128.14,127.34,-0.05849833001845198,18.0
SOL/USDT,xgb_primary,conservative,1m,2025-12-22 16:48:00+00:00,2025-12-22 16:29:00+00:00,2025-12-22 16:48:00+00:00,sell,False,pnl_block,pnl_block,,,False,0.6076040864,0.39150944352149963,0.48,0.44,prob_floor,"prob_floor,trailing_prob_drop",-0.06089999999999933,-0.06339871741504585,8.9698,0.39150944352149963,10.994188785927482,0.7857002553529848,,128.14,127.27,-0.06339871741504585,19.0
SOL/USDT,xgb_primary,conservative,1m,2025-12-22 16:49:00+00:00,2025-12-22 16:29:00+00:00,2025-12-22 16:49:00+00:00,sell,False,pnl_block,pnl_block,,,False,0.6076040864,0.3396226465702057,0.48,0.44,prob_floor,"prob_floor,trailing_prob_drop",-0.0629999999999994,-0.06549888357263522,8.9698,0.3396226465702057,3.1419370041624415,0.7858854964835644,,128.14,127.24,-0.06549888357263522,20.0
ETH/USDT,xgb_primary,primary,1m,2025-12-22 16:50:00+00:00,,2025-12-22 16:50:00+00:00,buy,True,dry_run,dry_run,,exchange_qty_step,True,0.565682053565979,0.565682053565979,,0.48,dry_run,,,,,0.565682053565979,0.03285404753574448,,18.262620000000002,,3043.77,0.0,
SOL/USDT,xgb_primary,conservative,1m,2025-12-22 16:50:00+00:00,2025-12-22 16:29:00+00:00,2025-12-22 16:50:00+00:00,sell,False,pnl_block,pnl_block,,,False,0.6076040864,0.41829004883766174,0.48,0.44,prob_floor,"prob_floor,trailing_prob_drop",-0.0629999999999994,-0.06549888357263522,8.9698,0.41829004883766174,2.357563850687712,0.7858854964835644,,128.14,127.24,-0.06549888357263522,21.0
SOL/USDT,xgb_primary,conservative,1m,2025-12-22 16:51:00+00:00,2025-12-22 16:29:00+00:00,2025-12-22 16:51:00+00:00,sell,False,pnl_block,pnl_block,,,False,0.6076040864,0.3245033025741577,0.48,0.44,prob_floor,"prob_floor,trailing_prob_drop",-0.053899999999998734,-0.05639816412168602,8.9698,0.3245033025741577,6.2838740083259985,0.7850834151121416,,128.14,127.37,-0.05639816412168602,22.0
ETH/USDT,xgb_primary,primary,1m,2025-12-22 16:52:00+00:00,2025-12-22 16:50:00+00:00,2025-12-22 16:52:00+00:00,sell,True,min_hold,min_hold,,,False,0.5656820536,0.565682053565979,0.48,0.43,take_profit,take_profit,0.02988000000000011,0.026167574105618964,18.262620000000002,0.565682053565979,,0.032800274211008354,,3043.77,3048.75,0.026167574105618964,2.0
SOL/USDT,xgb_primary,conservative,1m,2025-12-22 16:52:00+00:00,2025-12-22 16:29:00+00:00,2025-12-22 16:52:00+00:00,sell,False,pnl_block,pnl_block,,,False,0.6076040864,0.41829004883766174,0.48,0.44,prob_floor,"prob_floor,trailing_prob_drop",-0.05879999999999925,-0.06129855133576804,8.9698,0.41829004883766174,0.7854225573362486,0.7855151015282287,,128.14,127.3,-0.06129855133576804,23.0
SOL/USDT,xgb_primary,conservative,1m,2025-12-22 16:53:00+00:00,2025-12-22 16:29:00+00:00,2025-12-22 16:53:00+00:00,sell,False,pnl_block,pnl_block,,,False,0.6076040864,0.39150944352149963,0.48,0.44,prob_floor,"prob_floor,trailing_prob_drop",-0.06719999999999858,-0.06969921612296842,8.9698,0.39150944352149963,5.49838975728483,0.7862562409081971,,128.14,127.18,-0.06969921612296842,24.0
SOL/USDT,xgb_primary,conservative,1m,2025-12-22 16:54:00+00:00,2025-12-22 16:29:00+00:00,2025-12-22 16:54:00+00:00,sell,False,pnl_block,pnl_block,,,False,0.6076040864,0.3245033025741577,0.48,0.44,prob_floor,"prob_floor,trailing_prob_drop",-0.0629999999999994,-0.06549888357263522,8.9698,0.3245033025741577,2.3584905660378253,0.7858854964835644,,128.14,127.24,-0.06549888357263522,25.0
SOL/USDT,xgb_primary,conservative,1m,2025-12-22 16:55:00+00:00,2025-12-22 16:29:00+00:00,2025-12-22 16:55:00+00:00,sell,False,pnl_block,pnl_block,,,False,0.6076040864,0.3245033025741577,0.48,0.44,prob_floor,"prob_floor,trailing_prob_drop",-0.06159999999999869,-0.06409877279220329,8.9698,0.3245033025741577,3.929581892486416,0.7857619926916988,,128.14,127.26,-0.06409877279220329,26.0
ETH/USDT,xgb_primary,primary,1m,2025-12-22 16:55:00+00:00,2025-12-22 16:50:00+00:00,2025-12-22 16:55:00+00:00,sell,False,min_hold,min_hold,,,False,0.5656820536,0.41829004883766174,0.48,0.43,prob_floor,"prob_floor,trailing_prob_drop",-0.006479999999999563,-0.010192545198310825,18.262620000000002,0.41829004883766174,6.509838733540525,0.03286560105355132,,3043.77,3042.69,-0.010192545198310825,5.0
SOL/USDT,xgb_primary,conservative,1m,2025-12-22 16:56:00+00:00,2025-12-22 16:29:00+00:00,2025-12-22 16:56:00+00:00,sell,False,pnl_block,pnl_block,,,False,0.6076040864,0.3245033025741577,0.48,0.44,prob_floor,"prob_floor,trailing_prob_drop",-0.06719999999999858,-0.06969921612296842,8.9698,0.3245033025741577,3.9286556140486493,0.7862562409081971,,128.14,127.18,-0.06969921612296842,27.0
SOL/USDT,xgb_primary,conservative,1m,2025-12-22 16:57:00+00:00,2025-12-22 16:29:00+00:00,2025-12-22 16:57:00+00:00,sell,False,pnl_block,pnl_block,,,False,0.6076040864,0.3245033025741577,0.48,0.44,prob_floor,"prob_floor,trailing_prob_drop",-0.06439999999999912,-0.06689899438789494,8.9698,0.3245033025741577,2.3584905660378253,0.7860090391043519,,128.14,127.22,-0.06689899438789494,28.0
SOL/USDT,xgb_primary,conservative,1m,2025-12-22 16:58:00+00:00,2025-12-22 16:29:00+00:00,2025-12-22 16:58:00+00:00,sell,False,pnl_block,pnl_block,,,False,0.6076040864,0.3245033025741577,0.48,0.44,prob_floor,"prob_floor,trailing_prob_drop",-0.06369999999999877,-0.06619893897590885,8.9698,0.3245033025741577,3.9298907490369532,0.785947262937942,,128.14,127.23,-0.06619893897590885,29.0
SOL/USDT,xgb_primary,conservative,1m,2025-12-22 16:59:00+00:00,2025-12-22 16:29:00+00:00,2025-12-22 16:59:00+00:00,sell,False,pnl_block,pnl_block,,,False,0.6076040864,0.41829004883766174,0.48,0.44,prob_floor,"prob_floor,trailing_prob_drop",-0.06579999999999885,-0.06829910523799985,8.9698,0.41829004883766174,,0.7861326205723757,,128.14,127.2,-0.06829910523799985,30.0
SOL/USDT,xgb_primary,conservative,1m,2025-12-22 17:00:00+00:00,2025-12-22 16:29:00+00:00,2025-12-22 17:00:00+00:00,sell,False,pnl_block,pnl_block,,,False,0.6076040864,0.41829004883766174,0.48,0.44,prob_floor,"prob_floor,trailing_prob_drop",-0.06579999999999885,-0.06829910523799985,8.9698,0.41829004883766174,4.716981132074533,0.7861326205723757,,128.14,127.2,-0.06829910523799985,31.0
SOL/USDT,xgb_primary,conservative,1m,2025-12-22 17:01:00+00:00,2025-12-22 16:29:00+00:00,2025-12-22 17:01:00+00:00,sell,False,pnl_block,pnl_block,,,False,0.6076040864,0.37037035822868347,0.48,0.44,prob_floor,"prob_floor,trailing_prob_drop",-0.06789999999999893,-0.0703992715785328,8.9698,0.37037035822868347,0.786348981678471,0.7863180656579607,,128.14,127.17,-0.0703992715785328,32.0
SOL/USDT,xgb_primary,conservative,1m,2025-12-22 17:02:00+00:00,2025-12-22 16:29:00+00:00,2025-12-22 17:02:00+00:00,sell,False,pnl_block,pnl_block,,,False,0.6076040864,0.41829004883766174,0.48,0.44,prob_floor,"prob_floor,trailing_prob_drop",-0.07489999999999954,-0.07739982661420411,8.9698,0.41829004883766174,,0.7869368483183252,,128.14,127.07,-0.07739982661420411,33.0
SOL/USDT,xgb_primary,conservative,1m,2025-12-22 17:03:00+00:00,2025-12-22 16:29:00+00:00,2025-12-22 17:03:00+00:00,sell,False,pnl_block,pnl_block,,,False,0.6076040864,0.41829004883766174,0.48,0.44,prob_floor,"prob_floor,trailing_prob_drop",-0.07559999999999889,-0.0780998821658189,8.9698,0.41829004883766174,5.508341202392776,0.7869987801511751,,128.14,127.06,-0.0780998821658189,34.0
ETH/USDT,xgb_primary,primary,1m,2025-12-22 17:04:00+00:00,2025-12-22 16:50:00+00:00,2025-12-22 17:04:00+00:00,sell,False,pnl_block,pnl_block,,,False,0.5656820536,0.41829004883766174,0.48,0.43,prob_floor,"prob_floor,trailing_prob_drop",-0.041040000000000874,-0.04475265903746595,18.262620000000002,0.41829004883766174,,0.032927935567334435,,3043.77,3036.93,-0.04475265903746595,14.0
SOL/USDT,xgb_primary,conservative,1m,2025-12-22 17:04:00+00:00,2025-12-22 16:29:00+00:00,2025-12-22 17:04:00+00:00,sell,False,pnl_block,pnl_block,,,False,0.6076040864,0.41829004883766174,0.48,0.44,prob_floor,"prob_floor,trailing_prob_drop",-0.08749999999999901,-0.09000082788289468,8.9698,0.41829004883766174,10.23058156921458,0.7880531147803393,,128.14,126.89,-0.09000082788289468,35.0
ETH/USDT,xgb_primary,primary,1m,2025-12-22 17:05:00+00:00,2025-12-22 16:50:00+00:00,2025-12-22 17:05:00+00:00,sell,False,pnl_block,pnl_block,,,False,0.5656820536,0.41829004883766174,0.48,0.43,prob_floor,"prob_floor,trailing_prob_drop",-0.05442000000000098,-0.05813270322664871,18.262620000000002,0.41829004883766174,,0.03295213208604553,,3043.77,3034.7,-0.05813270322664871,15.0
SOL/USDT,xgb_primary,conservative,1m,2025-12-22 17:05:00+00:00,2025-12-22 16:29:00+00:00,2025-12-22 17:05:00+00:00,sell,False,pnl_block,pnl_block,,,False,0.6076040864,0.4007633626461029,0.48,0.44,prob_floor,"prob_floor,trailing_prob_drop",-0.10429999999999866,-0.10680216733488412,8.9698,0.4007633626461029,13.397430845614446,0.7895464055892705,,128.14,126.65,-0.10680216733488412,36.0
ETH/USDT,xgb_primary,primary,1m,2025-12-22 17:06:00+00:00,2025-12-22 16:50:00+00:00,2025-12-22 17:06:00+00:00,sell,False,pnl_block,pnl_block,,,False,0.5656820536,0.41829004883766174,0.48,0.43,prob_floor,"prob_floor,trailing_prob_drop",-0.09828000000000066,-0.10295801402056279,18.262620000000002,0.41829004883766174,,0.5615240423127285,,3043.77,3027.39,-0.10295801402056279,16.0
SOL/USDT,xgb_primary,conservative,1m,2025-12-22 17:06:00+00:00,2025-12-22 16:29:00+00:00,2025-12-22 17:06:00+00:00,sell,False,pnl_block,pnl_block,,,False,0.6076040864,0.4007633626461029,0.48,0.44,prob_floor,"prob_floor,trailing_prob_drop",-0.10149999999999922,-0.10400194374047868,8.9698,0.4007633626461029,18.158850465814304,0.7892971309053329,,128.14,126.69,-0.10400194374047868,37.0
SOL/USDT,xgb_primary,conservative,1m,2025-12-22 17:07:00+00:00,2025-12-22 16:29:00+00:00,2025-12-22 17:07:00+00:00,sell,False,pnl_block,pnl_block,,,False,0.6076040864,0.37037035822868347,0.48,0.44,prob_floor,"prob_floor,trailing_prob_drop",-0.1000999999999995,-0.10260183199621183,8.9698,0.37037035822868347,7.103393843725604,0.7891725525790251,,128.14,126.71,-0.10260183199621183,38.0
ETH/USDT,xgb_primary,primary,1m,2025-12-22 17:08:00+00:00,2025-12-22 16:50:00+00:00,2025-12-22 17:08:00+00:00,sell,False,pnl_block,pnl_block,,,False,0.5656820536,0.39150944352149963,0.48,0.43,prob_floor,"prob_floor,trailing_prob_drop",-0.08705999999999858,-0.09077281129741088,18.262620000000002,0.39150944352149963,,0.033011308022782855,,3043.77,3029.26,-0.09077281129741088,18.0
SOL/USDT,xgb_primary,conservative,1m,2025-12-22 17:08:00+00:00,2025-12-22 16:29:00+00:00,2025-12-22 17:08:00+00:00,sell,False,pnl_block,pnl_block,,,False,0.6076040864,0.37037035822868347,0.48,0.44,prob_floor,"prob_floor,trailing_prob_drop",-0.10289999999999894,-0.10540205552003087,8.9698,0.37037035822868347,3.9457070707068462,0.7894217485695769,,128.14,126.67,-0.10540205552003087,39.0
SOL/USDT,xgb_primary,conservative,1m,2025-12-22 17:09:00+00:00,2025-12-22 16:29:00+00:00,2025-12-22 17:09:00+00:00,sell,False,pnl_block,pnl_block,,,False,0.6076040864,0.4007633626461029,0.48,0.44,prob_floor,"prob_floor,trailing_prob_drop",-0.10289999999999894,-0.10540205552003087,8.9698,0.4007633626461029,4.735222160839892,0.7894217485695769,,128.14,126.67,-0.10540205552003087,40.0
ETH/USDT,xgb_primary,primary,1m,2025-12-22 17:09:00+00:00,2025-12-22 16:50:00+00:00,2025-12-22 17:09:00+00:00,sell,False,pnl_block,pnl_block,,,False,0.5656820536,0.3731343150138855,0.48,0.43,prob_floor,"prob_floor,trailing_prob_drop",-0.09678000000000066,-0.1004928435552999,18.262620000000002,0.3731343150138855,,0.03302897136295133,,3043.77,3027.64,-0.1004928435552999,19.0
ETH/USDT,xgb_primary,primary,1m,2025-12-22 17:10:00+00:00,2025-12-22 16:50:00+00:00,2025-12-22 17:10:00+00:00,sell,False,pnl_block,pnl_block,,,False,0.5656820536,0.3245033025741577,0.48,0.43,prob_floor,"prob_floor,trailing_prob_drop",-0.1018199999999988,-0.10553286029519975,18.262620000000002,0.3245033025741577,,0.03303813757332742,,3043.77,3026.8,-0.10553286029519975,20.0
SOL/USDT,xgb_primary,conservative,1m,2025-12-22 17:10:00+00:00,2025-12-22 16:29:00+00:00,2025-12-22 17:10:00+00:00,sell,False,pnl_block,pnl_block,,,False,0.6076040864,0.3245033025741577,0.48,0.44,prob_floor,"prob_floor,trailing_prob_drop",-0.09519999999999898,-0.09770144116890733,8.9698,0.3245033025741577,3.9472645456696265,0.7887368379544203,,128.14,126.78,-0.09770144116890733,41.0
ETH/USDT,xgb_primary,primary,1m,2025-12-22 17:11:00+00:00,2025-12-22 16:50:00+00:00,2025-12-22 17:11:00+00:00,sell,False,pnl_block,pnl_block,,,False,0.5656820536,0.3245033025741577,0.48,0.43,prob_floor,"prob_floor,trailing_prob_drop",-0.07061999999999989,-0.07505553511618704,18.262620000000002,0.3245033025741577,,0.4287507029041565,,3043.77,3032.0,-0.07505553511618704,21.0
SOL/USDT,xgb_primary,conservative,1m,2025-12-22 17:11:00+00:00,2025-12-22 16:29:00+00:00,2025-12-22 17:11:00+00:00,sell,False,pnl_block,pnl_block,,,False,0.6076040864,0.37037035822868347,0.48,0.44,prob_floor,"prob_floor,trailing_prob_drop",-0.0965999999999987,-0.09910155278980597,8.9698,0.37037035822868347,13.415404040404175,0.7888612787434155,,128.14,126.76,-0.09910155278980597,42.0
ETH/USDT,xgb_primary,primary,1m,2025-12-22 17:12:00+00:00,2025-12-22 16:50:00+00:00,2025-12-22 17:12:00+00:00,sell,False,pnl_block,pnl_block,,,False,0.5656820536,0.3731343150138855,0.48,0.43,prob_floor,"prob_floor,trailing_prob_drop",-0.06804000000000088,-0.07175274827521337,18.262620000000002,0.3731343150138855,,0.03297679917366169,,3043.77,3032.43,-0.07175274827521337,22.0
SOL/USDT,xgb_primary,conservative,1m,2025-12-22 17:12:00+00:00,2025-12-22 16:29:00+00:00,2025-12-22 17:12:00+00:00,sell,False,pnl_block,pnl_block,,,False,0.6076040864,0.3245033025741577,0.48,0.44,prob_floor,"prob_floor,trailing_prob_drop",-0.09869999999999877,-0.10120172028721161,8.9698,0.3245033025741577,3.944150824327298,0.7890480135709083,,128.14,126.73,-0.10120172028721161,43.0
SOL/USDT,xgb_primary,conservative,1m,2025-12-22 17:13:00+00:00,2025-12-22 16:29:00+00:00,2025-12-22 17:13:00+00:00,sell,False,pnl_block,pnl_block,,,False,0.6076040864,0.3245033025741577,0.48,0.44,prob_floor,"prob_floor,trailing_prob_drop",-0.0965999999999987,-0.09910155278980597,8.9698,0.3245033025741577,0.7892036934736892,0.7888612787434155,,128.14,126.76,-0.09910155278980597,44.0
ETH/USDT,xgb_primary,primary,1m,2025-12-22 17:14:00+00:00,2025-12-22 16:50:00+00:00,2025-12-22 17:14:00+00:00,sell,False,pnl_block,pnl_block,,,False,0.5656820536,0.3245033025741577,0.48,0.43,prob_floor,"prob_floor,trailing_prob_drop",-0.06935999999999967,-0.07307275264473485,18.262620000000002,0.3245033025741577,,0.032979191778167216,,3043.77,3032.21,-0.07307275264473485,24.0
SOL/USDT,xgb_primary,conservative,1m,2025-12-22 17:14:00+00:00,2025-12-22 16:29:00+00:00,2025-12-22 17:14:00+00:00,sell,False,pnl_block,pnl_block,,,False,0.6076040864,0.3245033025741577,0.48,0.44,prob_floor,"prob_floor,trailing_prob_drop",-0.10849999999999882,-0.11100250299142754,8.9698,0.3245033025741577,3.9435286694543232,0.7899206129776773,,128.14,126.59,-0.11100250299142754,45.0
ETH/USDT,xgb_primary,primary,1m,2025-12-22 17:15:00+00:00,2025-12-22 16:50:00+00:00,2025-12-22 17:15:00+00:00,sell,False,pnl_block,pnl_block,,,False,0.5656820536,0.37037035822868347,0.48,0.43,prob_floor,"prob_floor,trailing_prob_drop",-0.09090000000000055,-0.09461282403714744,18.262620000000002,0.37037035822868347,,0.03301828387541633,,3043.77,3028.62,-0.09461282403714744,25.0
SOL/USDT,xgb_primary,conservative,1m,2025-12-22 17:15:00+00:00,2025-12-22 16:29:00+00:00,2025-12-22 17:15:00+00:00,sell,False,pnl_block,pnl_block,,,False,0.6076040864,0.3245033025741577,0.48,0.44,prob_floor,"prob_floor,trailing_prob_drop",-0.10429999999999866,-0.10680216733488412,8.9698,0.3245033025741577,18.17176266097843,0.7895464055892705,,128.14,126.65,-0.10680216733488412,46.0
SOL/USDT,xgb_primary,conservative,1m,2025-12-22 17:16:00+00:00,2025-12-22 16:29:00+00:00,2025-12-22 17:16:00+00:00,sell,False,pnl_block,pnl_block,,,False,0.6076040864,0.3245033025741577,0.48,0.44,prob_floor,"prob_floor,trailing_prob_drop",-0.09309999999999889,-0.09560127380357038,8.9698,0.3245033025741577,10.264508487959706,0.7885502503639874,,128.14,126.81,-0.09560127380357038,47.0
ETH/USDT,xgb_primary,primary,1m,2025-12-22 17:16:00+00:00,2025-12-22 16:50:00+00:00,2025-12-22 17:16:00+00:00,sell,False,pnl_block,pnl_block,,,False,0.5656820536,0.3245033025741577,0.48,0.43,prob_floor,"prob_floor,trailing_prob_drop",-0.07823999999999978,-0.08195278205621244,18.262620000000002,0.3245033025741577,,0.03299529651970077,,3043.77,3030.73,-0.08195278205621244,26.0
SOL/USDT,xgb_primary,conservative,1m,2025-12-22 17:17:00+00:00,2025-12-22 16:29:00+00:00,2025-12-22 17:17:00+00:00,sell,False,pnl_block,pnl_block,,,False,0.6076040864,0.41829004883766174,0.48,0.44,prob_floor,"prob_floor,trailing_prob_drop",-0.0825999999999995,-0.0851004381632732,8.9698,0.41829004883766174,4.731114966092735,0.7876186350573084,,128.14,126.96,-0.0851004381632732,48.0
ETH/USDT,xgb_primary,primary,1m,2025-12-22 17:17:00+00:00,2025-12-22 16:50:00+00:00,2025-12-22 17:17:00+00:00,sell,False,pnl_block,pnl_block,,,False,0.5656820536,0.3731343150138855,0.48,0.43,prob_floor,"prob_floor,trailing_prob_drop",-0.06119999999999891,-0.06491272564327316,18.262620000000002,0.3731343150138855,,0.03296440668110573,,3043.77,3033.57,-0.06491272564327316,27.0
ETH/USDT,xgb_primary,primary,1m,2025-12-22 17:18:00+00:00,2025-12-22 16:50:00+00:00,2025-12-22 17:18:00+00:00,sell,False,pnl_block,pnl_block,,,False,0.5656820536,0.41829004883766174,0.48,0.43,prob_floor,"prob_floor,trailing_prob_drop",-0.04914000000000033,-0.05285268578100926,18.262620000000002,0.41829004883766174,,0.032942579437631556,,3043.77,3035.58,-0.05285268578100926,28.0
SOL/USDT,xgb_primary,conservative,1m,2025-12-22 17:18:00+00:00,2025-12-22 16:29:00+00:00,2025-12-22 17:18:00+00:00,sell,False,pnl_block,pnl_block,,,False,0.6076040864,0.41829004883766174,0.48,0.44,prob_floor,"prob_floor,trailing_prob_drop",-0.07839999999999933,-0.08090010445975171,8.9698,0.41829004883766174,12.600409513310034,0.7872466049994187,,128.14,127.02,-0.08090010445975171,49.0
SOL/USDT,xgb_primary,conservative,1m,2025-12-22 17:21:00+00:00,2025-12-22 16:29:00+00:00,2025-12-22 17:21:00+00:00,sell,False,pnl_block,pnl_block,,,False,0.6076040864,0.565682053565979,0.48,0.44,gate_close,gate_close,-0.0895999999999991,-0.09210099503724377,8.9698,0.565682053565979,9.45626477541407,0.7882394671505234,,128.14,126.86,-0.09210099503724377,52.0
BTC/USDT,xgb_primary,conservative,1m,2025-12-22 17:24:00+00:00,,2025-12-22 17:24:00+00:00,buy,True,dry_run,dry_run,,exchange_qty_step,True,0.5878524780273438,0.5878524780273438,,0.56,dry_run,,,,,0.5878524780273438,9.867516468399012,,8.933704,,89337.04,0.0,
SOL/USDT,xgb_primary,conservative,1m,2025-12-22 17:26:00+00:00,2025-12-22 16:29:00+00:00,2025-12-22 17:26:00+00:00,sell,False,pnl_block,pnl_block,,,False,0.6076040864,0.5878524780273438,0.48,0.44,gate_close,gate_close,-0.06859999999999929,-0.07109932704281803,8.9698,0.5878524780273438,7.871536523930142,0.7863799001301551,,128.14,127.16,-0.07109932704281803,57.0
SOL/USDT,xgb_primary,conservative,1m,2025-12-22 17:27:00+00:00,2025-12-22 16:29:00+00:00,2025-12-22 17:27:00+00:00,sell,False,pnl_block,pnl_block,,,False,0.6076040864,0.6076040863990784,0.48,0.44,gate_close,gate_close,-0.07139999999999873,-0.07389954898721539,8.9698,0.6076040863990784,10.223340673168424,0.7866273352991863,,128.14,127.12,-0.07389954898721539,58.0
ETH/USDT,xgb_primary,primary,1m,2025-12-22 17:27:00+00:00,2025-12-22 16:50:00+00:00,2025-12-22 17:27:00+00:00,sell,False,pnl_block,pnl_block,,,False,0.5656820536,0.5002435445785522,0.48,0.43,gate_close,gate_close,-0.056040000000000874,-0.05975270858131634,18.262620000000002,0.5002435445785522,8.735985336731328,0.03295506412303535,,3043.77,3034.43,-0.05975270858131634,37.0
ETH/USDT,xgb_primary,primary,1m,2025-12-22 17:32:00+00:00,2025-12-22 16:50:00+00:00,2025-12-22 17:32:00+00:00,sell,False,pnl_block,pnl_block,,,False,0.5656820536,0.41829004883766174,0.48,0.43,prob_floor,"prob_floor,trailing_prob_drop",-0.10338000000000011,-0.10799796373144883,18.262620000000002,0.41829004883766174,,0.5286425121087368,,3043.77,3026.54,-0.10799796373144883,42.0
ETH/USDT,xgb_primary,primary,1m,2025-12-22 17:33:00+00:00,2025-12-22 16:50:00+00:00,2025-12-22 17:33:00+00:00,sell,False,pnl_block,pnl_block,,,False,0.5656820536,0.41829004883766174,0.48,0.43,prob_floor,"prob_floor,trailing_prob_drop",-0.09702000000000044,-0.10073284435222736,18.262620000000002,0.41829004883766174,,0.03302940773389619,,3043.77,3027.6,-0.10073284435222736,43.0
SOL/USDT,xgb_primary,conservative,1m,2025-12-22 17:33:00+00:00,2025-12-22 16:29:00+00:00,2025-12-22 17:33:00+00:00,sell,False,pnl_block,pnl_block,,,False,0.6076040864,0.4742901027202606,0.48,0.44,trailing_prob_drop,trailing_prob_drop,-0.08119999999999877,-0.08370032689372574,8.9698,0.4742901027202606,6.300204756654456,0.7874945859740052,,128.14,126.98,-0.08370032689372574,64.0
BTC/USDT,xgb_primary,conservative,1m,2025-12-22 17:33:00+00:00,2025-12-22 17:24:00+00:00,2025-12-22 17:33:00+00:00,sell,False,pnl_block,pnl_block,,,False,0.587852478,0.4742901027202606,0.56,0.45,trailing_prob_drop,trailing_prob_drop,-0.004152999999999884,-0.005940741265029771,8.933704,0.4742901027202606,9.718659422966898,0.0011198770743763812,,89337.04,89295.51,-0.005940741265029771,9.0
ETH/USDT,xgb_primary,primary,1m,2025-12-22 17:34:00+00:00,2025-12-22 16:50:00+00:00,2025-12-22 17:34:00+00:00,sell,False,pnl_block,pnl_block,,,False,0.5656820536,0.41829004883766174,0.48,0.43,prob_floor,"prob_floor,trailing_prob_drop",-0.09588000000000012,-0.09959284056700812,18.262620000000002,0.41829004883766174,,0.03302733507459481,,3043.77,3027.79,-0.09959284056700812,44.0
BTC/USDT,xgb_primary,conservative,1m,2025-12-22 17:34:00+00:00,2025-12-22 17:24:00+00:00,2025-12-22 17:34:00+00:00,sell,False,pnl_block,pnl_block,,,False,0.587852478,0.4742901027202606,0.56,0.45,trailing_prob_drop,trailing_prob_drop,-0.0019069999999992433,-0.0036947410134495953,8.933704,0.4742901027202606,5.312657271563888,0.0011195954671790655,,89337.04,89317.97,-0.0036947410134495953,10.0
BTC/USDT,xgb_primary,conservative,1m,2025-12-22 17:36:00+00:00,2025-12-22 17:24:00+00:00,2025-12-22 17:36:00+00:00,sell,False,dry_run,dry_run,,,True,0.587852478,0.5002435445785522,0.56,0.45,take_profit,take_profit,0.009392000000001281,0.007605259200001281,8.933704,0.5002435445785522,8.995100690865595,0.0011181809337248358,8.943096,89337.04,89430.96,0.007605259200001281,12.0
SOL/USDT,xgb_primary,conservative,1m,2025-12-22 17:36:00+00:00,2025-12-22 16:29:00+00:00,2025-12-22 17:36:00+00:00,sell,False,pnl_block,pnl_block,,,False,0.6076040864,0.565682053565979,0.48,0.44,gate_close,gate_close,-0.07979999999999905,-0.08230021565922543,8.9698,0.565682053565979,10.231386746418657,0.7873705759619791,,128.14,127.0,-0.08230021565922543,67.0
BTC/USDT,xgb_primary,conservative,1m,2025-12-22 17:37:00+00:00,,2025-12-22 17:37:00+00:00,buy,True,cooldown_after_exit,cooldown_after_exit,cooldown_after_exit,,False,0.565682053565979,0.565682053565979,,0.56,cooldown_after_exit,,,,,0.565682053565979,,,15.0,,89391.43,0.0,
SOL/USDT,xgb_primary,conservative,1m,2025-12-22 17:38:00+00:00,2025-12-22 16:29:00+00:00,2025-12-22 17:38:00+00:00,sell,False,pnl_block,pnl_block,,,False,0.6076040864,0.5002435445785522,0.48,0.44,gate_close,gate_close,-0.07629999999999926,-0.0787999377261812,8.9698,0.5002435445785522,9.448818897638153,0.7870607217350845,,128.14,127.05,-0.0787999377261812,69.0
BTC/USDT,xgb_primary,conservative,1m,2025-12-22 17:40:00+00:00,,2025-12-22 17:40:00+00:00,buy,True,dry_run,dry_run,,exchange_qty_step,True,0.5878524780273438,0.5878524780273438,,0.56,dry_run,,,,,0.5878524780273438,0.0011173184975888893,,8.950000000000001,,89500.0,0.0,
SOL/USDT,xgb_primary,conservative,1m,2025-12-22 17:41:00+00:00,2025-12-22 16:29:00+00:00,2025-12-22 17:41:00+00:00,sell,False,pnl_block,pnl_block,,,False,0.6076040864,0.5002435445785522,0.48,0.44,gate_close,gate_close,-0.07699999999999861,-0.07949999329528704,8.9698,0.5002435445785522,7.080481472740415,0.7871226730678819,,128.14,127.04,-0.07949999329528704,72.0
BTC/USDT,xgb_primary,conservative,1m,2025-12-22 17:41:00+00:00,2025-12-22 17:40:00+00:00,2025-12-22 17:41:00+00:00,sell,False,min_hold,min_hold,,,False,0.587852478,0.5878524780273438,0.56,0.45,gate_close,gate_close,-0.004258999999999651,-0.006050000476035686,8.950000000000001,0.5878524780273438,7.061453302955351,0.001117850319591876,,89500.0,89457.41,-0.006050000476035686,1.0
SOL/USDT,xgb_primary,conservative,1m,2025-12-22 17:42:00+00:00,2025-12-22 16:29:00+00:00,2025-12-22 17:42:00+00:00,sell,False,pnl_block,pnl_block,,,False,0.6076040864,0.4742901027202606,0.48,0.44,trailing_prob_drop,trailing_prob_drop,-0.07769999999999898,-0.08020004887314454,8.9698,0.4742901027202606,0.7872775940789565,0.787184634156344,,128.14,127.03,-0.08020004887314454,73.0
SOL/USDT,xgb_primary,conservative,1m,2025-12-22 17:44:00+00:00,2025-12-22 16:29:00+00:00,2025-12-22 17:44:00+00:00,sell,False,pnl_block,pnl_block,,,False,0.6076040864,0.41829004883766174,0.48,0.44,prob_floor,"prob_floor,trailing_prob_drop",-0.10219999999999858,-0.10470199962584156,8.9698,0.41829004883766174,6.303183107469137,0.7893594348179267,,128.14,126.68,-0.10470199962584156,75.0
SOL/USDT,xgb_primary,conservative,1m,2025-12-22 17:45:00+00:00,2025-12-22 16:29:00+00:00,2025-12-22 17:45:00+00:00,sell,False,pnl_block,pnl_block,,,False,0.6076040864,0.4007633626461029,0.48,0.44,prob_floor,"prob_floor,trailing_prob_drop",-0.09379999999999926,-0.09630132958321795,8.9698,0.4007633626461029,17.36522219591119,0.7886124364185257,,128.14,126.8,-0.09630132958321795,76.0
BTC/USDT,xgb_primary,conservative,1m,2025-12-22 17:45:00+00:00,2025-12-22 17:40:00+00:00,2025-12-22 17:45:00+00:00,sell,False,pnl_block,pnl_block,,,False,0.587852478,0.41829004883766174,0.56,0.45,prob_floor,"prob_floor,trailing_prob_drop",-0.020813000000000467,-0.02260400233084057,8.950000000000001,0.41829004883766174,16.416398599034437,0.0011199227263749615,,89500.0,89291.87,-0.02260400233084057,5.0
SOL/USDT,xgb_primary,conservative,1m,2025-12-22 17:46:00+00:00,2025-12-22 16:29:00+00:00,2025-12-22 17:46:00+00:00,sell,False,pnl_block,pnl_block,,,False,0.6076040864,0.41829004883766174,0.48,0.44,prob_floor,"prob_floor,trailing_prob_drop",-0.09869999999999877,-0.10120172028721161,8.9698,0.41829004883766174,4.732980989193206,0.7890480135709083,,128.14,126.73,-0.10120172028721161,77.0
BTC/USDT,xgb_primary,conservative,1m,2025-12-22 17:46:00+00:00,2025-12-22 17:40:00+00:00,2025-12-22 17:46:00+00:00,sell,False,pnl_block,pnl_block,,,False,0.587852478,0.4742901027202606,0.56,0.45,trailing_prob_drop,trailing_prob_drop,-0.022417999999999303,-0.024830537737768065,8.950000000000001,0.4742901027202606,6.768889632152076,0.6955728913617464,,89500.0,89275.82,-0.024830537737768065,6.0
SOL/USDT,xgb_primary,conservative,1m,2025-12-22 17:47:00+00:00,2025-12-22 16:29:00+00:00,2025-12-22 17:47:00+00:00,sell,False,pnl_block,pnl_block,,,False,0.6076040864,0.41829004883766174,0.48,0.44,prob_floor,"prob_floor,trailing_prob_drop",-0.08889999999999873,-0.09140093931034292,8.9698,0.41829004883766174,4.734474867829422,0.788177339900761,,128.14,126.87,-0.09140093931034292,78.0
BTC/USDT,xgb_primary,conservative,1m,2025-12-22 17:47:00+00:00,2025-12-22 17:40:00+00:00,2025-12-22 17:47:00+00:00,sell,False,pnl_block,pnl_block,,,False,0.587852478,0.4742901027202606,0.56,0.45,trailing_prob_drop,trailing_prob_drop,-0.019422000000000116,-0.02121300217471873,8.950000000000001,0.4742901027202606,7.327371914446226,0.0011197482889558957,,89500.0,89305.78,-0.02121300217471873,7.0
SOL/USDT,xgb_primary,conservative,1m,2025-12-22 17:48:00+00:00,2025-12-22 16:29:00+00:00,2025-12-22 17:48:00+00:00,sell,False,pnl_block,pnl_block,,,False,0.6076040864,0.41829004883766174,0.48,0.44,prob_floor,"prob_floor,trailing_prob_drop",-0.09729999999999905,-0.09980160861346635,8.9698,0.41829004883766174,10.245094176057645,0.7889235138657343,,128.14,126.75,-0.09980160861346635,79.0
BTC/USDT,xgb_primary,conservative,1m,2025-12-22 17:49:00+00:00,2025-12-22 17:40:00+00:00,2025-12-22 17:49:00+00:00,sell,False,pnl_block,pnl_block,,,False,0.587852478,0.41829004883766174,0.56,0.45,prob_floor,"prob_floor,trailing_prob_drop",-0.027,-0.028791003025831423,8.950000000000001,0.41829004883766174,9.164573526789939,0.001120699252987973,,89500.0,89230.0,-0.028791003025831423,9.0
SOL/USDT,xgb_primary,conservative,1m,2025-12-22 17:50:00+00:00,2025-12-22 16:29:00+00:00,2025-12-22 17:50:00+00:00,sell,False,pnl_block,pnl_block,,,False,0.6076040864,0.41829004883766174,0.48,0.44,prob_floor,"prob_floor,trailing_prob_drop",-0.09519999999999898,-0.09770144116890733,8.9698,0.41829004883766174,,0.7887368379544203,,128.14,126.78,-0.09770144116890733,81.0
BTC/USDT,xgb_primary,conservative,1m,2025-12-22 17:50:00+00:00,2025-12-22 17:40:00+00:00,2025-12-22 17:50:00+00:00,sell,False,pnl_block,pnl_block,,,False,0.587852478,0.4742901027202606,0.56,0.45,trailing_prob_drop,trailing_prob_drop,-0.017917999999999303,-0.01970900200596995,8.950000000000001,0.4742901027202606,2.9978703353277667,0.0011195597437396385,,89500.0,89320.82,-0.01970900200596995,10.0
SOL/USDT,xgb_primary,conservative,1m,2025-12-22 17:51:00+00:00,2025-12-22 16:29:00+00:00,2025-12-22 17:51:00+00:00,sell,False,pnl_block,pnl_block,,,False,0.6076040864,0.41829004883766174,0.48,0.44,prob_floor,"prob_floor,trailing_prob_drop",-0.07629999999999926,-0.0787999377261812,8.9698,0.41829004883766174,,0.7870607217350845,,128.14,127.05,-0.0787999377261812,82.0
BTC/USDT,xgb_primary,conservative,1m,2025-12-22 17:51:00+00:00,2025-12-22 17:40:00+00:00,2025-12-22 17:51:00+00:00,sell,False,pnl_block,pnl_block,,,False,0.587852478,0.41829004883766174,0.56,0.45,prob_floor,"prob_floor,trailing_prob_drop",-0.012227000000000408,-0.01401800136795948,8.950000000000001,0.41829004883766174,6.975966234038079,0.001118846881643759,,89500.0,89377.73,-0.01401800136795948,11.0
SOL/USDT,xgb_primary,conservative,1m,2025-12-22 17:52:00+00:00,2025-12-22 16:29:00+00:00,2025-12-22 17:52:00+00:00,sell,False,pnl_block,pnl_block,,,False,0.6076040864,0.5002435445785522,0.48,0.44,gate_close,gate_close,-0.08329999999999885,-0.08580049381119115,8.9698,0.5002435445785522,14.168765743073585,0.7876806742539407,,128.14,126.95,-0.08580049381119115,83.0
BTC/USDT,xgb_primary,conservative,1m,2025-12-22 17:52:00+00:00,2025-12-22 17:40:00+00:00,2025-12-22 17:52:00+00:00,sell,False,pnl_block,pnl_block,,,False,0.587852478,0.41829004883766174,0.56,0.45,prob_floor,"prob_floor,trailing_prob_drop",-0.01449600000000064,-0.0162870016222379,8.950000000000001,0.41829004883766174,8.777955539643091,0.0011191309913517727,,89500.0,89355.04,-0.0162870016222379,12.0
SOL/USDT,xgb_primary,conservative,1m,2025-12-22 17:53:00+00:00,2025-12-22 16:29:00+00:00,2025-12-22 17:53:00+00:00,sell,False,pnl_block,pnl_block,,,False,0.6076040864,0.4742901027202606,0.48,0.44,trailing_prob_drop,trailing_prob_drop,-0.09589999999999933,-0.09840149697495533,8.9698,0.4742901027202606,5.51267916207223,0.7887990534415393,,128.14,126.77,-0.09840149697495533,84.0
BTC/USDT,xgb_primary,conservative,1m,2025-12-22 17:53:00+00:00,2025-12-22 17:40:00+00:00,2025-12-22 17:53:00+00:00,sell,False,pnl_block,pnl_block,,,False,0.587852478,0.4742901027202606,0.56,0.45,trailing_prob_drop,trailing_prob_drop,-0.020800000000000003,-0.02259100232937936,8.950000000000001,0.4742901027202606,2.5404272058503286,0.00111992109425265,,89500.0,89292.0,-0.02259100232937936,13.0
BTC/USDT,xgb_primary,conservative,1m,2025-12-22 17:54:00+00:00,2025-12-22 17:40:00+00:00,2025-12-22 17:54:00+00:00,sell,False,pnl_block,pnl_block,,,False,0.587852478,0.41829004883766174,0.56,0.45,prob_floor,"prob_floor,trailing_prob_drop",-0.015000999999999477,-0.016792001678846275,8.950000000000001,0.41829004883766174,5.838148340484738,0.0011191942422337361,,89500.0,89349.99,-0.016792001678846275,14.0
SOL/USDT,xgb_primary,conservative,1m,2025-12-22 17:55:00+00:00,2025-12-22 16:29:00+00:00,2025-12-22 17:55:00+00:00,sell,False,pnl_block,pnl_block,,,False,0.6076040864,0.41829004883766174,0.48,0.44,prob_floor,"prob_floor,trailing_prob_drop",-0.0895999999999991,-0.09210099503724377,8.9698,0.41829004883766174,,0.7882394671505234,,128.14,126.86,-0.09210099503724377,86.0
BTC/USDT,xgb_primary,conservative,1m,2025-12-22 17:55:00+00:00,2025-12-22 17:40:00+00:00,2025-12-22 17:55:00+00:00,sell,False,pnl_block,pnl_block,,,False,0.587852478,0.41829004883766174,0.56,0.45,prob_floor,"prob_floor,trailing_prob_drop",-0.019200000000000002,-0.020991002149806766,8.950000000000001,0.41829004883766174,7.619473978735506,0.0011197204544834821,,89500.0,89308.0,-0.020991002149806766,15.0
BTC/USDT,xgb_primary,conservative,1m,2025-12-22 17:56:00+00:00,2025-12-22 17:40:00+00:00,2025-12-22 17:56:00+00:00,sell,False,pnl_block,pnl_block,,,False,0.587852478,0.41829004883766174,0.56,0.45,prob_floor,"prob_floor,trailing_prob_drop",-0.11980800000000018,-0.2250916046585605,8.950000000000001,0.41829004883766174,4.701706454069651,115.63531246766516,,89500.0,88301.92,-0.2250916046585605,16.0
SOL/USDT,xgb_primary,conservative,1m,2025-12-22 17:56:00+00:00,2025-12-22 16:29:00+00:00,2025-12-22 17:56:00+00:00,sell,False,pnl_block,pnl_block,,,False,0.6076040864,0.41829004883766174,0.48,0.44,prob_floor,"prob_floor,trailing_prob_drop",-0.09029999999999945,-0.09280105077292954,8.9698,0.41829004883766174,,0.788301604194168,,128.14,126.85,-0.09280105077292954,87.0
SOL/USDT,xgb_primary,conservative,1m,2025-12-22 17:57:00+00:00,2025-12-22 16:29:00+00:00,2025-12-22 17:57:00+00:00,sell,False,pnl_block,pnl_block,,,False,0.6076040864,0.41829004883766174,0.48,0.44,prob_floor,"prob_floor,trailing_prob_drop",-0.09029999999999945,-0.09280105077292954,8.9698,0.41829004883766174,0.788519161016016,0.788301604194168,,128.14,126.85,-0.09280105077292954,88.0
BTC/USDT,xgb_primary,conservative,1m,2025-12-22 17:57:00+00:00,2025-12-22 17:40:00+00:00,2025-12-22 17:57:00+00:00,sell,False,pnl_block,pnl_block,,,False,0.587852478,0.41829004883766174,0.56,0.45,prob_floor,"prob_floor,trailing_prob_drop",-0.02188999999999942,-0.023681002451749464,8.950000000000001,0.41829004883766174,2.2756415640547667,0.0011200578212782323,,89500.0,89281.1,-0.023681002451749464,17.0
SOL/USDT,xgb_primary,conservative,1m,2025-12-22 17:58:00+00:00,2025-12-22 16:29:00+00:00,2025-12-22 17:58:00+00:00,sell,False,pnl_block,pnl_block,,,False,0.6076040864,0.41829004883766174,0.48,0.44,prob_floor,"prob_floor,trailing_prob_drop",-0.08609999999999929,-0.0886007164905642,8.9698,0.41829004883766174,0.7882084023008517,0.7879289288110244,,128.14,126.91,-0.0886007164905642,89.0
SOL/USDT,xgb_primary,conservative,1m,2025-12-22 17:59:00+00:00,2025-12-22 16:29:00+00:00,2025-12-22 17:59:00+00:00,sell,True,dry_run,dry_run,,,True,0.6076040864,0.5002435445785522,0.48,0.44,time_limit,time_exit,-0.07559999999999889,-0.07739395999999889,8.9698,0.5002435445785522,0.7869987801511751,0.7869987801511751,8.894200000000001,128.14,127.06,-0.07739395999999889,90.0
BTC/USDT,xgb_primary,conservative,1m,2025-12-22 17:59:00+00:00,2025-12-22 17:40:00+00:00,2025-12-22 17:59:00+00:00,sell,False,pnl_block,pnl_block,,,False,0.587852478,0.41829004883766174,0.56,0.45,prob_floor,"prob_floor,trailing_prob_drop",-0.020885000000000584,-0.022676002338922994,8.950000000000001,0.41829004883766174,4.861776404865075,0.001119931756881544,,89500.0,89291.15,-0.022676002338922994,19.0
BTC/USDT,xgb_primary,conservative,1m,2025-12-22 18:00:00+00:00,2025-12-22 17:40:00+00:00,2025-12-22 18:00:00+00:00,sell,False,pnl_block,pnl_block,,,False,0.587852478,0.4742901027202606,0.56,0.45,trailing_prob_drop,trailing_prob_drop,-0.012002000000000408,-0.013793001342751621,8.950000000000001,0.4742901027202606,3.3418761722881087,0.001118818716440065,,89500.0,89379.98,-0.013793001342751621,20.0
SOL/USDT,xgb_primary,conservative,1m,2025-12-22 18:01:00+00:00,,2025-12-22 18:01:00+00:00,buy,True,cooldown_after_loss,cooldown_after_loss,cooldown_after_loss,,False,0.6076040863990784,0.6076040863990784,,0.48,cooldown_after_loss,,,,,0.6076040863990784,,,10.0,,127.18,0.0,
BTC/USDT,xgb_primary,conservative,1m,2025-12-22 18:01:00+00:00,2025-12-22 17:40:00+00:00,2025-12-22 18:01:00+00:00,sell,False,pnl_block,pnl_block,,,False,0.587852478,0.565682053565979,0.56,0.45,gate_close,gate_close,-0.010736000000000058,-0.012527001200937263,8.950000000000001,0.565682053565979,14.506656212386966,0.001118660265032018,,89500.0,89392.64,-0.012527001200937263,21.0
SOL/USDT,xgb_primary,conservative,1m,2025-12-22 18:02:00+00:00,,2025-12-22 18:02:00+00:00,buy,True,cooldown_after_loss,cooldown_after_loss,cooldown_after_loss,,False,0.6076040863990784,0.6076040863990784,,0.48,cooldown_after_loss,,,,,0.6076040863990784,,,10.0,,127.07,0.0,
SOL/USDT,xgb_primary,conservative,1m,2025-12-22 18:03:00+00:00,,2025-12-22 18:03:00+00:00,buy,True,cooldown_after_loss,cooldown_after_loss,cooldown_after_loss,,False,0.565682053565979,0.565682053565979,,0.48,cooldown_after_loss,,,,,0.565682053565979,,,10.0,,126.93,0.0,
BTC/USDT,xgb_primary,conservative,1m,2025-12-22 18:07:00+00:00,2025-12-22 17:40:00+00:00,2025-12-22 18:07:00+00:00,sell,False,pnl_block,pnl_block,,,False,0.587852478,0.4742901027202606,0.56,0.45,trailing_prob_drop,trailing_prob_drop,-0.020000999999999478,-0.021792002239696726,8.950000000000001,0.4742901027202606,2.8903873511002756,0.0011198208907807119,,89500.0,89299.99,-0.021792002239696726,27.0
BTC/USDT,xgb_primary,conservative,1m,2025-12-22 18:08:00+00:00,2025-12-22 17:40:00+00:00,2025-12-22 18:08:00+00:00,sell,False,pnl_block,pnl_block,,,False,0.587852478,0.4742901027202606,0.56,0.45,trailing_prob_drop,trailing_prob_drop,-0.022116999999999828,-0.02390800247723817,8.950000000000001,0.4742901027202606,2.7581190098682713,0.0011200862998224956,,89500.0,89278.83,-0.02390800247723817,28.0
ETH/USDT,xgb_primary,primary,1m,2025-12-22 18:11:00+00:00,2025-12-22 16:50:00+00:00,2025-12-22 18:11:00+00:00,sell,False,pnl_block,pnl_block,,,False,0.5656820536,0.41829004883766174,0.48,0.43,prob_floor,"prob_floor,trailing_prob_drop",-0.054900000000000546,-0.05861270481311715,18.262620000000002,0.41829004883766174,,0.03295300078335306,,3043.77,3034.62,-0.05861270481311715,81.0
SOL/USDT,xgb_primary,conservative,1m,2025-12-22 18:12:00+00:00,,2025-12-22 18:12:00+00:00,buy,True,dry_run,dry_run,,exchange_qty_step,True,0.565682053565979,0.565682053565979,,0.48,dry_run,,,,,0.565682053565979,0.788177339900761,,8.8816,,126.88,0.0,
BTC/USDT,xgb_primary,conservative,1m,2025-12-22 18:13:00+00:00,2025-12-22 17:40:00+00:00,2025-12-22 18:13:00+00:00,sell,False,pnl_block,pnl_block,,,False,0.587852478,0.565682053565979,0.56,0.45,gate_close,gate_close,-0.01232899999999936,-0.014120001379384954,8.950000000000001,0.565682053565979,20.261377930374152,0.001118859648708426,,89500.0,89376.71,-0.014120001379384954,33.0
SOL/USDT,xgb_primary,conservative,1m,2025-12-22 18:15:00+00:00,2025-12-22 18:12:00+00:00,2025-12-22 18:15:00+00:00,sell,False,min_hold,min_hold,,,False,0.5656820536,0.4742901027202606,0.48,0.44,take_profit,take_profit,0.0140000000000002,0.011524809165518983,8.8816,0.4742901027202606,7.087730351236684,0.7868749262308782,,126.88,127.08,0.011524809165518983,3.0
BTC/USDT,xgb_primary,conservative,1m,2025-12-22 18:15:00+00:00,2025-12-22 17:40:00+00:00,2025-12-22 18:15:00+00:00,sell,False,pnl_block,pnl_block,,,False,0.587852478,0.565682053565979,0.56,0.45,gate_close,gate_close,0.0004820000000006985,-0.0013089999460910693,8.950000000000001,0.565682053565979,10.894760724320074,0.0011172582030925494,,89500.0,89504.82,-0.0013089999460910693,35.0
SOL/USDT,xgb_primary,conservative,1m,2025-12-22 18:17:00+00:00,2025-12-22 18:12:00+00:00,2025-12-22 18:17:00+00:00,sell,False,pnl_block,pnl_block,,,False,0.5656820536,0.41829004883766174,0.48,0.44,prob_floor,"prob_floor,trailing_prob_drop",-0.013299999999999841,-0.017179220438025257,8.8816,0.41829004883766174,8.663463810348857,2.367704510477182,,126.88,126.69,-0.017179220438025257,5.0
SOL/USDT,xgb_primary,conservative,1m,2025-12-22 18:18:00+00:00,2025-12-22 18:12:00+00:00,2025-12-22 18:18:00+00:00,sell,False,pnl_block,pnl_block,,,False,0.5656820536,0.41829004883766174,0.48,0.44,prob_floor,"prob_floor,trailing_prob_drop",-0.0021000000000000797,-0.0045764579527811725,8.8816,0.41829004883766174,12.626262626262356,0.788301604194168,,126.88,126.85,-0.0045764579527811725,6.0
BTC/USDT,xgb_primary,conservative,1m,2025-12-22 18:18:00+00:00,2025-12-22 17:40:00+00:00,2025-12-22 18:18:00+00:00,sell,False,pnl_block,pnl_block,,,False,0.587852478,0.4007633626461029,0.56,0.45,prob_floor,"prob_floor,trailing_prob_drop",-0.015333999999999652,-0.01712500171617958,8.950000000000001,0.4007633626461029,27.98236142459348,0.001119235955226903,,89500.0,89346.66,-0.01712500171617958,38.0
ETH/USDT,xgb_primary,primary,1m,2025-12-22 18:20:00+00:00,2025-12-22 16:50:00+00:00,2025-12-22 18:20:00+00:00,sell,True,dry_run,dry_run,,,True,0.5656820536,0.5002435445785522,0.48,0.43,time_limit,time_exit,-0.10133999999999924,-0.10499252399999924,18.262620000000002,0.5002435445785522,0.033037264381578856,0.033037264381578856,18.16128,3043.77,3026.88,-0.10499252399999924,90.0
SOL/USDT,xgb_primary,conservative,1m,2025-12-22 18:21:00+00:00,2025-12-22 18:12:00+00:00,2025-12-22 18:21:00+00:00,sell,False,pnl_block,pnl_block,,,False,0.5656820536,0.41829004883766174,0.48,0.44,prob_floor,"prob_floor,trailing_prob_drop",-0.01190000000000012,-0.014377231494298707,8.8816,0.41829004883766174,11.049723756906122,0.7891725525790251,,126.88,126.71,-0.014377231494298707,9.0
BTC/USDT,xgb_primary,conservative,1m,2025-12-22 18:21:00+00:00,2025-12-22 17:40:00+00:00,2025-12-22 18:21:00+00:00,sell,False,pnl_block,pnl_block,,,False,0.587852478,0.565682053565979,0.56,0.45,gate_close,gate_close,-0.01749600000000064,-0.019287001958634788,8.950000000000001,0.565682053565979,8.260393946572876,0.0011195068537959568,,89500.0,89325.04,-0.019287001958634788,41.0
BTC/USDT,xgb_primary,conservative,1m,2025-12-22 18:24:00+00:00,2025-12-22 17:40:00+00:00,2025-12-22 18:24:00+00:00,sell,False,pnl_block,pnl_block,,,False,0.587852478,0.565682053565979,0.56,0.45,gate_close,gate_close,-0.007780000000000291,-0.009571000869975298,8.950000000000001,0.565682053565979,7.735523189287273,0.0011182904748673135,,89500.0,89422.2,-0.009571000869975298,44.0
ETH/USDT,xgb_primary,primary,1m,2025-12-22 18:25:00+00:00,,2025-12-22 18:25:00+00:00,buy,True,dry_run,dry_run,,exchange_qty_step,True,0.5002435445785522,0.5002435445785522,,0.48,dry_run,,,,,0.5002435445785522,0.03299507878471958,,18.18456,,3030.76,0.0,
SOL/USDT,xgb_primary,conservative,1m,2025-12-22 18:26:00+00:00,2025-12-22 18:12:00+00:00,2025-12-22 18:26:00+00:00,sell,False,pnl_block,pnl_block,,,False,0.5656820536,0.5002435445785522,0.48,0.44,gate_close,gate_close,0.0007000000000003582,-0.0017762372544229484,8.8816,0.5002435445785522,7.089405277668642,0.7880531147803393,,126.88,126.89,-0.0017762372544229484,14.0
BTC/USDT,xgb_primary,conservative,1m,2025-12-22 18:31:00+00:00,2025-12-22 17:40:00+00:00,2025-12-22 18:31:00+00:00,sell,False,pnl_block,pnl_block,,,False,0.587852478,0.4742901027202606,0.56,0.45,trailing_prob_drop,trailing_prob_drop,-0.01086600000000035,-0.01265700121549927,8.950000000000001,0.4742901027202606,4.839632237161612,0.0011186765351067517,,89500.0,89391.34,-0.01265700121549927,51.0
SOL/USDT,xgb_primary,conservative,1m,2025-12-22 18:31:00+00:00,2025-12-22 18:12:00+00:00,2025-12-22 18:31:00+00:00,sell,False,dry_run,dry_run,,,True,0.5656820536,0.4742901027202606,0.48,0.44,take_profit,take_profit,0.016800000000000637,0.015023680000000638,8.8816,0.4742901027202606,0.7866273352991863,0.7866273352991863,8.8984,126.88,127.12,0.015023680000000638,19.0
ETH/USDT,xgb_primary,primary,1m,2025-12-22 18:32:00+00:00,2025-12-22 18:25:00+00:00,2025-12-22 18:32:00+00:00,sell,False,pnl_block,pnl_block,,,False,0.5002435446,0.41829004883766174,0.48,0.43,prob_floor,prob_floor,-0.0032400000000025104,-0.006936922593276598,18.18456,0.41829004883766174,,0.03300084977260197,,3030.76,3030.22,-0.006936922593276598,7.0
BTC/USDT,xgb_primary,conservative,1m,2025-12-22 18:32:00+00:00,2025-12-22 17:40:00+00:00,2025-12-22 18:32:00+00:00,sell,False,pnl_block,pnl_block,,,False,0.587852478,0.41829004883766174,0.56,0.45,prob_floor,"prob_floor,trailing_prob_drop",-0.011425000000000001,-0.013216001278111409,8.950000000000001,0.41829004883766174,8.799510109145192,0.0011187464931924902,,89500.0,89385.75,-0.013216001278111409,52.0
ETH/USDT,xgb_primary,primary,1m,2025-12-22 18:34:00+00:00,2025-12-22 18:25:00+00:00,2025-12-22 18:34:00+00:00,sell,False,pnl_block,pnl_block,,,False,0.5002435446,0.41829004883766174,0.48,0.43,prob_floor,prob_floor,-0.009600000000002183,-0.013296943592868194,18.18456,0.41829004883766174,,0.03301239780671664,,3030.76,3029.16,-0.013296943592868194,9.0
SOL/USDT,xgb_primary,conservative,1m,2025-12-22 18:34:00+00:00,,2025-12-22 18:34:00+00:00,buy,True,dry_run,dry_run,,exchange_qty_step,True,0.5878524780273438,0.5878524780273438,,0.48,dry_run,,,,,0.5878524780273438,0.7873705759619791,,8.8907,,127.01,0.0,
ETH/USDT,xgb_primary,primary,1m,2025-12-22 18:35:00+00:00,2025-12-22 18:25:00+00:00,2025-12-22 18:35:00+00:00,sell,False,pnl_block,pnl_block,,,False,0.5002435446,0.41829004883766174,0.48,0.43,prob_floor,prob_floor,-0.0076200000000026195,-0.011316937053684493,18.18456,0.41829004883766174,,0.03300880179771968,,3030.76,3029.49,-0.011316937053684493,10.0
SOL/USDT,xgb_primary,conservative,1m,2025-12-22 18:37:00+00:00,2025-12-22 18:34:00+00:00,2025-12-22 18:37:00+00:00,sell,True,min_hold,min_hold,,,False,0.587852478,0.6076040863990784,0.48,0.44,take_profit,take_profit,0.013999999999999206,0.011522988011632696,8.8907,0.6076040863990784,,0.786070824981733,,127.01,127.21,0.011522988011632696,3.0
SOL/USDT,xgb_primary,conservative,1m,2025-12-22 18:38:00+00:00,2025-12-22 18:34:00+00:00,2025-12-22 18:38:00+00:00,sell,False,min_hold,min_hold,,,False,0.587852478,0.6076040863990784,0.48,0.44,take_profit,"take_profit,gate_close",0.016799999999999645,0.014323207687712933,8.8907,0.6076040863990784,10.219322380315655,0.7858237397355795,,127.01,127.25,0.014323207687712933,4.0
SOL/USDT,xgb_primary,conservative,1m,2025-12-22 18:39:00+00:00,2025-12-22 18:34:00+00:00,2025-12-22 18:39:00+00:00,sell,True,dry_run,dry_run,,,True,0.587852478,0.6076040863990784,0.48,0.44,take_profit,take_profit,0.015399999999999922,0.013621859999999923,8.8907,0.6076040863990784,2.357749135492073,0.785947262937942,8.9061,127.01,127.23,0.013621859999999923,5.0
SOL/USDT,xgb_primary,conservative,1m,2025-12-22 18:40:00+00:00,,2025-12-22 18:40:00+00:00,buy,True,cooldown_after_exit,cooldown_after_exit,cooldown_after_exit,,False,0.6076040863990784,0.6076040863990784,,0.48,cooldown_after_exit,,,,,0.6076040863990784,,,10.0,,127.43,0.0,
BTC/USDT,xgb_primary,conservative,1m,2025-12-22 18:41:00+00:00,2025-12-22 17:40:00+00:00,2025-12-22 18:41:00+00:00,sell,False,pnl_block,pnl_block,,,False,0.587852478,0.565682053565979,0.56,0.45,gate_close,gate_close,-0.004502999999999884,-0.006294000503325195,8.950000000000001,0.565682053565979,7.256067667272365,0.001117880810403369,,89500.0,89454.97,-0.006294000503325195,61.0
SOL/USDT,xgb_primary,conservative,1m,2025-12-22 18:43:00+00:00,,2025-12-22 18:43:00+00:00,buy,True,dry_run,dry_run,,exchange_qty_step,True,0.6076040863990784,0.6076040863990784,,0.48,dry_run,,,,,0.6076040863990784,0.7863799001301551,,8.901900000000001,,127.17,0.0,
BTC/USDT,xgb_primary,conservative,1m,2025-12-22 18:44:00+00:00,2025-12-22 17:40:00+00:00,2025-12-22 18:44:00+00:00,sell,False,pnl_block,pnl_block,,,False,0.587852478,0.4742901027202606,0.56,0.45,trailing_prob_drop,trailing_prob_drop,-0.005983000000000175,-0.00777400066888251,8.950000000000001,0.4742901027202606,5.455511749700092,0.0011180657903186472,,89500.0,89440.17,-0.00777400066888251,64.0
ETH/USDT,xgb_primary,primary,1m,2025-12-22 18:45:00+00:00,2025-12-22 18:25:00+00:00,2025-12-22 18:45:00+00:00,sell,False,pnl_block,pnl_block,,,False,0.5002435446,0.41829004883766174,0.48,0.43,prob_floor,prob_floor,-0.009900000000000546,-0.013596944583773595,18.18456,0.41829004883766174,,0.03301294272341437,,3030.76,3029.11,-0.013596944583773595,20.0
BTC/USDT,xgb_primary,conservative,1m,2025-12-22 18:45:00+00:00,2025-12-22 17:40:00+00:00,2025-12-22 18:45:00+00:00,sell,False,pnl_block,pnl_block,,,False,0.587852478,0.4742901027202606,0.56,0.45,trailing_prob_drop,trailing_prob_drop,-0.0025380000000004657,-0.004329000283601357,8.950000000000001,0.4742901027202606,1.6113662037133092,0.0011176353082578692,,89500.0,89474.62,-0.004329000283601357,65.0
SOL/USDT,xgb_primary,conservative,1m,2025-12-22 18:47:00+00:00,2025-12-22 18:43:00+00:00,2025-12-22 18:47:00+00:00,sell,False,min_hold,min_hold,,,False,0.6076040864,0.5002435445785522,0.48,0.44,gate_close,gate_close,0.004200000000000159,0.0017199776060054326,8.901900000000001,0.5002435445785522,7.862253321802699,0.785947262937942,,127.17,127.23,0.0017199776060054326,4.0
ETH/USDT,xgb_primary,primary,1m,2025-12-22 18:47:00+00:00,2025-12-22 18:25:00+00:00,2025-12-22 18:47:00+00:00,sell,False,pnl_block,pnl_block,,,False,0.5002435446,0.41829004883766174,0.48,0.43,prob_floor,prob_floor,-0.01524000000000251,-0.018936962227447292,18.18456,0.41829004883766174,,0.03302264527972089,,3030.76,3028.22,-0.018936962227447292,22.0
ETH/USDT,xgb_primary,primary,1m,2025-12-22 18:48:00+00:00,2025-12-22 18:25:00+00:00,2025-12-22 18:48:00+00:00,sell,False,pnl_block,pnl_block,,,False,0.5002435446,0.41829004883766174,0.48,0.43,prob_floor,prob_floor,-0.008160000000000764,-0.011856938836952475,18.18456,0.41829004883766174,,0.0330097824482482,,3030.76,3029.4,-0.011856938836952475,23.0
ETH/USDT,xgb_primary,primary,1m,2025-12-22 18:51:00+00:00,2025-12-22 18:25:00+00:00,2025-12-22 18:51:00+00:00,sell,False,pnl_block,pnl_block,,,False,0.5002435446,0.41829004883766174,0.48,0.43,prob_floor,prob_floor,-0.036180000000001204,-0.03987703151460189,18.18456,0.41829004883766174,,0.03306074746965778,,3030.76,3024.73,-0.03987703151460189,26.0
SOL/USDT,xgb_primary,conservative,1m,2025-12-22 18:51:00+00:00,2025-12-22 18:43:00+00:00,2025-12-22 18:51:00+00:00,sell,False,pnl_block,pnl_block,,,False,0.6076040864,0.4742901027202606,0.48,0.44,trailing_prob_drop,trailing_prob_drop,-0.016799999999999645,-0.019281675938865355,8.901900000000001,0.4742901027202606,6.300204756655576,0.7878047819743101,,127.17,126.93,-0.019281675938865355,8.0
BTC/USDT,xgb_primary,conservative,1m,2025-12-22 18:51:00+00:00,2025-12-22 17:40:00+00:00,2025-12-22 18:51:00+00:00,sell,False,pnl_block,pnl_block,,,False,0.587852478,0.4742901027202606,0.56,0.45,trailing_prob_drop,trailing_prob_drop,-0.015102999999999884,-0.01689400169028176,8.950000000000001,0.4742901027202606,4.278542878038689,0.0011192070188562667,,89500.0,89348.97,-0.01689400169028176,71.0
BTC/USDT,xgb_primary,conservative,1m,2025-12-22 18:52:00+00:00,2025-12-22 17:40:00+00:00,2025-12-22 18:52:00+00:00,sell,False,pnl_block,pnl_block,,,False,0.587852478,0.41829004883766174,0.56,0.45,prob_floor,"prob_floor,trailing_prob_drop",-0.01678000000000029,-0.01857100187832719,8.950000000000001,0.41829004883766174,0.6133254809759895,0.00111941712502375,,89500.0,89332.2,-0.01857100187832719,72.0
SOL/USDT,xgb_primary,conservative,1m,2025-12-22 18:53:00+00:00,2025-12-22 18:43:00+00:00,2025-12-22 18:53:00+00:00,sell,False,pnl_block,pnl_block,,,False,0.6076040864,0.41829004883766174,0.48,0.44,prob_floor,"prob_floor,trailing_prob_drop",-0.020999999999999804,-0.02418357987389612,8.901900000000001,0.41829004883766174,,1.5762925598988036,,127.17,126.87,-0.02418357987389612,10.0
ETH/USDT,xgb_primary,primary,1m,2025-12-22 18:53:00+00:00,2025-12-22 18:25:00+00:00,2025-12-22 18:53:00+00:00,sell,False,pnl_block,pnl_block,,,False,0.5002435446,0.41829004883766174,0.48,0.43,prob_floor,prob_floor,-0.043800000000001095,-0.04749705676767517,18.18456,0.41829004883766174,,0.03307463456584922,,3030.76,3023.46,-0.04749705676767517,28.0
BTC/USDT,xgb_primary,conservative,1m,2025-12-22 18:53:00+00:00,2025-12-22 17:40:00+00:00,2025-12-22 18:53:00+00:00,sell,False,pnl_block,pnl_block,,,False,0.587852478,0.41829004883766174,0.56,0.45,prob_floor,"prob_floor,trailing_prob_drop",-0.014186999999999535,-0.015978001587599287,8.950000000000001,0.41829004883766174,2.2330278133404873,0.0011190922902275557,,89500.0,89358.13,-0.015978001587599287,73.0
ETH/USDT,xgb_primary,primary,1m,2025-12-22 18:54:00+00:00,2025-12-22 18:25:00+00:00,2025-12-22 18:54:00+00:00,sell,False,pnl_block,pnl_block,,,False,0.5002435446,0.41829004883766174,0.48,0.43,prob_floor,prob_floor,-0.03546000000000186,-0.03915702912958459,18.18456,0.41829004883766174,,0.03305943590756674,,3030.76,3024.85,-0.03915702912958459,29.0
SOL/USDT,xgb_primary,conservative,1m,2025-12-22 18:54:00+00:00,2025-12-22 18:43:00+00:00,2025-12-22 18:54:00+00:00,sell,False,pnl_block,pnl_block,,,False,0.6076040864,0.41829004883766174,0.48,0.44,prob_floor,"prob_floor,trailing_prob_drop",-0.020999999999999804,-0.023482007586206062,8.901900000000001,0.41829004883766174,,0.788177339900761,,127.17,126.87,-0.023482007586206062,11.0
BTC/USDT,xgb_primary,conservative,1m,2025-12-22 18:55:00+00:00,2025-12-22 17:40:00+00:00,2025-12-22 18:55:00+00:00,sell,False,pnl_block,pnl_block,,,False,0.587852478,0.41829004883766174,0.56,0.45,prob_floor,"prob_floor,trailing_prob_drop",-0.013142999999999303,-0.014934001470594007,8.950000000000001,0.41829004883766174,,0.0011189615583286753,,89500.0,89368.57,-0.014934001470594007,75.0
ETH/USDT,xgb_primary,primary,1m,2025-12-22 18:55:00+00:00,2025-12-22 18:25:00+00:00,2025-12-22 18:55:00+00:00,sell,False,pnl_block,pnl_block,,,False,0.5002435446,0.41829004883766174,0.48,0.43,prob_floor,prob_floor,-0.030540000000000875,-0.03423701283700277,18.18456,0.41829004883766174,,0.03305047633920871,,3030.76,3025.67,-0.03423701283700277,30.0
SOL/USDT,xgb_primary,conservative,1m,2025-12-22 18:55:00+00:00,2025-12-22 18:43:00+00:00,2025-12-22 18:55:00+00:00,sell,False,pnl_block,pnl_block,,,False,0.6076040864,0.41829004883766174,0.48,0.44,prob_floor,"prob_floor,trailing_prob_drop",-0.018200000000000358,-0.020681786453138645,8.901900000000001,0.41829004883766174,2.3640661938535175,0.7879289288110244,,127.17,126.91,-0.020681786453138645,12.0
BTC/USDT,xgb_primary,conservative,1m,2025-12-22 18:56:00+00:00,2025-12-22 17:40:00+00:00,2025-12-22 18:56:00+00:00,sell,False,pnl_block,pnl_block,,,False,0.587852478,0.41829004883766174,0.56,0.45,prob_floor,"prob_floor,trailing_prob_drop",-0.01978999999999942,-0.021581002216016085,8.950000000000001,0.41829004883766174,0.0011189616209324274,0.0011197944320306122,,89500.0,89302.1,-0.021581002216016085,76.0
SOL/USDT,xgb_primary,conservative,1m,2025-12-22 18:56:00+00:00,2025-12-22 18:43:00+00:00,2025-12-22 18:56:00+00:00,sell,False,pnl_block,pnl_block,,,False,0.6076040864,0.3245033025741577,0.48,0.44,prob_floor,"prob_floor,trailing_prob_drop",-0.02240000000000052,-0.024882118205038127,8.901900000000001,0.3245033025741577,,0.788301604194168,,127.17,126.85,-0.024882118205038127,13.0
ETH/USDT,xgb_primary,primary,1m,2025-12-22 18:56:00+00:00,2025-12-22 18:25:00+00:00,2025-12-22 18:56:00+00:00,sell,False,pnl_block,pnl_block,,,False,0.5002435446,0.41829004883766174,0.48,0.43,prob_floor,prob_floor,-0.03456000000000131,-0.03825702614857428,18.18456,0.41829004883766174,3.9315968230056377,0.03305779659940489,,3030.76,3025.0,-0.03825702614857428,31.0
SOL/USDT,xgb_primary,conservative,1m,2025-12-22 18:57:00+00:00,2025-12-22 18:43:00+00:00,2025-12-22 18:57:00+00:00,sell,False,pnl_block,pnl_block,,,False,0.6076040864,0.3396226465702057,0.48,0.44,prob_floor,"prob_floor,trailing_prob_drop",-0.04480000000000004,-0.04728389286205438,8.901900000000001,0.3396226465702057,3.9413526722368877,0.7902951752483593,,127.17,126.53,-0.04728389286205438,14.0
ETH/USDT,xgb_primary,primary,1m,2025-12-22 18:57:00+00:00,2025-12-22 18:25:00+00:00,2025-12-22 18:57:00+00:00,sell,False,pnl_block,pnl_block,,,False,0.5002435446,0.41829004883766174,0.48,0.43,prob_floor,prob_floor,-0.0988800000000001,-0.10257723993846501,18.18456,0.41829004883766174,2.610741715025855,0.033175363310912975,,3030.76,3014.28,-0.10257723993846501,32.0
BTC/USDT,xgb_primary,conservative,1m,2025-12-22 18:57:00+00:00,2025-12-22 17:40:00+00:00,2025-12-22 18:57:00+00:00,sell,False,pnl_block,pnl_block,,,False,0.587852478,0.41829004883766174,0.56,0.45,prob_floor,"prob_floor,trailing_prob_drop",-0.032800999999999476,-0.034592003678339894,8.950000000000001,0.41829004883766174,0.0011191226609649579,0.001121428313313088,,89500.0,89171.99,-0.034592003678339894,77.0
SOL/USDT,xgb_primary,conservative,1m,2025-12-22 18:58:00+00:00,2025-12-22 18:43:00+00:00,2025-12-22 18:58:00+00:00,sell,False,pnl_block,pnl_block,,,False,0.6076040864,0.41829004883766174,0.48,0.44,prob_floor,"prob_floor,trailing_prob_drop",-0.0490000000000002,-0.05148422661000254,8.901900000000001,0.41829004883766174,30.032403382596655,0.7906700929041404,,127.17,126.47,-0.05148422661000254,15.0
BTC/USDT,xgb_primary,conservative,1m,2025-12-22 18:58:00+00:00,2025-12-22 17:40:00+00:00,2025-12-22 18:58:00+00:00,sell,False,pnl_block,pnl_block,,,False,0.587852478,0.39150944352149963,0.56,0.45,prob_floor,"prob_floor,trailing_prob_drop",-0.03499700000000012,-0.036788003925572924,8.950000000000001,0.39150944352149963,18.179473377293384,0.0011217045506220283,,89500.0,89150.03,-0.036788003925572924,78.0
ETH/USDT,xgb_primary,primary,1m,2025-12-22 18:59:00+00:00,2025-12-22 18:25:00+00:00,2025-12-22 18:59:00+00:00,sell,False,pnl_block,pnl_block,,,False,0.5002435446,0.39150944352149963,0.48,0.43,prob_floor,prob_floor,-0.0901800000000012,-0.09387721093210091,18.18456,0.39150944352149963,,0.03315941221547494,,3030.76,3015.73,-0.09387721093210091,34.0
SOL/USDT,xgb_primary,conservative,1m,2025-12-22 18:59:00+00:00,2025-12-22 18:43:00+00:00,2025-12-22 18:59:00+00:00,sell,False,pnl_block,pnl_block,,,False,0.6076040864,0.3245033025741577,0.48,0.44,prob_floor,"prob_floor,trailing_prob_drop",-0.051100000000000284,-0.05358439360275283,8.901900000000001,0.3245033025741577,7.905138339921623,0.7908576851599601,,127.17,126.44,-0.05358439360275283,16.0
BTC/USDT,xgb_primary,conservative,1m,2025-12-22 18:59:00+00:00,2025-12-22 17:40:00+00:00,2025-12-22 18:59:00+00:00,sell,False,pnl_block,pnl_block,,,False,0.587852478,0.3396226465702057,0.56,0.45,prob_floor,"prob_floor,trailing_prob_drop",-0.03943000000000029,-0.04122100442502654,8.950000000000001,0.3396226465702057,2.800527311141743,0.0011222625991582948,,89500.0,89105.7,-0.04122100442502654,79.0
SOL/USDT,xgb_primary,conservative,1m,2025-12-22 19:00:00+00:00,2025-12-22 18:43:00+00:00,2025-12-22 19:00:00+00:00,sell,False,pnl_block,pnl_block,,,False,0.6076040864,0.4007633626461029,0.48,0.44,prob_floor,"prob_floor,trailing_prob_drop",-0.052500000000000005,-0.05498450497528215,8.901900000000001,0.4007633626461029,3.952881650723153,0.7909827961245889,,127.17,126.42,-0.05498450497528215,17.0
BTC/USDT,xgb_primary,conservative,1m,2025-12-22 19:00:00+00:00,2025-12-22 17:40:00+00:00,2025-12-22 19:00:00+00:00,sell,False,pnl_block,pnl_block,,,False,0.587852478,0.4007633626461029,0.56,0.45,prob_floor,"prob_floor,trailing_prob_drop",-0.051411999999999534,-0.05320300577748833,8.950000000000001,0.4007633626461029,6.287320447018341,0.0011237737304923483,,89500.0,88985.88,-0.05320300577748833,80.0
ETH/USDT,xgb_primary,primary,1m,2025-12-22 19:00:00+00:00,2025-12-22 18:25:00+00:00,2025-12-22 19:00:00+00:00,sell,False,pnl_block,pnl_block,,,False,0.5002435446,0.4007633626461029,0.48,0.43,prob_floor,prob_floor,-0.10608000000000174,-0.10977726396484971,18.18456,0.4007633626461029,,0.03318857582915277,,3030.76,3013.08,-0.10977726396484971,35.0
SOL/USDT,xgb_primary,conservative,1m,2025-12-22 19:01:00+00:00,2025-12-22 18:43:00+00:00,2025-12-22 19:01:00+00:00,sell,False,pnl_block,pnl_block,,,False,0.6076040864,0.3245033025741577,0.48,0.44,prob_floor,"prob_floor,trailing_prob_drop",-0.06230000000000004,-0.06478528557073326,8.901900000000001,0.3245033025741577,,0.7918596824646725,,127.17,126.28,-0.06478528557073326,18.0
BTC/USDT,xgb_primary,conservative,1m,2025-12-22 19:01:00+00:00,2025-12-22 17:40:00+00:00,2025-12-22 19:01:00+00:00,sell,False,pnl_block,pnl_block,,,False,0.587852478,0.3245033025741577,0.56,0.45,prob_floor,"prob_floor,trailing_prob_drop",-0.05769299999999931,-0.05948400648790982,8.950000000000001,0.3245033025741577,8.090780307566945,0.0011245674977795482,,89500.0,88923.07,-0.05948400648790982,81.0
ETH/USDT,xgb_primary,primary,1m,2025-12-22 19:01:00+00:00,2025-12-22 18:25:00+00:00,2025-12-22 19:01:00+00:00,sell,False,pnl_block,pnl_block,,,False,0.5002435446,0.39150944352149963,0.48,0.43,prob_floor,prob_floor,-0.12864000000000034,-0.13233733937158557,18.18456,0.39150944352149963,,0.03323004328134559,,3030.76,3009.32,-0.13233733937158557,36.0
ETH/USDT,xgb_primary,primary,1m,2025-12-22 19:02:00+00:00,2025-12-22 18:25:00+00:00,2025-12-22 19:02:00+00:00,sell,False,pnl_block,pnl_block,,,False,0.5002435446,0.3245033025741577,0.48,0.43,prob_floor,"prob_floor,trailing_prob_drop",-0.13602000000000045,-0.1397173640801361,18.18456,0.3245033025741577,,0.03324363093507197,,3030.76,3008.09,-0.1397173640801361,37.0
SOL/USDT,xgb_primary,conservative,1m,2025-12-22 19:02:00+00:00,2025-12-22 18:43:00+00:00,2025-12-22 19:02:00+00:00,sell,False,pnl_block,pnl_block,,,False,0.6076040864,0.41829004883766174,0.48,0.44,prob_floor,"prob_floor,trailing_prob_drop",-0.06019999999999997,-0.06268511815461279,8.901900000000001,0.41829004883766174,15.044738300737345,0.7916716146135381,,127.17,126.31,-0.06268511815461279,19.0
BTC/USDT,xgb_primary,conservative,1m,2025-12-22 19:02:00+00:00,2025-12-22 17:40:00+00:00,2025-12-22 19:02:00+00:00,sell,False,pnl_block,pnl_block,,,False,0.587852478,0.3245033025741577,0.56,0.45,prob_floor,"prob_floor,trailing_prob_drop",-0.09751499999999942,-0.13739668117166975,8.950000000000001,0.3245033025741577,7.064532627523971,42.560537621978,,89500.0,88524.85,-0.13739668117166975,82.0
ETH/USDT,xgb_primary,primary,1m,2025-12-22 19:03:00+00:00,2025-12-22 18:25:00+00:00,2025-12-22 19:03:00+00:00,sell,False,pnl_block,pnl_block,,,False,0.5002435446,0.3191489577293396,0.48,0.43,prob_floor,"prob_floor,trailing_prob_drop",-0.13596000000000186,-0.13959691200000185,18.18456,0.3191489577293396,,,,3030.76,3008.1,-0.13959691200000185,38.0
SOL/USDT,xgb_primary,conservative,1m,2025-12-22 19:03:00+00:00,2025-12-22 18:43:00+00:00,2025-12-22 19:03:00+00:00,sell,False,pnl_block,pnl_block,,,False,0.6076040864,0.3191489577293396,0.48,0.44,prob_floor,"prob_floor,trailing_prob_drop",-0.07070000000000036,-0.0731859560313882,8.901900000000001,0.3191489577293396,5.541481950601107,0.7926128482546757,,127.17,126.16,-0.0731859560313882,20.0
BTC/USDT,xgb_primary,conservative,1m,2025-12-22 19:03:00+00:00,2025-12-22 17:40:00+00:00,2025-12-22 19:03:00+00:00,sell,False,pnl_block,pnl_block,,,False,0.587852478,0.39150944352149963,0.56,0.45,prob_floor,"prob_floor,trailing_prob_drop",-0.06456499999999941,-0.06635600726632815,8.950000000000001,0.39150944352149963,44.79228272036671,0.0011254372388119084,,89500.0,88854.35,-0.06635600726632815,83.0
SOL/USDT,xgb_primary,conservative,1m,2025-12-22 19:04:00+00:00,2025-12-22 18:43:00+00:00,2025-12-22 19:04:00+00:00,sell,False,pnl_block,pnl_block,,,False,0.6076040864,0.3245033025741577,0.48,0.44,prob_floor,"prob_floor,trailing_prob_drop",-0.08470000000000057,-0.08718707630452996,8.901900000000001,0.3245033025741577,11.096140128398236,0.7938713134604942,,127.17,125.96,-0.08718707630452996,21.0
ETH/USDT,xgb_primary,primary,1m,2025-12-22 19:05:00+00:00,2025-12-22 18:25:00+00:00,2025-12-22 19:05:00+00:00,sell,False,pnl_block,pnl_block,,,False,0.5002435446,0.3191489577293396,0.48,0.43,prob_floor,"prob_floor,trailing_prob_drop",-0.15570000000000164,-0.15939743006850302,18.18456,0.3191489577293396,0.03325772743369499,0.03327991906396327,,3030.76,3004.81,-0.15939743006850302,40.0
BTC/USDT,xgb_primary,conservative,1m,2025-12-22 19:05:00+00:00,2025-12-22 17:40:00+00:00,2025-12-22 19:05:00+00:00,sell,False,pnl_block,pnl_block,,,False,0.587852478,0.3245033025741577,0.56,0.45,prob_floor,"prob_floor,trailing_prob_drop",-0.07457599999999948,-0.0763670084024703,8.950000000000001,0.3245033025741577,,0.001126706671299081,,89500.0,88754.24,-0.0763670084024703,85.0
SOL/USDT,xgb_primary,conservative,1m,2025-12-22 19:05:00+00:00,2025-12-22 18:43:00+00:00,2025-12-22 19:05:00+00:00,sell,False,pnl_block,pnl_block,,,False,0.6076040864,0.4007633626461029,0.48,0.44,prob_floor,"prob_floor,trailing_prob_drop",-0.09450000000000061,-0.09698786261474367,8.901900000000001,0.4007633626461029,26.196713503214916,0.7947546195116325,,127.17,125.82,-0.09698786261474367,22.0
SOL/USDT,xgb_primary,conservative,1m,2025-12-22 19:06:00+00:00,2025-12-22 18:43:00+00:00,2025-12-22 19:06:00+00:00,sell,False,pnl_block,pnl_block,,,False,0.6076040864,0.37037035822868347,0.48,0.44,prob_floor,"prob_floor,trailing_prob_drop",-0.09869999999999977,-0.10118820014073782,8.901900000000001,0.37037035822868347,11.127006835161387,0.7951337812579736,,127.17,125.76,-0.10118820014073782,23.0
BTC/USDT,xgb_primary,conservative,1m,2025-12-22 19:06:00+00:00,2025-12-22 17:40:00+00:00,2025-12-22 19:06:00+00:00,sell,False,pnl_block,pnl_block,,,False,0.587852478,0.3245033025741577,0.56,0.45,prob_floor,"prob_floor,trailing_prob_drop",-0.08318600000000007,-0.08497700938166643,8.950000000000001,0.3245033025741577,5.369273080688311,0.0011278007445358546,,89500.0,88668.14,-0.08497700938166643,86.0
BTC/USDT,xgb_primary,conservative,1m,2025-12-22 19:07:00+00:00,2025-12-22 17:40:00+00:00,2025-12-22 19:07:00+00:00,sell,False,pnl_block,pnl_block,,,False,0.587852478,0.39150944352149963,0.56,0.45,prob_floor,"prob_floor,trailing_prob_drop",-0.07405399999999936,-0.07584500834316539,8.950000000000001,0.39150944352149963,12.321991710228929,0.0011266404089706164,,89500.0,88759.46,-0.07584500834316539,87.0
SOL/USDT,xgb_primary,conservative,1m,2025-12-22 19:07:00+00:00,2025-12-22 18:43:00+00:00,2025-12-22 19:07:00+00:00,sell,False,pnl_block,pnl_block,,,False,0.6076040864,0.3396226465702057,0.48,0.44,prob_floor,"prob_floor,trailing_prob_drop",-0.08750000000000001,-0.08998730078618263,8.901900000000001,0.3396226465702057,11.131430388805006,0.7941234862025107,,127.17,125.92,-0.08998730078618263,24.0
ETH/USDT,xgb_primary,primary,1m,2025-12-22 19:07:00+00:00,2025-12-22 18:25:00+00:00,2025-12-22 19:07:00+00:00,sell,False,pnl_block,pnl_block,,,False,0.5002435446,0.3191489577293396,0.48,0.43,prob_floor,"prob_floor,trailing_prob_drop",-0.1969800000000023,-0.2006775689522057,18.18456,0.3191489577293396,,0.033356293582810434,,3030.76,2997.93,-0.2006775689522057,42.0
SOL/USDT,xgb_primary,conservative,1m,2025-12-22 19:08:00+00:00,2025-12-22 18:43:00+00:00,2025-12-22 19:08:00+00:00,sell,False,pnl_block,pnl_block,,,False,0.6076040864,0.39150944352149963,0.48,0.44,prob_floor,"prob_floor,trailing_prob_drop",-0.07559999999999989,-0.07808634772274797,8.901900000000001,0.39150944352149963,15.881839116969969,0.793052856972196,,127.17,126.09,-0.07808634772274797,25.0
BTC/USDT,xgb_primary,conservative,1m,2025-12-22 19:08:00+00:00,2025-12-22 17:40:00+00:00,2025-12-22 19:08:00+00:00,sell,False,pnl_block,pnl_block,,,False,0.587852478,0.3191489577293396,0.56,0.45,prob_floor,"prob_floor,trailing_prob_drop",-0.056322999999999596,-0.05811400633286868,8.950000000000001,0.3191489577293396,8.298879572370977,0.0011243942671365485,,89500.0,88936.77,-0.05811400633286868,88.0
ETH/USDT,xgb_primary,primary,1m,2025-12-22 19:09:00+00:00,2025-12-22 18:25:00+00:00,2025-12-22 19:09:00+00:00,sell,False,pnl_block,pnl_block,,,False,0.5002435446,0.3191489577293396,0.48,0.43,prob_floor,"prob_floor,trailing_prob_drop",-0.13608000000000176,-0.13977736428110552,18.18456,0.3191489577293396,,0.033243741450850885,,3030.76,3008.08,-0.13977736428110552,44.0
SOL/USDT,xgb_primary,conservative,1m,2025-12-22 19:09:00+00:00,2025-12-22 18:43:00+00:00,2025-12-22 19:09:00+00:00,sell,False,pnl_block,pnl_block,,,False,0.6076040864,0.3245033025741577,0.48,0.44,prob_floor,"prob_floor,trailing_prob_drop",-0.07420000000000017,-0.07668623576656279,8.901900000000001,0.3245033025741577,14.27438540840544,0.7929270903544475,,127.17,126.11,-0.07668623576656279,26.0
ETH/USDT,xgb_primary,primary,1m,2025-12-22 19:10:00+00:00,2025-12-22 18:25:00+00:00,2025-12-22 19:10:00+00:00,sell,False,pnl_block,pnl_block,,,False,0.5002435446,0.3191489577293396,0.48,0.43,prob_floor,"prob_floor,trailing_prob_drop",-0.145920000000001,-0.1496173972575047,18.18456,0.3191489577293396,,0.0332618757361719,,3030.76,3006.44,-0.1496173972575047,45.0
BTC/USDT,xgb_primary,conservative,1m,2025-12-22 19:10:00+00:00,2025-12-22 17:40:00+00:00,2025-12-22 19:10:00+00:00,sell,False,dry_run,dry_run,,,True,0.587852478,0.3245033025741577,0.56,0.45,time_limit,"time_exit,prob_floor,trailing_prob_drop",-0.0640979999999996,-0.0658879999999996,8.950000000000001,0.3245033025741577,0.0011253780912812528,0.0011253780912812528,8.885902000000002,89500.0,88859.02,-0.0658879999999996,90.0
SOL/USDT,xgb_primary,conservative,1m,2025-12-22 19:10:00+00:00,2025-12-22 18:43:00+00:00,2025-12-22 19:10:00+00:00,sell,False,pnl_block,pnl_block,,,False,0.6076040864,0.3191489577293396,0.48,0.44,prob_floor,"prob_floor,trailing_prob_drop",-0.08119999999999977,-0.08368679590286783,8.901900000000001,0.3191489577293396,3.171834113076382,0.793556322659279,,127.17,126.01,-0.08368679590286783,27.0
SOL/USDT,xgb_primary,conservative,1m,2025-12-22 19:11:00+00:00,2025-12-22 18:43:00+00:00,2025-12-22 19:11:00+00:00,sell,False,pnl_block,pnl_block,,,False,0.6076040864,0.3191489577293396,0.48,0.44,prob_floor,"prob_floor,trailing_prob_drop",-0.08820000000000036,-0.09068735692888132,8.901900000000001,0.3191489577293396,5.551590134030706,0.79418655442204,,127.17,125.91,-0.09068735692888132,28.0
ETH/USDT,xgb_primary,primary,1m,2025-12-22 19:11:00+00:00,2025-12-22 18:25:00+00:00,2025-12-22 19:11:00+00:00,sell,False,pnl_block,pnl_block,,,False,0.5002435446,0.3245033025741577,0.48,0.43,prob_floor,"prob_floor,trailing_prob_drop",-0.1686000000000022,-0.17229747340129203,18.18456,0.3245033025741577,43.010179963647985,0.03330374850413975,,3030.76,3002.66,-0.17229747340129203,46.0
SOL/USDT,xgb_primary,conservative,1m,2025-12-22 19:12:00+00:00,2025-12-22 18:43:00+00:00,2025-12-22 19:12:00+00:00,sell,False,pnl_block,pnl_block,,,False,0.6076040864,0.3245033025741577,0.48,0.44,prob_floor,"prob_floor,trailing_prob_drop",-0.09450000000000061,-0.09698786261474367,8.901900000000001,0.3245033025741577,11.119053292034037,0.7947546195116325,,127.17,125.82,-0.09698786261474367,29.0
ETH/USDT,xgb_primary,primary,1m,2025-12-22 19:13:00+00:00,2025-12-22 18:25:00+00:00,2025-12-22 19:13:00+00:00,sell,False,pnl_block,pnl_block,,,False,0.5002435446,0.3191489577293396,0.48,0.43,prob_floor,"prob_floor,trailing_prob_drop",-0.18948000000000229,-0.19317754367160772,18.18456,0.3191489577293396,,0.03334239135037778,,3030.76,2999.18,-0.19317754367160772,48.0
SOL/USDT,xgb_primary,conservative,1m,2025-12-22 19:13:00+00:00,2025-12-22 18:43:00+00:00,2025-12-22 19:13:00+00:00,sell,False,pnl_block,pnl_block,,,False,0.6076040864,0.3191489577293396,0.48,0.44,prob_floor,"prob_floor,trailing_prob_drop",-0.09380000000000024,-0.09628780639170403,8.901900000000001,0.3191489577293396,6.357784312167075,0.7946914610406576,,127.17,125.83,-0.09628780639170403,30.0
SOL/USDT,xgb_primary,conservative,1m,2025-12-22 19:14:00+00:00,2025-12-22 18:43:00+00:00,2025-12-22 19:14:00+00:00,sell,False,pnl_block,pnl_block,,,False,0.6076040864,0.3245033025741577,0.48,0.44,prob_floor,"prob_floor,trailing_prob_drop",-0.09590000000000033,-0.09838797508763632,8.901900000000001,0.3245033025741577,6.357279084552805,0.794880966575662,,127.17,125.8,-0.09838797508763632,31.0
ETH/USDT,xgb_primary,primary,1m,2025-12-22 19:14:00+00:00,2025-12-22 18:25:00+00:00,2025-12-22 19:14:00+00:00,sell,False,pnl_block,pnl_block,,,False,0.5002435446,0.3245033025741577,0.48,0.43,prob_floor,"prob_floor,trailing_prob_drop",-0.17928000000000066,-0.1829775093237887,18.18456,0.3245033025741577,,0.033323502899189845,,3030.76,3000.88,-0.1829775093237887,49.0
ETH/USDT,xgb_primary,primary,1m,2025-12-22 19:15:00+00:00,2025-12-22 18:25:00+00:00,2025-12-22 19:15:00+00:00,sell,False,pnl_block,pnl_block,,,False,0.5002435446,0.3245033025741577,0.48,0.43,prob_floor,"prob_floor,trailing_prob_drop",-0.1712400000000025,-0.17493748227704836,18.18456,0.3245033025741577,,0.03330862943389746,,3030.76,3002.22,-0.17493748227704836,50.0
SOL/USDT,xgb_primary,conservative,1m,2025-12-22 19:15:00+00:00,2025-12-22 18:43:00+00:00,2025-12-22 19:15:00+00:00,sell,False,pnl_block,pnl_block,,,False,0.6076040864,0.3245033025741577,0.48,0.44,prob_floor,"prob_floor,trailing_prob_drop",-0.0909999999999998,-0.09348758158887702,8.901900000000001,0.3245033025741577,4.769096256259619,0.7944389275067253,,127.17,125.87,-0.09348758158887702,32.0
ETH/USDT,xgb_primary,primary,1m,2025-12-22 19:16:00+00:00,2025-12-22 18:25:00+00:00,2025-12-22 19:16:00+00:00,sell,False,pnl_block,pnl_block,,,False,0.5002435446,0.3245033025741577,0.48,0.43,prob_floor,"prob_floor,trailing_prob_drop",-0.18462000000000262,-0.1882569120000026,18.18456,0.3245033025741577,,,,3030.76,2999.99,-0.1882569120000026,51.0
SOL/USDT,xgb_primary,conservative,1m,2025-12-22 19:16:00+00:00,2025-12-22 18:43:00+00:00,2025-12-22 19:16:00+00:00,sell,False,pnl_block,pnl_block,,,False,0.6076040864,0.3245033025741577,0.48,0.44,prob_floor,"prob_floor,trailing_prob_drop",-0.09730000000000005,-0.09978808759629568,8.901900000000001,0.3245033025741577,6.354754150448669,0.7950073538184296,,127.17,125.78,-0.09978808759629568,33.0
ETH/USDT,xgb_primary,primary,1m,2025-12-22 19:17:00+00:00,2025-12-22 18:25:00+00:00,2025-12-22 19:17:00+00:00,sell,False,pnl_block,pnl_block,,,False,0.5002435446,0.3245033025741577,0.48,0.43,prob_floor,"prob_floor,trailing_prob_drop",-0.16602000000000044,-0.16971746472976615,18.18456,0.3245033025741577,,0.03329897988496378,,3030.76,3003.09,-0.16971746472976615,52.0
SOL/USDT,xgb_primary,conservative,1m,2025-12-22 19:17:00+00:00,2025-12-22 18:43:00+00:00,2025-12-22 19:17:00+00:00,sell,False,pnl_block,pnl_block,,,False,0.6076040864,0.3245033025741577,0.48,0.44,prob_floor,"prob_floor,trailing_prob_drop",-0.09030000000000045,-0.09278752541049451,8.901900000000001,0.3245033025741577,7.949757532394809,0.79437581920047,,127.17,125.88,-0.09278752541049451,34.0
SOL/USDT,xgb_primary,conservative,1m,2025-12-22 19:18:00+00:00,2025-12-22 18:43:00+00:00,2025-12-22 19:18:00+00:00,sell,False,pnl_block,pnl_block,,,False,0.6076040864,0.3245033025741577,0.48,0.44,prob_floor,"prob_floor,trailing_prob_drop",-0.08190000000000013,-0.08438685196539869,8.901900000000001,0.3245033025741577,0.7947230390213078,0.7936193008218021,,127.17,126.0,-0.08438685196539869,35.0
ETH/USDT,xgb_primary,primary,1m,2025-12-22 19:19:00+00:00,2025-12-22 18:25:00+00:00,2025-12-22 19:19:00+00:00,sell,False,pnl_block,pnl_block,,,False,0.5002435446,0.41829004883766174,0.48,0.43,prob_floor,prob_floor,-0.13878000000000065,-0.14247737332592475,18.18456,0.41829004883766174,,0.03324871535197433,,3030.76,3007.63,-0.14247737332592475,54.0
SOL/USDT,xgb_primary,conservative,1m,2025-12-22 19:19:00+00:00,2025-12-22 18:43:00+00:00,2025-12-22 19:19:00+00:00,sell,False,pnl_block,pnl_block,,,False,0.6076040864,0.41829004883766174,0.48,0.44,prob_floor,"prob_floor,trailing_prob_drop",-0.08190000000000013,-0.08438685196539869,8.901900000000001,0.41829004883766174,10.316641536386767,0.7936193008218021,,127.17,126.0,-0.08438685196539869,36.0
BTC/USDT,xgb_primary,conservative,1m,2025-12-22 19:20:00+00:00,,2025-12-22 19:20:00+00:00,buy,True,dry_run,dry_run,,exchange_qty_step,True,0.565682053565979,0.565682053565979,,0.56,dry_run,,,,,0.565682053565979,0.0011252848863787257,,8.886639,,88866.39,0.0,
SOL/USDT,xgb_primary,conservative,1m,2025-12-22 19:21:00+00:00,2025-12-22 18:43:00+00:00,2025-12-22 19:21:00+00:00,sell,False,pnl_block,pnl_block,,,False,0.6076040864,0.5002435445785522,0.48,0.44,gate_close,gate_close,-0.09170000000000017,-0.09418763777618931,8.901900000000001,0.5002435445785522,8.735011514333314,0.7945020458431744,,127.17,125.86,-0.09418763777618931,38.0
SOL/USDT,xgb_primary,conservative,1m,2025-12-22 19:22:00+00:00,2025-12-22 18:43:00+00:00,2025-12-22 19:22:00+00:00,sell,False,pnl_block,pnl_block,,,False,0.6076040864,0.565682053565979,0.48,0.44,gate_close,gate_close,-0.08679999999999966,-0.08928724465239907,8.901900000000001,0.565682053565979,22.245173591801155,0.7940604279978485,,127.17,125.93,-0.08928724465239907,39.0
SOL/USDT,xgb_primary,conservative,1m,2025-12-22 19:23:00+00:00,2025-12-22 18:43:00+00:00,2025-12-22 19:23:00+00:00,sell,False,pnl_block,pnl_block,,,False,0.6076040864,0.4742901027202606,0.48,0.44,trailing_prob_drop,trailing_prob_drop,-0.09030000000000045,-0.09278752541049451,8.901900000000001,0.4742901027202606,5.558643690938869,0.79437581920047,,127.17,125.88,-0.09278752541049451,40.0
SOL/USDT,xgb_primary,conservative,1m,2025-12-22 19:24:00+00:00,2025-12-22 18:43:00+00:00,2025-12-22 19:24:00+00:00,sell,False,pnl_block,pnl_block,,,False,0.6076040864,0.41829004883766174,0.48,0.44,prob_floor,"prob_floor,trailing_prob_drop",-0.10639999999999973,-0.10959720317364262,8.901900000000001,0.41829004883766174,3.9707750952995053,1.591596371159957,,127.17,125.65,-0.10959720317364262,41.0
SOL/USDT,xgb_primary,conservative,1m,2025-12-22 19:25:00+00:00,2025-12-22 18:43:00+00:00,2025-12-22 19:25:00+00:00,sell,False,pnl_block,pnl_block,,,False,0.6076040864,0.41829004883766174,0.48,0.44,prob_floor,"prob_floor,trailing_prob_drop",-0.11760000000000048,-0.12008972300171405,8.901900000000001,0.41829004883766174,11.937922801431872,0.796844495797053,,127.17,125.49,-0.12008972300171405,42.0
SOL/USDT,xgb_primary,conservative,1m,2025-12-22 19:26:00+00:00,2025-12-22 18:43:00+00:00,2025-12-22 19:26:00+00:00,sell,False,pnl_block,pnl_block,,,False,0.6076040864,0.41829004883766174,0.48,0.44,prob_floor,"prob_floor,trailing_prob_drop",-0.12110000000000029,-0.12359000573239334,8.901900000000001,0.41829004883766174,11.952191235060214,0.7971621029140353,,127.17,125.44,-0.12359000573239334,43.0
BTC/USDT,xgb_primary,conservative,1m,2025-12-22 19:26:00+00:00,2025-12-22 19:20:00+00:00,2025-12-22 19:26:00+00:00,sell,False,pnl_block,pnl_block,,,False,0.5656820536,0.41829004883766174,0.56,0.45,prob_floor,"prob_floor,trailing_prob_drop",-0.03312899999999936,-0.0349073315418479,8.886639,0.41829004883766174,3.7270301450374657,0.001129495469030201,,88866.39,88535.1,-0.0349073315418479,6.0
ETH/USDT,xgb_primary,primary,1m,2025-12-22 19:27:00+00:00,2025-12-22 18:25:00+00:00,2025-12-22 19:27:00+00:00,sell,False,pnl_block,pnl_block,,,False,0.5002435446,0.41829004883766174,0.48,0.43,prob_floor,prob_floor,-0.2506200000000026,-0.2543177503754445,18.18456,0.41829004883766174,,0.03345606131899946,,3030.76,2988.99,-0.2543177503754445,62.0
SOL/USDT,xgb_primary,conservative,1m,2025-12-22 19:27:00+00:00,2025-12-22 18:43:00+00:00,2025-12-22 19:27:00+00:00,sell,False,pnl_block,pnl_block,,,False,0.6076040864,0.4007633626461029,0.48,0.44,prob_floor,"prob_floor,trailing_prob_drop",-0.11829999999999985,-0.12078977952982349,8.901900000000001,0.4007633626461029,7.973845785823182,0.7969079969710249,,127.17,125.48,-0.12078977952982349,44.0
BTC/USDT,xgb_primary,conservative,1m,2025-12-22 19:27:00+00:00,2025-12-22 19:20:00+00:00,2025-12-22 19:27:00+00:00,sell,False,pnl_block,pnl_block,,,False,0.5656820536,0.41829004883766174,0.56,0.45,prob_floor,"prob_floor,trailing_prob_drop",-0.03017700000000041,-0.03195533120728727,8.886639,0.41829004883766174,7.682314331926672,0.00112911899184502,,88866.39,88564.62,-0.03195533120728727,7.0
ETH/USDT,xgb_primary,primary,1m,2025-12-22 19:28:00+00:00,2025-12-22 18:25:00+00:00,2025-12-22 19:28:00+00:00,sell,False,pnl_block,pnl_block,,,False,0.5002435446,0.3245033025741577,0.48,0.43,prob_floor,"prob_floor,trailing_prob_drop",-0.24396000000000187,-0.247657727790753,18.18456,0.3245033025741577,,0.03344364161197777,,3030.76,2990.1,-0.247657727790753,63.0
SOL/USDT,xgb_primary,conservative,1m,2025-12-22 19:28:00+00:00,2025-12-22 18:43:00+00:00,2025-12-22 19:28:00+00:00,sell,False,pnl_block,pnl_block,,,False,0.6076040864,0.41829004883766174,0.48,0.44,prob_floor,"prob_floor,trailing_prob_drop",-0.12460000000000009,-0.12709028868854466,8.901900000000001,0.41829004883766174,7.169600892217271,0.7974799633163296,,127.17,125.39,-0.12709028868854466,45.0
BTC/USDT,xgb_primary,conservative,1m,2025-12-22 19:28:00+00:00,2025-12-22 19:20:00+00:00,2025-12-22 19:28:00+00:00,sell,False,pnl_block,pnl_block,,,False,0.5656820536,0.41829004883766174,0.56,0.45,prob_floor,"prob_floor,trailing_prob_drop",-0.033838999999999946,-0.035617331622349195,8.886639,0.41829004883766174,5.6625320585121,0.0011295860552557701,,88866.39,88528.0,-0.035617331622349195,8.0
ETH/USDT,xgb_primary,primary,1m,2025-12-22 19:29:00+00:00,2025-12-22 18:25:00+00:00,2025-12-22 19:29:00+00:00,sell,False,pnl_block,pnl_block,,,False,0.5002435446,0.4007633626461029,0.48,0.43,prob_floor,prob_floor,-0.24552000000000043,-0.2492177330793526,18.18456,0.4007633626461029,,0.03344654990397004,,3030.76,2989.84,-0.2492177330793526,64.0
SOL/USDT,xgb_primary,conservative,1m,2025-12-22 19:29:00+00:00,2025-12-22 18:43:00+00:00,2025-12-22 19:29:00+00:00,sell,False,pnl_block,pnl_block,,,False,0.6076040864,0.41829004883766174,0.48,0.44,prob_floor,"prob_floor,trailing_prob_drop",-0.12460000000000009,-0.12709028868854466,8.901900000000001,0.41829004883766174,8.773329079597977,0.7974799633163296,,127.17,125.39,-0.12709028868854466,46.0
BTC/USDT,xgb_primary,conservative,1m,2025-12-22 19:29:00+00:00,2025-12-22 19:20:00+00:00,2025-12-22 19:29:00+00:00,sell,False,pnl_block,pnl_block,,,False,0.5656820536,0.41829004883766174,0.56,0.45,prob_floor,"prob_floor,trailing_prob_drop",-0.029144000000000236,-0.03092233109026533,8.886639,0.41829004883766174,4.135414316892539,0.0011289873090325844,,88866.39,88574.95,-0.03092233109026533,9.0
SOL/USDT,xgb_primary,conservative,1m,2025-12-22 19:30:00+00:00,2025-12-22 18:43:00+00:00,2025-12-22 19:30:00+00:00,sell,False,pnl_block,pnl_block,,,False,0.6076040864,0.3396226465702057,0.48,0.44,prob_floor,"prob_floor,trailing_prob_drop",-0.13789999999999994,-0.14039136598298718,8.901900000000001,0.3396226465702057,4.784688995215492,0.798690148156296,,127.17,125.2,-0.14039136598298718,47.0
BTC/USDT,xgb_primary,conservative,1m,2025-12-22 19:30:00+00:00,2025-12-22 19:20:00+00:00,2025-12-22 19:30:00+00:00,sell,False,pnl_block,pnl_block,,,False,0.5656820536,0.41829004883766174,0.56,0.45,prob_floor,"prob_floor,trailing_prob_drop",-0.03616100000000006,-0.03793933188571083,8.886639,0.41829004883766174,5.301724099001162,0.0011298824119804721,,88866.39,88504.78,-0.03793933188571083,10.0
ETH/USDT,xgb_primary,primary,1m,2025-12-22 19:30:00+00:00,2025-12-22 18:25:00+00:00,2025-12-22 19:30:00+00:00,sell,False,pnl_block,pnl_block,,,False,0.5002435446,0.4007633626461029,0.48,0.43,prob_floor,prob_floor,-0.23652000000000045,-0.2402177025808247,18.18456,0.4007633626461029,,0.03342977824277551,,3030.76,2991.34,-0.2402177025808247,65.0
BTC/USDT,xgb_primary,conservative,1m,2025-12-22 19:31:00+00:00,2025-12-22 19:20:00+00:00,2025-12-22 19:31:00+00:00,sell,False,pnl_block,pnl_block,,,False,0.5656820536,0.4007633626461029,0.56,0.45,prob_floor,"prob_floor,trailing_prob_drop",-0.03499100000000035,-0.03676933175299377,8.886639,0.4007633626461029,12.73716515650295,0.0011297330671584198,,88866.39,88516.48,-0.03676933175299377,11.0
ETH/USDT,xgb_primary,primary,1m,2025-12-22 19:31:00+00:00,2025-12-22 18:25:00+00:00,2025-12-22 19:31:00+00:00,sell,False,pnl_block,pnl_block,,,False,0.5002435446,0.41829004883766174,0.48,0.43,prob_floor,prob_floor,-0.2548800000000001,-0.258577764830301,18.18456,0.41829004883766174,,0.03346401029273825,,3030.76,2988.28,-0.258577764830301,66.0
SOL/USDT,xgb_primary,conservative,1m,2025-12-22 19:31:00+00:00,2025-12-22 18:43:00+00:00,2025-12-22 19:31:00+00:00,sell,False,pnl_block,pnl_block,,,False,0.6076040864,0.3245033025741577,0.48,0.44,prob_floor,"prob_floor,trailing_prob_drop",-0.14349999999999982,-0.14599182055943974,8.901900000000001,0.3245033025741577,15.973165082661357,0.7992007992000724,,127.17,125.12,-0.14599182055943974,48.0
ETH/USDT,xgb_primary,primary,1m,2025-12-22 19:32:00+00:00,2025-12-22 18:25:00+00:00,2025-12-22 19:32:00+00:00,sell,False,pnl_block,pnl_block,,,False,0.5002435446,0.3245033025741577,0.48,0.43,prob_floor,"prob_floor,trailing_prob_drop",-0.24504000000000087,-0.24873773145199238,18.18456,0.3245033025741577,,0.033445654990555046,,3030.76,2989.92,-0.24873773145199238,67.0
SOL/USDT,xgb_primary,conservative,1m,2025-12-22 19:32:00+00:00,2025-12-22 18:43:00+00:00,2025-12-22 19:32:00+00:00,sell,False,pnl_block,pnl_block,,,False,0.6076040864,0.3245033025741577,0.48,0.44,prob_floor,"prob_floor,trailing_prob_drop",-0.15190000000000015,-0.1543925035150599,8.901900000000001,0.3245033025741577,6.393350915048214,0.799968001280358,,127.17,125.0,-0.1543925035150599,49.0
BTC/USDT,xgb_primary,conservative,1m,2025-12-22 19:32:00+00:00,2025-12-22 19:20:00+00:00,2025-12-22 19:32:00+00:00,sell,False,pnl_block,pnl_block,,,False,0.5656820536,0.41829004883766174,0.56,0.45,prob_floor,"prob_floor,trailing_prob_drop",-0.033638000000000466,-0.03541633159956023,8.886639,0.41829004883766174,1.5782370042012694,0.0011295604105921845,,88866.39,88530.01,-0.03541633159956023,12.0
SOL/USDT,xgb_primary,conservative,1m,2025-12-22 19:33:00+00:00,2025-12-22 18:43:00+00:00,2025-12-22 19:33:00+00:00,sell,False,pnl_block,pnl_block,,,False,0.6076040864,0.37037035822868347,0.48,0.44,prob_floor,"prob_floor,trailing_prob_drop",-0.14840000000000034,-0.1508922187909327,8.901900000000001,0.37037035822868347,9.599232061434313,0.7996481548122918,,127.17,125.05,-0.1508922187909327,50.0
BTC/USDT,xgb_primary,conservative,1m,2025-12-22 19:33:00+00:00,2025-12-22 19:20:00+00:00,2025-12-22 19:33:00+00:00,sell,False,pnl_block,pnl_block,,,False,0.5656820536,0.3245033025741577,0.56,0.45,prob_floor,"prob_floor,trailing_prob_drop",-0.040758000000000176,-0.04253633240751253,8.886639,0.3245033025741577,5.477238116517452,0.001130469587379531,,88866.39,88458.81,-0.04253633240751253,13.0
ETH/USDT,xgb_primary,primary,1m,2025-12-22 19:34:00+00:00,2025-12-22 18:25:00+00:00,2025-12-22 19:34:00+00:00,sell,False,pnl_block,pnl_block,,,False,0.5002435446,0.3245033025741577,0.48,0.43,prob_floor,"prob_floor,trailing_prob_drop",-0.24576000000000023,-0.2494577338930654,18.18456,0.3245033025741577,,0.033446997378636836,,3030.76,2989.8,-0.2494577338930654,69.0
SOL/USDT,xgb_primary,conservative,1m,2025-12-22 19:34:00+00:00,2025-12-22 18:43:00+00:00,2025-12-22 19:34:00+00:00,sell,False,pnl_block,pnl_block,,,False,0.6076040864,0.3396226465702057,0.48,0.44,prob_floor,"prob_floor,trailing_prob_drop",-0.15119999999999978,-0.1536924465520129,8.901900000000001,0.3396226465702057,19.99040460578922,0.7999040115178903,,127.17,125.01,-0.1536924465520129,51.0
BTC/USDT,xgb_primary,conservative,1m,2025-12-22 19:34:00+00:00,2025-12-22 19:20:00+00:00,2025-12-22 19:34:00+00:00,sell,False,pnl_block,pnl_block,,,False,0.5656820536,0.3245033025741577,0.56,0.45,prob_floor,"prob_floor,trailing_prob_drop",-0.05260599999999977,-0.054384333754866857,8.886639,0.3245033025741577,7.465621570085348,0.0011319857452160794,,88866.39,88340.33,-0.054384333754866857,14.0
SOL/USDT,xgb_primary,conservative,1m,2025-12-22 19:35:00+00:00,2025-12-22 18:43:00+00:00,2025-12-22 19:35:00+00:00,sell,False,pnl_block,pnl_block,,,False,0.6076040864,0.3245033025741577,0.48,0.44,prob_floor,"prob_floor,trailing_prob_drop",-0.14980000000000004,-0.1522923326532575,8.901900000000001,0.3245033025741577,10.398336266197045,0.7997760627028525,,127.17,125.03,-0.1522923326532575,52.0
BTC/USDT,xgb_primary,conservative,1m,2025-12-22 19:35:00+00:00,2025-12-22 19:20:00+00:00,2025-12-22 19:35:00+00:00,sell,False,pnl_block,pnl_block,,,False,0.5656820536,0.39150944352149963,0.56,0.45,prob_floor,"prob_floor,trailing_prob_drop",-0.05213300000000018,-0.053911333701009846,8.886639,0.39150944352149963,13.412899861253093,0.0011319251402795646,,88866.39,88345.06,-0.053911333701009846,15.0
ETH/USDT,xgb_primary,primary,1m,2025-12-22 19:35:00+00:00,2025-12-22 18:25:00+00:00,2025-12-22 19:35:00+00:00,sell,False,pnl_block,pnl_block,,,False,0.5002435446,0.3245033025741577,0.48,0.43,prob_floor,"prob_floor,trailing_prob_drop",-0.2817000000000016,-0.28539785599284434,18.18456,0.3245033025741577,,0.0335141421308569,,3030.76,2983.81,-0.28539785599284434,70.0
ETH/USDT,xgb_primary,primary,1m,2025-12-22 19:36:00+00:00,2025-12-22 18:25:00+00:00,2025-12-22 19:36:00+00:00,sell,False,pnl_block,pnl_block,,,False,0.5002435446,0.3191489577293396,0.48,0.43,prob_floor,"prob_floor,trailing_prob_drop",-0.27540000000000053,-0.27909783455428544,18.18456,0.3191489577293396,,0.03350235270192633,,3030.76,2984.86,-0.27909783455428544,71.0
BTC/USDT,xgb_primary,conservative,1m,2025-12-22 19:36:00+00:00,2025-12-22 19:20:00+00:00,2025-12-22 19:36:00+00:00,sell,False,pnl_block,pnl_block,,,False,0.5656820536,0.3191489577293396,0.56,0.45,prob_floor,"prob_floor,trailing_prob_drop",-0.041125999999999475,-0.04290433244930506,8.886639,0.3191489577293396,4.7148265730562295,0.0011305166166736742,,88866.39,88455.13,-0.04290433244930506,16.0
SOL/USDT,xgb_primary,conservative,1m,2025-12-22 19:36:00+00:00,2025-12-22 18:43:00+00:00,2025-12-22 19:36:00+00:00,sell,False,pnl_block,pnl_block,,,False,0.6076040864,0.3191489577293396,0.48,0.44,prob_floor,"prob_floor,trailing_prob_drop",-0.13019999999999998,-0.13269074188804147,8.901900000000001,0.3191489577293396,5.596418292292387,0.7979890675490489,,127.17,125.31,-0.13269074188804147,53.0
SOL/USDT,xgb_primary,conservative,1m,2025-12-22 19:37:00+00:00,2025-12-22 18:43:00+00:00,2025-12-22 19:37:00+00:00,sell,False,pnl_block,pnl_block,,,False,0.6076040864,0.3245033025741577,0.48,0.44,prob_floor,"prob_floor,trailing_prob_drop",-0.12950000000000061,-0.13199068520646418,8.901900000000001,0.3245033025741577,22.344585428138306,0.7979253939760715,,127.17,125.32,-0.13199068520646418,54.0
BTC/USDT,xgb_primary,conservative,1m,2025-12-22 19:37:00+00:00,2025-12-22 19:20:00+00:00,2025-12-22 19:37:00+00:00,sell,False,pnl_block,pnl_block,,,False,0.5656820536,0.3731343150138855,0.56,0.45,prob_floor,"prob_floor,trailing_prob_drop",-0.03330299999999989,-0.03508133156157558,8.886639,0.3731343150138855,15.049872064780917,0.0011295176676907415,,88866.39,88533.36,-0.03508133156157558,17.0
ETH/USDT,xgb_primary,primary,1m,2025-12-22 19:38:00+00:00,2025-12-22 18:25:00+00:00,2025-12-22 19:38:00+00:00,sell,False,pnl_block,pnl_block,,,False,0.5002435446,0.3245033025741577,0.48,0.43,prob_floor,"prob_floor,trailing_prob_drop",-0.23238000000000011,-0.2360776885617702,18.18456,0.3245033025741577,,0.03342206892554242,,3030.76,2992.03,-0.2360776885617702,73.0
SOL/USDT,xgb_primary,conservative,1m,2025-12-22 19:38:00+00:00,2025-12-22 18:43:00+00:00,2025-12-22 19:38:00+00:00,sell,False,pnl_block,pnl_block,,,False,0.6076040864,0.3245033025741577,0.48,0.44,prob_floor,"prob_floor,trailing_prob_drop",-0.13300000000000042,-0.1354909687048501,8.901900000000001,0.3245033025741577,5.58614635703401,0.7982438635007076,,127.17,125.27,-0.1354909687048501,55.0
BTC/USDT,xgb_primary,conservative,1m,2025-12-22 19:38:00+00:00,2025-12-22 19:20:00+00:00,2025-12-22 19:38:00+00:00,sell,False,pnl_block,pnl_block,,,False,0.5656820536,0.4007633626461029,0.56,0.45,prob_floor,"prob_floor,trailing_prob_drop",-0.042072000000000116,-0.043850332556761296,8.886639,0.4007633626461029,25.31475141121893,0.001130637534821382,,88866.39,88445.67,-0.043850332556761296,18.0
SOL/USDT,xgb_primary,conservative,1m,2025-12-22 19:39:00+00:00,2025-12-22 18:43:00+00:00,2025-12-22 19:39:00+00:00,sell,False,pnl_block,pnl_block,,,False,0.6076040864,0.3245033025741577,0.48,0.44,prob_floor,"prob_floor,trailing_prob_drop",-0.1351000000000005,-0.1375911389125323,8.901900000000001,0.3245033025741577,3.9910600255425575,0.798435067268563,,127.17,125.24,-0.1375911389125323,56.0
ETH/USDT,xgb_primary,primary,1m,2025-12-22 19:40:00+00:00,2025-12-22 18:25:00+00:00,2025-12-22 19:40:00+00:00,sell,False,pnl_block,pnl_block,,,False,0.5002435446,0.41829004883766174,0.48,0.43,prob_floor,prob_floor,-0.2461800000000012,-0.2498777353171165,18.18456,0.41829004883766174,,0.033447780488115274,,3030.76,2989.73,-0.2498777353171165,75.0
BTC/USDT,xgb_primary,conservative,1m,2025-12-22 19:40:00+00:00,2025-12-22 19:20:00+00:00,2025-12-22 19:40:00+00:00,sell,False,pnl_block,pnl_block,,,False,0.5656820536,0.41829004883766174,0.56,0.45,prob_floor,"prob_floor,trailing_prob_drop",-0.04759700000000012,-0.0493753331848023,8.886639,0.41829004883766174,,0.0011313442598291966,,88866.39,88390.42,-0.0493753331848023,20.0
SOL/USDT,xgb_primary,conservative,1m,2025-12-22 19:40:00+00:00,2025-12-22 18:43:00+00:00,2025-12-22 19:40:00+00:00,sell,False,pnl_block,pnl_block,,,False,0.6076040864,0.3396226465702057,0.48,0.44,prob_floor,"prob_floor,trailing_prob_drop",-0.14280000000000045,-0.14529176370559876,8.901900000000001,0.3396226465702057,3.193867773874661,0.7991369321137265,,127.17,125.13,-0.14529176370559876,57.0
BTC/USDT,xgb_primary,conservative,1m,2025-12-22 19:41:00+00:00,2025-12-22 19:20:00+00:00,2025-12-22 19:41:00+00:00,sell,False,pnl_block,pnl_block,,,False,0.5656820536,0.39150944352149963,0.56,0.45,prob_floor,"prob_floor,trailing_prob_drop",-0.05145399999999936,-0.053232333623702256,8.886639,0.39150944352149963,8.830379311359293,0.0011318381481363702,,88866.39,88351.85,-0.053232333623702256,21.0
ETH/USDT,xgb_primary,primary,1m,2025-12-22 19:41:00+00:00,2025-12-22 18:25:00+00:00,2025-12-22 19:41:00+00:00,sell,False,pnl_block,pnl_block,,,False,0.5002435446,0.41829004883766174,0.48,0.43,prob_floor,prob_floor,-0.24216000000000076,-0.24585772168965675,18.18456,0.41829004883766174,,0.03344028651558412,,3030.76,2990.4,-0.24585772168965675,76.0
SOL/USDT,xgb_primary,conservative,1m,2025-12-22 19:41:00+00:00,2025-12-22 18:43:00+00:00,2025-12-22 19:41:00+00:00,sell,False,pnl_block,pnl_block,,,False,0.6076040864,0.3731343150138855,0.48,0.44,prob_floor,"prob_floor,trailing_prob_drop",-0.14070000000000038,-0.14319159319857863,8.901900000000001,0.3731343150138855,11.190152665654269,0.7989453920828599,,127.17,125.16,-0.14319159319857863,58.0
BTC/USDT,xgb_primary,conservative,1m,2025-12-22 19:42:00+00:00,2025-12-22 19:20:00+00:00,2025-12-22 19:42:00+00:00,sell,False,pnl_block,pnl_block,,,False,0.5656820536,0.41829004883766174,0.56,0.45,prob_floor,"prob_floor,trailing_prob_drop",-0.04965699999999924,-0.05143533341916793,8.886639,0.41829004883766174,3.2766712551379324,0.0011316079888990737,,88866.39,88369.82,-0.05143533341916793,22.0
SOL/USDT,xgb_primary,conservative,1m,2025-12-22 19:42:00+00:00,2025-12-22 18:43:00+00:00,2025-12-22 19:42:00+00:00,sell,False,pnl_block,pnl_block,,,False,0.6076040864,0.41829004883766174,0.48,0.44,prob_floor,"prob_floor,trailing_prob_drop",-0.14070000000000038,-0.14319159319857863,8.901900000000001,0.41829004883766174,7.190221299032452,0.7989453920828599,,127.17,125.16,-0.14319159319857863,59.0
SOL/USDT,xgb_primary,conservative,1m,2025-12-22 19:43:00+00:00,2025-12-22 18:43:00+00:00,2025-12-22 19:43:00+00:00,sell,False,pnl_block,pnl_block,,,False,0.6076040864,0.41829004883766174,0.48,0.44,prob_floor,"prob_floor,trailing_prob_drop",-0.14349999999999982,-0.14599182055943974,8.901900000000001,0.41829004883766174,0.7989773090448319,0.7992007992000724,,127.17,125.12,-0.14599182055943974,60.0
BTC/USDT,xgb_primary,conservative,1m,2025-12-22 19:43:00+00:00,2025-12-22 19:20:00+00:00,2025-12-22 19:43:00+00:00,sell,False,pnl_block,pnl_block,,,False,0.5656820536,0.41829004883766174,0.56,0.45,prob_floor,"prob_floor,trailing_prob_drop",-0.05212599999999948,-0.05390433370021066,8.886639,0.41829004883766174,2.0346310499857165,0.0011319242417549432,,88866.39,88345.13,-0.05390433370021066,23.0
SOL/USDT,xgb_primary,conservative,1m,2025-12-22 19:44:00+00:00,2025-12-22 18:43:00+00:00,2025-12-22 19:44:00+00:00,sell,False,pnl_block,pnl_block,,,False,0.6076040864,0.41829004883766174,0.48,0.44,prob_floor,"prob_floor,trailing_prob_drop",-0.1455999999999999,-0.14809199117550587,8.901900000000001,0.41829004883766174,3.1966754575246745,0.7993924617283588,,127.17,125.09,-0.14809199117550587,61.0
BTC/USDT,xgb_primary,conservative,1m,2025-12-22 19:44:00+00:00,2025-12-22 19:20:00+00:00,2025-12-22 19:44:00+00:00,sell,False,pnl_block,pnl_block,,,False,0.5656820536,0.41829004883766174,0.56,0.45,prob_floor,"prob_floor,trailing_prob_drop",-0.056638999999999946,-0.05841733421432522,8.886639,0.41829004883766174,5.612080711183712,0.0011325027665356655,,88866.39,88300.0,-0.05841733421432522,24.0
SOL/USDT,xgb_primary,conservative,1m,2025-12-22 19:45:00+00:00,2025-12-22 18:43:00+00:00,2025-12-22 19:45:00+00:00,sell,False,pnl_block,pnl_block,,,False,0.6076040864,0.41829004883766174,0.48,0.44,prob_floor,"prob_floor,trailing_prob_drop",-0.1421000000000001,-0.14459170686084188,8.901900000000001,0.41829004883766174,,0.7990730752331389,,127.17,125.14,-0.14459170686084188,62.0
BTC/USDT,xgb_primary,conservative,1m,2025-12-22 19:45:00+00:00,2025-12-22 19:20:00+00:00,2025-12-22 19:45:00+00:00,sell,False,pnl_block,pnl_block,,,False,0.5656820536,0.39150944352149963,0.56,0.45,prob_floor,"prob_floor,trailing_prob_drop",-0.05216000000000059,-0.0539383337040845,8.886639,0.39150944352149963,3.2644026907376165,0.0011319285996773468,,88866.39,88344.79,-0.0539383337040845,25.0
BTC/USDT,xgb_primary,conservative,1m,2025-12-22 19:46:00+00:00,2025-12-22 19:20:00+00:00,2025-12-22 19:46:00+00:00,sell,False,pnl_block,pnl_block,,,False,0.5656820536,0.41829004883766174,0.56,0.45,prob_floor,"prob_floor,trailing_prob_drop",-0.05713899999999995,-0.0589173342713168,8.886639,0.41829004883766174,5.0710398348293175,0.0011325668982929793,,88866.39,88295.0,-0.0589173342713168,26.0
BTC/USDT,xgb_primary,conservative,1m,2025-12-22 19:47:00+00:00,2025-12-22 19:20:00+00:00,2025-12-22 19:47:00+00:00,sell,False,pnl_block,pnl_block,,,False,0.5656820536,0.3245033025741577,0.56,0.45,prob_floor,"prob_floor,trailing_prob_drop",-0.05951000000000058,-0.06141115616838227,8.886639,0.3245033025741577,63.19231061896317,0.13934218367786186,,88866.39,88271.29,-0.06141115616838227,27.0
ETH/USDT,xgb_primary,primary,1m,2025-12-22 19:48:00+00:00,2025-12-22 18:25:00+00:00,2025-12-22 19:48:00+00:00,sell,False,pnl_block,pnl_block,,,False,0.5002435446,0.41829004883766174,0.48,0.43,prob_floor,prob_floor,-0.2773800000000001,-0.2810778412904912,18.18456,0.41829004883766174,,0.03350605705667225,,3030.76,2984.53,-0.2810778412904912,83.0
SOL/USDT,xgb_primary,conservative,1m,2025-12-22 19:48:00+00:00,2025-12-22 18:43:00+00:00,2025-12-22 19:48:00+00:00,sell,False,pnl_block,pnl_block,,,False,0.6076040864,0.5002435445785522,0.48,0.44,gate_close,gate_close,-0.15539999999999993,-0.1578927884670474,8.901900000000001,0.5002435445785522,7.196545658084392,0.8002881037166104,,127.17,124.95,-0.1578927884670474,65.0
BTC/USDT,xgb_primary,conservative,1m,2025-12-22 19:48:00+00:00,2025-12-22 19:20:00+00:00,2025-12-22 19:48:00+00:00,sell,False,pnl_block,pnl_block,,,False,0.5656820536,0.39150944352149963,0.56,0.45,prob_floor,"prob_floor,trailing_prob_drop",-0.05965099999999948,-0.06142933455773972,8.886639,0.39150944352149963,2.6871704265340597,0.0011328892061841147,,88866.39,88269.88,-0.06142933455773972,28.0
ETH/USDT,xgb_primary,primary,1m,2025-12-22 19:49:00+00:00,2025-12-22 18:25:00+00:00,2025-12-22 19:49:00+00:00,sell,False,pnl_block,pnl_block,,,False,0.5002435446,0.41829004883766174,0.48,0.43,prob_floor,prob_floor,-0.28116000000000074,-0.28485785415465903,18.18456,0.41829004883766174,,0.03351313128187235,,3030.76,2983.9,-0.28485785415465903,84.0
SOL/USDT,xgb_primary,conservative,1m,2025-12-22 19:49:00+00:00,2025-12-22 18:43:00+00:00,2025-12-22 19:49:00+00:00,sell,False,pnl_block,pnl_block,,,False,0.6076040864,0.41829004883766174,0.48,0.44,prob_floor,"prob_floor,trailing_prob_drop",-0.16380000000000025,-0.16629347328313435,8.901900000000001,0.41829004883766174,8.802112507001635,0.8010573957628161,,127.17,124.83,-0.16629347328313435,66.0
SOL/USDT,xgb_primary,conservative,1m,2025-12-22 19:50:00+00:00,2025-12-22 18:43:00+00:00,2025-12-22 19:50:00+00:00,sell,False,pnl_block,pnl_block,,,False,0.6076040864,0.41829004883766174,0.48,0.44,prob_floor,"prob_floor,trailing_prob_drop",-0.16590000000000032,-0.16839364469292165,8.901900000000001,0.41829004883766174,9.612303748797688,0.8012499499222879,,127.17,124.8,-0.16839364469292165,67.0
ETH/USDT,xgb_primary,primary,1m,2025-12-22 19:50:00+00:00,2025-12-22 18:25:00+00:00,2025-12-22 19:50:00+00:00,sell,False,pnl_block,pnl_block,,,False,0.5002435446,0.41829004883766174,0.48,0.43,prob_floor,prob_floor,-0.31146000000000185,-0.31552422597821955,18.18456,0.41829004883766174,,0.23498725194213174,,3030.76,2978.85,-0.31552422597821955,85.0
ETH/USDT,xgb_primary,primary,1m,2025-12-22 19:51:00+00:00,2025-12-22 18:25:00+00:00,2025-12-22 19:51:00+00:00,sell,False,pnl_block,pnl_block,,,False,0.5002435446,0.41829004883766174,0.48,0.43,prob_floor,prob_floor,-0.30756000000000133,-0.3112579441513164,18.18456,0.41829004883766174,,0.03356262197988685,,3030.76,2979.5,-0.3112579441513164,86.0
SOL/USDT,xgb_primary,conservative,1m,2025-12-22 19:51:00+00:00,2025-12-22 18:43:00+00:00,2025-12-22 19:51:00+00:00,sell,False,pnl_block,pnl_block,,,False,0.6076040864,0.41829004883766174,0.48,0.44,prob_floor,"prob_floor,trailing_prob_drop",-0.15400000000000022,-0.15649267445889237,8.901900000000001,0.41829004883766174,2.403653553401261,0.8001600320068106,,127.17,124.97,-0.15649267445889237,68.0
BTC/USDT,xgb_primary,conservative,1m,2025-12-22 19:51:00+00:00,2025-12-22 19:20:00+00:00,2025-12-22 19:51:00+00:00,sell,False,pnl_block,pnl_block,,,False,0.5656820536,0.41829004883766174,0.56,0.45,prob_floor,"prob_floor,trailing_prob_drop",-0.05890099999999948,-0.06067933447220611,8.886639,0.41829004883766174,2.8644531905137796,0.0011327929565155684,,88866.39,88277.38,-0.06067933447220611,31.0
SOL/USDT,xgb_primary,conservative,1m,2025-12-22 19:52:00+00:00,2025-12-22 18:43:00+00:00,2025-12-22 19:52:00+00:00,sell,False,pnl_block,pnl_block,,,False,0.6076040864,0.4007633626461029,0.48,0.44,prob_floor,"prob_floor,trailing_prob_drop",-0.15820000000000037,-0.1606930165928839,8.901900000000001,0.4007633626461029,12.804097311139293,0.8005443701721263,,127.17,124.91,-0.1606930165928839,69.0
BTC/USDT,xgb_primary,conservative,1m,2025-12-22 19:52:00+00:00,2025-12-22 19:20:00+00:00,2025-12-22 19:52:00+00:00,sell,False,pnl_block,pnl_block,,,False,0.5656820536,0.41829004883766174,0.56,0.45,prob_floor,"prob_floor,trailing_prob_drop",-0.06582299999999959,-0.06760133526217674,8.886639,0.41829004883766174,11.032269984420633,0.001133681898355023,,88866.39,88208.16,-0.06760133526217674,32.0
ETH/USDT,xgb_primary,primary,1m,2025-12-22 19:53:00+00:00,2025-12-22 18:25:00+00:00,2025-12-22 19:53:00+00:00,sell,False,pnl_block,pnl_block,,,False,0.5002435446,0.41829004883766174,0.48,0.43,prob_floor,prob_floor,-0.2864400000000014,-0.2901378721327539,18.18456,0.41829004883766174,,0.033523017742788874,,3030.76,2983.02,-0.2901378721327539,88.0
SOL/USDT,xgb_primary,conservative,1m,2025-12-22 19:53:00+00:00,2025-12-22 18:43:00+00:00,2025-12-22 19:53:00+00:00,sell,False,pnl_block,pnl_block,,,False,0.6076040864,0.3245033025741577,0.48,0.44,prob_floor,"prob_floor,trailing_prob_drop",-0.1609999999999998,-0.16349324486486402,8.901900000000001,0.3245033025741577,4.803073967339279,0.8008008008000724,,127.17,124.87,-0.16349324486486402,70.0
BTC/USDT,xgb_primary,conservative,1m,2025-12-22 19:53:00+00:00,2025-12-22 19:20:00+00:00,2025-12-22 19:53:00+00:00,sell,False,pnl_block,pnl_block,,,False,0.5656820536,0.3245033025741577,0.56,0.45,prob_floor,"prob_floor,trailing_prob_drop",-0.07588999999999942,-0.07766833641328429,8.886639,0.3245033025741577,7.848480231306937,0.0011349772223987653,,88866.39,88107.49,-0.07766833641328429,33.0
ETH/USDT,xgb_primary,primary,1m,2025-12-22 19:54:00+00:00,2025-12-22 18:25:00+00:00,2025-12-22 19:54:00+00:00,sell,False,pnl_block,pnl_block,,,False,0.5002435446,0.41829004883766174,0.48,0.43,prob_floor,prob_floor,-0.3122400000000025,-0.3159379601330138,18.18456,0.41829004883766174,,0.03357141058747712,,3030.76,2978.72,-0.3159379601330138,89.0
SOL/USDT,xgb_primary,conservative,1m,2025-12-22 19:54:00+00:00,2025-12-22 18:43:00+00:00,2025-12-22 19:54:00+00:00,sell,False,pnl_block,pnl_block,,,False,0.6076040864,0.4007633626461029,0.48,0.44,prob_floor,"prob_floor,trailing_prob_drop",-0.15470000000000056,-0.15719273145840928,8.901900000000001,0.4007633626461029,5.602240896357998,0.8002240627379759,,127.17,124.96,-0.15719273145840928,71.0
BTC/USDT,xgb_primary,conservative,1m,2025-12-22 19:54:00+00:00,2025-12-22 19:20:00+00:00,2025-12-22 19:54:00+00:00,sell,False,pnl_block,pnl_block,,,False,0.5656820536,0.3245033025741577,0.56,0.45,prob_floor,"prob_floor,trailing_prob_drop",-0.07913800000000047,-0.08091633678523974,8.886639,0.3245033025741577,11.120507461964463,0.0011353957770331605,,88866.39,88075.01,-0.08091633678523974,34.0
SOL/USDT,xgb_primary,conservative,1m,2025-12-22 19:55:00+00:00,2025-12-22 18:43:00+00:00,2025-12-22 19:55:00+00:00,sell,False,pnl_block,pnl_block,,,False,0.6076040864,0.41829004883766174,0.48,0.44,prob_floor,"prob_floor,trailing_prob_drop",-0.15470000000000056,-0.15719273145840928,8.901900000000001,0.41829004883766174,6.402048655569646,0.8002240627379759,,127.17,124.96,-0.15719273145840928,72.0
ETH/USDT,xgb_primary,primary,1m,2025-12-22 19:55:00+00:00,2025-12-22 18:25:00+00:00,2025-12-22 19:55:00+00:00,sell,False,dry_run,dry_run,,,True,0.5002435446,0.3245033025741577,0.48,0.43,time_limit,"time_exit,prob_floor,trailing_prob_drop",-0.3166800000000012,-0.3203169120000012,18.18456,0.3245033025741577,0.03357975275148643,0.033590355537851384,17.86788,3030.76,2977.04,-0.3203169120000012,90.0
BTC/USDT,xgb_primary,conservative,1m,2025-12-22 19:55:00+00:00,2025-12-22 19:20:00+00:00,2025-12-22 19:55:00+00:00,sell,False,pnl_block,pnl_block,,,False,0.5656820536,0.3245033025741577,0.56,0.45,prob_floor,"prob_floor,trailing_prob_drop",-0.07788699999999954,-0.07966533664194343,8.886639,0.3245033025741577,3.4821870859791675,0.0011352345289257829,,88866.39,88087.52,-0.07966533664194343,35.0
SOL/USDT,xgb_primary,conservative,1m,2025-12-22 19:56:00+00:00,2025-12-22 18:43:00+00:00,2025-12-22 19:56:00+00:00,sell,False,pnl_block,pnl_block,,,False,0.6076040864,0.41829004883766174,0.48,0.44,prob_floor,"prob_floor,trailing_prob_drop",-0.16450000000000062,-0.1669935304105758,8.901900000000001,0.41829004883766174,,0.8011215701986876,,127.17,124.82,-0.1669935304105758,73.0
BTC/USDT,xgb_primary,conservative,1m,2025-12-22 19:56:00+00:00,2025-12-22 19:20:00+00:00,2025-12-22 19:56:00+00:00,sell,False,pnl_block,pnl_block,,,False,0.5656820536,0.3245033025741577,0.56,0.45,prob_floor,"prob_floor,trailing_prob_drop",-0.08663999999999943,-0.08841833764539718,8.886639,0.3245033025741577,5.054064412303136,0.00113636370033445,,88866.39,87999.99,-0.08841833764539718,36.0
