entry_threshold,exit_threshold,exit_prob_drop,min_hold_bars,max_hold_seconds,stop_loss_pct,take_profit_pct,max_spread_bps,trades,wins,pnl,pnl_perc,sharpe,max_drawdown,profit_factor,median_trade,avg_trade,fraction_time_in_position,skipped_spread,skipped_sizing,skipped_other,exit_reasons,coverage
0.49,0.48,0.1,1,,0.004,,8,173,80,0.8002549475044978,0.06668791229204148,1.8293323421103755,0.17240135043284407,1.6331320670704632,-0.0016758479260789994,0.004625751141644496,0.399519890260631,625,0,0,"{""gate_close"": 546, ""prob_floor"": 217, ""prob_trailing"": 17, ""stop_loss"": 18}",0.1910150891632373
0.49,0.48,0.1,1,,0.004,,10,248,74,-0.9805743513902736,-0.0817145292825228,-2.6719821896331504,1.0078417156157882,0.5978557620982451,-0.004997557387186347,-0.003953928836251102,0.3007544581618656,335,0,0,"{""gate_close"": 394, ""prob_floor"": 164, ""stop_loss"": 11, ""prob_trailing"": 14}",0.1910150891632373
0.49,0.48,0.1,1,,0.004,0.0075,8,173,80,0.8002549475044978,0.06668791229204148,1.8293323421103755,0.17240135043284407,1.6331320670704632,-0.0016758479260789994,0.004625751141644496,0.399519890260631,625,0,0,"{""gate_close"": 528, ""prob_floor"": 206, ""prob_trailing"": 17, ""stop_loss"": 18, ""take_profit"": 29}",0.1910150891632373
0.49,0.48,0.1,1,,0.004,0.0075,10,248,74,-0.9805743513902736,-0.0817145292825228,-2.6719821896331504,1.0078417156157882,0.5978557620982451,-0.004997557387186347,-0.003953928836251102,0.3007544581618656,335,0,0,"{""gate_close"": 384, ""prob_floor"": 159, ""stop_loss"": 11, ""prob_trailing"": 14, ""take_profit"": 15}",0.1910150891632373
0.49,0.48,0.1,1,,0.005,,8,173,80,0.8002549475044978,0.06668791229204148,1.8293323421103755,0.17240135043284407,1.6331320670704632,-0.0016758479260789994,0.004625751141644496,0.399519890260631,625,0,0,"{""gate_close"": 551, ""prob_floor"": 219, ""prob_trailing"": 17, ""stop_loss"": 11}",0.1910150891632373
0.49,0.48,0.1,1,,0.005,,10,247,74,-0.9440569785845125,-0.07867141488204271,-2.620532691343352,0.9713243428100271,0.6025137097985362,-0.00498756620487062,-0.0038220930307065284,0.3010973936899863,335,0,0,"{""gate_close"": 396, ""prob_floor"": 166, ""prob_trailing"": 14, ""stop_loss"": 6}",0.1910150891632373
0.49,0.48,0.1,1,,0.005,0.0075,8,173,80,0.8002549475044978,0.06668791229204148,1.8293323421103755,0.17240135043284407,1.6331320670704632,-0.0016758479260789994,0.004625751141644496,0.399519890260631,625,0,0,"{""gate_close"": 533, ""prob_floor"": 208, ""prob_trailing"": 17, ""stop_loss"": 11, ""take_profit"": 29}",0.1910150891632373
0.49,0.48,0.1,1,,0.005,0.0075,10,247,74,-0.9440569785845125,-0.07867141488204271,-2.620532691343352,0.9713243428100271,0.6025137097985362,-0.00498756620487062,-0.0038220930307065284,0.3010973936899863,335,0,0,"{""gate_close"": 386, ""prob_floor"": 161, ""prob_trailing"": 14, ""take_profit"": 15, ""stop_loss"": 6}",0.1910150891632373
0.49,0.48,0.1,1,3600.0,0.004,,8,173,80,0.8002549475044978,0.06668791229204148,1.8293323421103755,0.17240135043284407,1.6331320670704632,-0.0016758479260789994,0.004625751141644496,0.399519890260631,625,0,0,"{""gate_close"": 546, ""prob_floor"": 217, ""prob_trailing"": 16, ""stop_loss"": 18, ""time_limit"": 1}",0.1910150891632373
0.49,0.48,0.1,1,3600.0,0.004,,10,248,74,-0.9805743513902736,-0.0817145292825228,-2.6719821896331504,1.0078417156157882,0.5978557620982451,-0.004997557387186347,-0.003953928836251102,0.3007544581618656,335,0,0,"{""gate_close"": 394, ""prob_floor"": 164, ""stop_loss"": 11, ""prob_trailing"": 13, ""time_limit"": 1}",0.1910150891632373
0.49,0.48,0.1,1,3600.0,0.004,0.0075,8,173,80,0.8002549475044978,0.06668791229204148,1.8293323421103755,0.17240135043284407,1.6331320670704632,-0.0016758479260789994,0.004625751141644496,0.399519890260631,625,0,0,"{""gate_close"": 528, ""prob_floor"": 206, ""prob_trailing"": 16, ""stop_loss"": 18, ""take_profit"": 29, ""time_limit"": 1}",0.1910150891632373
0.49,0.48,0.1,1,3600.0,0.004,0.0075,10,248,74,-0.9805743513902736,-0.0817145292825228,-2.6719821896331504,1.0078417156157882,0.5978557620982451,-0.004997557387186347,-0.003953928836251102,0.3007544581618656,335,0,0,"{""gate_close"": 384, ""prob_floor"": 159, ""stop_loss"": 11, ""prob_trailing"": 13, ""take_profit"": 15, ""time_limit"": 1}",0.1910150891632373
0.49,0.48,0.1,1,3600.0,0.005,,8,173,80,0.8002549475044978,0.06668791229204148,1.8293323421103755,0.17240135043284407,1.6331320670704632,-0.0016758479260789994,0.004625751141644496,0.399519890260631,625,0,0,"{""gate_close"": 551, ""prob_floor"": 219, ""prob_trailing"": 16, ""stop_loss"": 11, ""time_limit"": 1}",0.1910150891632373
0.49,0.48,0.1,1,3600.0,0.005,,10,247,74,-0.9440569785845125,-0.07867141488204271,-2.620532691343352,0.9713243428100271,0.6025137097985362,-0.00498756620487062,-0.0038220930307065284,0.3010973936899863,335,0,0,"{""gate_close"": 396, ""prob_floor"": 166, ""prob_trailing"": 13, ""stop_loss"": 6, ""time_limit"": 1}",0.1910150891632373
0.49,0.48,0.1,1,3600.0,0.005,0.0075,8,173,80,0.8002549475044978,0.06668791229204148,1.8293323421103755,0.17240135043284407,1.6331320670704632,-0.0016758479260789994,0.004625751141644496,0.399519890260631,625,0,0,"{""gate_close"": 533, ""prob_floor"": 208, ""prob_trailing"": 16, ""stop_loss"": 11, ""take_profit"": 29, ""time_limit"": 1}",0.1910150891632373
0.49,0.48,0.1,1,3600.0,0.005,0.0075,10,247,74,-0.9440569785845125,-0.07867141488204271,-2.620532691343352,0.9713243428100271,0.6025137097985362,-0.00498756620487062,-0.0038220930307065284,0.3010973936899863,335,0,0,"{""gate_close"": 386, ""prob_floor"": 161, ""prob_trailing"": 13, ""take_profit"": 15, ""stop_loss"": 6, ""time_limit"": 1}",0.1910150891632373
0.49,0.48,0.1,3,,0.004,,8,150,76,0.6295385799787697,0.05246154833156414,1.752638027966836,0.14061030105652156,1.5250201852775935,0.0010957831881501343,0.004196923866525132,0.43175582990397804,512,0,0,"{""gate_close"": 439, ""prob_trailing"": 12, ""prob_floor"": 191, ""stop_loss"": 20}",0.1910150891632373
0.49,0.48,0.1,3,,0.004,,10,202,84,-0.1798572313877614,-0.014988102615646785,-0.374782068662714,0.5860050309989205,0.913447179097955,-0.0043347297383460204,-0.0008903823336027803,0.37585733882030176,289,0,0,"{""gate_close"": 332, ""prob_trailing"": 10, ""prob_floor"": 139, ""stop_loss"": 10}",0.1910150891632373
0.49,0.48,0.1,3,,0.004,0.0075,8,150,76,0.6295385799787697,0.05246154833156414,1.752638027966836,0.14061030105652156,1.5250201852775935,0.0010957831881501343,0.004196923866525132,0.43175582990397804,512,0,0,"{""gate_close"": 429, ""prob_trailing"": 12, ""prob_floor"": 186, ""stop_loss"": 20, ""take_profit"": 15}",0.1910150891632373
0.49,0.48,0.1,3,,0.004,0.0075,10,202,84,-0.1798572313877614,-0.014988102615646785,-0.374782068662714,0.5860050309989205,0.913447179097955,-0.0043347297383460204,-0.0008903823336027803,0.37585733882030176,289,0,0,"{""gate_close"": 313, ""prob_trailing"": 10, ""prob_floor"": 130, ""stop_loss"": 10, ""take_profit"": 28}",0.1910150891632373
0.49,0.48,0.1,3,,0.005,,8,150,76,0.6295385799787697,0.05246154833156414,1.752638027966836,0.14061030105652156,1.5250201852775935,0.0010957831881501343,0.004196923866525132,0.43175582990397804,512,0,0,"{""gate_close"": 443, ""prob_trailing"": 12, ""prob_floor"": 193, ""stop_loss"": 14}",0.1910150891632373
0.49,0.48,0.1,3,,0.005,,10,202,84,-0.1798572313877614,-0.014988102615646785,-0.374782068662714,0.5860050309989205,0.913447179097955,-0.0043347297383460204,-0.0008903823336027803,0.37585733882030176,289,0,0,"{""gate_close"": 334, ""prob_trailing"": 10, ""prob_floor"": 141, ""stop_loss"": 6}",0.1910150891632373
0.49,0.48,0.1,3,,0.005,0.0075,8,150,76,0.6295385799787697,0.05246154833156414,1.752638027966836,0.14061030105652156,1.5250201852775935,0.0010957831881501343,0.004196923866525132,0.43175582990397804,512,0,0,"{""gate_close"": 433, ""prob_trailing"": 12, ""prob_floor"": 188, ""stop_loss"": 14, ""take_profit"": 15}",0.1910150891632373
0.49,0.48,0.1,3,,0.005,0.0075,10,202,84,-0.1798572313877614,-0.014988102615646785,-0.374782068662714,0.5860050309989205,0.913447179097955,-0.0043347297383460204,-0.0008903823336027803,0.37585733882030176,289,0,0,"{""gate_close"": 315, ""prob_trailing"": 10, ""prob_floor"": 132, ""take_profit"": 28, ""stop_loss"": 6}",0.1910150891632373
0.49,0.48,0.1,3,3600.0,0.004,,8,150,76,0.6295385799787697,0.05246154833156414,1.752638027966836,0.14061030105652156,1.5250201852775935,0.0010957831881501343,0.004196923866525132,0.43175582990397804,512,0,0,"{""gate_close"": 439, ""prob_trailing"": 11, ""prob_floor"": 191, ""stop_loss"": 20, ""time_limit"": 1}",0.1910150891632373
0.49,0.48,0.1,3,3600.0,0.004,,10,202,84,-0.1798572313877614,-0.014988102615646785,-0.374782068662714,0.5860050309989205,0.913447179097955,-0.0043347297383460204,-0.0008903823336027803,0.37585733882030176,289,0,0,"{""gate_close"": 332, ""prob_trailing"": 9, ""prob_floor"": 139, ""stop_loss"": 10, ""time_limit"": 1}",0.1910150891632373
0.49,0.48,0.1,3,3600.0,0.004,0.0075,8,150,76,0.6295385799787697,0.05246154833156414,1.752638027966836,0.14061030105652156,1.5250201852775935,0.0010957831881501343,0.004196923866525132,0.43175582990397804,512,0,0,"{""gate_close"": 429, ""prob_trailing"": 11, ""prob_floor"": 186, ""stop_loss"": 20, ""take_profit"": 15, ""time_limit"": 1}",0.1910150891632373
0.49,0.48,0.1,3,3600.0,0.004,0.0075,10,202,84,-0.1798572313877614,-0.014988102615646785,-0.374782068662714,0.5860050309989205,0.913447179097955,-0.0043347297383460204,-0.0008903823336027803,0.37585733882030176,289,0,0,"{""gate_close"": 313, ""prob_trailing"": 9, ""prob_floor"": 130, ""stop_loss"": 10, ""take_profit"": 28, ""time_limit"": 1}",0.1910150891632373
0.49,0.48,0.1,3,3600.0,0.005,,8,150,76,0.6295385799787697,0.05246154833156414,1.752638027966836,0.14061030105652156,1.5250201852775935,0.0010957831881501343,0.004196923866525132,0.43175582990397804,512,0,0,"{""gate_close"": 443, ""prob_trailing"": 11, ""prob_floor"": 193, ""stop_loss"": 14, ""time_limit"": 1}",0.1910150891632373
0.49,0.48,0.1,3,3600.0,0.005,,10,202,84,-0.1798572313877614,-0.014988102615646785,-0.374782068662714,0.5860050309989205,0.913447179097955,-0.0043347297383460204,-0.0008903823336027803,0.37585733882030176,289,0,0,"{""gate_close"": 334, ""prob_trailing"": 9, ""prob_floor"": 141, ""stop_loss"": 6, ""time_limit"": 1}",0.1910150891632373
0.49,0.48,0.1,3,3600.0,0.005,0.0075,8,150,76,0.6295385799787697,0.05246154833156414,1.752638027966836,0.14061030105652156,1.5250201852775935,0.0010957831881501343,0.004196923866525132,0.43175582990397804,512,0,0,"{""gate_close"": 433, ""prob_trailing"": 11, ""prob_floor"": 188, ""stop_loss"": 14, ""take_profit"": 15, ""time_limit"": 1}",0.1910150891632373
0.49,0.48,0.1,3,3600.0,0.005,0.0075,10,202,84,-0.1798572313877614,-0.014988102615646785,-0.374782068662714,0.5860050309989205,0.913447179097955,-0.0043347297383460204,-0.0008903823336027803,0.37585733882030176,289,0,0,"{""gate_close"": 315, ""prob_trailing"": 9, ""prob_floor"": 132, ""take_profit"": 28, ""stop_loss"": 6, ""time_limit"": 1}",0.1910150891632373
0.49,0.48,0.15,1,,0.004,,8,162,77,0.8721952732684075,0.07268293943903396,2.0028337152270708,0.1415926275759669,1.7297229130629237,-0.0009903667453392065,0.005383921439928442,0.4060356652949246,630,0,0,"{""gate_close"": 555, ""prob_floor"": 216, ""stop_loss"": 18, ""prob_trailing"": 3}",0.1910150891632373
0.49,0.48,0.15,1,,0.004,,10,239,72,-0.9665195143098679,-0.08054329285915567,-2.6429768611985214,1.0165904478996353,0.596963776234056,-0.0050075485695020745,-0.0040440147042253875,0.30727023319615915,341,0,0,"{""gate_close"": 404, ""prob_floor"": 164, ""stop_loss"": 11, ""prob_trailing"": 1}",0.1910150891632373
0.49,0.48,0.15,1,,0.004,0.0075,8,162,77,0.8721952732684075,0.07268293943903396,2.0028337152270708,0.1415926275759669,1.7297229130629237,-0.0009903667453392065,0.005383921439928442,0.4060356652949246,630,0,0,"{""gate_close"": 537, ""prob_floor"": 205, ""stop_loss"": 18, ""prob_trailing"": 3, ""take_profit"": 29}",0.1910150891632373
0.49,0.48,0.15,1,,0.004,0.0075,10,239,72,-0.9665195143098679,-0.08054329285915567,-2.6429768611985214,1.0165904478996353,0.596963776234056,-0.0050075485695020745,-0.0040440147042253875,0.30727023319615915,341,0,0,"{""gate_close"": 394, ""prob_floor"": 159, ""stop_loss"": 11, ""take_profit"": 15, ""prob_trailing"": 1}",0.1910150891632373
0.49,0.48,0.15,1,,0.005,,8,162,77,0.8721952732684075,0.07268293943903396,2.0028337152270708,0.1415926275759669,1.7297229130629237,-0.0009903667453392065,0.005383921439928442,0.4060356652949246,630,0,0,"{""gate_close"": 560, ""prob_floor"": 218, ""prob_trailing"": 3, ""stop_loss"": 11}",0.1910150891632373
0.49,0.48,0.15,1,,0.005,,10,238,72,-0.9300021415041068,-0.07750017845867556,-2.5909214949062322,0.9800730750938741,0.6016778789118914,-0.004997557387186347,-0.003907572023126499,0.30761316872427985,341,0,0,"{""gate_close"": 406, ""prob_floor"": 166, ""stop_loss"": 6, ""prob_trailing"": 1}",0.1910150891632373
0.49,0.48,0.15,1,,0.005,0.0075,8,162,77,0.8721952732684075,0.07268293943903396,2.0028337152270708,0.1415926275759669,1.7297229130629237,-0.0009903667453392065,0.005383921439928442,0.4060356652949246,630,0,0,"{""gate_close"": 542, ""prob_floor"": 207, ""prob_trailing"": 3, ""stop_loss"": 11, ""take_profit"": 29}",0.1910150891632373
0.49,0.48,0.15,1,,0.005,0.0075,10,238,72,-0.9300021415041068,-0.07750017845867556,-2.5909214949062322,0.9800730750938741,0.6016778789118914,-0.004997557387186347,-0.003907572023126499,0.30761316872427985,341,0,0,"{""gate_close"": 396, ""prob_floor"": 161, ""take_profit"": 15, ""stop_loss"": 6, ""prob_trailing"": 1}",0.1910150891632373
0.49,0.48,0.15,1,3600.0,0.004,,8,163,77,0.8668293418729599,0.07223577848941333,1.988100807741128,0.1415926275759669,1.7179817285212415,-0.0010316599972489474,0.005317971422533496,0.4056927297668038,630,0,0,"{""gate_close"": 555, ""prob_floor"": 216, ""stop_loss"": 18, ""prob_trailing"": 3, ""time_limit"": 1}",0.1910150891632373
0.49,0.48,0.15,1,3600.0,0.004,,10,240,72,-0.9718854457053155,-0.0809904538087763,-2.654172943514091,1.0165904478996353,0.5967561576562309,-0.0050579176080304995,-0.004049522690438814,0.3069272976680384,341,0,0,"{""gate_close"": 404, ""prob_floor"": 164, ""stop_loss"": 11, ""prob_trailing"": 1, ""time_limit"": 1}",0.1910150891632373
0.49,0.48,0.15,1,3600.0,0.004,0.0075,8,163,77,0.8668293418729599,0.07223577848941333,1.988100807741128,0.1415926275759669,1.7179817285212415,-0.0010316599972489474,0.005317971422533496,0.4056927297668038,630,0,0,"{""gate_close"": 537, ""prob_floor"": 205, ""stop_loss"": 18, ""prob_trailing"": 3, ""take_profit"": 29, ""time_limit"": 1}",0.1910150891632373
0.49,0.48,0.15,1,3600.0,0.004,0.0075,10,240,72,-0.9718854457053155,-0.0809904538087763,-2.654172943514091,1.0165904478996353,0.5967561576562309,-0.0050579176080304995,-0.004049522690438814,0.3069272976680384,341,0,0,"{""gate_close"": 394, ""prob_floor"": 159, ""stop_loss"": 11, ""take_profit"": 15, ""prob_trailing"": 1, ""time_limit"": 1}",0.1910150891632373
0.49,0.48,0.15,1,3600.0,0.005,,8,163,77,0.8668293418729599,0.07223577848941333,1.988100807741128,0.1415926275759669,1.7179817285212415,-0.0010316599972489474,0.005317971422533496,0.4056927297668038,630,0,0,"{""gate_close"": 560, ""prob_floor"": 218, ""prob_trailing"": 3, ""stop_loss"": 11, ""time_limit"": 1}",0.1910150891632373
0.49,0.48,0.15,1,3600.0,0.005,,10,239,72,-0.9353680728995544,-0.07794733940829619,-2.602327466912197,0.9800730750938741,0.6014404115752515,-0.0050075485695020745,-0.00391367394518642,0.30727023319615915,341,0,0,"{""gate_close"": 406, ""prob_floor"": 166, ""stop_loss"": 6, ""prob_trailing"": 1, ""time_limit"": 1}",0.1910150891632373
0.49,0.48,0.15,1,3600.0,0.005,0.0075,8,163,77,0.8668293418729599,0.07223577848941333,1.988100807741128,0.1415926275759669,1.7179817285212415,-0.0010316599972489474,0.005317971422533496,0.4056927297668038,630,0,0,"{""gate_close"": 542, ""prob_floor"": 207, ""prob_trailing"": 3, ""stop_loss"": 11, ""take_profit"": 29, ""time_limit"": 1}",0.1910150891632373
0.49,0.48,0.15,1,3600.0,0.005,0.0075,10,239,72,-0.9353680728995544,-0.07794733940829619,-2.602327466912197,0.9800730750938741,0.6014404115752515,-0.0050075485695020745,-0.00391367394518642,0.30727023319615915,341,0,0,"{""gate_close"": 396, ""prob_floor"": 161, ""take_profit"": 15, ""stop_loss"": 6, ""prob_trailing"": 1, ""time_limit"": 1}",0.1910150891632373
0.49,0.48,0.15,3,,0.004,,8,143,73,0.6600283800107446,0.055002365000895385,1.8437149675460747,0.13515910379300172,1.5660077457355253,0.0011801142241516446,0.004615583076998214,0.43141289437585734,512,0,0,"{""gate_close"": 445, ""prob_floor"": 187, ""stop_loss"": 20, ""prob_trailing"": 3}",0.1910150891632373
0.49,0.48,0.15,3,,0.004,,10,197,81,-0.1374196588995573,-0.011451638241629774,-0.285838931448917,0.5717179727609175,0.9327890825421948,-0.004342224688531269,-0.0006975617203023225,0.3762002743484225,290,0,0,"{""gate_close"": 335, ""prob_floor"": 139, ""stop_loss"": 10, ""prob_trailing"": 3}",0.1910150891632373
0.49,0.48,0.15,3,,0.004,0.0075,8,143,73,0.6600283800107446,0.055002365000895385,1.8437149675460747,0.13515910379300172,1.5660077457355253,0.0011801142241516446,0.004615583076998214,0.43141289437585734,512,0,0,"{""gate_close"": 435, ""prob_floor"": 182, ""stop_loss"": 20, ""prob_trailing"": 3, ""take_profit"": 15}",0.1910150891632373
0.49,0.48,0.15,3,,0.004,0.0075,10,197,81,-0.1374196588995573,-0.011451638241629774,-0.285838931448917,0.5717179727609175,0.9327890825421948,-0.004342224688531269,-0.0006975617203023225,0.3762002743484225,290,0,0,"{""gate_close"": 316, ""prob_floor"": 130, ""stop_loss"": 10, ""prob_trailing"": 3, ""take_profit"": 28}",0.1910150891632373
0.49,0.48,0.15,3,,0.005,,8,143,73,0.6600283800107446,0.055002365000895385,1.8437149675460747,0.13515910379300172,1.5660077457355253,0.0011801142241516446,0.004615583076998214,0.43141289437585734,512,0,0,"{""gate_close"": 449, ""prob_floor"": 189, ""prob_trailing"": 3, ""stop_loss"": 14}",0.1910150891632373
0.49,0.48,0.15,3,,0.005,,10,197,81,-0.1374196588995573,-0.011451638241629774,-0.285838931448917,0.5717179727609175,0.9327890825421948,-0.004342224688531269,-0.0006975617203023225,0.3762002743484225,290,0,0,"{""gate_close"": 337, ""prob_floor"": 141, ""prob_trailing"": 3, ""stop_loss"": 6}",0.1910150891632373
0.49,0.48,0.15,3,,0.005,0.0075,8,143,73,0.6600283800107446,0.055002365000895385,1.8437149675460747,0.13515910379300172,1.5660077457355253,0.0011801142241516446,0.004615583076998214,0.43141289437585734,512,0,0,"{""gate_close"": 439, ""prob_floor"": 184, ""prob_trailing"": 3, ""stop_loss"": 14, ""take_profit"": 15}",0.1910150891632373
0.49,0.48,0.15,3,,0.005,0.0075,10,197,81,-0.1374196588995573,-0.011451638241629774,-0.285838931448917,0.5717179727609175,0.9327890825421948,-0.004342224688531269,-0.0006975617203023225,0.3762002743484225,290,0,0,"{""gate_close"": 318, ""prob_floor"": 132, ""prob_trailing"": 3, ""take_profit"": 28, ""stop_loss"": 6}",0.1910150891632373
0.49,0.48,0.15,3,3600.0,0.004,,8,143,73,0.6615095257970879,0.05512579381642399,1.8489314245783457,0.13515910379300172,1.567277903221208,0.0011801142241516446,0.004625940739839776,0.43175582990397804,513,0,0,"{""gate_close"": 446, ""prob_floor"": 186, ""stop_loss"": 20, ""prob_trailing"": 3, ""time_limit"": 1}",0.1910150891632373
0.49,0.48,0.15,3,3600.0,0.004,,10,197,81,-0.1359181668270821,-0.011326513902256842,-0.28243496969909976,0.5717179727609175,0.9336922452640095,-0.004342224688531269,-0.0006899399331323975,0.3765432098765432,291,0,0,"{""gate_close"": 336, ""prob_floor"": 138, ""stop_loss"": 10, ""prob_trailing"": 3, ""time_limit"": 1}",0.1910150891632373
0.49,0.48,0.15,3,3600.0,0.004,0.0075,8,143,73,0.6615095257970879,0.05512579381642399,1.8489314245783457,0.13515910379300172,1.567277903221208,0.0011801142241516446,0.004625940739839776,0.43175582990397804,513,0,0,"{""gate_close"": 436, ""prob_floor"": 181, ""stop_loss"": 20, ""prob_trailing"": 3, ""take_profit"": 15, ""time_limit"": 1}",0.1910150891632373
0.49,0.48,0.15,3,3600.0,0.004,0.0075,10,197,81,-0.1359181668270821,-0.011326513902256842,-0.28243496969909976,0.5717179727609175,0.9336922452640095,-0.004342224688531269,-0.0006899399331323975,0.3765432098765432,291,0,0,"{""gate_close"": 317, ""prob_floor"": 129, ""stop_loss"": 10, ""prob_trailing"": 3, ""take_profit"": 28, ""time_limit"": 1}",0.1910150891632373
0.49,0.48,0.15,3,3600.0,0.005,,8,143,73,0.6615095257970879,0.05512579381642399,1.8489314245783457,0.13515910379300172,1.567277903221208,0.0011801142241516446,0.004625940739839776,0.43175582990397804,513,0,0,"{""gate_close"": 450, ""prob_floor"": 188, ""prob_trailing"": 3, ""stop_loss"": 14, ""time_limit"": 1}",0.1910150891632373
0.49,0.48,0.15,3,3600.0,0.005,,10,197,81,-0.1359181668270821,-0.011326513902256842,-0.28243496969909976,0.5717179727609175,0.9336922452640095,-0.004342224688531269,-0.0006899399331323975,0.3765432098765432,291,0,0,"{""gate_close"": 338, ""prob_floor"": 140, ""prob_trailing"": 3, ""stop_loss"": 6, ""time_limit"": 1}",0.1910150891632373
0.49,0.48,0.15,3,3600.0,0.005,0.0075,8,143,73,0.6615095257970879,0.05512579381642399,1.8489314245783457,0.13515910379300172,1.567277903221208,0.0011801142241516446,0.004625940739839776,0.43175582990397804,513,0,0,"{""gate_close"": 440, ""prob_floor"": 183, ""prob_trailing"": 3, ""stop_loss"": 14, ""take_profit"": 15, ""time_limit"": 1}",0.1910150891632373
0.49,0.48,0.15,3,3600.0,0.005,0.0075,10,197,81,-0.1359181668270821,-0.011326513902256842,-0.28243496969909976,0.5717179727609175,0.9336922452640095,-0.004342224688531269,-0.0006899399331323975,0.3765432098765432,291,0,0,"{""gate_close"": 319, ""prob_floor"": 131, ""prob_trailing"": 3, ""take_profit"": 28, ""stop_loss"": 6, ""time_limit"": 1}",0.1910150891632373
0.49,0.49,0.1,1,,0.004,,8,173,80,0.8002549475044978,0.06668791229204148,1.8293323421103755,0.17240135043284407,1.6331320670704632,-0.0016758479260789994,0.004625751141644496,0.399519890260631,625,0,0,"{""gate_close"": 546, ""prob_floor"": 217, ""prob_trailing"": 17, ""stop_loss"": 18}",0.1910150891632373
0.49,0.49,0.1,1,,0.004,,10,248,74,-0.9805743513902736,-0.0817145292825228,-2.6719821896331504,1.0078417156157882,0.5978557620982451,-0.004997557387186347,-0.003953928836251102,0.3007544581618656,335,0,0,"{""gate_close"": 394, ""prob_floor"": 164, ""stop_loss"": 11, ""prob_trailing"": 14}",0.1910150891632373
0.49,0.49,0.1,1,,0.004,0.0075,8,173,80,0.8002549475044978,0.06668791229204148,1.8293323421103755,0.17240135043284407,1.6331320670704632,-0.0016758479260789994,0.004625751141644496,0.399519890260631,625,0,0,"{""gate_close"": 528, ""prob_floor"": 206, ""prob_trailing"": 17, ""stop_loss"": 18, ""take_profit"": 29}",0.1910150891632373
0.49,0.49,0.1,1,,0.004,0.0075,10,248,74,-0.9805743513902736,-0.0817145292825228,-2.6719821896331504,1.0078417156157882,0.5978557620982451,-0.004997557387186347,-0.003953928836251102,0.3007544581618656,335,0,0,"{""gate_close"": 384, ""prob_floor"": 159, ""stop_loss"": 11, ""prob_trailing"": 14, ""take_profit"": 15}",0.1910150891632373
0.49,0.49,0.1,1,,0.005,,8,173,80,0.8002549475044978,0.06668791229204148,1.8293323421103755,0.17240135043284407,1.6331320670704632,-0.0016758479260789994,0.004625751141644496,0.399519890260631,625,0,0,"{""gate_close"": 551, ""prob_floor"": 219, ""prob_trailing"": 17, ""stop_loss"": 11}",0.1910150891632373
0.49,0.49,0.1,1,,0.005,,10,247,74,-0.9440569785845125,-0.07867141488204271,-2.620532691343352,0.9713243428100271,0.6025137097985362,-0.00498756620487062,-0.0038220930307065284,0.3010973936899863,335,0,0,"{""gate_close"": 396, ""prob_floor"": 166, ""prob_trailing"": 14, ""stop_loss"": 6}",0.1910150891632373
0.49,0.49,0.1,1,,0.005,0.0075,8,173,80,0.8002549475044978,0.06668791229204148,1.8293323421103755,0.17240135043284407,1.6331320670704632,-0.0016758479260789994,0.004625751141644496,0.399519890260631,625,0,0,"{""gate_close"": 533, ""prob_floor"": 208, ""prob_trailing"": 17, ""stop_loss"": 11, ""take_profit"": 29}",0.1910150891632373
0.49,0.49,0.1,1,,0.005,0.0075,10,247,74,-0.9440569785845125,-0.07867141488204271,-2.620532691343352,0.9713243428100271,0.6025137097985362,-0.00498756620487062,-0.0038220930307065284,0.3010973936899863,335,0,0,"{""gate_close"": 386, ""prob_floor"": 161, ""prob_trailing"": 14, ""take_profit"": 15, ""stop_loss"": 6}",0.1910150891632373
0.49,0.49,0.1,1,3600.0,0.004,,8,173,80,0.8002549475044978,0.06668791229204148,1.8293323421103755,0.17240135043284407,1.6331320670704632,-0.0016758479260789994,0.004625751141644496,0.399519890260631,625,0,0,"{""gate_close"": 546, ""prob_floor"": 217, ""prob_trailing"": 16, ""stop_loss"": 18, ""time_limit"": 1}",0.1910150891632373
0.49,0.49,0.1,1,3600.0,0.004,,10,248,74,-0.9805743513902736,-0.0817145292825228,-2.6719821896331504,1.0078417156157882,0.5978557620982451,-0.004997557387186347,-0.003953928836251102,0.3007544581618656,335,0,0,"{""gate_close"": 394, ""prob_floor"": 164, ""stop_loss"": 11, ""prob_trailing"": 13, ""time_limit"": 1}",0.1910150891632373
0.49,0.49,0.1,1,3600.0,0.004,0.0075,8,173,80,0.8002549475044978,0.06668791229204148,1.8293323421103755,0.17240135043284407,1.6331320670704632,-0.0016758479260789994,0.004625751141644496,0.399519890260631,625,0,0,"{""gate_close"": 528, ""prob_floor"": 206, ""prob_trailing"": 16, ""stop_loss"": 18, ""take_profit"": 29, ""time_limit"": 1}",0.1910150891632373
0.49,0.49,0.1,1,3600.0,0.004,0.0075,10,248,74,-0.9805743513902736,-0.0817145292825228,-2.6719821896331504,1.0078417156157882,0.5978557620982451,-0.004997557387186347,-0.003953928836251102,0.3007544581618656,335,0,0,"{""gate_close"": 384, ""prob_floor"": 159, ""stop_loss"": 11, ""prob_trailing"": 13, ""take_profit"": 15, ""time_limit"": 1}",0.1910150891632373
0.49,0.49,0.1,1,3600.0,0.005,,8,173,80,0.8002549475044978,0.06668791229204148,1.8293323421103755,0.17240135043284407,1.6331320670704632,-0.0016758479260789994,0.004625751141644496,0.399519890260631,625,0,0,"{""gate_close"": 551, ""prob_floor"": 219, ""prob_trailing"": 16, ""stop_loss"": 11, ""time_limit"": 1}",0.1910150891632373
0.49,0.49,0.1,1,3600.0,0.005,,10,247,74,-0.9440569785845125,-0.07867141488204271,-2.620532691343352,0.9713243428100271,0.6025137097985362,-0.00498756620487062,-0.0038220930307065284,0.3010973936899863,335,0,0,"{""gate_close"": 396, ""prob_floor"": 166, ""prob_trailing"": 13, ""stop_loss"": 6, ""time_limit"": 1}",0.1910150891632373
0.49,0.49,0.1,1,3600.0,0.005,0.0075,8,173,80,0.8002549475044978,0.06668791229204148,1.8293323421103755,0.17240135043284407,1.6331320670704632,-0.0016758479260789994,0.004625751141644496,0.399519890260631,625,0,0,"{""gate_close"": 533, ""prob_floor"": 208, ""prob_trailing"": 16, ""stop_loss"": 11, ""take_profit"": 29, ""time_limit"": 1}",0.1910150891632373
0.49,0.49,0.1,1,3600.0,0.005,0.0075,10,247,74,-0.9440569785845125,-0.07867141488204271,-2.620532691343352,0.9713243428100271,0.6025137097985362,-0.00498756620487062,-0.0038220930307065284,0.3010973936899863,335,0,0,"{""gate_close"": 386, ""prob_floor"": 161, ""prob_trailing"": 13, ""take_profit"": 15, ""stop_loss"": 6, ""time_limit"": 1}",0.1910150891632373
0.49,0.49,0.1,3,,0.004,,8,150,76,0.6295385799787697,0.05246154833156414,1.752638027966836,0.14061030105652156,1.5250201852775935,0.0010957831881501343,0.004196923866525132,0.43175582990397804,512,0,0,"{""gate_close"": 439, ""prob_trailing"": 12, ""prob_floor"": 191, ""stop_loss"": 20}",0.1910150891632373
0.49,0.49,0.1,3,,0.004,,10,202,84,-0.1798572313877614,-0.014988102615646785,-0.374782068662714,0.5860050309989205,0.913447179097955,-0.0043347297383460204,-0.0008903823336027803,0.37585733882030176,289,0,0,"{""gate_close"": 332, ""prob_trailing"": 10, ""prob_floor"": 139, ""stop_loss"": 10}",0.1910150891632373
0.49,0.49,0.1,3,,0.004,0.0075,8,150,76,0.6295385799787697,0.05246154833156414,1.752638027966836,0.14061030105652156,1.5250201852775935,0.0010957831881501343,0.004196923866525132,0.43175582990397804,512,0,0,"{""gate_close"": 429, ""prob_trailing"": 12, ""prob_floor"": 186, ""stop_loss"": 20, ""take_profit"": 15}",0.1910150891632373
0.49,0.49,0.1,3,,0.004,0.0075,10,202,84,-0.1798572313877614,-0.014988102615646785,-0.374782068662714,0.5860050309989205,0.913447179097955,-0.0043347297383460204,-0.0008903823336027803,0.37585733882030176,289,0,0,"{""gate_close"": 313, ""prob_trailing"": 10, ""prob_floor"": 130, ""stop_loss"": 10, ""take_profit"": 28}",0.1910150891632373
0.49,0.49,0.1,3,,0.005,,8,150,76,0.6295385799787697,0.05246154833156414,1.752638027966836,0.14061030105652156,1.5250201852775935,0.0010957831881501343,0.004196923866525132,0.43175582990397804,512,0,0,"{""gate_close"": 443, ""prob_trailing"": 12, ""prob_floor"": 193, ""stop_loss"": 14}",0.1910150891632373
0.49,0.49,0.1,3,,0.005,,10,202,84,-0.1798572313877614,-0.014988102615646785,-0.374782068662714,0.5860050309989205,0.913447179097955,-0.0043347297383460204,-0.0008903823336027803,0.37585733882030176,289,0,0,"{""gate_close"": 334, ""prob_trailing"": 10, ""prob_floor"": 141, ""stop_loss"": 6}",0.1910150891632373
0.49,0.49,0.1,3,,0.005,0.0075,8,150,76,0.6295385799787697,0.05246154833156414,1.752638027966836,0.14061030105652156,1.5250201852775935,0.0010957831881501343,0.004196923866525132,0.43175582990397804,512,0,0,"{""gate_close"": 433, ""prob_trailing"": 12, ""prob_floor"": 188, ""stop_loss"": 14, ""take_profit"": 15}",0.1910150891632373
0.49,0.49,0.1,3,,0.005,0.0075,10,202,84,-0.1798572313877614,-0.014988102615646785,-0.374782068662714,0.5860050309989205,0.913447179097955,-0.0043347297383460204,-0.0008903823336027803,0.37585733882030176,289,0,0,"{""gate_close"": 315, ""prob_trailing"": 10, ""prob_floor"": 132, ""take_profit"": 28, ""stop_loss"": 6}",0.1910150891632373
0.49,0.49,0.1,3,3600.0,0.004,,8,150,76,0.6295385799787697,0.05246154833156414,1.752638027966836,0.14061030105652156,1.5250201852775935,0.0010957831881501343,0.004196923866525132,0.43175582990397804,512,0,0,"{""gate_close"": 439, ""prob_trailing"": 11, ""prob_floor"": 191, ""stop_loss"": 20, ""time_limit"": 1}",0.1910150891632373
0.49,0.49,0.1,3,3600.0,0.004,,10,202,84,-0.1798572313877614,-0.014988102615646785,-0.374782068662714,0.5860050309989205,0.913447179097955,-0.0043347297383460204,-0.0008903823336027803,0.37585733882030176,289,0,0,"{""gate_close"": 332, ""prob_trailing"": 9, ""prob_floor"": 139, ""stop_loss"": 10, ""time_limit"": 1}",0.1910150891632373
0.49,0.49,0.1,3,3600.0,0.004,0.0075,8,150,76,0.6295385799787697,0.05246154833156414,1.752638027966836,0.14061030105652156,1.5250201852775935,0.0010957831881501343,0.004196923866525132,0.43175582990397804,512,0,0,"{""gate_close"": 429, ""prob_trailing"": 11, ""prob_floor"": 186, ""stop_loss"": 20, ""take_profit"": 15, ""time_limit"": 1}",0.1910150891632373
0.49,0.49,0.1,3,3600.0,0.004,0.0075,10,202,84,-0.1798572313877614,-0.014988102615646785,-0.374782068662714,0.5860050309989205,0.913447179097955,-0.0043347297383460204,-0.0008903823336027803,0.37585733882030176,289,0,0,"{""gate_close"": 313, ""prob_trailing"": 9, ""prob_floor"": 130, ""stop_loss"": 10, ""take_profit"": 28, ""time_limit"": 1}",0.1910150891632373
0.49,0.49,0.1,3,3600.0,0.005,,8,150,76,0.6295385799787697,0.05246154833156414,1.752638027966836,0.14061030105652156,1.5250201852775935,0.0010957831881501343,0.004196923866525132,0.43175582990397804,512,0,0,"{""gate_close"": 443, ""prob_trailing"": 11, ""prob_floor"": 193, ""stop_loss"": 14, ""time_limit"": 1}",0.1910150891632373
0.49,0.49,0.1,3,3600.0,0.005,,10,202,84,-0.1798572313877614,-0.014988102615646785,-0.374782068662714,0.5860050309989205,0.913447179097955,-0.0043347297383460204,-0.0008903823336027803,0.37585733882030176,289,0,0,"{""gate_close"": 334, ""prob_trailing"": 9, ""prob_floor"": 141, ""stop_loss"": 6, ""time_limit"": 1}",0.1910150891632373
0.49,0.49,0.1,3,3600.0,0.005,0.0075,8,150,76,0.6295385799787697,0.05246154833156414,1.752638027966836,0.14061030105652156,1.5250201852775935,0.0010957831881501343,0.004196923866525132,0.43175582990397804,512,0,0,"{""gate_close"": 433, ""prob_trailing"": 11, ""prob_floor"": 188, ""stop_loss"": 14, ""take_profit"": 15, ""time_limit"": 1}",0.1910150891632373
0.49,0.49,0.1,3,3600.0,0.005,0.0075,10,202,84,-0.1798572313877614,-0.014988102615646785,-0.374782068662714,0.5860050309989205,0.913447179097955,-0.0043347297383460204,-0.0008903823336027803,0.37585733882030176,289,0,0,"{""gate_close"": 315, ""prob_trailing"": 9, ""prob_floor"": 132, ""take_profit"": 28, ""stop_loss"": 6, ""time_limit"": 1}",0.1910150891632373
0.49,0.49,0.15,1,,0.004,,8,162,77,0.8721952732684075,0.07268293943903396,2.0028337152270708,0.1415926275759669,1.7297229130629237,-0.0009903667453392065,0.005383921439928442,0.4060356652949246,630,0,0,"{""gate_close"": 555, ""prob_floor"": 216, ""stop_loss"": 18, ""prob_trailing"": 3}",0.1910150891632373
0.49,0.49,0.15,1,,0.004,,10,239,72,-0.9665195143098679,-0.08054329285915567,-2.6429768611985214,1.0165904478996353,0.596963776234056,-0.0050075485695020745,-0.0040440147042253875,0.30727023319615915,341,0,0,"{""gate_close"": 404, ""prob_floor"": 164, ""stop_loss"": 11, ""prob_trailing"": 1}",0.1910150891632373
0.49,0.49,0.15,1,,0.004,0.0075,8,162,77,0.8721952732684075,0.07268293943903396,2.0028337152270708,0.1415926275759669,1.7297229130629237,-0.0009903667453392065,0.005383921439928442,0.4060356652949246,630,0,0,"{""gate_close"": 537, ""prob_floor"": 205, ""stop_loss"": 18, ""prob_trailing"": 3, ""take_profit"": 29}",0.1910150891632373
0.49,0.49,0.15,1,,0.004,0.0075,10,239,72,-0.9665195143098679,-0.08054329285915567,-2.6429768611985214,1.0165904478996353,0.596963776234056,-0.0050075485695020745,-0.0040440147042253875,0.30727023319615915,341,0,0,"{""gate_close"": 394, ""prob_floor"": 159, ""stop_loss"": 11, ""take_profit"": 15, ""prob_trailing"": 1}",0.1910150891632373
0.49,0.49,0.15,1,,0.005,,8,162,77,0.8721952732684075,0.07268293943903396,2.0028337152270708,0.1415926275759669,1.7297229130629237,-0.0009903667453392065,0.005383921439928442,0.4060356652949246,630,0,0,"{""gate_close"": 560, ""prob_floor"": 218, ""prob_trailing"": 3, ""stop_loss"": 11}",0.1910150891632373
0.49,0.49,0.15,1,,0.005,,10,238,72,-0.9300021415041068,-0.07750017845867556,-2.5909214949062322,0.9800730750938741,0.6016778789118914,-0.004997557387186347,-0.003907572023126499,0.30761316872427985,341,0,0,"{""gate_close"": 406, ""prob_floor"": 166, ""stop_loss"": 6, ""prob_trailing"": 1}",0.1910150891632373
0.49,0.49,0.15,1,,0.005,0.0075,8,162,77,0.8721952732684075,0.07268293943903396,2.0028337152270708,0.1415926275759669,1.7297229130629237,-0.0009903667453392065,0.005383921439928442,0.4060356652949246,630,0,0,"{""gate_close"": 542, ""prob_floor"": 207, ""prob_trailing"": 3, ""stop_loss"": 11, ""take_profit"": 29}",0.1910150891632373
0.49,0.49,0.15,1,,0.005,0.0075,10,238,72,-0.9300021415041068,-0.07750017845867556,-2.5909214949062322,0.9800730750938741,0.6016778789118914,-0.004997557387186347,-0.003907572023126499,0.30761316872427985,341,0,0,"{""gate_close"": 396, ""prob_floor"": 161, ""take_profit"": 15, ""stop_loss"": 6, ""prob_trailing"": 1}",0.1910150891632373
0.49,0.49,0.15,1,3600.0,0.004,,8,163,77,0.8668293418729599,0.07223577848941333,1.988100807741128,0.1415926275759669,1.7179817285212415,-0.0010316599972489474,0.005317971422533496,0.4056927297668038,630,0,0,"{""gate_close"": 555, ""prob_floor"": 216, ""stop_loss"": 18, ""prob_trailing"": 3, ""time_limit"": 1}",0.1910150891632373
0.49,0.49,0.15,1,3600.0,0.004,,10,240,72,-0.9718854457053155,-0.0809904538087763,-2.654172943514091,1.0165904478996353,0.5967561576562309,-0.0050579176080304995,-0.004049522690438814,0.3069272976680384,341,0,0,"{""gate_close"": 404, ""prob_floor"": 164, ""stop_loss"": 11, ""prob_trailing"": 1, ""time_limit"": 1}",0.1910150891632373
0.49,0.49,0.15,1,3600.0,0.004,0.0075,8,163,77,0.8668293418729599,0.07223577848941333,1.988100807741128,0.1415926275759669,1.7179817285212415,-0.0010316599972489474,0.005317971422533496,0.4056927297668038,630,0,0,"{""gate_close"": 537, ""prob_floor"": 205, ""stop_loss"": 18, ""prob_trailing"": 3, ""take_profit"": 29, ""time_limit"": 1}",0.1910150891632373
0.49,0.49,0.15,1,3600.0,0.004,0.0075,10,240,72,-0.9718854457053155,-0.0809904538087763,-2.654172943514091,1.0165904478996353,0.5967561576562309,-0.0050579176080304995,-0.004049522690438814,0.3069272976680384,341,0,0,"{""gate_close"": 394, ""prob_floor"": 159, ""stop_loss"": 11, ""take_profit"": 15, ""prob_trailing"": 1, ""time_limit"": 1}",0.1910150891632373
0.49,0.49,0.15,1,3600.0,0.005,,8,163,77,0.8668293418729599,0.07223577848941333,1.988100807741128,0.1415926275759669,1.7179817285212415,-0.0010316599972489474,0.005317971422533496,0.4056927297668038,630,0,0,"{""gate_close"": 560, ""prob_floor"": 218, ""prob_trailing"": 3, ""stop_loss"": 11, ""time_limit"": 1}",0.1910150891632373
0.49,0.49,0.15,1,3600.0,0.005,,10,239,72,-0.9353680728995544,-0.07794733940829619,-2.602327466912197,0.9800730750938741,0.6014404115752515,-0.0050075485695020745,-0.00391367394518642,0.30727023319615915,341,0,0,"{""gate_close"": 406, ""prob_floor"": 166, ""stop_loss"": 6, ""prob_trailing"": 1, ""time_limit"": 1}",0.1910150891632373
0.49,0.49,0.15,1,3600.0,0.005,0.0075,8,163,77,0.8668293418729599,0.07223577848941333,1.988100807741128,0.1415926275759669,1.7179817285212415,-0.0010316599972489474,0.005317971422533496,0.4056927297668038,630,0,0,"{""gate_close"": 542, ""prob_floor"": 207, ""prob_trailing"": 3, ""stop_loss"": 11, ""take_profit"": 29, ""time_limit"": 1}",0.1910150891632373
0.49,0.49,0.15,1,3600.0,0.005,0.0075,10,239,72,-0.9353680728995544,-0.07794733940829619,-2.602327466912197,0.9800730750938741,0.6014404115752515,-0.0050075485695020745,-0.00391367394518642,0.30727023319615915,341,0,0,"{""gate_close"": 396, ""prob_floor"": 161, ""take_profit"": 15, ""stop_loss"": 6, ""prob_trailing"": 1, ""time_limit"": 1}",0.1910150891632373
0.49,0.49,0.15,3,,0.004,,8,143,73,0.6600283800107446,0.055002365000895385,1.8437149675460747,0.13515910379300172,1.5660077457355253,0.0011801142241516446,0.004615583076998214,0.43141289437585734,512,0,0,"{""gate_close"": 445, ""prob_floor"": 187, ""stop_loss"": 20, ""prob_trailing"": 3}",0.1910150891632373
0.49,0.49,0.15,3,,0.004,,10,197,81,-0.1374196588995573,-0.011451638241629774,-0.285838931448917,0.5717179727609175,0.9327890825421948,-0.004342224688531269,-0.0006975617203023225,0.3762002743484225,290,0,0,"{""gate_close"": 335, ""prob_floor"": 139, ""stop_loss"": 10, ""prob_trailing"": 3}",0.1910150891632373
0.49,0.49,0.15,3,,0.004,0.0075,8,143,73,0.6600283800107446,0.055002365000895385,1.8437149675460747,0.13515910379300172,1.5660077457355253,0.0011801142241516446,0.004615583076998214,0.43141289437585734,512,0,0,"{""gate_close"": 435, ""prob_floor"": 182, ""stop_loss"": 20, ""prob_trailing"": 3, ""take_profit"": 15}",0.1910150891632373
0.49,0.49,0.15,3,,0.004,0.0075,10,197,81,-0.1374196588995573,-0.011451638241629774,-0.285838931448917,0.5717179727609175,0.9327890825421948,-0.004342224688531269,-0.0006975617203023225,0.3762002743484225,290,0,0,"{""gate_close"": 316, ""prob_floor"": 130, ""stop_loss"": 10, ""prob_trailing"": 3, ""take_profit"": 28}",0.1910150891632373
0.49,0.49,0.15,3,,0.005,,8,143,73,0.6600283800107446,0.055002365000895385,1.8437149675460747,0.13515910379300172,1.5660077457355253,0.0011801142241516446,0.004615583076998214,0.43141289437585734,512,0,0,"{""gate_close"": 449, ""prob_floor"": 189, ""prob_trailing"": 3, ""stop_loss"": 14}",0.1910150891632373
0.49,0.49,0.15,3,,0.005,,10,197,81,-0.1374196588995573,-0.011451638241629774,-0.285838931448917,0.5717179727609175,0.9327890825421948,-0.004342224688531269,-0.0006975617203023225,0.3762002743484225,290,0,0,"{""gate_close"": 337, ""prob_floor"": 141, ""prob_trailing"": 3, ""stop_loss"": 6}",0.1910150891632373
0.49,0.49,0.15,3,,0.005,0.0075,8,143,73,0.6600283800107446,0.055002365000895385,1.8437149675460747,0.13515910379300172,1.5660077457355253,0.0011801142241516446,0.004615583076998214,0.43141289437585734,512,0,0,"{""gate_close"": 439, ""prob_floor"": 184, ""prob_trailing"": 3, ""stop_loss"": 14, ""take_profit"": 15}",0.1910150891632373
0.49,0.49,0.15,3,,0.005,0.0075,10,197,81,-0.1374196588995573,-0.011451638241629774,-0.285838931448917,0.5717179727609175,0.9327890825421948,-0.004342224688531269,-0.0006975617203023225,0.3762002743484225,290,0,0,"{""gate_close"": 318, ""prob_floor"": 132, ""prob_trailing"": 3, ""take_profit"": 28, ""stop_loss"": 6}",0.1910150891632373
0.49,0.49,0.15,3,3600.0,0.004,,8,143,73,0.6615095257970879,0.05512579381642399,1.8489314245783457,0.13515910379300172,1.567277903221208,0.0011801142241516446,0.004625940739839776,0.43175582990397804,513,0,0,"{""gate_close"": 446, ""prob_floor"": 186, ""stop_loss"": 20, ""prob_trailing"": 3, ""time_limit"": 1}",0.1910150891632373
0.49,0.49,0.15,3,3600.0,0.004,,10,197,81,-0.1359181668270821,-0.011326513902256842,-0.28243496969909976,0.5717179727609175,0.9336922452640095,-0.004342224688531269,-0.0006899399331323975,0.3765432098765432,291,0,0,"{""gate_close"": 336, ""prob_floor"": 138, ""stop_loss"": 10, ""prob_trailing"": 3, ""time_limit"": 1}",0.1910150891632373
0.49,0.49,0.15,3,3600.0,0.004,0.0075,8,143,73,0.6615095257970879,0.05512579381642399,1.8489314245783457,0.13515910379300172,1.567277903221208,0.0011801142241516446,0.004625940739839776,0.43175582990397804,513,0,0,"{""gate_close"": 436, ""prob_floor"": 181, ""stop_loss"": 20, ""prob_trailing"": 3, ""take_profit"": 15, ""time_limit"": 1}",0.1910150891632373
0.49,0.49,0.15,3,3600.0,0.004,0.0075,10,197,81,-0.1359181668270821,-0.011326513902256842,-0.28243496969909976,0.5717179727609175,0.9336922452640095,-0.004342224688531269,-0.0006899399331323975,0.3765432098765432,291,0,0,"{""gate_close"": 317, ""prob_floor"": 129, ""stop_loss"": 10, ""prob_trailing"": 3, ""take_profit"": 28, ""time_limit"": 1}",0.1910150891632373
0.49,0.49,0.15,3,3600.0,0.005,,8,143,73,0.6615095257970879,0.05512579381642399,1.8489314245783457,0.13515910379300172,1.567277903221208,0.0011801142241516446,0.004625940739839776,0.43175582990397804,513,0,0,"{""gate_close"": 450, ""prob_floor"": 188, ""prob_trailing"": 3, ""stop_loss"": 14, ""time_limit"": 1}",0.1910150891632373
0.49,0.49,0.15,3,3600.0,0.005,,10,197,81,-0.1359181668270821,-0.011326513902256842,-0.28243496969909976,0.5717179727609175,0.9336922452640095,-0.004342224688531269,-0.0006899399331323975,0.3765432098765432,291,0,0,"{""gate_close"": 338, ""prob_floor"": 140, ""prob_trailing"": 3, ""stop_loss"": 6, ""time_limit"": 1}",0.1910150891632373
0.49,0.49,0.15,3,3600.0,0.005,0.0075,8,143,73,0.6615095257970879,0.05512579381642399,1.8489314245783457,0.13515910379300172,1.567277903221208,0.0011801142241516446,0.004625940739839776,0.43175582990397804,513,0,0,"{""gate_close"": 440, ""prob_floor"": 183, ""prob_trailing"": 3, ""stop_loss"": 14, ""take_profit"": 15, ""time_limit"": 1}",0.1910150891632373
0.49,0.49,0.15,3,3600.0,0.005,0.0075,10,197,81,-0.1359181668270821,-0.011326513902256842,-0.28243496969909976,0.5717179727609175,0.9336922452640095,-0.004342224688531269,-0.0006899399331323975,0.3765432098765432,291,0,0,"{""gate_close"": 319, ""prob_floor"": 131, ""prob_trailing"": 3, ""take_profit"": 28, ""stop_loss"": 6, ""time_limit"": 1}",0.1910150891632373
0.49,0.5,0.1,1,,0.004,,8,173,80,0.8002549475044978,0.06668791229204148,1.8293323421103755,0.17240135043284407,1.6331320670704632,-0.0016758479260789994,0.004625751141644496,0.399519890260631,625,0,0,"{""gate_close"": 546, ""prob_floor"": 217, ""prob_trailing"": 17, ""stop_loss"": 18}",0.1910150891632373
0.49,0.5,0.1,1,,0.004,,10,248,74,-0.9805743513902736,-0.0817145292825228,-2.6719821896331504,1.0078417156157882,0.5978557620982451,-0.004997557387186347,-0.003953928836251102,0.3007544581618656,335,0,0,"{""gate_close"": 394, ""prob_floor"": 164, ""stop_loss"": 11, ""prob_trailing"": 14}",0.1910150891632373
0.49,0.5,0.1,1,,0.004,0.0075,8,173,80,0.8002549475044978,0.06668791229204148,1.8293323421103755,0.17240135043284407,1.6331320670704632,-0.0016758479260789994,0.004625751141644496,0.399519890260631,625,0,0,"{""gate_close"": 528, ""prob_floor"": 206, ""prob_trailing"": 17, ""stop_loss"": 18, ""take_profit"": 29}",0.1910150891632373
0.49,0.5,0.1,1,,0.004,0.0075,10,248,74,-0.9805743513902736,-0.0817145292825228,-2.6719821896331504,1.0078417156157882,0.5978557620982451,-0.004997557387186347,-0.003953928836251102,0.3007544581618656,335,0,0,"{""gate_close"": 384, ""prob_floor"": 159, ""stop_loss"": 11, ""prob_trailing"": 14, ""take_profit"": 15}",0.1910150891632373
0.49,0.5,0.1,1,,0.005,,8,173,80,0.8002549475044978,0.06668791229204148,1.8293323421103755,0.17240135043284407,1.6331320670704632,-0.0016758479260789994,0.004625751141644496,0.399519890260631,625,0,0,"{""gate_close"": 551, ""prob_floor"": 219, ""prob_trailing"": 17, ""stop_loss"": 11}",0.1910150891632373
0.49,0.5,0.1,1,,0.005,,10,247,74,-0.9440569785845125,-0.07867141488204271,-2.620532691343352,0.9713243428100271,0.6025137097985362,-0.00498756620487062,-0.0038220930307065284,0.3010973936899863,335,0,0,"{""gate_close"": 396, ""prob_floor"": 166, ""prob_trailing"": 14, ""stop_loss"": 6}",0.1910150891632373
0.49,0.5,0.1,1,,0.005,0.0075,8,173,80,0.8002549475044978,0.06668791229204148,1.8293323421103755,0.17240135043284407,1.6331320670704632,-0.0016758479260789994,0.004625751141644496,0.399519890260631,625,0,0,"{""gate_close"": 533, ""prob_floor"": 208, ""prob_trailing"": 17, ""stop_loss"": 11, ""take_profit"": 29}",0.1910150891632373
0.49,0.5,0.1,1,,0.005,0.0075,10,247,74,-0.9440569785845125,-0.07867141488204271,-2.620532691343352,0.9713243428100271,0.6025137097985362,-0.00498756620487062,-0.0038220930307065284,0.3010973936899863,335,0,0,"{""gate_close"": 386, ""prob_floor"": 161, ""prob_trailing"": 14, ""take_profit"": 15, ""stop_loss"": 6}",0.1910150891632373
0.49,0.5,0.1,1,3600.0,0.004,,8,173,80,0.8002549475044978,0.06668791229204148,1.8293323421103755,0.17240135043284407,1.6331320670704632,-0.0016758479260789994,0.004625751141644496,0.399519890260631,625,0,0,"{""gate_close"": 546, ""prob_floor"": 217, ""prob_trailing"": 16, ""stop_loss"": 18, ""time_limit"": 1}",0.1910150891632373
0.49,0.5,0.1,1,3600.0,0.004,,10,248,74,-0.9805743513902736,-0.0817145292825228,-2.6719821896331504,1.0078417156157882,0.5978557620982451,-0.004997557387186347,-0.003953928836251102,0.3007544581618656,335,0,0,"{""gate_close"": 394, ""prob_floor"": 164, ""stop_loss"": 11, ""prob_trailing"": 13, ""time_limit"": 1}",0.1910150891632373
0.49,0.5,0.1,1,3600.0,0.004,0.0075,8,173,80,0.8002549475044978,0.06668791229204148,1.8293323421103755,0.17240135043284407,1.6331320670704632,-0.0016758479260789994,0.004625751141644496,0.399519890260631,625,0,0,"{""gate_close"": 528, ""prob_floor"": 206, ""prob_trailing"": 16, ""stop_loss"": 18, ""take_profit"": 29, ""time_limit"": 1}",0.1910150891632373
0.49,0.5,0.1,1,3600.0,0.004,0.0075,10,248,74,-0.9805743513902736,-0.0817145292825228,-2.6719821896331504,1.0078417156157882,0.5978557620982451,-0.004997557387186347,-0.003953928836251102,0.3007544581618656,335,0,0,"{""gate_close"": 384, ""prob_floor"": 159, ""stop_loss"": 11, ""prob_trailing"": 13, ""take_profit"": 15, ""time_limit"": 1}",0.1910150891632373
0.49,0.5,0.1,1,3600.0,0.005,,8,173,80,0.8002549475044978,0.06668791229204148,1.8293323421103755,0.17240135043284407,1.6331320670704632,-0.0016758479260789994,0.004625751141644496,0.399519890260631,625,0,0,"{""gate_close"": 551, ""prob_floor"": 219, ""prob_trailing"": 16, ""stop_loss"": 11, ""time_limit"": 1}",0.1910150891632373
0.49,0.5,0.1,1,3600.0,0.005,,10,247,74,-0.9440569785845125,-0.07867141488204271,-2.620532691343352,0.9713243428100271,0.6025137097985362,-0.00498756620487062,-0.0038220930307065284,0.3010973936899863,335,0,0,"{""gate_close"": 396, ""prob_floor"": 166, ""prob_trailing"": 13, ""stop_loss"": 6, ""time_limit"": 1}",0.1910150891632373
0.49,0.5,0.1,1,3600.0,0.005,0.0075,8,173,80,0.8002549475044978,0.06668791229204148,1.8293323421103755,0.17240135043284407,1.6331320670704632,-0.0016758479260789994,0.004625751141644496,0.399519890260631,625,0,0,"{""gate_close"": 533, ""prob_floor"": 208, ""prob_trailing"": 16, ""stop_loss"": 11, ""take_profit"": 29, ""time_limit"": 1}",0.1910150891632373
0.49,0.5,0.1,1,3600.0,0.005,0.0075,10,247,74,-0.9440569785845125,-0.07867141488204271,-2.620532691343352,0.9713243428100271,0.6025137097985362,-0.00498756620487062,-0.0038220930307065284,0.3010973936899863,335,0,0,"{""gate_close"": 386, ""prob_floor"": 161, ""prob_trailing"": 13, ""take_profit"": 15, ""stop_loss"": 6, ""time_limit"": 1}",0.1910150891632373
0.49,0.5,0.1,3,,0.004,,8,150,76,0.6295385799787697,0.05246154833156414,1.752638027966836,0.14061030105652156,1.5250201852775935,0.0010957831881501343,0.004196923866525132,0.43175582990397804,512,0,0,"{""gate_close"": 439, ""prob_trailing"": 12, ""prob_floor"": 191, ""stop_loss"": 20}",0.1910150891632373
0.49,0.5,0.1,3,,0.004,,10,202,84,-0.1798572313877614,-0.014988102615646785,-0.374782068662714,0.5860050309989205,0.913447179097955,-0.0043347297383460204,-0.0008903823336027803,0.37585733882030176,289,0,0,"{""gate_close"": 332, ""prob_trailing"": 10, ""prob_floor"": 139, ""stop_loss"": 10}",0.1910150891632373
0.49,0.5,0.1,3,,0.004,0.0075,8,150,76,0.6295385799787697,0.05246154833156414,1.752638027966836,0.14061030105652156,1.5250201852775935,0.0010957831881501343,0.004196923866525132,0.43175582990397804,512,0,0,"{""gate_close"": 429, ""prob_trailing"": 12, ""prob_floor"": 186, ""stop_loss"": 20, ""take_profit"": 15}",0.1910150891632373
0.49,0.5,0.1,3,,0.004,0.0075,10,202,84,-0.1798572313877614,-0.014988102615646785,-0.374782068662714,0.5860050309989205,0.913447179097955,-0.0043347297383460204,-0.0008903823336027803,0.37585733882030176,289,0,0,"{""gate_close"": 313, ""prob_trailing"": 10, ""prob_floor"": 130, ""stop_loss"": 10, ""take_profit"": 28}",0.1910150891632373
0.49,0.5,0.1,3,,0.005,,8,150,76,0.6295385799787697,0.05246154833156414,1.752638027966836,0.14061030105652156,1.5250201852775935,0.0010957831881501343,0.004196923866525132,0.43175582990397804,512,0,0,"{""gate_close"": 443, ""prob_trailing"": 12, ""prob_floor"": 193, ""stop_loss"": 14}",0.1910150891632373
0.49,0.5,0.1,3,,0.005,,10,202,84,-0.1798572313877614,-0.014988102615646785,-0.374782068662714,0.5860050309989205,0.913447179097955,-0.0043347297383460204,-0.0008903823336027803,0.37585733882030176,289,0,0,"{""gate_close"": 334, ""prob_trailing"": 10, ""prob_floor"": 141, ""stop_loss"": 6}",0.1910150891632373
0.49,0.5,0.1,3,,0.005,0.0075,8,150,76,0.6295385799787697,0.05246154833156414,1.752638027966836,0.14061030105652156,1.5250201852775935,0.0010957831881501343,0.004196923866525132,0.43175582990397804,512,0,0,"{""gate_close"": 433, ""prob_trailing"": 12, ""prob_floor"": 188, ""stop_loss"": 14, ""take_profit"": 15}",0.1910150891632373
0.49,0.5,0.1,3,,0.005,0.0075,10,202,84,-0.1798572313877614,-0.014988102615646785,-0.374782068662714,0.5860050309989205,0.913447179097955,-0.0043347297383460204,-0.0008903823336027803,0.37585733882030176,289,0,0,"{""gate_close"": 315, ""prob_trailing"": 10, ""prob_floor"": 132, ""take_profit"": 28, ""stop_loss"": 6}",0.1910150891632373
0.49,0.5,0.1,3,3600.0,0.004,,8,150,76,0.6295385799787697,0.05246154833156414,1.752638027966836,0.14061030105652156,1.5250201852775935,0.0010957831881501343,0.004196923866525132,0.43175582990397804,512,0,0,"{""gate_close"": 439, ""prob_trailing"": 11, ""prob_floor"": 191, ""stop_loss"": 20, ""time_limit"": 1}",0.1910150891632373
0.49,0.5,0.1,3,3600.0,0.004,,10,202,84,-0.1798572313877614,-0.014988102615646785,-0.374782068662714,0.5860050309989205,0.913447179097955,-0.0043347297383460204,-0.0008903823336027803,0.37585733882030176,289,0,0,"{""gate_close"": 332, ""prob_trailing"": 9, ""prob_floor"": 139, ""stop_loss"": 10, ""time_limit"": 1}",0.1910150891632373
0.49,0.5,0.1,3,3600.0,0.004,0.0075,8,150,76,0.6295385799787697,0.05246154833156414,1.752638027966836,0.14061030105652156,1.5250201852775935,0.0010957831881501343,0.004196923866525132,0.43175582990397804,512,0,0,"{""gate_close"": 429, ""prob_trailing"": 11, ""prob_floor"": 186, ""stop_loss"": 20, ""take_profit"": 15, ""time_limit"": 1}",0.1910150891632373
0.49,0.5,0.1,3,3600.0,0.004,0.0075,10,202,84,-0.1798572313877614,-0.014988102615646785,-0.374782068662714,0.5860050309989205,0.913447179097955,-0.0043347297383460204,-0.0008903823336027803,0.37585733882030176,289,0,0,"{""gate_close"": 313, ""prob_trailing"": 9, ""prob_floor"": 130, ""stop_loss"": 10, ""take_profit"": 28, ""time_limit"": 1}",0.1910150891632373
0.49,0.5,0.1,3,3600.0,0.005,,8,150,76,0.6295385799787697,0.05246154833156414,1.752638027966836,0.14061030105652156,1.5250201852775935,0.0010957831881501343,0.004196923866525132,0.43175582990397804,512,0,0,"{""gate_close"": 443, ""prob_trailing"": 11, ""prob_floor"": 193, ""stop_loss"": 14, ""time_limit"": 1}",0.1910150891632373
0.49,0.5,0.1,3,3600.0,0.005,,10,202,84,-0.1798572313877614,-0.014988102615646785,-0.374782068662714,0.5860050309989205,0.913447179097955,-0.0043347297383460204,-0.0008903823336027803,0.37585733882030176,289,0,0,"{""gate_close"": 334, ""prob_trailing"": 9, ""prob_floor"": 141, ""stop_loss"": 6, ""time_limit"": 1}",0.1910150891632373
0.49,0.5,0.1,3,3600.0,0.005,0.0075,8,150,76,0.6295385799787697,0.05246154833156414,1.752638027966836,0.14061030105652156,1.5250201852775935,0.0010957831881501343,0.004196923866525132,0.43175582990397804,512,0,0,"{""gate_close"": 433, ""prob_trailing"": 11, ""prob_floor"": 188, ""stop_loss"": 14, ""take_profit"": 15, ""time_limit"": 1}",0.1910150891632373
0.49,0.5,0.1,3,3600.0,0.005,0.0075,10,202,84,-0.1798572313877614,-0.014988102615646785,-0.374782068662714,0.5860050309989205,0.913447179097955,-0.0043347297383460204,-0.0008903823336027803,0.37585733882030176,289,0,0,"{""gate_close"": 315, ""prob_trailing"": 9, ""prob_floor"": 132, ""take_profit"": 28, ""stop_loss"": 6, ""time_limit"": 1}",0.1910150891632373
0.49,0.5,0.15,1,,0.004,,8,162,77,0.8721952732684075,0.07268293943903396,2.0028337152270708,0.1415926275759669,1.7297229130629237,-0.0009903667453392065,0.005383921439928442,0.4060356652949246,630,0,0,"{""gate_close"": 555, ""prob_floor"": 216, ""stop_loss"": 18, ""prob_trailing"": 3}",0.1910150891632373
0.49,0.5,0.15,1,,0.004,,10,239,72,-0.9665195143098679,-0.08054329285915567,-2.6429768611985214,1.0165904478996353,0.596963776234056,-0.0050075485695020745,-0.0040440147042253875,0.30727023319615915,341,0,0,"{""gate_close"": 404, ""prob_floor"": 164, ""stop_loss"": 11, ""prob_trailing"": 1}",0.1910150891632373
0.49,0.5,0.15,1,,0.004,0.0075,8,162,77,0.8721952732684075,0.07268293943903396,2.0028337152270708,0.1415926275759669,1.7297229130629237,-0.0009903667453392065,0.005383921439928442,0.4060356652949246,630,0,0,"{""gate_close"": 537, ""prob_floor"": 205, ""stop_loss"": 18, ""prob_trailing"": 3, ""take_profit"": 29}",0.1910150891632373
0.49,0.5,0.15,1,,0.004,0.0075,10,239,72,-0.9665195143098679,-0.08054329285915567,-2.6429768611985214,1.0165904478996353,0.596963776234056,-0.0050075485695020745,-0.0040440147042253875,0.30727023319615915,341,0,0,"{""gate_close"": 394, ""prob_floor"": 159, ""stop_loss"": 11, ""take_profit"": 15, ""prob_trailing"": 1}",0.1910150891632373
0.49,0.5,0.15,1,,0.005,,8,162,77,0.8721952732684075,0.07268293943903396,2.0028337152270708,0.1415926275759669,1.7297229130629237,-0.0009903667453392065,0.005383921439928442,0.4060356652949246,630,0,0,"{""gate_close"": 560, ""prob_floor"": 218, ""prob_trailing"": 3, ""stop_loss"": 11}",0.1910150891632373
0.49,0.5,0.15,1,,0.005,,10,238,72,-0.9300021415041068,-0.07750017845867556,-2.5909214949062322,0.9800730750938741,0.6016778789118914,-0.004997557387186347,-0.003907572023126499,0.30761316872427985,341,0,0,"{""gate_close"": 406, ""prob_floor"": 166, ""stop_loss"": 6, ""prob_trailing"": 1}",0.1910150891632373
0.49,0.5,0.15,1,,0.005,0.0075,8,162,77,0.8721952732684075,0.07268293943903396,2.0028337152270708,0.1415926275759669,1.7297229130629237,-0.0009903667453392065,0.005383921439928442,0.4060356652949246,630,0,0,"{""gate_close"": 542, ""prob_floor"": 207, ""prob_trailing"": 3, ""stop_loss"": 11, ""take_profit"": 29}",0.1910150891632373
0.49,0.5,0.15,1,,0.005,0.0075,10,238,72,-0.9300021415041068,-0.07750017845867556,-2.5909214949062322,0.9800730750938741,0.6016778789118914,-0.004997557387186347,-0.003907572023126499,0.30761316872427985,341,0,0,"{""gate_close"": 396, ""prob_floor"": 161, ""take_profit"": 15, ""stop_loss"": 6, ""prob_trailing"": 1}",0.1910150891632373
0.49,0.5,0.15,1,3600.0,0.004,,8,163,77,0.8668293418729599,0.07223577848941333,1.988100807741128,0.1415926275759669,1.7179817285212415,-0.0010316599972489474,0.005317971422533496,0.4056927297668038,630,0,0,"{""gate_close"": 555, ""prob_floor"": 216, ""stop_loss"": 18, ""prob_trailing"": 3, ""time_limit"": 1}",0.1910150891632373
0.49,0.5,0.15,1,3600.0,0.004,,10,240,72,-0.9718854457053155,-0.0809904538087763,-2.654172943514091,1.0165904478996353,0.5967561576562309,-0.0050579176080304995,-0.004049522690438814,0.3069272976680384,341,0,0,"{""gate_close"": 404, ""prob_floor"": 164, ""stop_loss"": 11, ""prob_trailing"": 1, ""time_limit"": 1}",0.1910150891632373
0.49,0.5,0.15,1,3600.0,0.004,0.0075,8,163,77,0.8668293418729599,0.07223577848941333,1.988100807741128,0.1415926275759669,1.7179817285212415,-0.0010316599972489474,0.005317971422533496,0.4056927297668038,630,0,0,"{""gate_close"": 537, ""prob_floor"": 205, ""stop_loss"": 18, ""prob_trailing"": 3, ""take_profit"": 29, ""time_limit"": 1}",0.1910150891632373
0.49,0.5,0.15,1,3600.0,0.004,0.0075,10,240,72,-0.9718854457053155,-0.0809904538087763,-2.654172943514091,1.0165904478996353,0.5967561576562309,-0.0050579176080304995,-0.004049522690438814,0.3069272976680384,341,0,0,"{""gate_close"": 394, ""prob_floor"": 159, ""stop_loss"": 11, ""take_profit"": 15, ""prob_trailing"": 1, ""time_limit"": 1}",0.1910150891632373
0.49,0.5,0.15,1,3600.0,0.005,,8,163,77,0.8668293418729599,0.07223577848941333,1.988100807741128,0.1415926275759669,1.7179817285212415,-0.0010316599972489474,0.005317971422533496,0.4056927297668038,630,0,0,"{""gate_close"": 560, ""prob_floor"": 218, ""prob_trailing"": 3, ""stop_loss"": 11, ""time_limit"": 1}",0.1910150891632373
0.49,0.5,0.15,1,3600.0,0.005,,10,239,72,-0.9353680728995544,-0.07794733940829619,-2.602327466912197,0.9800730750938741,0.6014404115752515,-0.0050075485695020745,-0.00391367394518642,0.30727023319615915,341,0,0,"{""gate_close"": 406, ""prob_floor"": 166, ""stop_loss"": 6, ""prob_trailing"": 1, ""time_limit"": 1}",0.1910150891632373
0.49,0.5,0.15,1,3600.0,0.005,0.0075,8,163,77,0.8668293418729599,0.07223577848941333,1.988100807741128,0.1415926275759669,1.7179817285212415,-0.0010316599972489474,0.005317971422533496,0.4056927297668038,630,0,0,"{""gate_close"": 542, ""prob_floor"": 207, ""prob_trailing"": 3, ""stop_loss"": 11, ""take_profit"": 29, ""time_limit"": 1}",0.1910150891632373
0.49,0.5,0.15,1,3600.0,0.005,0.0075,10,239,72,-0.9353680728995544,-0.07794733940829619,-2.602327466912197,0.9800730750938741,0.6014404115752515,-0.0050075485695020745,-0.00391367394518642,0.30727023319615915,341,0,0,"{""gate_close"": 396, ""prob_floor"": 161, ""take_profit"": 15, ""stop_loss"": 6, ""prob_trailing"": 1, ""time_limit"": 1}",0.1910150891632373
0.49,0.5,0.15,3,,0.004,,8,143,73,0.6600283800107446,0.055002365000895385,1.8437149675460747,0.13515910379300172,1.5660077457355253,0.0011801142241516446,0.004615583076998214,0.43141289437585734,512,0,0,"{""gate_close"": 445, ""prob_floor"": 187, ""stop_loss"": 20, ""prob_trailing"": 3}",0.1910150891632373
0.49,0.5,0.15,3,,0.004,,10,197,81,-0.1374196588995573,-0.011451638241629774,-0.285838931448917,0.5717179727609175,0.9327890825421948,-0.004342224688531269,-0.0006975617203023225,0.3762002743484225,290,0,0,"{""gate_close"": 335, ""prob_floor"": 139, ""stop_loss"": 10, ""prob_trailing"": 3}",0.1910150891632373
0.49,0.5,0.15,3,,0.004,0.0075,8,143,73,0.6600283800107446,0.055002365000895385,1.8437149675460747,0.13515910379300172,1.5660077457355253,0.0011801142241516446,0.004615583076998214,0.43141289437585734,512,0,0,"{""gate_close"": 435, ""prob_floor"": 182, ""stop_loss"": 20, ""prob_trailing"": 3, ""take_profit"": 15}",0.1910150891632373
0.49,0.5,0.15,3,,0.004,0.0075,10,197,81,-0.1374196588995573,-0.011451638241629774,-0.285838931448917,0.5717179727609175,0.9327890825421948,-0.004342224688531269,-0.0006975617203023225,0.3762002743484225,290,0,0,"{""gate_close"": 316, ""prob_floor"": 130, ""stop_loss"": 10, ""prob_trailing"": 3, ""take_profit"": 28}",0.1910150891632373
0.49,0.5,0.15,3,,0.005,,8,143,73,0.6600283800107446,0.055002365000895385,1.8437149675460747,0.13515910379300172,1.5660077457355253,0.0011801142241516446,0.004615583076998214,0.43141289437585734,512,0,0,"{""gate_close"": 449, ""prob_floor"": 189, ""prob_trailing"": 3, ""stop_loss"": 14}",0.1910150891632373
0.49,0.5,0.15,3,,0.005,,10,197,81,-0.1374196588995573,-0.011451638241629774,-0.285838931448917,0.5717179727609175,0.9327890825421948,-0.004342224688531269,-0.0006975617203023225,0.3762002743484225,290,0,0,"{""gate_close"": 337, ""prob_floor"": 141, ""prob_trailing"": 3, ""stop_loss"": 6}",0.1910150891632373
0.49,0.5,0.15,3,,0.005,0.0075,8,143,73,0.6600283800107446,0.055002365000895385,1.8437149675460747,0.13515910379300172,1.5660077457355253,0.0011801142241516446,0.004615583076998214,0.43141289437585734,512,0,0,"{""gate_close"": 439, ""prob_floor"": 184, ""prob_trailing"": 3, ""stop_loss"": 14, ""take_profit"": 15}",0.1910150891632373
0.49,0.5,0.15,3,,0.005,0.0075,10,197,81,-0.1374196588995573,-0.011451638241629774,-0.285838931448917,0.5717179727609175,0.9327890825421948,-0.004342224688531269,-0.0006975617203023225,0.3762002743484225,290,0,0,"{""gate_close"": 318, ""prob_floor"": 132, ""prob_trailing"": 3, ""take_profit"": 28, ""stop_loss"": 6}",0.1910150891632373
0.49,0.5,0.15,3,3600.0,0.004,,8,143,73,0.6615095257970879,0.05512579381642399,1.8489314245783457,0.13515910379300172,1.567277903221208,0.0011801142241516446,0.004625940739839776,0.43175582990397804,513,0,0,"{""gate_close"": 446, ""prob_floor"": 186, ""stop_loss"": 20, ""prob_trailing"": 3, ""time_limit"": 1}",0.1910150891632373
0.49,0.5,0.15,3,3600.0,0.004,,10,197,81,-0.1359181668270821,-0.011326513902256842,-0.28243496969909976,0.5717179727609175,0.9336922452640095,-0.004342224688531269,-0.0006899399331323975,0.3765432098765432,291,0,0,"{""gate_close"": 336, ""prob_floor"": 138, ""stop_loss"": 10, ""prob_trailing"": 3, ""time_limit"": 1}",0.1910150891632373
0.49,0.5,0.15,3,3600.0,0.004,0.0075,8,143,73,0.6615095257970879,0.05512579381642399,1.8489314245783457,0.13515910379300172,1.567277903221208,0.0011801142241516446,0.004625940739839776,0.43175582990397804,513,0,0,"{""gate_close"": 436, ""prob_floor"": 181, ""stop_loss"": 20, ""prob_trailing"": 3, ""take_profit"": 15, ""time_limit"": 1}",0.1910150891632373
0.49,0.5,0.15,3,3600.0,0.004,0.0075,10,197,81,-0.1359181668270821,-0.011326513902256842,-0.28243496969909976,0.5717179727609175,0.9336922452640095,-0.004342224688531269,-0.0006899399331323975,0.3765432098765432,291,0,0,"{""gate_close"": 317, ""prob_floor"": 129, ""stop_loss"": 10, ""prob_trailing"": 3, ""take_profit"": 28, ""time_limit"": 1}",0.1910150891632373
0.49,0.5,0.15,3,3600.0,0.005,,8,143,73,0.6615095257970879,0.05512579381642399,1.8489314245783457,0.13515910379300172,1.567277903221208,0.0011801142241516446,0.004625940739839776,0.43175582990397804,513,0,0,"{""gate_close"": 450, ""prob_floor"": 188, ""prob_trailing"": 3, ""stop_loss"": 14, ""time_limit"": 1}",0.1910150891632373
0.49,0.5,0.15,3,3600.0,0.005,,10,197,81,-0.1359181668270821,-0.011326513902256842,-0.28243496969909976,0.5717179727609175,0.9336922452640095,-0.004342224688531269,-0.0006899399331323975,0.3765432098765432,291,0,0,"{""gate_close"": 338, ""prob_floor"": 140, ""prob_trailing"": 3, ""stop_loss"": 6, ""time_limit"": 1}",0.1910150891632373
0.49,0.5,0.15,3,3600.0,0.005,0.0075,8,143,73,0.6615095257970879,0.05512579381642399,1.8489314245783457,0.13515910379300172,1.567277903221208,0.0011801142241516446,0.004625940739839776,0.43175582990397804,513,0,0,"{""gate_close"": 440, ""prob_floor"": 183, ""prob_trailing"": 3, ""stop_loss"": 14, ""take_profit"": 15, ""time_limit"": 1}",0.1910150891632373
0.49,0.5,0.15,3,3600.0,0.005,0.0075,10,197,81,-0.1359181668270821,-0.011326513902256842,-0.28243496969909976,0.5717179727609175,0.9336922452640095,-0.004342224688531269,-0.0006899399331323975,0.3765432098765432,291,0,0,"{""gate_close"": 319, ""prob_floor"": 131, ""prob_trailing"": 3, ""take_profit"": 28, ""stop_loss"": 6, ""time_limit"": 1}",0.1910150891632373
0.5,0.49,0.1,1,,0.004,,8,173,80,0.8002549475044978,0.06668791229204148,1.8293323421103755,0.17240135043284407,1.6331320670704632,-0.0016758479260789994,0.004625751141644496,0.399519890260631,625,0,0,"{""gate_close"": 546, ""prob_floor"": 217, ""prob_trailing"": 17, ""stop_loss"": 18}",0.1910150891632373
0.5,0.49,0.1,1,,0.004,,10,248,74,-0.9805743513902736,-0.0817145292825228,-2.6719821896331504,1.0078417156157882,0.5978557620982451,-0.004997557387186347,-0.003953928836251102,0.3007544581618656,335,0,0,"{""gate_close"": 394, ""prob_floor"": 164, ""stop_loss"": 11, ""prob_trailing"": 14}",0.1910150891632373
0.5,0.49,0.1,1,,0.004,0.0075,8,173,80,0.8002549475044978,0.06668791229204148,1.8293323421103755,0.17240135043284407,1.6331320670704632,-0.0016758479260789994,0.004625751141644496,0.399519890260631,625,0,0,"{""gate_close"": 528, ""prob_floor"": 206, ""prob_trailing"": 17, ""stop_loss"": 18, ""take_profit"": 29}",0.1910150891632373
0.5,0.49,0.1,1,,0.004,0.0075,10,248,74,-0.9805743513902736,-0.0817145292825228,-2.6719821896331504,1.0078417156157882,0.5978557620982451,-0.004997557387186347,-0.003953928836251102,0.3007544581618656,335,0,0,"{""gate_close"": 384, ""prob_floor"": 159, ""stop_loss"": 11, ""prob_trailing"": 14, ""take_profit"": 15}",0.1910150891632373
0.5,0.49,0.1,1,,0.005,,8,173,80,0.8002549475044978,0.06668791229204148,1.8293323421103755,0.17240135043284407,1.6331320670704632,-0.0016758479260789994,0.004625751141644496,0.399519890260631,625,0,0,"{""gate_close"": 551, ""prob_floor"": 219, ""prob_trailing"": 17, ""stop_loss"": 11}",0.1910150891632373
0.5,0.49,0.1,1,,0.005,,10,247,74,-0.9440569785845125,-0.07867141488204271,-2.620532691343352,0.9713243428100271,0.6025137097985362,-0.00498756620487062,-0.0038220930307065284,0.3010973936899863,335,0,0,"{""gate_close"": 396, ""prob_floor"": 166, ""prob_trailing"": 14, ""stop_loss"": 6}",0.1910150891632373
0.5,0.49,0.1,1,,0.005,0.0075,8,173,80,0.8002549475044978,0.06668791229204148,1.8293323421103755,0.17240135043284407,1.6331320670704632,-0.0016758479260789994,0.004625751141644496,0.399519890260631,625,0,0,"{""gate_close"": 533, ""prob_floor"": 208, ""prob_trailing"": 17, ""stop_loss"": 11, ""take_profit"": 29}",0.1910150891632373
0.5,0.49,0.1,1,,0.005,0.0075,10,247,74,-0.9440569785845125,-0.07867141488204271,-2.620532691343352,0.9713243428100271,0.6025137097985362,-0.00498756620487062,-0.0038220930307065284,0.3010973936899863,335,0,0,"{""gate_close"": 386, ""prob_floor"": 161, ""prob_trailing"": 14, ""take_profit"": 15, ""stop_loss"": 6}",0.1910150891632373
0.5,0.49,0.1,1,3600.0,0.004,,8,173,80,0.8002549475044978,0.06668791229204148,1.8293323421103755,0.17240135043284407,1.6331320670704632,-0.0016758479260789994,0.004625751141644496,0.399519890260631,625,0,0,"{""gate_close"": 546, ""prob_floor"": 217, ""prob_trailing"": 16, ""stop_loss"": 18, ""time_limit"": 1}",0.1910150891632373
0.5,0.49,0.1,1,3600.0,0.004,,10,248,74,-0.9805743513902736,-0.0817145292825228,-2.6719821896331504,1.0078417156157882,0.5978557620982451,-0.004997557387186347,-0.003953928836251102,0.3007544581618656,335,0,0,"{""gate_close"": 394, ""prob_floor"": 164, ""stop_loss"": 11, ""prob_trailing"": 13, ""time_limit"": 1}",0.1910150891632373
0.5,0.49,0.1,1,3600.0,0.004,0.0075,8,173,80,0.8002549475044978,0.06668791229204148,1.8293323421103755,0.17240135043284407,1.6331320670704632,-0.0016758479260789994,0.004625751141644496,0.399519890260631,625,0,0,"{""gate_close"": 528, ""prob_floor"": 206, ""prob_trailing"": 16, ""stop_loss"": 18, ""take_profit"": 29, ""time_limit"": 1}",0.1910150891632373
0.5,0.49,0.1,1,3600.0,0.004,0.0075,10,248,74,-0.9805743513902736,-0.0817145292825228,-2.6719821896331504,1.0078417156157882,0.5978557620982451,-0.004997557387186347,-0.003953928836251102,0.3007544581618656,335,0,0,"{""gate_close"": 384, ""prob_floor"": 159, ""stop_loss"": 11, ""prob_trailing"": 13, ""take_profit"": 15, ""time_limit"": 1}",0.1910150891632373
0.5,0.49,0.1,1,3600.0,0.005,,8,173,80,0.8002549475044978,0.06668791229204148,1.8293323421103755,0.17240135043284407,1.6331320670704632,-0.0016758479260789994,0.004625751141644496,0.399519890260631,625,0,0,"{""gate_close"": 551, ""prob_floor"": 219, ""prob_trailing"": 16, ""stop_loss"": 11, ""time_limit"": 1}",0.1910150891632373
0.5,0.49,0.1,1,3600.0,0.005,,10,247,74,-0.9440569785845125,-0.07867141488204271,-2.620532691343352,0.9713243428100271,0.6025137097985362,-0.00498756620487062,-0.0038220930307065284,0.3010973936899863,335,0,0,"{""gate_close"": 396, ""prob_floor"": 166, ""prob_trailing"": 13, ""stop_loss"": 6, ""time_limit"": 1}",0.1910150891632373
0.5,0.49,0.1,1,3600.0,0.005,0.0075,8,173,80,0.8002549475044978,0.06668791229204148,1.8293323421103755,0.17240135043284407,1.6331320670704632,-0.0016758479260789994,0.004625751141644496,0.399519890260631,625,0,0,"{""gate_close"": 533, ""prob_floor"": 208, ""prob_trailing"": 16, ""stop_loss"": 11, ""take_profit"": 29, ""time_limit"": 1}",0.1910150891632373
0.5,0.49,0.1,1,3600.0,0.005,0.0075,10,247,74,-0.9440569785845125,-0.07867141488204271,-2.620532691343352,0.9713243428100271,0.6025137097985362,-0.00498756620487062,-0.0038220930307065284,0.3010973936899863,335,0,0,"{""gate_close"": 386, ""prob_floor"": 161, ""prob_trailing"": 13, ""take_profit"": 15, ""stop_loss"": 6, ""time_limit"": 1}",0.1910150891632373
0.5,0.49,0.1,3,,0.004,,8,150,76,0.6295385799787697,0.05246154833156414,1.752638027966836,0.14061030105652156,1.5250201852775935,0.0010957831881501343,0.004196923866525132,0.43175582990397804,512,0,0,"{""gate_close"": 439, ""prob_trailing"": 12, ""prob_floor"": 191, ""stop_loss"": 20}",0.1910150891632373
0.5,0.49,0.1,3,,0.004,,10,202,84,-0.1798572313877614,-0.014988102615646785,-0.374782068662714,0.5860050309989205,0.913447179097955,-0.0043347297383460204,-0.0008903823336027803,0.37585733882030176,289,0,0,"{""gate_close"": 332, ""prob_trailing"": 10, ""prob_floor"": 139, ""stop_loss"": 10}",0.1910150891632373
0.5,0.49,0.1,3,,0.004,0.0075,8,150,76,0.6295385799787697,0.05246154833156414,1.752638027966836,0.14061030105652156,1.5250201852775935,0.0010957831881501343,0.004196923866525132,0.43175582990397804,512,0,0,"{""gate_close"": 429, ""prob_trailing"": 12, ""prob_floor"": 186, ""stop_loss"": 20, ""take_profit"": 15}",0.1910150891632373
0.5,0.49,0.1,3,,0.004,0.0075,10,202,84,-0.1798572313877614,-0.014988102615646785,-0.374782068662714,0.5860050309989205,0.913447179097955,-0.0043347297383460204,-0.0008903823336027803,0.37585733882030176,289,0,0,"{""gate_close"": 313, ""prob_trailing"": 10, ""prob_floor"": 130, ""stop_loss"": 10, ""take_profit"": 28}",0.1910150891632373
0.5,0.49,0.1,3,,0.005,,8,150,76,0.6295385799787697,0.05246154833156414,1.752638027966836,0.14061030105652156,1.5250201852775935,0.0010957831881501343,0.004196923866525132,0.43175582990397804,512,0,0,"{""gate_close"": 443, ""prob_trailing"": 12, ""prob_floor"": 193, ""stop_loss"": 14}",0.1910150891632373
0.5,0.49,0.1,3,,0.005,,10,202,84,-0.1798572313877614,-0.014988102615646785,-0.374782068662714,0.5860050309989205,0.913447179097955,-0.0043347297383460204,-0.0008903823336027803,0.37585733882030176,289,0,0,"{""gate_close"": 334, ""prob_trailing"": 10, ""prob_floor"": 141, ""stop_loss"": 6}",0.1910150891632373
0.5,0.49,0.1,3,,0.005,0.0075,8,150,76,0.6295385799787697,0.05246154833156414,1.752638027966836,0.14061030105652156,1.5250201852775935,0.0010957831881501343,0.004196923866525132,0.43175582990397804,512,0,0,"{""gate_close"": 433, ""prob_trailing"": 12, ""prob_floor"": 188, ""stop_loss"": 14, ""take_profit"": 15}",0.1910150891632373
0.5,0.49,0.1,3,,0.005,0.0075,10,202,84,-0.1798572313877614,-0.014988102615646785,-0.374782068662714,0.5860050309989205,0.913447179097955,-0.0043347297383460204,-0.0008903823336027803,0.37585733882030176,289,0,0,"{""gate_close"": 315, ""prob_trailing"": 10, ""prob_floor"": 132, ""take_profit"": 28, ""stop_loss"": 6}",0.1910150891632373
0.5,0.49,0.1,3,3600.0,0.004,,8,150,76,0.6295385799787697,0.05246154833156414,1.752638027966836,0.14061030105652156,1.5250201852775935,0.0010957831881501343,0.004196923866525132,0.43175582990397804,512,0,0,"{""gate_close"": 439, ""prob_trailing"": 11, ""prob_floor"": 191, ""stop_loss"": 20, ""time_limit"": 1}",0.1910150891632373
0.5,0.49,0.1,3,3600.0,0.004,,10,202,84,-0.1798572313877614,-0.014988102615646785,-0.374782068662714,0.5860050309989205,0.913447179097955,-0.0043347297383460204,-0.0008903823336027803,0.37585733882030176,289,0,0,"{""gate_close"": 332, ""prob_trailing"": 9, ""prob_floor"": 139, ""stop_loss"": 10, ""time_limit"": 1}",0.1910150891632373
0.5,0.49,0.1,3,3600.0,0.004,0.0075,8,150,76,0.6295385799787697,0.05246154833156414,1.752638027966836,0.14061030105652156,1.5250201852775935,0.0010957831881501343,0.004196923866525132,0.43175582990397804,512,0,0,"{""gate_close"": 429, ""prob_trailing"": 11, ""prob_floor"": 186, ""stop_loss"": 20, ""take_profit"": 15, ""time_limit"": 1}",0.1910150891632373
0.5,0.49,0.1,3,3600.0,0.004,0.0075,10,202,84,-0.1798572313877614,-0.014988102615646785,-0.374782068662714,0.5860050309989205,0.913447179097955,-0.0043347297383460204,-0.0008903823336027803,0.37585733882030176,289,0,0,"{""gate_close"": 313, ""prob_trailing"": 9, ""prob_floor"": 130, ""stop_loss"": 10, ""take_profit"": 28, ""time_limit"": 1}",0.1910150891632373
0.5,0.49,0.1,3,3600.0,0.005,,8,150,76,0.6295385799787697,0.05246154833156414,1.752638027966836,0.14061030105652156,1.5250201852775935,0.0010957831881501343,0.004196923866525132,0.43175582990397804,512,0,0,"{""gate_close"": 443, ""prob_trailing"": 11, ""prob_floor"": 193, ""stop_loss"": 14, ""time_limit"": 1}",0.1910150891632373
0.5,0.49,0.1,3,3600.0,0.005,,10,202,84,-0.1798572313877614,-0.014988102615646785,-0.374782068662714,0.5860050309989205,0.913447179097955,-0.0043347297383460204,-0.0008903823336027803,0.37585733882030176,289,0,0,"{""gate_close"": 334, ""prob_trailing"": 9, ""prob_floor"": 141, ""stop_loss"": 6, ""time_limit"": 1}",0.1910150891632373
0.5,0.49,0.1,3,3600.0,0.005,0.0075,8,150,76,0.6295385799787697,0.05246154833156414,1.752638027966836,0.14061030105652156,1.5250201852775935,0.0010957831881501343,0.004196923866525132,0.43175582990397804,512,0,0,"{""gate_close"": 433, ""prob_trailing"": 11, ""prob_floor"": 188, ""stop_loss"": 14, ""take_profit"": 15, ""time_limit"": 1}",0.1910150891632373
0.5,0.49,0.1,3,3600.0,0.005,0.0075,10,202,84,-0.1798572313877614,-0.014988102615646785,-0.374782068662714,0.5860050309989205,0.913447179097955,-0.0043347297383460204,-0.0008903823336027803,0.37585733882030176,289,0,0,"{""gate_close"": 315, ""prob_trailing"": 9, ""prob_floor"": 132, ""take_profit"": 28, ""stop_loss"": 6, ""time_limit"": 1}",0.1910150891632373
0.5,0.49,0.15,1,,0.004,,8,162,77,0.8721952732684075,0.07268293943903396,2.0028337152270708,0.1415926275759669,1.7297229130629237,-0.0009903667453392065,0.005383921439928442,0.4060356652949246,630,0,0,"{""gate_close"": 555, ""prob_floor"": 216, ""stop_loss"": 18, ""prob_trailing"": 3}",0.1910150891632373
0.5,0.49,0.15,1,,0.004,,10,239,72,-0.9665195143098679,-0.08054329285915567,-2.6429768611985214,1.0165904478996353,0.596963776234056,-0.0050075485695020745,-0.0040440147042253875,0.30727023319615915,341,0,0,"{""gate_close"": 404, ""prob_floor"": 164, ""stop_loss"": 11, ""prob_trailing"": 1}",0.1910150891632373
0.5,0.49,0.15,1,,0.004,0.0075,8,162,77,0.8721952732684075,0.07268293943903396,2.0028337152270708,0.1415926275759669,1.7297229130629237,-0.0009903667453392065,0.005383921439928442,0.4060356652949246,630,0,0,"{""gate_close"": 537, ""prob_floor"": 205, ""stop_loss"": 18, ""prob_trailing"": 3, ""take_profit"": 29}",0.1910150891632373
0.5,0.49,0.15,1,,0.004,0.0075,10,239,72,-0.9665195143098679,-0.08054329285915567,-2.6429768611985214,1.0165904478996353,0.596963776234056,-0.0050075485695020745,-0.0040440147042253875,0.30727023319615915,341,0,0,"{""gate_close"": 394, ""prob_floor"": 159, ""stop_loss"": 11, ""take_profit"": 15, ""prob_trailing"": 1}",0.1910150891632373
0.5,0.49,0.15,1,,0.005,,8,162,77,0.8721952732684075,0.07268293943903396,2.0028337152270708,0.1415926275759669,1.7297229130629237,-0.0009903667453392065,0.005383921439928442,0.4060356652949246,630,0,0,"{""gate_close"": 560, ""prob_floor"": 218, ""prob_trailing"": 3, ""stop_loss"": 11}",0.1910150891632373
0.5,0.49,0.15,1,,0.005,,10,238,72,-0.9300021415041068,-0.07750017845867556,-2.5909214949062322,0.9800730750938741,0.6016778789118914,-0.004997557387186347,-0.003907572023126499,0.30761316872427985,341,0,0,"{""gate_close"": 406, ""prob_floor"": 166, ""stop_loss"": 6, ""prob_trailing"": 1}",0.1910150891632373
0.5,0.49,0.15,1,,0.005,0.0075,8,162,77,0.8721952732684075,0.07268293943903396,2.0028337152270708,0.1415926275759669,1.7297229130629237,-0.0009903667453392065,0.005383921439928442,0.4060356652949246,630,0,0,"{""gate_close"": 542, ""prob_floor"": 207, ""prob_trailing"": 3, ""stop_loss"": 11, ""take_profit"": 29}",0.1910150891632373
0.5,0.49,0.15,1,,0.005,0.0075,10,238,72,-0.9300021415041068,-0.07750017845867556,-2.5909214949062322,0.9800730750938741,0.6016778789118914,-0.004997557387186347,-0.003907572023126499,0.30761316872427985,341,0,0,"{""gate_close"": 396, ""prob_floor"": 161, ""take_profit"": 15, ""stop_loss"": 6, ""prob_trailing"": 1}",0.1910150891632373
0.5,0.49,0.15,1,3600.0,0.004,,8,163,77,0.8668293418729599,0.07223577848941333,1.988100807741128,0.1415926275759669,1.7179817285212415,-0.0010316599972489474,0.005317971422533496,0.4056927297668038,630,0,0,"{""gate_close"": 555, ""prob_floor"": 216, ""stop_loss"": 18, ""prob_trailing"": 3, ""time_limit"": 1}",0.1910150891632373
0.5,0.49,0.15,1,3600.0,0.004,,10,240,72,-0.9718854457053155,-0.0809904538087763,-2.654172943514091,1.0165904478996353,0.5967561576562309,-0.0050579176080304995,-0.004049522690438814,0.3069272976680384,341,0,0,"{""gate_close"": 404, ""prob_floor"": 164, ""stop_loss"": 11, ""prob_trailing"": 1, ""time_limit"": 1}",0.1910150891632373
0.5,0.49,0.15,1,3600.0,0.004,0.0075,8,163,77,0.8668293418729599,0.07223577848941333,1.988100807741128,0.1415926275759669,1.7179817285212415,-0.0010316599972489474,0.005317971422533496,0.4056927297668038,630,0,0,"{""gate_close"": 537, ""prob_floor"": 205, ""stop_loss"": 18, ""prob_trailing"": 3, ""take_profit"": 29, ""time_limit"": 1}",0.1910150891632373
0.5,0.49,0.15,1,3600.0,0.004,0.0075,10,240,72,-0.9718854457053155,-0.0809904538087763,-2.654172943514091,1.0165904478996353,0.5967561576562309,-0.0050579176080304995,-0.004049522690438814,0.3069272976680384,341,0,0,"{""gate_close"": 394, ""prob_floor"": 159, ""stop_loss"": 11, ""take_profit"": 15, ""prob_trailing"": 1, ""time_limit"": 1}",0.1910150891632373
0.5,0.49,0.15,1,3600.0,0.005,,8,163,77,0.8668293418729599,0.07223577848941333,1.988100807741128,0.1415926275759669,1.7179817285212415,-0.0010316599972489474,0.005317971422533496,0.4056927297668038,630,0,0,"{""gate_close"": 560, ""prob_floor"": 218, ""prob_trailing"": 3, ""stop_loss"": 11, ""time_limit"": 1}",0.1910150891632373
0.5,0.49,0.15,1,3600.0,0.005,,10,239,72,-0.9353680728995544,-0.07794733940829619,-2.602327466912197,0.9800730750938741,0.6014404115752515,-0.0050075485695020745,-0.00391367394518642,0.30727023319615915,341,0,0,"{""gate_close"": 406, ""prob_floor"": 166, ""stop_loss"": 6, ""prob_trailing"": 1, ""time_limit"": 1}",0.1910150891632373
0.5,0.49,0.15,1,3600.0,0.005,0.0075,8,163,77,0.8668293418729599,0.07223577848941333,1.988100807741128,0.1415926275759669,1.7179817285212415,-0.0010316599972489474,0.005317971422533496,0.4056927297668038,630,0,0,"{""gate_close"": 542, ""prob_floor"": 207, ""prob_trailing"": 3, ""stop_loss"": 11, ""take_profit"": 29, ""time_limit"": 1}",0.1910150891632373
0.5,0.49,0.15,1,3600.0,0.005,0.0075,10,239,72,-0.9353680728995544,-0.07794733940829619,-2.602327466912197,0.9800730750938741,0.6014404115752515,-0.0050075485695020745,-0.00391367394518642,0.30727023319615915,341,0,0,"{""gate_close"": 396, ""prob_floor"": 161, ""take_profit"": 15, ""stop_loss"": 6, ""prob_trailing"": 1, ""time_limit"": 1}",0.1910150891632373
0.5,0.49,0.15,3,,0.004,,8,143,73,0.6600283800107446,0.055002365000895385,1.8437149675460747,0.13515910379300172,1.5660077457355253,0.0011801142241516446,0.004615583076998214,0.43141289437585734,512,0,0,"{""gate_close"": 445, ""prob_floor"": 187, ""stop_loss"": 20, ""prob_trailing"": 3}",0.1910150891632373
0.5,0.49,0.15,3,,0.004,,10,197,81,-0.1374196588995573,-0.011451638241629774,-0.285838931448917,0.5717179727609175,0.9327890825421948,-0.004342224688531269,-0.0006975617203023225,0.3762002743484225,290,0,0,"{""gate_close"": 335, ""prob_floor"": 139, ""stop_loss"": 10, ""prob_trailing"": 3}",0.1910150891632373
0.5,0.49,0.15,3,,0.004,0.0075,8,143,73,0.6600283800107446,0.055002365000895385,1.8437149675460747,0.13515910379300172,1.5660077457355253,0.0011801142241516446,0.004615583076998214,0.43141289437585734,512,0,0,"{""gate_close"": 435, ""prob_floor"": 182, ""stop_loss"": 20, ""prob_trailing"": 3, ""take_profit"": 15}",0.1910150891632373
0.5,0.49,0.15,3,,0.004,0.0075,10,197,81,-0.1374196588995573,-0.011451638241629774,-0.285838931448917,0.5717179727609175,0.9327890825421948,-0.004342224688531269,-0.0006975617203023225,0.3762002743484225,290,0,0,"{""gate_close"": 316, ""prob_floor"": 130, ""stop_loss"": 10, ""prob_trailing"": 3, ""take_profit"": 28}",0.1910150891632373
0.5,0.49,0.15,3,,0.005,,8,143,73,0.6600283800107446,0.055002365000895385,1.8437149675460747,0.13515910379300172,1.5660077457355253,0.0011801142241516446,0.004615583076998214,0.43141289437585734,512,0,0,"{""gate_close"": 449, ""prob_floor"": 189, ""prob_trailing"": 3, ""stop_loss"": 14}",0.1910150891632373
0.5,0.49,0.15,3,,0.005,,10,197,81,-0.1374196588995573,-0.011451638241629774,-0.285838931448917,0.5717179727609175,0.9327890825421948,-0.004342224688531269,-0.0006975617203023225,0.3762002743484225,290,0,0,"{""gate_close"": 337, ""prob_floor"": 141, ""prob_trailing"": 3, ""stop_loss"": 6}",0.1910150891632373
0.5,0.49,0.15,3,,0.005,0.0075,8,143,73,0.6600283800107446,0.055002365000895385,1.8437149675460747,0.13515910379300172,1.5660077457355253,0.0011801142241516446,0.004615583076998214,0.43141289437585734,512,0,0,"{""gate_close"": 439, ""prob_floor"": 184, ""prob_trailing"": 3, ""stop_loss"": 14, ""take_profit"": 15}",0.1910150891632373
0.5,0.49,0.15,3,,0.005,0.0075,10,197,81,-0.1374196588995573,-0.011451638241629774,-0.285838931448917,0.5717179727609175,0.9327890825421948,-0.004342224688531269,-0.0006975617203023225,0.3762002743484225,290,0,0,"{""gate_close"": 318, ""prob_floor"": 132, ""prob_trailing"": 3, ""take_profit"": 28, ""stop_loss"": 6}",0.1910150891632373
0.5,0.49,0.15,3,3600.0,0.004,,8,143,73,0.6615095257970879,0.05512579381642399,1.8489314245783457,0.13515910379300172,1.567277903221208,0.0011801142241516446,0.004625940739839776,0.43175582990397804,513,0,0,"{""gate_close"": 446, ""prob_floor"": 186, ""stop_loss"": 20, ""prob_trailing"": 3, ""time_limit"": 1}",0.1910150891632373
0.5,0.49,0.15,3,3600.0,0.004,,10,197,81,-0.1359181668270821,-0.011326513902256842,-0.28243496969909976,0.5717179727609175,0.9336922452640095,-0.004342224688531269,-0.0006899399331323975,0.3765432098765432,291,0,0,"{""gate_close"": 336, ""prob_floor"": 138, ""stop_loss"": 10, ""prob_trailing"": 3, ""time_limit"": 1}",0.1910150891632373
0.5,0.49,0.15,3,3600.0,0.004,0.0075,8,143,73,0.6615095257970879,0.05512579381642399,1.8489314245783457,0.13515910379300172,1.567277903221208,0.0011801142241516446,0.004625940739839776,0.43175582990397804,513,0,0,"{""gate_close"": 436, ""prob_floor"": 181, ""stop_loss"": 20, ""prob_trailing"": 3, ""take_profit"": 15, ""time_limit"": 1}",0.1910150891632373
0.5,0.49,0.15,3,3600.0,0.004,0.0075,10,197,81,-0.1359181668270821,-0.011326513902256842,-0.28243496969909976,0.5717179727609175,0.9336922452640095,-0.004342224688531269,-0.0006899399331323975,0.3765432098765432,291,0,0,"{""gate_close"": 317, ""prob_floor"": 129, ""stop_loss"": 10, ""prob_trailing"": 3, ""take_profit"": 28, ""time_limit"": 1}",0.1910150891632373
0.5,0.49,0.15,3,3600.0,0.005,,8,143,73,0.6615095257970879,0.05512579381642399,1.8489314245783457,0.13515910379300172,1.567277903221208,0.0011801142241516446,0.004625940739839776,0.43175582990397804,513,0,0,"{""gate_close"": 450, ""prob_floor"": 188, ""prob_trailing"": 3, ""stop_loss"": 14, ""time_limit"": 1}",0.1910150891632373
0.5,0.49,0.15,3,3600.0,0.005,,10,197,81,-0.1359181668270821,-0.011326513902256842,-0.28243496969909976,0.5717179727609175,0.9336922452640095,-0.004342224688531269,-0.0006899399331323975,0.3765432098765432,291,0,0,"{""gate_close"": 338, ""prob_floor"": 140, ""prob_trailing"": 3, ""stop_loss"": 6, ""time_limit"": 1}",0.1910150891632373
0.5,0.49,0.15,3,3600.0,0.005,0.0075,8,143,73,0.6615095257970879,0.05512579381642399,1.8489314245783457,0.13515910379300172,1.567277903221208,0.0011801142241516446,0.004625940739839776,0.43175582990397804,513,0,0,"{""gate_close"": 440, ""prob_floor"": 183, ""prob_trailing"": 3, ""stop_loss"": 14, ""take_profit"": 15, ""time_limit"": 1}",0.1910150891632373
0.5,0.49,0.15,3,3600.0,0.005,0.0075,10,197,81,-0.1359181668270821,-0.011326513902256842,-0.28243496969909976,0.5717179727609175,0.9336922452640095,-0.004342224688531269,-0.0006899399331323975,0.3765432098765432,291,0,0,"{""gate_close"": 319, ""prob_floor"": 131, ""prob_trailing"": 3, ""take_profit"": 28, ""stop_loss"": 6, ""time_limit"": 1}",0.1910150891632373
0.5,0.5,0.1,1,,0.004,,8,173,80,0.8002549475044978,0.06668791229204148,1.8293323421103755,0.17240135043284407,1.6331320670704632,-0.0016758479260789994,0.004625751141644496,0.399519890260631,625,0,0,"{""gate_close"": 546, ""prob_floor"": 217, ""prob_trailing"": 17, ""stop_loss"": 18}",0.1910150891632373
0.5,0.5,0.1,1,,0.004,,10,248,74,-0.9805743513902736,-0.0817145292825228,-2.6719821896331504,1.0078417156157882,0.5978557620982451,-0.004997557387186347,-0.003953928836251102,0.3007544581618656,335,0,0,"{""gate_close"": 394, ""prob_floor"": 164, ""stop_loss"": 11, ""prob_trailing"": 14}",0.1910150891632373
0.5,0.5,0.1,1,,0.004,0.0075,8,173,80,0.8002549475044978,0.06668791229204148,1.8293323421103755,0.17240135043284407,1.6331320670704632,-0.0016758479260789994,0.004625751141644496,0.399519890260631,625,0,0,"{""gate_close"": 528, ""prob_floor"": 206, ""prob_trailing"": 17, ""stop_loss"": 18, ""take_profit"": 29}",0.1910150891632373
0.5,0.5,0.1,1,,0.004,0.0075,10,248,74,-0.9805743513902736,-0.0817145292825228,-2.6719821896331504,1.0078417156157882,0.5978557620982451,-0.004997557387186347,-0.003953928836251102,0.3007544581618656,335,0,0,"{""gate_close"": 384, ""prob_floor"": 159, ""stop_loss"": 11, ""prob_trailing"": 14, ""take_profit"": 15}",0.1910150891632373
0.5,0.5,0.1,1,,0.005,,8,173,80,0.8002549475044978,0.06668791229204148,1.8293323421103755,0.17240135043284407,1.6331320670704632,-0.0016758479260789994,0.004625751141644496,0.399519890260631,625,0,0,"{""gate_close"": 551, ""prob_floor"": 219, ""prob_trailing"": 17, ""stop_loss"": 11}",0.1910150891632373
0.5,0.5,0.1,1,,0.005,,10,247,74,-0.9440569785845125,-0.07867141488204271,-2.620532691343352,0.9713243428100271,0.6025137097985362,-0.00498756620487062,-0.0038220930307065284,0.3010973936899863,335,0,0,"{""gate_close"": 396, ""prob_floor"": 166, ""prob_trailing"": 14, ""stop_loss"": 6}",0.1910150891632373
0.5,0.5,0.1,1,,0.005,0.0075,8,173,80,0.8002549475044978,0.06668791229204148,1.8293323421103755,0.17240135043284407,1.6331320670704632,-0.0016758479260789994,0.004625751141644496,0.399519890260631,625,0,0,"{""gate_close"": 533, ""prob_floor"": 208, ""prob_trailing"": 17, ""stop_loss"": 11, ""take_profit"": 29}",0.1910150891632373
0.5,0.5,0.1,1,,0.005,0.0075,10,247,74,-0.9440569785845125,-0.07867141488204271,-2.620532691343352,0.9713243428100271,0.6025137097985362,-0.00498756620487062,-0.0038220930307065284,0.3010973936899863,335,0,0,"{""gate_close"": 386, ""prob_floor"": 161, ""prob_trailing"": 14, ""take_profit"": 15, ""stop_loss"": 6}",0.1910150891632373
0.5,0.5,0.1,1,3600.0,0.004,,8,173,80,0.8002549475044978,0.06668791229204148,1.8293323421103755,0.17240135043284407,1.6331320670704632,-0.0016758479260789994,0.004625751141644496,0.399519890260631,625,0,0,"{""gate_close"": 546, ""prob_floor"": 217, ""prob_trailing"": 16, ""stop_loss"": 18, ""time_limit"": 1}",0.1910150891632373
0.5,0.5,0.1,1,3600.0,0.004,,10,248,74,-0.9805743513902736,-0.0817145292825228,-2.6719821896331504,1.0078417156157882,0.5978557620982451,-0.004997557387186347,-0.003953928836251102,0.3007544581618656,335,0,0,"{""gate_close"": 394, ""prob_floor"": 164, ""stop_loss"": 11, ""prob_trailing"": 13, ""time_limit"": 1}",0.1910150891632373
0.5,0.5,0.1,1,3600.0,0.004,0.0075,8,173,80,0.8002549475044978,0.06668791229204148,1.8293323421103755,0.17240135043284407,1.6331320670704632,-0.0016758479260789994,0.004625751141644496,0.399519890260631,625,0,0,"{""gate_close"": 528, ""prob_floor"": 206, ""prob_trailing"": 16, ""stop_loss"": 18, ""take_profit"": 29, ""time_limit"": 1}",0.1910150891632373
0.5,0.5,0.1,1,3600.0,0.004,0.0075,10,248,74,-0.9805743513902736,-0.0817145292825228,-2.6719821896331504,1.0078417156157882,0.5978557620982451,-0.004997557387186347,-0.003953928836251102,0.3007544581618656,335,0,0,"{""gate_close"": 384, ""prob_floor"": 159, ""stop_loss"": 11, ""prob_trailing"": 13, ""take_profit"": 15, ""time_limit"": 1}",0.1910150891632373
0.5,0.5,0.1,1,3600.0,0.005,,8,173,80,0.8002549475044978,0.06668791229204148,1.8293323421103755,0.17240135043284407,1.6331320670704632,-0.0016758479260789994,0.004625751141644496,0.399519890260631,625,0,0,"{""gate_close"": 551, ""prob_floor"": 219, ""prob_trailing"": 16, ""stop_loss"": 11, ""time_limit"": 1}",0.1910150891632373
0.5,0.5,0.1,1,3600.0,0.005,,10,247,74,-0.9440569785845125,-0.07867141488204271,-2.620532691343352,0.9713243428100271,0.6025137097985362,-0.00498756620487062,-0.0038220930307065284,0.3010973936899863,335,0,0,"{""gate_close"": 396, ""prob_floor"": 166, ""prob_trailing"": 13, ""stop_loss"": 6, ""time_limit"": 1}",0.1910150891632373
0.5,0.5,0.1,1,3600.0,0.005,0.0075,8,173,80,0.8002549475044978,0.06668791229204148,1.8293323421103755,0.17240135043284407,1.6331320670704632,-0.0016758479260789994,0.004625751141644496,0.399519890260631,625,0,0,"{""gate_close"": 533, ""prob_floor"": 208, ""prob_trailing"": 16, ""stop_loss"": 11, ""take_profit"": 29, ""time_limit"": 1}",0.1910150891632373
0.5,0.5,0.1,1,3600.0,0.005,0.0075,10,247,74,-0.9440569785845125,-0.07867141488204271,-2.620532691343352,0.9713243428100271,0.6025137097985362,-0.00498756620487062,-0.0038220930307065284,0.3010973936899863,335,0,0,"{""gate_close"": 386, ""prob_floor"": 161, ""prob_trailing"": 13, ""take_profit"": 15, ""stop_loss"": 6, ""time_limit"": 1}",0.1910150891632373
0.5,0.5,0.1,3,,0.004,,8,150,76,0.6295385799787697,0.05246154833156414,1.752638027966836,0.14061030105652156,1.5250201852775935,0.0010957831881501343,0.004196923866525132,0.43175582990397804,512,0,0,"{""gate_close"": 439, ""prob_trailing"": 12, ""prob_floor"": 191, ""stop_loss"": 20}",0.1910150891632373
0.5,0.5,0.1,3,,0.004,,10,202,84,-0.1798572313877614,-0.014988102615646785,-0.374782068662714,0.5860050309989205,0.913447179097955,-0.0043347297383460204,-0.0008903823336027803,0.37585733882030176,289,0,0,"{""gate_close"": 332, ""prob_trailing"": 10, ""prob_floor"": 139, ""stop_loss"": 10}",0.1910150891632373
0.5,0.5,0.1,3,,0.004,0.0075,8,150,76,0.6295385799787697,0.05246154833156414,1.752638027966836,0.14061030105652156,1.5250201852775935,0.0010957831881501343,0.004196923866525132,0.43175582990397804,512,0,0,"{""gate_close"": 429, ""prob_trailing"": 12, ""prob_floor"": 186, ""stop_loss"": 20, ""take_profit"": 15}",0.1910150891632373
0.5,0.5,0.1,3,,0.004,0.0075,10,202,84,-0.1798572313877614,-0.014988102615646785,-0.374782068662714,0.5860050309989205,0.913447179097955,-0.0043347297383460204,-0.0008903823336027803,0.37585733882030176,289,0,0,"{""gate_close"": 313, ""prob_trailing"": 10, ""prob_floor"": 130, ""stop_loss"": 10, ""take_profit"": 28}",0.1910150891632373
0.5,0.5,0.1,3,,0.005,,8,150,76,0.6295385799787697,0.05246154833156414,1.752638027966836,0.14061030105652156,1.5250201852775935,0.0010957831881501343,0.004196923866525132,0.43175582990397804,512,0,0,"{""gate_close"": 443, ""prob_trailing"": 12, ""prob_floor"": 193, ""stop_loss"": 14}",0.1910150891632373
0.5,0.5,0.1,3,,0.005,,10,202,84,-0.1798572313877614,-0.014988102615646785,-0.374782068662714,0.5860050309989205,0.913447179097955,-0.0043347297383460204,-0.0008903823336027803,0.37585733882030176,289,0,0,"{""gate_close"": 334, ""prob_trailing"": 10, ""prob_floor"": 141, ""stop_loss"": 6}",0.1910150891632373
0.5,0.5,0.1,3,,0.005,0.0075,8,150,76,0.6295385799787697,0.05246154833156414,1.752638027966836,0.14061030105652156,1.5250201852775935,0.0010957831881501343,0.004196923866525132,0.43175582990397804,512,0,0,"{""gate_close"": 433, ""prob_trailing"": 12, ""prob_floor"": 188, ""stop_loss"": 14, ""take_profit"": 15}",0.1910150891632373
0.5,0.5,0.1,3,,0.005,0.0075,10,202,84,-0.1798572313877614,-0.014988102615646785,-0.374782068662714,0.5860050309989205,0.913447179097955,-0.0043347297383460204,-0.0008903823336027803,0.37585733882030176,289,0,0,"{""gate_close"": 315, ""prob_trailing"": 10, ""prob_floor"": 132, ""take_profit"": 28, ""stop_loss"": 6}",0.1910150891632373
0.5,0.5,0.1,3,3600.0,0.004,,8,150,76,0.6295385799787697,0.05246154833156414,1.752638027966836,0.14061030105652156,1.5250201852775935,0.0010957831881501343,0.004196923866525132,0.43175582990397804,512,0,0,"{""gate_close"": 439, ""prob_trailing"": 11, ""prob_floor"": 191, ""stop_loss"": 20, ""time_limit"": 1}",0.1910150891632373
0.5,0.5,0.1,3,3600.0,0.004,,10,202,84,-0.1798572313877614,-0.014988102615646785,-0.374782068662714,0.5860050309989205,0.913447179097955,-0.0043347297383460204,-0.0008903823336027803,0.37585733882030176,289,0,0,"{""gate_close"": 332, ""prob_trailing"": 9, ""prob_floor"": 139, ""stop_loss"": 10, ""time_limit"": 1}",0.1910150891632373
0.5,0.5,0.1,3,3600.0,0.004,0.0075,8,150,76,0.6295385799787697,0.05246154833156414,1.752638027966836,0.14061030105652156,1.5250201852775935,0.0010957831881501343,0.004196923866525132,0.43175582990397804,512,0,0,"{""gate_close"": 429, ""prob_trailing"": 11, ""prob_floor"": 186, ""stop_loss"": 20, ""take_profit"": 15, ""time_limit"": 1}",0.1910150891632373
0.5,0.5,0.1,3,3600.0,0.004,0.0075,10,202,84,-0.1798572313877614,-0.014988102615646785,-0.374782068662714,0.5860050309989205,0.913447179097955,-0.0043347297383460204,-0.0008903823336027803,0.37585733882030176,289,0,0,"{""gate_close"": 313, ""prob_trailing"": 9, ""prob_floor"": 130, ""stop_loss"": 10, ""take_profit"": 28, ""time_limit"": 1}",0.1910150891632373
0.5,0.5,0.1,3,3600.0,0.005,,8,150,76,0.6295385799787697,0.05246154833156414,1.752638027966836,0.14061030105652156,1.5250201852775935,0.0010957831881501343,0.004196923866525132,0.43175582990397804,512,0,0,"{""gate_close"": 443, ""prob_trailing"": 11, ""prob_floor"": 193, ""stop_loss"": 14, ""time_limit"": 1}",0.1910150891632373
0.5,0.5,0.1,3,3600.0,0.005,,10,202,84,-0.1798572313877614,-0.014988102615646785,-0.374782068662714,0.5860050309989205,0.913447179097955,-0.0043347297383460204,-0.0008903823336027803,0.37585733882030176,289,0,0,"{""gate_close"": 334, ""prob_trailing"": 9, ""prob_floor"": 141, ""stop_loss"": 6, ""time_limit"": 1}",0.1910150891632373
0.5,0.5,0.1,3,3600.0,0.005,0.0075,8,150,76,0.6295385799787697,0.05246154833156414,1.752638027966836,0.14061030105652156,1.5250201852775935,0.0010957831881501343,0.004196923866525132,0.43175582990397804,512,0,0,"{""gate_close"": 433, ""prob_trailing"": 11, ""prob_floor"": 188, ""stop_loss"": 14, ""take_profit"": 15, ""time_limit"": 1}",0.1910150891632373
0.5,0.5,0.1,3,3600.0,0.005,0.0075,10,202,84,-0.1798572313877614,-0.014988102615646785,-0.374782068662714,0.5860050309989205,0.913447179097955,-0.0043347297383460204,-0.0008903823336027803,0.37585733882030176,289,0,0,"{""gate_close"": 315, ""prob_trailing"": 9, ""prob_floor"": 132, ""take_profit"": 28, ""stop_loss"": 6, ""time_limit"": 1}",0.1910150891632373
0.5,0.5,0.15,1,,0.004,,8,162,77,0.8721952732684075,0.07268293943903396,2.0028337152270708,0.1415926275759669,1.7297229130629237,-0.0009903667453392065,0.005383921439928442,0.4060356652949246,630,0,0,"{""gate_close"": 555, ""prob_floor"": 216, ""stop_loss"": 18, ""prob_trailing"": 3}",0.1910150891632373
0.5,0.5,0.15,1,,0.004,,10,239,72,-0.9665195143098679,-0.08054329285915567,-2.6429768611985214,1.0165904478996353,0.596963776234056,-0.0050075485695020745,-0.0040440147042253875,0.30727023319615915,341,0,0,"{""gate_close"": 404, ""prob_floor"": 164, ""stop_loss"": 11, ""prob_trailing"": 1}",0.1910150891632373
0.5,0.5,0.15,1,,0.004,0.0075,8,162,77,0.8721952732684075,0.07268293943903396,2.0028337152270708,0.1415926275759669,1.7297229130629237,-0.0009903667453392065,0.005383921439928442,0.4060356652949246,630,0,0,"{""gate_close"": 537, ""prob_floor"": 205, ""stop_loss"": 18, ""prob_trailing"": 3, ""take_profit"": 29}",0.1910150891632373
0.5,0.5,0.15,1,,0.004,0.0075,10,239,72,-0.9665195143098679,-0.08054329285915567,-2.6429768611985214,1.0165904478996353,0.596963776234056,-0.0050075485695020745,-0.0040440147042253875,0.30727023319615915,341,0,0,"{""gate_close"": 394, ""prob_floor"": 159, ""stop_loss"": 11, ""take_profit"": 15, ""prob_trailing"": 1}",0.1910150891632373
0.5,0.5,0.15,1,,0.005,,8,162,77,0.8721952732684075,0.07268293943903396,2.0028337152270708,0.1415926275759669,1.7297229130629237,-0.0009903667453392065,0.005383921439928442,0.4060356652949246,630,0,0,"{""gate_close"": 560, ""prob_floor"": 218, ""prob_trailing"": 3, ""stop_loss"": 11}",0.1910150891632373
0.5,0.5,0.15,1,,0.005,,10,238,72,-0.9300021415041068,-0.07750017845867556,-2.5909214949062322,0.9800730750938741,0.6016778789118914,-0.004997557387186347,-0.003907572023126499,0.30761316872427985,341,0,0,"{""gate_close"": 406, ""prob_floor"": 166, ""stop_loss"": 6, ""prob_trailing"": 1}",0.1910150891632373
0.5,0.5,0.15,1,,0.005,0.0075,8,162,77,0.8721952732684075,0.07268293943903396,2.0028337152270708,0.1415926275759669,1.7297229130629237,-0.0009903667453392065,0.005383921439928442,0.4060356652949246,630,0,0,"{""gate_close"": 542, ""prob_floor"": 207, ""prob_trailing"": 3, ""stop_loss"": 11, ""take_profit"": 29}",0.1910150891632373
0.5,0.5,0.15,1,,0.005,0.0075,10,238,72,-0.9300021415041068,-0.07750017845867556,-2.5909214949062322,0.9800730750938741,0.6016778789118914,-0.004997557387186347,-0.003907572023126499,0.30761316872427985,341,0,0,"{""gate_close"": 396, ""prob_floor"": 161, ""take_profit"": 15, ""stop_loss"": 6, ""prob_trailing"": 1}",0.1910150891632373
0.5,0.5,0.15,1,3600.0,0.004,,8,163,77,0.8668293418729599,0.07223577848941333,1.988100807741128,0.1415926275759669,1.7179817285212415,-0.0010316599972489474,0.005317971422533496,0.4056927297668038,630,0,0,"{""gate_close"": 555, ""prob_floor"": 216, ""stop_loss"": 18, ""prob_trailing"": 3, ""time_limit"": 1}",0.1910150891632373
0.5,0.5,0.15,1,3600.0,0.004,,10,240,72,-0.9718854457053155,-0.0809904538087763,-2.654172943514091,1.0165904478996353,0.5967561576562309,-0.0050579176080304995,-0.004049522690438814,0.3069272976680384,341,0,0,"{""gate_close"": 404, ""prob_floor"": 164, ""stop_loss"": 11, ""prob_trailing"": 1, ""time_limit"": 1}",0.1910150891632373
0.5,0.5,0.15,1,3600.0,0.004,0.0075,8,163,77,0.8668293418729599,0.07223577848941333,1.988100807741128,0.1415926275759669,1.7179817285212415,-0.0010316599972489474,0.005317971422533496,0.4056927297668038,630,0,0,"{""gate_close"": 537, ""prob_floor"": 205, ""stop_loss"": 18, ""prob_trailing"": 3, ""take_profit"": 29, ""time_limit"": 1}",0.1910150891632373
0.5,0.5,0.15,1,3600.0,0.004,0.0075,10,240,72,-0.9718854457053155,-0.0809904538087763,-2.654172943514091,1.0165904478996353,0.5967561576562309,-0.0050579176080304995,-0.004049522690438814,0.3069272976680384,341,0,0,"{""gate_close"": 394, ""prob_floor"": 159, ""stop_loss"": 11, ""take_profit"": 15, ""prob_trailing"": 1, ""time_limit"": 1}",0.1910150891632373
0.5,0.5,0.15,1,3600.0,0.005,,8,163,77,0.8668293418729599,0.07223577848941333,1.988100807741128,0.1415926275759669,1.7179817285212415,-0.0010316599972489474,0.005317971422533496,0.4056927297668038,630,0,0,"{""gate_close"": 560, ""prob_floor"": 218, ""prob_trailing"": 3, ""stop_loss"": 11, ""time_limit"": 1}",0.1910150891632373
0.5,0.5,0.15,1,3600.0,0.005,,10,239,72,-0.9353680728995544,-0.07794733940829619,-2.602327466912197,0.9800730750938741,0.6014404115752515,-0.0050075485695020745,-0.00391367394518642,0.30727023319615915,341,0,0,"{""gate_close"": 406, ""prob_floor"": 166, ""stop_loss"": 6, ""prob_trailing"": 1, ""time_limit"": 1}",0.1910150891632373
0.5,0.5,0.15,1,3600.0,0.005,0.0075,8,163,77,0.8668293418729599,0.07223577848941333,1.988100807741128,0.1415926275759669,1.7179817285212415,-0.0010316599972489474,0.005317971422533496,0.4056927297668038,630,0,0,"{""gate_close"": 542, ""prob_floor"": 207, ""prob_trailing"": 3, ""stop_loss"": 11, ""take_profit"": 29, ""time_limit"": 1}",0.1910150891632373
0.5,0.5,0.15,1,3600.0,0.005,0.0075,10,239,72,-0.9353680728995544,-0.07794733940829619,-2.602327466912197,0.9800730750938741,0.6014404115752515,-0.0050075485695020745,-0.00391367394518642,0.30727023319615915,341,0,0,"{""gate_close"": 396, ""prob_floor"": 161, ""take_profit"": 15, ""stop_loss"": 6, ""prob_trailing"": 1, ""time_limit"": 1}",0.1910150891632373
0.5,0.5,0.15,3,,0.004,,8,143,73,0.6600283800107446,0.055002365000895385,1.8437149675460747,0.13515910379300172,1.5660077457355253,0.0011801142241516446,0.004615583076998214,0.43141289437585734,512,0,0,"{""gate_close"": 445, ""prob_floor"": 187, ""stop_loss"": 20, ""prob_trailing"": 3}",0.1910150891632373
0.5,0.5,0.15,3,,0.004,,10,197,81,-0.1374196588995573,-0.011451638241629774,-0.285838931448917,0.5717179727609175,0.9327890825421948,-0.004342224688531269,-0.0006975617203023225,0.3762002743484225,290,0,0,"{""gate_close"": 335, ""prob_floor"": 139, ""stop_loss"": 10, ""prob_trailing"": 3}",0.1910150891632373
0.5,0.5,0.15,3,,0.004,0.0075,8,143,73,0.6600283800107446,0.055002365000895385,1.8437149675460747,0.13515910379300172,1.5660077457355253,0.0011801142241516446,0.004615583076998214,0.43141289437585734,512,0,0,"{""gate_close"": 435, ""prob_floor"": 182, ""stop_loss"": 20, ""prob_trailing"": 3, ""take_profit"": 15}",0.1910150891632373
0.5,0.5,0.15,3,,0.004,0.0075,10,197,81,-0.1374196588995573,-0.011451638241629774,-0.285838931448917,0.5717179727609175,0.9327890825421948,-0.004342224688531269,-0.0006975617203023225,0.3762002743484225,290,0,0,"{""gate_close"": 316, ""prob_floor"": 130, ""stop_loss"": 10, ""prob_trailing"": 3, ""take_profit"": 28}",0.1910150891632373
0.5,0.5,0.15,3,,0.005,,8,143,73,0.6600283800107446,0.055002365000895385,1.8437149675460747,0.13515910379300172,1.5660077457355253,0.0011801142241516446,0.004615583076998214,0.43141289437585734,512,0,0,"{""gate_close"": 449, ""prob_floor"": 189, ""prob_trailing"": 3, ""stop_loss"": 14}",0.1910150891632373
0.5,0.5,0.15,3,,0.005,,10,197,81,-0.1374196588995573,-0.011451638241629774,-0.285838931448917,0.5717179727609175,0.9327890825421948,-0.004342224688531269,-0.0006975617203023225,0.3762002743484225,290,0,0,"{""gate_close"": 337, ""prob_floor"": 141, ""prob_trailing"": 3, ""stop_loss"": 6}",0.1910150891632373
0.5,0.5,0.15,3,,0.005,0.0075,8,143,73,0.6600283800107446,0.055002365000895385,1.8437149675460747,0.13515910379300172,1.5660077457355253,0.0011801142241516446,0.004615583076998214,0.43141289437585734,512,0,0,"{""gate_close"": 439, ""prob_floor"": 184, ""prob_trailing"": 3, ""stop_loss"": 14, ""take_profit"": 15}",0.1910150891632373
0.5,0.5,0.15,3,,0.005,0.0075,10,197,81,-0.1374196588995573,-0.011451638241629774,-0.285838931448917,0.5717179727609175,0.9327890825421948,-0.004342224688531269,-0.0006975617203023225,0.3762002743484225,290,0,0,"{""gate_close"": 318, ""prob_floor"": 132, ""prob_trailing"": 3, ""take_profit"": 28, ""stop_loss"": 6}",0.1910150891632373
0.5,0.5,0.15,3,3600.0,0.004,,8,143,73,0.6615095257970879,0.05512579381642399,1.8489314245783457,0.13515910379300172,1.567277903221208,0.0011801142241516446,0.004625940739839776,0.43175582990397804,513,0,0,"{""gate_close"": 446, ""prob_floor"": 186, ""stop_loss"": 20, ""prob_trailing"": 3, ""time_limit"": 1}",0.1910150891632373
0.5,0.5,0.15,3,3600.0,0.004,,10,197,81,-0.1359181668270821,-0.011326513902256842,-0.28243496969909976,0.5717179727609175,0.9336922452640095,-0.004342224688531269,-0.0006899399331323975,0.3765432098765432,291,0,0,"{""gate_close"": 336, ""prob_floor"": 138, ""stop_loss"": 10, ""prob_trailing"": 3, ""time_limit"": 1}",0.1910150891632373
0.5,0.5,0.15,3,3600.0,0.004,0.0075,8,143,73,0.6615095257970879,0.05512579381642399,1.8489314245783457,0.13515910379300172,1.567277903221208,0.0011801142241516446,0.004625940739839776,0.43175582990397804,513,0,0,"{""gate_close"": 436, ""prob_floor"": 181, ""stop_loss"": 20, ""prob_trailing"": 3, ""take_profit"": 15, ""time_limit"": 1}",0.1910150891632373
0.5,0.5,0.15,3,3600.0,0.004,0.0075,10,197,81,-0.1359181668270821,-0.011326513902256842,-0.28243496969909976,0.5717179727609175,0.9336922452640095,-0.004342224688531269,-0.0006899399331323975,0.3765432098765432,291,0,0,"{""gate_close"": 317, ""prob_floor"": 129, ""stop_loss"": 10, ""prob_trailing"": 3, ""take_profit"": 28, ""time_limit"": 1}",0.1910150891632373
0.5,0.5,0.15,3,3600.0,0.005,,8,143,73,0.6615095257970879,0.05512579381642399,1.8489314245783457,0.13515910379300172,1.567277903221208,0.0011801142241516446,0.004625940739839776,0.43175582990397804,513,0,0,"{""gate_close"": 450, ""prob_floor"": 188, ""prob_trailing"": 3, ""stop_loss"": 14, ""time_limit"": 1}",0.1910150891632373
0.5,0.5,0.15,3,3600.0,0.005,,10,197,81,-0.1359181668270821,-0.011326513902256842,-0.28243496969909976,0.5717179727609175,0.9336922452640095,-0.004342224688531269,-0.0006899399331323975,0.3765432098765432,291,0,0,"{""gate_close"": 338, ""prob_floor"": 140, ""prob_trailing"": 3, ""stop_loss"": 6, ""time_limit"": 1}",0.1910150891632373
0.5,0.5,0.15,3,3600.0,0.005,0.0075,8,143,73,0.6615095257970879,0.05512579381642399,1.8489314245783457,0.13515910379300172,1.567277903221208,0.0011801142241516446,0.004625940739839776,0.43175582990397804,513,0,0,"{""gate_close"": 440, ""prob_floor"": 183, ""prob_trailing"": 3, ""stop_loss"": 14, ""take_profit"": 15, ""time_limit"": 1}",0.1910150891632373
0.5,0.5,0.15,3,3600.0,0.005,0.0075,10,197,81,-0.1359181668270821,-0.011326513902256842,-0.28243496969909976,0.5717179727609175,0.9336922452640095,-0.004342224688531269,-0.0006899399331323975,0.3765432098765432,291,0,0,"{""gate_close"": 319, ""prob_floor"": 131, ""prob_trailing"": 3, ""take_profit"": 28, ""stop_loss"": 6, ""time_limit"": 1}",0.1910150891632373
0.5,0.51,0.1,1,,0.004,,8,201,82,0.575903849867779,0.047991987488981584,1.2999541873295106,0.28958213884835415,1.3814673106580706,-0.0031226719191869163,0.002865193282924273,0.3676268861454047,584,0,0,"{""prob_floor"": 382, ""gate_close"": 384, ""stop_loss"": 18, ""prob_trailing"": 1}",0.1910150891632373
0.5,0.51,0.1,1,,0.004,,10,267,73,-1.0739628308177642,-0.08949690256814702,-2.9644890596297993,1.0832561162596552,0.5713926768700557,-0.006290905338946917,-0.004022332699691999,0.2825788751714678,322,0,0,"{""prob_floor"": 289, ""gate_close"": 287, ""stop_loss"": 11, ""prob_trailing"": 2}",0.1910150891632373
0.5,0.51,0.1,1,,0.004,0.0075,8,201,82,0.575903849867779,0.047991987488981584,1.2999541873295106,0.28958213884835415,1.3814673106580706,-0.0031226719191869163,0.002865193282924273,0.3676268861454047,584,0,0,"{""prob_floor"": 370, ""gate_close"": 367, ""stop_loss"": 18, ""take_profit"": 29, ""prob_trailing"": 1}",0.1910150891632373
0.5,0.51,0.1,1,,0.004,0.0075,10,267,73,-1.0739628308177642,-0.08949690256814702,-2.9644890596297993,1.0832561162596552,0.5713926768700557,-0.006290905338946917,-0.004022332699691999,0.2825788751714678,322,0,0,"{""prob_floor"": 283, ""gate_close"": 278, ""stop_loss"": 11, ""prob_trailing"": 2, ""take_profit"": 15}",0.1910150891632373
0.5,0.51,0.1,1,,0.005,,8,201,82,0.575903849867779,0.047991987488981584,1.2999541873295106,0.28958213884835415,1.3814673106580706,-0.0031226719191869163,0.002865193282924273,0.3676268861454047,584,0,0,"{""prob_floor"": 384, ""gate_close"": 389, ""stop_loss"": 11, ""prob_trailing"": 1}",0.1910150891632373
0.5,0.51,0.1,1,,0.005,,10,266,73,-1.037445458012003,-0.08645378816766691,-2.9185590127655483,1.046738743453894,0.5752363918129927,-0.006131251391847388,-0.003900170894781965,0.2829218106995885,322,0,0,"{""prob_floor"": 291, ""gate_close"": 289, ""prob_trailing"": 2, ""stop_loss"": 6}",0.1910150891632373
0.5,0.51,0.1,1,,0.005,0.0075,8,201,82,0.575903849867779,0.047991987488981584,1.2999541873295106,0.28958213884835415,1.3814673106580706,-0.0031226719191869163,0.002865193282924273,0.3676268861454047,584,0,0,"{""prob_floor"": 372, ""gate_close"": 372, ""stop_loss"": 11, ""take_profit"": 29, ""prob_trailing"": 1}",0.1910150891632373
0.5,0.51,0.1,1,,0.005,0.0075,10,266,73,-1.037445458012003,-0.08645378816766691,-2.9185590127655483,1.046738743453894,0.5752363918129927,-0.006131251391847388,-0.003900170894781965,0.2829218106995885,322,0,0,"{""prob_floor"": 285, ""gate_close"": 280, ""prob_trailing"": 2, ""take_profit"": 15, ""stop_loss"": 6}",0.1910150891632373
0.5,0.51,0.1,1,3600.0,0.004,,8,201,82,0.575903849867779,0.047991987488981584,1.2999541873295106,0.28958213884835415,1.3814673106580706,-0.0031226719191869163,0.002865193282924273,0.3676268861454047,584,0,0,"{""prob_floor"": 381, ""gate_close"": 384, ""stop_loss"": 18, ""prob_trailing"": 1, ""time_limit"": 1}",0.1910150891632373
0.5,0.51,0.1,1,3600.0,0.004,,10,267,73,-1.0739628308177642,-0.08949690256814702,-2.9644890596297993,1.0832561162596552,0.5713926768700557,-0.006290905338946917,-0.004022332699691999,0.2825788751714678,322,0,0,"{""prob_floor"": 288, ""gate_close"": 287, ""stop_loss"": 11, ""prob_trailing"": 2, ""time_limit"": 1}",0.1910150891632373
0.5,0.51,0.1,1,3600.0,0.004,0.0075,8,201,82,0.575903849867779,0.047991987488981584,1.2999541873295106,0.28958213884835415,1.3814673106580706,-0.0031226719191869163,0.002865193282924273,0.3676268861454047,584,0,0,"{""prob_floor"": 369, ""gate_close"": 367, ""stop_loss"": 18, ""take_profit"": 29, ""prob_trailing"": 1, ""time_limit"": 1}",0.1910150891632373
0.5,0.51,0.1,1,3600.0,0.004,0.0075,10,267,73,-1.0739628308177642,-0.08949690256814702,-2.9644890596297993,1.0832561162596552,0.5713926768700557,-0.006290905338946917,-0.004022332699691999,0.2825788751714678,322,0,0,"{""prob_floor"": 282, ""gate_close"": 278, ""stop_loss"": 11, ""prob_trailing"": 2, ""take_profit"": 15, ""time_limit"": 1}",0.1910150891632373
0.5,0.51,0.1,1,3600.0,0.005,,8,201,82,0.575903849867779,0.047991987488981584,1.2999541873295106,0.28958213884835415,1.3814673106580706,-0.0031226719191869163,0.002865193282924273,0.3676268861454047,584,0,0,"{""prob_floor"": 383, ""gate_close"": 389, ""stop_loss"": 11, ""prob_trailing"": 1, ""time_limit"": 1}",0.1910150891632373
0.5,0.51,0.1,1,3600.0,0.005,,10,266,73,-1.037445458012003,-0.08645378816766691,-2.9185590127655483,1.046738743453894,0.5752363918129927,-0.006131251391847388,-0.003900170894781965,0.2829218106995885,322,0,0,"{""prob_floor"": 290, ""gate_close"": 289, ""prob_trailing"": 2, ""stop_loss"": 6, ""time_limit"": 1}",0.1910150891632373
0.5,0.51,0.1,1,3600.0,0.005,0.0075,8,201,82,0.575903849867779,0.047991987488981584,1.2999541873295106,0.28958213884835415,1.3814673106580706,-0.0031226719191869163,0.002865193282924273,0.3676268861454047,584,0,0,"{""prob_floor"": 371, ""gate_close"": 372, ""stop_loss"": 11, ""take_profit"": 29, ""prob_trailing"": 1, ""time_limit"": 1}",0.1910150891632373
0.5,0.51,0.1,1,3600.0,0.005,0.0075,10,266,73,-1.037445458012003,-0.08645378816766691,-2.9185590127655483,1.046738743453894,0.5752363918129927,-0.006131251391847388,-0.003900170894781965,0.2829218106995885,322,0,0,"{""prob_floor"": 284, ""gate_close"": 280, ""prob_trailing"": 2, ""take_profit"": 15, ""stop_loss"": 6, ""time_limit"": 1}",0.1910150891632373
0.5,0.51,0.1,3,,0.004,,8,167,82,0.5328679197519683,0.04440565997933069,1.4314578772443405,0.17619864564608984,1.386253347103113,-0.0004410280482286342,0.0031908258667782538,0.4104938271604938,471,0,0,"{""prob_floor"": 326, ""gate_close"": 291, ""stop_loss"": 20, ""prob_trailing"": 1}",0.1910150891632373
0.5,0.51,0.1,3,,0.004,,10,209,85,-0.19987557443054477,-0.016656297869212064,-0.41765393205769075,0.5974492561764775,0.9047037668502087,-0.004448129646123702,-0.0009563424613901679,0.3655692729766804,278,0,0,"{""prob_floor"": 234, ""gate_close"": 242, ""stop_loss"": 10, ""prob_trailing"": 1}",0.1910150891632373
0.5,0.51,0.1,3,,0.004,0.0075,8,167,82,0.5328679197519683,0.04440565997933069,1.4314578772443405,0.17619864564608984,1.386253347103113,-0.0004410280482286342,0.0031908258667782538,0.4104938271604938,471,0,0,"{""prob_floor"": 318, ""gate_close"": 282, ""stop_loss"": 20, ""take_profit"": 17, ""prob_trailing"": 1}",0.1910150891632373
0.5,0.51,0.1,3,,0.004,0.0075,10,209,85,-0.19987557443054477,-0.016656297869212064,-0.41765393205769075,0.5974492561764775,0.9047037668502087,-0.004448129646123702,-0.0009563424613901679,0.3655692729766804,278,0,0,"{""prob_floor"": 224, ""gate_close"": 224, ""stop_loss"": 10, ""take_profit"": 28, ""prob_trailing"": 1}",0.1910150891632373
0.5,0.51,0.1,3,,0.005,,8,167,82,0.5328679197519683,0.04440565997933069,1.4314578772443405,0.17619864564608984,1.386253347103113,-0.0004410280482286342,0.0031908258667782538,0.4104938271604938,471,0,0,"{""prob_floor"": 328, ""gate_close"": 295, ""stop_loss"": 14, ""prob_trailing"": 1}",0.1910150891632373
0.5,0.51,0.1,3,,0.005,,10,209,85,-0.19987557443054477,-0.016656297869212064,-0.41765393205769075,0.5974492561764775,0.9047037668502087,-0.004448129646123702,-0.0009563424613901679,0.3655692729766804,278,0,0,"{""prob_floor"": 236, ""gate_close"": 244, ""stop_loss"": 6, ""prob_trailing"": 1}",0.1910150891632373
0.5,0.51,0.1,3,,0.005,0.0075,8,167,82,0.5328679197519683,0.04440565997933069,1.4314578772443405,0.17619864564608984,1.386253347103113,-0.0004410280482286342,0.0031908258667782538,0.4104938271604938,471,0,0,"{""prob_floor"": 320, ""gate_close"": 286, ""stop_loss"": 14, ""take_profit"": 17, ""prob_trailing"": 1}",0.1910150891632373
0.5,0.51,0.1,3,,0.005,0.0075,10,209,85,-0.19987557443054477,-0.016656297869212064,-0.41765393205769075,0.5974492561764775,0.9047037668502087,-0.004448129646123702,-0.0009563424613901679,0.3655692729766804,278,0,0,"{""prob_floor"": 226, ""gate_close"": 226, ""take_profit"": 28, ""stop_loss"": 6, ""prob_trailing"": 1}",0.1910150891632373
0.5,0.51,0.1,3,3600.0,0.004,,8,167,82,0.5328679197519683,0.04440565997933069,1.4314578772443405,0.17619864564608984,1.386253347103113,-0.0004410280482286342,0.0031908258667782538,0.4104938271604938,471,0,0,"{""prob_floor"": 325, ""gate_close"": 291, ""stop_loss"": 20, ""prob_trailing"": 1, ""time_limit"": 1}",0.1910150891632373
0.5,0.51,0.1,3,3600.0,0.004,,10,209,85,-0.19987557443054477,-0.016656297869212064,-0.41765393205769075,0.5974492561764775,0.9047037668502087,-0.004448129646123702,-0.0009563424613901679,0.3655692729766804,278,0,0,"{""prob_floor"": 233, ""gate_close"": 242, ""stop_loss"": 10, ""prob_trailing"": 1, ""time_limit"": 1}",0.1910150891632373
0.5,0.51,0.1,3,3600.0,0.004,0.0075,8,167,82,0.5328679197519683,0.04440565997933069,1.4314578772443405,0.17619864564608984,1.386253347103113,-0.0004410280482286342,0.0031908258667782538,0.4104938271604938,471,0,0,"{""prob_floor"": 317, ""gate_close"": 282, ""stop_loss"": 20, ""take_profit"": 17, ""prob_trailing"": 1, ""time_limit"": 1}",0.1910150891632373
0.5,0.51,0.1,3,3600.0,0.004,0.0075,10,209,85,-0.19987557443054477,-0.016656297869212064,-0.41765393205769075,0.5974492561764775,0.9047037668502087,-0.004448129646123702,-0.0009563424613901679,0.3655692729766804,278,0,0,"{""prob_floor"": 223, ""gate_close"": 224, ""stop_loss"": 10, ""take_profit"": 28, ""prob_trailing"": 1, ""time_limit"": 1}",0.1910150891632373
0.5,0.51,0.1,3,3600.0,0.005,,8,167,82,0.5328679197519683,0.04440565997933069,1.4314578772443405,0.17619864564608984,1.386253347103113,-0.0004410280482286342,0.0031908258667782538,0.4104938271604938,471,0,0,"{""prob_floor"": 327, ""gate_close"": 295, ""stop_loss"": 14, ""prob_trailing"": 1, ""time_limit"": 1}",0.1910150891632373
0.5,0.51,0.1,3,3600.0,0.005,,10,209,85,-0.19987557443054477,-0.016656297869212064,-0.41765393205769075,0.5974492561764775,0.9047037668502087,-0.004448129646123702,-0.0009563424613901679,0.3655692729766804,278,0,0,"{""prob_floor"": 235, ""gate_close"": 244, ""stop_loss"": 6, ""prob_trailing"": 1, ""time_limit"": 1}",0.1910150891632373
0.5,0.51,0.1,3,3600.0,0.005,0.0075,8,167,82,0.5328679197519683,0.04440565997933069,1.4314578772443405,0.17619864564608984,1.386253347103113,-0.0004410280482286342,0.0031908258667782538,0.4104938271604938,471,0,0,"{""prob_floor"": 319, ""gate_close"": 286, ""stop_loss"": 14, ""take_profit"": 17, ""prob_trailing"": 1, ""time_limit"": 1}",0.1910150891632373
0.5,0.51,0.1,3,3600.0,0.005,0.0075,10,209,85,-0.19987557443054477,-0.016656297869212064,-0.41765393205769075,0.5974492561764775,0.9047037668502087,-0.004448129646123702,-0.0009563424613901679,0.3655692729766804,278,0,0,"{""prob_floor"": 225, ""gate_close"": 226, ""take_profit"": 28, ""stop_loss"": 6, ""prob_trailing"": 1, ""time_limit"": 1}",0.1910150891632373
0.5,0.51,0.15,1,,0.004,,8,200,81,0.5723095444621503,0.047692462038512524,1.2901759872819327,0.28958213884835415,1.378898728963712,-0.0034130656334456816,0.0028615477223107506,0.3662551440329218,579,0,0,"{""prob_floor"": 378, ""gate_close"": 383, ""stop_loss"": 18}",0.1910150891632373
0.5,0.51,0.15,1,,0.004,,10,265,72,-1.0801746225672404,-0.09001455188060337,-2.983623277958307,1.0976827006657497,0.5670732215774774,-0.006290905338946917,-0.004076130651197132,0.2829218106995885,322,0,0,"{""prob_floor"": 288, ""gate_close"": 288, ""stop_loss"": 11}",0.1910150891632373
0.5,0.51,0.15,1,,0.004,0.0075,8,200,81,0.5723095444621503,0.047692462038512524,1.2901759872819327,0.28958213884835415,1.378898728963712,-0.0034130656334456816,0.0028615477223107506,0.3662551440329218,579,0,0,"{""prob_floor"": 366, ""gate_close"": 366, ""stop_loss"": 18, ""take_profit"": 29}",0.1910150891632373
0.5,0.51,0.15,1,,0.004,0.0075,10,265,72,-1.0801746225672404,-0.09001455188060337,-2.983623277958307,1.0976827006657497,0.5670732215774774,-0.006290905338946917,-0.004076130651197132,0.2829218106995885,322,0,0,"{""prob_floor"": 282, ""gate_close"": 279, ""stop_loss"": 11, ""take_profit"": 15}",0.1910150891632373
0.5,0.51,0.15,1,,0.005,,8,200,81,0.5723095444621503,0.047692462038512524,1.2901759872819327,0.28958213884835415,1.378898728963712,-0.0034130656334456816,0.0028615477223107506,0.3662551440329218,579,0,0,"{""prob_floor"": 380, ""gate_close"": 388, ""stop_loss"": 11}",0.1910150891632373
0.5,0.51,0.15,1,,0.005,,10,264,72,-1.0436572497614791,-0.08697143748012326,-2.9380278702529834,1.0611653278599886,0.5708213410327255,-0.006131251391847388,-0.003953247158187421,0.2832647462277092,322,0,0,"{""prob_floor"": 290, ""gate_close"": 290, ""stop_loss"": 6}",0.1910150891632373
0.5,0.51,0.15,1,,0.005,0.0075,8,200,81,0.5723095444621503,0.047692462038512524,1.2901759872819327,0.28958213884835415,1.378898728963712,-0.0034130656334456816,0.0028615477223107506,0.3662551440329218,579,0,0,"{""prob_floor"": 368, ""gate_close"": 371, ""stop_loss"": 11, ""take_profit"": 29}",0.1910150891632373
0.5,0.51,0.15,1,,0.005,0.0075,10,264,72,-1.0436572497614791,-0.08697143748012326,-2.9380278702529834,1.0611653278599886,0.5708213410327255,-0.006131251391847388,-0.003953247158187421,0.2832647462277092,322,0,0,"{""prob_floor"": 284, ""gate_close"": 281, ""take_profit"": 15, ""stop_loss"": 6}",0.1910150891632373
0.5,0.51,0.15,1,3600.0,0.004,,8,200,81,0.5723095444621503,0.047692462038512524,1.2901759872819327,0.28958213884835415,1.378898728963712,-0.0034130656334456816,0.0028615477223107506,0.3662551440329218,579,0,0,"{""prob_floor"": 377, ""gate_close"": 383, ""stop_loss"": 18, ""time_limit"": 1}",0.1910150891632373
0.5,0.51,0.15,1,3600.0,0.004,,10,265,72,-1.0801746225672404,-0.09001455188060337,-2.983623277958307,1.0976827006657497,0.5670732215774774,-0.006290905338946917,-0.004076130651197132,0.2829218106995885,322,0,0,"{""prob_floor"": 287, ""gate_close"": 288, ""stop_loss"": 11, ""time_limit"": 1}",0.1910150891632373
0.5,0.51,0.15,1,3600.0,0.004,0.0075,8,200,81,0.5723095444621503,0.047692462038512524,1.2901759872819327,0.28958213884835415,1.378898728963712,-0.0034130656334456816,0.0028615477223107506,0.3662551440329218,579,0,0,"{""prob_floor"": 365, ""gate_close"": 366, ""stop_loss"": 18, ""take_profit"": 29, ""time_limit"": 1}",0.1910150891632373
0.5,0.51,0.15,1,3600.0,0.004,0.0075,10,265,72,-1.0801746225672404,-0.09001455188060337,-2.983623277958307,1.0976827006657497,0.5670732215774774,-0.006290905338946917,-0.004076130651197132,0.2829218106995885,322,0,0,"{""prob_floor"": 281, ""gate_close"": 279, ""stop_loss"": 11, ""take_profit"": 15, ""time_limit"": 1}",0.1910150891632373
0.5,0.51,0.15,1,3600.0,0.005,,8,200,81,0.5723095444621503,0.047692462038512524,1.2901759872819327,0.28958213884835415,1.378898728963712,-0.0034130656334456816,0.0028615477223107506,0.3662551440329218,579,0,0,"{""prob_floor"": 379, ""gate_close"": 388, ""stop_loss"": 11, ""time_limit"": 1}",0.1910150891632373
0.5,0.51,0.15,1,3600.0,0.005,,10,264,72,-1.0436572497614791,-0.08697143748012326,-2.9380278702529834,1.0611653278599886,0.5708213410327255,-0.006131251391847388,-0.003953247158187421,0.2832647462277092,322,0,0,"{""prob_floor"": 289, ""gate_close"": 290, ""stop_loss"": 6, ""time_limit"": 1}",0.1910150891632373
0.5,0.51,0.15,1,3600.0,0.005,0.0075,8,200,81,0.5723095444621503,0.047692462038512524,1.2901759872819327,0.28958213884835415,1.378898728963712,-0.0034130656334456816,0.0028615477223107506,0.3662551440329218,579,0,0,"{""prob_floor"": 367, ""gate_close"": 371, ""stop_loss"": 11, ""take_profit"": 29, ""time_limit"": 1}",0.1910150891632373
0.5,0.51,0.15,1,3600.0,0.005,0.0075,10,264,72,-1.0436572497614791,-0.08697143748012326,-2.9380278702529834,1.0611653278599886,0.5708213410327255,-0.006131251391847388,-0.003953247158187421,0.2832647462277092,322,0,0,"{""prob_floor"": 283, ""gate_close"": 281, ""take_profit"": 15, ""stop_loss"": 6, ""time_limit"": 1}",0.1910150891632373
0.5,0.51,0.15,3,,0.004,,8,166,81,0.5292736143463395,0.04410613452886162,1.4192039299745653,0.17619864564608984,1.383440027330298,-0.0010927977694363804,0.003188395267146624,0.40912208504801095,469,0,0,"{""prob_floor"": 323, ""gate_close"": 292, ""stop_loss"": 20}",0.1910150891632373
0.5,0.51,0.15,3,,0.004,,10,208,85,-0.18320694337428617,-0.015267245281190514,-0.38244961696359736,0.5974492561764775,0.9122051267311799,-0.004447661253819174,-0.0008808026123763777,0.36488340192043894,278,0,0,"{""prob_floor"": 234, ""gate_close"": 242, ""stop_loss"": 10}",0.1910150891632373
0.5,0.51,0.15,3,,0.004,0.0075,8,166,81,0.5292736143463395,0.04410613452886162,1.4192039299745653,0.17619864564608984,1.383440027330298,-0.0010927977694363804,0.003188395267146624,0.40912208504801095,469,0,0,"{""prob_floor"": 315, ""gate_close"": 283, ""stop_loss"": 20, ""take_profit"": 17}",0.1910150891632373
0.5,0.51,0.15,3,,0.004,0.0075,10,208,85,-0.18320694337428617,-0.015267245281190514,-0.38244961696359736,0.5974492561764775,0.9122051267311799,-0.004447661253819174,-0.0008808026123763777,0.36488340192043894,278,0,0,"{""prob_floor"": 224, ""gate_close"": 224, ""stop_loss"": 10, ""take_profit"": 28}",0.1910150891632373
0.5,0.51,0.15,3,,0.005,,8,166,81,0.5292736143463395,0.04410613452886162,1.4192039299745653,0.17619864564608984,1.383440027330298,-0.0010927977694363804,0.003188395267146624,0.40912208504801095,469,0,0,"{""prob_floor"": 325, ""gate_close"": 296, ""stop_loss"": 14}",0.1910150891632373
0.5,0.51,0.15,3,,0.005,,10,208,85,-0.18320694337428617,-0.015267245281190514,-0.38244961696359736,0.5974492561764775,0.9122051267311799,-0.004447661253819174,-0.0008808026123763777,0.36488340192043894,278,0,0,"{""prob_floor"": 236, ""gate_close"": 244, ""stop_loss"": 6}",0.1910150891632373
0.5,0.51,0.15,3,,0.005,0.0075,8,166,81,0.5292736143463395,0.04410613452886162,1.4192039299745653,0.17619864564608984,1.383440027330298,-0.0010927977694363804,0.003188395267146624,0.40912208504801095,469,0,0,"{""prob_floor"": 317, ""gate_close"": 287, ""stop_loss"": 14, ""take_profit"": 17}",0.1910150891632373
0.5,0.51,0.15,3,,0.005,0.0075,10,208,85,-0.18320694337428617,-0.015267245281190514,-0.38244961696359736,0.5974492561764775,0.9122051267311799,-0.004447661253819174,-0.0008808026123763777,0.36488340192043894,278,0,0,"{""prob_floor"": 226, ""gate_close"": 226, ""take_profit"": 28, ""stop_loss"": 6}",0.1910150891632373
0.5,0.51,0.15,3,3600.0,0.004,,8,166,81,0.5292736143463395,0.04410613452886162,1.4192039299745653,0.17619864564608984,1.383440027330298,-0.0010927977694363804,0.003188395267146624,0.40912208504801095,469,0,0,"{""prob_floor"": 322, ""gate_close"": 292, ""stop_loss"": 20, ""time_limit"": 1}",0.1910150891632373
0.5,0.51,0.15,3,3600.0,0.004,,10,208,85,-0.18320694337428617,-0.015267245281190514,-0.38244961696359736,0.5974492561764775,0.9122051267311799,-0.004447661253819174,-0.0008808026123763777,0.36488340192043894,278,0,0,"{""prob_floor"": 233, ""gate_close"": 242, ""stop_loss"": 10, ""time_limit"": 1}",0.1910150891632373
0.5,0.51,0.15,3,3600.0,0.004,0.0075,8,166,81,0.5292736143463395,0.04410613452886162,1.4192039299745653,0.17619864564608984,1.383440027330298,-0.0010927977694363804,0.003188395267146624,0.40912208504801095,469,0,0,"{""prob_floor"": 314, ""gate_close"": 283, ""stop_loss"": 20, ""take_profit"": 17, ""time_limit"": 1}",0.1910150891632373
0.5,0.51,0.15,3,3600.0,0.004,0.0075,10,208,85,-0.18320694337428617,-0.015267245281190514,-0.38244961696359736,0.5974492561764775,0.9122051267311799,-0.004447661253819174,-0.0008808026123763777,0.36488340192043894,278,0,0,"{""prob_floor"": 223, ""gate_close"": 224, ""stop_loss"": 10, ""take_profit"": 28, ""time_limit"": 1}",0.1910150891632373
0.5,0.51,0.15,3,3600.0,0.005,,8,166,81,0.5292736143463395,0.04410613452886162,1.4192039299745653,0.17619864564608984,1.383440027330298,-0.0010927977694363804,0.003188395267146624,0.40912208504801095,469,0,0,"{""prob_floor"": 324, ""gate_close"": 296, ""stop_loss"": 14, ""time_limit"": 1}",0.1910150891632373
0.5,0.51,0.15,3,3600.0,0.005,,10,208,85,-0.18320694337428617,-0.015267245281190514,-0.38244961696359736,0.5974492561764775,0.9122051267311799,-0.004447661253819174,-0.0008808026123763777,0.36488340192043894,278,0,0,"{""prob_floor"": 235, ""gate_close"": 244, ""stop_loss"": 6, ""time_limit"": 1}",0.1910150891632373
0.5,0.51,0.15,3,3600.0,0.005,0.0075,8,166,81,0.5292736143463395,0.04410613452886162,1.4192039299745653,0.17619864564608984,1.383440027330298,-0.0010927977694363804,0.003188395267146624,0.40912208504801095,469,0,0,"{""prob_floor"": 316, ""gate_close"": 287, ""stop_loss"": 14, ""take_profit"": 17, ""time_limit"": 1}",0.1910150891632373
0.5,0.51,0.15,3,3600.0,0.005,0.0075,10,208,85,-0.18320694337428617,-0.015267245281190514,-0.38244961696359736,0.5974492561764775,0.9122051267311799,-0.004447661253819174,-0.0008808026123763777,0.36488340192043894,278,0,0,"{""prob_floor"": 225, ""gate_close"": 226, ""take_profit"": 28, ""stop_loss"": 6, ""time_limit"": 1}",0.1910150891632373
0.52,0.51,0.1,1,,0.004,,8,135,74,1.110887570296342,0.09257396419136184,2.6892941386908134,0.10881083728357627,2.374362033658301,0.001715938178222312,0.008228796817009942,0.29766803840877915,461,0,0,"{""prob_floor"": 237, ""gate_close"": 341, ""stop_loss"": 17, ""prob_trailing"": 1}",0.13991769547325103
0.52,0.51,0.1,1,,0.004,,10,182,63,-0.18089647153921146,-0.015074705961600954,-0.5445979899588549,0.3637866355833957,0.8788188342873582,-0.0037242881422833757,-0.0009939366568088544,0.22119341563786007,239,0,0,"{""prob_floor"": 161, ""gate_close"": 250, ""prob_trailing"": 2, ""stop_loss"": 8}",0.13991769547325103
0.52,0.51,0.1,1,,0.004,0.0075,8,135,74,1.110887570296342,0.09257396419136184,2.6892941386908134,0.10881083728357627,2.374362033658301,0.001715938178222312,0.008228796817009942,0.29766803840877915,461,0,0,"{""prob_floor"": 225, ""gate_close"": 324, ""stop_loss"": 17, ""take_profit"": 29, ""prob_trailing"": 1}",0.13991769547325103
0.52,0.51,0.1,1,,0.004,0.0075,10,182,63,-0.18089647153921146,-0.015074705961600954,-0.5445979899588549,0.3637866355833957,0.8788188342873582,-0.0037242881422833757,-0.0009939366568088544,0.22119341563786007,239,0,0,"{""prob_floor"": 155, ""gate_close"": 241, ""prob_trailing"": 2, ""take_profit"": 15, ""stop_loss"": 8}",0.13991769547325103
0.52,0.51,0.1,1,,0.005,,8,135,74,1.110887570296342,0.09257396419136184,2.6892941386908134,0.10881083728357627,2.374362033658301,0.001715938178222312,0.008228796817009942,0.29766803840877915,461,0,0,"{""prob_floor"": 239, ""gate_close"": 345, ""stop_loss"": 11, ""prob_trailing"": 1}",0.13991769547325103
0.52,0.51,0.1,1,,0.005,,10,182,63,-0.18089647153921146,-0.015074705961600954,-0.5445979899588549,0.3637866355833957,0.8788188342873582,-0.0037242881422833757,-0.0009939366568088544,0.22119341563786007,239,0,0,"{""prob_floor"": 163, ""gate_close"": 250, ""prob_trailing"": 2, ""stop_loss"": 6}",0.13991769547325103
0.52,0.51,0.1,1,,0.005,0.0075,8,135,74,1.110887570296342,0.09257396419136184,2.6892941386908134,0.10881083728357627,2.374362033658301,0.001715938178222312,0.008228796817009942,0.29766803840877915,461,0,0,"{""prob_floor"": 227, ""gate_close"": 328, ""stop_loss"": 11, ""take_profit"": 29, ""prob_trailing"": 1}",0.13991769547325103
0.52,0.51,0.1,1,,0.005,0.0075,10,182,63,-0.18089647153921146,-0.015074705961600954,-0.5445979899588549,0.3637866355833957,0.8788188342873582,-0.0037242881422833757,-0.0009939366568088544,0.22119341563786007,239,0,0,"{""prob_floor"": 157, ""gate_close"": 241, ""prob_trailing"": 2, ""take_profit"": 15, ""stop_loss"": 6}",0.13991769547325103
0.52,0.51,0.1,1,3600.0,0.004,,8,135,74,1.110887570296342,0.09257396419136184,2.6892941386908134,0.10881083728357627,2.374362033658301,0.001715938178222312,0.008228796817009942,0.29766803840877915,461,0,0,"{""prob_floor"": 236, ""gate_close"": 341, ""stop_loss"": 17, ""prob_trailing"": 1, ""time_limit"": 1}",0.13991769547325103
0.52,0.51,0.1,1,3600.0,0.004,,10,182,63,-0.18089647153921146,-0.015074705961600954,-0.5445979899588549,0.3637866355833957,0.8788188342873582,-0.0037242881422833757,-0.0009939366568088544,0.22119341563786007,239,0,0,"{""prob_floor"": 160, ""gate_close"": 250, ""prob_trailing"": 2, ""stop_loss"": 8, ""time_limit"": 1}",0.13991769547325103
0.52,0.51,0.1,1,3600.0,0.004,0.0075,8,135,74,1.110887570296342,0.09257396419136184,2.6892941386908134,0.10881083728357627,2.374362033658301,0.001715938178222312,0.008228796817009942,0.29766803840877915,461,0,0,"{""prob_floor"": 224, ""gate_close"": 324, ""stop_loss"": 17, ""take_profit"": 29, ""prob_trailing"": 1, ""time_limit"": 1}",0.13991769547325103
0.52,0.51,0.1,1,3600.0,0.004,0.0075,10,182,63,-0.18089647153921146,-0.015074705961600954,-0.5445979899588549,0.3637866355833957,0.8788188342873582,-0.0037242881422833757,-0.0009939366568088544,0.22119341563786007,239,0,0,"{""prob_floor"": 154, ""gate_close"": 241, ""prob_trailing"": 2, ""take_profit"": 15, ""stop_loss"": 8, ""time_limit"": 1}",0.13991769547325103
0.52,0.51,0.1,1,3600.0,0.005,,8,135,74,1.110887570296342,0.09257396419136184,2.6892941386908134,0.10881083728357627,2.374362033658301,0.001715938178222312,0.008228796817009942,0.29766803840877915,461,0,0,"{""prob_floor"": 238, ""gate_close"": 345, ""stop_loss"": 11, ""prob_trailing"": 1, ""time_limit"": 1}",0.13991769547325103
0.52,0.51,0.1,1,3600.0,0.005,,10,182,63,-0.18089647153921146,-0.015074705961600954,-0.5445979899588549,0.3637866355833957,0.8788188342873582,-0.0037242881422833757,-0.0009939366568088544,0.22119341563786007,239,0,0,"{""prob_floor"": 162, ""gate_close"": 250, ""prob_trailing"": 2, ""stop_loss"": 6, ""time_limit"": 1}",0.13991769547325103
0.52,0.51,0.1,1,3600.0,0.005,0.0075,8,135,74,1.110887570296342,0.09257396419136184,2.6892941386908134,0.10881083728357627,2.374362033658301,0.001715938178222312,0.008228796817009942,0.29766803840877915,461,0,0,"{""prob_floor"": 226, ""gate_close"": 328, ""stop_loss"": 11, ""take_profit"": 29, ""prob_trailing"": 1, ""time_limit"": 1}",0.13991769547325103
0.52,0.51,0.1,1,3600.0,0.005,0.0075,10,182,63,-0.18089647153921146,-0.015074705961600954,-0.5445979899588549,0.3637866355833957,0.8788188342873582,-0.0037242881422833757,-0.0009939366568088544,0.22119341563786007,239,0,0,"{""prob_floor"": 156, ""gate_close"": 241, ""prob_trailing"": 2, ""take_profit"": 15, ""stop_loss"": 6, ""time_limit"": 1}",0.13991769547325103
0.52,0.51,0.1,3,,0.004,,8,120,69,1.2340224182065378,0.10283520151721148,2.994486546622979,0.11025637272575489,2.6729647812704065,0.0031272900023819675,0.010283520151721152,0.3268175582990398,392,0,0,"{""prob_floor"": 214, ""gate_close"": 280, ""stop_loss"": 17, ""prob_trailing"": 1}",0.13991769547325103
0.52,0.51,0.1,3,,0.004,,10,152,69,0.3910763515146865,0.032589695959557206,0.8555194130703141,0.2271239365526742,1.286491690036541,-0.0016946551239629803,0.002572870733649253,0.28017832647462276,219,0,0,"{""prob_floor"": 149, ""gate_close"": 212, ""stop_loss"": 9, ""prob_trailing"": 1}",0.13991769547325103
0.52,0.51,0.1,3,,0.004,0.0075,8,120,69,1.2340224182065378,0.10283520151721148,2.994486546622979,0.11025637272575489,2.6729647812704065,0.0031272900023819675,0.010283520151721152,0.3268175582990398,392,0,0,"{""prob_floor"": 202, ""gate_close"": 263, ""stop_loss"": 17, ""take_profit"": 29, ""prob_trailing"": 1}",0.13991769547325103
0.52,0.51,0.1,3,,0.004,0.0075,10,152,69,0.3910763515146865,0.032589695959557206,0.8555194130703141,0.2271239365526742,1.286491690036541,-0.0016946551239629803,0.002572870733649253,0.28017832647462276,219,0,0,"{""prob_floor"": 137, ""gate_close"": 194, ""stop_loss"": 9, ""take_profit"": 30, ""prob_trailing"": 1}",0.13991769547325103
0.52,0.51,0.1,3,,0.005,,8,120,69,1.2340224182065378,0.10283520151721148,2.994486546622979,0.11025637272575489,2.6729647812704065,0.0031272900023819675,0.010283520151721152,0.3268175582990398,392,0,0,"{""prob_floor"": 216, ""gate_close"": 284, ""stop_loss"": 11, ""prob_trailing"": 1}",0.13991769547325103
0.52,0.51,0.1,3,,0.005,,10,152,69,0.3910763515146865,0.032589695959557206,0.8555194130703141,0.2271239365526742,1.286491690036541,-0.0016946551239629803,0.002572870733649253,0.28017832647462276,219,0,0,"{""prob_floor"": 151, ""gate_close"": 213, ""stop_loss"": 6, ""prob_trailing"": 1}",0.13991769547325103
0.52,0.51,0.1,3,,0.005,0.0075,8,120,69,1.2340224182065378,0.10283520151721148,2.994486546622979,0.11025637272575489,2.6729647812704065,0.0031272900023819675,0.010283520151721152,0.3268175582990398,392,0,0,"{""prob_floor"": 204, ""gate_close"": 267, ""stop_loss"": 11, ""take_profit"": 29, ""prob_trailing"": 1}",0.13991769547325103
0.52,0.51,0.1,3,,0.005,0.0075,10,152,69,0.3910763515146865,0.032589695959557206,0.8555194130703141,0.2271239365526742,1.286491690036541,-0.0016946551239629803,0.002572870733649253,0.28017832647462276,219,0,0,"{""prob_floor"": 139, ""gate_close"": 195, ""take_profit"": 30, ""stop_loss"": 6, ""prob_trailing"": 1}",0.13991769547325103
0.52,0.51,0.1,3,3600.0,0.004,,8,120,69,1.2340224182065378,0.10283520151721148,2.994486546622979,0.11025637272575489,2.6729647812704065,0.0031272900023819675,0.010283520151721152,0.3268175582990398,392,0,0,"{""prob_floor"": 213, ""gate_close"": 280, ""stop_loss"": 17, ""prob_trailing"": 1, ""time_limit"": 1}",0.13991769547325103
0.52,0.51,0.1,3,3600.0,0.004,,10,152,69,0.3910763515146865,0.032589695959557206,0.8555194130703141,0.2271239365526742,1.286491690036541,-0.0016946551239629803,0.002572870733649253,0.28017832647462276,219,0,0,"{""prob_floor"": 148, ""gate_close"": 212, ""stop_loss"": 9, ""prob_trailing"": 1, ""time_limit"": 1}",0.13991769547325103
0.52,0.51,0.1,3,3600.0,0.004,0.0075,8,120,69,1.2340224182065378,0.10283520151721148,2.994486546622979,0.11025637272575489,2.6729647812704065,0.0031272900023819675,0.010283520151721152,0.3268175582990398,392,0,0,"{""prob_floor"": 201, ""gate_close"": 263, ""stop_loss"": 17, ""take_profit"": 29, ""prob_trailing"": 1, ""time_limit"": 1}",0.13991769547325103
0.52,0.51,0.1,3,3600.0,0.004,0.0075,10,152,69,0.3910763515146865,0.032589695959557206,0.8555194130703141,0.2271239365526742,1.286491690036541,-0.0016946551239629803,0.002572870733649253,0.28017832647462276,219,0,0,"{""prob_floor"": 136, ""gate_close"": 194, ""stop_loss"": 9, ""take_profit"": 30, ""prob_trailing"": 1, ""time_limit"": 1}",0.13991769547325103
0.52,0.51,0.1,3,3600.0,0.005,,8,120,69,1.2340224182065378,0.10283520151721148,2.994486546622979,0.11025637272575489,2.6729647812704065,0.0031272900023819675,0.010283520151721152,0.3268175582990398,392,0,0,"{""prob_floor"": 215, ""gate_close"": 284, ""stop_loss"": 11, ""prob_trailing"": 1, ""time_limit"": 1}",0.13991769547325103
0.52,0.51,0.1,3,3600.0,0.005,,10,152,69,0.3910763515146865,0.032589695959557206,0.8555194130703141,0.2271239365526742,1.286491690036541,-0.0016946551239629803,0.002572870733649253,0.28017832647462276,219,0,0,"{""prob_floor"": 150, ""gate_close"": 213, ""stop_loss"": 6, ""prob_trailing"": 1, ""time_limit"": 1}",0.13991769547325103
0.52,0.51,0.1,3,3600.0,0.005,0.0075,8,120,69,1.2340224182065378,0.10283520151721148,2.994486546622979,0.11025637272575489,2.6729647812704065,0.0031272900023819675,0.010283520151721152,0.3268175582990398,392,0,0,"{""prob_floor"": 203, ""gate_close"": 267, ""stop_loss"": 11, ""take_profit"": 29, ""prob_trailing"": 1, ""time_limit"": 1}",0.13991769547325103
0.52,0.51,0.1,3,3600.0,0.005,0.0075,10,152,69,0.3910763515146865,0.032589695959557206,0.8555194130703141,0.2271239365526742,1.286491690036541,-0.0016946551239629803,0.002572870733649253,0.28017832647462276,219,0,0,"{""prob_floor"": 138, ""gate_close"": 195, ""take_profit"": 30, ""stop_loss"": 6, ""prob_trailing"": 1, ""time_limit"": 1}",0.13991769547325103
0.52,0.51,0.15,1,,0.004,,8,135,74,1.1169043259471105,0.09307536049559255,2.7004723274558007,0.10881083728357627,2.3818058117266876,0.001715938178222312,0.008273365377386006,0.2993827160493827,465,0,0,"{""prob_floor"": 241, ""gate_close"": 342, ""stop_loss"": 17}",0.13991769547325103
0.52,0.51,0.15,1,,0.004,,10,181,62,-0.19776013869417786,-0.016480011557848156,-0.5954054980142516,0.3637866355833957,0.8675219923609204,-0.0037451169368623045,-0.0010925974513490496,0.22393689986282578,245,0,0,"{""prob_floor"": 165, ""gate_close"": 253, ""stop_loss"": 8}",0.13991769547325103
0.52,0.51,0.15,1,,0.004,0.0075,8,135,74,1.1169043259471105,0.09307536049559255,2.7004723274558007,0.10881083728357627,2.3818058117266876,0.001715938178222312,0.008273365377386006,0.2993827160493827,465,0,0,"{""prob_floor"": 229, ""gate_close"": 325, ""stop_loss"": 17, ""take_profit"": 29}",0.13991769547325103
0.52,0.51,0.15,1,,0.004,0.0075,10,181,62,-0.19776013869417786,-0.016480011557848156,-0.5954054980142516,0.3637866355833957,0.8675219923609204,-0.0037451169368623045,-0.0010925974513490496,0.22393689986282578,245,0,0,"{""prob_floor"": 159, ""gate_close"": 244, ""take_profit"": 15, ""stop_loss"": 8}",0.13991769547325103
0.52,0.51,0.15,1,,0.005,,8,135,74,1.1169043259471105,0.09307536049559255,2.7004723274558007,0.10881083728357627,2.3818058117266876,0.001715938178222312,0.008273365377386006,0.2993827160493827,465,0,0,"{""prob_floor"": 243, ""gate_close"": 346, ""stop_loss"": 11}",0.13991769547325103
0.52,0.51,0.15,1,,0.005,,10,181,62,-0.19776013869417786,-0.016480011557848156,-0.5954054980142516,0.3637866355833957,0.8675219923609204,-0.0037451169368623045,-0.0010925974513490496,0.22393689986282578,245,0,0,"{""prob_floor"": 167, ""gate_close"": 253, ""stop_loss"": 6}",0.13991769547325103
0.52,0.51,0.15,1,,0.005,0.0075,8,135,74,1.1169043259471105,0.09307536049559255,2.7004723274558007,0.10881083728357627,2.3818058117266876,0.001715938178222312,0.008273365377386006,0.2993827160493827,465,0,0,"{""prob_floor"": 231, ""gate_close"": 329, ""stop_loss"": 11, ""take_profit"": 29}",0.13991769547325103
0.52,0.51,0.15,1,,0.005,0.0075,10,181,62,-0.19776013869417786,-0.016480011557848156,-0.5954054980142516,0.3637866355833957,0.8675219923609204,-0.0037451169368623045,-0.0010925974513490496,0.22393689986282578,245,0,0,"{""prob_floor"": 161, ""gate_close"": 244, ""take_profit"": 15, ""stop_loss"": 6}",0.13991769547325103
0.52,0.51,0.15,1,3600.0,0.004,,8,135,74,1.1169043259471105,0.09307536049559255,2.7004723274558007,0.10881083728357627,2.3818058117266876,0.001715938178222312,0.008273365377386006,0.2993827160493827,465,0,0,"{""prob_floor"": 240, ""gate_close"": 342, ""stop_loss"": 17, ""time_limit"": 1}",0.13991769547325103
0.52,0.51,0.15,1,3600.0,0.004,,10,181,62,-0.19776013869417786,-0.016480011557848156,-0.5954054980142516,0.3637866355833957,0.8675219923609204,-0.0037451169368623045,-0.0010925974513490496,0.22393689986282578,245,0,0,"{""prob_floor"": 164, ""gate_close"": 253, ""stop_loss"": 8, ""time_limit"": 1}",0.13991769547325103
0.52,0.51,0.15,1,3600.0,0.004,0.0075,8,135,74,1.1169043259471105,0.09307536049559255,2.7004723274558007,0.10881083728357627,2.3818058117266876,0.001715938178222312,0.008273365377386006,0.2993827160493827,465,0,0,"{""prob_floor"": 228, ""gate_close"": 325, ""stop_loss"": 17, ""take_profit"": 29, ""time_limit"": 1}",0.13991769547325103
0.52,0.51,0.15,1,3600.0,0.004,0.0075,10,181,62,-0.19776013869417786,-0.016480011557848156,-0.5954054980142516,0.3637866355833957,0.8675219923609204,-0.0037451169368623045,-0.0010925974513490496,0.22393689986282578,245,0,0,"{""prob_floor"": 158, ""gate_close"": 244, ""take_profit"": 15, ""stop_loss"": 8, ""time_limit"": 1}",0.13991769547325103
0.52,0.51,0.15,1,3600.0,0.005,,8,135,74,1.1169043259471105,0.09307536049559255,2.7004723274558007,0.10881083728357627,2.3818058117266876,0.001715938178222312,0.008273365377386006,0.2993827160493827,465,0,0,"{""prob_floor"": 242, ""gate_close"": 346, ""stop_loss"": 11, ""time_limit"": 1}",0.13991769547325103
0.52,0.51,0.15,1,3600.0,0.005,,10,181,62,-0.19776013869417786,-0.016480011557848156,-0.5954054980142516,0.3637866355833957,0.8675219923609204,-0.0037451169368623045,-0.0010925974513490496,0.22393689986282578,245,0,0,"{""prob_floor"": 166, ""gate_close"": 253, ""stop_loss"": 6, ""time_limit"": 1}",0.13991769547325103
0.52,0.51,0.15,1,3600.0,0.005,0.0075,8,135,74,1.1169043259471105,0.09307536049559255,2.7004723274558007,0.10881083728357627,2.3818058117266876,0.001715938178222312,0.008273365377386006,0.2993827160493827,465,0,0,"{""prob_floor"": 230, ""gate_close"": 329, ""stop_loss"": 11, ""take_profit"": 29, ""time_limit"": 1}",0.13991769547325103
0.52,0.51,0.15,1,3600.0,0.005,0.0075,10,181,62,-0.19776013869417786,-0.016480011557848156,-0.5954054980142516,0.3637866355833957,0.8675219923609204,-0.0037451169368623045,-0.0010925974513490496,0.22393689986282578,245,0,0,"{""prob_floor"": 160, ""gate_close"": 244, ""take_profit"": 15, ""stop_loss"": 6, ""time_limit"": 1}",0.13991769547325103
0.52,0.51,0.15,3,,0.004,,8,120,69,1.2400391738573062,0.10333659782144218,3.0055159028393037,0.11025637272575489,2.6811216997775063,0.0031272900023819675,0.010333659782144223,0.32853223593964337,396,0,0,"{""prob_floor"": 218, ""gate_close"": 281, ""stop_loss"": 17}",0.13991769547325103
0.52,0.51,0.15,3,,0.004,,10,152,69,0.397093107165455,0.03309109226378792,0.8676514181597311,0.2271239365526742,1.290899398373415,-0.0016946551239629803,0.002612454652404309,0.28189300411522633,223,0,0,"{""prob_floor"": 153, ""gate_close"": 213, ""stop_loss"": 9}",0.13991769547325103
0.52,0.51,0.15,3,,0.004,0.0075,8,120,69,1.2400391738573062,0.10333659782144218,3.0055159028393037,0.11025637272575489,2.6811216997775063,0.0031272900023819675,0.010333659782144223,0.32853223593964337,396,0,0,"{""prob_floor"": 206, ""gate_close"": 264, ""stop_loss"": 17, ""take_profit"": 29}",0.13991769547325103
0.52,0.51,0.15,3,,0.004,0.0075,10,152,69,0.397093107165455,0.03309109226378792,0.8676514181597311,0.2271239365526742,1.290899398373415,-0.0016946551239629803,0.002612454652404309,0.28189300411522633,223,0,0,"{""prob_floor"": 141, ""gate_close"": 195, ""stop_loss"": 9, ""take_profit"": 30}",0.13991769547325103
0.52,0.51,0.15,3,,0.005,,8,120,69,1.2400391738573062,0.10333659782144218,3.0055159028393037,0.11025637272575489,2.6811216997775063,0.0031272900023819675,0.010333659782144223,0.32853223593964337,396,0,0,"{""prob_floor"": 220, ""gate_close"": 285, ""stop_loss"": 11}",0.13991769547325103
0.52,0.51,0.15,3,,0.005,,10,152,69,0.397093107165455,0.03309109226378792,0.8676514181597311,0.2271239365526742,1.290899398373415,-0.0016946551239629803,0.002612454652404309,0.28189300411522633,223,0,0,"{""prob_floor"": 155, ""gate_close"": 214, ""stop_loss"": 6}",0.13991769547325103
0.52,0.51,0.15,3,,0.005,0.0075,8,120,69,1.2400391738573062,0.10333659782144218,3.0055159028393037,0.11025637272575489,2.6811216997775063,0.0031272900023819675,0.010333659782144223,0.32853223593964337,396,0,0,"{""prob_floor"": 208, ""gate_close"": 268, ""stop_loss"": 11, ""take_profit"": 29}",0.13991769547325103
0.52,0.51,0.15,3,,0.005,0.0075,10,152,69,0.397093107165455,0.03309109226378792,0.8676514181597311,0.2271239365526742,1.290899398373415,-0.0016946551239629803,0.002612454652404309,0.28189300411522633,223,0,0,"{""prob_floor"": 143, ""gate_close"": 196, ""take_profit"": 30, ""stop_loss"": 6}",0.13991769547325103
0.52,0.51,0.15,3,3600.0,0.004,,8,120,69,1.2400391738573062,0.10333659782144218,3.0055159028393037,0.11025637272575489,2.6811216997775063,0.0031272900023819675,0.010333659782144223,0.32853223593964337,396,0,0,"{""prob_floor"": 217, ""gate_close"": 281, ""stop_loss"": 17, ""time_limit"": 1}",0.13991769547325103
0.52,0.51,0.15,3,3600.0,0.004,,10,152,69,0.397093107165455,0.03309109226378792,0.8676514181597311,0.2271239365526742,1.290899398373415,-0.0016946551239629803,0.002612454652404309,0.28189300411522633,223,0,0,"{""prob_floor"": 152, ""gate_close"": 213, ""stop_loss"": 9, ""time_limit"": 1}",0.13991769547325103
0.52,0.51,0.15,3,3600.0,0.004,0.0075,8,120,69,1.2400391738573062,0.10333659782144218,3.0055159028393037,0.11025637272575489,2.6811216997775063,0.0031272900023819675,0.010333659782144223,0.32853223593964337,396,0,0,"{""prob_floor"": 205, ""gate_close"": 264, ""stop_loss"": 17, ""take_profit"": 29, ""time_limit"": 1}",0.13991769547325103
0.52,0.51,0.15,3,3600.0,0.004,0.0075,10,152,69,0.397093107165455,0.03309109226378792,0.8676514181597311,0.2271239365526742,1.290899398373415,-0.0016946551239629803,0.002612454652404309,0.28189300411522633,223,0,0,"{""prob_floor"": 140, ""gate_close"": 195, ""stop_loss"": 9, ""take_profit"": 30, ""time_limit"": 1}",0.13991769547325103
0.52,0.51,0.15,3,3600.0,0.005,,8,120,69,1.2400391738573062,0.10333659782144218,3.0055159028393037,0.11025637272575489,2.6811216997775063,0.0031272900023819675,0.010333659782144223,0.32853223593964337,396,0,0,"{""prob_floor"": 219, ""gate_close"": 285, ""stop_loss"": 11, ""time_limit"": 1}",0.13991769547325103
0.52,0.51,0.15,3,3600.0,0.005,,10,152,69,0.397093107165455,0.03309109226378792,0.8676514181597311,0.2271239365526742,1.290899398373415,-0.0016946551239629803,0.002612454652404309,0.28189300411522633,223,0,0,"{""prob_floor"": 154, ""gate_close"": 214, ""stop_loss"": 6, ""time_limit"": 1}",0.13991769547325103
0.52,0.51,0.15,3,3600.0,0.005,0.0075,8,120,69,1.2400391738573062,0.10333659782144218,3.0055159028393037,0.11025637272575489,2.6811216997775063,0.0031272900023819675,0.010333659782144223,0.32853223593964337,396,0,0,"{""prob_floor"": 207, ""gate_close"": 268, ""stop_loss"": 11, ""take_profit"": 29, ""time_limit"": 1}",0.13991769547325103
0.52,0.51,0.15,3,3600.0,0.005,0.0075,10,152,69,0.397093107165455,0.03309109226378792,0.8676514181597311,0.2271239365526742,1.290899398373415,-0.0016946551239629803,0.002612454652404309,0.28189300411522633,223,0,0,"{""prob_floor"": 142, ""gate_close"": 196, ""take_profit"": 30, ""stop_loss"": 6, ""time_limit"": 1}",0.13991769547325103
0.52,0.52,0.1,1,,0.004,,8,135,74,1.110887570296342,0.09257396419136184,2.6892941386908134,0.10881083728357627,2.374362033658301,0.001715938178222312,0.008228796817009942,0.29766803840877915,461,0,0,"{""prob_floor"": 237, ""gate_close"": 341, ""stop_loss"": 17, ""prob_trailing"": 1}",0.13991769547325103
0.52,0.52,0.1,1,,0.004,,10,182,63,-0.18089647153921146,-0.015074705961600954,-0.5445979899588549,0.3637866355833957,0.8788188342873582,-0.0037242881422833757,-0.0009939366568088544,0.22119341563786007,239,0,0,"{""prob_floor"": 161, ""gate_close"": 250, ""prob_trailing"": 2, ""stop_loss"": 8}",0.13991769547325103
0.52,0.52,0.1,1,,0.004,0.0075,8,135,74,1.110887570296342,0.09257396419136184,2.6892941386908134,0.10881083728357627,2.374362033658301,0.001715938178222312,0.008228796817009942,0.29766803840877915,461,0,0,"{""prob_floor"": 225, ""gate_close"": 324, ""stop_loss"": 17, ""take_profit"": 29, ""prob_trailing"": 1}",0.13991769547325103
0.52,0.52,0.1,1,,0.004,0.0075,10,182,63,-0.18089647153921146,-0.015074705961600954,-0.5445979899588549,0.3637866355833957,0.8788188342873582,-0.0037242881422833757,-0.0009939366568088544,0.22119341563786007,239,0,0,"{""prob_floor"": 155, ""gate_close"": 241, ""prob_trailing"": 2, ""take_profit"": 15, ""stop_loss"": 8}",0.13991769547325103
0.52,0.52,0.1,1,,0.005,,8,135,74,1.110887570296342,0.09257396419136184,2.6892941386908134,0.10881083728357627,2.374362033658301,0.001715938178222312,0.008228796817009942,0.29766803840877915,461,0,0,"{""prob_floor"": 239, ""gate_close"": 345, ""stop_loss"": 11, ""prob_trailing"": 1}",0.13991769547325103
0.52,0.52,0.1,1,,0.005,,10,182,63,-0.18089647153921146,-0.015074705961600954,-0.5445979899588549,0.3637866355833957,0.8788188342873582,-0.0037242881422833757,-0.0009939366568088544,0.22119341563786007,239,0,0,"{""prob_floor"": 163, ""gate_close"": 250, ""prob_trailing"": 2, ""stop_loss"": 6}",0.13991769547325103
0.52,0.52,0.1,1,,0.005,0.0075,8,135,74,1.110887570296342,0.09257396419136184,2.6892941386908134,0.10881083728357627,2.374362033658301,0.001715938178222312,0.008228796817009942,0.29766803840877915,461,0,0,"{""prob_floor"": 227, ""gate_close"": 328, ""stop_loss"": 11, ""take_profit"": 29, ""prob_trailing"": 1}",0.13991769547325103
0.52,0.52,0.1,1,,0.005,0.0075,10,182,63,-0.18089647153921146,-0.015074705961600954,-0.5445979899588549,0.3637866355833957,0.8788188342873582,-0.0037242881422833757,-0.0009939366568088544,0.22119341563786007,239,0,0,"{""prob_floor"": 157, ""gate_close"": 241, ""prob_trailing"": 2, ""take_profit"": 15, ""stop_loss"": 6}",0.13991769547325103
0.52,0.52,0.1,1,3600.0,0.004,,8,135,74,1.110887570296342,0.09257396419136184,2.6892941386908134,0.10881083728357627,2.374362033658301,0.001715938178222312,0.008228796817009942,0.29766803840877915,461,0,0,"{""prob_floor"": 236, ""gate_close"": 341, ""stop_loss"": 17, ""prob_trailing"": 1, ""time_limit"": 1}",0.13991769547325103
0.52,0.52,0.1,1,3600.0,0.004,,10,182,63,-0.18089647153921146,-0.015074705961600954,-0.5445979899588549,0.3637866355833957,0.8788188342873582,-0.0037242881422833757,-0.0009939366568088544,0.22119341563786007,239,0,0,"{""prob_floor"": 160, ""gate_close"": 250, ""prob_trailing"": 2, ""stop_loss"": 8, ""time_limit"": 1}",0.13991769547325103
0.52,0.52,0.1,1,3600.0,0.004,0.0075,8,135,74,1.110887570296342,0.09257396419136184,2.6892941386908134,0.10881083728357627,2.374362033658301,0.001715938178222312,0.008228796817009942,0.29766803840877915,461,0,0,"{""prob_floor"": 224, ""gate_close"": 324, ""stop_loss"": 17, ""take_profit"": 29, ""prob_trailing"": 1, ""time_limit"": 1}",0.13991769547325103
0.52,0.52,0.1,1,3600.0,0.004,0.0075,10,182,63,-0.18089647153921146,-0.015074705961600954,-0.5445979899588549,0.3637866355833957,0.8788188342873582,-0.0037242881422833757,-0.0009939366568088544,0.22119341563786007,239,0,0,"{""prob_floor"": 154, ""gate_close"": 241, ""prob_trailing"": 2, ""take_profit"": 15, ""stop_loss"": 8, ""time_limit"": 1}",0.13991769547325103
0.52,0.52,0.1,1,3600.0,0.005,,8,135,74,1.110887570296342,0.09257396419136184,2.6892941386908134,0.10881083728357627,2.374362033658301,0.001715938178222312,0.008228796817009942,0.29766803840877915,461,0,0,"{""prob_floor"": 238, ""gate_close"": 345, ""stop_loss"": 11, ""prob_trailing"": 1, ""time_limit"": 1}",0.13991769547325103
0.52,0.52,0.1,1,3600.0,0.005,,10,182,63,-0.18089647153921146,-0.015074705961600954,-0.5445979899588549,0.3637866355833957,0.8788188342873582,-0.0037242881422833757,-0.0009939366568088544,0.22119341563786007,239,0,0,"{""prob_floor"": 162, ""gate_close"": 250, ""prob_trailing"": 2, ""stop_loss"": 6, ""time_limit"": 1}",0.13991769547325103
0.52,0.52,0.1,1,3600.0,0.005,0.0075,8,135,74,1.110887570296342,0.09257396419136184,2.6892941386908134,0.10881083728357627,2.374362033658301,0.001715938178222312,0.008228796817009942,0.29766803840877915,461,0,0,"{""prob_floor"": 226, ""gate_close"": 328, ""stop_loss"": 11, ""take_profit"": 29, ""prob_trailing"": 1, ""time_limit"": 1}",0.13991769547325103
0.52,0.52,0.1,1,3600.0,0.005,0.0075,10,182,63,-0.18089647153921146,-0.015074705961600954,-0.5445979899588549,0.3637866355833957,0.8788188342873582,-0.0037242881422833757,-0.0009939366568088544,0.22119341563786007,239,0,0,"{""prob_floor"": 156, ""gate_close"": 241, ""prob_trailing"": 2, ""take_profit"": 15, ""stop_loss"": 6, ""time_limit"": 1}",0.13991769547325103
0.52,0.52,0.1,3,,0.004,,8,120,69,1.2340224182065378,0.10283520151721148,2.994486546622979,0.11025637272575489,2.6729647812704065,0.0031272900023819675,0.010283520151721152,0.3268175582990398,392,0,0,"{""prob_floor"": 214, ""gate_close"": 280, ""stop_loss"": 17, ""prob_trailing"": 1}",0.13991769547325103
0.52,0.52,0.1,3,,0.004,,10,152,69,0.3910763515146865,0.032589695959557206,0.8555194130703141,0.2271239365526742,1.286491690036541,-0.0016946551239629803,0.002572870733649253,0.28017832647462276,219,0,0,"{""prob_floor"": 149, ""gate_close"": 212, ""stop_loss"": 9, ""prob_trailing"": 1}",0.13991769547325103
0.52,0.52,0.1,3,,0.004,0.0075,8,120,69,1.2340224182065378,0.10283520151721148,2.994486546622979,0.11025637272575489,2.6729647812704065,0.0031272900023819675,0.010283520151721152,0.3268175582990398,392,0,0,"{""prob_floor"": 202, ""gate_close"": 263, ""stop_loss"": 17, ""take_profit"": 29, ""prob_trailing"": 1}",0.13991769547325103
0.52,0.52,0.1,3,,0.004,0.0075,10,152,69,0.3910763515146865,0.032589695959557206,0.8555194130703141,0.2271239365526742,1.286491690036541,-0.0016946551239629803,0.002572870733649253,0.28017832647462276,219,0,0,"{""prob_floor"": 137, ""gate_close"": 194, ""stop_loss"": 9, ""take_profit"": 30, ""prob_trailing"": 1}",0.13991769547325103
0.52,0.52,0.1,3,,0.005,,8,120,69,1.2340224182065378,0.10283520151721148,2.994486546622979,0.11025637272575489,2.6729647812704065,0.0031272900023819675,0.010283520151721152,0.3268175582990398,392,0,0,"{""prob_floor"": 216, ""gate_close"": 284, ""stop_loss"": 11, ""prob_trailing"": 1}",0.13991769547325103
0.52,0.52,0.1,3,,0.005,,10,152,69,0.3910763515146865,0.032589695959557206,0.8555194130703141,0.2271239365526742,1.286491690036541,-0.0016946551239629803,0.002572870733649253,0.28017832647462276,219,0,0,"{""prob_floor"": 151, ""gate_close"": 213, ""stop_loss"": 6, ""prob_trailing"": 1}",0.13991769547325103
0.52,0.52,0.1,3,,0.005,0.0075,8,120,69,1.2340224182065378,0.10283520151721148,2.994486546622979,0.11025637272575489,2.6729647812704065,0.0031272900023819675,0.010283520151721152,0.3268175582990398,392,0,0,"{""prob_floor"": 204, ""gate_close"": 267, ""stop_loss"": 11, ""take_profit"": 29, ""prob_trailing"": 1}",0.13991769547325103
0.52,0.52,0.1,3,,0.005,0.0075,10,152,69,0.3910763515146865,0.032589695959557206,0.8555194130703141,0.2271239365526742,1.286491690036541,-0.0016946551239629803,0.002572870733649253,0.28017832647462276,219,0,0,"{""prob_floor"": 139, ""gate_close"": 195, ""take_profit"": 30, ""stop_loss"": 6, ""prob_trailing"": 1}",0.13991769547325103
0.52,0.52,0.1,3,3600.0,0.004,,8,120,69,1.2340224182065378,0.10283520151721148,2.994486546622979,0.11025637272575489,2.6729647812704065,0.0031272900023819675,0.010283520151721152,0.3268175582990398,392,0,0,"{""prob_floor"": 213, ""gate_close"": 280, ""stop_loss"": 17, ""prob_trailing"": 1, ""time_limit"": 1}",0.13991769547325103
0.52,0.52,0.1,3,3600.0,0.004,,10,152,69,0.3910763515146865,0.032589695959557206,0.8555194130703141,0.2271239365526742,1.286491690036541,-0.0016946551239629803,0.002572870733649253,0.28017832647462276,219,0,0,"{""prob_floor"": 148, ""gate_close"": 212, ""stop_loss"": 9, ""prob_trailing"": 1, ""time_limit"": 1}",0.13991769547325103
0.52,0.52,0.1,3,3600.0,0.004,0.0075,8,120,69,1.2340224182065378,0.10283520151721148,2.994486546622979,0.11025637272575489,2.6729647812704065,0.0031272900023819675,0.010283520151721152,0.3268175582990398,392,0,0,"{""prob_floor"": 201, ""gate_close"": 263, ""stop_loss"": 17, ""take_profit"": 29, ""prob_trailing"": 1, ""time_limit"": 1}",0.13991769547325103
0.52,0.52,0.1,3,3600.0,0.004,0.0075,10,152,69,0.3910763515146865,0.032589695959557206,0.8555194130703141,0.2271239365526742,1.286491690036541,-0.0016946551239629803,0.002572870733649253,0.28017832647462276,219,0,0,"{""prob_floor"": 136, ""gate_close"": 194, ""stop_loss"": 9, ""take_profit"": 30, ""prob_trailing"": 1, ""time_limit"": 1}",0.13991769547325103
0.52,0.52,0.1,3,3600.0,0.005,,8,120,69,1.2340224182065378,0.10283520151721148,2.994486546622979,0.11025637272575489,2.6729647812704065,0.0031272900023819675,0.010283520151721152,0.3268175582990398,392,0,0,"{""prob_floor"": 215, ""gate_close"": 284, ""stop_loss"": 11, ""prob_trailing"": 1, ""time_limit"": 1}",0.13991769547325103
0.52,0.52,0.1,3,3600.0,0.005,,10,152,69,0.3910763515146865,0.032589695959557206,0.8555194130703141,0.2271239365526742,1.286491690036541,-0.0016946551239629803,0.002572870733649253,0.28017832647462276,219,0,0,"{""prob_floor"": 150, ""gate_close"": 213, ""stop_loss"": 6, ""prob_trailing"": 1, ""time_limit"": 1}",0.13991769547325103
0.52,0.52,0.1,3,3600.0,0.005,0.0075,8,120,69,1.2340224182065378,0.10283520151721148,2.994486546622979,0.11025637272575489,2.6729647812704065,0.0031272900023819675,0.010283520151721152,0.3268175582990398,392,0,0,"{""prob_floor"": 203, ""gate_close"": 267, ""stop_loss"": 11, ""take_profit"": 29, ""prob_trailing"": 1, ""time_limit"": 1}",0.13991769547325103
0.52,0.52,0.1,3,3600.0,0.005,0.0075,10,152,69,0.3910763515146865,0.032589695959557206,0.8555194130703141,0.2271239365526742,1.286491690036541,-0.0016946551239629803,0.002572870733649253,0.28017832647462276,219,0,0,"{""prob_floor"": 138, ""gate_close"": 195, ""take_profit"": 30, ""stop_loss"": 6, ""prob_trailing"": 1, ""time_limit"": 1}",0.13991769547325103
0.52,0.52,0.15,1,,0.004,,8,135,74,1.1169043259471105,0.09307536049559255,2.7004723274558007,0.10881083728357627,2.3818058117266876,0.001715938178222312,0.008273365377386006,0.2993827160493827,465,0,0,"{""prob_floor"": 241, ""gate_close"": 342, ""stop_loss"": 17}",0.13991769547325103
0.52,0.52,0.15,1,,0.004,,10,181,62,-0.19776013869417786,-0.016480011557848156,-0.5954054980142516,0.3637866355833957,0.8675219923609204,-0.0037451169368623045,-0.0010925974513490496,0.22393689986282578,245,0,0,"{""prob_floor"": 165, ""gate_close"": 253, ""stop_loss"": 8}",0.13991769547325103
0.52,0.52,0.15,1,,0.004,0.0075,8,135,74,1.1169043259471105,0.09307536049559255,2.7004723274558007,0.10881083728357627,2.3818058117266876,0.001715938178222312,0.008273365377386006,0.2993827160493827,465,0,0,"{""prob_floor"": 229, ""gate_close"": 325, ""stop_loss"": 17, ""take_profit"": 29}",0.13991769547325103
0.52,0.52,0.15,1,,0.004,0.0075,10,181,62,-0.19776013869417786,-0.016480011557848156,-0.5954054980142516,0.3637866355833957,0.8675219923609204,-0.0037451169368623045,-0.0010925974513490496,0.22393689986282578,245,0,0,"{""prob_floor"": 159, ""gate_close"": 244, ""take_profit"": 15, ""stop_loss"": 8}",0.13991769547325103
0.52,0.52,0.15,1,,0.005,,8,135,74,1.1169043259471105,0.09307536049559255,2.7004723274558007,0.10881083728357627,2.3818058117266876,0.001715938178222312,0.008273365377386006,0.2993827160493827,465,0,0,"{""prob_floor"": 243, ""gate_close"": 346, ""stop_loss"": 11}",0.13991769547325103
0.52,0.52,0.15,1,,0.005,,10,181,62,-0.19776013869417786,-0.016480011557848156,-0.5954054980142516,0.3637866355833957,0.8675219923609204,-0.0037451169368623045,-0.0010925974513490496,0.22393689986282578,245,0,0,"{""prob_floor"": 167, ""gate_close"": 253, ""stop_loss"": 6}",0.13991769547325103
0.52,0.52,0.15,1,,0.005,0.0075,8,135,74,1.1169043259471105,0.09307536049559255,2.7004723274558007,0.10881083728357627,2.3818058117266876,0.001715938178222312,0.008273365377386006,0.2993827160493827,465,0,0,"{""prob_floor"": 231, ""gate_close"": 329, ""stop_loss"": 11, ""take_profit"": 29}",0.13991769547325103
0.52,0.52,0.15,1,,0.005,0.0075,10,181,62,-0.19776013869417786,-0.016480011557848156,-0.5954054980142516,0.3637866355833957,0.8675219923609204,-0.0037451169368623045,-0.0010925974513490496,0.22393689986282578,245,0,0,"{""prob_floor"": 161, ""gate_close"": 244, ""take_profit"": 15, ""stop_loss"": 6}",0.13991769547325103
0.52,0.52,0.15,1,3600.0,0.004,,8,135,74,1.1169043259471105,0.09307536049559255,2.7004723274558007,0.10881083728357627,2.3818058117266876,0.001715938178222312,0.008273365377386006,0.2993827160493827,465,0,0,"{""prob_floor"": 240, ""gate_close"": 342, ""stop_loss"": 17, ""time_limit"": 1}",0.13991769547325103
0.52,0.52,0.15,1,3600.0,0.004,,10,181,62,-0.19776013869417786,-0.016480011557848156,-0.5954054980142516,0.3637866355833957,0.8675219923609204,-0.0037451169368623045,-0.0010925974513490496,0.22393689986282578,245,0,0,"{""prob_floor"": 164, ""gate_close"": 253, ""stop_loss"": 8, ""time_limit"": 1}",0.13991769547325103
0.52,0.52,0.15,1,3600.0,0.004,0.0075,8,135,74,1.1169043259471105,0.09307536049559255,2.7004723274558007,0.10881083728357627,2.3818058117266876,0.001715938178222312,0.008273365377386006,0.2993827160493827,465,0,0,"{""prob_floor"": 228, ""gate_close"": 325, ""stop_loss"": 17, ""take_profit"": 29, ""time_limit"": 1}",0.13991769547325103
0.52,0.52,0.15,1,3600.0,0.004,0.0075,10,181,62,-0.19776013869417786,-0.016480011557848156,-0.5954054980142516,0.3637866355833957,0.8675219923609204,-0.0037451169368623045,-0.0010925974513490496,0.22393689986282578,245,0,0,"{""prob_floor"": 158, ""gate_close"": 244, ""take_profit"": 15, ""stop_loss"": 8, ""time_limit"": 1}",0.13991769547325103
0.52,0.52,0.15,1,3600.0,0.005,,8,135,74,1.1169043259471105,0.09307536049559255,2.7004723274558007,0.10881083728357627,2.3818058117266876,0.001715938178222312,0.008273365377386006,0.2993827160493827,465,0,0,"{""prob_floor"": 242, ""gate_close"": 346, ""stop_loss"": 11, ""time_limit"": 1}",0.13991769547325103
0.52,0.52,0.15,1,3600.0,0.005,,10,181,62,-0.19776013869417786,-0.016480011557848156,-0.5954054980142516,0.3637866355833957,0.8675219923609204,-0.0037451169368623045,-0.0010925974513490496,0.22393689986282578,245,0,0,"{""prob_floor"": 166, ""gate_close"": 253, ""stop_loss"": 6, ""time_limit"": 1}",0.13991769547325103
0.52,0.52,0.15,1,3600.0,0.005,0.0075,8,135,74,1.1169043259471105,0.09307536049559255,2.7004723274558007,0.10881083728357627,2.3818058117266876,0.001715938178222312,0.008273365377386006,0.2993827160493827,465,0,0,"{""prob_floor"": 230, ""gate_close"": 329, ""stop_loss"": 11, ""take_profit"": 29, ""time_limit"": 1}",0.13991769547325103
0.52,0.52,0.15,1,3600.0,0.005,0.0075,10,181,62,-0.19776013869417786,-0.016480011557848156,-0.5954054980142516,0.3637866355833957,0.8675219923609204,-0.0037451169368623045,-0.0010925974513490496,0.22393689986282578,245,0,0,"{""prob_floor"": 160, ""gate_close"": 244, ""take_profit"": 15, ""stop_loss"": 6, ""time_limit"": 1}",0.13991769547325103
0.52,0.52,0.15,3,,0.004,,8,120,69,1.2400391738573062,0.10333659782144218,3.0055159028393037,0.11025637272575489,2.6811216997775063,0.0031272900023819675,0.010333659782144223,0.32853223593964337,396,0,0,"{""prob_floor"": 218, ""gate_close"": 281, ""stop_loss"": 17}",0.13991769547325103
0.52,0.52,0.15,3,,0.004,,10,152,69,0.397093107165455,0.03309109226378792,0.8676514181597311,0.2271239365526742,1.290899398373415,-0.0016946551239629803,0.002612454652404309,0.28189300411522633,223,0,0,"{""prob_floor"": 153, ""gate_close"": 213, ""stop_loss"": 9}",0.13991769547325103
0.52,0.52,0.15,3,,0.004,0.0075,8,120,69,1.2400391738573062,0.10333659782144218,3.0055159028393037,0.11025637272575489,2.6811216997775063,0.0031272900023819675,0.010333659782144223,0.32853223593964337,396,0,0,"{""prob_floor"": 206, ""gate_close"": 264, ""stop_loss"": 17, ""take_profit"": 29}",0.13991769547325103
0.52,0.52,0.15,3,,0.004,0.0075,10,152,69,0.397093107165455,0.03309109226378792,0.8676514181597311,0.2271239365526742,1.290899398373415,-0.0016946551239629803,0.002612454652404309,0.28189300411522633,223,0,0,"{""prob_floor"": 141, ""gate_close"": 195, ""stop_loss"": 9, ""take_profit"": 30}",0.13991769547325103
0.52,0.52,0.15,3,,0.005,,8,120,69,1.2400391738573062,0.10333659782144218,3.0055159028393037,0.11025637272575489,2.6811216997775063,0.0031272900023819675,0.010333659782144223,0.32853223593964337,396,0,0,"{""prob_floor"": 220, ""gate_close"": 285, ""stop_loss"": 11}",0.13991769547325103
0.52,0.52,0.15,3,,0.005,,10,152,69,0.397093107165455,0.03309109226378792,0.8676514181597311,0.2271239365526742,1.290899398373415,-0.0016946551239629803,0.002612454652404309,0.28189300411522633,223,0,0,"{""prob_floor"": 155, ""gate_close"": 214, ""stop_loss"": 6}",0.13991769547325103
0.52,0.52,0.15,3,,0.005,0.0075,8,120,69,1.2400391738573062,0.10333659782144218,3.0055159028393037,0.11025637272575489,2.6811216997775063,0.0031272900023819675,0.010333659782144223,0.32853223593964337,396,0,0,"{""prob_floor"": 208, ""gate_close"": 268, ""stop_loss"": 11, ""take_profit"": 29}",0.13991769547325103
0.52,0.52,0.15,3,,0.005,0.0075,10,152,69,0.397093107165455,0.03309109226378792,0.8676514181597311,0.2271239365526742,1.290899398373415,-0.0016946551239629803,0.002612454652404309,0.28189300411522633,223,0,0,"{""prob_floor"": 143, ""gate_close"": 196, ""take_profit"": 30, ""stop_loss"": 6}",0.13991769547325103
0.52,0.52,0.15,3,3600.0,0.004,,8,120,69,1.2400391738573062,0.10333659782144218,3.0055159028393037,0.11025637272575489,2.6811216997775063,0.0031272900023819675,0.010333659782144223,0.32853223593964337,396,0,0,"{""prob_floor"": 217, ""gate_close"": 281, ""stop_loss"": 17, ""time_limit"": 1}",0.13991769547325103
0.52,0.52,0.15,3,3600.0,0.004,,10,152,69,0.397093107165455,0.03309109226378792,0.8676514181597311,0.2271239365526742,1.290899398373415,-0.0016946551239629803,0.002612454652404309,0.28189300411522633,223,0,0,"{""prob_floor"": 152, ""gate_close"": 213, ""stop_loss"": 9, ""time_limit"": 1}",0.13991769547325103
0.52,0.52,0.15,3,3600.0,0.004,0.0075,8,120,69,1.2400391738573062,0.10333659782144218,3.0055159028393037,0.11025637272575489,2.6811216997775063,0.0031272900023819675,0.010333659782144223,0.32853223593964337,396,0,0,"{""prob_floor"": 205, ""gate_close"": 264, ""stop_loss"": 17, ""take_profit"": 29, ""time_limit"": 1}",0.13991769547325103
0.52,0.52,0.15,3,3600.0,0.004,0.0075,10,152,69,0.397093107165455,0.03309109226378792,0.8676514181597311,0.2271239365526742,1.290899398373415,-0.0016946551239629803,0.002612454652404309,0.28189300411522633,223,0,0,"{""prob_floor"": 140, ""gate_close"": 195, ""stop_loss"": 9, ""take_profit"": 30, ""time_limit"": 1}",0.13991769547325103
0.52,0.52,0.15,3,3600.0,0.005,,8,120,69,1.2400391738573062,0.10333659782144218,3.0055159028393037,0.11025637272575489,2.6811216997775063,0.0031272900023819675,0.010333659782144223,0.32853223593964337,396,0,0,"{""prob_floor"": 219, ""gate_close"": 285, ""stop_loss"": 11, ""time_limit"": 1}",0.13991769547325103
0.52,0.52,0.15,3,3600.0,0.005,,10,152,69,0.397093107165455,0.03309109226378792,0.8676514181597311,0.2271239365526742,1.290899398373415,-0.0016946551239629803,0.002612454652404309,0.28189300411522633,223,0,0,"{""prob_floor"": 154, ""gate_close"": 214, ""stop_loss"": 6, ""time_limit"": 1}",0.13991769547325103
0.52,0.52,0.15,3,3600.0,0.005,0.0075,8,120,69,1.2400391738573062,0.10333659782144218,3.0055159028393037,0.11025637272575489,2.6811216997775063,0.0031272900023819675,0.010333659782144223,0.32853223593964337,396,0,0,"{""prob_floor"": 207, ""gate_close"": 268, ""stop_loss"": 11, ""take_profit"": 29, ""time_limit"": 1}",0.13991769547325103
0.52,0.52,0.15,3,3600.0,0.005,0.0075,10,152,69,0.397093107165455,0.03309109226378792,0.8676514181597311,0.2271239365526742,1.290899398373415,-0.0016946551239629803,0.002612454652404309,0.28189300411522633,223,0,0,"{""prob_floor"": 142, ""gate_close"": 196, ""take_profit"": 30, ""stop_loss"": 6, ""time_limit"": 1}",0.13991769547325103
0.52,0.53,0.1,1,,0.004,,8,135,74,1.110887570296342,0.09257396419136184,2.6892941386908134,0.10881083728357627,2.374362033658301,0.001715938178222312,0.008228796817009942,0.29766803840877915,461,0,0,"{""prob_floor"": 237, ""gate_close"": 341, ""stop_loss"": 17, ""prob_trailing"": 1}",0.13991769547325103
0.52,0.53,0.1,1,,0.004,,10,182,63,-0.18089647153921146,-0.015074705961600954,-0.5445979899588549,0.3637866355833957,0.8788188342873582,-0.0037242881422833757,-0.0009939366568088544,0.22119341563786007,239,0,0,"{""prob_floor"": 161, ""gate_close"": 250, ""prob_trailing"": 2, ""stop_loss"": 8}",0.13991769547325103
0.52,0.53,0.1,1,,0.004,0.0075,8,135,74,1.110887570296342,0.09257396419136184,2.6892941386908134,0.10881083728357627,2.374362033658301,0.001715938178222312,0.008228796817009942,0.29766803840877915,461,0,0,"{""prob_floor"": 225, ""gate_close"": 324, ""stop_loss"": 17, ""take_profit"": 29, ""prob_trailing"": 1}",0.13991769547325103
0.52,0.53,0.1,1,,0.004,0.0075,10,182,63,-0.18089647153921146,-0.015074705961600954,-0.5445979899588549,0.3637866355833957,0.8788188342873582,-0.0037242881422833757,-0.0009939366568088544,0.22119341563786007,239,0,0,"{""prob_floor"": 155, ""gate_close"": 241, ""prob_trailing"": 2, ""take_profit"": 15, ""stop_loss"": 8}",0.13991769547325103
0.52,0.53,0.1,1,,0.005,,8,135,74,1.110887570296342,0.09257396419136184,2.6892941386908134,0.10881083728357627,2.374362033658301,0.001715938178222312,0.008228796817009942,0.29766803840877915,461,0,0,"{""prob_floor"": 239, ""gate_close"": 345, ""stop_loss"": 11, ""prob_trailing"": 1}",0.13991769547325103
0.52,0.53,0.1,1,,0.005,,10,182,63,-0.18089647153921146,-0.015074705961600954,-0.5445979899588549,0.3637866355833957,0.8788188342873582,-0.0037242881422833757,-0.0009939366568088544,0.22119341563786007,239,0,0,"{""prob_floor"": 163, ""gate_close"": 250, ""prob_trailing"": 2, ""stop_loss"": 6}",0.13991769547325103
0.52,0.53,0.1,1,,0.005,0.0075,8,135,74,1.110887570296342,0.09257396419136184,2.6892941386908134,0.10881083728357627,2.374362033658301,0.001715938178222312,0.008228796817009942,0.29766803840877915,461,0,0,"{""prob_floor"": 227, ""gate_close"": 328, ""stop_loss"": 11, ""take_profit"": 29, ""prob_trailing"": 1}",0.13991769547325103
0.52,0.53,0.1,1,,0.005,0.0075,10,182,63,-0.18089647153921146,-0.015074705961600954,-0.5445979899588549,0.3637866355833957,0.8788188342873582,-0.0037242881422833757,-0.0009939366568088544,0.22119341563786007,239,0,0,"{""prob_floor"": 157, ""gate_close"": 241, ""prob_trailing"": 2, ""take_profit"": 15, ""stop_loss"": 6}",0.13991769547325103
0.52,0.53,0.1,1,3600.0,0.004,,8,135,74,1.110887570296342,0.09257396419136184,2.6892941386908134,0.10881083728357627,2.374362033658301,0.001715938178222312,0.008228796817009942,0.29766803840877915,461,0,0,"{""prob_floor"": 236, ""gate_close"": 341, ""stop_loss"": 17, ""prob_trailing"": 1, ""time_limit"": 1}",0.13991769547325103
0.52,0.53,0.1,1,3600.0,0.004,,10,182,63,-0.18089647153921146,-0.015074705961600954,-0.5445979899588549,0.3637866355833957,0.8788188342873582,-0.0037242881422833757,-0.0009939366568088544,0.22119341563786007,239,0,0,"{""prob_floor"": 160, ""gate_close"": 250, ""prob_trailing"": 2, ""stop_loss"": 8, ""time_limit"": 1}",0.13991769547325103
0.52,0.53,0.1,1,3600.0,0.004,0.0075,8,135,74,1.110887570296342,0.09257396419136184,2.6892941386908134,0.10881083728357627,2.374362033658301,0.001715938178222312,0.008228796817009942,0.29766803840877915,461,0,0,"{""prob_floor"": 224, ""gate_close"": 324, ""stop_loss"": 17, ""take_profit"": 29, ""prob_trailing"": 1, ""time_limit"": 1}",0.13991769547325103
0.52,0.53,0.1,1,3600.0,0.004,0.0075,10,182,63,-0.18089647153921146,-0.015074705961600954,-0.5445979899588549,0.3637866355833957,0.8788188342873582,-0.0037242881422833757,-0.0009939366568088544,0.22119341563786007,239,0,0,"{""prob_floor"": 154, ""gate_close"": 241, ""prob_trailing"": 2, ""take_profit"": 15, ""stop_loss"": 8, ""time_limit"": 1}",0.13991769547325103
0.52,0.53,0.1,1,3600.0,0.005,,8,135,74,1.110887570296342,0.09257396419136184,2.6892941386908134,0.10881083728357627,2.374362033658301,0.001715938178222312,0.008228796817009942,0.29766803840877915,461,0,0,"{""prob_floor"": 238, ""gate_close"": 345, ""stop_loss"": 11, ""prob_trailing"": 1, ""time_limit"": 1}",0.13991769547325103
0.52,0.53,0.1,1,3600.0,0.005,,10,182,63,-0.18089647153921146,-0.015074705961600954,-0.5445979899588549,0.3637866355833957,0.8788188342873582,-0.0037242881422833757,-0.0009939366568088544,0.22119341563786007,239,0,0,"{""prob_floor"": 162, ""gate_close"": 250, ""prob_trailing"": 2, ""stop_loss"": 6, ""time_limit"": 1}",0.13991769547325103
0.52,0.53,0.1,1,3600.0,0.005,0.0075,8,135,74,1.110887570296342,0.09257396419136184,2.6892941386908134,0.10881083728357627,2.374362033658301,0.001715938178222312,0.008228796817009942,0.29766803840877915,461,0,0,"{""prob_floor"": 226, ""gate_close"": 328, ""stop_loss"": 11, ""take_profit"": 29, ""prob_trailing"": 1, ""time_limit"": 1}",0.13991769547325103
0.52,0.53,0.1,1,3600.0,0.005,0.0075,10,182,63,-0.18089647153921146,-0.015074705961600954,-0.5445979899588549,0.3637866355833957,0.8788188342873582,-0.0037242881422833757,-0.0009939366568088544,0.22119341563786007,239,0,0,"{""prob_floor"": 156, ""gate_close"": 241, ""prob_trailing"": 2, ""take_profit"": 15, ""stop_loss"": 6, ""time_limit"": 1}",0.13991769547325103
0.52,0.53,0.1,3,,0.004,,8,120,69,1.2340224182065378,0.10283520151721148,2.994486546622979,0.11025637272575489,2.6729647812704065,0.0031272900023819675,0.010283520151721152,0.3268175582990398,392,0,0,"{""prob_floor"": 214, ""gate_close"": 280, ""stop_loss"": 17, ""prob_trailing"": 1}",0.13991769547325103
0.52,0.53,0.1,3,,0.004,,10,152,69,0.3910763515146865,0.032589695959557206,0.8555194130703141,0.2271239365526742,1.286491690036541,-0.0016946551239629803,0.002572870733649253,0.28017832647462276,219,0,0,"{""prob_floor"": 149, ""gate_close"": 212, ""stop_loss"": 9, ""prob_trailing"": 1}",0.13991769547325103
0.52,0.53,0.1,3,,0.004,0.0075,8,120,69,1.2340224182065378,0.10283520151721148,2.994486546622979,0.11025637272575489,2.6729647812704065,0.0031272900023819675,0.010283520151721152,0.3268175582990398,392,0,0,"{""prob_floor"": 202, ""gate_close"": 263, ""stop_loss"": 17, ""take_profit"": 29, ""prob_trailing"": 1}",0.13991769547325103
0.52,0.53,0.1,3,,0.004,0.0075,10,152,69,0.3910763515146865,0.032589695959557206,0.8555194130703141,0.2271239365526742,1.286491690036541,-0.0016946551239629803,0.002572870733649253,0.28017832647462276,219,0,0,"{""prob_floor"": 137, ""gate_close"": 194, ""stop_loss"": 9, ""take_profit"": 30, ""prob_trailing"": 1}",0.13991769547325103
0.52,0.53,0.1,3,,0.005,,8,120,69,1.2340224182065378,0.10283520151721148,2.994486546622979,0.11025637272575489,2.6729647812704065,0.0031272900023819675,0.010283520151721152,0.3268175582990398,392,0,0,"{""prob_floor"": 216, ""gate_close"": 284, ""stop_loss"": 11, ""prob_trailing"": 1}",0.13991769547325103
0.52,0.53,0.1,3,,0.005,,10,152,69,0.3910763515146865,0.032589695959557206,0.8555194130703141,0.2271239365526742,1.286491690036541,-0.0016946551239629803,0.002572870733649253,0.28017832647462276,219,0,0,"{""prob_floor"": 151, ""gate_close"": 213, ""stop_loss"": 6, ""prob_trailing"": 1}",0.13991769547325103
0.52,0.53,0.1,3,,0.005,0.0075,8,120,69,1.2340224182065378,0.10283520151721148,2.994486546622979,0.11025637272575489,2.6729647812704065,0.0031272900023819675,0.010283520151721152,0.3268175582990398,392,0,0,"{""prob_floor"": 204, ""gate_close"": 267, ""stop_loss"": 11, ""take_profit"": 29, ""prob_trailing"": 1}",0.13991769547325103
0.52,0.53,0.1,3,,0.005,0.0075,10,152,69,0.3910763515146865,0.032589695959557206,0.8555194130703141,0.2271239365526742,1.286491690036541,-0.0016946551239629803,0.002572870733649253,0.28017832647462276,219,0,0,"{""prob_floor"": 139, ""gate_close"": 195, ""take_profit"": 30, ""stop_loss"": 6, ""prob_trailing"": 1}",0.13991769547325103
0.52,0.53,0.1,3,3600.0,0.004,,8,120,69,1.2340224182065378,0.10283520151721148,2.994486546622979,0.11025637272575489,2.6729647812704065,0.0031272900023819675,0.010283520151721152,0.3268175582990398,392,0,0,"{""prob_floor"": 213, ""gate_close"": 280, ""stop_loss"": 17, ""prob_trailing"": 1, ""time_limit"": 1}",0.13991769547325103
0.52,0.53,0.1,3,3600.0,0.004,,10,152,69,0.3910763515146865,0.032589695959557206,0.8555194130703141,0.2271239365526742,1.286491690036541,-0.0016946551239629803,0.002572870733649253,0.28017832647462276,219,0,0,"{""prob_floor"": 148, ""gate_close"": 212, ""stop_loss"": 9, ""prob_trailing"": 1, ""time_limit"": 1}",0.13991769547325103
0.52,0.53,0.1,3,3600.0,0.004,0.0075,8,120,69,1.2340224182065378,0.10283520151721148,2.994486546622979,0.11025637272575489,2.6729647812704065,0.0031272900023819675,0.010283520151721152,0.3268175582990398,392,0,0,"{""prob_floor"": 201, ""gate_close"": 263, ""stop_loss"": 17, ""take_profit"": 29, ""prob_trailing"": 1, ""time_limit"": 1}",0.13991769547325103
0.52,0.53,0.1,3,3600.0,0.004,0.0075,10,152,69,0.3910763515146865,0.032589695959557206,0.8555194130703141,0.2271239365526742,1.286491690036541,-0.0016946551239629803,0.002572870733649253,0.28017832647462276,219,0,0,"{""prob_floor"": 136, ""gate_close"": 194, ""stop_loss"": 9, ""take_profit"": 30, ""prob_trailing"": 1, ""time_limit"": 1}",0.13991769547325103
0.52,0.53,0.1,3,3600.0,0.005,,8,120,69,1.2340224182065378,0.10283520151721148,2.994486546622979,0.11025637272575489,2.6729647812704065,0.0031272900023819675,0.010283520151721152,0.3268175582990398,392,0,0,"{""prob_floor"": 215, ""gate_close"": 284, ""stop_loss"": 11, ""prob_trailing"": 1, ""time_limit"": 1}",0.13991769547325103
0.52,0.53,0.1,3,3600.0,0.005,,10,152,69,0.3910763515146865,0.032589695959557206,0.8555194130703141,0.2271239365526742,1.286491690036541,-0.0016946551239629803,0.002572870733649253,0.28017832647462276,219,0,0,"{""prob_floor"": 150, ""gate_close"": 213, ""stop_loss"": 6, ""prob_trailing"": 1, ""time_limit"": 1}",0.13991769547325103
0.52,0.53,0.1,3,3600.0,0.005,0.0075,8,120,69,1.2340224182065378,0.10283520151721148,2.994486546622979,0.11025637272575489,2.6729647812704065,0.0031272900023819675,0.010283520151721152,0.3268175582990398,392,0,0,"{""prob_floor"": 203, ""gate_close"": 267, ""stop_loss"": 11, ""take_profit"": 29, ""prob_trailing"": 1, ""time_limit"": 1}",0.13991769547325103
0.52,0.53,0.1,3,3600.0,0.005,0.0075,10,152,69,0.3910763515146865,0.032589695959557206,0.8555194130703141,0.2271239365526742,1.286491690036541,-0.0016946551239629803,0.002572870733649253,0.28017832647462276,219,0,0,"{""prob_floor"": 138, ""gate_close"": 195, ""take_profit"": 30, ""stop_loss"": 6, ""prob_trailing"": 1, ""time_limit"": 1}",0.13991769547325103
0.52,0.53,0.15,1,,0.004,,8,135,74,1.1169043259471105,0.09307536049559255,2.7004723274558007,0.10881083728357627,2.3818058117266876,0.001715938178222312,0.008273365377386006,0.2993827160493827,465,0,0,"{""prob_floor"": 241, ""gate_close"": 342, ""stop_loss"": 17}",0.13991769547325103
0.52,0.53,0.15,1,,0.004,,10,181,62,-0.19776013869417786,-0.016480011557848156,-0.5954054980142516,0.3637866355833957,0.8675219923609204,-0.0037451169368623045,-0.0010925974513490496,0.22393689986282578,245,0,0,"{""prob_floor"": 165, ""gate_close"": 253, ""stop_loss"": 8}",0.13991769547325103
0.52,0.53,0.15,1,,0.004,0.0075,8,135,74,1.1169043259471105,0.09307536049559255,2.7004723274558007,0.10881083728357627,2.3818058117266876,0.001715938178222312,0.008273365377386006,0.2993827160493827,465,0,0,"{""prob_floor"": 229, ""gate_close"": 325, ""stop_loss"": 17, ""take_profit"": 29}",0.13991769547325103
0.52,0.53,0.15,1,,0.004,0.0075,10,181,62,-0.19776013869417786,-0.016480011557848156,-0.5954054980142516,0.3637866355833957,0.8675219923609204,-0.0037451169368623045,-0.0010925974513490496,0.22393689986282578,245,0,0,"{""prob_floor"": 159, ""gate_close"": 244, ""take_profit"": 15, ""stop_loss"": 8}",0.13991769547325103
0.52,0.53,0.15,1,,0.005,,8,135,74,1.1169043259471105,0.09307536049559255,2.7004723274558007,0.10881083728357627,2.3818058117266876,0.001715938178222312,0.008273365377386006,0.2993827160493827,465,0,0,"{""prob_floor"": 243, ""gate_close"": 346, ""stop_loss"": 11}",0.13991769547325103
0.52,0.53,0.15,1,,0.005,,10,181,62,-0.19776013869417786,-0.016480011557848156,-0.5954054980142516,0.3637866355833957,0.8675219923609204,-0.0037451169368623045,-0.0010925974513490496,0.22393689986282578,245,0,0,"{""prob_floor"": 167, ""gate_close"": 253, ""stop_loss"": 6}",0.13991769547325103
0.52,0.53,0.15,1,,0.005,0.0075,8,135,74,1.1169043259471105,0.09307536049559255,2.7004723274558007,0.10881083728357627,2.3818058117266876,0.001715938178222312,0.008273365377386006,0.2993827160493827,465,0,0,"{""prob_floor"": 231, ""gate_close"": 329, ""stop_loss"": 11, ""take_profit"": 29}",0.13991769547325103
0.52,0.53,0.15,1,,0.005,0.0075,10,181,62,-0.19776013869417786,-0.016480011557848156,-0.5954054980142516,0.3637866355833957,0.8675219923609204,-0.0037451169368623045,-0.0010925974513490496,0.22393689986282578,245,0,0,"{""prob_floor"": 161, ""gate_close"": 244, ""take_profit"": 15, ""stop_loss"": 6}",0.13991769547325103
0.52,0.53,0.15,1,3600.0,0.004,,8,135,74,1.1169043259471105,0.09307536049559255,2.7004723274558007,0.10881083728357627,2.3818058117266876,0.001715938178222312,0.008273365377386006,0.2993827160493827,465,0,0,"{""prob_floor"": 240, ""gate_close"": 342, ""stop_loss"": 17, ""time_limit"": 1}",0.13991769547325103
0.52,0.53,0.15,1,3600.0,0.004,,10,181,62,-0.19776013869417786,-0.016480011557848156,-0.5954054980142516,0.3637866355833957,0.8675219923609204,-0.0037451169368623045,-0.0010925974513490496,0.22393689986282578,245,0,0,"{""prob_floor"": 164, ""gate_close"": 253, ""stop_loss"": 8, ""time_limit"": 1}",0.13991769547325103
0.52,0.53,0.15,1,3600.0,0.004,0.0075,8,135,74,1.1169043259471105,0.09307536049559255,2.7004723274558007,0.10881083728357627,2.3818058117266876,0.001715938178222312,0.008273365377386006,0.2993827160493827,465,0,0,"{""prob_floor"": 228, ""gate_close"": 325, ""stop_loss"": 17, ""take_profit"": 29, ""time_limit"": 1}",0.13991769547325103
0.52,0.53,0.15,1,3600.0,0.004,0.0075,10,181,62,-0.19776013869417786,-0.016480011557848156,-0.5954054980142516,0.3637866355833957,0.8675219923609204,-0.0037451169368623045,-0.0010925974513490496,0.22393689986282578,245,0,0,"{""prob_floor"": 158, ""gate_close"": 244, ""take_profit"": 15, ""stop_loss"": 8, ""time_limit"": 1}",0.13991769547325103
0.52,0.53,0.15,1,3600.0,0.005,,8,135,74,1.1169043259471105,0.09307536049559255,2.7004723274558007,0.10881083728357627,2.3818058117266876,0.001715938178222312,0.008273365377386006,0.2993827160493827,465,0,0,"{""prob_floor"": 242, ""gate_close"": 346, ""stop_loss"": 11, ""time_limit"": 1}",0.13991769547325103
0.52,0.53,0.15,1,3600.0,0.005,,10,181,62,-0.19776013869417786,-0.016480011557848156,-0.5954054980142516,0.3637866355833957,0.8675219923609204,-0.0037451169368623045,-0.0010925974513490496,0.22393689986282578,245,0,0,"{""prob_floor"": 166, ""gate_close"": 253, ""stop_loss"": 6, ""time_limit"": 1}",0.13991769547325103
0.52,0.53,0.15,1,3600.0,0.005,0.0075,8,135,74,1.1169043259471105,0.09307536049559255,2.7004723274558007,0.10881083728357627,2.3818058117266876,0.001715938178222312,0.008273365377386006,0.2993827160493827,465,0,0,"{""prob_floor"": 230, ""gate_close"": 329, ""stop_loss"": 11, ""take_profit"": 29, ""time_limit"": 1}",0.13991769547325103
0.52,0.53,0.15,1,3600.0,0.005,0.0075,10,181,62,-0.19776013869417786,-0.016480011557848156,-0.5954054980142516,0.3637866355833957,0.8675219923609204,-0.0037451169368623045,-0.0010925974513490496,0.22393689986282578,245,0,0,"{""prob_floor"": 160, ""gate_close"": 244, ""take_profit"": 15, ""stop_loss"": 6, ""time_limit"": 1}",0.13991769547325103
0.52,0.53,0.15,3,,0.004,,8,120,69,1.2400391738573062,0.10333659782144218,3.0055159028393037,0.11025637272575489,2.6811216997775063,0.0031272900023819675,0.010333659782144223,0.32853223593964337,396,0,0,"{""prob_floor"": 218, ""gate_close"": 281, ""stop_loss"": 17}",0.13991769547325103
0.52,0.53,0.15,3,,0.004,,10,152,69,0.397093107165455,0.03309109226378792,0.8676514181597311,0.2271239365526742,1.290899398373415,-0.0016946551239629803,0.002612454652404309,0.28189300411522633,223,0,0,"{""prob_floor"": 153, ""gate_close"": 213, ""stop_loss"": 9}",0.13991769547325103
0.52,0.53,0.15,3,,0.004,0.0075,8,120,69,1.2400391738573062,0.10333659782144218,3.0055159028393037,0.11025637272575489,2.6811216997775063,0.0031272900023819675,0.010333659782144223,0.32853223593964337,396,0,0,"{""prob_floor"": 206, ""gate_close"": 264, ""stop_loss"": 17, ""take_profit"": 29}",0.13991769547325103
0.52,0.53,0.15,3,,0.004,0.0075,10,152,69,0.397093107165455,0.03309109226378792,0.8676514181597311,0.2271239365526742,1.290899398373415,-0.0016946551239629803,0.002612454652404309,0.28189300411522633,223,0,0,"{""prob_floor"": 141, ""gate_close"": 195, ""stop_loss"": 9, ""take_profit"": 30}",0.13991769547325103
0.52,0.53,0.15,3,,0.005,,8,120,69,1.2400391738573062,0.10333659782144218,3.0055159028393037,0.11025637272575489,2.6811216997775063,0.0031272900023819675,0.010333659782144223,0.32853223593964337,396,0,0,"{""prob_floor"": 220, ""gate_close"": 285, ""stop_loss"": 11}",0.13991769547325103
0.52,0.53,0.15,3,,0.005,,10,152,69,0.397093107165455,0.03309109226378792,0.8676514181597311,0.2271239365526742,1.290899398373415,-0.0016946551239629803,0.002612454652404309,0.28189300411522633,223,0,0,"{""prob_floor"": 155, ""gate_close"": 214, ""stop_loss"": 6}",0.13991769547325103
0.52,0.53,0.15,3,,0.005,0.0075,8,120,69,1.2400391738573062,0.10333659782144218,3.0055159028393037,0.11025637272575489,2.6811216997775063,0.0031272900023819675,0.010333659782144223,0.32853223593964337,396,0,0,"{""prob_floor"": 208, ""gate_close"": 268, ""stop_loss"": 11, ""take_profit"": 29}",0.13991769547325103
0.52,0.53,0.15,3,,0.005,0.0075,10,152,69,0.397093107165455,0.03309109226378792,0.8676514181597311,0.2271239365526742,1.290899398373415,-0.0016946551239629803,0.002612454652404309,0.28189300411522633,223,0,0,"{""prob_floor"": 143, ""gate_close"": 196, ""take_profit"": 30, ""stop_loss"": 6}",0.13991769547325103
0.52,0.53,0.15,3,3600.0,0.004,,8,120,69,1.2400391738573062,0.10333659782144218,3.0055159028393037,0.11025637272575489,2.6811216997775063,0.0031272900023819675,0.010333659782144223,0.32853223593964337,396,0,0,"{""prob_floor"": 217, ""gate_close"": 281, ""stop_loss"": 17, ""time_limit"": 1}",0.13991769547325103
0.52,0.53,0.15,3,3600.0,0.004,,10,152,69,0.397093107165455,0.03309109226378792,0.8676514181597311,0.2271239365526742,1.290899398373415,-0.0016946551239629803,0.002612454652404309,0.28189300411522633,223,0,0,"{""prob_floor"": 152, ""gate_close"": 213, ""stop_loss"": 9, ""time_limit"": 1}",0.13991769547325103
0.52,0.53,0.15,3,3600.0,0.004,0.0075,8,120,69,1.2400391738573062,0.10333659782144218,3.0055159028393037,0.11025637272575489,2.6811216997775063,0.0031272900023819675,0.010333659782144223,0.32853223593964337,396,0,0,"{""prob_floor"": 205, ""gate_close"": 264, ""stop_loss"": 17, ""take_profit"": 29, ""time_limit"": 1}",0.13991769547325103
0.52,0.53,0.15,3,3600.0,0.004,0.0075,10,152,69,0.397093107165455,0.03309109226378792,0.8676514181597311,0.2271239365526742,1.290899398373415,-0.0016946551239629803,0.002612454652404309,0.28189300411522633,223,0,0,"{""prob_floor"": 140, ""gate_close"": 195, ""stop_loss"": 9, ""take_profit"": 30, ""time_limit"": 1}",0.13991769547325103
0.52,0.53,0.15,3,3600.0,0.005,,8,120,69,1.2400391738573062,0.10333659782144218,3.0055159028393037,0.11025637272575489,2.6811216997775063,0.0031272900023819675,0.010333659782144223,0.32853223593964337,396,0,0,"{""prob_floor"": 219, ""gate_close"": 285, ""stop_loss"": 11, ""time_limit"": 1}",0.13991769547325103
0.52,0.53,0.15,3,3600.0,0.005,,10,152,69,0.397093107165455,0.03309109226378792,0.8676514181597311,0.2271239365526742,1.290899398373415,-0.0016946551239629803,0.002612454652404309,0.28189300411522633,223,0,0,"{""prob_floor"": 154, ""gate_close"": 214, ""stop_loss"": 6, ""time_limit"": 1}",0.13991769547325103
0.52,0.53,0.15,3,3600.0,0.005,0.0075,8,120,69,1.2400391738573062,0.10333659782144218,3.0055159028393037,0.11025637272575489,2.6811216997775063,0.0031272900023819675,0.010333659782144223,0.32853223593964337,396,0,0,"{""prob_floor"": 207, ""gate_close"": 268, ""stop_loss"": 11, ""take_profit"": 29, ""time_limit"": 1}",0.13991769547325103
0.52,0.53,0.15,3,3600.0,0.005,0.0075,10,152,69,0.397093107165455,0.03309109226378792,0.8676514181597311,0.2271239365526742,1.290899398373415,-0.0016946551239629803,0.002612454652404309,0.28189300411522633,223,0,0,"{""prob_floor"": 142, ""gate_close"": 196, ""take_profit"": 30, ""stop_loss"": 6, ""time_limit"": 1}",0.13991769547325103
