symbol,entry_ts,exit_ts,exit_reason,pnl,hold_minutes,entry_price,exit_price,mfe_pct,mae_pct,exit_return_pct,post_exit_max_return_pct,post_exit_min_return_pct
ETH/USDT,2025-12-18 23:55:00+00:00,2025-12-19 00:02:00+00:00,take_profit,0.0650593160000008,7.0,2827.53,2838.92,0.004523382598946801,-0.29973864114615945,0.004028250805473199,0.0004931452805996273,-0.3025481521141843
ETH/USDT,2025-12-19 00:03:00+00:00,2025-12-19 00:03:00+00:00,cooldown_after_exit,0.0,,2836.12,2836.12,0.0007263444424072674,-0.3018595828103183,0.0,0.0007263444424072674,-0.3018595828103183
ETH/USDT,2025-12-19 00:04:00+00:00,2025-12-19 00:04:00+00:00,dry_run,0.0,,2829.06,2829.06,0.002499063293108117,-0.30011735346722934,0.0,0.002499063293108117,-0.30011735346722934
ETH/USDT,2025-12-19 00:04:00+00:00,2025-12-19 00:09:00+00:00,take_profit,0.0175993924965221,5.0,2829.06,2831.5,0.002499063293108117,-0.30011735346722934,0.0008624772892762422,0.0006357054564718467,-0.3007204661840014
ETH/USDT,2025-12-19 00:04:00+00:00,2025-12-19 00:10:00+00:00,take_profit,0.0164793160000005,6.0,2829.06,2831.99,0.002499063293108117,-0.30011735346722934,0.0010356796957293746,0.00046257225484569453,-0.300841457773509
ETH/USDT,2025-12-19 00:11:00+00:00,2025-12-19 00:11:00+00:00,cooldown_after_exit,0.0,,2833.2,2833.2,3.529577862493305e-05,-0.3011400536495835,0.0,3.529577862493305e-05,-0.3011400536495835
ETH/USDT,2025-12-19 00:12:00+00:00,2025-12-19 00:12:00+00:00,dry_run,0.0,,2831.63,2831.63,0.000589766318339624,-0.3007525700744801,0.0,0.000589766318339624,-0.3007525700744801
ETH/USDT,2025-12-19 00:12:00+00:00,2025-12-19 00:18:00+00:00,prob_trailing,0.0029657179999984,6.0,2831.63,2832.41,0.000589766318339624,-0.3007525700744801,0.0002754597175478324,0.00020830317644704444,-0.3009451315310989
ETH/USDT,2025-12-19 00:20:00+00:00,2025-12-19 00:20:00+00:00,dry_run,0.0,,2830.82,2830.82,0.0007700948841677935,-0.3005524900912103,0.0,0.0007700948841677935,-0.3005524900912103
ETH/USDT,2025-12-19 00:20:00+00:00,2025-12-19 00:25:00+00:00,prob_floor,-0.0385432839963134,5.0,2830.82,2825.2,0.0007700948841677935,-0.3005524900912103,-0.001985290481203439,0.0027608664873284283,-0.2991611213365425
ETH/USDT,2025-12-19 00:20:00+00:00,2025-12-19 00:26:00+00:00,prob_floor,-0.0322432616708263,6.0,2830.82,2826.81,0.0007700948841677935,-0.3005524900912103,-0.001416550681428097,0.0021897474538437045,-0.29956028173099714
ETH/USDT,2025-12-19 00:20:00+00:00,2025-12-19 00:28:00+00:00,prob_floor,-0.0409232924340915,8.0,2830.82,2826.07,0.0007700948841677935,-0.3005524900912103,-0.0016779590366042818,0.002452168559165191,-0.29937687318431605
ETH/USDT,2025-12-19 00:20:00+00:00,2025-12-19 00:30:00+00:00,prob_floor,-0.0490433212370754,10.0,2830.82,2824.91,0.0007700948841677935,-0.3005524900912103,-0.0020877342960697876,0.0028638080505221097,-0.29908917452237416
ETH/USDT,2025-12-19 00:20:00+00:00,2025-12-19 00:31:00+00:00,prob_floor,-0.0723534040531147,11.0,2830.82,2821.08,0.0007700948841677935,-0.3005524900912103,-0.0034406991613737947,0.004225332142300031,-0.2981375926949962
ETH/USDT,2025-12-19 00:20:00+00:00,2025-12-19 00:32:00+00:00,prob_floor,-0.084463447154882,12.0,2830.82,2819.35,0.0007700948841677935,-0.3005524900912103,-0.004051829505231752,0.004841541490059775,-0.0013513753170056875
ETH/USDT,2025-12-19 00:20:00+00:00,2025-12-19 00:34:00+00:00,prob_floor,-0.0718634023102305,14.0,2830.82,2821.15,0.0007700948841677935,-0.3005524900912103,-0.0034159713439921857,0.004200414724491841,-0.001988550768303732
ETH/USDT,2025-12-19 00:20:00+00:00,2025-12-19 00:35:00+00:00,prob_floor,-0.0756434157576175,15.0,2830.82,2820.6,0.0007700948841677935,-0.3005524900912103,-0.003610261337704368,0.0043962277529603355,-0.001793944550804727
ETH/USDT,2025-12-19 00:20:00+00:00,2025-12-19 00:36:00+00:00,prob_floor,-0.0891534638616876,16.0,2830.82,2818.48,0.0007700948841677935,-0.3005524900912103,-0.004359160949830798,0.005151712980046019,-0.0010431154381085328
ETH/USDT,2025-12-19 00:20:00+00:00,2025-12-19 00:37:00+00:00,prob_floor,-0.0813834361875674,17.0,2830.82,2819.78,0.0007700948841677935,-0.3005524900912103,-0.0038999300556022964,0.004688309017015335,-0.0015036634063650967
ETH/USDT,2025-12-19 00:20:00+00:00,2025-12-19 00:38:00+00:00,prob_floor,-0.0665433833929923,18.0,2830.82,2821.79,0.0007700948841677935,-0.3005524900912103,-0.003189888442218236,0.003972655654743917,-0.002214906141137396
ETH/USDT,2025-12-19 00:20:00+00:00,2025-12-19 00:39:00+00:00,prob_floor,-0.0700433958373938,19.0,2830.82,2821.4,0.0007700948841677935,-0.3005524900912103,-0.003327657710486709,0.004111434039838269,-0.0020769830580563697
ETH/USDT,2025-12-19 00:20:00+00:00,2025-12-19 00:40:00+00:00,prob_floor,-0.1004235040403874,20.0,2830.82,2817.06,0.0007700948841677935,-0.3005524900912103,-0.0048607823881420265,0.005658381433125248,-0.0005395696222302293
ETH/USDT,2025-12-19 00:20:00+00:00,2025-12-19 00:41:00+00:00,prob_floor,-0.0938434805764407,21.0,2830.82,2818.33,0.0007700948841677935,-0.3005524900912103,-0.004412149129934151,0.005205210177658515,-0.0009899479478981954
ETH/USDT,2025-12-19 00:20:00+00:00,2025-12-19 00:42:00+00:00,prob_floor,-0.1111335422652035,22.0,2830.82,2818.0,0.0007700948841677935,-0.3005524900912103,-0.004528723126161371,0.005322924059616652,-0.0008729595457771522
ETH/USDT,2025-12-19 00:20:00+00:00,2025-12-19 00:44:00+00:00,prob_floor,-0.1085435330174853,24.0,2830.82,2816.13,0.0007700948841677935,-0.3005524900912103,-0.005189309104782325,0.005990490495822343,-0.0002095073735942643
ETH/USDT,2025-12-19 00:20:00+00:00,2025-12-19 00:45:00+00:00,prob_floor,-0.0950334848187613,25.0,2830.82,2817.84,0.0007700948841677935,-0.3005524900912103,-0.004585243851604859,0.00538000738154043,-0.0007700934048775476
ETH/USDT,2025-12-19 00:20:00+00:00,2025-12-19 00:50:00+00:00,prob_floor,-0.0741034102784258,30.0,2830.82,2820.82,0.0007700948841677935,-0.3005524900912103,-0.0035325453402194062,0.004317893378521065,-0.0029672222970626994
ETH/USDT,2025-12-19 00:20:00+00:00,2025-12-19 01:23:00+00:00,prob_floor,-0.0337832671268595,63.0,2830.82,2825.95,0.0007700948841677935,-0.3005524900912103,-0.0017203495806870084,0.23852155912171136,-0.004777154585183796
ETH/USDT,2025-12-19 00:20:00+00:00,2025-12-19 01:30:00+00:00,prob_floor,-0.0961534888119965,70.0,2830.82,2817.68,0.0007700948841677935,-0.3005524900912103,-0.004641764577048457,0.2421566678969933,-0.0018561369637432046
ETH/USDT,2025-12-19 00:20:00+00:00,2025-12-19 01:32:00+00:00,prob_floor,-0.0744534115236249,72.0,2830.82,2820.78,0.0007700948841677935,-0.3005524900912103,-0.003546675521580278,0.240791554109147,-0.002953083898779907
ETH/USDT,2025-12-19 00:20:00+00:00,2025-12-19 01:34:00+00:00,prob_floor,-0.0700433958373938,74.0,2830.82,2821.4,0.0007700948841677935,-0.3005524900912103,-0.003327657710486709,0.24051889133054516,-0.0031721840221168307
ETH/USDT,2025-12-19 00:20:00+00:00,2025-12-19 01:35:00+00:00,prob_floor,-0.0692033928503391,75.0,2830.82,2821.52,0.0007700948841677935,-0.3005524900912103,-0.0032852671664040933,0.24046613173041487,-0.003214579375655724
ETH/USDT,2025-12-19 00:20:00+00:00,2025-12-19 01:41:00+00:00,prob_floor,-0.0764134184975322,81.0,2830.82,2820.49,0.0007700948841677935,-0.3005524900912103,-0.003649119336446849,0.2409191310729697,-0.002850568518236174
ETH/USDT,2025-12-19 00:20:00+00:00,2025-12-19 01:43:00+00:00,prob_floor,-0.0766934194939172,83.0,2830.82,2820.46,0.0007700948841677935,-0.3005524900912103,-0.003659716972467364,0.24093233018727434,-0.002839962275657193
ETH/USDT,2025-12-19 00:20:00+00:00,2025-12-19 01:49:00+00:00,prob_floor,-0.1326936193406531,89.0,2830.82,2812.46,0.0007700948841677935,-0.3005524900912103,-0.0064857532446429556,0.2444621434615959,-3.5556061243058323e-06
ETH/USDT,2025-12-19 00:20:00+00:00,2025-12-19 01:50:00+00:00,time_limit,-0.0904831620000009,90.0,2830.82,2818.47,0.0007700948841677935,-0.3005524900912103,-0.004362693495171155,0.24180849893736678,-0.0021359106181723098
ETH/USDT,2025-12-19 01:52:00+00:00,2025-12-19 01:52:00+00:00,cooldown_after_loss,0.0,,2820.75,2820.75,0.24080475050961625,-0.002751041389701392,0.0,0.24080475050961625,-0.002751041389701392
ETH/USDT,2025-12-19 01:55:00+00:00,2025-12-19 01:55:00+00:00,dry_run,0.0,,2825.06,2825.06,0.23891173992764747,-0.004272475628836259,0.0,0.23891173992764747,-0.004272475628836259
ETH/USDT,2025-12-19 01:55:00+00:00,2025-12-19 02:07:00+00:00,prob_floor,-0.0577144764804124,12.0,2825.06,2817.15,0.23891173992764747,-0.004272475628836259,-0.0027999405322364224,0.2002342793248495,-0.2971584757645138
ETH/USDT,2025-12-19 01:55:00+00:00,2025-12-19 02:08:00+00:00,prob_floor,-0.0530244597891298,13.0,2825.06,2817.5,0.23891173992764747,-0.004272475628836259,-0.002676049358243726,0.2000851818988465,-0.29724578527062995
ETH/USDT,2025-12-19 01:55:00+00:00,2025-12-19 02:09:00+00:00,prob_floor,-0.0722745283487755,14.0,2825.06,2814.74,0.23891173992764747,-0.004272475628836259,-0.0036530197588724445,0.2012619282775674,-0.29655669795434036
ETH/USDT,2025-12-19 01:55:00+00:00,2025-12-19 02:10:00+00:00,prob_floor,-0.0815845615547983,15.0,2825.06,2813.42,0.23891173992764747,-0.004272475628836259,-0.004120266472216527,0.20182553618016486,-0.29622665652479907
ETH/USDT,2025-12-19 01:55:00+00:00,2025-12-19 02:11:00+00:00,prob_floor,-0.0802545568091582,16.0,2825.06,2813.6,0.23891173992764747,-0.004272475628836259,-0.0040565510113059755,0.2017486494171168,-0.29627168040943985
ETH/USDT,2025-12-19 01:55:00+00:00,2025-12-19 02:12:00+00:00,prob_floor,-0.0394444115038698,17.0,2825.06,2819.44,0.23891173992764747,-0.004272475628836259,-0.001989338279540953,0.19925942740402336,-0.2977293363221065
ETH/USDT,2025-12-19 01:55:00+00:00,2025-12-19 02:13:00+00:00,prob_floor,-0.0377644055350491,18.0,2825.06,2819.68,0.23891173992764747,-0.004272475628836259,-0.0019043843316602915,0.1991573511887874,-0.29778911082108606
ETH/USDT,2025-12-19 01:55:00+00:00,2025-12-19 02:27:00+00:00,take_profit,0.0234157140000021,32.0,2825.06,2828.4,0.23891173992764747,-0.004272475628836259,0.00118227577467378,0.19546033092914716,-0.2999540376184415
ETH/USDT,2025-12-19 02:29:00+00:00,2025-12-19 02:29:00+00:00,dry_run,0.0,,2829.75,2829.75,0.2127290396678152,-0.3002880113084194,0.0,0.2127290396678152,-0.3002880113084194
ETH/USDT,2025-12-19 02:29:00+00:00,2025-12-19 02:33:00+00:00,gate_close,-0.0104016863942232,4.0,2829.75,2832.22,0.2127290396678152,-0.3002880113084194,0.0008728686279706466,0.21167140970687304,-0.3008982353065792
ETH/USDT,2025-12-19 02:29:00+00:00,2025-12-19 02:45:00+00:00,take_profit,0.0304783359999973,16.0,2829.75,2834.68,0.2127290396678152,-0.3002880113084194,0.0017422033748564214,0.23273173691563076,-0.30150493177360405
ETH/USDT,2025-12-19 02:47:00+00:00,2025-12-19 02:47:00+00:00,dry_run,0.0,,2836.03,2836.03,0.23214493499716138,-0.3018374276717807,0.0,0.23214493499716138,-0.3018374276717807
ETH/USDT,2025-12-19 02:47:00+00:00,2025-12-19 02:54:00+00:00,take_profit,0.0280195440000011,7.0,2836.03,2840.62,0.23214493499716138,-0.3018374276717807,0.0016184596072676971,0.23015398046905267,-0.302965549774345
ETH/USDT,2025-12-19 02:55:00+00:00,2025-12-19 02:55:00+00:00,cooldown_after_exit,0.0,,2839.23,2839.23,0.23075622615990965,-0.3026243030680854,0.0,0.23075622615990965,-0.3026243030680854
ETH/USDT,2025-12-19 02:56:00+00:00,2025-12-19 02:56:00+00:00,dry_run,0.0,,2837.13,2837.13,0.2316672129934123,-0.3021081163006277,0.0,0.2316672129934123,-0.3021081163006277
ETH/USDT,2025-12-19 02:56:00+00:00,2025-12-19 03:02:00+00:00,take_profit,0.0357875279999988,6.0,2837.13,2843.17,0.2316672129934123,-0.3021081163006277,0.002128911963850788,0.2290506723129464,-0.30359071036905994
ETH/USDT,2025-12-19 03:03:00+00:00,2025-12-19 03:03:00+00:00,spread_too_wide,0.0,,2851.73,2851.73,0.2253614472618375,-0.3056811128683291,0.0,0.2253614472618375,-0.3056811128683291
ETH/USDT,2025-12-19 03:04:00+00:00,2025-12-19 03:04:00+00:00,dry_run,0.0,,2857.42,2857.42,0.22292137662646727,-0.30706371481966255,0.0,0.22292137662646727,-0.30706371481966255
ETH/USDT,2025-12-19 03:04:00+00:00,2025-12-19 03:11:00+00:00,take_profit,0.016371084000001,7.0,2857.42,2860.73,0.22292137662646727,-0.30706371481966255,0.001158387636399194,0.22150639871641165,-0.3078654748962677
ETH/USDT,2025-12-19 03:12:00+00:00,2025-12-19 03:12:00+00:00,cooldown_after_exit,0.0,,2867.01,2867.01,0.21883076794290912,-0.309381550814263,0.0,0.21883076794290912,-0.309381550814263
ETH/USDT,2025-12-19 03:13:00+00:00,2025-12-19 03:13:00+00:00,spread_too_wide,0.0,,2860.73,2860.73,0.22150639871641165,-0.3078654748962677,0.0,0.22150639871641165,-0.3078654748962677
ETH/USDT,2025-12-19 03:15:00+00:00,2025-12-19 03:15:00+00:00,dry_run,0.0,,2868.79,2868.79,0.21807451922239007,-0.30981005929329086,0.0,0.21807451922239007,-0.30981005929329086
ETH/USDT,2025-12-19 03:15:00+00:00,2025-12-19 03:17:00+00:00,gate_close,-0.0453227060251929,2.0,2868.79,2861.83,0.21807451922239007,-0.30981005929329086,-0.0024261099627369553,0.2210368889836225,-0.3081315102574227
ETH/USDT,2025-12-19 03:15:00+00:00,2025-12-19 03:18:00+00:00,gate_close,-0.0290626491241043,3.0,2868.79,2864.54,0.21807451922239007,-0.30981005929329086,-0.0014814608249471561,0.21988172621084012,-0.3087860529090185
ETH/USDT,2025-12-19 03:15:00+00:00,2025-12-19 03:19:00+00:00,gate_close,-0.070604248916247,4.0,2868.79,2856.89,0.21807451922239007,-0.30981005929329086,-0.004148090309851971,0.22314824862000293,-0.3069351637619929
ETH/USDT,2025-12-19 03:15:00+00:00,2025-12-19 03:21:00+00:00,gate_close,-0.1061029196795636,6.0,2868.79,2851.71,0.21807451922239007,-0.30981005929329086,-0.005953729621199111,0.2253700411332149,-0.0035277079366414776
ETH/USDT,2025-12-19 03:15:00+00:00,2025-12-19 03:22:00+00:00,gate_close,-0.0539627363043247,7.0,2868.79,2860.4,0.21807451922239007,-0.30981005929329086,-0.0029245779579543107,0.22164732205285964,-0.006555027268913438
ETH/USDT,2025-12-19 03:15:00+00:00,2025-12-19 03:23:00+00:00,prob_floor,0.0113174400000002,8.0,2868.79,2850.79,0.21807451922239007,-0.30981005929329086,-0.006274422317423034,0.22576548956605014,-0.0032061288274477517
ETH/USDT,2025-12-19 03:56:00+00:00,2025-12-19 03:56:00+00:00,dry_run,0.0,,2904.44,2904.44,0.20013152277203172,-0.002441090192946027,0.0,0.20013152277203172,-0.002441090192946027
ETH/USDT,2025-12-19 03:56:00+00:00,2025-12-19 03:58:00+00:00,take_profit,0.0163159189416196,2.0,2904.44,2908.07,0.20013152277203172,-0.002441090192946027,0.0012498106347522686,0.198633457929142,-0.0036862936586808948
ETH/USDT,2025-12-19 03:56:00+00:00,2025-12-19 03:59:00+00:00,take_profit,0.0146947348378146,3.0,2904.44,2907.75,0.20013152277203172,-0.002441090192946027,0.0011396344906418054,0.19876536841200232,-0.003576648611469335
ETH/USDT,2025-12-19 03:56:00+00:00,2025-12-19 04:00:00+00:00,take_profit,0.0561548769481944,4.0,2904.44,2914.39,0.20013152277203172,-0.002441090192946027,0.0034257894809326395,0.19603416152265152,-0.005846849598029058
ETH/USDT,2025-12-19 03:56:00+00:00,2025-12-19 04:01:00+00:00,take_profit,0.1016350320646794,5.0,2904.44,2921.98,0.20013152277203172,-0.002441090192946027,0.00603902989905114,0.19292739854482233,-0.008429215805720869
ETH/USDT,2025-12-19 03:56:00+00:00,2025-12-19 04:02:00+00:00,take_profit,0.0474546719999986,6.0,2904.44,2912.93,0.20013152277203172,-0.002441090192946027,0.002923110823428887,0.19663363005633516,-0.005348566563563084
ETH/USDT,2025-12-19 04:04:00+00:00,2025-12-19 04:04:00+00:00,dry_run,0.0,,2915.21,2915.21,0.19569773704124227,-0.006126488314735501,0.0,0.19569773704124227,-0.006126488314735501
ETH/USDT,2025-12-19 04:04:00+00:00,2025-12-19 04:06:00+00:00,take_profit,0.0294418490883586,2.0,2915.21,2920.72,0.19569773704124227,-0.006126488314735501,0.0018900868205034005,0.19344202799309773,-0.008001451696841855
ETH/USDT,2025-12-19 04:04:00+00:00,2025-12-19 04:08:00+00:00,take_profit,0.0603419544987389,4.0,2915.21,2925.87,0.19569773704124227,-0.006126488314735501,0.003656683395021343,0.1913413788035696,-0.00974752808566337
ETH/USDT,2025-12-19 04:04:00+00:00,2025-12-19 04:09:00+00:00,take_profit,0.0745020026794188,5.0,2915.21,2929.45,0.19569773704124227,-0.006126488314735501,0.004884725285656977,0.1898854733823756,-0.010957688303265045
ETH/USDT,2025-12-19 04:04:00+00:00,2025-12-19 04:10:00+00:00,take_profit,0.0805617360000013,6.0,2915.21,2930.63,0.19569773704124227,-0.006126488314735501,0.0052894988697211875,0.18940637337364308,-0.011355920058144564
ETH/USDT,2025-12-19 04:12:00+00:00,2025-12-19 04:12:00+00:00,dry_run,0.0,,2931.35,2931.35,0.18911423064458366,-0.011598751428522736,0.0,0.18911423064458366,-0.011598751428522736
ETH/USDT,2025-12-19 04:12:00+00:00,2025-12-19 04:25:00+00:00,prob_floor,-0.0294977204509827,13.0,2931.35,2927.04,0.18911423064458366,-0.011598751428522736,-0.0014703123134391927,0.19086517437411166,-0.041427517218760146
ETH/USDT,2025-12-19 04:12:00+00:00,2025-12-19 04:26:00+00:00,trailing_prob_drop,-0.086183634909657,14.0,2931.35,2991.9,0.18911423064458366,-0.011598751428522736,0.02065601173520748,0.16504896554029203,-0.062207961496039244
ETH/USDT,2025-12-19 04:12:00+00:00,2025-12-19 04:27:00+00:00,gate_close,-0.0353192919801835,15.0,2931.35,2926.22,0.18911423064458366,-0.011598751428522736,-0.001750046906715319,0.19119888456780432,-0.04115890124460897
ETH/USDT,2025-12-19 04:12:00+00:00,2025-12-19 04:29:00+00:00,prob_floor,-0.0455177753126763,17.0,2931.35,2924.38,0.18911423064458366,-0.011598751428522736,-0.002377744042847074,0.013414809292910057,-0.04055560494874122
ETH/USDT,2025-12-19 04:12:00+00:00,2025-12-19 04:30:00+00:00,prob_floor,-0.055417809266082,18.0,2931.35,2922.73,0.18911423064458366,-0.011598751428522736,-0.0029406246268783853,0.013986923184830635,-0.0400139595515151
ETH/USDT,2025-12-19 04:12:00+00:00,2025-12-19 04:31:00+00:00,prob_floor,-0.0351977399595828,19.0,2931.35,2926.17,0.18911423064458366,-0.011598751428522736,-0.0017671038941101669,0.012794882047181044,-0.04114251735203345
ETH/USDT,2025-12-19 04:12:00+00:00,2025-12-19 04:33:00+00:00,trailing_prob_drop,-0.0287777179876394,21.0,2931.35,2927.16,0.18911423064458366,-0.011598751428522736,-0.0014293755436914912,0.012452342885254097,-0.04146681424998966
ETH/USDT,2025-12-19 04:12:00+00:00,2025-12-19 04:34:00+00:00,trailing_prob_drop,-0.0354377407812754,22.0,2931.35,2926.06,0.18911423064458366,-0.011598751428522736,-0.001804629266378921,0.012832956262004203,-0.04110647081741314
ETH/USDT,2025-12-19 04:12:00+00:00,2025-12-19 04:35:00+00:00,trailing_prob_drop,-0.0299177218880276,23.0,2931.35,2927.0,0.18911423064458366,-0.011598751428522736,-0.0014839579033550931,0.012507687051588778,-0.041414417492312894
ETH/USDT,2025-12-19 04:12:00+00:00,2025-12-19 04:36:00+00:00,trailing_prob_drop,-0.0686178545969667,24.0,2931.35,2920.53,0.18911423064458366,-0.011598751428522736,-0.003691132072253245,0.01475074729586745,-0.03929081365368614
ETH/USDT,2025-12-19 04:12:00+00:00,2025-12-19 04:37:00+00:00,trailing_prob_drop,-0.0664578471745091,25.0,2931.35,2920.89,0.18911423064458366,-0.011598751428522736,-0.0035683217630102515,0.014625679159434357,-0.03940922116204293
ETH/USDT,2025-12-19 04:12:00+00:00,2025-12-19 04:38:00+00:00,trailing_prob_drop,-0.0766010761441524,26.0,2931.35,2919.46,0.18911423064458366,-0.011598751428522736,-0.0040561516025039435,0.015122659669938976,-0.03893870784323128
ETH/USDT,2025-12-19 04:12:00+00:00,2025-12-19 04:40:00+00:00,trailing_prob_drop,-0.0597978243001271,28.0,2931.35,2921.99,0.18911423064458366,-0.011598751428522736,-0.0031930680403227107,0.01424371746652131,-0.039770841104863286
ETH/USDT,2025-12-19 04:12:00+00:00,2025-12-19 04:41:00+00:00,trailing_prob_drop,-0.0759978799708308,29.0,2931.35,2919.83,0.18911423064458366,-0.011598751428522736,-0.003929929895781781,0.014994023624663066,-0.03906049324789451
ETH/USDT,2025-12-19 04:12:00+00:00,2025-12-19 04:42:00+00:00,prob_floor,-0.0719178659403623,30.0,2931.35,2919.98,0.18911423064458366,-0.011598751428522736,-0.003878758933597126,0.014941883163583247,-0.03910985691682811
ETH/USDT,2025-12-19 04:12:00+00:00,2025-12-19 04:44:00+00:00,prob_floor,-0.0742578739864492,32.0,2931.35,2919.83,0.18911423064458366,-0.011598751428522736,-0.003929929895781781,0.014994023624663066,-0.03906049324789451
ETH/USDT,2025-12-19 04:12:00+00:00,2025-12-19 04:45:00+00:00,trailing_prob_drop,-0.0635778372807491,33.0,2931.35,2921.36,0.18911423064458366,-0.011598751428522736,-0.003407986081498171,0.014462442150231292,-0.039563764821863745
ETH/USDT,2025-12-19 04:12:00+00:00,2025-12-19 04:47:00+00:00,trailing_prob_drop,-0.0676578512978732,35.0,2931.35,2920.69,0.18911423064458366,-0.011598751428522736,-0.003636549712589754,0.014695157651102964,-0.03934344281659463
ETH/USDT,2025-12-19 04:12:00+00:00,2025-12-19 04:48:00+00:00,prob_floor,-0.0630978356321057,36.0,2931.35,2921.44,0.18911423064458366,-0.011598751428522736,-0.00338069490166637,0.014434662358289163,-0.03959006517333907
ETH/USDT,2025-12-19 04:12:00+00:00,2025-12-19 04:50:00+00:00,prob_floor,-0.065917845319186,38.0,2931.35,2921.76,0.18911423064458366,-0.011598751428522736,-0.0032715301823390552,0.014323558403154246,-0.03969525217677017
ETH/USDT,2025-12-19 04:12:00+00:00,2025-12-19 04:51:00+00:00,gate_close,-0.0686178545969667,39.0,2931.35,2920.05,0.18911423064458366,-0.011598751428522736,-0.0038548791512441616,0.014917552781630539,-0.039132891560076044
ETH/USDT,2025-12-19 04:12:00+00:00,2025-12-19 04:52:00+00:00,gate_close,-0.0544578059719476,40.0,2931.35,2922.89,0.18911423064458366,-0.011598751428522736,-0.0028860422672147834,0.013931417193257412,-0.040066509516266335
ETH/USDT,2025-12-19 04:12:00+00:00,2025-12-19 04:53:00+00:00,gate_close,-0.0591378220342416,41.0,2931.35,2922.11,0.18911423064458366,-0.011598751428522736,-0.0031521312705748983,0.01420206631509413,-0.03981027408276894
ETH/USDT,2025-12-19 04:12:00+00:00,2025-12-19 04:54:00+00:00,gate_close,-0.048037783951726,42.0,2931.35,2923.96,0.18911423064458366,-0.011598751428522736,-0.0025210227369641958,0.01356037702294155,-0.04041778957304476
ETH/USDT,2025-12-19 04:12:00+00:00,2025-12-19 04:55:00+00:00,gate_close,-0.0568578142079489,43.0,2931.35,2923.33,0.18911423064458366,-0.011598751428522736,-0.002735940778139767,0.01377880704539014,-0.04021099225882807
ETH/USDT,2025-12-19 04:12:00+00:00,2025-12-19 04:56:00+00:00,gate_close,-0.0564978129724082,44.0,2931.35,2922.55,0.18911423064458366,-0.011598751428522736,-0.003002029781499882,0.014049374689911298,-0.039954833963490755
ETH/USDT,2025-12-19 04:12:00+00:00,2025-12-19 04:57:00+00:00,gate_close,-0.0592578224462078,45.0,2931.35,2921.99,0.18911423064458366,-0.011598751428522736,-0.0031930680403227107,0.01424371746652131,-0.039770841104863286
ETH/USDT,2025-12-19 04:12:00+00:00,2025-12-19 04:59:00+00:00,gate_close,-0.0637578378990178,47.0,2931.35,2921.33,0.18911423064458366,-0.011598751428522736,-0.003418220273935235,0.014472859964468343,-0.039553901818692117
ETH/USDT,2025-12-19 04:12:00+00:00,2025-12-19 05:00:00+00:00,gate_close,-0.0665778475868196,48.0,2931.35,2920.82,0.18911423064458366,-0.011598751428522736,-0.003592201545362994,0.014649995549194994,-0.03938619976581914
ETH/USDT,2025-12-19 04:12:00+00:00,2025-12-19 05:01:00+00:00,gate_close,-0.0659778455253238,49.0,2931.35,2920.97,0.18911423064458366,-0.011598751428522736,-0.0035410305831784505,0.014597890426810478,-0.039435529978055106
ETH/USDT,2025-12-19 04:12:00+00:00,2025-12-19 05:02:00+00:00,gate_close,-0.0861979150756138,50.0,2931.35,2917.6,0.18911423064458366,-0.011598751428522736,-0.004690671533593704,0.01576981080340012,-0.03832602138744168
ETH/USDT,2025-12-19 04:12:00+00:00,2025-12-19 05:03:00+00:00,trailing_prob_drop,-0.0798378931819473,51.0,2931.35,2920.71,0.18911423064458366,-0.011598751428522736,-0.003629726917631748,0.014688209373748151,-0.039350021056523854
ETH/USDT,2025-12-19 04:12:00+00:00,2025-12-19 05:04:00+00:00,gate_close,-0.0842179082579561,52.0,2931.35,2918.14,0.18911423064458366,-0.011598751428522736,-0.004506456069728992,0.0155818432289061,-0.038503978561686414
ETH/USDT,2025-12-19 04:12:00+00:00,2025-12-19 05:06:00+00:00,trailing_prob_drop,-0.1064779849938585,54.0,2931.35,2914.22,0.18911423064458366,-0.011598751428522736,-0.005843723881488128,0.016947931178840525,-0.037210642985086806
ETH/USDT,2025-12-19 04:12:00+00:00,2025-12-19 05:08:00+00:00,prob_floor,-0.0969442234293219,56.0,2931.35,2916.05,0.18911423064458366,-0.011598751428522736,-0.005219438142835098,0.016309734058058023,-0.037814852283054146
ETH/USDT,2025-12-19 04:12:00+00:00,2025-12-19 05:09:00+00:00,prob_floor,-0.0892579256150325,57.0,2931.35,2917.09,0.18911423064458366,-0.011598751428522736,-0.004864652805021463,0.015947399634567372,-0.03815789022621863
ETH/USDT,2025-12-19 04:12:00+00:00,2025-12-19 05:10:00+00:00,prob_floor,-0.0865579163153534,58.0,2931.35,2917.53,0.18911423064458366,-0.011598751428522736,-0.004714551315946447,0.015794182064965856,-0.03830294804166534
ETH/USDT,2025-12-19 04:12:00+00:00,2025-12-19 05:12:00+00:00,trailing_prob_drop,-0.0507377932106037,60.0,2931.35,2923.51,0.18911423064458366,-0.011598751428522736,-0.0026745356235180484,0.013716388861334528,-0.040270086300371766
ETH/USDT,2025-12-19 04:12:00+00:00,2025-12-19 05:27:00+00:00,trailing_prob_drop,-0.1016206356584823,75.0,2931.35,2915.13,0.18911423064458366,-0.011598751428522736,-0.005533286710901031,0.0037939988954180937,-0.007059719463625935
ETH/USDT,2025-12-19 04:12:00+00:00,2025-12-19 05:29:00+00:00,prob_floor,-0.0908179309894818,77.0,2931.35,2915.79,0.18911423064458366,-0.011598751428522736,-0.005308134477288617,0.0035667863597859117,-0.007284475219408781
ETH/USDT,2025-12-19 04:12:00+00:00,2025-12-19 05:30:00+00:00,prob_floor,-0.0969979522900089,78.0,2931.35,2915.79,0.18911423064458366,-0.011598751428522736,-0.005308134477288617,0.0035667863597859117,-0.007284475219408781
ETH/USDT,2025-12-19 04:12:00+00:00,2025-12-19 05:31:00+00:00,prob_floor,-0.0942979429821053,79.0,2931.35,2916.24,0.18911423064458366,-0.011598751428522736,-0.005154621590734654,0.0034119276877075944,-0.007437659451896783
ETH/USDT,2025-12-19 04:12:00+00:00,2025-12-19 05:32:00+00:00,prob_floor,-0.1037779756758627,80.0,2931.35,2914.67,0.18911423064458366,-0.011598751428522736,-0.005690210994934053,0.003952419999519563,-0.00690301131860549
ETH/USDT,2025-12-19 04:12:00+00:00,2025-12-19 05:34:00+00:00,prob_floor,-0.1203380328715931,82.0,2931.35,2912.6,0.18911423064458366,-0.011598751428522736,-0.006396370273082375,0.004665934216850909,-0.006197212112888706
ETH/USDT,2025-12-19 04:12:00+00:00,2025-12-19 05:35:00+00:00,prob_floor,-0.1022179702934369,83.0,2931.35,2914.92,0.18911423064458366,-0.011598751428522736,-0.005604926057959592,0.0038663153705762454,-0.00698818492445763
ETH/USDT,2025-12-19 04:12:00+00:00,2025-12-19 05:36:00+00:00,prob_floor,-0.0876379200348835,84.0,2931.35,2915.65,0.18911423064458366,-0.011598751428522736,-0.005355894041994214,0.0036149743624920294,-0.007236808258878735
ETH/USDT,2025-12-19 04:12:00+00:00,2025-12-19 05:37:00+00:00,trailing_prob_drop,-0.0690378560404352,85.0,2931.35,2916.0,0.18911423064458366,-0.011598751428522736,-0.005236495130230057,0.0034945130315500172,-0.007355967078189196
ETH/USDT,2025-12-19 04:12:00+00:00,2025-12-19 05:38:00+00:00,gate_close,-0.0687378550093788,86.0,2931.35,2920.16,0.18911423064458366,-0.011598751428522736,-0.0038173537789756296,0.002064955344912578,-0.008770067393567338
ETH/USDT,2025-12-19 04:12:00+00:00,2025-12-19 05:43:00+00:00,time_limit,-0.0674776320000018,91.0,2931.35,2920.71,0.18911423064458366,-0.011598751428522736,-0.003629726917631748,0.0018762561158074398,-0.008956726275460403
ETH/USDT,2025-12-19 05:45:00+00:00,2025-12-19 05:45:00+00:00,cooldown_after_loss,0.0,,2920.96,2920.96,0.002536837204206721,-0.009041547984224296,0.0,0.002536837204206721,-0.009041547984224296
ETH/USDT,2025-12-19 05:46:00+00:00,2025-12-19 05:46:00+00:00,cooldown_after_loss,0.0,,2920.42,2920.42,0.002722211188801449,-0.008858314899911623,0.0,0.002722211188801449,-0.008858314899911623
ETH/USDT,2025-12-19 05:47:00+00:00,2025-12-19 05:47:00+00:00,cooldown_after_loss,0.0,,2921.07,2921.07,0.002499084239679261,-0.009078864936478803,0.0,0.002499084239679261,-0.009078864936478803
ETH/USDT,2025-12-19 05:48:00+00:00,2025-12-19 05:48:00+00:00,dry_run,0.0,,2919.45,2919.45,0.003055370018325343,-0.00852900375070631,0.0,0.003055370018325343,-0.00852900375070631
ETH/USDT,2025-12-19 05:48:00+00:00,2025-12-19 05:52:00+00:00,take_profit,0.0275767665770365,4.0,2919.45,2925.28,0.003055370018325343,-0.00852900375070631,0.0019969514805873168,0.0010563091396378343,-0.003138161133293349
ETH/USDT,2025-12-19 05:48:00+00:00,2025-12-19 05:53:00+00:00,take_profit,0.0180967342029337,5.0,2919.45,2924.64,0.003055370018325343,-0.00852900375070631,0.0017777321070748808,0.001275370643908369,-0.0029200175064281186
ETH/USDT,2025-12-19 05:48:00+00:00,2025-12-19 05:55:00+00:00,take_profit,0.0183966600000005,7.0,2919.45,2923.1,0.003055370018325343,-0.00852900375070631,0.0012502354895613799,1.417279600424207,-0.007902569190243236
ETH/USDT,2025-12-19 05:57:00+00:00,2025-12-19 05:57:00+00:00,dry_run,0.0,,2924.08,2924.08,1.4164694536401194,-0.008235068807966872,0.0,1.4164694536401194,-0.008235068807966872
ETH/USDT,2025-12-19 05:57:00+00:00,2025-12-19 06:05:00+00:00,prob_floor,-0.0123874140887801,8.0,2924.08,2920.95,1.4164694536401194,-0.008235068807966872,-0.0010704221498728517,1.419058867834095,-0.007172324072647562
ETH/USDT,2025-12-19 05:57:00+00:00,2025-12-19 06:07:00+00:00,prob_floor,-0.019887439785668,10.0,2924.08,2920.11,1.4164694536401194,-0.008235068807966872,-0.0013576919920110786,1.4197547352668218,-0.006886726869878235
ETH/USDT,2025-12-19 05:57:00+00:00,2025-12-19 06:12:00+00:00,prob_floor,-0.0162274272428354,15.0,2924.08,2920.11,1.4164694536401194,-0.008235068807966872,-0.0013576919920110786,1.4197547352668218,-0.006886726869878235
ETH/USDT,2025-12-19 05:57:00+00:00,2025-12-19 06:18:00+00:00,prob_floor,-0.0439475223699763,21.0,2924.08,2916.1,1.4164694536401194,-0.008235068807966872,-0.0027290635003146546,1.4230821988272009,-0.005521072665546467
ETH/USDT,2025-12-19 05:57:00+00:00,2025-12-19 06:20:00+00:00,prob_floor,-0.0239674537740128,23.0,2924.08,2919.42,1.4164694536401194,-0.008235068807966872,-0.0015936636480533561,1.4203266402230579,-0.00665200622041362
ETH/USDT,2025-12-19 05:57:00+00:00,2025-12-19 06:44:00+00:00,take_profit,0.0261926159999989,47.0,2924.08,2927.77,1.4164694536401194,-0.008235068807966872,0.00126193537796504,1.4134238686782088,-0.009485034685101645
ETH/USDT,2025-12-19 06:45:00+00:00,2025-12-19 06:45:00+00:00,cooldown_after_exit,0.0,,2927.8,2927.8,1.41339913928547,-0.009495184097274456,0.0,1.41339913928547,-0.009495184097274456
ETH/USDT,2025-12-19 06:46:00+00:00,2025-12-19 06:46:00+00:00,dry_run,0.0,,2926.23,2926.23,1.4146939919281807,-0.008963751994887637,0.0,1.4146939919281807,-0.008963751994887637
ETH/USDT,2025-12-19 06:46:00+00:00,2025-12-19 06:56:00+00:00,take_profit,0.1238088959999988,10.0,2926.23,2947.14,1.4146939919281807,-0.008963751994887637,0.007145713084754091,0.4738424370745875,-0.01260883432751747
ETH/USDT,2025-12-19 06:59:00+00:00,2025-12-19 06:59:00+00:00,dry_run,0.0,,2947.36,2947.36,0.01218039194397691,-0.012682536235817832,0.0,0.01218039194397691,-0.012682536235817832
ETH/USDT,2025-12-19 06:59:00+00:00,2025-12-19 07:00:00+00:00,take_profit,0.026763258931985,1.0,2947.36,2947.76,0.01218039194397691,-0.012682536235817832,0.0001357146734706216,0.01204304285287816,-0.012816511520612361
ETH/USDT,2025-12-19 06:59:00+00:00,2025-12-19 07:02:00+00:00,take_profit,0.0292832674514584,3.0,2947.36,2952.85,0.01218039194397691,-0.012682536235817832,0.0018626838933823997,0.010298525153665139,-0.013139847943512084
ETH/USDT,2025-12-19 06:59:00+00:00,2025-12-19 07:03:00+00:00,take_profit,0.0590433678793762,4.0,2947.36,2957.82,0.01218039194397691,-0.012682536235817832,0.003548938711253502,0.008600929062620555,-0.014798060733918872
ETH/USDT,2025-12-19 06:59:00+00:00,2025-12-19 07:05:00+00:00,take_profit,0.0778831560000009,6.0,2947.36,2960.95,0.01218039194397691,-0.012682536235817832,0.004610906031159878,0.007534743916648434,-0.015839510967763593
ETH/USDT,2025-12-19 07:07:00+00:00,2025-12-19 07:07:00+00:00,dry_run,0.0,,2973.47,2973.47,0.003292449562296129,-0.019983386413853,0.0,0.003292449562296129,-0.019983386413853
ETH/USDT,2025-12-19 07:07:00+00:00,2025-12-19 07:12:00+00:00,take_profit,0.0243919301861452,5.0,2973.47,2978.15,0.003292449562296129,-0.019983386413853,0.0015739186875940447,0.0017158302973323547,-0.021523428974363212
ETH/USDT,2025-12-19 07:07:00+00:00,2025-12-19 07:18:00+00:00,gate_close,-0.0801284222813344,11.0,2973.47,2956.41,0.003292449562296129,-0.019983386413853,-0.005737404446656602,0.005056808764684284,-0.042358806796080395
ETH/USDT,2025-12-19 07:07:00+00:00,2025-12-19 07:21:00+00:00,trailing_prob_drop,-0.0969284793223935,14.0,2973.47,2958.01,0.003292449562296129,-0.019983386413853,-0.00519931258764994,0.004513169326675781,-0.04287679892900986
ETH/USDT,2025-12-19 07:07:00+00:00,2025-12-19 07:22:00+00:00,trailing_prob_drop,-0.0844484369387282,15.0,2973.47,2960.01,0.003292449562296129,-0.019983386413853,-0.004526697763891918,0.0038344465052482235,-0.043523501609792015
ETH/USDT,2025-12-19 07:07:00+00:00,2025-12-19 07:23:00+00:00,prob_floor,-0.1011284935995414,16.0,2973.47,2957.22,0.003292449562296129,-0.019983386413853,-0.0054649954430345815,0.004781517776831112,-0.0426211103671692
ETH/USDT,2025-12-19 07:07:00+00:00,2025-12-19 07:25:00+00:00,prob_floor,-0.1010084931915293,18.0,2973.47,2957.25,0.003292449562296129,-0.019983386413853,-0.005454906220678124,0.0024854171950290382,-0.04263082255473838
ETH/USDT,2025-12-19 07:07:00+00:00,2025-12-19 07:27:00+00:00,prob_floor,-0.1044285048220352,20.0,2973.47,2956.68,0.003292449562296129,-0.019983386413853,-0.005646601445449262,0.002678680141239509,-0.042446257288580425
ETH/USDT,2025-12-19 07:07:00+00:00,2025-12-19 07:28:00+00:00,prob_floor,-0.1099485236035531,21.0,2973.47,2955.75,0.003292449562296129,-0.019983386413853,-0.005959367338496668,0.0029941639177872847,-0.04214497166539799
ETH/USDT,2025-12-19 07:07:00+00:00,2025-12-19 07:30:00+00:00,prob_floor,-0.1052085074752391,23.0,2973.47,2956.54,0.003292449562296129,-0.019983386413853,-0.005693684483112249,0.0027261596325434123,-0.042400914582586435
ETH/USDT,2025-12-19 07:07:00+00:00,2025-12-19 07:32:00+00:00,prob_floor,-0.1471486504801602,25.0,2973.47,2949.55,0.003292449562296129,-0.019983386413853,-0.008044473292146748,0.005102473258632667,-0.040131545489990095
ETH/USDT,2025-12-19 07:07:00+00:00,2025-12-19 07:33:00+00:00,prob_floor,-0.1416886318245604,26.0,2973.47,2950.47,0.003292449562296129,-0.019983386413853,-0.007735070473218197,0.004789067504499256,-0.04043084661087892
ETH/USDT,2025-12-19 07:07:00+00:00,2025-12-19 07:34:00+00:00,prob_floor,-0.153978318661803,27.0,2973.47,2949.24,0.003292449562296129,-0.019983386413853,-0.008148728589829402,0.005208121414330469,-0.04003065196457389
ETH/USDT,2025-12-19 07:07:00+00:00,2025-12-19 07:35:00+00:00,prob_floor,-0.1439686396134151,28.0,2973.47,2950.09,0.003292449562296129,-0.019983386413853,-0.007862867289732067,0.0049184940120470255,-0.040307244863716174
ETH/USDT,2025-12-19 07:07:00+00:00,2025-12-19 07:36:00+00:00,prob_floor,-0.1279485849289292,29.0,2973.47,2952.75,0.003292449562296129,-0.019983386413853,-0.006968289574133868,0.0034340868681737025,-0.041171789010244764
ETH/USDT,2025-12-19 07:07:00+00:00,2025-12-19 07:37:00+00:00,prob_floor,-0.1110285272795612,30.0,2973.47,2955.57,0.003292449562296129,-0.019983386413853,-0.006019902672634858,0.002476679625249778,-0.04208663641869426
ETH/USDT,2025-12-19 07:07:00+00:00,2025-12-19 07:38:00+00:00,prob_floor,-0.1211685618150775,31.0,2973.47,2953.53,0.003292449562296129,-0.019983386413853,-0.006705969792868083,0.0031690891915774344,-0.041425006686913735
ETH/USDT,2025-12-19 07:07:00+00:00,2025-12-19 07:39:00+00:00,trailing_prob_drop,-0.1223685659047404,32.0,2973.47,2953.69,0.003292449562296129,-0.019983386413853,-0.006652160606967494,0.003114747993188116,-0.04147693224407445
ETH/USDT,2025-12-19 07:07:00+00:00,2025-12-19 07:40:00+00:00,trailing_prob_drop,-0.1152885417837532,33.0,2973.47,2954.87,0.003292449562296129,-0.019983386413853,-0.006255317860950349,0.002714163398051417,-0.04185970956421092
ETH/USDT,2025-12-19 07:07:00+00:00,2025-12-19 07:41:00+00:00,trailing_prob_drop,-0.1346086076509142,34.0,2973.47,2951.65,0.003292449562296129,-0.019983386413853,-0.00733822772720083,0.0038080395710873294,-0.04081445970897646
ETH/USDT,2025-12-19 07:07:00+00:00,2025-12-19 07:42:00+00:00,prob_floor,-0.1339486053984224,35.0,2973.47,2951.76,0.003292449562296129,-0.019983386413853,-0.007301233911894078,0.0037706317586794214,-0.040850204623682274
ETH/USDT,2025-12-19 07:07:00+00:00,2025-12-19 07:43:00+00:00,trailing_prob_drop,-0.1451086435085935,36.0,2973.47,2949.9,0.003292449562296129,-0.019983386413853,-0.007926765697989113,0.004403539103020382,-0.04024543204854414
ETH/USDT,2025-12-19 07:07:00+00:00,2025-12-19 07:44:00+00:00,prob_floor,-0.1407886287505655,37.0,2973.47,2949.81,0.003292449562296129,-0.019983386413853,-0.007957033365058264,0.004434183896590005,-0.04021614951471453
ETH/USDT,2025-12-19 07:07:00+00:00,2025-12-19 07:45:00+00:00,prob_floor,-0.1340086056031887,38.0,2973.47,2951.75,0.003292449562296129,-0.019983386413853,-0.0073045969860129345,0.003774032353688339,-0.04084695519607018
ETH/USDT,2025-12-19 07:07:00+00:00,2025-12-19 07:46:00+00:00,prob_floor,-0.1419286326443448,39.0,2973.47,2950.43,0.003292449562296129,-0.019983386413853,-0.007748522769693289,0.0042231132411207906,-0.04041783739997218
ETH/USDT,2025-12-19 07:07:00+00:00,2025-12-19 07:49:00+00:00,trailing_prob_drop,-0.1406086281358085,42.0,2973.47,2950.64,0.003292449562296129,-0.019983386413853,-0.007677898213198642,0.2471531599924086,-0.040486131822248694
ETH/USDT,2025-12-19 07:07:00+00:00,2025-12-19 07:50:00+00:00,trailing_prob_drop,-0.1428286357187383,43.0,2973.47,2951.21,0.003292449562296129,-0.019983386413853,-0.007486202988427615,0.24691228343628557,-0.04067145340385814
ETH/USDT,2025-12-19 07:07:00+00:00,2025-12-19 07:51:00+00:00,trailing_prob_drop,-0.1403686273161463,44.0,2973.47,2950.68,0.003292449562296129,-0.019983386413853,-0.00766444591672355,0.24713625333821376,-0.04049913918147685
ETH/USDT,2025-12-19 07:07:00+00:00,2025-12-19 07:53:00+00:00,trailing_prob_drop,-0.131428596799543,46.0,2973.47,2952.17,0.003292449562296129,-0.019983386413853,-0.00716334787302364,0.24650680685732862,-0.04098341220187196
ETH/USDT,2025-12-19 07:07:00+00:00,2025-12-19 07:54:00+00:00,trailing_prob_drop,-0.1416286316196219,47.0,2973.47,2950.61,0.003292449562296129,-0.019983386413853,-0.007687987435554988,0.24716584028387345,-0.040476376071388764
ETH/USDT,2025-12-19 07:07:00+00:00,2025-12-19 07:55:00+00:00,prob_floor,-0.1444486412534285,48.0,2973.47,2950.01,0.003292449562296129,-0.019983386413853,-0.007889771882682362,0.2474195002728803,-0.040281219385697176
ETH/USDT,2025-12-19 07:07:00+00:00,2025-12-19 07:56:00+00:00,trailing_prob_drop,-0.1294528167277993,49.0,2973.47,2952.67,0.003292449562296129,-0.019983386413853,-0.006995194167084162,0.24629572556364243,-0.04114581040211074
ETH/USDT,2025-12-19 07:07:00+00:00,2025-12-19 08:00:00+00:00,trailing_prob_drop,-0.1353286101083679,53.0,2973.47,2951.53,0.003292449562296129,-0.019983386413853,-0.007378584616626216,0.2467770952692332,-0.040775462217900627
ETH/USDT,2025-12-19 07:07:00+00:00,2025-12-19 08:02:00+00:00,trailing_prob_drop,-0.1046685056383795,55.0,2973.47,2956.63,0.003292449562296129,-0.019983386413853,-0.005663416816043099,0.24462648353023542,-0.042430063957952235
ETH/USDT,2025-12-19 07:07:00+00:00,2025-12-19 08:09:00+00:00,gate_close,-0.0671683783518868,62.0,2973.47,2961.38,0.003292449562296129,-0.019983386413853,-0.004065956609617616,0.24263012514435833,-0.04396598882953229
ETH/USDT,2025-12-19 07:07:00+00:00,2025-12-19 08:19:00+00:00,trailing_prob_drop,-0.1203289532919502,72.0,2973.47,2954.04,0.003292449562296129,-0.019983386413853,-0.00653445301280986,0.24571772894070487,-0.04019241445613464
ETH/USDT,2025-12-19 07:07:00+00:00,2025-12-19 08:20:00+00:00,trailing_prob_drop,-0.1142085381059784,73.0,2973.47,2955.24,0.003292449562296129,-0.019983386413853,-0.006130884118555113,0.24521189480380623,-0.040582152380178926
ETH/USDT,2025-12-19 07:07:00+00:00,2025-12-19 08:23:00+00:00,prob_floor,-0.1325686006892081,76.0,2973.47,2952.18,0.003292449562296129,-0.019983386413853,-0.007159984798905006,0.24650258453075358,-0.039587694517271954
ETH/USDT,2025-12-19 07:07:00+00:00,2025-12-19 08:24:00+00:00,prob_floor,-0.1340086056031887,77.0,2973.47,2951.56,0.003292449562296129,-0.019983386413853,-0.0073684953942699805,0.2467644228814594,-0.03938595183563942
ETH/USDT,2025-12-19 07:07:00+00:00,2025-12-19 08:25:00+00:00,prob_floor,-0.1419886328492984,78.0,2973.47,2950.42,0.003292449562296129,-0.019983386413853,-0.007751885843812034,0.24724615478474243,-0.03901478433578953
ETH/USDT,2025-12-19 07:07:00+00:00,2025-12-19 08:26:00+00:00,prob_floor,-0.1439686396134151,79.0,2973.47,2950.09,0.003292449562296129,-0.019983386413853,-0.007862867289732067,0.24738567297946834,-0.038907287574277416
ETH/USDT,2025-12-19 07:07:00+00:00,2025-12-19 08:27:00+00:00,prob_floor,-0.1467886492497665,80.0,2973.47,2949.62,0.003292449562296129,-0.019983386413853,-0.00802093177331531,0.24758443460513568,-0.038754144601677476
ETH/USDT,2025-12-19 07:07:00+00:00,2025-12-19 08:28:00+00:00,trailing_prob_drop,-0.177568754629598,81.0,2973.47,2944.48,0.003292449562296129,-0.019983386413853,-0.00974955187037363,0.24976226702168125,-0.03707615606151171
ETH/USDT,2025-12-19 07:07:00+00:00,2025-12-19 08:30:00+00:00,prob_floor,-0.1908888003464842,83.0,2973.47,2942.56,0.003292449562296129,-0.019983386413853,-0.010395262101181357,0.2505777282366375,-0.036447854929041346
ETH/USDT,2025-12-19 07:07:00+00:00,2025-12-19 08:31:00+00:00,prob_floor,-0.2033088430365915,84.0,2973.47,2940.19,0.003292449562296129,-0.019983386413853,-0.011192310667334726,0.2515857818712397,-0.035671164108441955
ETH/USDT,2025-12-19 07:07:00+00:00,2025-12-19 08:33:00+00:00,prob_floor,-0.1704287301520673,86.0,2973.47,2945.68,0.003292449562296129,-0.019983386413853,-0.009345982976118772,0.24925314358654038,-0.03746842834252184
ETH/USDT,2025-12-19 07:07:00+00:00,2025-12-19 08:34:00+00:00,prob_floor,-0.1490086568379989,87.0,2973.47,2948.96,0.003292449562296129,-0.019983386413853,-0.008242894665155487,0.24786365362704132,-0.03853901036297547
ETH/USDT,2025-12-19 07:07:00+00:00,2025-12-19 08:35:00+00:00,prob_floor,-0.1452286439186413,88.0,2973.47,2949.87,0.003292449562296129,-0.019983386413853,-0.00793685492034557,0.24747870245129455,-0.03555071918423525
ETH/USDT,2025-12-19 07:07:00+00:00,2025-12-19 08:36:00+00:00,prob_floor,-0.1562086814615723,89.0,2973.47,2948.05,0.003292449562296129,-0.019983386413853,-0.008548934409965292,0.24824884245518208,-0.03495530944183445
ETH/USDT,2025-12-19 07:07:00+00:00,2025-12-19 08:37:00+00:00,time_limit,-0.1526081639999981,90.0,2973.47,2948.63,0.003292449562296129,-0.019983386413853,-0.00835387611107552,0.24800331001176823,-0.03514513519838025
ETH/USDT,2025-12-19 08:41:00+00:00,2025-12-19 08:41:00+00:00,turnover_limit,0.0,,2951.0,2951.0,0.24700101660454088,-0.03592002710945441,0.0,0.24700101660454088,-0.03592002710945441
ETH/USDT,2025-12-19 08:42:00+00:00,2025-12-19 08:42:00+00:00,turnover_limit,0.0,,2950.32,2950.32,0.24728842972965648,-0.01248339163209422,0.0,0.24728842972965648,-0.01248339163209422
ETH/USDT,2025-12-19 08:43:00+00:00,2025-12-19 08:43:00+00:00,turnover_limit,0.0,,2948.28,2948.28,0.24815146458273962,-0.011800100397519997,0.0,0.24815146458273962,-0.011800100397519997
ETH/USDT,2025-12-19 08:45:00+00:00,2025-12-19 08:45:00+00:00,turnover_limit,0.0,,2950.07,2950.07,0.2473941296308222,-0.012399705769693736,0.0,0.2473941296308222,-0.012399705769693736
ETH/USDT,2025-12-19 08:46:00+00:00,2025-12-19 08:46:00+00:00,turnover_limit,0.0,,2951.94,2951.94,0.24660392826412458,-0.01302533249320792,0.0,0.24660392826412458,-0.01302533249320792
ETH/USDT,2025-12-19 08:48:00+00:00,2025-12-19 08:48:00+00:00,turnover_limit,0.0,,2950.75,2950.75,0.20170126239091757,-0.040183004320935356,0.0,0.20170126239091757,-0.040183004320935356
ETH/USDT,2025-12-19 08:50:00+00:00,2025-12-19 08:50:00+00:00,turnover_limit,0.0,,2953.74,2953.74,0.2004848090894935,-0.04115460399358095,0.0,0.2004848090894935,-0.04115460399358095
ETH/USDT,2025-12-19 08:52:00+00:00,2025-12-19 08:52:00+00:00,turnover_limit,0.0,,2952.08,2952.08,0.2011598601663913,-0.040615430476138914,0.0,0.2011598601663913,-0.040615430476138914
ETH/USDT,2025-12-19 08:53:00+00:00,2025-12-19 08:53:00+00:00,turnover_limit,0.0,,2953.46,2953.46,0.2005986199237504,-0.041063701556818155,0.0,0.2005986199237504,-0.041063701556818155
ETH/USDT,2025-12-19 08:55:00+00:00,2025-12-19 08:55:00+00:00,turnover_limit,0.0,,2952.46,2952.46,0.20100526340746372,-0.04073890924855894,0.0,0.20100526340746372,-0.04073890924855894
ETH/USDT,2025-12-19 08:56:00+00:00,2025-12-19 08:56:00+00:00,turnover_limit,0.0,,2952.94,2952.94,0.20081004016336257,-0.04089483700989527,0.0,0.20081004016336257,-0.04089483700989527
ETH/USDT,2025-12-19 08:57:00+00:00,2025-12-19 08:57:00+00:00,turnover_limit,0.0,,2952.22,2952.22,0.20110289883545285,-0.04066092635372698,0.0,0.20110289883545285,-0.04066092635372698
ETH/USDT,2025-12-19 08:59:00+00:00,2025-12-19 08:59:00+00:00,turnover_limit,0.0,,2951.75,2951.75,0.20129414753959507,-0.0405081731176421,0.0,0.20129414753959507,-0.0405081731176421
ETH/USDT,2025-12-19 09:00:00+00:00,2025-12-19 09:00:00+00:00,turnover_limit,0.0,,2951.62,2951.62,0.2013470568704645,-0.040465913633868866,0.0,0.2013470568704645,-0.040465913633868866
ETH/USDT,2025-12-19 09:01:00+00:00,2025-12-19 09:01:00+00:00,turnover_limit,0.0,,2948.8,2948.8,0.2024959305480194,-0.03954829083016831,0.0,0.2024959305480194,-0.03954829083016831
ETH/USDT,2025-12-19 09:02:00+00:00,2025-12-19 09:02:00+00:00,turnover_limit,0.0,,2946.46,2946.46,0.20095640191959174,-0.03878552568166549,0.0,0.20095640191959174,-0.03878552568166549
ETH/USDT,2025-12-19 09:11:00+00:00,2025-12-19 09:11:00+00:00,turnover_limit,0.0,,2953.52,2953.52,0.19808567404317556,-0.041083182101357085,0.0,0.19808567404317556,-0.041083182101357085
ETH/USDT,2025-12-19 09:12:00+00:00,2025-12-19 09:12:00+00:00,turnover_limit,0.0,,2953.65,2953.65,0.19803294229174084,-0.04112538723274606,0.0,0.19803294229174084,-0.04112538723274606
ETH/USDT,2025-12-19 09:13:00+00:00,2025-12-19 09:13:00+00:00,turnover_limit,0.0,,2951.73,2951.73,0.1988122219850732,-0.04050167190088527,0.0,0.1988122219850732,-0.04050167190088527
ETH/USDT,2025-12-19 09:17:00+00:00,2025-12-19 09:17:00+00:00,turnover_limit,0.0,,2950.51,2950.51,0.19930791625854516,-0.040104931011926914,0.0,0.19930791625854516,-0.040104931011926914
ETH/USDT,2025-12-19 09:20:00+00:00,2025-12-19 09:20:00+00:00,turnover_limit,0.0,,2951.78,2951.78,0.19879191538664798,-0.040517924777591974,0.0,0.19879191538664798,-0.040517924777591974
ETH/USDT,2025-12-19 09:22:00+00:00,2025-12-19 09:22:00+00:00,turnover_limit,0.0,,2951.36,2951.36,0.1989625121977665,-0.04038138349777742,0.0,0.1989625121977665,-0.04038138349777742
ETH/USDT,2025-12-19 09:24:00+00:00,2025-12-19 09:24:00+00:00,turnover_limit,0.0,,2951.71,2951.71,0.19882034481707223,-0.040495170596027474,0.0,0.19882034481707223,-0.040495170596027474
ETH/USDT,2025-12-19 09:25:00+00:00,2025-12-19 09:25:00+00:00,turnover_limit,0.0,,2951.16,2951.16,0.19904376584122874,-0.040316350180945815,0.0,0.19904376584122874,-0.040316350180945815
ETH/USDT,2025-12-19 09:28:00+00:00,2025-12-19 09:28:00+00:00,turnover_limit,0.0,,2955.75,2955.75,0.19718176435760815,-0.041806648058868356,0.0,0.19718176435760815,-0.041806648058868356
ETH/USDT,2025-12-19 09:29:00+00:00,2025-12-19 09:29:00+00:00,turnover_limit,0.0,,2955.64,2955.64,0.1972263198495081,-0.04177098699435655,0.0,0.1972263198495081,-0.04177098699435655
ETH/USDT,2025-12-19 09:30:00+00:00,2025-12-19 09:30:00+00:00,turnover_limit,0.0,,2954.14,2954.14,0.1978342258660728,-0.041284434725503916,0.0,0.1978342258660728,-0.041284434725503916
ETH/USDT,2025-12-19 09:32:00+00:00,2025-12-19 09:32:00+00:00,turnover_limit,0.0,,2958.06,2958.06,0.19624686449902984,-0.04255491775014708,0.0,0.19624686449902984,-0.04255491775014708
ETH/USDT,2025-12-19 09:33:00+00:00,2025-12-19 09:33:00+00:00,turnover_limit,0.0,,2959.25,2959.25,0.1957658190419871,-0.04293993410492525,0.0,0.1957658190419871,-0.04293993410492525
ETH/USDT,2025-12-19 09:35:00+00:00,2025-12-19 09:35:00+00:00,turnover_limit,0.0,,2951.86,2951.86,0.0036756485741193945,-0.04054392823507902,0.0,0.0036756485741193945,-0.04054392823507902
ETH/USDT,2025-12-19 09:36:00+00:00,2025-12-19 09:36:00+00:00,turnover_limit,0.0,,2951.08,2951.08,0.003940930100166717,-0.04029033438605534,0.0,0.003940930100166717,-0.04029033438605534
ETH/USDT,2025-12-19 09:41:00+00:00,2025-12-19 09:41:00+00:00,turnover_limit,0.0,,2950.61,2950.61,0.004100846943513314,-0.04013746310085042,0.0,0.004100846943513314,-0.04013746310085042
ETH/USDT,2025-12-19 09:42:00+00:00,2025-12-19 09:42:00+00:00,turnover_limit,0.0,,2950.68,2950.68,0.004077026312578891,-0.040160234251087834,0.0,0.004077026312578891,-0.040160234251087834
ETH/USDT,2025-12-19 09:53:00+00:00,2025-12-19 09:53:00+00:00,turnover_limit,0.0,,2953.66,2953.66,0.0030639951788629105,-0.002806687296438959,0.0,0.0030639951788629105,-0.002806687296438959
ETH/USDT,2025-12-19 09:54:00+00:00,2025-12-19 09:54:00+00:00,turnover_limit,0.0,,2954.37,2954.37,0.0028229368697896273,-0.0030463347515714556,0.0,0.0028229368697896273,-0.0030463347515714556
ETH/USDT,2025-12-19 09:55:00+00:00,2025-12-19 09:55:00+00:00,turnover_limit,0.0,,2953.79,2953.79,0.003019849075255987,-0.002850575023952251,0.0,0.003019849075255987,-0.002850575023952251
ETH/USDT,2025-12-19 09:56:00+00:00,2025-12-19 09:56:00+00:00,turnover_limit,0.0,,2952.46,2952.46,0.003471681242082969,-0.002401387317694459,0.0,0.003471681242082969,-0.002401387317694459
ETH/USDT,2025-12-19 09:57:00+00:00,2025-12-19 09:57:00+00:00,turnover_limit,0.0,,2953.65,2953.65,0.0030673911939465004,-0.0028033111573816383,0.0,0.0030673911939465004,-0.0028033111573816383
ETH/USDT,2025-12-19 09:58:00+00:00,2025-12-19 09:58:00+00:00,turnover_limit,0.0,,2954.34,2954.34,0.002833120087735397,-0.0030362111334512054,0.0,0.002833120087735397,-0.0030362111334512054
ETH/USDT,2025-12-19 09:59:00+00:00,2025-12-19 09:59:00+00:00,turnover_limit,0.0,,2955.51,2955.51,0.002436127774901653,-0.0034308799496535203,0.0,0.002436127774901653,-0.0034308799496535203
ETH/USDT,2025-12-19 10:00:00+00:00,2025-12-19 10:00:00+00:00,turnover_limit,0.0,,2955.32,2955.32,0.0025005752338156384,-0.0033668096855840046,0.0,0.0025005752338156384,-0.0033668096855840046
ETH/USDT,2025-12-19 10:01:00+00:00,2025-12-19 10:01:00+00:00,turnover_limit,0.0,,2956.39,2956.39,0.002137742314106017,-0.0037275190350393173,0.0,0.002137742314106017,-0.0037275190350393173
ETH/USDT,2025-12-19 10:02:00+00:00,2025-12-19 10:02:00+00:00,turnover_limit,0.0,,2959.3,2959.3,0.0011522995302943873,-0.0047071942689150825,0.0,0.0011522995302943873,-0.0047071942689150825
ETH/USDT,2025-12-19 10:04:00+00:00,2025-12-19 10:04:00+00:00,turnover_limit,0.0,,2962.44,2962.44,9.11410864017359e-05,-0.005762142018066241,0.0,9.11410864017359e-05,-0.005762142018066241
ETH/USDT,2025-12-19 10:05:00+00:00,2025-12-19 10:05:00+00:00,turnover_limit,0.0,,2960.59,2960.59,0.0007160734853526307,-0.005140867192012455,0.0,0.0007160734853526307,-0.005140867192012455
ETH/USDT,2025-12-19 10:06:00+00:00,2025-12-19 10:06:00+00:00,turnover_limit,0.0,,2959.93,2959.93,0.0006182578642064396,-0.0035642734794403275,0.0,0.0006182578642064396,-0.0035642734794403275
ETH/USDT,2025-12-19 10:07:00+00:00,2025-12-19 10:07:00+00:00,turnover_limit,0.0,,2954.52,2954.52,0.0018310926986446763,-0.001739707295939752,0.0,0.0018310926986446763,-0.001739707295939752
ETH/USDT,2025-12-19 10:12:00+00:00,2025-12-19 10:12:00+00:00,turnover_limit,0.0,,2955.6,2955.6,0.0010590066314792868,-0.0021044796318852033,0.0,0.0010590066314792868,-0.0021044796318852033
ETH/USDT,2025-12-19 10:13:00+00:00,2025-12-19 10:13:00+00:00,turnover_limit,0.0,,2955.85,2955.85,0.0016847945599405278,-0.0021888796792800536,0.0,0.0016847945599405278,-0.0021888796792800536
ETH/USDT,2025-12-19 10:15:00+00:00,2025-12-19 10:15:00+00:00,turnover_limit,0.0,,2956.93,2956.93,0.0014001007802011411,-0.0025533238865984575,0.0,0.0014001007802011411,-0.0025533238865984575
ETH/USDT,2025-12-19 10:16:00+00:00,2025-12-19 10:16:00+00:00,turnover_limit,0.0,,2958.15,2958.15,0.0009871034261277334,-0.002964690769568845,0.0,0.0009871034261277334,-0.002964690769568845
ETH/USDT,2025-12-19 10:17:00+00:00,2025-12-19 10:17:00+00:00,turnover_limit,0.0,,2958.34,2958.34,0.0009228148218256571,-0.0030287255690691905,0.0,0.0009228148218256571,-0.0030287255690691905
ETH/USDT,2025-12-19 10:18:00+00:00,2025-12-19 10:18:00+00:00,turnover_limit,0.0,,2954.65,2954.65,0.0021728461915964115,-0.001783629194659242,0.0,0.0021728461915964115,-0.001783629194659242
ETH/USDT,2025-12-19 10:22:00+00:00,2025-12-19 10:22:00+00:00,turnover_limit,0.0,,2955.32,2955.32,0.0026156219969410976,-0.002009934626368781,0.0,0.0026156219969410976,-0.002009934626368781
ETH/USDT,2025-12-19 10:23:00+00:00,2025-12-19 10:23:00+00:00,turnover_limit,0.0,,2952.84,2952.84,0.003457688191706998,-0.0011717532951328602,0.0,0.003457688191706998,-0.0011717532951328602
ETH/USDT,2025-12-19 10:24:00+00:00,2025-12-19 10:24:00+00:00,turnover_limit,0.0,,2954.66,2954.66,0.0028395822192741615,-0.001787007642165217,0.0,0.0028395822192741615,-0.001787007642165217
ETH/USDT,2025-12-19 10:25:00+00:00,2025-12-19 10:25:00+00:00,turnover_limit,0.0,,2957.34,2957.34,0.001930789155119239,-0.0026916079990803032,0.0,0.001930789155119239,-0.0026916079990803032
ETH/USDT,2025-12-19 10:26:00+00:00,2025-12-19 10:26:00+00:00,turnover_limit,0.0,,2954.75,2954.75,0.0028090362974870775,-0.001817412640663263,0.0,0.0028090362974870775,-0.001817412640663263
ETH/USDT,2025-12-19 10:27:00+00:00,2025-12-19 10:27:00+00:00,turnover_limit,0.0,,2954.71,2954.71,0.0028226120329915005,-0.0018038995366719268,0.0,0.0028226120329915005,-0.0018038995366719268
ETH/USDT,2025-12-19 10:43:00+00:00,2025-12-19 10:43:00+00:00,turnover_limit,0.0,,2950.58,2950.58,0.006649540090422956,-3.389164164335767e-05,0.0,0.006649540090422956,-3.389164164335767e-05
ETH/USDT,2025-12-19 10:45:00+00:00,2025-12-19 10:45:00+00:00,turnover_limit,0.0,,2952.72,2952.72,0.006106234251808562,-0.000758622558183597,0.0,0.006106234251808562,-0.000758622558183597
ETH/USDT,2025-12-19 10:46:00+00:00,2025-12-19 10:46:00+00:00,turnover_limit,0.0,,2953.45,2953.45,0.00585755641707153,-0.001005603616109907,0.0,0.00585755641707153,-0.001005603616109907
ETH/USDT,2025-12-19 10:47:00+00:00,2025-12-19 10:47:00+00:00,turnover_limit,0.0,,2953.45,2953.45,0.00585755641707153,-0.001005603616109907,0.0,0.00585755641707153,-0.001005603616109907
ETH/USDT,2025-12-19 10:49:00+00:00,2025-12-19 10:49:00+00:00,turnover_limit,0.0,,2953.71,2953.71,0.005769015915577436,-0.001093539988692216,0.0,0.005769015915577436,-0.001093539988692216
ETH/USDT,2025-12-19 10:50:00+00:00,2025-12-19 10:50:00+00:00,turnover_limit,0.0,,2952.83,2952.83,0.006068754381389985,-0.0007958466962202371,0.0,0.006068754381389985,-0.0007958466962202371
ETH/USDT,2025-12-19 10:51:00+00:00,2025-12-19 10:51:00+00:00,turnover_limit,0.0,,2955.51,2955.51,0.005156470456875395,-0.0017019059316328855,0.0,0.005156470456875395,-0.0017019059316328855
ETH/USDT,2025-12-19 10:52:00+00:00,2025-12-19 10:52:00+00:00,turnover_limit,0.0,,2954.47,2954.47,0.01571517057204863,-0.0013504960280523726,0.0,0.01571517057204863,-0.0013504960280523726
ETH/USDT,2025-12-19 10:53:00+00:00,2025-12-19 10:53:00+00:00,turnover_limit,0.0,,2955.65,2955.65,0.015309661157444143,-0.0017491922250605363,0.0,0.015309661157444143,-0.0017491922250605363
ETH/USDT,2025-12-19 10:54:00+00:00,2025-12-19 10:54:00+00:00,turnover_limit,0.0,,2954.85,2954.85,0.015584547438956431,-0.0014789244800920143,0.0,0.015584547438956431,-0.0014789244800920143
ETH/USDT,2025-12-19 10:55:00+00:00,2025-12-19 10:55:00+00:00,turnover_limit,0.0,,2955.21,2955.21,0.015460830194808484,-0.0016005630733517684,0.0,0.015460830194808484,-0.0016005630733517684
ETH/USDT,2025-12-19 10:56:00+00:00,2025-12-19 10:56:00+00:00,turnover_limit,0.0,,2954.79,2954.79,0.015605169910552164,-0.0014586484995549043,0.0,0.015605169910552164,-0.0014586484995549043
ETH/USDT,2025-12-19 10:57:00+00:00,2025-12-19 10:57:00+00:00,turnover_limit,0.0,,2954.79,2954.79,0.015605169910552164,-0.0014586484995549043,0.0,0.015605169910552164,-0.0014586484995549043
ETH/USDT,2025-12-19 10:58:00+00:00,2025-12-19 10:58:00+00:00,turnover_limit,0.0,,2953.72,2953.72,0.015973078016873643,-0.0010969218477038245,0.0,0.015973078016873643,-0.0010969218477038245
ETH/USDT,2025-12-19 10:59:00+00:00,2025-12-19 10:59:00+00:00,turnover_limit,0.0,,2954.51,2954.51,0.015701419186261,-0.0013640163681964967,0.0,0.015701419186261,-0.0013640163681964967
ETH/USDT,2025-12-19 11:00:00+00:00,2025-12-19 11:00:00+00:00,turnover_limit,0.0,,2951.24,2951.24,0.01682682533443569,-0.00025751887342262414,0.0,0.01682682533443569,-0.00025751887342262414
ETH/USDT,2025-12-19 11:03:00+00:00,2025-12-19 11:03:00+00:00,turnover_limit,0.0,,2951.32,2951.32,0.01679926270279064,-0.0002846184080343983,0.0,0.01679926270279064,-0.0002846184080343983
ETH/USDT,2025-12-19 11:05:00+00:00,2025-12-19 11:05:00+00:00,turnover_limit,0.0,,2951.27,2951.27,0.016816489172458038,-0.0002676813710706938,0.0,0.016816489172458038,-0.0002676813710706938
ETH/USDT,2025-12-19 11:07:00+00:00,2025-12-19 11:07:00+00:00,turnover_limit,0.0,,2952.86,2952.86,0.016268973131133846,-0.0014358960465448156,0.0,0.016268973131133846,-0.0014358960465448156
ETH/USDT,2025-12-19 11:11:00+00:00,2025-12-19 11:11:00+00:00,turnover_limit,0.0,,2956.75,2956.75,0.014931935402046292,-0.0033415067219075834,0.0,0.014931935402046292,-0.0033415067219075834
ETH/USDT,2025-12-19 11:12:00+00:00,2025-12-19 11:12:00+00:00,turnover_limit,0.0,,2956.91,2956.91,0.01487701688587073,-0.010115289271570571,0.0,0.01487701688587073,-0.010115289271570571
ETH/USDT,2025-12-19 11:13:00+00:00,2025-12-19 11:13:00+00:00,turnover_limit,0.0,,2960.83,2960.83,0.013533367332808854,-0.011425850183901076,0.0,0.013533367332808854,-0.011425850183901076
ETH/USDT,2025-12-19 11:14:00+00:00,2025-12-19 11:14:00+00:00,turnover_limit,0.0,,2960.0,2960.0,0.013817567567567579,-0.011148648648648618,0.0,0.013817567567567579,-0.011148648648648618
ETH/USDT,2025-12-19 11:15:00+00:00,2025-12-19 11:15:00+00:00,turnover_limit,0.0,,2958.87,2958.87,0.014204747082501079,-0.010771003795367773,0.0,0.014204747082501079,-0.010771003795367773
ETH/USDT,2025-12-19 11:16:00+00:00,2025-12-19 11:16:00+00:00,turnover_limit,0.0,,2957.27,2957.27,0.20311300625238804,-0.010235791794459104,0.0,0.20311300625238804,-0.010235791794459104
ETH/USDT,2025-12-19 11:17:00+00:00,2025-12-19 11:17:00+00:00,turnover_limit,0.0,,2957.04,2957.04,0.20320658496334176,-0.010158807456104757,0.0,0.20320658496334176,-0.010158807456104757
ETH/USDT,2025-12-19 11:18:00+00:00,2025-12-19 11:18:00+00:00,turnover_limit,0.0,,2957.63,2957.63,0.20296656444518058,-0.010356264982435248,0.0,0.20296656444518058,-0.010356264982435248
ETH/USDT,2025-12-19 11:19:00+00:00,2025-12-19 11:19:00+00:00,turnover_limit,0.0,,2957.19,2957.19,0.20314555371822562,-0.010209015991532566,0.0,0.20314555371822562,-0.010209015991532566
ETH/USDT,2025-12-19 11:20:00+00:00,2025-12-19 11:20:00+00:00,turnover_limit,0.0,,2959.77,2959.77,0.20209678454744795,-0.011071806255215755,0.0,0.20209678454744795,-0.011071806255215755
ETH/USDT,2025-12-19 11:21:00+00:00,2025-12-19 11:21:00+00:00,turnover_limit,0.0,,2961.71,2961.71,0.20130937870351917,-0.011719580917780581,0.0,0.20130937870351917,-0.011719580917780581
ETH/USDT,2025-12-19 11:22:00+00:00,2025-12-19 11:22:00+00:00,turnover_limit,0.0,,2957.72,2957.72,0.2029299595634475,-0.01038637869710446,0.0,0.2029299595634475,-0.01038637869710446
ETH/USDT,2025-12-19 11:23:00+00:00,2025-12-19 11:23:00+00:00,turnover_limit,0.0,,2955.95,2955.95,0.20365026472031,-0.009793805713898984,0.0,0.20365026472031,-0.009793805713898984
ETH/USDT,2025-12-19 11:25:00+00:00,2025-12-19 11:25:00+00:00,turnover_limit,0.0,,2960.64,2960.64,0.2017435419368785,-0.01136240812797229,0.0,0.2017435419368785,-0.01136240812797229
ETH/USDT,2025-12-19 11:26:00+00:00,2025-12-19 11:26:00+00:00,turnover_limit,0.0,,2960.9,2960.9,0.20163801546826976,-0.011449221520483666,0.0,0.20163801546826976,-0.011449221520483666
ETH/USDT,2025-12-19 11:28:00+00:00,2025-12-19 11:28:00+00:00,turnover_limit,0.0,,2963.26,2963.26,0.20068100672907518,-0.012236523288540413,0.0,0.20068100672907518,-0.012236523288540413
ETH/USDT,2025-12-19 11:29:00+00:00,2025-12-19 11:29:00+00:00,turnover_limit,0.0,,2963.74,2963.74,0.20048654740294358,-0.012396499018132445,0.0,0.20048654740294358,-0.012396499018132445
ETH/USDT,2025-12-19 11:30:00+00:00,2025-12-19 11:30:00+00:00,turnover_limit,0.0,,2962.94,2962.94,0.2008106812827799,-0.012129844006291024,0.0,0.2008106812827799,-0.012129844006291024
ETH/USDT,2025-12-19 11:31:00+00:00,2025-12-19 11:31:00+00:00,turnover_limit,0.0,,2967.75,2967.75,0.1988644596074467,-0.013730940948530002,0.0,0.1988644596074467,-0.013730940948530002
ETH/USDT,2025-12-19 11:32:00+00:00,2025-12-19 11:32:00+00:00,turnover_limit,0.0,,2966.69,2966.69,0.19929281455089676,-0.013378546460870555,0.0,0.19929281455089676,-0.013378546460870555
ETH/USDT,2025-12-19 11:33:00+00:00,2025-12-19 11:33:00+00:00,turnover_limit,0.0,,2965.3,2965.3,0.19985498937712864,-0.012916062455738064,0.0,0.19985498937712864,-0.012916062455738064
ETH/USDT,2025-12-19 11:34:00+00:00,2025-12-19 11:34:00+00:00,turnover_limit,0.0,,2970.2,2970.2,0.19787556393508865,-0.014544475119520506,0.0,0.19787556393508865,-0.014544475119520506
ETH/USDT,2025-12-19 11:35:00+00:00,2025-12-19 11:35:00+00:00,turnover_limit,0.0,,2965.39,2965.39,0.19981857361089106,-0.012946020590883456,0.0,0.19981857361089106,-0.012946020590883456
ETH/USDT,2025-12-19 11:36:00+00:00,2025-12-19 11:36:00+00:00,turnover_limit,0.0,,2962.56,2962.56,0.20096470620004325,-0.012003132426009921,0.0,0.20096470620004325,-0.012003132426009921
ETH/USDT,2025-12-19 11:37:00+00:00,2025-12-19 11:37:00+00:00,turnover_limit,0.0,,2964.91,2964.91,0.20001281657790626,-0.012786222853307438,0.0,0.20001281657790626,-0.012786222853307438
ETH/USDT,2025-12-19 11:38:00+00:00,2025-12-19 11:38:00+00:00,turnover_limit,0.0,,2964.5,2964.5,0.20017878225670427,-0.012649687974363277,0.0,0.20017878225670427,-0.012649687974363277
ETH/USDT,2025-12-19 11:39:00+00:00,2025-12-19 11:39:00+00:00,turnover_limit,0.0,,2964.9,2964.9,0.20001686397517604,-0.012782893183581279,0.0,0.20001686397517604,-0.012782893183581279
ETH/USDT,2025-12-19 11:40:00+00:00,2025-12-19 11:40:00+00:00,turnover_limit,0.0,,2965.91,2965.91,0.19960821467947443,-0.013119076438597221,0.0,0.19960821467947443,-0.013119076438597221
ETH/USDT,2025-12-19 11:41:00+00:00,2025-12-19 11:41:00+00:00,turnover_limit,0.0,,2967.4,2967.4,0.19900586371908058,-0.013614612118352798,0.0,0.19900586371908058,-0.013614612118352798
ETH/USDT,2025-12-19 11:42:00+00:00,2025-12-19 11:42:00+00:00,turnover_limit,0.0,,2967.91,2967.91,0.19879982883577996,-0.01378411070416552,0.0,0.19879982883577996,-0.01378411070416552
ETH/USDT,2025-12-19 11:43:00+00:00,2025-12-19 11:43:00+00:00,turnover_limit,0.0,,2969.98,2969.98,0.19796429605586563,-0.014471477922410214,0.0,0.19796429605586563,-0.014471477922410214
ETH/USDT,2025-12-19 11:44:00+00:00,2025-12-19 11:44:00+00:00,turnover_limit,0.0,,2969.68,2969.68,0.19808531558955855,-0.014371918859944488,0.0,0.19808531558955855,-0.014371918859944488
ETH/USDT,2025-12-19 11:45:00+00:00,2025-12-19 11:45:00+00:00,turnover_limit,0.0,,2970.1,2970.1,0.19791589508770757,-0.014511295915962341,0.0,0.19791589508770757,-0.014511295915962341
ETH/USDT,2025-12-19 11:46:00+00:00,2025-12-19 11:46:00+00:00,turnover_limit,0.0,,2969.3,2969.3,0.1982386421041995,-0.014245781834102411,0.0,0.1982386421041995,-0.014245781834102411
ETH/USDT,2025-12-19 11:48:00+00:00,2025-12-19 11:48:00+00:00,turnover_limit,0.0,,2970.0,2970.0,0.19795622895622889,-0.014478114478114423,0.0,0.19795622895622889,-0.014478114478114423
ETH/USDT,2025-12-19 11:49:00+00:00,2025-12-19 11:49:00+00:00,turnover_limit,0.0,,2969.68,2969.68,0.19808531558955855,-0.014371918859944488,0.0,0.19808531558955855,-0.014371918859944488
ETH/USDT,2025-12-19 11:50:00+00:00,2025-12-19 11:50:00+00:00,turnover_limit,0.0,,2969.03,2969.03,0.19834760847818966,-0.014156138536828622,0.0,0.19834760847818966,-0.014156138536828622
ETH/USDT,2025-12-19 11:51:00+00:00,2025-12-19 11:51:00+00:00,turnover_limit,0.0,,2970.74,2970.74,0.19765782263005183,-0.014723604219823994,0.0,0.19765782263005183,-0.014723604219823994
ETH/USDT,2025-12-19 11:52:00+00:00,2025-12-19 11:52:00+00:00,turnover_limit,0.0,,2965.5,2965.5,0.19977406845388623,-0.01298263361996288,0.0,0.19977406845388623,-0.01298263361996288
ETH/USDT,2025-12-19 11:54:00+00:00,2025-12-19 11:54:00+00:00,turnover_limit,0.0,,2966.41,2966.41,0.19940601602610553,-0.013285419075582894,0.0,0.19940601602610553,-0.013285419075582894
ETH/USDT,2025-12-19 11:55:00+00:00,2025-12-19 11:55:00+00:00,turnover_limit,0.0,,2965.19,2965.19,0.19989950053790806,-0.012879444487537084,0.0,0.19989950053790806,-0.012879444487537084
ETH/USDT,2025-12-19 11:56:00+00:00,2025-12-19 11:56:00+00:00,turnover_limit,0.0,,2965.18,2965.18,0.19990354717082948,-0.012876115446617042,0.0,0.19990354717082948,-0.012876115446617042
ETH/USDT,2025-12-19 12:15:00+00:00,2025-12-19 12:15:00+00:00,turnover_limit,0.0,,2964.7,2964.7,0.20009781765440016,-0.005970249940972061,0.0,0.20009781765440016,-0.005970249940972061
ETH/USDT,2025-12-19 12:22:00+00:00,2025-12-19 12:22:00+00:00,turnover_limit,0.0,,2959.0,2959.0,0.20214261574856374,-0.004055424129773555,0.0,0.20214261574856374,-0.004055424129773555
ETH/USDT,2025-12-19 12:23:00+00:00,2025-12-19 12:23:00+00:00,turnover_limit,0.0,,2957.69,2957.69,0.2037197948398919,-0.003614307111292958,0.0,0.2037197948398919,-0.003614307111292958
ETH/USDT,2025-12-19 12:24:00+00:00,2025-12-19 12:24:00+00:00,turnover_limit,0.0,,2958.1,2958.1,0.2035529562895102,-0.0037524086406814927,0.0,0.2035529562895102,-0.0037524086406814927
ETH/USDT,2025-12-19 12:25:00+00:00,2025-12-19 12:25:00+00:00,turnover_limit,0.0,,2959.01,2959.01,0.20318282128144194,-0.004058789933119589,0.0,0.20318282128144194,-0.004058789933119589
ETH/USDT,2025-12-19 12:26:00+00:00,2025-12-19 12:26:00+00:00,turnover_limit,0.0,,2959.01,2959.01,0.20318282128144194,-0.004058789933119589,0.0,0.20318282128144194,-0.004058789933119589
ETH/USDT,2025-12-19 12:28:00+00:00,2025-12-19 12:28:00+00:00,turnover_limit,0.0,,2958.49,2958.49,0.20339429911880735,-0.0038837379879600453,0.0,0.20339429911880735,-0.0038837379879600453
ETH/USDT,2025-12-19 12:34:00+00:00,2025-12-19 12:34:00+00:00,turnover_limit,0.0,,2958.29,2958.29,0.20347565654482835,-0.005449093902220481,0.0,0.20347565654482835,-0.005449093902220481
ETH/USDT,2025-12-19 12:35:00+00:00,2025-12-19 12:35:00+00:00,turnover_limit,0.0,,2956.15,2956.15,0.20434687008440022,-0.00472912402956549,0.0,0.20434687008440022,-0.00472912402956549
ETH/USDT,2025-12-19 12:39:00+00:00,2025-12-19 12:39:00+00:00,turnover_limit,0.0,,2959.73,2959.73,0.20289012849145016,-0.0059329736158365565,0.0,0.20289012849145016,-0.0059329736158365565
ETH/USDT,2025-12-19 12:40:00+00:00,2025-12-19 12:40:00+00:00,turnover_limit,0.0,,2959.63,2959.63,0.20293077175187446,-0.005899386071907653,0.0,0.20293077175187446,-0.005899386071907653
ETH/USDT,2025-12-19 12:42:00+00:00,2025-12-19 12:42:00+00:00,turnover_limit,0.0,,2958.06,2958.06,0.2035692311853039,-0.005371763926357076,0.0,0.2035692311853039,-0.005371763926357076
ETH/USDT,2025-12-19 12:43:00+00:00,2025-12-19 12:43:00+00:00,turnover_limit,0.0,,2957.99,2957.99,0.20359771331208032,-0.005348226329365491,0.0,0.20359771331208032,-0.005348226329365491
ETH/USDT,2025-12-19 12:44:00+00:00,2025-12-19 12:44:00+00:00,turnover_limit,0.0,,2957.56,2957.56,0.20377270452670437,-0.0052036137897455426,0.0,0.20377270452670437,-0.0052036137897455426
ETH/USDT,2025-12-19 12:45:00+00:00,2025-12-19 12:45:00+00:00,turnover_limit,0.0,,2958.83,2958.83,0.20325601673634508,-0.005630603988738714,0.0,0.20325601673634508,-0.005630603988738714
ETH/USDT,2025-12-19 12:47:00+00:00,2025-12-19 12:47:00+00:00,turnover_limit,0.0,,2961.16,2961.16,0.20230923016655633,-0.006413027327128451,0.0,0.20230923016655633,-0.006413027327128451
ETH/USDT,2025-12-19 12:48:00+00:00,2025-12-19 12:48:00+00:00,turnover_limit,0.0,,2963.0,2963.0,0.20156260546743177,-0.007030037124535871,0.0,0.20156260546743177,-0.007030037124535871
ETH/USDT,2025-12-19 12:49:00+00:00,2025-12-19 12:49:00+00:00,turnover_limit,0.0,,2963.07,2963.07,0.20153421957631767,-0.007053495192486214,0.0,0.20153421957631767,-0.007053495192486214
ETH/USDT,2025-12-19 12:50:00+00:00,2025-12-19 12:50:00+00:00,turnover_limit,0.0,,2961.67,2961.67,0.20210219234418414,-0.0065841231467381744,0.0,0.20210219234418414,-0.0065841231467381744
ETH/USDT,2025-12-19 12:51:00+00:00,2025-12-19 12:51:00+00:00,turnover_limit,0.0,,2958.36,2958.36,0.20344718019443198,-0.005472626725618213,0.0,0.20344718019443198,-0.005472626725618213
ETH/USDT,2025-12-19 12:52:00+00:00,2025-12-19 12:52:00+00:00,turnover_limit,0.0,,2957.3,2957.3,0.20387853785547616,-0.00511615324789505,0.0,0.20387853785547616,-0.00511615324789505
ETH/USDT,2025-12-19 12:54:00+00:00,2025-12-19 12:54:00+00:00,turnover_limit,0.0,,2956.77,2956.77,0.20409433266706567,-0.004937820662411996,0.0,0.20409433266706567,-0.004937820662411996
ETH/USDT,2025-12-19 12:57:00+00:00,2025-12-19 12:57:00+00:00,turnover_limit,0.0,,2956.35,2956.35,0.20426539482808193,-0.004796455088199925,0.0,0.20426539482808193,-0.004796455088199925
ETH/USDT,2025-12-19 13:05:00+00:00,2025-12-19 13:05:00+00:00,turnover_limit,0.0,,2961.66,2961.66,0.20210625122397574,-0.006580768893120648,0.0,0.20210625122397574,-0.006580768893120648
ETH/USDT,2025-12-19 13:06:00+00:00,2025-12-19 13:06:00+00:00,turnover_limit,0.0,,2961.69,2961.69,0.20209407466682872,-0.0065908315860201405,0.0,0.20209407466682872,-0.0065908315860201405
ETH/USDT,2025-12-19 13:07:00+00:00,2025-12-19 13:07:00+00:00,turnover_limit,0.0,,2961.88,2961.88,0.2020169621996839,-0.006654557240671433,0.0,0.2020169621996839,-0.006654557240671433
ETH/USDT,2025-12-19 13:08:00+00:00,2025-12-19 13:08:00+00:00,turnover_limit,0.0,,2961.1,2961.1,0.2023335922461249,-0.006392894532437188,0.0,0.2023335922461249,-0.006392894532437188
ETH/USDT,2025-12-19 13:09:00+00:00,2025-12-19 13:09:00+00:00,turnover_limit,0.0,,2959.55,2959.55,0.2029632883377539,-0.005872514402527451,0.0,0.2029632883377539,-0.005872514402527451
ETH/USDT,2025-12-19 13:10:00+00:00,2025-12-19 13:10:00+00:00,turnover_limit,0.0,,2959.79,2959.79,0.20286574385344913,-0.005953125052790886,0.0,0.20286574385344913,-0.005953125052790886
ETH/USDT,2025-12-19 13:11:00+00:00,2025-12-19 13:11:00+00:00,turnover_limit,0.0,,2957.23,2957.23,0.20390703462361737,-0.00509260355129626,0.0,0.20390703462361737,-0.00509260355129626
ETH/USDT,2025-12-19 13:12:00+00:00,2025-12-19 13:12:00+00:00,turnover_limit,0.0,,2960.33,2960.33,0.2026463265919678,-0.006134451226721294,0.0,0.2026463265919678,-0.006134451226721294
ETH/USDT,2025-12-19 13:13:00+00:00,2025-12-19 13:13:00+00:00,turnover_limit,0.0,,2961.61,2961.61,0.20212654603408287,-0.006563997285260359,0.0,0.20212654603408287,-0.006563997285260359
ETH/USDT,2025-12-19 13:15:00+00:00,2025-12-19 13:15:00+00:00,turnover_limit,0.0,,2962.47,2962.47,0.20177757074333247,-0.0068523900663971515,0.0,0.20177757074333247,-0.0068523900663971515
ETH/USDT,2025-12-19 13:17:00+00:00,2025-12-19 13:17:00+00:00,turnover_limit,0.0,,2962.16,2962.16,0.20190334080535832,-0.006748453830988099,0.0,0.20190334080535832,-0.006748453830988099
ETH/USDT,2025-12-19 13:18:00+00:00,2025-12-19 13:18:00+00:00,turnover_limit,0.0,,2959.37,2959.37,0.20303645708377127,-0.005812047834505285,0.0,0.20303645708377127,-0.005812047834505285
ETH/USDT,2025-12-19 13:20:00+00:00,2025-12-19 13:20:00+00:00,turnover_limit,0.0,,2959.39,2959.39,0.2030283267835602,-0.005818766705300682,0.0,0.2030283267835602,-0.005818766705300682
ETH/USDT,2025-12-19 13:24:00+00:00,2025-12-19 13:24:00+00:00,turnover_limit,0.0,,2963.39,2963.39,0.012158372674538453,-0.007160717961523733,0.0,0.012158372674538453,-0.007160717961523733
ETH/USDT,2025-12-19 13:25:00+00:00,2025-12-19 13:25:00+00:00,turnover_limit,0.0,,2964.26,2964.26,0.011861307712548674,-0.007452112837605385,0.0,0.011861307712548674,-0.007452112837605385
ETH/USDT,2025-12-19 13:26:00+00:00,2025-12-19 13:26:00+00:00,turnover_limit,0.0,,2965.8,2965.8,0.01133589587969519,-0.01325106210803162,0.0,0.01133589587969519,-0.01325106210803162
ETH/USDT,2025-12-19 13:28:00+00:00,2025-12-19 13:28:00+00:00,turnover_limit,0.0,,2965.52,2965.52,0.011431384714990944,-0.013157894736842146,0.0,0.011431384714990944,-0.013157894736842146
ETH/USDT,2025-12-19 13:29:00+00:00,2025-12-19 13:29:00+00:00,turnover_limit,0.0,,2966.11,2966.11,0.011230197126876673,-0.013354191179693276,0.0,0.011230197126876673,-0.013354191179693276
ETH/USDT,2025-12-19 13:30:00+00:00,2025-12-19 13:30:00+00:00,turnover_limit,0.0,,2965.21,2965.21,0.011537125532424364,-0.013054724623213887,0.0,0.011537125532424364,-0.013054724623213887
ETH/USDT,2025-12-19 13:32:00+00:00,2025-12-19 13:32:00+00:00,turnover_limit,0.0,,2956.25,2956.25,0.20340634249471456,-0.15433403805496826,0.0,0.20340634249471456,-0.15433403805496826
ETH/USDT,2025-12-19 13:37:00+00:00,2025-12-19 13:37:00+00:00,turnover_limit,0.0,,2964.17,2964.17,0.20195197981222401,-0.15659358268925194,0.0,0.20195197981222401,-0.15659358268925194
ETH/USDT,2025-12-19 13:39:00+00:00,2025-12-19 13:39:00+00:00,turnover_limit,0.0,,2965.57,2965.57,0.20138455676311806,-0.15699174189110365,0.0,0.20138455676311806,-0.15699174189110365
ETH/USDT,2025-12-19 13:40:00+00:00,2025-12-19 13:40:00+00:00,turnover_limit,0.0,,2963.75,2963.75,0.20212231126107127,-0.15647406157739352,0.0,0.20212231126107127,-0.15647406157739352
ETH/USDT,2025-12-19 13:46:00+00:00,2025-12-19 13:46:00+00:00,turnover_limit,0.0,,2962.64,2962.64,0.20257270542489136,-0.15615802122431344,0.0,0.20257270542489136,-0.15615802122431344
ETH/USDT,2025-12-19 13:47:00+00:00,2025-12-19 13:47:00+00:00,turnover_limit,0.0,,2962.0,2962.0,0.20283254557731256,-0.15597569209993245,0.0,0.20283254557731256,-0.15597569209993245
ETH/USDT,2025-12-19 13:48:00+00:00,2025-12-19 13:48:00+00:00,turnover_limit,0.0,,2960.7,2960.7,0.2033606917283075,-0.15560509339007667,0.0,0.2033606917283075,-0.15560509339007667
ETH/USDT,2025-12-19 13:49:00+00:00,2025-12-19 13:49:00+00:00,turnover_limit,0.0,,2960.71,2960.71,0.20335662729547987,-0.15560794539147704,0.0,0.20335662729547987,-0.15560794539147704
ETH/USDT,2025-12-19 13:50:00+00:00,2025-12-19 13:50:00+00:00,turnover_limit,0.0,,2961.51,2961.51,0.2030315616020204,-0.15583604309963506,0.0,0.2030315616020204,-0.15583604309963506
ETH/USDT,2025-12-19 13:51:00+00:00,2025-12-19 13:51:00+00:00,turnover_limit,0.0,,2960.12,2960.12,0.203596475818548,-0.15543964433874302,0.0,0.203596475818548,-0.15543964433874302
ETH/USDT,2025-12-19 13:56:00+00:00,2025-12-19 13:56:00+00:00,turnover_limit,0.0,,2959.54,2959.54,0.2038323523250234,-0.15527413043918992,0.0,0.2038323523250234,-0.15527413043918992
ETH/USDT,2025-12-19 14:00:00+00:00,2025-12-19 14:00:00+00:00,turnover_limit,0.0,,2957.97,2957.97,0.20447130971578487,-0.15482577578542034,0.0,0.20447130971578487,-0.15482577578542034
ETH/USDT,2025-12-19 14:02:00+00:00,2025-12-19 14:02:00+00:00,turnover_limit,0.0,,2962.75,2962.75,0.2025280567040757,-0.15618935110961096,0.0,0.2025280567040757,-0.15618935110961096
ETH/USDT,2025-12-19 14:04:00+00:00,2025-12-19 14:04:00+00:00,turnover_limit,0.0,,2964.34,2964.34,0.201883049852581,-0.1566419506534339,0.0,0.201883049852581,-0.1566419506534339
ETH/USDT,2025-12-19 14:05:00+00:00,2025-12-19 14:05:00+00:00,turnover_limit,0.0,,2966.04,2966.04,0.8101273077908591,-0.15712532534962442,0.0,0.8101273077908591,-0.15712532534962442
ETH/USDT,2025-12-19 14:06:00+00:00,2025-12-19 14:06:00+00:00,turnover_limit,0.0,,2965.98,2965.98,0.8101639255827753,-0.15710827449949094,0.0,0.8101639255827753,-0.15710827449949094
ETH/USDT,2025-12-19 14:07:00+00:00,2025-12-19 14:07:00+00:00,turnover_limit,0.0,,2966.51,2966.51,0.8098405196678924,-0.15725886647946585,0.0,0.8098405196678924,-0.15725886647946585
ETH/USDT,2025-12-19 14:08:00+00:00,2025-12-19 14:08:00+00:00,turnover_limit,0.0,,2967.99,2967.99,0.8089380355055105,-0.1576791026923945,0.0,0.8089380355055105,-0.1576791026923945
ETH/USDT,2025-12-19 14:10:00+00:00,2025-12-19 14:10:00+00:00,turnover_limit,0.0,,2969.88,2969.88,0.8077868466065967,-0.15821514673993564,0.0,0.8077868466065967,-0.15821514673993564
ETH/USDT,2025-12-19 14:11:00+00:00,2025-12-19 14:11:00+00:00,turnover_limit,0.0,,2968.27,2968.27,0.8087673964969493,-0.15775855969975772,0.0,0.8087673964969493,-0.15775855969975772
ETH/USDT,2025-12-19 14:12:00+00:00,2025-12-19 14:12:00+00:00,turnover_limit,0.0,,2969.7,2969.7,0.8078964205138566,-0.15816412432232207,0.0,0.8078964205138566,-0.15816412432232207
ETH/USDT,2025-12-19 14:13:00+00:00,2025-12-19 14:13:00+00:00,turnover_limit,0.0,,2975.58,2975.58,0.8043238629107603,-0.15982766385040903,0.0,0.8043238629107603,-0.15982766385040903
ETH/USDT,2025-12-19 14:15:00+00:00,2025-12-19 14:15:00+00:00,turnover_limit,0.0,,2975.96,2975.96,0.8040934689982391,-0.1599349453621689,0.0,0.8040934689982391,-0.1599349453621689
ETH/USDT,2025-12-19 14:18:00+00:00,2025-12-19 14:18:00+00:00,turnover_limit,0.0,,2970.67,2970.67,0.8073060959312208,-0.1584390053422292,0.0,0.8073060959312208,-0.1584390053422292
ETH/USDT,2025-12-19 14:19:00+00:00,2025-12-19 14:19:00+00:00,turnover_limit,0.0,,2969.57,2969.57,0.807975565485912,-0.15812727095168666,0.0,0.807975565485912,-0.15812727095168666
ETH/USDT,2025-12-19 14:20:00+00:00,2025-12-19 14:20:00+00:00,turnover_limit,0.0,,2971.69,2971.69,0.8066857579357201,-0.1587278619236865,0.0,0.8066857579357201,-0.1587278619236865
ETH/USDT,2025-12-19 14:21:00+00:00,2025-12-19 14:21:00+00:00,turnover_limit,0.0,,2969.21,2969.21,0.8081947723468532,-0.1580251986218556,0.0,0.8081947723468532,-0.1580251986218556
ETH/USDT,2025-12-19 14:22:00+00:00,2025-12-19 14:22:00+00:00,turnover_limit,0.0,,2968.52,2968.52,0.8086150674410144,-0.15782949079002329,0.0,0.8086150674410144,-0.15782949079002329
ETH/USDT,2025-12-19 14:23:00+00:00,2025-12-19 14:23:00+00:00,turnover_limit,0.0,,2969.8,2969.8,0.8078355444811096,-0.15819247087345956,0.0,0.8078355444811096,-0.15819247087345956
ETH/USDT,2025-12-19 14:25:00+00:00,2025-12-19 14:25:00+00:00,turnover_limit,0.0,,2954.37,2954.37,0.8172774567843568,-0.1537959023412775,0.0,0.8172774567843568,-0.1537959023412775
ETH/USDT,2025-12-19 15:08:00+00:00,2025-12-19 15:08:00+00:00,turnover_limit,0.0,,2978.67,2978.67,0.20464838333887259,-0.01536256114306056,0.0,0.20464838333887259,-0.01536256114306056
ETH/USDT,2025-12-19 15:10:00+00:00,2025-12-19 15:10:00+00:00,turnover_limit,0.0,,2978.74,2978.74,0.20462007425958628,-0.015385699993957114,0.0,0.20462007425958628,-0.015385699993957114
ETH/USDT,2025-12-19 15:11:00+00:00,2025-12-19 15:11:00+00:00,turnover_limit,0.0,,2985.67,2985.67,0.010372881128858813,-0.01767107550399083,0.0,0.010372881128858813,-0.01767107550399083
ETH/USDT,2025-12-19 15:13:00+00:00,2025-12-19 15:13:00+00:00,turnover_limit,0.0,,2984.35,2984.35,0.010819776500745615,-0.017236584180809866,0.0,0.010819776500745615,-0.017236584180809866
ETH/USDT,2025-12-19 15:14:00+00:00,2025-12-19 15:14:00+00:00,turnover_limit,0.0,,2988.41,2988.41,0.009446494958857743,-0.018571748856415327,0.0,0.009446494958857743,-0.018571748856415327
ETH/USDT,2025-12-19 15:15:00+00:00,2025-12-19 15:15:00+00:00,turnover_limit,0.0,,2990.84,2990.84,0.008626339088684043,-0.0193691404421501,0.0,0.008626339088684043,-0.0193691404421501
ETH/USDT,2025-12-19 15:18:00+00:00,2025-12-19 15:18:00+00:00,turnover_limit,0.0,,3010.11,3010.11,0.0015580825949881305,-0.025646903269315846,0.0,0.0015580825949881305,-0.025646903269315846
ETH/USDT,2025-12-19 15:19:00+00:00,2025-12-19 15:19:00+00:00,turnover_limit,0.0,,2980.32,2980.32,0.011267246470177739,-0.015907687765072343,0.0,0.011267246470177739,-0.015907687765072343
ETH/USDT,2025-12-19 15:44:00+00:00,2025-12-19 15:44:00+00:00,turnover_limit,0.0,,2970.01,2970.01,0.20352793424937943,-0.1969724007663275,0.0,0.20352793424937943,-0.1969724007663275
ETH/USDT,2025-12-19 15:45:00+00:00,2025-12-19 15:45:00+00:00,turnover_limit,0.0,,2967.31,2967.31,0.20462304241889107,-0.19624171387553035,0.0,0.20462304241889107,-0.19624171387553035
ETH/USDT,2025-12-19 15:47:00+00:00,2025-12-19 15:47:00+00:00,turnover_limit,0.0,,2960.43,2960.43,0.2074225703698449,-0.1943737902939775,0.0,0.2074225703698449,-0.1943737902939775
ETH/USDT,2025-12-19 16:02:00+00:00,2025-12-19 16:02:00+00:00,turnover_limit,0.0,,2975.7,2975.7,0.20122660214403343,-0.1985079141042443,0.0,0.20122660214403343,-0.1985079141042443
ETH/USDT,2025-12-19 16:03:00+00:00,2025-12-19 16:03:00+00:00,turnover_limit,0.0,,2975.38,2975.38,0.20135579320960661,-0.19842171420121135,0.0,0.20135579320960661,-0.19842171420121135
ETH/USDT,2025-12-19 16:05:00+00:00,2025-12-19 16:05:00+00:00,turnover_limit,0.0,,2976.39,2976.39,0.20094812843746945,-0.19869371957303983,0.0,0.20094812843746945,-0.19869371957303983
ETH/USDT,2025-12-19 16:06:00+00:00,2025-12-19 16:06:00+00:00,turnover_limit,0.0,,2983.21,2983.21,0.19820260725862404,-0.2005256083212379,0.0,0.19820260725862404,-0.2005256083212379
ETH/USDT,2025-12-19 16:08:00+00:00,2025-12-19 16:08:00+00:00,turnover_limit,0.0,,2983.01,2983.01,0.19828294239710886,-0.20047200646327035,0.0,0.19828294239710886,-0.20047200646327035
ETH/USDT,2025-12-19 16:10:00+00:00,2025-12-19 16:10:00+00:00,turnover_limit,0.0,,2985.49,2985.49,0.197287547437774,-0.20113616190307115,0.0,0.197287547437774,-0.20113616190307115
ETH/USDT,2025-12-19 16:12:00+00:00,2025-12-19 16:12:00+00:00,turnover_limit,0.0,,2986.85,2986.85,0.19674238746505512,-0.2014999079297588,0.0,0.19674238746505512,-0.2014999079297588
ETH/USDT,2025-12-19 16:13:00+00:00,2025-12-19 16:13:00+00:00,turnover_limit,0.0,,2985.16,2985.16,0.19741990379075158,-0.20104785003148906,0.0,0.19741990379075158,-0.20104785003148906
ETH/USDT,2025-12-19 16:15:00+00:00,2025-12-19 16:15:00+00:00,turnover_limit,0.0,,2986.35,2986.35,0.19694275620741042,-0.20136621628409257,0.0,0.19694275620741042,-0.20136621628409257
ETH/USDT,2025-12-19 16:17:00+00:00,2025-12-19 16:17:00+00:00,turnover_limit,0.0,,2981.62,2981.62,0.19884156934820663,-0.20009927489083112,0.0,0.19884156934820663,-0.20009927489083112
ETH/USDT,2025-12-19 16:20:00+00:00,2025-12-19 16:20:00+00:00,turnover_limit,0.0,,2977.8,2977.8,0.2003794747800387,-0.1990731412452147,0.0,0.2003794747800387,-0.1990731412452147
ETH/USDT,2025-12-19 16:23:00+00:00,2025-12-19 16:23:00+00:00,turnover_limit,0.0,,2984.07,2984.07,0.1978572888705692,-0.2007560144366587,0.0,0.1978572888705692,-0.2007560144366587
ETH/USDT,2025-12-19 16:24:00+00:00,2025-12-19 16:24:00+00:00,turnover_limit,0.0,,2980.44,2980.44,0.19931620834507657,-0.19978258243749247,0.0,0.19931620834507657,-0.19978258243749247
ETH/USDT,2025-12-19 16:29:00+00:00,2025-12-19 16:29:00+00:00,turnover_limit,0.0,,2984.36,2984.36,0.006460346606977696,-0.20083367958289222,0.0,0.006460346606977696,-0.20083367958289222
ETH/USDT,2025-12-19 16:30:00+00:00,2025-12-19 16:30:00+00:00,turnover_limit,0.0,,2986.79,2986.79,0.005641508107365967,-0.2014838672956586,0.0,0.005641508107365967,-0.2014838672956586
ETH/USDT,2025-12-19 16:31:00+00:00,2025-12-19 16:31:00+00:00,turnover_limit,0.0,,2993.3,2993.3,0.0034543814519092386,-0.203220525841045,0.0,0.0034543814519092386,-0.203220525841045
ETH/USDT,2025-12-19 16:32:00+00:00,2025-12-19 16:32:00+00:00,turnover_limit,0.0,,2994.19,2994.19,0.0031561123375603017,-0.20345736242523016,0.0,0.0031561123375603017,-0.20345736242523016
ETH/USDT,2025-12-19 16:33:00+00:00,2025-12-19 16:33:00+00:00,turnover_limit,0.0,,3000.78,3000.78,0.9042582261945227,-0.20520664627196938,0.0,0.9042582261945227,-0.20520664627196938
ETH/USDT,2025-12-19 16:35:00+00:00,2025-12-19 16:35:00+00:00,turnover_limit,0.0,,2999.13,2999.13,0.9053058720362239,-0.022036390553260454,0.0,0.9053058720362239,-0.022036390553260454
ETH/USDT,2025-12-19 16:36:00+00:00,2025-12-19 16:36:00+00:00,turnover_limit,0.0,,2988.64,2988.64,0.9119934150650464,-0.018603779645591234,0.0,0.9119934150650464,-0.018603779645591234
ETH/USDT,2025-12-19 16:38:00+00:00,2025-12-19 16:38:00+00:00,turnover_limit,0.0,,2960.8,2960.8,0.9299716292893812,-0.009375844366387498,0.0,0.9299716292893812,-0.009375844366387498
ETH/USDT,2025-12-19 17:05:00+00:00,2025-12-19 17:05:00+00:00,turnover_limit,0.0,,2971.51,2971.51,0.9230155712079042,-0.0646371710006024,0.0,0.9230155712079042,-0.0646371710006024
ETH/USDT,2025-12-19 17:06:00+00:00,2025-12-19 17:06:00+00:00,turnover_limit,0.0,,2975.98,2975.98,0.9201271513921465,-0.06604211049805442,0.0,0.9201271513921465,-0.06604211049805442
ETH/USDT,2025-12-19 17:10:00+00:00,2025-12-19 17:10:00+00:00,turnover_limit,0.0,,2986.52,2986.52,0.9133506556125526,-0.06933822643076215,0.0,0.9133506556125526,-0.06933822643076215
ETH/USDT,2025-12-19 17:13:00+00:00,2025-12-19 17:13:00+00:00,turnover_limit,0.0,,2986.3,2986.3,0.9134916116933998,-0.06926966480259855,0.0,0.9134916116933998,-0.06926966480259855
ETH/USDT,2025-12-19 17:14:00+00:00,2025-12-19 17:14:00+00:00,turnover_limit,0.0,,2983.61,2983.61,0.9152168011234711,-0.06843052543730588,0.0,0.9152168011234711,-0.06843052543730588
ETH/USDT,2025-12-19 17:15:00+00:00,2025-12-19 17:15:00+00:00,turnover_limit,0.0,,2984.68,2984.68,0.9145302008925582,-0.06876449066566592,0.0,0.9145302008925582,-0.06876449066566592
ETH/USDT,2025-12-19 17:18:00+00:00,2025-12-19 17:18:00+00:00,turnover_limit,0.0,,2986.42,2986.42,0.9134147239839006,-0.06930706330656777,0.0,0.9134147239839006,-0.06930706330656777
ETH/USDT,2025-12-19 17:19:00+00:00,2025-12-19 17:19:00+00:00,turnover_limit,0.0,,2984.43,2984.43,0.9146905774301963,-0.06868648284597056,0.0,0.9146905774301963,-0.06868648284597056
ETH/USDT,2025-12-19 17:20:00+00:00,2025-12-19 17:20:00+00:00,turnover_limit,0.0,,2986.27,2986.27,0.9135108345862899,-0.06926031470697558,0.0,0.9135108345862899,-0.06926031470697558
ETH/USDT,2025-12-19 17:22:00+00:00,2025-12-19 17:22:00+00:00,turnover_limit,0.0,,2979.3,2979.3,0.9179874467156715,-0.06708287181552719,0.0,0.9179874467156715,-0.06708287181552719
ETH/USDT,2025-12-19 17:24:00+00:00,2025-12-19 17:24:00+00:00,turnover_limit,0.0,,2983.08,2983.08,0.9155570752376738,-0.06826501468281099,0.0,0.9155570752376738,-0.06826501468281099
ETH/USDT,2025-12-19 17:58:00+00:00,2025-12-19 17:58:00+00:00,turnover_limit,0.0,,2948.02,2948.02,0.01875496095684559,-0.05718414393389459,0.0,0.01875496095684559,-0.05718414393389459
ETH/USDT,2025-12-19 18:16:00+00:00,2025-12-19 18:16:00+00:00,turnover_limit,0.0,,2957.59,2957.59,0.006221281516369581,-0.04151691072799135,0.0,0.006221281516369581,-0.04151691072799135
ETH/USDT,2025-12-19 18:18:00+00:00,2025-12-19 18:18:00+00:00,turnover_limit,0.0,,2959.03,2959.03,0.0059309976580161905,-0.04198335265272746,0.0,0.0059309976580161905,-0.04198335265272746
ETH/USDT,2025-12-19 18:20:00+00:00,2025-12-19 18:20:00+00:00,turnover_limit,0.0,,2963.49,2963.49,0.006472098775430313,-0.04342515075130993,0.0,0.006472098775430313,-0.04342515075130993
ETH/USDT,2025-12-19 18:21:00+00:00,2025-12-19 18:21:00+00:00,turnover_limit,0.0,,2968.05,2968.05,0.005757989252202611,-0.0448947962466939,0.0,0.005757989252202611,-0.0448947962466939
ETH/USDT,2025-12-19 18:22:00+00:00,2025-12-19 18:22:00+00:00,turnover_limit,0.0,,2966.96,2966.96,0.006127484024051499,-0.044543910265052444,0.0,0.006127484024051499,-0.044543910265052444
ETH/USDT,2025-12-19 18:23:00+00:00,2025-12-19 18:23:00+00:00,turnover_limit,0.0,,2964.09,2964.09,0.007101673700866007,-0.04361878350522419,0.0,0.007101673700866007,-0.04361878350522419
ETH/USDT,2025-12-19 18:24:00+00:00,2025-12-19 18:24:00+00:00,turnover_limit,0.0,,2964.12,2964.12,0.007418727986721274,-0.0436284630851651,0.0,0.007418727986721274,-0.0436284630851651
ETH/USDT,2025-12-19 18:25:00+00:00,2025-12-19 18:25:00+00:00,turnover_limit,0.0,,2966.66,2966.66,0.006930352652477767,-0.04444729089278843,0.0,0.006930352652477767,-0.04444729089278843
ETH/USDT,2025-12-19 18:28:00+00:00,2025-12-19 18:28:00+00:00,turnover_limit,0.0,,2969.31,2969.31,0.006031704335350607,-0.0453000865520945,0.0,0.006031704335350607,-0.0453000865520945
ETH/USDT,2025-12-19 18:30:00+00:00,2025-12-19 18:30:00+00:00,turnover_limit,0.0,,2968.87,2968.87,0.006180802797023821,-0.04515859569465819,0.0,0.006180802797023821,-0.04515859569465819
ETH/USDT,2025-12-19 18:31:00+00:00,2025-12-19 18:31:00+00:00,turnover_limit,0.0,,2967.49,2967.49,0.0066487165921367275,-0.04471455674661062,0.0,0.0066487165921367275,-0.04471455674661062
ETH/USDT,2025-12-19 18:32:00+00:00,2025-12-19 18:32:00+00:00,turnover_limit,0.0,,2965.68,2965.68,0.0072630897467023114,-0.044131531385719236,0.0,0.0072630897467023114,-0.044131531385719236
ETH/USDT,2025-12-19 18:33:00+00:00,2025-12-19 18:33:00+00:00,turnover_limit,0.0,,2959.91,2959.91,0.009226631890834502,-0.042268177072951385,0.0,0.009226631890834502,-0.042268177072951385
ETH/USDT,2025-12-19 18:36:00+00:00,2025-12-19 18:36:00+00:00,turnover_limit,0.0,,2960.33,2960.33,0.014518651636810764,-0.04240405630453348,0.0,0.014518651636810764,-0.04240405630453348
ETH/USDT,2025-12-19 18:38:00+00:00,2025-12-19 18:38:00+00:00,turnover_limit,0.0,,2959.99,2959.99,0.014635184578326355,-0.04229406180426276,0.0,0.014635184578326355,-0.04229406180426276
ETH/USDT,2025-12-19 18:52:00+00:00,2025-12-19 18:52:00+00:00,turnover_limit,0.0,,2966.49,2966.49,0.012411975095146133,-0.044392531240624256,0.0,0.012411975095146133,-0.044392531240624256
ETH/USDT,2025-12-19 18:53:00+00:00,2025-12-19 18:53:00+00:00,turnover_limit,0.0,,2968.58,2968.58,0.011699196248711408,-0.04506531742449238,0.0,0.011699196248711408,-0.04506531742449238
ETH/USDT,2025-12-19 18:54:00+00:00,2025-12-19 18:54:00+00:00,turnover_limit,0.0,,2971.21,2971.21,0.014573187354646855,-0.04591058861541253,0.0,0.014573187354646855,-0.04591058861541253
ETH/USDT,2025-12-19 18:55:00+00:00,2025-12-19 18:55:00+00:00,turnover_limit,0.0,,2968.69,2968.69,0.015434417200852923,-0.04510070098258823,0.0,0.015434417200852923,-0.04510070098258823
ETH/USDT,2025-12-19 18:56:00+00:00,2025-12-19 18:56:00+00:00,turnover_limit,0.0,,2968.99,2968.99,0.015331813175524456,-0.045197188269411326,0.0,0.015331813175524456,-0.045197188269411326
ETH/USDT,2025-12-19 18:57:00+00:00,2025-12-19 18:57:00+00:00,turnover_limit,0.0,,2967.71,2967.71,0.015769734913451794,-0.04478537323390752,0.0,0.015769734913451794,-0.04478537323390752
ETH/USDT,2025-12-19 18:58:00+00:00,2025-12-19 18:58:00+00:00,turnover_limit,0.0,,2966.87,2966.87,0.01605732640796531,-0.04451492650503719,0.0,0.01605732640796531,-0.04451492650503719
ETH/USDT,2025-12-19 18:59:00+00:00,2025-12-19 18:59:00+00:00,turnover_limit,0.0,,2965.42,2965.42,0.016554147473207825,-0.04404772342534946,0.0,0.016554147473207825,-0.04404772342534946
ETH/USDT,2025-12-19 19:00:00+00:00,2025-12-19 19:00:00+00:00,turnover_limit,0.0,,2967.0,2967.0,0.01601280754971368,-0.044556791371755944,0.0,0.01601280754971368,-0.044556791371755944
ETH/USDT,2025-12-19 19:02:00+00:00,2025-12-19 19:02:00+00:00,turnover_limit,0.0,,2970.77,2970.77,0.014723455535097019,-0.045769278671859426,0.0,0.014723455535097019,-0.045769278671859426
ETH/USDT,2025-12-19 19:03:00+00:00,2025-12-19 19:03:00+00:00,turnover_limit,0.0,,2970.23,2970.23,0.014907936422432044,-0.045595795611787615,0.0,0.014907936422432044,-0.045595795611787615
ETH/USDT,2025-12-19 19:04:00+00:00,2025-12-19 19:04:00+00:00,turnover_limit,0.0,,2971.02,2971.02,0.0146380704269915,-0.04584957354713193,0.0,0.0146380704269915,-0.04584957354713193
ETH/USDT,2025-12-19 19:05:00+00:00,2025-12-19 19:05:00+00:00,turnover_limit,0.0,,2973.2,2973.2,0.01389412081259267,-0.046549172608637,0.0,0.01389412081259267,-0.046549172608637
ETH/USDT,2025-12-19 19:06:00+00:00,2025-12-19 19:06:00+00:00,turnover_limit,0.0,,2971.57,2971.57,0.014450273761008603,-0.011778285552754952,0.0,0.014450273761008603,-0.011778285552754952
ETH/USDT,2025-12-19 19:07:00+00:00,2025-12-19 19:07:00+00:00,turnover_limit,0.0,,2969.99,2969.99,0.01498994946110943,-0.01125256313994305,0.0,0.01498994946110943,-0.01125256313994305
ETH/USDT,2025-12-19 19:08:00+00:00,2025-12-19 19:08:00+00:00,turnover_limit,0.0,,2969.42,2969.42,0.015184783560425963,-0.011062766466178542,0.0,0.015184783560425963,-0.011062766466178542
ETH/USDT,2025-12-19 19:09:00+00:00,2025-12-19 19:09:00+00:00,turnover_limit,0.0,,2970.19,2970.19,0.014921604341809891,-0.011319141199721217,0.0,0.014921604341809891,-0.011319141199721217
ETH/USDT,2025-12-19 19:10:00+00:00,2025-12-19 19:10:00+00:00,turnover_limit,0.0,,2973.21,2973.21,0.013890710713336807,-0.01232338112679554,0.0,0.013890710713336807,-0.01232338112679554
ETH/USDT,2025-12-19 19:11:00+00:00,2025-12-19 19:11:00+00:00,turnover_limit,0.0,,2972.08,2972.08,0.014276197141396052,-0.011947861430378626,0.0,0.014276197141396052,-0.011947861430378626
ETH/USDT,2025-12-19 19:12:00+00:00,2025-12-19 19:12:00+00:00,turnover_limit,0.0,,2972.5,2972.5,0.0141328847771236,-0.1959629941126998,0.0,0.0141328847771236,-0.1959629941126998
ETH/USDT,2025-12-19 19:13:00+00:00,2025-12-19 19:13:00+00:00,turnover_limit,0.0,,2972.51,2972.51,0.014129473071579302,-0.19596569902203864,0.0,0.014129473071579302,-0.19596569902203864
ETH/USDT,2025-12-19 19:15:00+00:00,2025-12-19 19:15:00+00:00,turnover_limit,0.0,,2974.82,2974.82,0.013341983716661954,-0.19659004578428274,0.0,0.013341983716661954,-0.19659004578428274
ETH/USDT,2025-12-19 19:16:00+00:00,2025-12-19 19:16:00+00:00,turnover_limit,0.0,,2972.15,2972.15,0.014252308934609603,-0.19721413791363152,0.0,0.014252308934609603,-0.19721413791363152
ETH/USDT,2025-12-19 19:18:00+00:00,2025-12-19 19:18:00+00:00,turnover_limit,0.0,,2976.58,2976.58,0.012742812220736699,-0.19840891224156576,0.0,0.012742812220736699,-0.19840891224156576
ETH/USDT,2025-12-19 19:19:00+00:00,2025-12-19 19:19:00+00:00,turnover_limit,0.0,,2954.63,2954.63,1.094272379282685,-0.19245387747366005,0.0,1.094272379282685,-0.19245387747366005
ETH/USDT,2025-12-19 19:21:00+00:00,2025-12-19 19:21:00+00:00,turnover_limit,0.0,,2985.14,2985.14,1.0728676041994682,-0.20070750450565134,0.0,1.0728676041994682,-0.20070750450565134
ETH/USDT,2025-12-19 19:22:00+00:00,2025-12-19 19:22:00+00:00,turnover_limit,0.0,,2981.63,2981.63,1.0753078014374688,-0.19976657063418335,0.0,1.0753078014374688,-0.19976657063418335
ETH/USDT,2025-12-19 19:23:00+00:00,2025-12-19 19:23:00+00:00,turnover_limit,0.0,,2982.86,2982.86,1.0744520359654826,-0.20009655163165552,0.0,1.0744520359654826,-0.20009655163165552
ETH/USDT,2025-12-19 19:24:00+00:00,2025-12-19 19:24:00+00:00,turnover_limit,0.0,,2984.11,2984.11,1.073583078371776,-0.20043161947783428,0.0,1.073583078371776,-0.20043161947783428
ETH/USDT,2025-12-19 19:25:00+00:00,2025-12-19 19:25:00+00:00,turnover_limit,0.0,,2983.98,2983.98,1.0736734160416623,-0.2003967855012433,0.0,1.0736734160416623,-0.2003967855012433
ETH/USDT,2025-12-19 19:27:00+00:00,2025-12-19 19:27:00+00:00,turnover_limit,0.0,,2978.43,2978.43,1.0775374945860738,-0.198906806606165,0.0,1.0775374945860738,-0.198906806606165
ETH/USDT,2025-12-19 19:28:00+00:00,2025-12-19 19:28:00+00:00,turnover_limit,0.0,,2979.71,2979.71,1.0766450426383778,-0.1992509338157069,0.0,1.0766450426383778,-0.1992509338157069
ETH/USDT,2025-12-19 19:29:00+00:00,2025-12-19 19:29:00+00:00,turnover_limit,0.0,,2979.03,2979.03,1.0771190622450932,-0.19906815305653192,0.0,1.0771190622450932,-0.19906815305653192
ETH/USDT,2025-12-19 19:30:00+00:00,2025-12-19 19:30:00+00:00,turnover_limit,0.0,,2977.69,2977.69,1.078053793376745,-0.19870772310079288,0.0,1.078053793376745,-0.19870772310079288
ETH/USDT,2025-12-19 19:31:00+00:00,2025-12-19 19:31:00+00:00,turnover_limit,0.0,,2978.83,2978.83,1.0772585209629284,-0.19901437812832556,0.0,1.0772585209629284,-0.19901437812832556
ETH/USDT,2025-12-19 19:32:00+00:00,2025-12-19 19:32:00+00:00,turnover_limit,0.0,,2984.2,2984.2,1.0735205415186653,-0.20045573352992418,0.0,1.0735205415186653,-0.20045573352992418
ETH/USDT,2025-12-19 19:33:00+00:00,2025-12-19 19:33:00+00:00,turnover_limit,0.0,,2984.47,2984.47,1.07333295358975,-0.20052806695996273,0.0,1.07333295358975,-0.20052806695996273
ETH/USDT,2025-12-19 19:34:00+00:00,2025-12-19 19:34:00+00:00,turnover_limit,0.0,,2986.13,2986.13,1.0721803806264294,-0.20097249617397772,0.0,1.0721803806264294,-0.20097249617397772
ETH/USDT,2025-12-19 19:35:00+00:00,2025-12-19 19:35:00+00:00,turnover_limit,0.0,,2988.93,2988.93,1.0702391825837343,-0.2017210172202092,0.0,1.0702391825837343,-0.2017210172202092
ETH/USDT,2025-12-19 19:36:00+00:00,2025-12-19 19:36:00+00:00,turnover_limit,0.0,,2993.7,2993.7,1.066940575207937,-0.2029929518655843,0.0,1.066940575207937,-0.2029929518655843
ETH/USDT,2025-12-19 19:37:00+00:00,2025-12-19 19:37:00+00:00,turnover_limit,0.0,,2993.4,2993.4,1.0671477249949888,-0.2029130754326185,0.0,1.0671477249949888,-0.2029130754326185
ETH/USDT,2025-12-19 19:38:00+00:00,2025-12-19 19:38:00+00:00,turnover_limit,0.0,,2991.3,2991.3,1.0685989369170592,-0.202353491792866,0.0,1.0685989369170592,-0.202353491792866
ETH/USDT,2025-12-19 19:39:00+00:00,2025-12-19 19:39:00+00:00,turnover_limit,0.0,,2991.61,2991.61,1.0683845822149278,-0.20243614642282926,0.0,1.0683845822149278,-0.20243614642282926
ETH/USDT,2025-12-19 19:40:00+00:00,2025-12-19 19:40:00+00:00,turnover_limit,0.0,,3003.31,3003.31,1.0603267727940175,-0.20554321731689373,0.0,1.0603267727940175,-0.20554321731689373
ETH/USDT,2025-12-19 19:41:00+00:00,2025-12-19 19:41:00+00:00,turnover_limit,0.0,,2989.91,2989.91,1.0695606222260872,-0.2019826683746333,0.0,1.0695606222260872,-0.2019826683746333
ETH/USDT,2025-12-19 19:42:00+00:00,2025-12-19 19:42:00+00:00,turnover_limit,0.0,,2990.59,2990.59,1.0690900457769201,-0.20216412146098262,0.0,1.0690900457769201,-0.20216412146098262
ETH/USDT,2025-12-19 19:43:00+00:00,2025-12-19 19:43:00+00:00,turnover_limit,0.0,,2991.15,2991.15,1.0687026728850109,-0.2023134914664928,0.0,1.0687026728850109,-0.2023134914664928
ETH/USDT,2025-12-19 19:44:00+00:00,2025-12-19 19:44:00+00:00,turnover_limit,0.0,,2991.27,2991.27,1.0686196832783401,-0.20234549204852792,0.0,1.0686196832783401,-0.20234549204852792
ETH/USDT,2025-12-19 19:45:00+00:00,2025-12-19 19:45:00+00:00,turnover_limit,0.0,,2990.45,2990.45,1.0691869116688126,-0.20212677021852898,0.0,1.0691869116688126,-0.20212677021852898
ETH/USDT,2025-12-19 19:46:00+00:00,2025-12-19 19:46:00+00:00,turnover_limit,0.0,,2990.19,2990.19,1.0693668295325716,-0.20205739434617864,0.0,1.0693668295325716,-0.20205739434617864
ETH/USDT,2025-12-19 19:47:00+00:00,2025-12-19 19:47:00+00:00,turnover_limit,0.0,,2991.39,2991.39,1.0685367003299473,-0.20237749006314787,0.0,1.0685367003299473,-0.20237749006314787
ETH/USDT,2025-12-19 19:48:00+00:00,2025-12-19 19:48:00+00:00,turnover_limit,0.0,,2993.52,2993.52,1.0670648600978114,-0.20294502792698899,0.0,1.0670648600978114,-0.20294502792698899
ETH/USDT,2025-12-19 19:49:00+00:00,2025-12-19 19:49:00+00:00,turnover_limit,0.0,,2994.62,2994.62,1.0663055746638972,-0.20323780646626277,0.0,1.0663055746638972,-0.20323780646626277
ETH/USDT,2025-12-19 19:50:00+00:00,2025-12-19 19:50:00+00:00,turnover_limit,0.0,,2989.16,2989.16,1.0700798886643743,-0.20178244055186068,0.0,1.0700798886643743,-0.20178244055186068
ETH/USDT,2025-12-19 19:51:00+00:00,2025-12-19 19:51:00+00:00,turnover_limit,0.0,,2985.62,2985.62,1.0725343479746252,-0.20083600726147333,0.0,1.0725343479746252,-0.20083600726147333
ETH/USDT,2025-12-19 20:06:00+00:00,2025-12-19 20:06:00+00:00,turnover_limit,0.0,,2981.62,2981.62,1.075314761773801,-0.19976388674613121,0.0,1.075314761773801,-0.19976388674613121
ETH/USDT,2025-12-19 20:13:00+00:00,2025-12-19 20:13:00+00:00,turnover_limit,0.0,,2981.18,2981.18,1.0756210628006362,-0.19964577784635607,0.0,1.0756210628006362,-0.19964577784635607
ETH/USDT,2025-12-19 20:20:00+00:00,2025-12-19 20:20:00+00:00,turnover_limit,0.0,,2988.35,2988.35,0.2011979855103987,-0.007445580336975288,0.0,0.2011979855103987,-0.007445580336975288
ETH/USDT,2025-12-19 20:24:00+00:00,2025-12-19 20:24:00+00:00,turnover_limit,0.0,,2993.32,2993.32,0.19920355992677008,-0.009093581708604526,0.0,0.19920355992677008,-0.009093581708604526
ETH/USDT,2025-12-19 20:25:00+00:00,2025-12-19 20:25:00+00:00,turnover_limit,0.0,,2993.26,2993.26,0.19922759800351453,-0.009073718955252885,0.0,0.19922759800351453,-0.009073718955252885
ETH/USDT,2025-12-19 20:27:00+00:00,2025-12-19 20:27:00+00:00,turnover_limit,0.0,,2991.47,2991.47,0.200640487786941,-0.00848078035213451,0.0,0.200640487786941,-0.00848078035213451
ETH/USDT,2025-12-19 20:28:00+00:00,2025-12-19 20:28:00+00:00,turnover_limit,0.0,,2988.52,2988.52,0.2018256528315019,-0.00750204114411146,0.0,0.2018256528315019,-0.00750204114411146
ETH/USDT,2025-12-19 20:29:00+00:00,2025-12-19 20:29:00+00:00,turnover_limit,0.0,,2989.22,2989.22,0.2015442155478686,-0.007734459156569229,0.0,0.2015442155478686,-0.007734459156569229
ETH/USDT,2025-12-19 20:30:00+00:00,2025-12-19 20:30:00+00:00,turnover_limit,0.0,,2988.07,2988.07,0.20200664643063915,-0.0073525720615649215,0.0,0.20200664643063915,-0.0073525720615649215
ETH/USDT,2025-12-19 20:32:00+00:00,2025-12-19 20:32:00+00:00,turnover_limit,0.0,,2988.89,2988.89,0.20167687670004586,-0.007624904228660134,0.0,0.20167687670004586,-0.007624904228660134
ETH/USDT,2025-12-19 20:33:00+00:00,2025-12-19 20:33:00+00:00,turnover_limit,0.0,,2992.01,2992.01,0.20042379537501542,-0.008659730415339628,0.0,0.20042379537501542,-0.008659730415339628
ETH/USDT,2025-12-19 20:35:00+00:00,2025-12-19 20:35:00+00:00,turnover_limit,0.0,,3000.69,3000.69,0.1969513678520607,-0.01152734870979677,0.0,0.1969513678520607,-0.01152734870979677
ETH/USDT,2025-12-19 20:36:00+00:00,2025-12-19 20:36:00+00:00,turnover_limit,0.0,,2994.2,2994.2,0.19954578852448068,-0.009384810633892182,0.0,0.19954578852448068,-0.009384810633892182
ETH/USDT,2025-12-19 20:37:00+00:00,2025-12-19 20:37:00+00:00,turnover_limit,0.0,,2993.55,2993.55,0.1998062501043909,-0.00916971488700713,0.0,0.1998062501043909,-0.00916971488700713
ETH/USDT,2025-12-19 20:38:00+00:00,2025-12-19 20:38:00+00:00,turnover_limit,0.0,,2996.55,2996.55,0.19860506248852827,-0.010161685938829712,0.0,0.19860506248852827,-0.010161685938829712
ETH/USDT,2025-12-19 20:41:00+00:00,2025-12-19 20:41:00+00:00,turnover_limit,0.0,,2995.74,2995.74,0.19892914605406342,-0.009894049550361439,0.0,0.19892914605406342,-0.009894049550361439
ETH/USDT,2025-12-19 20:43:00+00:00,2025-12-19 20:43:00+00:00,turnover_limit,0.0,,2994.99,2994.99,0.1992293797308171,-0.009646109002033332,0.0,0.1992293797308171,-0.009646109002033332
ETH/USDT,2025-12-19 20:44:00+00:00,2025-12-19 20:44:00+00:00,turnover_limit,0.0,,2993.04,2993.04,0.20001069147087902,-0.009000882046347525,0.0,0.20001069147087902,-0.009000882046347525
ETH/USDT,2025-12-19 20:45:00+00:00,2025-12-19 20:45:00+00:00,turnover_limit,0.0,,2992.92,2992.92,0.20005880544752275,-0.008961148310011713,0.0,0.20005880544752275,-0.008961148310011713
ETH/USDT,2025-12-19 20:46:00+00:00,2025-12-19 20:46:00+00:00,turnover_limit,0.0,,2991.76,2991.76,0.200524106211728,-0.008576891194480907,0.0,0.200524106211728,-0.008576891194480907
ETH/USDT,2025-12-19 20:47:00+00:00,2025-12-19 20:47:00+00:00,turnover_limit,0.0,,2995.2,2995.2,0.1991452991452991,-0.009715544871794823,0.0,0.1991452991452991,-0.009715544871794823
ETH/USDT,2025-12-19 20:48:00+00:00,2025-12-19 20:48:00+00:00,turnover_limit,0.0,,2996.79,2996.79,0.19850907137303575,-0.010240957824872665,0.0,0.19850907137303575,-0.010240957824872665
ETH/USDT,2025-12-19 20:49:00+00:00,2025-12-19 20:49:00+00:00,turnover_limit,0.0,,2997.72,2997.72,0.19813725097740953,-0.01054801649253434,0.0,0.19813725097740953,-0.01054801649253434
ETH/USDT,2025-12-19 20:50:00+00:00,2025-12-19 20:50:00+00:00,turnover_limit,0.0,,3000.68,3000.68,0.19695535678579512,-0.011524054547635831,0.0,0.19695535678579512,-0.011524054547635831
ETH/USDT,2025-12-19 20:51:00+00:00,2025-12-19 20:51:00+00:00,turnover_limit,0.0,,2996.4,2996.4,0.19866506474435974,-0.00536977706581232,0.0,0.19866506474435974,-0.00536977706581232
ETH/USDT,2025-12-19 20:53:00+00:00,2025-12-19 20:53:00+00:00,turnover_limit,0.0,,2997.0,2997.0,0.19842509175842493,-0.00556890223556894,0.0,0.19842509175842493,-0.00556890223556894
ETH/USDT,2025-12-19 20:54:00+00:00,2025-12-19 20:54:00+00:00,turnover_limit,0.0,,2995.59,2995.59,0.19898918076238736,-0.0051008315557202755,0.0,0.19898918076238736,-0.0051008315557202755
ETH/USDT,2025-12-19 20:55:00+00:00,2025-12-19 20:55:00+00:00,turnover_limit,0.0,,2992.78,2992.78,0.20011494329686763,-0.004213473760182884,0.0,0.20011494329686763,-0.004213473760182884
ETH/USDT,2025-12-19 21:00:00+00:00,2025-12-19 21:00:00+00:00,turnover_limit,0.0,,2992.44,2992.44,0.20025129994252167,-0.006706901391506648,0.0,0.20025129994252167,-0.006706901391506648
ETH/USDT,2025-12-19 21:20:00+00:00,2025-12-19 21:20:00+00:00,turnover_limit,0.0,,2986.86,2986.86,0.20249358858466748,-0.0069136149668883595,0.0,0.20249358858466748,-0.0069136149668883595
ETH/USDT,2025-12-19 21:22:00+00:00,2025-12-19 21:22:00+00:00,turnover_limit,0.0,,2987.85,2987.85,0.20209515203239792,-0.007242666131164532,0.0,0.20209515203239792,-0.007242666131164532
ETH/USDT,2025-12-19 21:23:00+00:00,2025-12-19 21:23:00+00:00,turnover_limit,0.0,,2987.48,2987.48,0.20224403175920846,-0.007119712935316769,0.0,0.20224403175920846,-0.007119712935316769
ETH/USDT,2025-12-19 21:24:00+00:00,2025-12-19 21:24:00+00:00,turnover_limit,0.0,,2987.28,2987.28,0.20232452264267153,-0.0070532390669774125,0.0,0.20232452264267153,-0.0070532390669774125
ETH/USDT,2025-12-19 21:25:00+00:00,2025-12-19 21:25:00+00:00,turnover_limit,0.0,,2983.74,2983.74,0.20375099707079047,-0.005875176791543368,0.0,0.20375099707079047,-0.005875176791543368
ETH/USDT,2025-12-19 21:41:00+00:00,2025-12-19 21:41:00+00:00,turnover_limit,0.0,,2981.74,2981.74,0.00364887615955789,-0.005208368268192265,0.0,0.00364887615955789,-0.005208368268192265
ETH/USDT,2025-12-19 21:46:00+00:00,2025-12-19 21:46:00+00:00,turnover_limit,0.0,,2983.04,2983.04,0.0032148412357864142,-0.005641895515983708,0.0,0.0032148412357864142,-0.005641895515983708
ETH/USDT,2025-12-19 21:47:00+00:00,2025-12-19 21:47:00+00:00,turnover_limit,0.0,,2981.78,2981.78,0.0036387661061514365,-0.005221713204864309,0.0,0.0036387661061514365,-0.005221713204864309
ETH/USDT,2025-12-19 21:50:00+00:00,2025-12-19 21:50:00+00:00,turnover_limit,0.0,,2982.75,2982.75,0.0033123795155478586,-0.005545218338781299,0.0,0.0033123795155478586,-0.005545218338781299
ETH/USDT,2025-12-19 21:54:00+00:00,2025-12-19 21:54:00+00:00,turnover_limit,0.0,,2982.56,2982.56,0.0033762941902260035,-0.005481867925540396,0.0,0.0033762941902260035,-0.005481867925540396
ETH/USDT,2025-12-19 21:55:00+00:00,2025-12-19 21:55:00+00:00,turnover_limit,0.0,,2980.17,2980.17,0.0041809695420060855,-0.004684296533419285,0.0,0.0041809695420060855,-0.004684296533419285
ETH/USDT,2025-12-19 22:04:00+00:00,2025-12-19 22:04:00+00:00,turnover_limit,0.0,,2982.07,2982.07,0.003541164358985549,-0.002028792080668862,0.0,0.003541164358985549,-0.002028792080668862
ETH/USDT,2025-12-19 22:05:00+00:00,2025-12-19 22:05:00+00:00,turnover_limit,0.0,,2985.57,2985.57,0.002364707576777647,-0.0031987191725533215,0.0,0.002364707576777647,-0.0031987191725533215
ETH/USDT,2025-12-19 22:06:00+00:00,2025-12-19 22:06:00+00:00,turnover_limit,0.0,,2988.14,2988.14,0.0015026069728996116,-0.00405603485780448,0.0,0.0015026069728996116,-0.00405603485780448
ETH/USDT,2025-12-19 22:07:00+00:00,2025-12-19 22:07:00+00:00,turnover_limit,0.0,,2987.56,2987.56,0.0016970370469546747,-0.0038626839293604,0.0,0.0016970370469546747,-0.0038626839293604
ETH/USDT,2025-12-19 22:08:00+00:00,2025-12-19 22:08:00+00:00,turnover_limit,0.0,,2986.7,2986.7,0.001985468912177435,-0.0035758529480697243,0.0,0.001985468912177435,-0.0035758529480697243
ETH/USDT,2025-12-19 22:10:00+00:00,2025-12-19 22:10:00+00:00,turnover_limit,0.0,,2989.16,2989.16,0.0011608612452997935,-0.004395883793440247,0.0,0.0011608612452997935,-0.004395883793440247
ETH/USDT,2025-12-19 22:11:00+00:00,2025-12-19 22:11:00+00:00,turnover_limit,0.0,,2989.99,2989.99,0.0008829460968098335,-0.004672256428951194,0.0,0.0008829460968098335,-0.004672256428951194
ETH/USDT,2025-12-19 22:12:00+00:00,2025-12-19 22:12:00+00:00,turnover_limit,0.0,,2989.95,2989.95,0.0008963360591314196,-0.004658940784962873,0.0,0.0008963360591314196,-0.004658940784962873
ETH/USDT,2025-12-19 22:14:00+00:00,2025-12-19 22:14:00+00:00,turnover_limit,0.0,,2986.48,2986.48,0.002059280490744886,-0.0035024510460475167,0.0,0.002059280490744886,-0.0035024510460475167
ETH/USDT,2025-12-19 22:15:00+00:00,2025-12-19 22:15:00+00:00,turnover_limit,0.0,,2987.53,2987.53,0.0017070958283262883,-0.003852680977262213,0.0,0.0017070958283262883,-0.003852680977262213
ETH/USDT,2025-12-19 22:17:00+00:00,2025-12-19 22:17:00+00:00,turnover_limit,0.0,,2986.42,2986.42,0.0020794128086472075,-0.0034824304685878715,0.0,0.0020794128086472075,-0.0034824304685878715
ETH/USDT,2025-12-19 22:18:00+00:00,2025-12-19 22:18:00+00:00,turnover_limit,0.0,,2988.9,2988.9,0.0012479507511125032,-0.0043092776606779015,0.0,0.0012479507511125032,-0.0043092776606779015
ETH/USDT,2025-12-19 22:19:00+00:00,2025-12-19 22:19:00+00:00,turnover_limit,0.0,,2991.25,2991.25,0.00046134559130805997,-0.005091516924362716,0.0,0.00046134559130805997,-0.005091516924362716
ETH/USDT,2025-12-19 22:20:00+00:00,2025-12-19 22:20:00+00:00,turnover_limit,0.0,,2990.6,2990.6,0.0006787935531331613,-0.0027653313716311523,0.0,0.0006787935531331613,-0.0027653313716311523
ETH/USDT,2025-12-19 22:22:00+00:00,2025-12-19 22:22:00+00:00,turnover_limit,0.0,,2990.31,2990.31,0.0007758392942538439,-0.0026686196414418273,0.0,0.0007758392942538439,-0.0026686196414418273
ETH/USDT,2025-12-19 22:24:00+00:00,2025-12-19 22:24:00+00:00,turnover_limit,0.0,,2991.89,2991.89,0.00024733529641807195,-0.003195304640210672,0.0,0.00024733529641807195,-0.003195304640210672
ETH/USDT,2025-12-19 22:25:00+00:00,2025-12-19 22:25:00+00:00,turnover_limit,0.0,,2991.18,2991.18,0.000484758523392248,-0.0029586985738069282,0.0,0.000484758523392248,-0.0029586985738069282
ETH/USDT,2025-12-19 22:26:00+00:00,2025-12-19 22:26:00+00:00,turnover_limit,0.0,,2991.79,2991.79,0.00028076836943768946,-0.0031619866367625926,0.0,0.00028076836943768946,-0.0031619866367625926
ETH/USDT,2025-12-19 22:27:00+00:00,2025-12-19 22:27:00+00:00,turnover_limit,0.0,,2991.89,2991.89,0.00024733529641807195,-0.003195304640210672,0.0,0.00024733529641807195,-0.003195304640210672
ETH/USDT,2025-12-19 22:29:00+00:00,2025-12-19 22:29:00+00:00,turnover_limit,0.0,,2992.28,2992.28,0.00011696766345381526,-0.0033252235753339354,0.0,0.00011696766345381526,-0.0033252235753339354
ETH/USDT,2025-12-19 22:30:00+00:00,2025-12-19 22:30:00+00:00,turnover_limit,0.0,,2989.56,2989.56,0.0010269069695876265,-0.0024184160879862082,0.0,0.0010269069695876265,-0.0024184160879862082
ETH/USDT,2025-12-19 22:31:00+00:00,2025-12-19 22:31:00+00:00,turnover_limit,0.0,,2990.0,2990.0,0.000879598662207437,-0.002565217391304331,0.0,0.000879598662207437,-0.002565217391304331
ETH/USDT,2025-12-19 22:33:00+00:00,2025-12-19 22:33:00+00:00,turnover_limit,0.0,,2991.28,2991.28,0.0004513118130031746,-0.002992030167687454,0.0,0.0004513118130031746,-0.002992030167687454
ETH/USDT,2025-12-19 22:34:00+00:00,2025-12-19 22:34:00+00:00,turnover_limit,0.0,,2988.38,2988.38,0.0014221752253729125,-0.0021516674586231632,0.0,0.0014221752253729125,-0.0021516674586231632
ETH/USDT,2025-12-19 22:36:00+00:00,2025-12-19 22:36:00+00:00,turnover_limit,0.0,,2988.43,2988.43,0.0014054202373823266,-0.00217170889062146,0.0,0.0014054202373823266,-0.00217170889062146
ETH/USDT,2025-12-19 22:39:00+00:00,2025-12-19 22:39:00+00:00,turnover_limit,0.0,,2989.95,2989.95,0.0008963360591314196,-0.003240856870516118,0.0,0.0008963360591314196,-0.003240856870516118
ETH/USDT,2025-12-19 22:40:00+00:00,2025-12-19 22:40:00+00:00,turnover_limit,0.0,,2990.45,2990.45,0.0007289872761624405,-0.0034075139193097126,0.0,0.0007289872761624405,-0.0034075139193097126
ETH/USDT,2025-12-19 22:41:00+00:00,2025-12-19 22:41:00+00:00,turnover_limit,0.0,,2991.83,2991.83,0.0002673948720348651,-0.003867198336803823,0.0,0.0002673948720348651,-0.003867198336803823
ETH/USDT,2025-12-19 22:42:00+00:00,2025-12-19 22:42:00+00:00,turnover_limit,0.0,,2992.62,2992.62,3.341553555191723e-06,-0.004130160194077304,0.0,3.341553555191723e-06,-0.004130160194077304
ETH/USDT,2025-12-19 22:43:00+00:00,2025-12-19 22:43:00+00:00,turnover_limit,0.0,,2992.36,2992.36,9.02297851863576e-05,-0.004043631113903379,0.0,9.02297851863576e-05,-0.004043631113903379
ETH/USDT,2025-12-19 22:44:00+00:00,2025-12-19 22:44:00+00:00,turnover_limit,0.0,,2991.6,2991.6,0.00025404465837675083,-0.003790613718411495,0.0,0.00025404465837675083,-0.003790613718411495
ETH/USDT,2025-12-19 22:45:00+00:00,2025-12-19 22:45:00+00:00,turnover_limit,0.0,,2989.76,2989.76,0.0005284705126833433,-0.0031775125762603107,0.0,0.0005284705126833433,-0.0031775125762603107
ETH/USDT,2025-12-19 22:46:00+00:00,2025-12-19 22:46:00+00:00,turnover_limit,0.0,,2989.77,2989.77,0.0005251240061945328,-0.003180846687203309,0.0,0.0005251240061945328,-0.003180846687203309
ETH/USDT,2025-12-19 22:47:00+00:00,2025-12-19 22:47:00+00:00,turnover_limit,0.0,,2991.02,2991.02,0.0001069869141632207,-0.003597434988732884,0.0,0.0001069869141632207,-0.003597434988732884
ETH/USDT,2025-12-19 22:48:00+00:00,2025-12-19 22:48:00+00:00,turnover_limit,0.0,,2988.87,2988.87,0.0007461013694138874,-0.0028806873500686336,0.0,0.0007461013694138874,-0.0028806873500686336
ETH/USDT,2025-12-19 22:49:00+00:00,2025-12-19 22:49:00+00:00,turnover_limit,0.0,,2987.56,2987.56,0.0011849134410688578,-0.0024434655705658503,0.0,0.0011849134410688578,-0.0024434655705658503
ETH/USDT,2025-12-19 22:51:00+00:00,2025-12-19 22:51:00+00:00,turnover_limit,0.0,,2989.49,2989.49,0.0005385533987403157,-0.003087483149299519,0.0,0.0005385533987403157,-0.003087483149299519
ETH/USDT,2025-12-19 22:52:00+00:00,2025-12-19 22:52:00+00:00,turnover_limit,0.0,,2988.39,2988.39,0.00022085470771893156,-0.002720528445082304,0.0,0.00022085470771893156,-0.002720528445082304
ETH/USDT,2025-12-19 23:00:00+00:00,2025-12-19 23:00:00+00:00,turnover_limit,0.0,,2987.75,2987.75,0.0002711070203329502,-0.0025069031880177173,0.0,0.0002711070203329502,-0.0025069031880177173
ETH/USDT,2025-12-19 23:13:00+00:00,2025-12-19 23:13:00+00:00,turnover_limit,0.0,,2984.09,2984.09,0.0009517139228374383,-0.0012834733536857268,0.0,0.0009517139228374383,-0.0012834733536857268
ETH/USDT,2025-12-19 23:20:00+00:00,2025-12-19 23:20:00+00:00,turnover_limit,0.0,,2984.69,2984.69,0.0007504967014999586,-0.001484241244484319,0.0,0.0007504967014999586,-0.001484241244484319
ETH/USDT,2025-12-19 23:22:00+00:00,2025-12-19 23:22:00+00:00,turnover_limit,0.0,,2985.09,2985.09,0.0006163968255561425,-0.001618041667085346,0.0,0.0006163968255561425,-0.001618041667085346
ETH/USDT,2025-12-19 23:23:00+00:00,2025-12-19 23:23:00+00:00,turnover_limit,0.0,,2985.81,2985.81,0.0003751075922446834,-0.0018587920865693608,0.0,0.0003751075922446834,-0.0018587920865693608
ETH/USDT,2025-12-19 23:24:00+00:00,2025-12-19 23:24:00+00:00,turnover_limit,0.0,,2986.35,2986.35,0.00019421702077782044,-0.0020392787181675587,0.0,0.00019421702077782044,-0.0020392787181675587
ETH/USDT,2025-12-19 23:25:00+00:00,2025-12-19 23:25:00+00:00,turnover_limit,0.0,,2986.93,2986.93,0.0,-0.0022330620402887247,0.0,0.0,-0.0022330620402887247
ETH/USDT,2025-12-19 23:27:00+00:00,2025-12-19 23:27:00+00:00,turnover_limit,0.0,,2986.53,2986.53,8.705755508886526e-05,-0.0020994264246466665,0.0,8.705755508886526e-05,-0.0020994264246466665
ETH/USDT,2025-12-19 23:28:00+00:00,2025-12-19 23:28:00+00:00,turnover_limit,0.0,,2985.67,2985.67,8.708263136902872e-05,-0.0018119885988738815,0.0,8.708263136902872e-05,-0.0018119885988738815
ETH/USDT,2025-12-19 23:30:00+00:00,2025-12-19 23:30:00+00:00,turnover_limit,0.0,,2983.19,2983.19,0.0007609304134164052,-0.0009821700930882082,0.0,0.0007609304134164052,-0.0009821700930882082
ETH/USDT,2025-12-19 23:31:00+00:00,2025-12-19 23:31:00+00:00,turnover_limit,0.0,,2983.53,2983.53,0.0001944005925866854,-0.0010960171340660407,0.0,0.0001944005925866854,-0.0010960171340660407
ETH/USDT,2025-12-19 23:32:00+00:00,2025-12-19 23:32:00+00:00,turnover_limit,0.0,,2984.11,2984.11,0.0,-0.0012901669174393282,0.0,0.0,-0.0012901669174393282
SOL/USDT,2025-12-18 22:52:00+00:00,2025-12-19 00:02:00+00:00,gate_close,-0.0259220643641687,70.0,120.0,119.86,0.0002500000000000835,-0.005666666666666709,-0.0011666666666666492,8.343066911398189e-05,-0.01576839646253958
SOL/USDT,2025-12-18 22:52:00+00:00,2025-12-19 00:03:00+00:00,gate_close,-0.0411233389852351,71.0,120.0,119.72,0.0002500000000000835,-0.005666666666666709,-0.0023333333333332984,0.0012529234881391016,-0.014617440694954853
SOL/USDT,2025-12-18 22:52:00+00:00,2025-12-19 00:04:00+00:00,gate_close,-0.0435235406116907,72.0,120.0,119.53,0.0002500000000000835,-0.005666666666666709,-0.003916666666666679,0.0025098301681585333,-0.01305111687442484
SOL/USDT,2025-12-18 22:52:00+00:00,2025-12-19 00:06:00+00:00,prob_floor,-0.0507241460988998,74.0,120.0,119.39,0.0002500000000000835,-0.005666666666666709,-0.005083333333333329,0.003685400787335702,-0.012145070776446998
SOL/USDT,2025-12-18 22:52:00+00:00,2025-12-19 00:07:00+00:00,prob_floor,-0.0307224664388094,75.0,120.0,119.55,0.0002500000000000835,-0.005666666666666709,-0.003750000000000031,0.0023421162693433306,-0.013467168548724429
SOL/USDT,2025-12-18 22:52:00+00:00,2025-12-19 00:08:00+00:00,gate_close,-0.0267239017522761,76.0,120.0,119.66,0.0002500000000000835,-0.005666666666666709,-0.0028333333333333544,0.0014206919605548318,-0.014374059836202546
SOL/USDT,2025-12-18 22:52:00+00:00,2025-12-19 00:10:00+00:00,gate_close,-0.0179213951345726,78.0,120.0,119.77,0.0002500000000000835,-0.005666666666666709,-0.0019166666666666776,0.0005009601736662983,-0.015279285296818879
SOL/USDT,2025-12-18 22:52:00+00:00,2025-12-19 00:17:00+00:00,prob_floor,-0.0323226005533043,85.0,120.0,119.81,0.0002500000000000835,-0.005666666666666709,-0.00158333333333327,0.0,-0.015608046072948856
SOL/USDT,2025-12-18 22:52:00+00:00,2025-12-19 00:18:00+00:00,trailing_prob_drop,-0.0363229360357868,86.0,120.0,119.65,0.0002500000000000835,-0.005666666666666709,-0.0029166666666665675,0.001337233597994203,-0.014291684078562517
SOL/USDT,2025-12-18 22:52:00+00:00,2025-12-19 00:21:00+00:00,gate_close,-0.0339227347126429,89.0,120.0,119.76,0.0002500000000000835,-0.005666666666666709,-0.0020000000000000018,0.0,-0.015197060788243233
SOL/USDT,2025-12-18 22:52:00+00:00,2025-12-19 00:22:00+00:00,time_limit,-0.0547201600000008,90.0,120.0,119.63,0.0002500000000000835,-0.005666666666666709,-0.003083333333333327,0.0,-0.01421048232048805
SOL/USDT,2025-12-19 00:57:00+00:00,2025-12-19 00:57:00+00:00,dry_run,0.0,,118.28,118.28,0.00202908353060538,-0.0049881636794048,0.0,0.00202908353060538,-0.0049881636794048
SOL/USDT,2025-12-19 00:57:00+00:00,2025-12-19 01:01:00+00:00,prob_floor,-0.0250961025915426,4.0,118.28,118.18,0.00202908353060538,-0.0049881636794048,-0.000845451471085501,0.0028769673379589467,-0.004146217634117488
SOL/USDT,2025-12-19 00:57:00+00:00,2025-12-19 01:02:00+00:00,prob_floor,-0.0330967820497383,5.0,118.28,118.11,0.00202908353060538,-0.0049881636794048,-0.001437267500845496,0.0034713402760138123,-0.0035560071120142034
SOL/USDT,2025-12-19 00:57:00+00:00,2025-12-19 01:05:00+00:00,prob_floor,-0.0394973264459223,8.0,118.28,117.95,0.00202908353060538,-0.0049881636794048,-0.002789989854582342,0.004832556167867708,-0.002204323866044966
SOL/USDT,2025-12-19 00:57:00+00:00,2025-12-19 01:06:00+00:00,prob_floor,-0.0290964421767661,9.0,118.28,117.96,0.00202908353060538,-0.0049881636794048,-0.002705444707473803,0.004747371990505345,-0.002288911495422097
SOL/USDT,2025-12-19 00:57:00+00:00,2025-12-19 01:07:00+00:00,prob_floor,-0.0074946118257495,10.0,118.28,118.06,0.00202908353060538,-0.0049881636794048,-0.001859993236388191,0.0038963239031000185,-0.003133999661189213
SOL/USDT,2025-12-19 00:57:00+00:00,2025-12-19 01:08:00+00:00,prob_floor,-0.0274963063081684,11.0,118.28,118.33,0.00202908353060538,-0.0049881636794048,0.000422725735542695,0.0016056790332121817,-0.005408603059241068
SOL/USDT,2025-12-19 00:57:00+00:00,2025-12-19 01:09:00+00:00,prob_floor,-0.004294341372755,12.0,118.28,118.08,0.00202908353060538,-0.0049881636794048,-0.001690902942171113,0.0037262872628727184,-0.0033028455284552782
SOL/USDT,2025-12-19 00:57:00+00:00,2025-12-19 01:10:00+00:00,gate_close,0.0021057599999997,13.0,118.28,118.38,0.00202908353060538,-0.0049881636794048,0.000845451471085612,0.0011826322013854806,-0.0058286872782564725
SOL/USDT,2025-12-19 01:11:00+00:00,2025-12-19 01:11:00+00:00,cooldown_after_exit,0.0,,118.43,118.43,0.000759942582115869,-0.006248416786287292,0.0,0.000759942582115869,-0.006248416786287292
SOL/USDT,2025-12-19 01:12:00+00:00,2025-12-19 01:12:00+00:00,dry_run,0.0,,118.39,118.39,0.0010980657150096995,-0.0059126615423600315,0.0,0.0010980657150096995,-0.0059126615423600315
SOL/USDT,2025-12-19 01:12:00+00:00,2025-12-19 01:13:00+00:00,prob_floor,-0.0018923785586868,1.0,118.39,118.27,0.0010980657150096995,-0.0059126615423600315,-0.001013599121547415,0.002113807389870548,-0.004904033144499831
SOL/USDT,2025-12-19 01:12:00+00:00,2025-12-19 01:14:00+00:00,prob_floor,0.0029080269494308,2.0,118.39,118.29,0.0010980657150096995,-0.0059126615423600315,-0.0008446659346228458,0.0019443739961111373,-0.005072279989855488
SOL/USDT,2025-12-19 01:12:00+00:00,2025-12-19 01:15:00+00:00,take_profit,0.0125088367334874,3.0,118.39,118.34,0.0010980657150096995,-0.0059126615423600315,-0.0004223329673114229,0.0015210410681087971,-0.005492648301504199
SOL/USDT,2025-12-19 01:12:00+00:00,2025-12-19 01:16:00+00:00,take_profit,0.0101086344413011,4.0,118.39,118.46,0.0010980657150096995,-0.0059126615423600315,0.000591266154235992,0.0005065000844166612,-0.006500084416680707
SOL/USDT,2025-12-19 01:12:00+00:00,2025-12-19 01:17:00+00:00,take_profit,0.0157075199999999,5.0,118.39,118.45,0.0010980657150096995,-0.0059126615423600315,0.0005067995607737075,0.0005909666525960589,-0.006416209371042703
SOL/USDT,2025-12-19 01:18:00+00:00,2025-12-19 01:18:00+00:00,cooldown_after_exit,0.0,,118.49,118.49,0.0002531859228627198,-0.006751624609671714,0.0,0.0002531859228627198,-0.006751624609671714
SOL/USDT,2025-12-19 01:20:00+00:00,2025-12-19 01:20:00+00:00,dry_run,0.0,,118.21,118.21,0.0026224515692412353,-0.004398951019372266,0.0,0.0026224515692412353,-0.004398951019372266
SOL/USDT,2025-12-19 01:20:00+00:00,2025-12-19 01:21:00+00:00,gate_close,-0.00588759743905,1.0,118.21,117.96,0.0026224515692412353,-0.004398951019372266,-0.002114880297775179,0.004747371990505345,-0.002288911495422097
SOL/USDT,2025-12-19 01:20:00+00:00,2025-12-19 01:22:00+00:00,take_profit,0.011713892697956,2.0,118.21,117.93,0.0026224515692412353,-0.004398951019372266,-0.0023686659335080407,0.005002967862291152,-0.0020351055711015364
SOL/USDT,2025-12-19 01:20:00+00:00,2025-12-19 01:23:00+00:00,take_profit,0.0141140954685849,3.0,118.21,118.14,0.0026224515692412353,-0.004398951019372266,-0.0005921664833770102,0.003216522769595276,-0.0038090401218893177
SOL/USDT,2025-12-19 01:20:00+00:00,2025-12-19 01:25:00+00:00,prob_floor,0.0069126399999999,5.0,118.21,118.08,0.0026224515692412353,-0.004398951019372266,-0.0010997377548430665,0.0037262872628727184,-0.0033028455284552782
SOL/USDT,2025-12-19 01:37:00+00:00,2025-12-19 01:37:00+00:00,dry_run,0.0,,117.99,117.99,0.00593270616153907,-0.0019493177387913674,0.0,0.00593270616153907,-0.0019493177387913674
SOL/USDT,2025-12-19 01:37:00+00:00,2025-12-19 01:41:00+00:00,prob_floor,-0.0114893522567508,4.0,117.99,117.89,0.00593270616153907,-0.0019493177387913674,-0.0008475294516483434,0.006785986936975075,-0.001102722877258433
SOL/USDT,2025-12-19 01:37:00+00:00,2025-12-19 01:46:00+00:00,gate_close,-0.0114893522567508,9.0,117.99,117.92,0.00593270616153907,-0.0019493177387913674,-0.0005932706161538848,0.008141112618724522,-0.0013568521031207537
SOL/USDT,2025-12-19 01:37:00+00:00,2025-12-19 01:50:00+00:00,take_profit,0.01811136,13.0,117.99,117.91,0.00593270616153907,-0.0019493177387913674,-0.0006780235613187413,0.010092443389025485,-0.0009329149351200439
SOL/USDT,2025-12-19 01:52:00+00:00,2025-12-19 01:52:00+00:00,cooldown_after_loss,0.0,,118.34,118.34,0.006929187088051236,-0.0031265844177793545,0.0,0.006929187088051236,-0.0031265844177793545
SOL/USDT,2025-12-19 01:54:00+00:00,2025-12-19 01:54:00+00:00,cooldown_after_loss,0.0,,118.43,118.43,0.006163978721607677,-0.003884150975259737,0.0,0.006163978721607677,-0.003884150975259737
SOL/USDT,2025-12-19 01:55:00+00:00,2025-12-19 01:55:00+00:00,dry_run,0.0,,118.38,118.38,0.006757898293630715,-0.0034634228754857332,0.0,0.006757898293630715,-0.0034634228754857332
SOL/USDT,2025-12-19 01:55:00+00:00,2025-12-19 02:00:00+00:00,gate_close,-0.0266978367003682,5.0,118.38,118.21,0.006757898293630715,-0.0034634228754857332,-0.0014360533873964965,0.008205735555367744,-0.002030285085864114
SOL/USDT,2025-12-19 01:55:00+00:00,2025-12-19 02:03:00+00:00,gate_close,-0.0354985837862558,8.0,118.38,118.1,0.006757898293630715,-0.0034634228754857332,-0.0023652644027707392,0.015580016934801044,-0.0011007620660457018
SOL/USDT,2025-12-19 01:55:00+00:00,2025-12-19 02:05:00+00:00,gate_close,-0.0306981761124042,10.0,118.38,118.14,0.006757898293630715,-0.0034634228754857332,-0.0020273694880891258,0.015574741831725136,-0.0014389707127137052
SOL/USDT,2025-12-19 01:55:00+00:00,2025-12-19 02:06:00+00:00,prob_floor,-0.028297972430717,11.0,118.38,118.13,0.006757898293630715,-0.0034634228754857332,-0.0021118432167596124,0.015660712774062446,-0.0013544400237026633
SOL/USDT,2025-12-19 01:55:00+00:00,2025-12-19 02:07:00+00:00,prob_floor,-0.0122966171911283,12.0,118.38,118.17,0.006757898293630715,-0.0034634228754857332,-0.001773948302077999,0.015570787848015577,-0.0016924769400017414
SOL/USDT,2025-12-19 01:55:00+00:00,2025-12-19 02:08:00+00:00,prob_floor,-0.0346985158118449,13.0,118.38,118.37,0.006757898293630715,-0.0034634228754857332,-8.447372867026459e-05,0.014108304469037769,-0.0033792346033624243
SOL/USDT,2025-12-19 01:55:00+00:00,2025-12-19 02:09:00+00:00,prob_floor,-0.037898787778578,14.0,118.38,118.1,0.006757898293630715,-0.0034634228754857332,-0.0023652644027707392,0.016426756985605584,-0.0011007620660457018
SOL/USDT,2025-12-19 01:55:00+00:00,2025-12-19 02:10:00+00:00,prob_floor,-0.0434992641640872,15.0,118.38,118.06,0.006757898293630715,-0.0034634228754857332,-0.0027031593174522417,0.016771133322039722,-0.0007623242419109166
SOL/USDT,2025-12-19 01:55:00+00:00,2025-12-19 02:11:00+00:00,prob_floor,-0.025897768852416,16.0,118.38,118.0,0.006757898293630715,-0.0034634228754857332,-0.0032100016894744954,0.0172881355932204,-0.00025423728813556146
SOL/USDT,2025-12-19 01:55:00+00:00,2025-12-19 02:12:00+00:00,prob_floor,-0.0266978367003682,17.0,118.38,118.29,0.006757898293630715,-0.0034634228754857332,-0.0007602635580333805,0.017414827965170243,-0.002705215994589616
SOL/USDT,2025-12-19 01:55:00+00:00,2025-12-19 02:13:00+00:00,prob_floor,-0.0362986517721792,18.0,118.38,118.24,0.006757898293630715,-0.0034634228754857332,-0.0011826322013853696,0.018606224627875534,-0.0022834912043301347
SOL/USDT,2025-12-19 01:55:00+00:00,2025-12-19 02:14:00+00:00,prob_floor,-0.0322983119576704,19.0,118.38,118.08,0.006757898293630715,-0.0034634228754857332,-0.0025342118601114905,0.0199864498644986,-0.0009315718157181241
SOL/USDT,2025-12-19 01:55:00+00:00,2025-12-19 02:15:00+00:00,trailing_prob_drop,-0.0362986517721792,20.0,118.38,118.09,0.006757898293630715,-0.0034634228754857332,-0.002449738131441004,0.02083156914217965,-0.0010161741044966144
SOL/USDT,2025-12-19 01:55:00+00:00,2025-12-19 02:16:00+00:00,trailing_prob_drop,-0.0298981082070146,21.0,118.38,118.05,0.006757898293630715,-0.0034634228754857332,-0.0027876330461226173,0.021177467174925857,-0.0006776789495975821
SOL/USDT,2025-12-19 01:55:00+00:00,2025-12-19 02:17:00+00:00,trailing_prob_drop,-0.0306981761124042,22.0,118.38,118.15,0.006757898293630715,-0.0034634228754857332,-0.0019428957594187501,0.020313161235717248,-0.0015234870926789101
SOL/USDT,2025-12-19 01:55:00+00:00,2025-12-19 02:19:00+00:00,trailing_prob_drop,-0.0410990599296684,24.0,118.38,118.07,0.006757898293630715,-0.0034634228754857332,-0.002618685588781866,0.02100448886253914,-0.0008469551960700317
SOL/USDT,2025-12-19 01:55:00+00:00,2025-12-19 02:20:00+00:00,trailing_prob_drop,-0.0466995366382637,25.0,118.38,118.04,0.006757898293630715,-0.0034634228754857332,-0.002872106774792993,0.021263978312436427,-0.0005930193154863872
SOL/USDT,2025-12-19 01:55:00+00:00,2025-12-19 02:21:00+00:00,trailing_prob_drop,-0.0362986517721792,26.0,118.38,117.98,0.006757898293630715,-0.0034634228754857332,-0.0033789491468152466,0.02178335311069657,-8.476012883540385e-05
SOL/USDT,2025-12-19 01:55:00+00:00,2025-12-19 02:22:00+00:00,prob_floor,-0.0202972942380049,27.0,118.38,118.07,0.006757898293630715,-0.0034634228754857332,-0.002618685588781866,0.02100448886253914,-0.0008469551960700317
SOL/USDT,2025-12-19 01:55:00+00:00,2025-12-19 02:23:00+00:00,trailing_prob_drop,-0.0130966848443374,28.0,118.38,118.27,0.006757898293630715,-0.0034634228754857332,-0.0009292110153742428,0.019277923395620178,-0.001268284433922351
SOL/USDT,2025-12-19 01:55:00+00:00,2025-12-19 02:27:00+00:00,gate_close,-0.006696143938537,32.0,118.38,118.46,0.006757898293630715,-0.0034634228754857332,0.0006757898293630049,0.028617254769542466,-0.0011818335303055427
SOL/USDT,2025-12-19 01:55:00+00:00,2025-12-19 02:29:00+00:00,gate_close,-0.0042959412871914,34.0,118.38,118.53,0.006757898293630715,-0.0034634228754857332,0.0012671059300557452,0.02809415337889143,-0.0017717033662364434
SOL/USDT,2025-12-19 01:55:00+00:00,2025-12-19 02:33:00+00:00,gate_close,-0.0058960763766817,38.0,118.38,118.56,0.006757898293630715,-0.0034634228754857332,0.001520527116066983,0.03238866396761142,-0.002024291497975783
SOL/USDT,2025-12-19 01:55:00+00:00,2025-12-19 02:36:00+00:00,gate_close,-0.0082962790964744,41.0,118.38,118.32,0.006757898293630715,-0.0034634228754857332,-0.0005068423720223647,0.034482758620689724,0.0
SOL/USDT,2025-12-19 01:55:00+00:00,2025-12-19 02:39:00+00:00,gate_close,-0.006696143938537,44.0,118.38,118.52,0.006757898293630715,-0.0034634228754857332,0.0011826322013854806,0.03273709078636533,-0.000928113398582564
SOL/USDT,2025-12-19 01:55:00+00:00,2025-12-19 02:41:00+00:00,take_profit,0.0141041600000002,46.0,118.38,118.55,0.006757898293630715,-0.0034634228754857332,0.0014360533873964965,0.032475748629270385,-8.435259384220739e-05
SOL/USDT,2025-12-19 02:43:00+00:00,2025-12-19 02:43:00+00:00,dry_run,0.0,,118.65,118.65,0.031605562579013924,-0.0005056890012642423,0.0,0.031605562579013924,-0.0005056890012642423
SOL/USDT,2025-12-19 02:43:00+00:00,2025-12-19 02:44:00+00:00,take_profit,0.0125025924132413,1.0,118.65,118.66,0.031605562579013924,-0.0005056890012642423,8.428150021067005e-05,0.03151862464183397,-0.0005899207820663221
SOL/USDT,2025-12-19 02:43:00+00:00,2025-12-19 02:45:00+00:00,take_profit,0.0181030624862331,2.0,118.65,118.86,0.031605562579013924,-0.0005056890012642423,0.001769911504424737,0.029782937910146412,-0.001682651859330364
SOL/USDT,2025-12-19 02:43:00+00:00,2025-12-19 02:46:00+00:00,take_profit,0.0253036660533492,3.0,118.65,118.84,0.031605562579013924,-0.0005056890012642423,0.001601348504003397,0.029956243688993522,0.0
SOL/USDT,2025-12-19 02:43:00+00:00,2025-12-19 02:47:00+00:00,take_profit,0.0237035320062176,4.0,118.65,119.02,0.031605562579013924,-0.0005056890012642423,0.003118415507795902,0.028398588472525743,-0.0011762728953117474
SOL/USDT,2025-12-19 02:43:00+00:00,2025-12-19 02:48:00+00:00,take_profit,0.0229012800000001,5.0,118.65,119.06,0.031605562579013924,-0.0005056890012642423,0.003455541508638804,0.028053082479422065,-0.001091886443809753
SOL/USDT,2025-12-19 02:50:00+00:00,2025-12-19 02:50:00+00:00,dry_run,0.0,,118.95,118.95,0.029003783102143688,-0.00016813787305591799,0.0,0.029003783102143688,-0.00016813787305591799
SOL/USDT,2025-12-19 02:50:00+00:00,2025-12-19 02:51:00+00:00,take_profit,0.0068981200184814,1.0,118.95,119.14,0.029003783102143688,-0.00016813787305591799,0.0015973097940311654,0.02736276649320124,-0.001762632197414793
SOL/USDT,2025-12-19 02:50:00+00:00,2025-12-19 02:52:00+00:00,take_profit,0.0084982542577591,2.0,118.95,119.07,0.029003783102143688,-0.00016813787305591799,0.0010088272383352859,0.027966742252456545,-0.0011757789535565832
SOL/USDT,2025-12-19 02:50:00+00:00,2025-12-19 02:53:00+00:00,take_profit,0.0180990587473267,3.0,118.95,119.05,0.029003783102143688,-0.00016813787305591799,0.0008406893652794789,0.02813943721125578,-0.0010079798404031282
SOL/USDT,2025-12-19 02:50:00+00:00,2025-12-19 02:54:00+00:00,take_profit,0.0076981871437563,4.0,118.95,119.16,0.029003783102143688,-0.00016813787305591799,0.0017654476670869723,0.027190332326284095,-0.0019301779120509677
SOL/USDT,2025-12-19 02:50:00+00:00,2025-12-19 03:00:00+00:00,take_profit,0.0140972800000002,10.0,118.95,118.97,0.029003783102143688,-0.00016813787305591799,0.00016813787305580696,0.02883079768008745,-0.0003362192149281018
SOL/USDT,2025-12-19 03:04:00+00:00,2025-12-19 03:04:00+00:00,dry_run,0.0,,119.97,119.97,0.02025506376594155,-0.004334416937567642,0.0,0.02025506376594155,-0.004334416937567642
SOL/USDT,2025-12-19 03:04:00+00:00,2025-12-19 03:05:00+00:00,gate_close,-0.0163207816984511,1.0,119.97,119.7,0.02025506376594155,-0.004334416937567642,-0.0022505626406601476,0.022556390977443552,-0.002088554720133695
SOL/USDT,2025-12-19 03:04:00+00:00,2025-12-19 03:07:00+00:00,gate_close,0.0012806865597527,3.0,119.97,120.01,0.02025506376594155,-0.004334416937567642,0.00033341668750530573,0.019915007082743186,-0.004666277810182473
SOL/USDT,2025-12-19 03:04:00+00:00,2025-12-19 03:09:00+00:00,gate_close,-0.0387226582072202,5.0,119.97,119.69,0.02025506376594155,-0.004334416937567642,-0.002333916812536474,0.02264182471384424,-0.0020051800484585103
SOL/USDT,2025-12-19 03:04:00+00:00,2025-12-19 03:11:00+00:00,take_profit,0.0228803200000001,7.0,119.97,119.88,0.02025506376594155,-0.004334416937567642,-0.0007501875468867159,0.021021021021021102,-0.003586920253586867
SOL/USDT,2025-12-19 03:20:00+00:00,2025-12-19 03:20:00+00:00,dry_run,0.0,,119.95,119.95,0.020425177157148866,-0.004168403501458973,0.0,0.020425177157148866,-0.004168403501458973
SOL/USDT,2025-12-19 03:20:00+00:00,2025-12-19 03:21:00+00:00,take_profit,0.0204846846201885,1.0,119.95,119.8,0.020425177157148866,-0.004168403501458973,-0.0012505210504377695,0.0217028380634392,-0.002921535893155247
SOL/USDT,2025-12-19 03:20:00+00:00,2025-12-19 03:22:00+00:00,take_profit,0.0452867387653104,2.0,119.95,120.12,0.020425177157148866,-0.004168403501458973,0.001417257190496013,0.018981018981018893,-0.002830502830502901
SOL/USDT,2025-12-19 03:20:00+00:00,2025-12-19 03:23:00+00:00,take_profit,0.0556875970372838,3.0,119.95,120.43,0.020425177157148866,-0.004168403501458973,0.004001667361400507,0.016358050319687845,-0.002989288383293265
SOL/USDT,2025-12-19 03:20:00+00:00,2025-12-19 03:24:00+00:00,take_profit,0.1060917302727005,4.0,119.95,120.58,0.020425177157148866,-0.004168403501458973,0.005252188411838166,0.015093713717034385,-0.0011610549013103544
SOL/USDT,2025-12-19 03:20:00+00:00,2025-12-19 03:25:00+00:00,take_profit,0.1284827199999996,5.0,119.95,121.19,0.020425177157148866,-0.004168403501458973,0.010337640683618199,0.009984322138790303,-0.004868388480897767
SOL/USDT,2025-12-19 03:59:00+00:00,2025-12-19 03:59:00+00:00,dry_run,0.0,,121.53,121.53,0.012095778820044423,-0.0014811157738831016,0.0,0.012095778820044423,-0.0014811157738831016
SOL/USDT,2025-12-19 03:59:00+00:00,2025-12-19 04:00:00+00:00,take_profit,0.0148560376505362,1.0,121.53,121.45,0.012095778820044423,-0.0014811157738831016,-0.0006582736772813291,0.012762453684643793,-0.0008233841086867644
SOL/USDT,2025-12-19 03:59:00+00:00,2025-12-19 04:01:00+00:00,prob_floor,-0.0219469891739123,2.0,121.53,121.81,0.012095778820044423,-0.0014811157738831016,0.002303957870484652,0.00976931286429683,-0.003776373039980352
SOL/USDT,2025-12-19 03:59:00+00:00,2025-12-19 04:02:00+00:00,prob_floor,-0.0035454728987959,3.0,121.53,121.44,0.012095778820044423,-0.0014811157738831016,-0.0007405578869414953,0.012845849802371578,-0.0007411067193676679
SOL/USDT,2025-12-19 03:59:00+00:00,2025-12-19 04:03:00+00:00,prob_floor,-0.0171465930700499,4.0,121.53,121.59,0.012095778820044423,-0.0014811157738831016,0.0004937052579609968,0.011596348383913213,-0.001973846533432133
SOL/USDT,2025-12-19 03:59:00+00:00,2025-12-19 04:04:00+00:00,prob_floor,0.0020545599999997,5.0,121.53,121.48,0.012095778820044423,-0.0014811157738831016,-0.0004114210483008307,0.012512347711557403,-0.0003292723081989024
SOL/USDT,2025-12-19 04:09:00+00:00,2025-12-19 04:09:00+00:00,dry_run,0.0,,121.86,121.86,0.009354997538158605,-0.001148859346791431,0.0,0.009354997538158605,-0.001148859346791431
SOL/USDT,2025-12-19 04:09:00+00:00,2025-12-19 04:10:00+00:00,gate_close,0.0060500338820825,1.0,121.86,121.91,0.009354997538158605,-0.001148859346791431,0.00041030690956822546,0.008941022065458215,-0.0015585267820522608
SOL/USDT,2025-12-19 04:09:00+00:00,2025-12-19 04:11:00+00:00,gate_close,0.0068500993699056,2.0,121.86,122.04,0.009354997538158605,-0.001148859346791431,0.001477104874446189,0.007866273352999054,-0.0026220911176664252
SOL/USDT,2025-12-19 04:09:00+00:00,2025-12-19 04:13:00+00:00,take_profit,0.0100503612139076,4.0,121.86,121.93,0.009354997538158605,-0.001148859346791431,0.0005744296733958265,0.008775526941687817,-0.001722299680144368
SOL/USDT,2025-12-19 04:09:00+00:00,2025-12-19 04:14:00+00:00,take_profit,0.0124492799999994,5.0,121.86,122.08,0.009354997538158605,-0.001148859346791431,0.001805350402100725,0.007536041939711691,-0.002948885976408855
SOL/USDT,2025-12-19 04:18:00+00:00,2025-12-19 04:18:00+00:00,dry_run,0.0,,122.16,122.16,0.00965946299934517,-0.003601833660772713,0.0,0.00965946299934517,-0.003601833660772713
SOL/USDT,2025-12-19 04:18:00+00:00,2025-12-19 04:22:00+00:00,gate_close,-0.0259557913834293,4.0,122.16,121.82,0.00965946299934517,-0.003601833660772713,-0.002783235101506243,0.01247742571006416,-0.0008208832703988644
SOL/USDT,2025-12-19 04:18:00+00:00,2025-12-19 04:23:00+00:00,trailing_prob_drop,-0.0339564500858415,5.0,122.16,121.84,0.00965946299934517,-0.003601833660772713,-0.0026195153896528822,0.012311227839789884,-0.000984898227183173
SOL/USDT,2025-12-19 04:18:00+00:00,2025-12-19 04:24:00+00:00,trailing_prob_drop,-0.0179551337614293,6.0,122.16,121.72,0.00965946299934517,-0.003601833660772713,-0.003601833660772713,0.013309234308248374,0.0
SOL/USDT,2025-12-19 04:18:00+00:00,2025-12-19 04:25:00+00:00,gate_close,-0.0227555282051274,7.0,122.16,121.97,0.00965946299934517,-0.003601833660772713,-0.001555337262606371,0.011232270230384644,-0.0018857096007215413
SOL/USDT,2025-12-19 04:18:00+00:00,2025-12-19 04:26:00+00:00,trailing_prob_drop,-0.0203553309347434,8.0,122.16,121.88,0.00965946299934517,-0.003601833660772713,-0.002292075965946272,0.011978995733508357,-0.0003281916639317206
SOL/USDT,2025-12-19 04:18:00+00:00,2025-12-19 04:27:00+00:00,prob_floor,-0.0195552651995253,9.0,122.16,121.9,0.00965946299934517,-0.003601833660772713,-0.0021283562540929113,0.01181296144380628,-0.0004922067268252617
SOL/USDT,2025-12-19 04:18:00+00:00,2025-12-19 04:28:00+00:00,trailing_prob_drop,-0.0171550680585519,10.0,122.16,121.9,0.00965946299934517,-0.003601833660772713,-0.0021283562540929113,0.01181296144380628,0.0
SOL/USDT,2025-12-19 04:18:00+00:00,2025-12-19 04:29:00+00:00,trailing_prob_drop,-0.0179551337614293,11.0,122.16,121.92,0.00965946299934517,-0.003601833660772713,-0.0019646365422396617,0.011646981627296604,-0.00016404199475061887
SOL/USDT,2025-12-19 04:18:00+00:00,2025-12-19 04:30:00+00:00,take_profit,0.00924608,12.0,122.16,121.9,0.00965946299934517,-0.003601833660772713,-0.0021283562540929113,0.01181296144380628,0.0
SOL/USDT,2025-12-19 04:32:00+00:00,2025-12-19 04:32:00+00:00,dry_run,0.0,,122.24,122.24,0.008998691099476597,-0.002617801047120394,0.0,0.008998691099476597,-0.002617801047120394
SOL/USDT,2025-12-19 04:32:00+00:00,2025-12-19 04:33:00+00:00,gate_close,-0.0147574297686994,1.0,122.24,122.27,0.008998691099476597,-0.002617801047120394,0.00024541884816753345,0.008751124560399282,-0.0028625173795697734
SOL/USDT,2025-12-19 04:32:00+00:00,2025-12-19 04:36:00+00:00,trailing_prob_drop,-0.0203578890853225,4.0,122.24,121.92,0.008998691099476597,-0.002617801047120394,-0.002617801047120394,0.011646981627296604,0.0
SOL/USDT,2025-12-19 04:32:00+00:00,2025-12-19 04:37:00+00:00,gate_close,-0.0171576265541961,5.0,122.24,122.06,0.008998691099476597,-0.002617801047120394,-0.0014725130890052007,0.01048664591184667,-0.0007373422906767901
SOL/USDT,2025-12-19 04:32:00+00:00,2025-12-19 04:40:00+00:00,gate_close,-0.0075568399918189,8.0,122.24,122.3,0.008998691099476597,-0.002617801047120394,0.0004908376963350669,0.008503679476696613,-0.002371218315617263
SOL/USDT,2025-12-19 04:32:00+00:00,2025-12-19 04:42:00+00:00,gate_close,-0.0067567745146634,10.0,122.24,122.21,0.008998691099476597,-0.002617801047120394,-0.00024541884816753345,0.00924637918337301,-0.001636527289092471
SOL/USDT,2025-12-19 04:32:00+00:00,2025-12-19 04:44:00+00:00,take_profit,0.0132435199999998,12.0,122.24,122.28,0.008998691099476597,-0.002617801047120394,0.0003272251308901186,0.008668629375204517,-0.0022080471050048844
SOL/USDT,2025-12-19 04:50:00+00:00,2025-12-19 04:50:00+00:00,dry_run,0.0,,122.69,122.69,0.005297905289754823,-0.005542423995435586,0.0,0.005297905289754823,-0.005542423995435586
SOL/USDT,2025-12-19 04:50:00+00:00,2025-12-19 04:53:00+00:00,take_profit,0.0156378488903334,3.0,122.69,122.76,0.005297905289754823,-0.005542423995435586,0.000570543646589039,0.0047246660149886655,-0.006109481915933523
SOL/USDT,2025-12-19 04:50:00+00:00,2025-12-19 04:54:00+00:00,take_profit,0.0092373290735229,4.0,122.69,122.96,0.005297905289754823,-0.005542423995435586,0.002200668351128865,0.0030904359141183946,-0.0077260897852959864
SOL/USDT,2025-12-19 04:50:00+00:00,2025-12-19 04:55:00+00:00,take_profit,0.0156363199999999,5.0,122.69,122.88,0.005297905289754823,-0.005542423995435586,0.001548618469312979,0.0037434895833334814,-0.007080078124999889
SOL/USDT,2025-12-19 04:56:00+00:00,2025-12-19 04:56:00+00:00,cooldown_after_exit,0.0,,122.95,122.95,0.003172021146807591,-0.007645384302562008,0.0,0.003172021146807591,-0.007645384302562008
SOL/USDT,2025-12-19 04:57:00+00:00,2025-12-19 04:57:00+00:00,dry_run,0.0,,122.99,122.99,0.002845759817871496,-0.007968127490039723,0.0,0.002845759817871496,-0.007968127490039723
SOL/USDT,2025-12-19 04:57:00+00:00,2025-12-19 04:59:00+00:00,gate_close,-0.0363700692088603,2.0,122.99,122.81,0.002845759817871496,-0.007968127490039723,-0.0014635336206194616,0.004315609478055649,-0.00651412751404612
SOL/USDT,2025-12-19 04:57:00+00:00,2025-12-19 05:00:00+00:00,gate_close,-0.041170462420703,3.0,122.99,122.55,0.002845759817871496,-0.007968127490039723,-0.0035775266281811158,0.006446348429212545,-0.004406364749081959
SOL/USDT,2025-12-19 04:57:00+00:00,2025-12-19 05:01:00+00:00,trailing_prob_drop,-0.0587719074992827,4.0,122.99,122.48,0.002845759817871496,-0.007968127490039723,-0.004146678591755326,0.0070215545395166945,-0.0038373612018288705
SOL/USDT,2025-12-19 04:57:00+00:00,2025-12-19 05:02:00+00:00,trailing_prob_drop,-0.0499711843105193,5.0,122.99,122.27,0.002845759817871496,-0.007968127490039723,-0.00585413448247829,0.008751124560399282,-0.002126441481966057
SOL/USDT,2025-12-19 04:57:00+00:00,2025-12-19 05:03:00+00:00,prob_floor,-0.0547715786158674,6.0,122.99,122.38,0.002845759817871496,-0.007968127490039723,-0.004959752825432928,0.007844419022716265,-0.0030233698316717295
SOL/USDT,2025-12-19 04:57:00+00:00,2025-12-19 05:04:00+00:00,prob_floor,-0.06117210495848,7.0,122.99,122.38,0.002845759817871496,-0.007968127490039723,-0.004959752825432928,0.007844419022716265,-0.0030233698316717295
SOL/USDT,2025-12-19 04:57:00+00:00,2025-12-19 05:05:00+00:00,prob_floor,-0.071572961736211,8.0,122.99,122.27,0.002845759817871496,-0.007968127490039723,-0.00585413448247829,0.008751124560399282,-0.002126441481966057
SOL/USDT,2025-12-19 04:57:00+00:00,2025-12-19 05:06:00+00:00,prob_floor,-0.0771734238341457,9.0,122.99,122.11,0.002845759817871496,-0.007968127490039723,-0.0071550532563622316,0.010072885103595164,-0.0008189337482596981
SOL/USDT,2025-12-19 04:57:00+00:00,2025-12-19 05:07:00+00:00,prob_floor,-0.07317309371012,10.0,122.99,122.04,0.002845759817871496,-0.007968127490039723,-0.007724205219936442,0.010652245165519547,-0.0002458210422812135
SOL/USDT,2025-12-19 04:57:00+00:00,2025-12-19 05:08:00+00:00,prob_floor,-0.0739731597132914,11.0,122.99,122.04,0.002845759817871496,-0.007968127490039723,-0.007724205219936442,0.010652245165519547,-0.0002458210422812135
SOL/USDT,2025-12-19 04:57:00+00:00,2025-12-19 05:09:00+00:00,prob_floor,-0.0723730277177592,12.0,122.99,122.04,0.002845759817871496,-0.007968127490039723,-0.007724205219936442,0.010652245165519547,0.0
SOL/USDT,2025-12-19 04:57:00+00:00,2025-12-19 05:10:00+00:00,prob_floor,-0.0659725001677918,13.0,122.99,122.09,0.002845759817871496,-0.007968127490039723,-0.007317668103097752,0.010238348759112226,0.0
SOL/USDT,2025-12-19 04:57:00+00:00,2025-12-19 05:11:00+00:00,prob_floor,-0.0363700692088603,14.0,122.99,122.19,0.002845759817871496,-0.007968127490039723,-0.006504593869420261,0.009411572141746483,0.0
SOL/USDT,2025-12-19 04:57:00+00:00,2025-12-19 05:12:00+00:00,prob_floor,-0.041170462420703,15.0,122.99,122.54,0.002845759817871496,-0.007968127490039723,-0.003658834051548765,0.0065284804961645015,-0.0026929982046679513
SOL/USDT,2025-12-19 04:57:00+00:00,2025-12-19 05:13:00+00:00,prob_floor,-0.0099679134079333,16.0,122.99,122.49,0.002845759817871496,-0.007968127490039723,-0.004065371168387677,0.006939341987101111,-0.002285900889868575
SOL/USDT,2025-12-19 04:57:00+00:00,2025-12-19 05:14:00+00:00,prob_floor,-0.0027673274704188,17.0,122.99,122.87,0.002845759817871496,-0.007968127490039723,-0.0009756890804130114,0.003825181085700402,-0.005371530886302711
SOL/USDT,2025-12-19 04:57:00+00:00,2025-12-19 05:15:00+00:00,take_profit,0.0284326400000007,18.0,122.99,122.96,0.002845759817871496,-0.007968127490039723,-0.0002439222701032806,0.0030904359141183946,-0.006099544567338966
SOL/USDT,2025-12-19 05:16:00+00:00,2025-12-19 05:16:00+00:00,cooldown_after_exit,0.0,,123.34,123.34,0.0,-0.009161666936922441,0.0,0.0,-0.009161666936922441
SOL/USDT,2025-12-19 05:20:00+00:00,2025-12-19 05:20:00+00:00,dry_run,0.0,,122.75,122.75,0.0014663951120164054,-0.004399185336048883,0.0,0.0014663951120164054,-0.004399185336048883
SOL/USDT,2025-12-19 05:20:00+00:00,2025-12-19 05:21:00+00:00,gate_close,-0.0083674631943018,1.0,122.75,122.93,0.0014663951120164054,-0.004399185336048883,0.0014663951120164054,0.0,-0.005856991783942167
SOL/USDT,2025-12-19 05:20:00+00:00,2025-12-19 05:22:00+00:00,gate_close,-0.0147679846638692,2.0,122.75,122.86,0.0014663951120164054,-0.004399185336048883,0.0008961303462322601,0.0005697541917630833,-0.005290574637799139
SOL/USDT,2025-12-19 05:20:00+00:00,2025-12-19 05:27:00+00:00,gate_close,-0.0307692913153053,7.0,122.75,122.59,0.0014663951120164054,-0.004399185336048883,-0.001303462321792237,0.005302226935312682,-0.003099763439106007
SOL/USDT,2025-12-19 05:20:00+00:00,2025-12-19 05:29:00+00:00,prob_floor,-0.0155680498953456,9.0,122.75,122.65,0.0014663951120164054,-0.004399185336048883,-0.0008146639511200648,0.004810436200570534,-0.0035874439461884844
SOL/USDT,2025-12-19 05:20:00+00:00,2025-12-19 05:30:00+00:00,prob_floor,-0.0235687027949612,10.0,122.75,122.78,0.0014663951120164054,-0.004399185336048883,0.00024439918533603056,0.003746538524189491,-0.004642449910408963
SOL/USDT,2025-12-19 05:20:00+00:00,2025-12-19 05:31:00+00:00,prob_floor,-0.0395700117924631,11.0,122.75,122.7,0.0014663951120164054,-0.004399185336048883,-0.00040733197556008793,0.004400977995109967,-0.0039934800325999165
SOL/USDT,2025-12-19 05:20:00+00:00,2025-12-19 05:32:00+00:00,prob_floor,-0.0251688335026296,12.0,122.75,122.49,0.0014663951120164054,-0.004399185336048883,-0.002118126272912413,0.006122948812147921,-0.002285900889868575
SOL/USDT,2025-12-19 05:20:00+00:00,2025-12-19 05:33:00+00:00,trailing_prob_drop,-0.0395700117924631,13.0,122.75,122.66,0.0014663951120164054,-0.004399185336048883,-0.0007331975560082027,0.004728517854231118,-0.0036686776455242542
SOL/USDT,2025-12-19 05:20:00+00:00,2025-12-19 05:34:00+00:00,prob_floor,-0.0235687027949612,14.0,122.75,122.52,0.0014663951120164054,-0.004399185336048883,-0.0018737270875763823,0.00587659157688547,-0.0025301991511590405
SOL/USDT,2025-12-19 05:20:00+00:00,2025-12-19 05:35:00+00:00,trailing_prob_drop,-0.0235687027949612,15.0,122.75,122.68,0.0014663951120164054,-0.004399185336048883,-0.0005702647657840343,0.0045647212259536385,-0.0038311053146398155
SOL/USDT,2025-12-19 05:20:00+00:00,2025-12-19 05:36:00+00:00,prob_floor,-0.0227686374571095,16.0,122.75,122.69,0.0014663951120164054,-0.004399185336048883,-0.0004887983706720611,0.004482842937484799,-0.00391229929089576
SOL/USDT,2025-12-19 05:20:00+00:00,2025-12-19 05:37:00+00:00,trailing_prob_drop,-0.0267689642529252,17.0,122.75,122.69,0.0014663951120164054,-0.004399185336048883,-0.0004887983706720611,0.004482842937484799,-0.00391229929089576
SOL/USDT,2025-12-19 05:20:00+00:00,2025-12-19 05:38:00+00:00,prob_floor,-0.0259688988724457,18.0,122.75,122.65,0.0014663951120164054,-0.004399185336048883,-0.0008146639511200648,0.004810436200570534,-0.0035874439461884844
SOL/USDT,2025-12-19 05:20:00+00:00,2025-12-19 05:39:00+00:00,trailing_prob_drop,-0.0179682456535377,19.0,122.75,122.66,0.0014663951120164054,-0.004399185336048883,-0.0007331975560082027,0.004728517854231118,-0.0036686776455242542
SOL/USDT,2025-12-19 05:20:00+00:00,2025-12-19 05:42:00+00:00,gate_close,-0.02996922588149,22.0,122.75,122.71,0.0014663951120164054,-0.004399185336048883,-0.00032586558044811476,0.0043191263955668635,-0.004074647542987586
SOL/USDT,2025-12-19 05:20:00+00:00,2025-12-19 05:44:00+00:00,trailing_prob_drop,-0.02996922588149,24.0,122.75,122.55,0.0014663951120164054,-0.004399185336048883,-0.0016293279022403517,0.005630354957160355,-0.002774377804977579
SOL/USDT,2025-12-19 05:20:00+00:00,2025-12-19 05:45:00+00:00,prob_floor,-0.0363697496510921,25.0,122.75,122.55,0.0014663951120164054,-0.004399185336048883,-0.0016293279022403517,0.005630354957160355,-0.002774377804977579
SOL/USDT,2025-12-19 05:20:00+00:00,2025-12-19 05:46:00+00:00,trailing_prob_drop,-0.02996922588149,26.0,122.75,122.55,0.0014663951120164054,-0.004399185336048883,-0.0016293279022403517,0.005630354957160355,-0.002774377804977579
SOL/USDT,2025-12-19 05:20:00+00:00,2025-12-19 05:47:00+00:00,gate_close,-0.0491707992448823,27.0,122.75,122.6,0.0014663951120164054,-0.004399185336048883,-0.0012219959266802638,0.00522022838499181,-0.0031810766721044326
SOL/USDT,2025-12-19 05:20:00+00:00,2025-12-19 05:48:00+00:00,trailing_prob_drop,-0.0531711278060733,28.0,122.75,122.37,0.0014663951120164054,-0.004399185336048883,-0.003095723014256535,0.007109585682765207,-0.0013075100106235693
SOL/USDT,2025-12-19 05:20:00+00:00,2025-12-19 05:50:00+00:00,prob_floor,-0.0403700773545624,30.0,122.75,122.48,0.0014663951120164054,-0.004399185336048883,-0.002199592668024386,0.006205094709340164,-0.002204441541476254
SOL/USDT,2025-12-19 05:20:00+00:00,2025-12-19 05:51:00+00:00,prob_floor,-0.0291691604583455,31.0,122.75,122.43,0.0014663951120164054,-0.004399185336048883,-0.002606924643584474,0.0066160254839500166,-0.0017969451931717506
SOL/USDT,2025-12-19 05:20:00+00:00,2025-12-19 05:52:00+00:00,trailing_prob_drop,-0.02996922588149,32.0,122.75,122.62,0.0014663951120164054,-0.004399185336048883,-0.0010590631364562064,0.0050562714076005655,-0.0033436633501876534
SOL/USDT,2025-12-19 05:20:00+00:00,2025-12-19 05:54:00+00:00,trailing_prob_drop,-0.0379698807003798,34.0,122.75,122.43,0.0014663951120164054,-0.004399185336048883,-0.002606924643584474,0.0066160254839500166,-0.0017969451931717506
SOL/USDT,2025-12-19 05:20:00+00:00,2025-12-19 05:55:00+00:00,prob_floor,-0.0395700117924631,35.0,122.75,122.49,0.0014663951120164054,-0.004399185336048883,-0.002118126272912413,0.006449506082129242,-0.002285900889868575
SOL/USDT,2025-12-19 05:20:00+00:00,2025-12-19 05:56:00+00:00,prob_floor,-0.0387699462410717,36.0,122.75,122.5,0.0014663951120164054,-0.004399185336048883,-0.0020366598778004397,0.006367346938775498,-0.002367346938775605
SOL/USDT,2025-12-19 05:20:00+00:00,2025-12-19 05:57:00+00:00,prob_floor,-0.0451704709520897,37.0,122.75,122.53,0.0014663951120164054,-0.004399185336048883,-0.001792260692464298,0.00865094262629551,-0.0026116053211459045
SOL/USDT,2025-12-19 05:20:00+00:00,2025-12-19 05:58:00+00:00,trailing_prob_drop,-0.0307692913153053,38.0,122.75,122.52,0.0014663951120164054,-0.004399185336048883,-0.0018737270875763823,0.008733268037871333,-0.0025301991511590405
SOL/USDT,2025-12-19 05:20:00+00:00,2025-12-19 05:59:00+00:00,gate_close,-0.0323694222149712,39.0,122.75,122.59,0.0014663951120164054,-0.004399185336048883,-0.001303462321792237,0.008157272208173527,-0.003099763439106007
SOL/USDT,2025-12-19 05:20:00+00:00,2025-12-19 06:02:00+00:00,trailing_prob_drop,-0.0547712593057756,42.0,122.75,122.51,0.0014663951120164054,-0.004399185336048883,-0.0019551934826883555,0.01126438658068718,-0.0024487796914538507
SOL/USDT,2025-12-19 05:20:00+00:00,2025-12-19 06:03:00+00:00,trailing_prob_drop,-0.0619718515870861,43.0,122.75,122.28,0.0014663951120164054,-0.004399185336048883,-0.0038289205702647378,0.014720314033366044,-0.0005724566568532374
SOL/USDT,2025-12-19 05:20:00+00:00,2025-12-19 06:05:00+00:00,trailing_prob_drop,-0.0411701429273677,45.0,122.75,122.41,0.0014663951120164054,-0.004399185336048883,-0.0027698574338085313,0.01560330038395552,-0.0016338534433461005
SOL/USDT,2025-12-19 05:20:00+00:00,2025-12-19 06:07:00+00:00,prob_floor,-0.0507709306371315,47.0,122.75,122.34,0.0014663951120164054,-0.004399185336048883,-0.0033401221995926766,0.02027137485695585,-0.0007356547327120877
SOL/USDT,2025-12-19 05:20:00+00:00,2025-12-19 06:08:00+00:00,prob_floor,-0.0467706022370196,48.0,122.75,122.35,0.0014663951120164054,-0.004399185336048883,-0.0032586558044807035,0.02108704536166739,-0.000817327339599494
SOL/USDT,2025-12-19 05:20:00+00:00,2025-12-19 06:10:00+00:00,trailing_prob_drop,-0.0443704053257097,50.0,122.75,122.39,0.0014663951120164054,-0.004399185336048883,-0.0029327902240325887,0.020835035542119407,-0.0011438843042732572
SOL/USDT,2025-12-19 05:20:00+00:00,2025-12-19 06:11:00+00:00,trailing_prob_drop,-0.0443704053257097,51.0,122.75,122.42,0.0014663951120164054,-0.004399185336048883,-0.002688391038696558,0.02328050972063389,-0.0013886619833360925
SOL/USDT,2025-12-19 05:20:00+00:00,2025-12-19 06:12:00+00:00,trailing_prob_drop,-0.0491707992448823,52.0,122.75,122.4,0.0014663951120164054,-0.004399185336048883,-0.0028513238289205045,0.02344771241830057,-0.001225490196078427
SOL/USDT,2025-12-19 05:20:00+00:00,2025-12-19 06:13:00+00:00,trailing_prob_drop,-0.0435703397100487,53.0,122.75,122.36,0.0014663951120164054,-0.004399185336048883,-0.0031771894093686193,0.023782281791435045,-0.0008989865969271094
SOL/USDT,2025-12-19 05:20:00+00:00,2025-12-19 06:14:00+00:00,prob_floor,-0.0419702085108804,54.0,122.75,122.36,0.0014663951120164054,-0.004399185336048883,-0.0031771894093686193,0.023782281791435045,-0.0008989865969271094
SOL/USDT,2025-12-19 05:20:00+00:00,2025-12-19 06:15:00+00:00,trailing_prob_drop,-0.052371062072349,55.0,122.75,122.46,0.0014663951120164054,-0.004399185336048883,-0.0023625254582485544,0.022946268169198092,-0.001714845663890241
SOL/USDT,2025-12-19 05:20:00+00:00,2025-12-19 06:16:00+00:00,prob_floor,-0.0491707992448823,56.0,122.75,122.35,0.0014663951120164054,-0.004399185336048883,-0.0032586558044807035,0.02386595831630567,-0.000817327339599494
SOL/USDT,2025-12-19 05:20:00+00:00,2025-12-19 06:17:00+00:00,prob_floor,-0.0587715882432825,57.0,122.75,122.33,0.0014663951120164054,-0.004399185336048883,-0.00342158859470465,0.024033352407422548,-0.0006539687729910648
SOL/USDT,2025-12-19 05:20:00+00:00,2025-12-19 06:20:00+00:00,trailing_prob_drop,-0.0515709963493689,60.0,122.75,122.33,0.0014663951120164054,-0.004399185336048883,-0.00342158859470465,0.024033352407422548,0.0
SOL/USDT,2025-12-19 05:20:00+00:00,2025-12-19 06:21:00+00:00,trailing_prob_drop,-0.0187683109275333,61.0,122.75,122.33,0.0014663951120164054,-0.004399185336048883,-0.00342158859470465,0.024033352407422548,0.0
SOL/USDT,2025-12-19 05:20:00+00:00,2025-12-19 06:22:00+00:00,gate_close,-0.0155680498953456,62.0,122.75,122.74,0.0014663951120164054,-0.004399185336048883,-8.14663951120842e-05,0.02061267720384552,-0.0026071370376404834
SOL/USDT,2025-12-19 05:20:00+00:00,2025-12-19 06:23:00+00:00,gate_close,-0.0147679846638692,63.0,122.75,122.79,0.0014663951120164054,-0.004399185336048883,0.00032586558044811476,0.020197084453131176,-0.0011401579933218997
SOL/USDT,2025-12-19 05:20:00+00:00,2025-12-19 06:24:00+00:00,take_profit,0.0100329600000004,64.0,122.75,122.8,0.0014663951120164054,-0.004399185336048883,0.0004073319755599769,0.02011400651465789,-0.00122149837133545
SOL/USDT,2025-12-19 06:28:00+00:00,2025-12-19 06:28:00+00:00,dry_run,0.0,,123.08,123.08,0.017793305167370876,-0.0034936626584334274,0.0,0.017793305167370876,-0.0034936626584334274
SOL/USDT,2025-12-19 06:28:00+00:00,2025-12-19 06:30:00+00:00,gate_close,-0.0235709408996547,2.0,123.08,122.84,0.017793305167370876,-0.0034936626584334274,-0.0019499512512186623,0.019781830022793878,-0.0015467274503419004
SOL/USDT,2025-12-19 06:28:00+00:00,2025-12-19 06:37:00+00:00,gate_close,-0.0179704842800767,9.0,123.08,122.78,0.017793305167370876,-0.0034936626584334274,-0.0024374390640233834,0.020280175924417554,-0.0010588043655318513
SOL/USDT,2025-12-19 06:28:00+00:00,2025-12-19 06:38:00+00:00,trailing_prob_drop,-0.0283713327023161,10.0,123.08,122.85,0.017793305167370876,-0.0034936626584334274,-0.0018687032824179495,0.019698819698819703,-0.0016280016280015852
SOL/USDT,2025-12-19 06:28:00+00:00,2025-12-19 06:39:00+00:00,trailing_prob_drop,-0.025171071458003,11.0,123.08,122.78,0.017793305167370876,-0.0034936626584334274,-0.0024374390640233834,0.020280175924417554,-0.0010588043655318513
SOL/USDT,2025-12-19 06:28:00+00:00,2025-12-19 06:40:00+00:00,prob_floor,-0.0307715287472999,12.0,123.08,122.78,0.017793305167370876,-0.0034936626584334274,-0.0024374390640233834,0.020280175924417554,-0.0010588043655318513
SOL/USDT,2025-12-19 06:28:00+00:00,2025-12-19 06:41:00+00:00,prob_floor,-0.0275712673752805,13.0,123.08,122.73,0.017793305167370876,-0.0034936626584334274,-0.0028436789080272806,0.020695836388821,-0.000651837366577035
SOL/USDT,2025-12-19 06:28:00+00:00,2025-12-19 06:42:00+00:00,prob_floor,-0.0275712673752805,14.0,123.08,122.73,0.017793305167370876,-0.0034936626584334274,-0.0028436789080272806,0.020695836388821,-0.000651837366577035
SOL/USDT,2025-12-19 06:28:00+00:00,2025-12-19 06:43:00+00:00,prob_floor,-0.0235709408996547,15.0,123.08,122.73,0.017793305167370876,-0.0034936626584334274,-0.0028436789080272806,0.020695836388821,-0.000651837366577035
SOL/USDT,2025-12-19 06:28:00+00:00,2025-12-19 06:44:00+00:00,prob_floor,-0.0323716594972097,16.0,123.08,122.82,0.017793305167370876,-0.0034936626584334274,-0.00211244718882031,0.019947891222927838,-0.0013841393909785893
SOL/USDT,2025-12-19 06:28:00+00:00,2025-12-19 06:45:00+00:00,prob_floor,-0.0323716594972097,17.0,123.08,122.72,0.017793305167370876,-0.0034936626584334274,-0.0029249268768281045,0.020779009126466796,-0.0005704041720990816
SOL/USDT,2025-12-19 06:28:00+00:00,2025-12-19 06:46:00+00:00,prob_floor,-0.0275712673752805,18.0,123.08,122.66,0.017793305167370876,-0.0034936626584334274,-0.0034124146896328256,0.021278330344040475,-8.15261699004255e-05
SOL/USDT,2025-12-19 06:28:00+00:00,2025-12-19 06:47:00+00:00,prob_floor,-0.0331717248881452,19.0,123.08,122.66,0.017793305167370876,-0.0034936626584334274,-0.0034124146896328256,0.021278330344040475,-8.15261699004255e-05
SOL/USDT,2025-12-19 06:28:00+00:00,2025-12-19 06:48:00+00:00,prob_floor,-0.0323716594972097,20.0,123.08,122.73,0.017793305167370876,-0.0034936626584334274,-0.0028436789080272806,0.020695836388821,-0.000651837366577035
SOL/USDT,2025-12-19 06:28:00+00:00,2025-12-19 06:49:00+00:00,prob_floor,-0.0347718557019996,21.0,123.08,122.71,0.017793305167370876,-0.0034936626584334274,-0.0030061748456289283,0.020862195420096263,-0.0004889577051584437
SOL/USDT,2025-12-19 06:28:00+00:00,2025-12-19 06:50:00+00:00,prob_floor,-0.0283713327023161,22.0,123.08,122.65,0.017793305167370876,-0.0034936626584334274,-0.0034936626584334274,0.02136159804321225,0.0
SOL/USDT,2025-12-19 06:28:00+00:00,2025-12-19 06:51:00+00:00,trailing_prob_drop,-0.0267712020588835,23.0,123.08,122.75,0.017793305167370876,-0.0034936626584334274,-0.002681182970425744,0.02052953156822812,0.0
SOL/USDT,2025-12-19 06:28:00+00:00,2025-12-19 06:52:00+00:00,trailing_prob_drop,-0.0227708756364232,24.0,123.08,122.75,0.017793305167370876,-0.0034936626584334274,-0.002681182970425744,0.02052953156822812,0.0
SOL/USDT,2025-12-19 06:28:00+00:00,2025-12-19 06:53:00+00:00,trailing_prob_drop,-0.0227708756364232,25.0,123.08,122.78,0.017793305167370876,-0.0034936626584334274,-0.0024374390640233834,0.020280175924417554,0.0
SOL/USDT,2025-12-19 06:28:00+00:00,2025-12-19 06:54:00+00:00,take_profit,0.0084307199999996,26.0,123.08,122.78,0.017793305167370876,-0.0034936626584334274,-0.0024374390640233834,0.020280175924417554,0.0
SOL/USDT,2025-12-19 06:58:00+00:00,2025-12-19 06:58:00+00:00,dry_run,0.0,,123.28,123.28,0.01614211550940947,0.0,0.0,0.01614211550940947,0.0
SOL/USDT,2025-12-19 06:58:00+00:00,2025-12-19 06:59:00+00:00,take_profit,0.021227572434421,1.0,123.28,123.39,0.01614211550940947,0.0,0.0008922777417261774,0.01523624280735869,-0.0006483507577599301
SOL/USDT,2025-12-19 06:58:00+00:00,2025-12-19 07:00:00+00:00,take_profit,0.0252278948567726,2.0,123.28,123.71,0.01614211550940947,0.0,0.003487994808565764,0.01261013660981325,-0.0025058604801551088
SOL/USDT,2025-12-19 06:58:00+00:00,2025-12-19 07:01:00+00:00,take_profit,0.0316284101909789,3.0,123.28,123.76,0.01614211550940947,0.0,0.0038935756002596023,0.012201034259857746,-0.0004848093083387184
SOL/USDT,2025-12-19 06:58:00+00:00,2025-12-19 07:02:00+00:00,take_profit,0.0516300163275164,4.0,123.28,123.82,0.01614211550940947,0.0,0.0043802725502919415,0.011710547569051766,-0.00048457438216753523
SOL/USDT,2025-12-19 06:58:00+00:00,2025-12-19 07:03:00+00:00,take_profit,0.0508255999999997,5.0,123.28,124.08,0.01614211550940947,0.0,0.006489292667099189,0.009590586718246197,-0.002014829142488739
SOL/USDT,2025-12-19 07:05:00+00:00,2025-12-19 07:05:00+00:00,dry_run,0.0,,124.32,124.32,0.0076415701415701864,-0.0038610038610037423,0.0,0.0076415701415701864,-0.0038610038610037423
SOL/USDT,2025-12-19 07:05:00+00:00,2025-12-19 07:06:00+00:00,take_profit,0.0364138924414171,1.0,124.32,124.47,0.0076415701415701864,-0.0038610038610037423,0.0012065637065636903,0.006427251546557322,-0.005061460592913902
SOL/USDT,2025-12-19 07:05:00+00:00,2025-12-19 07:07:00+00:00,take_profit,0.0452145940144889,2.0,124.32,124.82,0.0076415701415701864,-0.0038610038610037423,0.004021879021879116,0.0036051914757251335,-0.007851305880467785
SOL/USDT,2025-12-19 07:05:00+00:00,2025-12-19 07:08:00+00:00,take_profit,0.0428144027989285,3.0,124.32,124.93,0.0076415701415701864,-0.0038610038610037423,0.004906692406692503,0.002721524053469926,-0.008724885936124305
SOL/USDT,2025-12-19 07:05:00+00:00,2025-12-19 07:09:00+00:00,take_profit,0.0460146577326018,4.0,124.32,124.9,0.0076415701415701864,-0.0038610038610037423,0.004665379665379721,0.0029623698959166944,-0.008486789431545239
SOL/USDT,2025-12-19 07:05:00+00:00,2025-12-19 07:10:00+00:00,take_profit,0.0660107200000006,5.0,124.32,124.94,0.0076415701415701864,-0.0038610038610037423,0.004987129987130023,0.00264126780854812,-0.008804226028493622
SOL/USDT,2025-12-19 07:36:00+00:00,2025-12-19 07:36:00+00:00,dry_run,0.0,,124.35,124.35,0.004744672295939001,-0.003377563329312272,0.0,0.004744672295939001,-0.003377563329312272
SOL/USDT,2025-12-19 07:36:00+00:00,2025-12-19 07:37:00+00:00,gate_close,-0.0091915224508505,1.0,124.35,124.44,0.004744672295939001,-0.003377563329312272,0.0007237635705670264,0.004178720668595259,-0.004098360655737654
SOL/USDT,2025-12-19 07:36:00+00:00,2025-12-19 07:38:00+00:00,gate_close,-0.0155920377068835,2.0,124.35,124.36,0.004744672295939001,-0.003377563329312272,8.041817450754607e-05,0.004824702476680542,-0.003457703441620996
SOL/USDT,2025-12-19 07:36:00+00:00,2025-12-19 07:39:00+00:00,gate_close,-0.0139919088306991,3.0,124.35,124.28,0.004744672295939001,-0.003377563329312272,-0.0005629272215520453,0.005471515931766868,-0.0028162214354682247
SOL/USDT,2025-12-19 07:36:00+00:00,2025-12-19 07:41:00+00:00,trailing_prob_drop,-0.0131918444081556,5.0,124.35,124.3,0.004744672295939001,-0.003377563329312272,-0.00040209087253717524,0.005309734513274211,-0.0029766693483507245
SOL/USDT,2025-12-19 07:36:00+00:00,2025-12-19 07:44:00+00:00,gate_close,-0.0107916512027009,8.0,124.35,124.33,0.004744672295939001,-0.003377563329312272,-0.0001608363490148701,0.0050671599774791964,-0.0032172444301454828
SOL/USDT,2025-12-19 07:36:00+00:00,2025-12-19 07:47:00+00:00,gate_close,-0.0139919088306991,11.0,124.35,124.38,0.004744672295939001,-0.003377563329312272,0.00024125452352241616,0.004663129120437315,-0.003617945007235779
SOL/USDT,2025-12-19 07:36:00+00:00,2025-12-19 07:51:00+00:00,gate_close,0.0060089600000006,15.0,124.35,124.42,0.004744672295939001,-0.003377563329312272,0.0005629272215521564,0.008680276482880611,-0.003938273589454977
SOL/USDT,2025-12-19 07:54:00+00:00,2025-12-19 07:54:00+00:00,turnover_limit,0.0,,124.37,124.37,0.00980943957546021,-0.0035378306665594383,0.0,0.00980943957546021,-0.0035378306665594383
SOL/USDT,2025-12-19 07:55:00+00:00,2025-12-19 07:55:00+00:00,turnover_limit,0.0,,124.34,124.34,0.010053080263792813,-0.003297410326523975,0.0,0.010053080263792813,-0.003297410326523975
SOL/USDT,2025-12-19 07:56:00+00:00,2025-12-19 07:56:00+00:00,turnover_limit,0.0,,124.37,124.37,0.00980943957546021,-0.0035378306665594383,0.0,0.00980943957546021,-0.0035378306665594383
SOL/USDT,2025-12-19 07:57:00+00:00,2025-12-19 07:57:00+00:00,turnover_limit,0.0,,124.37,124.37,0.00980943957546021,-0.0035378306665594383,0.0,0.00980943957546021,-0.0035378306665594383
SOL/USDT,2025-12-19 07:58:00+00:00,2025-12-19 07:58:00+00:00,turnover_limit,0.0,,124.43,124.43,0.009322510648557492,-0.004018323555412651,0.0,0.009322510648557492,-0.004018323555412651
SOL/USDT,2025-12-19 07:59:00+00:00,2025-12-19 07:59:00+00:00,turnover_limit,0.0,,124.41,124.41,0.00948476810545773,-0.003858210754762448,0.0,0.00948476810545773,-0.003858210754762448
SOL/USDT,2025-12-19 08:01:00+00:00,2025-12-19 08:01:00+00:00,turnover_limit,0.0,,124.56,124.56,0.008269107257546482,-0.005057803468208055,0.0,0.008269107257546482,-0.005057803468208055
SOL/USDT,2025-12-19 08:03:00+00:00,2025-12-19 08:03:00+00:00,turnover_limit,0.0,,124.75,124.75,0.006733466933867671,-0.006573146292585097,0.0,0.006733466933867671,-0.006573146292585097
SOL/USDT,2025-12-19 08:05:00+00:00,2025-12-19 08:05:00+00:00,turnover_limit,0.0,,124.47,124.47,0.008998152165180295,-0.00433839479392617,0.0,0.008998152165180295,-0.00433839479392617
SOL/USDT,2025-12-19 08:08:00+00:00,2025-12-19 08:08:00+00:00,turnover_limit,0.0,,124.47,124.47,0.008998152165180295,-0.00433839479392617,0.0,0.008998152165180295,-0.00433839479392617
SOL/USDT,2025-12-19 08:11:00+00:00,2025-12-19 08:11:00+00:00,turnover_limit,0.0,,124.37,124.37,0.00980943957546021,-0.0035378306665594383,0.0,0.00980943957546021,-0.0035378306665594383
SOL/USDT,2025-12-19 08:21:00+00:00,2025-12-19 08:21:00+00:00,turnover_limit,0.0,,124.4,124.4,0.009565916398713847,-0.0037781350482315457,0.0,0.009565916398713847,-0.0037781350482315457
SOL/USDT,2025-12-19 08:22:00+00:00,2025-12-19 08:22:00+00:00,turnover_limit,0.0,,124.4,124.4,0.009565916398713847,-0.0037781350482315457,0.0,0.009565916398713847,-0.0037781350482315457
SOL/USDT,2025-12-19 08:24:00+00:00,2025-12-19 08:24:00+00:00,turnover_limit,0.0,,124.32,124.32,0.01021557271557283,-0.003137065637065506,0.0,0.01021557271557283,-0.003137065637065506
SOL/USDT,2025-12-19 08:26:00+00:00,2025-12-19 08:26:00+00:00,turnover_limit,0.0,,124.35,124.35,0.00997185363892239,-0.003377563329312272,0.0,0.00997185363892239,-0.003377563329312272
SOL/USDT,2025-12-19 08:27:00+00:00,2025-12-19 08:27:00+00:00,turnover_limit,0.0,,124.32,124.32,0.01021557271557283,-0.003137065637065506,0.0,0.01021557271557283,-0.003137065637065506
SOL/USDT,2025-12-19 08:40:00+00:00,2025-12-19 08:40:00+00:00,turnover_limit,0.0,,124.73,124.73,0.006894892968812627,-0.002725887917902736,0.0,0.006894892968812627,-0.002725887917902736
SOL/USDT,2025-12-19 08:41:00+00:00,2025-12-19 08:41:00+00:00,turnover_limit,0.0,,124.73,124.73,0.006894892968812627,-0.002725887917902736,0.0,0.006894892968812627,-0.002725887917902736
SOL/USDT,2025-12-19 08:42:00+00:00,2025-12-19 08:42:00+00:00,turnover_limit,0.0,,124.65,124.65,0.007541115122342568,-0.0020858403529884217,0.0,0.007541115122342568,-0.0020858403529884217
SOL/USDT,2025-12-19 08:43:00+00:00,2025-12-19 08:43:00+00:00,turnover_limit,0.0,,124.63,124.63,0.007702800288855061,-0.0019257000722137096,0.0,0.007702800288855061,-0.0019257000722137096
SOL/USDT,2025-12-19 08:44:00+00:00,2025-12-19 08:44:00+00:00,turnover_limit,0.0,,124.66,124.66,0.007460291994224377,-0.002165891224129579,0.0,0.007460291994224377,-0.002165891224129579
SOL/USDT,2025-12-19 08:45:00+00:00,2025-12-19 08:45:00+00:00,turnover_limit,0.0,,124.66,124.66,0.007460291994224377,-0.002165891224129579,0.0,0.007460291994224377,-0.002165891224129579
SOL/USDT,2025-12-19 08:46:00+00:00,2025-12-19 08:46:00+00:00,turnover_limit,0.0,,124.66,124.66,0.007460291994224377,-0.002165891224129579,0.0,0.007460291994224377,-0.002165891224129579
SOL/USDT,2025-12-19 08:54:00+00:00,2025-12-19 08:54:00+00:00,turnover_limit,0.0,,125.37,125.37,7.976389885921975e-05,-0.007816862088218857,0.0,7.976389885921975e-05,-0.007816862088218857
SOL/USDT,2025-12-19 08:55:00+00:00,2025-12-19 08:55:00+00:00,turnover_limit,0.0,,125.2,125.2,0.0001597444089456168,-0.0064696485623003674,0.0,0.0001597444089456168,-0.0064696485623003674
SOL/USDT,2025-12-19 08:56:00+00:00,2025-12-19 08:56:00+00:00,turnover_limit,0.0,,125.19,125.19,7.987858455149599e-05,-0.006390286764118569,0.0,7.987858455149599e-05,-0.006390286764118569
SOL/USDT,2025-12-19 08:57:00+00:00,2025-12-19 08:57:00+00:00,turnover_limit,0.0,,125.19,125.19,7.987858455149599e-05,-0.006390286764118569,0.0,7.987858455149599e-05,-0.006390286764118569
SOL/USDT,2025-12-19 08:58:00+00:00,2025-12-19 08:58:00+00:00,turnover_limit,0.0,,125.05,125.05,0.0011995201919232645,-0.005277888844462231,0.0,0.0011995201919232645,-0.005277888844462231
SOL/USDT,2025-12-19 08:59:00+00:00,2025-12-19 08:59:00+00:00,turnover_limit,0.0,,125.05,125.05,0.0001599360255897242,-0.005277888844462231,0.0,0.0001599360255897242,-0.005277888844462231
SOL/USDT,2025-12-19 09:00:00+00:00,2025-12-19 09:00:00+00:00,turnover_limit,0.0,,125.0,125.0,0.0005599999999998939,-0.0048799999999999955,0.0,0.0005599999999998939,-0.0048799999999999955
SOL/USDT,2025-12-19 09:17:00+00:00,2025-12-19 09:17:00+00:00,turnover_limit,0.0,,124.8,124.8,0.0014423076923077982,-0.003285256410256343,0.0,0.0014423076923077982,-0.003285256410256343
SOL/USDT,2025-12-19 09:18:00+00:00,2025-12-19 09:18:00+00:00,turnover_limit,0.0,,124.87,124.87,0.0008809161527989495,-0.003843997757667972,0.0,0.0008809161527989495,-0.003843997757667972
SOL/USDT,2025-12-19 09:19:00+00:00,2025-12-19 09:19:00+00:00,turnover_limit,0.0,,124.87,124.87,0.0008809161527989495,-0.003843997757667972,0.0,0.0008809161527989495,-0.003843997757667972
SOL/USDT,2025-12-19 09:32:00+00:00,2025-12-19 09:32:00+00:00,turnover_limit,0.0,,124.75,124.75,0.001843687374749603,-0.002885771543086113,0.0,0.001843687374749603,-0.002885771543086113
SOL/USDT,2025-12-19 09:45:00+00:00,2025-12-19 09:45:00+00:00,turnover_limit,0.0,,124.6,124.6,0.0030497592295346543,-0.00032102728731930874,0.0,0.0030497592295346543,-0.00032102728731930874
SOL/USDT,2025-12-19 09:49:00+00:00,2025-12-19 09:49:00+00:00,turnover_limit,0.0,,124.75,124.75,0.001843687374749603,-0.0015230460921843436,0.0,0.001843687374749603,-0.0015230460921843436
SOL/USDT,2025-12-19 09:50:00+00:00,2025-12-19 09:50:00+00:00,turnover_limit,0.0,,124.89,124.89,0.0007206341580592301,-0.002642325246216659,0.0,0.0007206341580592301,-0.002642325246216659
SOL/USDT,2025-12-19 09:51:00+00:00,2025-12-19 09:51:00+00:00,turnover_limit,0.0,,124.9,124.9,0.0006405124099280179,-0.002722177742193743,0.0,0.0006405124099280179,-0.002722177742193743
SOL/USDT,2025-12-19 09:52:00+00:00,2025-12-19 09:52:00+00:00,turnover_limit,0.0,,124.92,124.92,0.0004803073967338811,-0.0028818443804035088,0.0,0.0004803073967338811,-0.0028818443804035088
SOL/USDT,2025-12-19 09:53:00+00:00,2025-12-19 09:53:00+00:00,turnover_limit,0.0,,124.81,124.81,0.0013620703469272577,-0.002003044627834294,0.0,0.0013620703469272577,-0.002003044627834294
SOL/USDT,2025-12-19 09:54:00+00:00,2025-12-19 09:54:00+00:00,turnover_limit,0.0,,124.79,124.79,0.001522557897267296,-0.0018430964019553464,0.0,0.001522557897267296,-0.0018430964019553464
SOL/USDT,2025-12-19 09:55:00+00:00,2025-12-19 09:55:00+00:00,turnover_limit,0.0,,124.71,124.71,0.002165022853019005,-0.0012027904738993733,0.0,0.002165022853019005,-0.0012027904738993733
SOL/USDT,2025-12-19 09:56:00+00:00,2025-12-19 09:56:00+00:00,turnover_limit,0.0,,124.7,124.7,0.0022453889334401733,-0.0011226944667200867,0.0,0.0022453889334401733,-0.0011226944667200867
SOL/USDT,2025-12-19 09:57:00+00:00,2025-12-19 09:57:00+00:00,turnover_limit,0.0,,124.7,124.7,0.0022453889334401733,-0.0011226944667200867,0.0,0.0022453889334401733,-0.0011226944667200867
SOL/USDT,2025-12-19 09:58:00+00:00,2025-12-19 09:58:00+00:00,turnover_limit,0.0,,124.7,124.7,0.0022453889334401733,-0.0011226944667200867,0.0,0.0022453889334401733,-0.0011226944667200867
SOL/USDT,2025-12-19 09:59:00+00:00,2025-12-19 09:59:00+00:00,turnover_limit,0.0,,124.72,124.72,0.0020846696600385073,-0.0012828736369466798,0.0,0.0020846696600385073,-0.0012828736369466798
SOL/USDT,2025-12-19 10:02:00+00:00,2025-12-19 10:02:00+00:00,turnover_limit,0.0,,124.84,124.84,0.0011214354373598745,-0.002242870874719638,0.0,0.0011214354373598745,-0.002242870874719638
SOL/USDT,2025-12-19 10:03:00+00:00,2025-12-19 10:03:00+00:00,turnover_limit,0.0,,124.82,124.82,0.0012818458580357017,-0.0020829995193076822,0.0,0.0012818458580357017,-0.0020829995193076822
SOL/USDT,2025-12-19 10:05:00+00:00,2025-12-19 10:05:00+00:00,turnover_limit,0.0,,124.96,124.96,0.00016005121638928976,-0.003201024327784796,0.0,0.00016005121638928976,-0.003201024327784796
SOL/USDT,2025-12-19 10:13:00+00:00,2025-12-19 10:13:00+00:00,turnover_limit,0.0,,124.84,124.84,0.0031239987183595552,-0.002242870874719638,0.0,0.0031239987183595552,-0.002242870874719638
SOL/USDT,2025-12-19 10:14:00+00:00,2025-12-19 10:14:00+00:00,turnover_limit,0.0,,124.89,124.89,0.00304267755624954,-0.002642325246216659,0.0,0.00304267755624954,-0.002642325246216659
SOL/USDT,2025-12-19 10:15:00+00:00,2025-12-19 10:15:00+00:00,turnover_limit,0.0,,124.88,124.88,0.0031229980781550815,-0.002562459961563013,0.0,0.0031229980781550815,-0.002562459961563013
SOL/USDT,2025-12-19 10:17:00+00:00,2025-12-19 10:17:00+00:00,turnover_limit,0.0,,124.92,124.92,0.0028017931476145286,-0.0028818443804035088,0.0,0.0028017931476145286,-0.0028818443804035088
SOL/USDT,2025-12-19 10:22:00+00:00,2025-12-19 10:22:00+00:00,turnover_limit,0.0,,124.71,124.71,0.005532836179937606,-0.0012027904738993733,0.0,0.005532836179937606,-0.0012027904738993733
SOL/USDT,2025-12-19 10:25:00+00:00,2025-12-19 10:25:00+00:00,turnover_limit,0.0,,124.75,124.75,0.0052104208416834386,-0.0015230460921843436,0.0,0.0052104208416834386,-0.0015230460921843436
SOL/USDT,2025-12-19 10:38:00+00:00,2025-12-19 10:38:00+00:00,turnover_limit,0.0,,124.63,124.63,0.008665650324961804,-0.0005616625210622672,0.0,0.008665650324961804,-0.0005616625210622672
SOL/USDT,2025-12-19 10:42:00+00:00,2025-12-19 10:42:00+00:00,turnover_limit,0.0,,124.72,124.72,0.00793778062860806,-0.0004810776138550743,0.0,0.00793778062860806,-0.0004810776138550743
SOL/USDT,2025-12-19 10:44:00+00:00,2025-12-19 10:44:00+00:00,turnover_limit,0.0,,124.68,124.68,0.008261148540263052,-8.020532563368654e-05,0.0,0.008261148540263052,-8.020532563368654e-05
SOL/USDT,2025-12-19 10:45:00+00:00,2025-12-19 10:45:00+00:00,turnover_limit,0.0,,124.72,124.72,0.00793778062860806,-0.00040089801154585825,0.0,0.00793778062860806,-0.00040089801154585825
SOL/USDT,2025-12-19 10:46:00+00:00,2025-12-19 10:46:00+00:00,turnover_limit,0.0,,124.78,124.78,0.007453117486776684,-0.0008815515306940247,0.0,0.007453117486776684,-0.0008815515306940247
SOL/USDT,2025-12-19 10:47:00+00:00,2025-12-19 10:47:00+00:00,turnover_limit,0.0,,124.8,124.8,0.007291666666666696,-0.0010416666666666075,0.0,0.007291666666666696,-0.0010416666666666075
SOL/USDT,2025-12-19 10:48:00+00:00,2025-12-19 10:48:00+00:00,turnover_limit,0.0,,124.75,124.75,0.007695390781563116,-0.0006412825651302967,0.0,0.007695390781563116,-0.0006412825651302967
SOL/USDT,2025-12-19 10:50:00+00:00,2025-12-19 10:50:00+00:00,turnover_limit,0.0,,124.74,124.74,0.007776174442841066,-0.0005611672278338364,0.0,0.007776174442841066,-0.0005611672278338364
SOL/USDT,2025-12-19 10:51:00+00:00,2025-12-19 10:51:00+00:00,turnover_limit,0.0,,124.76,124.76,0.007614620070535372,-0.0007213850593139615,0.0,0.007614620070535372,-0.0007213850593139615
SOL/USDT,2025-12-19 10:52:00+00:00,2025-12-19 10:52:00+00:00,turnover_limit,0.0,,124.8,124.8,0.007291666666666696,-0.0010416666666666075,0.0,0.007291666666666696,-0.0010416666666666075
SOL/USDT,2025-12-19 10:53:00+00:00,2025-12-19 10:53:00+00:00,turnover_limit,0.0,,124.73,124.73,0.007856971057484063,-0.0004810390443358292,0.0,0.007856971057484063,-0.0004810390443358292
SOL/USDT,2025-12-19 10:55:00+00:00,2025-12-19 10:55:00+00:00,turnover_limit,0.0,,124.8,124.8,0.007291666666666696,-0.0010416666666666075,0.0,0.007291666666666696,-0.0010416666666666075
SOL/USDT,2025-12-19 10:58:00+00:00,2025-12-19 10:58:00+00:00,turnover_limit,0.0,,124.77,124.77,0.007533862306644101,-0.0008014747134726941,0.0,0.007533862306644101,-0.0008014747134726941
SOL/USDT,2025-12-19 10:59:00+00:00,2025-12-19 10:59:00+00:00,turnover_limit,0.0,,124.69,124.69,0.008180287112037776,-0.0001603977865105577,0.0,0.008180287112037776,-0.0001603977865105577
SOL/USDT,2025-12-19 11:05:00+00:00,2025-12-19 11:05:00+00:00,turnover_limit,0.0,,124.82,124.82,0.007130267585322869,-0.0004806921967632771,0.0,0.007130267585322869,-0.0004806921967632771
SOL/USDT,2025-12-19 11:06:00+00:00,2025-12-19 11:06:00+00:00,turnover_limit,0.0,,124.94,124.94,0.0061629582199456134,-0.0014406915319352676,0.0,0.0061629582199456134,-0.0014406915319352676
SOL/USDT,2025-12-19 11:07:00+00:00,2025-12-19 11:07:00+00:00,turnover_limit,0.0,,124.94,124.94,0.0061629582199456134,-0.0014406915319352676,0.0,0.0061629582199456134,-0.0014406915319352676
SOL/USDT,2025-12-19 11:08:00+00:00,2025-12-19 11:08:00+00:00,turnover_limit,0.0,,124.94,124.94,0.0061629582199456134,-0.0014406915319352676,0.0,0.0061629582199456134,-0.0014406915319352676
SOL/USDT,2025-12-19 11:12:00+00:00,2025-12-19 11:12:00+00:00,turnover_limit,0.0,,125.08,125.08,0.0050367764630636636,-0.001039334825711502,0.0,0.0050367764630636636,-0.001039334825711502
SOL/USDT,2025-12-19 11:15:00+00:00,2025-12-19 11:15:00+00:00,turnover_limit,0.0,,125.16,125.16,0.004554170661553281,-0.001677852348993203,0.0,0.004554170661553281,-0.001677852348993203
SOL/USDT,2025-12-19 11:17:00+00:00,2025-12-19 11:17:00+00:00,turnover_limit,0.0,,125.09,125.09,0.005516028459509048,-0.0011191941801902416,0.0,0.005516028459509048,-0.0011191941801902416
SOL/USDT,2025-12-19 11:18:00+00:00,2025-12-19 11:18:00+00:00,turnover_limit,0.0,,125.17,125.17,0.004873372213789251,-0.0017576096508747918,0.0,0.004873372213789251,-0.0017576096508747918
SOL/USDT,2025-12-19 11:20:00+00:00,2025-12-19 11:20:00+00:00,turnover_limit,0.0,,125.23,125.23,0.00495089036173435,-0.0022358859698154987,0.0,0.00495089036173435,-0.0022358859698154987
SOL/USDT,2025-12-19 11:22:00+00:00,2025-12-19 11:22:00+00:00,turnover_limit,0.0,,125.13,125.13,0.007512187325181774,-0.0014385039558858503,0.0,0.007512187325181774,-0.0014385039558858503
SOL/USDT,2025-12-19 11:23:00+00:00,2025-12-19 11:23:00+00:00,turnover_limit,0.0,,125.07,125.07,0.00807547773246986,-0.0009594627008874257,0.0,0.00807547773246986,-0.0009594627008874257
SOL/USDT,2025-12-19 11:24:00+00:00,2025-12-19 11:24:00+00:00,turnover_limit,0.0,,125.06,125.06,0.008875739644970349,-0.0008795778026546852,0.0,0.008875739644970349,-0.0008795778026546852
SOL/USDT,2025-12-19 11:26:00+00:00,2025-12-19 11:26:00+00:00,turnover_limit,0.0,,125.24,125.24,0.007425742574257432,-0.0023155541360586618,0.0,0.007425742574257432,-0.0023155541360586618
SOL/USDT,2025-12-19 11:27:00+00:00,2025-12-19 11:27:00+00:00,turnover_limit,0.0,,125.24,125.24,0.007425742574257432,-0.0023155541360586618,0.0,0.007425742574257432,-0.0023155541360586618
SOL/USDT,2025-12-19 11:29:00+00:00,2025-12-19 11:29:00+00:00,turnover_limit,0.0,,125.39,125.39,0.006220591753728355,-0.0035090517585134595,0.0,0.006220591753728355,-0.0035090517585134595
SOL/USDT,2025-12-19 11:30:00+00:00,2025-12-19 11:30:00+00:00,turnover_limit,0.0,,125.4,125.4,0.0061403508771928905,-0.0035885167464114742,0.0,0.0061403508771928905,-0.0035885167464114742
SOL/USDT,2025-12-19 11:38:00+00:00,2025-12-19 11:38:00+00:00,turnover_limit,0.0,,125.2,125.2,0.007747603833865746,-0.0019968051118210983,0.0,0.007747603833865746,-0.0019968051118210983
SOL/USDT,2025-12-19 11:41:00+00:00,2025-12-19 11:41:00+00:00,turnover_limit,0.0,,125.37,125.37,0.0063811119087500145,-0.00335008375209378,0.0,0.0063811119087500145,-0.00335008375209378
SOL/USDT,2025-12-19 11:42:00+00:00,2025-12-19 11:42:00+00:00,turnover_limit,0.0,,125.36,125.36,0.006461391193363086,-0.003270580727504746,0.0,0.006461391193363086,-0.003270580727504746
SOL/USDT,2025-12-19 11:43:00+00:00,2025-12-19 11:43:00+00:00,turnover_limit,0.0,,125.41,125.41,0.006060122797225231,-0.00366796906147826,0.0,0.006060122797225231,-0.00366796906147826
SOL/USDT,2025-12-19 11:44:00+00:00,2025-12-19 11:44:00+00:00,turnover_limit,0.0,,125.48,125.48,0.005498884284348193,-0.0042237806821804336,0.0,0.005498884284348193,-0.0042237806821804336
SOL/USDT,2025-12-19 11:45:00+00:00,2025-12-19 11:45:00+00:00,turnover_limit,0.0,,125.48,125.48,0.005498884284348193,-0.0042237806821804336,0.0,0.005498884284348193,-0.0042237806821804336
SOL/USDT,2025-12-19 11:50:00+00:00,2025-12-19 11:50:00+00:00,turnover_limit,0.0,,125.35,125.35,0.006541683286797051,-0.0031910650179496347,0.0,0.006541683286797051,-0.0031910650179496347
SOL/USDT,2025-12-19 11:51:00+00:00,2025-12-19 11:51:00+00:00,turnover_limit,0.0,,125.37,125.37,0.0063811119087500145,-0.00335008375209378,0.0,0.0063811119087500145,-0.00335008375209378
SOL/USDT,2025-12-19 11:52:00+00:00,2025-12-19 11:52:00+00:00,turnover_limit,0.0,,125.39,125.39,0.006220591753728355,-0.0035090517585134595,0.0,0.006220591753728355,-0.0035090517585134595
SOL/USDT,2025-12-19 11:53:00+00:00,2025-12-19 11:53:00+00:00,turnover_limit,0.0,,125.39,125.39,0.006220591753728355,-0.0035090517585134595,0.0,0.006220591753728355,-0.0035090517585134595
SOL/USDT,2025-12-19 11:54:00+00:00,2025-12-19 11:54:00+00:00,turnover_limit,0.0,,125.37,125.37,0.0063811119087500145,-0.00335008375209378,0.0,0.0063811119087500145,-0.00335008375209378
SOL/USDT,2025-12-19 11:55:00+00:00,2025-12-19 11:55:00+00:00,turnover_limit,0.0,,125.37,125.37,0.0063811119087500145,-0.00335008375209378,0.0,0.0063811119087500145,-0.00335008375209378
SOL/USDT,2025-12-19 11:56:00+00:00,2025-12-19 11:56:00+00:00,turnover_limit,0.0,,125.37,125.37,0.0063811119087500145,-0.00335008375209378,0.0,0.0063811119087500145,-0.00335008375209378
SOL/USDT,2025-12-19 11:57:00+00:00,2025-12-19 11:57:00+00:00,turnover_limit,0.0,,125.37,125.37,0.0063811119087500145,-0.00335008375209378,0.0,0.0063811119087500145,-0.00335008375209378
SOL/USDT,2025-12-19 12:13:00+00:00,2025-12-19 12:13:00+00:00,turnover_limit,0.0,,125.47,125.47,0.0071730294094205505,0.0,0.0,0.0071730294094205505,0.0
SOL/USDT,2025-12-19 12:16:00+00:00,2025-12-19 12:16:00+00:00,turnover_limit,0.0,,125.78,125.78,0.004690729845762576,-0.0024646207664176245,0.0,0.004690729845762576,-0.0024646207664176245
SOL/USDT,2025-12-19 12:21:00+00:00,2025-12-19 12:21:00+00:00,turnover_limit,0.0,,125.87,125.87,0.003972352427107362,-0.002621752601890792,0.0,0.003972352427107362,-0.002621752601890792
SOL/USDT,2025-12-19 12:26:00+00:00,2025-12-19 12:26:00+00:00,turnover_limit,0.0,,125.93,125.93,0.004288096561581689,-0.003096958627809121,0.0,0.004288096561581689,-0.003096958627809121
SOL/USDT,2025-12-19 12:27:00+00:00,2025-12-19 12:27:00+00:00,turnover_limit,0.0,,125.93,125.93,0.004288096561581689,-0.003096958627809121,0.0,0.004288096561581689,-0.003096958627809121
SOL/USDT,2025-12-19 12:28:00+00:00,2025-12-19 12:28:00+00:00,turnover_limit,0.0,,125.88,125.88,0.004845884969812531,-0.0027009850651412703,0.0,0.004845884969812531,-0.0027009850651412703
SOL/USDT,2025-12-19 12:33:00+00:00,2025-12-19 12:33:00+00:00,turnover_limit,0.0,,125.72,125.72,0.006124721603563366,-0.000556792873051215,0.0,0.006124721603563366,-0.000556792873051215
SOL/USDT,2025-12-19 12:34:00+00:00,2025-12-19 12:34:00+00:00,turnover_limit,0.0,,125.85,125.85,0.005085419149781556,-0.001589193484306639,0.0,0.005085419149781556,-0.001589193484306639
SOL/USDT,2025-12-19 12:35:00+00:00,2025-12-19 12:35:00+00:00,turnover_limit,0.0,,125.89,125.89,0.004766065612836545,-0.001906426245134596,0.0,0.004766065612836545,-0.001906426245134596
SOL/USDT,2025-12-19 12:43:00+00:00,2025-12-19 12:43:00+00:00,turnover_limit,0.0,,125.86,125.86,0.0050055617352613435,-0.0016685205784203738,0.0,0.0050055617352613435,-0.0016685205784203738
SOL/USDT,2025-12-19 12:44:00+00:00,2025-12-19 12:44:00+00:00,turnover_limit,0.0,,125.86,125.86,0.0050055617352613435,-0.0016685205784203738,0.0,0.0050055617352613435,-0.0016685205784203738
SOL/USDT,2025-12-19 12:45:00+00:00,2025-12-19 12:45:00+00:00,turnover_limit,0.0,,125.88,125.88,0.004845884969812531,-0.0018271369558309214,0.0,0.004845884969812531,-0.0018271369558309214
SOL/USDT,2025-12-19 12:46:00+00:00,2025-12-19 12:46:00+00:00,turnover_limit,0.0,,125.92,125.92,0.004526683608640392,-0.0021442185514611856,0.0,0.004526683608640392,-0.0021442185514611856
SOL/USDT,2025-12-19 12:47:00+00:00,2025-12-19 12:47:00+00:00,turnover_limit,0.0,,125.97,125.97,0.0041279669762641635,-0.0025402873700086648,0.0,0.0041279669762641635,-0.0025402873700086648
SOL/USDT,2025-12-19 12:52:00+00:00,2025-12-19 12:52:00+00:00,turnover_limit,0.0,,125.91,125.91,0.004606464935271282,-0.0020649670399490727,0.0,0.004606464935271282,-0.0020649670399490727
SOL/USDT,2025-12-19 12:54:00+00:00,2025-12-19 12:54:00+00:00,turnover_limit,0.0,,125.93,125.93,0.004446914952751513,-0.0022234574763757564,0.0,0.004446914952751513,-0.0022234574763757564
SOL/USDT,2025-12-19 12:55:00+00:00,2025-12-19 12:55:00+00:00,turnover_limit,0.0,,125.87,125.87,0.004925717009613084,-0.0017478350679271948,0.0,0.004925717009613084,-0.0017478350679271948
SOL/USDT,2025-12-19 13:01:00+00:00,2025-12-19 13:01:00+00:00,turnover_limit,0.0,,125.94,125.94,0.004367158964586393,-0.0023026838176909425,0.0,0.004367158964586393,-0.0023026838176909425
SOL/USDT,2025-12-19 13:02:00+00:00,2025-12-19 13:02:00+00:00,turnover_limit,0.0,,125.94,125.94,0.004367158964586393,-0.0023026838176909425,0.0,0.004367158964586393,-0.0023026838176909425
SOL/USDT,2025-12-19 13:05:00+00:00,2025-12-19 13:05:00+00:00,turnover_limit,0.0,,126.12,126.12,0.002933713923247705,-0.003726609578179496,0.0,0.002933713923247705,-0.003726609578179496
SOL/USDT,2025-12-19 13:06:00+00:00,2025-12-19 13:06:00+00:00,turnover_limit,0.0,,126.09,126.09,0.0031723372194463195,-0.003489570941391018,0.0,0.0031723372194463195,-0.003489570941391018
SOL/USDT,2025-12-19 13:07:00+00:00,2025-12-19 13:07:00+00:00,turnover_limit,0.0,,126.12,126.12,0.002933713923247705,-0.003726609578179496,0.0,0.002933713923247705,-0.003726609578179496
SOL/USDT,2025-12-19 13:08:00+00:00,2025-12-19 13:08:00+00:00,turnover_limit,0.0,,126.14,126.14,0.002774694783573839,-0.0038845726970032635,0.0,0.002774694783573839,-0.0038845726970032635
SOL/USDT,2025-12-19 13:09:00+00:00,2025-12-19 13:09:00+00:00,turnover_limit,0.0,,126.14,126.14,0.002774694783573839,-0.0038845726970032635,0.0,0.002774694783573839,-0.0038845726970032635
SOL/USDT,2025-12-19 13:10:00+00:00,2025-12-19 13:10:00+00:00,turnover_limit,0.0,,126.16,126.16,0.002615726062143331,-0.004042485732403178,0.0,0.002615726062143331,-0.004042485732403178
SOL/USDT,2025-12-19 13:12:00+00:00,2025-12-19 13:12:00+00:00,turnover_limit,0.0,,126.13,126.13,0.0028541980496312735,-0.0038055973995083647,0.0,0.0028541980496312735,-0.0038055973995083647
SOL/USDT,2025-12-19 13:14:00+00:00,2025-12-19 13:14:00+00:00,turnover_limit,0.0,,126.34,126.34,0.0011872724394490497,-0.005461453221465851,0.0,0.0011872724394490497,-0.005461453221465851
SOL/USDT,2025-12-19 13:16:00+00:00,2025-12-19 13:16:00+00:00,turnover_limit,0.0,,126.15,126.15,0.0026952041220769107,-0.003963535473642477,0.0,0.0026952041220769107,-0.003963535473642477
SOL/USDT,2025-12-19 13:17:00+00:00,2025-12-19 13:17:00+00:00,turnover_limit,0.0,,126.15,126.15,0.0026952041220769107,-0.003963535473642477,0.0,0.0026952041220769107,-0.003963535473642477
SOL/USDT,2025-12-19 13:19:00+00:00,2025-12-19 13:19:00+00:00,turnover_limit,0.0,,126.1,126.1,0.003092783505154628,-0.003568596352101383,0.0,0.003092783505154628,-0.003568596352101383
SOL/USDT,2025-12-19 13:20:00+00:00,2025-12-19 13:20:00+00:00,turnover_limit,0.0,,126.17,126.17,0.0025362606007766075,-0.004121423476262209,0.0,0.0025362606007766075,-0.004121423476262209
SOL/USDT,2025-12-19 13:21:00+00:00,2025-12-19 13:21:00+00:00,turnover_limit,0.0,,126.13,126.13,0.0028541980496312735,-0.0038055973995083647,0.0,0.0028541980496312735,-0.0038055973995083647
SOL/USDT,2025-12-19 13:23:00+00:00,2025-12-19 13:23:00+00:00,turnover_limit,0.0,,126.31,126.31,0.0014250653154934678,-0.0052252394901433075,0.0,0.0014250653154934678,-0.0052252394901433075
SOL/USDT,2025-12-19 13:24:00+00:00,2025-12-19 13:24:00+00:00,turnover_limit,0.0,,126.27,126.27,0.001742298249782115,-0.004910113249386172,0.0,0.001742298249782115,-0.004910113249386172
SOL/USDT,2025-12-19 13:25:00+00:00,2025-12-19 13:25:00+00:00,turnover_limit,0.0,,126.28,126.28,0.001662971175166339,-0.0068102629078238275,0.0,0.001662971175166339,-0.0068102629078238275
SOL/USDT,2025-12-19 13:26:00+00:00,2025-12-19 13:26:00+00:00,turnover_limit,0.0,,126.42,126.42,0.0005537098560353115,-0.008147445024521471,0.0,0.0005537098560353115,-0.008147445024521471
SOL/USDT,2025-12-19 13:27:00+00:00,2025-12-19 13:27:00+00:00,turnover_limit,0.0,,126.45,126.45,0.0003163305654407811,-0.008857255832344868,0.0,0.0003163305654407811,-0.008857255832344868
SOL/USDT,2025-12-19 13:28:00+00:00,2025-12-19 13:28:00+00:00,turnover_limit,0.0,,126.49,126.49,0.0,-0.00917068542967825,0.0,0.0,-0.00917068542967825
SOL/USDT,2025-12-19 13:29:00+00:00,2025-12-19 13:29:00+00:00,turnover_limit,0.0,,126.49,126.49,0.0,-0.00917068542967825,0.0,0.0,-0.00917068542967825
SOL/USDT,2025-12-19 13:30:00+00:00,2025-12-19 13:30:00+00:00,turnover_limit,0.0,,126.39,126.39,7.912018355882289e-05,-0.00870322019147085,0.0,7.912018355882289e-05,-0.00870322019147085
SOL/USDT,2025-12-19 13:39:00+00:00,2025-12-19 13:39:00+00:00,turnover_limit,0.0,,126.37,126.37,0.0,-0.011157711482155608,0.0,0.0,-0.011157711482155608
SOL/USDT,2025-12-19 13:47:00+00:00,2025-12-19 13:47:00+00:00,turnover_limit,0.0,,125.92,125.92,0.007067979669631574,-0.009291613722998693,0.0,0.007067979669631574,-0.009291613722998693
SOL/USDT,2025-12-19 13:48:00+00:00,2025-12-19 13:48:00+00:00,turnover_limit,0.0,,125.88,125.88,0.007387988560533909,-0.008976803304734604,0.0,0.007387988560533909,-0.008976803304734604
SOL/USDT,2025-12-19 13:50:00+00:00,2025-12-19 13:50:00+00:00,turnover_limit,0.0,,126.08,126.08,0.0057899746192893176,-0.01054885786802029,0.0,0.0057899746192893176,-0.01054885786802029
SOL/USDT,2025-12-19 14:02:00+00:00,2025-12-19 14:02:00+00:00,turnover_limit,0.0,,126.02,126.02,0.006268846214886548,-0.010077765434058028,0.0,0.006268846214886548,-0.010077765434058028
SOL/USDT,2025-12-19 14:04:00+00:00,2025-12-19 14:04:00+00:00,turnover_limit,0.0,,126.2,126.2,0.00483359746434231,-0.011489698890649769,0.0,0.00483359746434231,-0.011489698890649769
SOL/USDT,2025-12-19 14:05:00+00:00,2025-12-19 14:05:00+00:00,turnover_limit,0.0,,126.27,126.27,0.004276550249465494,-0.012037696998495218,0.0,0.004276550249465494,-0.012037696998495218
SOL/USDT,2025-12-19 14:06:00+00:00,2025-12-19 14:06:00+00:00,turnover_limit,0.0,,126.27,126.27,0.004276550249465494,-0.012037696998495218,0.0,0.004276550249465494,-0.012037696998495218
SOL/USDT,2025-12-19 14:07:00+00:00,2025-12-19 14:07:00+00:00,turnover_limit,0.0,,126.23,126.23,0.0045947872930365286,-0.0117246296443001,0.0,0.0045947872930365286,-0.0117246296443001
SOL/USDT,2025-12-19 14:08:00+00:00,2025-12-19 14:08:00+00:00,turnover_limit,0.0,,126.23,126.23,0.0045947872930365286,-0.0117246296443001,0.0,0.0045947872930365286,-0.0117246296443001
SOL/USDT,2025-12-19 14:09:00+00:00,2025-12-19 14:09:00+00:00,turnover_limit,0.0,,126.21,126.21,0.004753981459472367,-0.01156802155138259,0.0,0.004753981459472367,-0.01156802155138259
SOL/USDT,2025-12-19 14:10:00+00:00,2025-12-19 14:10:00+00:00,turnover_limit,0.0,,126.15,126.15,0.0052318668252080425,-0.011097899326198979,0.0,0.0052318668252080425,-0.011097899326198979
SOL/USDT,2025-12-19 14:11:00+00:00,2025-12-19 14:11:00+00:00,turnover_limit,0.0,,126.18,126.18,0.004992867332382245,-0.011333016325883682,0.0,0.004992867332382245,-0.011333016325883682
SOL/USDT,2025-12-19 14:12:00+00:00,2025-12-19 14:12:00+00:00,turnover_limit,0.0,,126.17,126.17,0.005072521201553437,-0.011254656415946807,0.0,0.005072521201553437,-0.011254656415946807
SOL/USDT,2025-12-19 14:13:00+00:00,2025-12-19 14:13:00+00:00,turnover_limit,0.0,,126.24,126.24,0.004515209125475428,-0.011802915082382737,0.0,0.004515209125475428,-0.011802915082382737
SOL/USDT,2025-12-19 14:14:00+00:00,2025-12-19 14:14:00+00:00,turnover_limit,0.0,,126.13,126.13,0.005391262982636924,-0.01094109252358677,0.0,0.005391262982636924,-0.01094109252358677
SOL/USDT,2025-12-19 14:15:00+00:00,2025-12-19 14:15:00+00:00,turnover_limit,0.0,,126.18,126.18,0.005072119194800884,-0.011333016325883682,0.0,0.005072119194800884,-0.011333016325883682
SOL/USDT,2025-12-19 14:16:00+00:00,2025-12-19 14:16:00+00:00,turnover_limit,0.0,,126.14,126.14,0.010306009196131338,-0.011019502140478865,0.0,0.010306009196131338,-0.011019502140478865
SOL/USDT,2025-12-19 15:06:00+00:00,2025-12-19 15:06:00+00:00,turnover_limit,0.0,,125.92,125.92,0.013580050825921175,-0.00897395171537485,0.0,0.013580050825921175,-0.00897395171537485
SOL/USDT,2025-12-19 15:07:00+00:00,2025-12-19 15:07:00+00:00,turnover_limit,0.0,,125.96,125.96,0.013258177199110932,-0.009288663067640424,0.0,0.013258177199110932,-0.009288663067640424
SOL/USDT,2025-12-19 15:40:00+00:00,2025-12-19 15:40:00+00:00,turnover_limit,0.0,,125.8,125.8,0.008187599364069875,-0.008028616852146175,0.0,0.008187599364069875,-0.008028616852146175
SOL/USDT,2025-12-19 15:41:00+00:00,2025-12-19 15:41:00+00:00,turnover_limit,0.0,,125.8,125.8,0.008187599364069875,-0.008028616852146175,0.0,0.008187599364069875,-0.008028616852146175
SOL/USDT,2025-12-19 15:42:00+00:00,2025-12-19 15:42:00+00:00,turnover_limit,0.0,,125.6,125.6,0.009792993630573177,-0.006449044585987163,0.0,0.009792993630573177,-0.006449044585987163
SOL/USDT,2025-12-19 16:08:00+00:00,2025-12-19 16:08:00+00:00,turnover_limit,0.0,,126.23,126.23,0.004753228234175566,-0.00879347223322502,0.0,0.004753228234175566,-0.00879347223322502
SOL/USDT,2025-12-19 16:09:00+00:00,2025-12-19 16:09:00+00:00,turnover_limit,0.0,,126.18,126.18,0.005151371057219745,-0.008400697416389269,0.0,0.005151371057219745,-0.008400697416389269
SOL/USDT,2025-12-19 16:10:00+00:00,2025-12-19 16:10:00+00:00,turnover_limit,0.0,,126.33,126.33,0.003957888070925453,-0.009578089131639267,0.0,0.003957888070925453,-0.009578089131639267
SOL/USDT,2025-12-19 16:11:00+00:00,2025-12-19 16:11:00+00:00,turnover_limit,0.0,,126.46,126.46,0.002925826348252558,-0.010596235963941103,0.0,0.002925826348252558,-0.010596235963941103
SOL/USDT,2025-12-19 16:16:00+00:00,2025-12-19 16:16:00+00:00,turnover_limit,0.0,,126.34,126.34,0.003878423302200451,-0.009656482507519382,0.0,0.003878423302200451,-0.009656482507519382
SOL/USDT,2025-12-19 16:17:00+00:00,2025-12-19 16:17:00+00:00,turnover_limit,0.0,,126.24,126.24,0.004673637515842932,-0.008871989860582907,0.0,0.004673637515842932,-0.008871989860582907
SOL/USDT,2025-12-19 16:19:00+00:00,2025-12-19 16:19:00+00:00,turnover_limit,0.0,,126.19,126.19,0.0050717172517631415,-0.00847927728029152,0.0,0.0050717172517631415,-0.00847927728029152
SOL/USDT,2025-12-19 16:23:00+00:00,2025-12-19 16:23:00+00:00,turnover_limit,0.0,,126.25,126.25,0.004594059405940598,-0.008950495049504958,0.0,0.004594059405940598,-0.008950495049504958
SOL/USDT,2025-12-19 16:31:00+00:00,2025-12-19 16:31:00+00:00,turnover_limit,0.0,,126.4,126.4,0.003401898734177067,-0.011946202531645578,0.0,0.003401898734177067,-0.011946202531645578
SOL/USDT,2025-12-19 16:34:00+00:00,2025-12-19 16:34:00+00:00,turnover_limit,0.0,,126.67,126.67,0.00031578116365360565,-0.019973158601089502,0.0,0.00031578116365360565,-0.019973158601089502
SOL/USDT,2025-12-19 16:38:00+00:00,2025-12-19 16:38:00+00:00,turnover_limit,0.0,,126.37,126.37,0.0003956635277360121,-0.01764659333702623,0.0,0.0003956635277360121,-0.01764659333702623
SOL/USDT,2025-12-19 16:43:00+00:00,2025-12-19 16:43:00+00:00,turnover_limit,0.0,,126.3,126.3,0.0,-0.017102137767220915,0.0,0.0,-0.017102137767220915
SOL/USDT,2025-12-19 16:44:00+00:00,2025-12-19 16:44:00+00:00,turnover_limit,0.0,,126.26,126.26,0.0003168065895768901,-0.01679074924758439,0.0,0.0003168065895768901,-0.01679074924758439
SOL/USDT,2025-12-19 17:09:00+00:00,2025-12-19 17:09:00+00:00,turnover_limit,0.0,,125.85,125.85,0.002065951529598875,-0.0173222089789431,0.0,0.002065951529598875,-0.0173222089789431
SOL/USDT,2025-12-19 17:12:00+00:00,2025-12-19 17:12:00+00:00,turnover_limit,0.0,,125.99,125.99,0.0009524565441703103,-0.018414159853956558,0.0,0.0009524565441703103,-0.018414159853956558
SOL/USDT,2025-12-19 17:13:00+00:00,2025-12-19 17:13:00+00:00,turnover_limit,0.0,,125.88,125.88,0.0018271369558309214,-0.01755640292341909,0.0,0.0018271369558309214,-0.01755640292341909
SOL/USDT,2025-12-19 17:14:00+00:00,2025-12-19 17:14:00+00:00,turnover_limit,0.0,,125.91,125.91,0.0015884361845763806,-0.017790485267254352,0.0,0.0015884361845763806,-0.017790485267254352
SOL/USDT,2025-12-19 17:15:00+00:00,2025-12-19 17:15:00+00:00,turnover_limit,0.0,,125.86,125.86,0.001986334021929048,-0.017400286032099088,0.0,0.001986334021929048,-0.017400286032099088
SOL/USDT,2025-12-19 17:18:00+00:00,2025-12-19 17:18:00+00:00,turnover_limit,0.0,,126.01,126.01,0.00023807634314731985,-0.018569954765494834,0.0,0.00023807634314731985,-0.018569954765494834
SOL/USDT,2025-12-19 17:20:00+00:00,2025-12-19 17:20:00+00:00,turnover_limit,0.0,,126.02,126.02,0.0,-0.018647833677194026,0.0,0.0,-0.018647833677194026
SOL/USDT,2025-12-19 17:24:00+00:00,2025-12-19 17:24:00+00:00,turnover_limit,0.0,,125.8,125.8,7.949125596184992e-05,-0.01693163751987281,0.0,7.949125596184992e-05,-0.01693163751987281
SOL/USDT,2025-12-19 18:02:00+00:00,2025-12-19 18:02:00+00:00,turnover_limit,0.0,,123.95,123.95,0.011052843888664787,-0.0010488100040340065,0.0,0.011052843888664787,-0.0010488100040340065
SOL/USDT,2025-12-19 18:13:00+00:00,2025-12-19 18:13:00+00:00,turnover_limit,0.0,,124.01,124.01,0.011692605435045467,-0.0004031932908636904,0.0,0.011692605435045467,-0.0004031932908636904
SOL/USDT,2025-12-19 18:14:00+00:00,2025-12-19 18:14:00+00:00,turnover_limit,0.0,,124.03,124.03,0.011529468676932941,-0.000564379585584196,0.0,0.011529468676932941,-0.000564379585584196
SOL/USDT,2025-12-19 18:15:00+00:00,2025-12-19 18:15:00+00:00,turnover_limit,0.0,,124.13,124.13,0.012164666075888286,-0.0013695319423185914,0.0,0.012164666075888286,-0.0013695319423185914
SOL/USDT,2025-12-19 18:18:00+00:00,2025-12-19 18:18:00+00:00,turnover_limit,0.0,,124.16,124.16,0.013933634020618646,-0.0016108247422680355,0.0,0.013933634020618646,-0.0016108247422680355
SOL/USDT,2025-12-19 18:22:00+00:00,2025-12-19 18:22:00+00:00,turnover_limit,0.0,,124.47,124.47,0.0129348437374468,-0.0040973728609303706,0.0,0.0129348437374468,-0.0040973728609303706
SOL/USDT,2025-12-19 18:23:00+00:00,2025-12-19 18:23:00+00:00,turnover_limit,0.0,,124.34,124.34,0.013993887727199672,-0.003056136400193088,0.0,0.013993887727199672,-0.003056136400193088
SOL/USDT,2025-12-19 18:24:00+00:00,2025-12-19 18:24:00+00:00,turnover_limit,0.0,,124.34,124.34,0.013993887727199672,-0.003056136400193088,0.0,0.013993887727199672,-0.003056136400193088
SOL/USDT,2025-12-19 18:28:00+00:00,2025-12-19 18:28:00+00:00,turnover_limit,0.0,,124.58,124.58,0.012040455931931371,-0.004976721785198257,0.0,0.012040455931931371,-0.004976721785198257
SOL/USDT,2025-12-19 18:29:00+00:00,2025-12-19 18:29:00+00:00,turnover_limit,0.0,,124.56,124.56,0.012202954399486154,-0.004816955684007751,0.0,0.012202954399486154,-0.004816955684007751
SOL/USDT,2025-12-19 18:30:00+00:00,2025-12-19 18:30:00+00:00,turnover_limit,0.0,,124.56,124.56,0.012202954399486154,-0.004816955684007751,0.0,0.012202954399486154,-0.004816955684007751
SOL/USDT,2025-12-19 18:31:00+00:00,2025-12-19 18:31:00+00:00,turnover_limit,0.0,,124.52,124.52,0.012528107934468347,-0.004497269514937341,0.0,0.012528107934468347,-0.004497269514937341
SOL/USDT,2025-12-19 18:48:00+00:00,2025-12-19 18:48:00+00:00,turnover_limit,0.0,,124.18,124.18,0.019326783701079098,-0.00032211306168472564,0.0,0.019326783701079098,-0.00032211306168472564
SOL/USDT,2025-12-19 18:49:00+00:00,2025-12-19 18:49:00+00:00,turnover_limit,0.0,,124.18,124.18,0.019326783701079098,-0.00032211306168472564,0.0,0.019326783701079098,-0.00032211306168472564
SOL/USDT,2025-12-19 18:52:00+00:00,2025-12-19 18:52:00+00:00,turnover_limit,0.0,,124.54,124.54,0.01646057491568964,-0.0005620684117553232,0.0,0.01646057491568964,-0.0005620684117553232
SOL/USDT,2025-12-19 18:55:00+00:00,2025-12-19 18:55:00+00:00,turnover_limit,0.0,,125.08,125.08,0.012072273744803352,-0.0023984649824112525,0.0,0.012072273744803352,-0.0023984649824112525
SOL/USDT,2025-12-19 18:56:00+00:00,2025-12-19 18:56:00+00:00,turnover_limit,0.0,,125.0,125.0,0.012720000000000065,-0.0017599999999999838,0.0,0.012720000000000065,-0.0017599999999999838
SOL/USDT,2025-12-19 18:57:00+00:00,2025-12-19 18:57:00+00:00,turnover_limit,0.0,,125.0,125.0,0.012720000000000065,-0.0017599999999999838,0.0,0.012720000000000065,-0.0017599999999999838
SOL/USDT,2025-12-19 18:58:00+00:00,2025-12-19 18:58:00+00:00,turnover_limit,0.0,,124.92,124.92,0.01336855587576058,-0.0011207172590458336,0.0,0.01336855587576058,-0.0011207172590458336
SOL/USDT,2025-12-19 19:00:00+00:00,2025-12-19 19:00:00+00:00,turnover_limit,0.0,,124.84,124.84,0.014017942966997765,-0.0004806151874399145,0.0,0.014017942966997765,-0.0004806151874399145
SOL/USDT,2025-12-19 19:02:00+00:00,2025-12-19 19:02:00+00:00,turnover_limit,0.0,,125.01,125.01,0.012638988880889546,-0.0006399488040956802,0.0,0.012638988880889546,-0.0006399488040956802
SOL/USDT,2025-12-19 19:03:00+00:00,2025-12-19 19:03:00+00:00,turnover_limit,0.0,,125.03,125.03,0.012477005518675588,-0.0007998080460689394,0.0,0.012477005518675588,-0.0007998080460689394
SOL/USDT,2025-12-19 19:06:00+00:00,2025-12-19 19:06:00+00:00,turnover_limit,0.0,,125.2,125.2,0.011102236421725253,-0.00023961661341853624,0.0,0.011102236421725253,-0.00023961661341853624
SOL/USDT,2025-12-19 19:08:00+00:00,2025-12-19 19:08:00+00:00,turnover_limit,0.0,,125.23,125.23,0.010860017567675406,-0.00031941228140230926,0.0,0.010860017567675406,-0.00031941228140230926
SOL/USDT,2025-12-19 19:10:00+00:00,2025-12-19 19:10:00+00:00,turnover_limit,0.0,,125.4,125.4,0.009489633173843659,-0.0005582137161085354,0.0,0.009489633173843659,-0.0005582137161085354
SOL/USDT,2025-12-19 19:11:00+00:00,2025-12-19 19:11:00+00:00,turnover_limit,0.0,,125.46,125.46,0.009006854774430195,-0.0005579467559381213,0.0,0.009006854774430195,-0.0005579467559381213
SOL/USDT,2025-12-19 19:12:00+00:00,2025-12-19 19:12:00+00:00,turnover_limit,0.0,,125.43,125.43,0.009885992186877024,-0.0003189029737702409,0.0,0.009885992186877024,-0.0003189029737702409
SOL/USDT,2025-12-19 19:13:00+00:00,2025-12-19 19:13:00+00:00,turnover_limit,0.0,,125.46,125.46,0.009644508209788016,-0.0005579467559381213,0.0,0.009644508209788016,-0.0005579467559381213
SOL/USDT,2025-12-19 19:14:00+00:00,2025-12-19 19:14:00+00:00,turnover_limit,0.0,,125.43,125.43,0.009885992186877024,-0.0003189029737702409,0.0,0.009885992186877024,-0.0003189029737702409
SOL/USDT,2025-12-19 19:16:00+00:00,2025-12-19 19:16:00+00:00,turnover_limit,0.0,,125.67,125.67,0.007957348611442594,-0.0005570144028010926,0.0,0.007957348611442594,-0.0005570144028010926
SOL/USDT,2025-12-19 19:17:00+00:00,2025-12-19 19:17:00+00:00,turnover_limit,0.0,,125.65,125.65,0.00811778750497405,-0.00039793076004779326,0.0,0.00811778750497405,-0.00039793076004779326
SOL/USDT,2025-12-19 19:20:00+00:00,2025-12-19 19:20:00+00:00,turnover_limit,0.0,,125.96,125.96,0.005636710066687867,-0.001190854239440986,0.0,0.005636710066687867,-0.001190854239440986
SOL/USDT,2025-12-19 19:22:00+00:00,2025-12-19 19:22:00+00:00,turnover_limit,0.0,,126.02,126.02,0.005951436279955535,-0.0016664021583875366,0.0,0.005951436279955535,-0.0016664021583875366
SOL/USDT,2025-12-19 19:23:00+00:00,2025-12-19 19:23:00+00:00,turnover_limit,0.0,,125.88,125.88,0.007070225611693681,-0.0005560851604702322,0.0,0.007070225611693681,-0.0005560851604702322
SOL/USDT,2025-12-19 19:28:00+00:00,2025-12-19 19:28:00+00:00,turnover_limit,0.0,,125.87,125.87,0.008183045999841099,-0.0004766822912528612,0.0,0.008183045999841099,-0.0004766822912528612
SOL/USDT,2025-12-19 19:29:00+00:00,2025-12-19 19:29:00+00:00,turnover_limit,0.0,,125.89,125.89,0.008022877114941762,-0.00047660656128367673,0.0,0.008022877114941762,-0.00047660656128367673
SOL/USDT,2025-12-19 19:30:00+00:00,2025-12-19 19:30:00+00:00,turnover_limit,0.0,,125.83,125.83,0.008503536517523669,0.0,0.0,0.008503536517523669,0.0
SOL/USDT,2025-12-19 19:34:00+00:00,2025-12-19 19:34:00+00:00,turnover_limit,0.0,,126.15,126.15,0.005945303210463715,-0.0003963535473643365,0.0,0.005945303210463715,-0.0003963535473643365
SOL/USDT,2025-12-19 19:35:00+00:00,2025-12-19 19:35:00+00:00,turnover_limit,0.0,,126.2,126.2,0.008399366085578563,-0.0007923930269414514,0.0,0.008399366085578563,-0.0007923930269414514
SOL/USDT,2025-12-19 19:38:00+00:00,2025-12-19 19:38:00+00:00,turnover_limit,0.0,,126.47,126.47,0.006246540681584589,-0.002925595002767456,0.0,0.006246540681584589,-0.002925595002767456
SOL/USDT,2025-12-19 19:39:00+00:00,2025-12-19 19:39:00+00:00,turnover_limit,0.0,,126.46,126.46,0.006326111023248648,-0.0028467499604617474,0.0,0.006326111023248648,-0.0028467499604617474
SOL/USDT,2025-12-19 19:41:00+00:00,2025-12-19 19:41:00+00:00,turnover_limit,0.0,,126.33,126.33,0.0073616718119211555,-0.001820628512625655,0.0,0.0073616718119211555,-0.001820628512625655
SOL/USDT,2025-12-19 19:42:00+00:00,2025-12-19 19:42:00+00:00,turnover_limit,0.0,,126.43,126.43,0.006564897571778916,-0.0026101399984181928,0.0,0.006564897571778916,-0.0026101399984181928
SOL/USDT,2025-12-19 19:43:00+00:00,2025-12-19 19:43:00+00:00,turnover_limit,0.0,,126.48,126.48,0.006166982922201081,-0.003004427577482649,0.0,0.006166982922201081,-0.003004427577482649
SOL/USDT,2025-12-19 19:44:00+00:00,2025-12-19 19:44:00+00:00,turnover_limit,0.0,,126.53,126.53,0.005769382755077768,-0.0033984035406623425,0.0,0.005769382755077768,-0.0033984035406623425
SOL/USDT,2025-12-19 19:45:00+00:00,2025-12-19 19:45:00+00:00,turnover_limit,0.0,,126.46,126.46,0.006326111023248648,-0.0028467499604617474,0.0,0.006326111023248648,-0.0028467499604617474
SOL/USDT,2025-12-19 19:46:00+00:00,2025-12-19 19:46:00+00:00,turnover_limit,0.0,,126.35,126.35,0.00720221606648197,-0.0019786307874950504,0.0,0.00720221606648197,-0.0019786307874950504
SOL/USDT,2025-12-19 19:49:00+00:00,2025-12-19 19:49:00+00:00,turnover_limit,0.0,,126.56,126.56,0.006400126422250407,-0.003634639696586617,0.0,0.006400126422250407,-0.003634639696586617
SOL/USDT,2025-12-19 19:50:00+00:00,2025-12-19 19:50:00+00:00,turnover_limit,0.0,,126.34,126.34,0.010052239987335732,-0.0018996359031185905,0.0,0.010052239987335732,-0.0018996359031185905
SOL/USDT,2025-12-19 20:02:00+00:00,2025-12-19 20:02:00+00:00,turnover_limit,0.0,,126.4,126.4,0.011471518987341778,-0.002373417721519111,0.0,0.011471518987341778,-0.002373417721519111
SOL/USDT,2025-12-19 20:07:00+00:00,2025-12-19 20:07:00+00:00,turnover_limit,0.0,,126.24,126.24,0.012753485424588096,-0.0011089987325728634,0.0,0.012753485424588096,-0.0011089987325728634
SOL/USDT,2025-12-19 20:09:00+00:00,2025-12-19 20:09:00+00:00,turnover_limit,0.0,,126.23,126.23,0.01283371623227425,-0.0005545432939871864,0.0,0.01283371623227425,-0.0005545432939871864
SOL/USDT,2025-12-19 20:10:00+00:00,2025-12-19 20:10:00+00:00,turnover_limit,0.0,,126.23,126.23,0.01283371623227425,-0.0005545432939871864,0.0,0.01283371623227425,-0.0005545432939871864
SOL/USDT,2025-12-19 20:14:00+00:00,2025-12-19 20:14:00+00:00,turnover_limit,0.0,,126.28,126.28,0.012432689261957508,-0.000950269242952162,0.0,0.012432689261957508,-0.000950269242952162
SOL/USDT,2025-12-19 20:18:00+00:00,2025-12-19 20:18:00+00:00,turnover_limit,0.0,,126.53,126.53,0.010432308543428359,-0.00039516320240251535,0.0,0.010432308543428359,-0.00039516320240251535
SOL/USDT,2025-12-19 20:25:00+00:00,2025-12-19 20:25:00+00:00,turnover_limit,0.0,,126.89,126.89,0.007565608006935065,-0.002364252502167208,0.0,0.007565608006935065,-0.002364252502167208
SOL/USDT,2025-12-19 20:26:00+00:00,2025-12-19 20:26:00+00:00,turnover_limit,0.0,,126.88,126.88,0.007645018915510615,-0.002285624211853632,0.0,0.007645018915510615,-0.002285624211853632
SOL/USDT,2025-12-19 20:27:00+00:00,2025-12-19 20:27:00+00:00,turnover_limit,0.0,,126.79,126.79,0.008360280779241114,-0.0015774114677813422,0.0,0.008360280779241114,-0.0015774114677813422
SOL/USDT,2025-12-19 20:28:00+00:00,2025-12-19 20:28:00+00:00,turnover_limit,0.0,,126.68,126.68,0.009235869908430505,-0.0007104515314177995,0.0,0.009235869908430505,-0.0007104515314177995
SOL/USDT,2025-12-19 20:29:00+00:00,2025-12-19 20:29:00+00:00,turnover_limit,0.0,,126.68,126.68,0.009235869908430505,-0.0007104515314177995,0.0,0.009235869908430505,-0.0007104515314177995
SOL/USDT,2025-12-19 20:30:00+00:00,2025-12-19 20:30:00+00:00,turnover_limit,0.0,,126.67,126.67,0.009315544327780811,-0.0006315623273072113,0.0,0.009315544327780811,-0.0006315623273072113
SOL/USDT,2025-12-19 20:31:00+00:00,2025-12-19 20:31:00+00:00,turnover_limit,0.0,,126.68,126.68,0.009235869908430505,-0.0007104515314177995,0.0,0.009235869908430505,-0.0007104515314177995
SOL/USDT,2025-12-19 20:32:00+00:00,2025-12-19 20:32:00+00:00,turnover_limit,0.0,,126.63,126.63,0.009634367843323055,-0.0003158809128958051,0.0,0.009634367843323055,-0.0003158809128958051
SOL/USDT,2025-12-19 20:33:00+00:00,2025-12-19 20:33:00+00:00,turnover_limit,0.0,,126.75,126.75,0.00867850098619316,-0.0007100591715976101,0.0,0.00867850098619316,-0.0007100591715976101
SOL/USDT,2025-12-19 20:34:00+00:00,2025-12-19 20:34:00+00:00,turnover_limit,0.0,,126.88,126.88,0.007645018915510615,-0.0017339218158890501,0.0,0.007645018915510615,-0.0017339218158890501
SOL/USDT,2025-12-19 20:38:00+00:00,2025-12-19 20:38:00+00:00,turnover_limit,0.0,,126.98,126.98,0.006851472672861902,-0.0025200819026618415,0.0,0.006851472672861902,-0.0025200819026618415
SOL/USDT,2025-12-19 20:43:00+00:00,2025-12-19 20:43:00+00:00,turnover_limit,0.0,,126.99,126.99,0.006772186786361045,-0.0025986298133711117,0.0,0.006772186786361045,-0.0025986298133711117
SOL/USDT,2025-12-19 20:45:00+00:00,2025-12-19 20:45:00+00:00,turnover_limit,0.0,,126.86,126.86,0.007803878291029465,-0.0015765410688948212,0.0,0.007803878291029465,-0.0015765410688948212
SOL/USDT,2025-12-19 20:46:00+00:00,2025-12-19 20:46:00+00:00,turnover_limit,0.0,,126.93,126.93,0.007248089498148591,-0.002127156700543642,0.0,0.007248089498148591,-0.002127156700543642
SOL/USDT,2025-12-19 20:47:00+00:00,2025-12-19 20:47:00+00:00,turnover_limit,0.0,,126.93,126.93,0.007248089498148591,-0.0024422910265501363,0.0,0.007248089498148591,-0.0024422910265501363
SOL/USDT,2025-12-19 20:48:00+00:00,2025-12-19 20:48:00+00:00,turnover_limit,0.0,,127.23,127.23,0.0048730645288059815,-0.0048730645288060925,0.0,0.0048730645288059815,-0.0048730645288060925
SOL/USDT,2025-12-19 20:52:00+00:00,2025-12-19 20:52:00+00:00,turnover_limit,0.0,,127.4,127.4,0.0003924646781789942,-0.006828885400314011,0.0,0.0003924646781789942,-0.006828885400314011
SOL/USDT,2025-12-19 20:54:00+00:00,2025-12-19 20:54:00+00:00,turnover_limit,0.0,,127.37,127.37,0.0,-0.006594959566616931,0.0,0.0,-0.006594959566616931
SOL/USDT,2025-12-19 20:57:00+00:00,2025-12-19 20:57:00+00:00,turnover_limit,0.0,,126.96,126.96,0.0026780088216762366,-0.0033868935097668418,0.0,0.0026780088216762366,-0.0033868935097668418
SOL/USDT,2025-12-19 21:00:00+00:00,2025-12-19 21:00:00+00:00,turnover_limit,0.0,,127.2,127.2,0.0007861635220125507,-0.0052672955974842894,0.0,0.0007861635220125507,-0.0052672955974842894
SOL/USDT,2025-12-19 21:01:00+00:00,2025-12-19 21:01:00+00:00,turnover_limit,0.0,,127.17,127.17,0.0010222536761814727,-0.005032633482739635,0.0,0.0010222536761814727,-0.005032633482739635
SOL/USDT,2025-12-19 21:10:00+00:00,2025-12-19 21:10:00+00:00,turnover_limit,0.0,,127.01,127.01,0.0024407526966379045,-0.0037792299818911745,0.0,0.0024407526966379045,-0.0037792299818911745
SOL/USDT,2025-12-19 21:12:00+00:00,2025-12-19 21:12:00+00:00,turnover_limit,0.0,,126.97,126.97,0.0027565566669291997,-0.0034653855241395526,0.0,0.0027565566669291997,-0.0034653855241395526
SOL/USDT,2025-12-19 21:13:00+00:00,2025-12-19 21:13:00+00:00,turnover_limit,0.0,,126.97,126.97,0.0027565566669291997,-0.0034653855241395526,0.0,0.0027565566669291997,-0.0034653855241395526
SOL/USDT,2025-12-19 21:35:00+00:00,2025-12-19 21:35:00+00:00,turnover_limit,0.0,,126.74,126.74,0.004576297932775697,-0.001656935458418718,0.0,0.004576297932775697,-0.001656935458418718
SOL/USDT,2025-12-19 21:37:00+00:00,2025-12-19 21:37:00+00:00,turnover_limit,0.0,,126.87,126.87,0.003546937810356976,-0.0026799085678254064,0.0,0.003546937810356976,-0.0026799085678254064
SOL/USDT,2025-12-19 21:38:00+00:00,2025-12-19 21:38:00+00:00,turnover_limit,0.0,,126.91,126.91,0.003230635883697097,-0.002994247892207036,0.0,0.003230635883697097,-0.002994247892207036
SOL/USDT,2025-12-19 21:39:00+00:00,2025-12-19 21:39:00+00:00,turnover_limit,0.0,,126.86,126.86,0.0036260444584581553,-0.002601292763676488,0.0,0.0036260444584581553,-0.002601292763676488
SOL/USDT,2025-12-19 21:40:00+00:00,2025-12-19 21:40:00+00:00,turnover_limit,0.0,,126.8,126.8,0.004100946372239678,-0.002129337539432119,0.0,0.004100946372239678,-0.002129337539432119
SOL/USDT,2025-12-19 21:41:00+00:00,2025-12-19 21:41:00+00:00,turnover_limit,0.0,,126.8,126.8,0.004100946372239678,-0.002129337539432119,0.0,0.004100946372239678,-0.002129337539432119
SOL/USDT,2025-12-19 21:42:00+00:00,2025-12-19 21:42:00+00:00,turnover_limit,0.0,,126.87,126.87,0.003546937810356976,-0.0026799085678254064,0.0,0.003546937810356976,-0.0026799085678254064
SOL/USDT,2025-12-19 21:44:00+00:00,2025-12-19 21:44:00+00:00,turnover_limit,0.0,,126.71,126.71,0.004814142530187082,-0.001420566648251853,0.0,0.004814142530187082,-0.001420566648251853
SOL/USDT,2025-12-19 21:46:00+00:00,2025-12-19 21:46:00+00:00,turnover_limit,0.0,,126.76,126.76,0.004417797412432867,-0.001814452508677844,0.0,0.004417797412432867,-0.001814452508677844
SOL/USDT,2025-12-19 21:56:00+00:00,2025-12-19 21:56:00+00:00,turnover_limit,0.0,,126.82,126.82,0.003942595805078053,-0.0005519634127109097,0.0,0.003942595805078053,-0.0005519634127109097
SOL/USDT,2025-12-19 21:59:00+00:00,2025-12-19 21:59:00+00:00,turnover_limit,0.0,,126.83,126.83,0.0038634392493888114,-0.0003942284948356134,0.0,0.0038634392493888114,-0.0003942284948356134
SOL/USDT,2025-12-19 22:01:00+00:00,2025-12-19 22:01:00+00:00,turnover_limit,0.0,,127.02,127.02,0.002361832782239004,-0.0028341993386867825,0.0,0.002361832782239004,-0.0028341993386867825
SOL/USDT,2025-12-19 22:04:00+00:00,2025-12-19 22:04:00+00:00,turnover_limit,0.0,,127.19,127.19,0.0007076027989623146,-0.004953219592735203,0.0,0.0007076027989623146,-0.004953219592735203
SOL/USDT,2025-12-19 22:05:00+00:00,2025-12-19 22:05:00+00:00,turnover_limit,0.0,,127.22,127.22,0.0004716239584972026,-0.005187863543468008,0.0,0.0004716239584972026,-0.005187863543468008
SOL/USDT,2025-12-19 22:06:00+00:00,2025-12-19 22:06:00+00:00,turnover_limit,0.0,,127.25,127.25,0.00023575638506878605,-0.00565815324165031,0.0,0.00023575638506878605,-0.00565815324165031
SOL/USDT,2025-12-19 22:08:00+00:00,2025-12-19 22:08:00+00:00,turnover_limit,0.0,,127.06,127.06,0.0010231386746417659,-0.004564772548402263,0.0,0.0010231386746417659,-0.004564772548402263
SOL/USDT,2025-12-19 22:09:00+00:00,2025-12-19 22:09:00+00:00,turnover_limit,0.0,,127.06,127.06,0.0010231386746417659,-0.004564772548402263,0.0,0.0010231386746417659,-0.004564772548402263
SOL/USDT,2025-12-19 22:10:00+00:00,2025-12-19 22:10:00+00:00,turnover_limit,0.0,,127.06,127.06,0.0010231386746417659,-0.004564772548402263,0.0,0.0010231386746417659,-0.004564772548402263
SOL/USDT,2025-12-19 22:11:00+00:00,2025-12-19 22:11:00+00:00,turnover_limit,0.0,,127.04,127.04,0.0011807304785893535,-0.004408060453400475,0.0,0.0011807304785893535,-0.004408060453400475
SOL/USDT,2025-12-19 22:12:00+00:00,2025-12-19 22:12:00+00:00,turnover_limit,0.0,,127.12,127.12,0.0005506607929515184,-0.005034612964128438,0.0,0.0005506607929515184,-0.005034612964128438
SOL/USDT,2025-12-19 22:23:00+00:00,2025-12-19 22:23:00+00:00,turnover_limit,0.0,,127.0,127.0,0.0014960629921259017,-0.004645669291338583,0.0,0.0014960629921259017,-0.004645669291338583
SOL/USDT,2025-12-19 22:24:00+00:00,2025-12-19 22:24:00+00:00,turnover_limit,0.0,,127.01,127.01,0.0014172112432091488,-0.0047240374773640514,0.0,0.0014172112432091488,-0.0047240374773640514
SOL/USDT,2025-12-19 22:26:00+00:00,2025-12-19 22:26:00+00:00,turnover_limit,0.0,,127.04,127.04,0.0011807304785893535,-0.004959068010075618,0.0,0.0011807304785893535,-0.004959068010075618
SOL/USDT,2025-12-19 22:28:00+00:00,2025-12-19 22:28:00+00:00,turnover_limit,0.0,,126.98,126.98,0.001653803748621785,-0.004488895889116495,0.0,0.001653803748621785,-0.004488895889116495
SOL/USDT,2025-12-19 22:29:00+00:00,2025-12-19 22:29:00+00:00,turnover_limit,0.0,,126.99,126.99,0.001574927159618822,-0.0045672887628946945,0.0,0.001574927159618822,-0.0045672887628946945
SOL/USDT,2025-12-19 22:38:00+00:00,2025-12-19 22:38:00+00:00,turnover_limit,0.0,,127.03,127.03,0.0012595449893726407,-0.006140281823191374,0.0,0.0012595449893726407,-0.006140281823191374
SOL/USDT,2025-12-19 22:39:00+00:00,2025-12-19 22:39:00+00:00,turnover_limit,0.0,,127.03,127.03,0.0012595449893726407,-0.006140281823191374,0.0,0.0012595449893726407,-0.006140281823191374
SOL/USDT,2025-12-19 22:41:00+00:00,2025-12-19 22:41:00+00:00,turnover_limit,0.0,,127.1,127.1,0.0007081038552321228,-0.0066876475216364195,0.0,0.0007081038552321228,-0.0066876475216364195
SOL/USDT,2025-12-19 22:42:00+00:00,2025-12-19 22:42:00+00:00,turnover_limit,0.0,,127.08,127.08,0.0008655964746615563,-0.006531318854265056,0.0,0.0008655964746615563,-0.006531318854265056
SOL/USDT,2025-12-19 22:43:00+00:00,2025-12-19 22:43:00+00:00,turnover_limit,0.0,,127.07,127.07,0.0009443613756197067,-0.00645313606673481,0.0,0.0009443613756197067,-0.00645313606673481
SOL/USDT,2025-12-19 22:46:00+00:00,2025-12-19 22:46:00+00:00,turnover_limit,0.0,,126.94,126.94,0.001969434378446433,-0.005435638884512373,0.0,0.001969434378446433,-0.005435638884512373
SOL/USDT,2025-12-19 22:49:00+00:00,2025-12-19 22:49:00+00:00,turnover_limit,0.0,,126.94,126.94,0.001969434378446433,-0.005435638884512373,0.0,0.001969434378446433,-0.005435638884512373
SOL/USDT,2025-12-19 22:51:00+00:00,2025-12-19 22:51:00+00:00,turnover_limit,0.0,,127.15,127.15,0.0,-0.007078254030672526,0.0,0.0,-0.007078254030672526
SOL/USDT,2025-12-19 22:53:00+00:00,2025-12-19 22:53:00+00:00,turnover_limit,0.0,,127.04,127.04,0.0,-0.006218513853904373,0.0,0.0,-0.006218513853904373
SOL/USDT,2025-12-19 22:54:00+00:00,2025-12-19 22:54:00+00:00,turnover_limit,0.0,,126.98,126.98,7.875255945810622e-05,-0.005748936840447305,0.0,7.875255945810622e-05,-0.005748936840447305
SOL/USDT,2025-12-19 23:23:00+00:00,2025-12-19 23:23:00+00:00,turnover_limit,0.0,,126.54,126.54,0.0005531847637110232,-0.0022917654496602546,0.0,0.0005531847637110232,-0.0022917654496602546
SOL/USDT,2025-12-19 23:24:00+00:00,2025-12-19 23:24:00+00:00,turnover_limit,0.0,,126.56,126.56,0.0003950695322376685,-0.0024494310998736113,0.0,0.0003950695322376685,-0.0024494310998736113
SOL/USDT,2025-12-19 23:25:00+00:00,2025-12-19 23:25:00+00:00,turnover_limit,0.0,,126.57,126.57,0.00031603065497365357,-0.0025282452397882293,0.0,0.00031603065497365357,-0.0025282452397882293
SOL/USDT,2025-12-19 23:26:00+00:00,2025-12-19 23:26:00+00:00,turnover_limit,0.0,,126.53,126.53,0.000632261123844069,-0.0022129139334545744,0.0,0.000632261123844069,-0.0022129139334545744
SOL/USDT,2025-12-19 23:28:00+00:00,2025-12-19 23:28:00+00:00,turnover_limit,0.0,,126.56,126.56,0.0003950695322376685,-0.0024494310998736113,0.0,0.0003950695322376685,-0.0024494310998736113
SOL/USDT,2025-12-19 23:29:00+00:00,2025-12-19 23:29:00+00:00,turnover_limit,0.0,,126.6,126.6,0.0,-0.002764612954186396,0.0,0.0,-0.002764612954186396
BTC/USDT,2025-12-18 22:55:00+00:00,2025-12-19 00:22:00+00:00,gate_close,-0.0290768842031581,87.0,85654.98,85503.31,0.0008245871985494979,-0.0038866391656385835,-0.0017707084865351552,0.002687030478703001,-0.0024339408614707514
BTC/USDT,2025-12-18 22:55:00+00:00,2025-12-19 00:23:00+00:00,prob_floor,-0.0267758839329922,88.0,85654.98,85420.44,0.0008245871985494979,-0.0038866391656385835,-0.002738194556813789,0.0036597797904107665,-0.001466159621748675
BTC/USDT,2025-12-18 22:55:00+00:00,2025-12-19 00:25:00+00:00,time_limit,-0.0273718810000001,90.0,85654.98,85437.47,0.0008245871985494979,-0.0038866391656385835,-0.002539373659301458,0.0034597232338458017,-0.00166519443986346
BTC/USDT,2025-12-19 00:53:00+00:00,2025-12-19 00:53:00+00:00,dry_run,0.0,,85500.0,85500.0,0.002725847953216398,-0.004379766081871406,0.0,0.002725847953216398,-0.004379766081871406
BTC/USDT,2025-12-19 00:53:00+00:00,2025-12-19 00:57:00+00:00,take_profit,0.0077869953097006,4.0,85500.0,85575.17,0.002725847953216398,-0.004379766081871406,0.000879181286549624,0.00029015425853096133,-0.0052543278616916655
BTC/USDT,2025-12-19 00:53:00+00:00,2025-12-19 00:58:00+00:00,take_profit,0.0082599942000011,5.0,85500.0,85585.99,0.002725847953216398,-0.004379766081871406,0.001005730994152021,0.00016369501597157665,-0.005380086156624553
BTC/USDT,2025-12-19 00:59:00+00:00,2025-12-19 00:59:00+00:00,cooldown_after_exit,0.0,,85599.99,85599.99,1.1682244349664472e-07,-0.0055427576568642944,0.0,1.1682244349664472e-07,-0.0055427576568642944
BTC/USDT,2025-12-19 01:00:00+00:00,2025-12-19 01:00:00+00:00,dry_run,0.0,,85587.14,85587.14,0.0001502562183992584,-0.0053934504646375725,0.0,0.0001502562183992584,-0.0053934504646375725
BTC/USDT,2025-12-19 01:00:00+00:00,2025-12-19 01:01:00+00:00,gate_close,-0.0105667724369457,1.0,85587.14,85488.57,0.0001502562183992584,-0.0053934504646375725,-0.0011516917144327454,0.0011531366122978781,-0.004246649581341799
BTC/USDT,2025-12-19 01:00:00+00:00,2025-12-19 01:02:00+00:00,trailing_prob_drop,-0.0114637725421009,2.0,85587.14,85400.01,0.0001502562183992584,-0.0053934504646375725,-0.002186426605679359,0.001430444797371866,-0.003214051145895569
BTC/USDT,2025-12-19 01:00:00+00:00,2025-12-19 01:05:00+00:00,trailing_prob_drop,-0.0110257724907496,5.0,85587.14,85395.43,0.0001502562183992584,-0.0053934504646375725,-0.0022399393179863836,0.001484154362827228,-0.003160590677978803
BTC/USDT,2025-12-19 01:00:00+00:00,2025-12-19 01:06:00+00:00,prob_floor,-0.0109177724780887,6.0,85587.14,85383.3,0.0001502562183992584,-0.0053934504646375725,-0.0023816662176116,0.0016264304612259028,-0.003018974436453048
BTC/USDT,2025-12-19 01:00:00+00:00,2025-12-19 01:07:00+00:00,prob_floor,-0.0008557712999402,7.0,85587.14,85372.24,0.0001502562183992584,-0.0053934504646375725,-0.002510891239034252,0.0017561914739496753,-0.002889815237365312
BTC/USDT,2025-12-19 01:00:00+00:00,2025-12-19 01:08:00+00:00,prob_floor,-0.0124217726544287,8.0,85587.14,85497.12,0.0001502562183992584,-0.0053934504646375725,-0.0010517935287942537,0.00029299232535562325,-0.0043462282706130395
BTC/USDT,2025-12-19 01:00:00+00:00,2025-12-19 01:09:00+00:00,prob_floor,-0.0037297716361689,9.0,85587.14,85381.46,0.0001502562183992584,-0.0053934504646375725,-0.0024031647745209606,0.0016480158573066728,-0.002997489150454946
BTC/USDT,2025-12-19 01:00:00+00:00,2025-12-19 01:10:00+00:00,prob_floor,-0.0028317715310874,10.0,85587.14,85459.84,0.0001502562183992584,-0.0053934504646375725,-0.001487372986175295,0.0007293484284547347,-0.003911895926788533
BTC/USDT,2025-12-19 01:00:00+00:00,2025-12-19 01:11:00+00:00,trailing_prob_drop,-0.003768771640733,11.0,85587.14,85477.37,0.0001502562183992584,-0.0053934504646375725,-0.0012825524956202594,0.0005241153301744905,-0.004116177182334924
BTC/USDT,2025-12-19 01:00:00+00:00,2025-12-19 01:12:00+00:00,prob_floor,-0.030950710259155,12.0,85587.14,85470.0,0.0001502562183992584,-0.0053934504646375725,-0.001368663563240946,0.0006103896103895057,-0.004030303030303051
BTC/USDT,2025-12-19 01:00:00+00:00,2025-12-19 01:13:00+00:00,prob_floor,-0.0063687719451063,13.0,85587.14,85430.0,0.0001502562183992584,-0.0053934504646375725,-0.001836023496053274,0.0010788950017557308,-0.0035639705021655033
BTC/USDT,2025-12-19 01:00:00+00:00,2025-12-19 01:14:00+00:00,prob_floor,-0.0048057717621113,14.0,85587.14,85441.99,0.0001502562183992584,-0.0053934504646375725,-0.0016959323561926976,0.0009384144727901944,-0.0037037995018609493
BTC/USDT,2025-12-19 01:00:00+00:00,2025-12-19 01:15:00+00:00,prob_floor,-0.0013627713592358,15.0,85587.14,85457.62,0.0001502562183992584,-0.0053934504646375725,-0.0015133114624463762,0.0007553451640709419,-0.0038860197604378977
BTC/USDT,2025-12-19 01:00:00+00:00,2025-12-19 01:16:00+00:00,trailing_prob_drop,-0.0007457712870737,16.0,85587.14,85492.05,0.0001502562183992584,-0.0053934504646375725,-0.0011110314002781285,0.00035231346072528424,-0.004287182258467359
BTC/USDT,2025-12-19 01:00:00+00:00,2025-12-19 01:19:00+00:00,trailing_prob_drop,-0.0137687728124142,19.0,85587.14,85401.14,0.0001502562183992584,-0.0053934504646375725,-0.0021732236875773303,0.0014171941967051627,-0.003227240292108524
BTC/USDT,2025-12-19 01:00:00+00:00,2025-12-19 01:20:00+00:00,trailing_prob_drop,-0.0164477731267762,20.0,85587.14,85368.0,0.0001502562183992584,-0.0053934504646375725,-0.002560431391912421,0.0006863227438853592,-0.0028402914441008065
BTC/USDT,2025-12-19 01:00:00+00:00,2025-12-19 01:21:00+00:00,trailing_prob_drop,-0.0185677733756798,21.0,85587.14,85341.21,0.0001502562183992584,-0.0053934504646375725,-0.002873445706913391,0.0010004545283572863,-0.0025272667214351063
BTC/USDT,2025-12-19 01:00:00+00:00,2025-12-19 01:22:00+00:00,trailing_prob_drop,-0.0106667724486676,22.0,85587.14,85320.01,0.0001502562183992584,-0.0053934504646375725,-0.003121146471304015,0.0012491794128950406,-0.0022794183920044064
BTC/USDT,2025-12-19 01:00:00+00:00,2025-12-19 01:23:00+00:00,prob_floor,-0.0098877723573591,23.0,85587.14,85399.01,0.0001502562183992584,-0.0053934504646375725,-0.002198110603999659,0.0003229545635248243,-0.0032023790439724698
BTC/USDT,2025-12-19 01:00:00+00:00,2025-12-19 01:24:00+00:00,trailing_prob_drop,-0.0130817727318323,24.0,85587.14,85406.82,0.0001502562183992584,-0.0053934504646375725,-0.0021068585771178983,0.00023148034313869026,-0.003293530891327001
BTC/USDT,2025-12-19 01:00:00+00:00,2025-12-19 01:25:00+00:00,trailing_prob_drop,-0.0145677729061505,25.0,85587.14,85374.87,0.0001502562183992584,-0.0053934504646375725,-0.00248016232345194,0.0005366918860316705,-0.0029205315334593918
BTC/USDT,2025-12-19 01:00:00+00:00,2025-12-19 01:26:00+00:00,prob_floor,-0.0137287728077226,26.0,85587.14,85360.01,0.0001502562183992584,-0.0053934504646375725,-0.002653786538491687,0.0007108715193451243,-0.002746953755042858
BTC/USDT,2025-12-19 01:00:00+00:00,2025-12-19 01:27:00+00:00,trailing_prob_drop,-0.0152007729804243,27.0,85587.14,85364.11,0.0001502562183992584,-0.0053934504646375725,-0.00260588214537838,0.00140984308276626,-0.002794851372549867
BTC/USDT,2025-12-19 01:00:00+00:00,2025-12-19 01:28:00+00:00,trailing_prob_drop,-0.0256587742091227,28.0,85587.14,85353.67,0.0001502562183992584,-0.0053934504646375725,-0.0027278630878424526,0.0018458491591515358,-0.002672878623731112
BTC/USDT,2025-12-19 01:00:00+00:00,2025-12-19 01:29:00+00:00,prob_floor,-0.0323097749921074,29.0,85587.14,85249.1,0.0001502562183992584,-0.0053934504646375725,-0.003949658792196997,0.0033230849357939185,-0.0014495167690921074
BTC/USDT,2025-12-19 01:00:00+00:00,2025-12-19 01:30:00+00:00,prob_floor,-0.0281230826210964,30.0,85587.14,85182.58,0.0001502562183992584,-0.0053934504646375725,-0.004726878360463926,0.004106708202545439,-0.0006697378736356674
BTC/USDT,2025-12-19 01:00:00+00:00,2025-12-19 01:31:00+00:00,prob_floor,-0.0291347746181791,31.0,85587.14,85225.45,0.0001502562183992584,-0.0053934504646375725,-0.004225985352472428,0.0036016236933920087,-0.0011724197408168324
BTC/USDT,2025-12-19 01:00:00+00:00,2025-12-19 01:32:00+00:00,prob_floor,-0.0278197744633917,32.0,85587.14,85202.4,0.0001502562183992584,-0.0053934504646375725,-0.004495301513755545,0.003873130334356878,-0.0009022046327332722
BTC/USDT,2025-12-19 01:00:00+00:00,2025-12-19 01:33:00+00:00,prob_floor,-0.0321437749725499,33.0,85587.14,85227.48,0.0001502562183992584,-0.0053934504646375725,-0.004202266835882207,0.0038597879463291296,-0.0011962104241495242
BTC/USDT,2025-12-19 01:00:00+00:00,2025-12-19 01:34:00+00:00,prob_floor,-0.0285687745515487,34.0,85587.14,85184.25,0.0001502562183992584,-0.0053934504646375725,-0.004707366083269049,0.004369234923122578,-0.00068932930676735
BTC/USDT,2025-12-19 01:00:00+00:00,2025-12-19 01:35:00+00:00,prob_floor,-0.0285575265002966,35.0,85587.14,85219.99,0.0001502562183992584,-0.0053934504646375725,-0.004289779983301156,0.003948017360715372,-0.001108425382354561
BTC/USDT,2025-12-19 01:00:00+00:00,2025-12-19 01:36:00+00:00,prob_floor,-0.0278157744629187,36.0,85587.14,85214.6,0.0001502562183992584,-0.0053934504646375725,-0.00435275673424762,0.0040115191528211636,-0.0010452434207284256
BTC/USDT,2025-12-19 01:00:00+00:00,2025-12-19 01:37:00+00:00,prob_floor,-0.0420547867029868,37.0,85587.14,85227.52,0.0001502562183992584,-0.0053934504646375725,-0.0042017994759492305,0.0038593168028355773,-0.0011966791947014555
BTC/USDT,2025-12-19 01:00:00+00:00,2025-12-19 01:38:00+00:00,prob_floor,-0.013807772816989,38.0,85587.14,85312.73,0.0001502562183992584,-0.0053934504646375725,-0.003206205979075838,0.002856666291185528,-0.0021942797985716744
BTC/USDT,2025-12-19 01:00:00+00:00,2025-12-19 01:39:00+00:00,prob_floor,-0.022566773845534,39.0,85587.14,85367.61,0.0001502562183992584,-0.0053934504646375725,-0.0025649881512572748,0.0022119630618686603,-0.0028357359424727724
BTC/USDT,2025-12-19 01:00:00+00:00,2025-12-19 01:40:00+00:00,prob_floor,-0.0214767737174213,40.0,85587.14,85280.01,0.0001502562183992584,-0.0053934504646375725,-0.003588506404116343,0.003241439582382988,-0.0018114444404966346
BTC/USDT,2025-12-19 01:00:00+00:00,2025-12-19 01:41:00+00:00,trailing_prob_drop,-0.0186977733909486,41.0,85587.14,85290.92,0.0001502562183992584,-0.0053934504646375725,-0.003461033982441797,0.003113109812861614,-0.0019391278696490044
BTC/USDT,2025-12-19 01:00:00+00:00,2025-12-19 01:42:00+00:00,trailing_prob_drop,-0.019112773439687,42.0,85587.14,85318.72,0.0001502562183992584,-0.0053934504646375725,-0.0031362188291371718,0.0030315738445207963,-0.002264333079539882
BTC/USDT,2025-12-19 01:00:00+00:00,2025-12-19 01:43:00+00:00,trailing_prob_drop,-0.0169187731820625,43.0,85587.14,85314.56,0.0001502562183992584,-0.0053934504646375725,-0.0031848242621497214,0.0034143058347837485,-0.0022156827627077824
BTC/USDT,2025-12-19 01:00:00+00:00,2025-12-19 01:46:00+00:00,trailing_prob_drop,-0.0531506967001383,46.0,85587.14,85257.43,0.0001502562183992584,-0.0053934504646375725,-0.003852331086188987,0.004748442452464419,-0.0015470792398972755
BTC/USDT,2025-12-19 01:00:00+00:00,2025-12-19 01:48:00+00:00,trailing_prob_drop,-0.0332677751049886,48.0,85587.14,85233.92,0.0001502562183992584,-0.0053934504646375725,-0.0041270218866993336,0.005619945674210314,-0.0012716768159906078
BTC/USDT,2025-12-19 01:00:00+00:00,2025-12-19 01:49:00+00:00,trailing_prob_drop,-0.0284977745431934,49.0,85587.14,85173.0,0.0001502562183992584,-0.0053934504646375725,-0.004838811064372561,0.006900543599497544,-0.000104728024139078
BTC/USDT,2025-12-19 01:00:00+00:00,2025-12-19 01:50:00+00:00,trailing_prob_drop,-0.0197927735195612,50.0,85587.14,85212.0,0.0001502562183992584,-0.0053934504646375725,-0.004383135129880533,0.006584166549312265,-0.000562362108623149
BTC/USDT,2025-12-19 01:00:00+00:00,2025-12-19 01:51:00+00:00,trailing_prob_drop,-0.0196807735064066,51.0,85587.14,85307.75,0.0001502562183992584,-0.0053934504646375725,-0.00326439229071096,0.007088336053875599,-0.0016841377248842937
BTC/USDT,2025-12-19 01:00:00+00:00,2025-12-19 01:53:00+00:00,trailing_prob_drop,-0.0108997724759808,53.0,85587.14,85362.58,0.0001502562183992584,-0.0053934504646375725,-0.0026237586628083953,0.006441464163805755,-0.002325374889090792
BTC/USDT,2025-12-19 01:00:00+00:00,2025-12-19 01:54:00+00:00,trailing_prob_drop,-0.0111667725072811,54.0,85587.14,85399.99,0.0001502562183992584,-0.0053934504646375725,-0.002186660285645625,0.006000586182738354,-0.0027624125014534817
BTC/USDT,2025-12-19 01:00:00+00:00,2025-12-19 01:56:00+00:00,trailing_prob_drop,-0.0105687724371776,56.0,85587.14,85353.93,0.0001502562183992584,-0.0053934504646375725,-0.002724825248279217,0.006543459686039199,-0.002224267822231396
BTC/USDT,2025-12-19 01:00:00+00:00,2025-12-19 01:58:00+00:00,trailing_prob_drop,-0.0169147731815936,58.0,85587.14,85363.51,0.0001502562183992584,-0.0053934504646375725,-0.002612892544370582,0.006430499401910872,-0.0023362441399140677
BTC/USDT,2025-12-19 01:00:00+00:00,2025-12-19 01:59:00+00:00,trailing_prob_drop,-0.0260917742600604,59.0,85587.14,85336.54,0.0001502562183992584,-0.0053934504646375725,-0.0029280099790693903,0.006748574526223017,-0.0020209396818758885
BTC/USDT,2025-12-19 01:00:00+00:00,2025-12-19 02:00:00+00:00,prob_floor,-0.0278227744637447,60.0,85587.14,85244.77,0.0001502562183992584,-0.0053934504646375725,-0.004000250504923919,0.007832386667240732,-0.0009465683349254572
BTC/USDT,2025-12-19 01:00:00+00:00,2025-12-19 02:01:00+00:00,trailing_prob_drop,-0.0255067741912409,61.0,85587.14,85227.46,0.0001502562183992584,-0.0053934504646375725,-0.004202500515848473,0.008037081006520674,-0.0007436570326043723
BTC/USDT,2025-12-19 01:00:00+00:00,2025-12-19 02:02:00+00:00,trailing_prob_drop,-0.0448744784837317,62.0,85587.14,85261.61,0.0001502562183992584,-0.0053934504646375725,-0.0038034919732099493,0.0076333299359465645,-0.0011438911369372473
BTC/USDT,2025-12-19 01:00:00+00:00,2025-12-19 02:03:00+00:00,prob_floor,-0.0284287745350697,63.0,85587.14,85170.23,0.0001502562183992584,-0.0053934504646375725,-0.004871175739719846,0.012492627999243444,-7.220832913090725e-05
BTC/USDT,2025-12-19 01:00:00+00:00,2025-12-19 02:04:00+00:00,trailing_prob_drop,-0.0269927743660676,64.0,85587.14,85221.39,0.0001502562183992584,-0.0053934504646375725,-0.004273422385652759,0.011884809670436036,-0.0006331743708944959
BTC/USDT,2025-12-19 01:00:00+00:00,2025-12-19 02:05:00+00:00,trailing_prob_drop,-0.0254967741900641,65.0,85587.14,85235.75,0.0001502562183992584,-0.0053934504646375725,-0.004105640169773217,0.011714333480963068,-0.0004169611929265571
BTC/USDT,2025-12-19 01:00:00+00:00,2025-12-19 02:06:00+00:00,trailing_prob_drop,-0.0237957739900187,66.0,85587.14,85250.71,0.0001502562183992584,-0.0053934504646375725,-0.003930847554901251,0.011536795412026457,-0.0005923704330439428
BTC/USDT,2025-12-19 01:00:00+00:00,2025-12-19 02:07:00+00:00,trailing_prob_drop,-0.0228507738789168,67.0,85587.14,85260.93,0.0001502562183992584,-0.0053934504646375725,-0.003811437092067882,0.012730801786938084,-0.0007121667568016354
BTC/USDT,2025-12-19 01:00:00+00:00,2025-12-19 02:08:00+00:00,trailing_prob_drop,-0.027698774449149,68.0,85587.14,85277.18,0.0001502562183992584,-0.0053934504646375725,-0.0036215721193628703,0.01266505294851461,-0.0009025861314830852
BTC/USDT,2025-12-19 01:00:00+00:00,2025-12-19 02:09:00+00:00,prob_floor,-0.0302717747520542,69.0,85587.14,85228.7,0.0001502562183992584,-0.0053934504646375725,-0.0041880123579314255,0.01324107958938714,-0.0003342770686398655
BTC/USDT,2025-12-19 01:00:00+00:00,2025-12-19 02:10:00+00:00,prob_floor,-0.0299147747100163,70.0,85587.14,85220.0,0.0001502562183992584,-0.0053934504646375725,-0.004289663143318023,0.013344520065712295,-0.00023222248298515602
BTC/USDT,2025-12-19 01:00:00+00:00,2025-12-19 02:11:00+00:00,prob_floor,-0.0223467738196716,71.0,85587.14,85206.53,0.0001502562183992584,-0.0053934504646375725,-0.004447046600692617,0.013504716129151051,-7.417271892184996e-05
BTC/USDT,2025-12-19 01:00:00+00:00,2025-12-19 02:12:00+00:00,prob_floor,-0.0229817738943166,72.0,85587.14,85314.36,0.0001502562183992584,-0.0053934504646375725,-0.0031871610618137147,0.012499185365746124,-0.0012639138358420121
BTC/USDT,2025-12-19 01:00:00+00:00,2025-12-19 02:13:00+00:00,prob_floor,-0.0271677743866602,73.0,85587.14,85275.87,0.0001502562183992584,-0.0053934504646375725,-0.0036368781571624043,0.013849873358078968,-0.0005760128861774794
BTC/USDT,2025-12-19 01:00:00+00:00,2025-12-19 02:15:00+00:00,trailing_prob_drop,-0.0211877736834599,75.0,85587.14,85286.0,0.0001502562183992584,-0.0053934504646375725,-0.0035185192541776766,0.013729451492624722,-0.000694721290715905
BTC/USDT,2025-12-19 01:00:00+00:00,2025-12-19 02:16:00+00:00,trailing_prob_drop,-0.0211917736839322,76.0,85587.14,85257.81,0.0001502562183992584,-0.0053934504646375725,-0.0038478911668271554,0.015700145241825947,-0.00036430680074939215
BTC/USDT,2025-12-19 01:00:00+00:00,2025-12-19 02:17:00+00:00,trailing_prob_drop,-0.0186497733853119,77.0,85587.14,85293.76,0.0001502562183992584,-0.0053934504646375725,-0.0034278514272121363,0.015272043347602349,-0.0007856377770190104
BTC/USDT,2025-12-19 01:00:00+00:00,2025-12-19 02:21:00+00:00,trailing_prob_drop,-0.0234847739534521,81.0,85587.14,85257.26,0.0001502562183992584,-0.0053934504646375725,-0.003854317365903359,0.015706697587982488,-0.0003578580873933035
BTC/USDT,2025-12-19 01:00:00+00:00,2025-12-19 02:22:00+00:00,trailing_prob_drop,-0.0579010224574235,82.0,85587.14,85270.81,0.0001502562183992584,-0.0053934504646375725,-0.003695999188663146,0.01554529621566858,-0.0005167067135869452
BTC/USDT,2025-12-19 01:00:00+00:00,2025-12-19 02:23:00+00:00,trailing_prob_drop,-0.0084997721947161,83.0,85587.14,85388.15,0.0001502562183992584,-0.0053934504646375725,-0.0023249988257582066,0.014149738576137327,-0.0013739611409778751
BTC/USDT,2025-12-19 01:00:00+00:00,2025-12-19 02:27:00+00:00,gate_close,-0.0005677712662574,87.0,85587.14,85484.46,0.0001502562183992584,-0.0053934504646375725,-0.0011997129475291857,0.018698135310207142,-0.0016192416726971137
BTC/USDT,2025-12-19 01:00:00+00:00,2025-12-19 02:29:00+00:00,gate_close,-0.0014347713676575,89.0,85587.14,85532.39,0.0001502562183992584,-0.0053934504646375725,-0.0006396989080368343,0.018912133754242166,-0.002178706803352526
BTC/USDT,2025-12-19 01:00:00+00:00,2025-12-19 02:30:00+00:00,time_limit,-0.0001157714000012,90.0,85587.14,85492.53,0.0001502562183992584,-0.0053934504646375725,-0.0011054230810844112,0.021417894639449875,-0.0017134830376408505
BTC/USDT,2025-12-19 02:31:00+00:00,2025-12-19 02:31:00+00:00,cooldown_after_exit,0.0,,85504.52,85504.52,0.022468168934226984,-0.0018534692668880082,0.0,0.022468168934226984,-0.0018534692668880082
BTC/USDT,2025-12-19 02:32:00+00:00,2025-12-19 02:32:00+00:00,dry_run,0.0,,85521.43,85521.43,0.02386664956374096,-0.002050831002241238,0.0,0.02386664956374096,-0.002050831002241238
BTC/USDT,2025-12-19 02:32:00+00:00,2025-12-19 02:33:00+00:00,gate_close,-0.0086624902133513,1.0,85521.43,85523.12,0.02386664956374096,-0.002050831002241238,1.9761128877249234e-05,0.023846534130186114,-0.0020705512146891314
BTC/USDT,2025-12-19 02:32:00+00:00,2025-12-19 02:34:00+00:00,gate_close,-0.0076844900988252,2.0,85521.43,85460.7,0.02386664956374096,-0.002050831002241238,-0.0007101144122589886,0.024594345705101883,-0.0013416693287090498
BTC/USDT,2025-12-19 02:32:00+00:00,2025-12-19 02:36:00+00:00,gate_close,-0.0126614906819175,4.0,85521.43,85406.9,0.02386664956374096,-0.002050831002241238,-0.0013391965031454012,0.048991709100786984,-0.0007125887955188315
BTC/USDT,2025-12-19 02:32:00+00:00,2025-12-19 02:37:00+00:00,gate_close,-0.0121584906229566,5.0,85521.43,85414.97,0.02386664956374096,-0.002050831002241238,-0.0012448341895123782,0.048892600442287826,-0.0008070013956570365
BTC/USDT,2025-12-19 02:32:00+00:00,2025-12-19 02:39:00+00:00,trailing_prob_drop,-0.0055074898439897,7.0,85521.43,85469.19,0.02386664956374096,-0.002050831002241238,-0.0006108410488457894,0.048227203276408837,-0.0014408700959961385
BTC/USDT,2025-12-19 02:32:00+00:00,2025-12-19 02:44:00+00:00,take_profit,0.0100895106,12.0,85521.43,85603.27,0.02386664956374096,-0.002050831002241238,0.0009569531285902322,0.04658536992804141,-0.0009899154553325573
BTC/USDT,2025-12-19 02:45:00+00:00,2025-12-19 02:45:00+00:00,cooldown_after_exit,0.0,,85642.47,85642.47,0.04610633018874877,-0.0009013051585270437,0.0,0.04610633018874877,-0.0009013051585270437
BTC/USDT,2025-12-19 02:50:00+00:00,2025-12-19 02:50:00+00:00,dry_run,0.0,,85726.19,85726.19,0.04508470515253271,-0.0012956367243196487,0.0,0.04508470515253271,-0.0012956367243196487
BTC/USDT,2025-12-19 02:50:00+00:00,2025-12-19 02:51:00+00:00,gate_close,-0.0050398643867329,1.0,85726.19,85893.2,0.04508470515253271,-0.0012956367243196487,0.0019481794303466415,0.043052651432243794,-0.003237508906409392
BTC/USDT,2025-12-19 02:50:00+00:00,2025-12-19 02:52:00+00:00,gate_close,-0.0083838647765068,2.0,85726.19,85859.99,0.04508470515253271,-0.0012956367243196487,0.0015607832332220628,0.04345609637271086,-0.002851968652686887
BTC/USDT,2025-12-19 02:50:00+00:00,2025-12-19 02:55:00+00:00,gate_close,-0.0167858657571785,5.0,85726.19,85804.8,0.04508470515253271,-0.0012956367243196487,0.0009169893121343531,0.04412725162228681,-0.002210598940851849
BTC/USDT,2025-12-19 02:50:00+00:00,2025-12-19 02:56:00+00:00,gate_close,-0.0166578657422256,6.0,85726.19,85748.16,0.04508470515253271,-0.0012956367243196487,0.0002562810734969556,0.044816938345965784,-0.001551520172561216
BTC/USDT,2025-12-19 02:50:00+00:00,2025-12-19 03:00:00+00:00,trailing_prob_drop,-0.0230828664934192,10.0,85726.19,85615.12,0.04508470515253271,-0.0012956367243196487,-0.0012956367243196487,0.04644051190957876,0.0
BTC/USDT,2025-12-19 02:50:00+00:00,2025-12-19 03:01:00+00:00,trailing_prob_drop,-0.0089678648446081,11.0,85726.19,85679.56,0.04508470515253271,-0.0012956367243196487,-0.0005439411223104873,0.04565347907949113,-0.0007521047026852745
BTC/USDT,2025-12-19 02:50:00+00:00,2025-12-19 03:02:00+00:00,take_profit,0.0147621360000002,12.0,85726.19,85820.71,0.04508470515253271,-0.0012956367243196487,0.0011025802033195475,0.04393368453838242,-0.00164470790325566
BTC/USDT,2025-12-19 03:20:00+00:00,2025-12-19 03:20:00+00:00,dry_run,0.0,,86078.35,86078.35,0.04080910008149541,-0.0019182523828582543,0.0,0.04080910008149541,-0.0019182523828582543
BTC/USDT,2025-12-19 03:20:00+00:00,2025-12-19 03:21:00+00:00,take_profit,0.0154776715924453,1.0,86078.35,86166.52,0.04080910008149541,-0.0019182523828582543,0.0010242993737681338,0.039744090860348136,-0.002939540786839334
BTC/USDT,2025-12-19 03:20:00+00:00,2025-12-19 03:22:00+00:00,take_profit,0.0284956730949632,2.0,86078.35,85913.23,0.04080910008149541,-0.0019182523828582543,-0.0019182523828582543,0.04280947183571149,0.0
BTC/USDT,2025-12-19 03:20:00+00:00,2025-12-19 03:23:00+00:00,take_profit,0.0302426732962549,3.0,86078.35,86468.72,0.04080910008149541,-0.0019182523828582543,0.004535054401019423,0.036110283580004454,-0.0017199283162744328
BTC/USDT,2025-12-19 03:20:00+00:00,2025-12-19 03:24:00+00:00,take_profit,0.0616226768981001,4.0,86078.35,86486.19,0.04080910008149541,-0.0019182523828582543,0.004738009034792157,0.0359009918230877,-0.00043556086815710326
BTC/USDT,2025-12-19 03:20:00+00:00,2025-12-19 03:25:00+00:00,take_profit,0.0729886695999995,5.0,86078.35,86799.99,0.04080910008149541,-0.0019182523828582543,0.008383525009482584,0.03215599448801787,-0.004049194014884128
BTC/USDT,2025-12-19 03:52:00+00:00,2025-12-19 03:52:00+00:00,dry_run,0.0,,87218.94,87218.94,0.0037864482187011106,-0.008833173161700847,0.0,0.0037864482187011106,-0.008833173161700847
BTC/USDT,2025-12-19 03:52:00+00:00,2025-12-19 03:53:00+00:00,gate_close,-0.0110291546663878,1.0,87218.94,87157.68,0.0037864482187011106,-0.008833173161700847,-0.0007023703796447123,0.0044919736275679245,-0.008136517631033624
BTC/USDT,2025-12-19 03:52:00+00:00,2025-12-19 03:54:00+00:00,gate_close,-0.0170871553634182,2.0,87218.94,87064.84,0.0037864482187011106,-0.008833173161700847,-0.0017668180787339116,0.005563095274740082,-0.007078862144580866
BTC/USDT,2025-12-19 03:52:00+00:00,2025-12-19 03:55:00+00:00,prob_floor,-0.0433101583918509,3.0,87218.94,87004.26,0.0037864482187011106,-0.008833173161700847,-0.002461391986648853,0.006263256534795092,-0.006387503324549737
BTC/USDT,2025-12-19 03:52:00+00:00,2025-12-19 03:56:00+00:00,prob_floor,-0.0451321586029501,4.0,87218.94,86742.03,0.0037864482187011106,-0.008833173161700847,-0.005467963724392955,0.009305292947375143,-0.0033837114487635933
BTC/USDT,2025-12-19 03:52:00+00:00,2025-12-19 03:57:00+00:00,prob_floor,-0.0468540963490123,5.0,87218.94,86723.81,0.0037864482187011106,-0.008833173161700847,-0.00567686330514916,0.009517340162984222,-0.0031743300945841213
BTC/USDT,2025-12-19 03:52:00+00:00,2025-12-19 03:58:00+00:00,prob_floor,-0.034159157332946,6.0,87218.94,87010.44,0.0037864482187011106,-0.008833173161700847,-0.002390535817105799,0.0061917857213456,-0.006458075605639935
BTC/USDT,2025-12-19 03:52:00+00:00,2025-12-19 03:59:00+00:00,trailing_prob_drop,-0.0199081556883345,7.0,87218.94,86812.93,0.0037864482187011106,-0.008833173161700847,-0.004655066892580995,0.008480994708967904,-0.004197646594810145
BTC/USDT,2025-12-19 03:52:00+00:00,2025-12-19 04:00:00+00:00,prob_floor,-0.0073671542455121,8.0,87218.94,86976.04,0.0037864482187011106,-0.008833173161700847,-0.002784945563429342,0.006589745865643204,-0.006065118623473698
BTC/USDT,2025-12-19 03:52:00+00:00,2025-12-19 04:01:00+00:00,prob_floor,-0.0258271563707496,9.0,87218.94,87101.45,0.0037864482187011106,-0.008833173161700847,-0.0013470697992891134,0.005140442552908242,-0.00749620126875028
BTC/USDT,2025-12-19 03:52:00+00:00,2025-12-19 04:02:00+00:00,prob_floor,-0.0287567474253425,10.0,87218.94,86916.86,0.0037864482187011106,-0.008833173161700847,-0.003463467911900775,0.00727511325190533,-0.002508028937078577
BTC/USDT,2025-12-19 03:52:00+00:00,2025-12-19 04:03:00+00:00,prob_floor,-0.0223711559721852,11.0,87218.94,86912.42,0.0037864482187011106,-0.008833173161700847,-0.0035143742861356575,0.00732657081692123,-0.002457071152776602
BTC/USDT,2025-12-19 03:52:00+00:00,2025-12-19 04:04:00+00:00,prob_floor,-0.0169001553418895,12.0,87218.94,86951.41,0.0037864482187011106,-0.008833173161700847,-0.003067338355636995,0.006874874139476184,-0.0005593928839107143
BTC/USDT,2025-12-19 03:52:00+00:00,2025-12-19 04:05:00+00:00,prob_floor,-0.0129811548908798,13.0,87218.94,87006.12,0.0037864482187011106,-0.008833173161700847,-0.0024400663433883363,0.006241744833581864,-0.0011878474755567803
BTC/USDT,2025-12-19 03:52:00+00:00,2025-12-19 04:06:00+00:00,prob_floor,-0.0215661558793934,14.0,87218.94,87045.31,0.0037864482187011106,-0.008833173161700847,-0.0019907373329692835,0.005788709351486121,-0.0016375379672953772
BTC/USDT,2025-12-19 03:52:00+00:00,2025-12-19 04:07:00+00:00,prob_floor,-0.0140701550161627,15.0,87218.94,86953.06,0.0037864482187011106,-0.008833173161700847,-0.003048420446293054,0.00685576792812137,-0.0009179665442480278
BTC/USDT,2025-12-19 03:52:00+00:00,2025-12-19 04:08:00+00:00,prob_floor,-0.0039191538495535,16.0,87218.94,87034.98,0.0037864482187011106,-0.008833173161700847,-0.002109174910862377,0.005908084312767237,-0.0019527780669335026
BTC/USDT,2025-12-19 03:52:00+00:00,2025-12-19 04:09:00+00:00,trailing_prob_drop,-0.003318153780566,17.0,87218.94,87135.93,0.0037864482187011106,-0.008833173161700847,-0.0009517428209975254,0.004742704875015491,-0.0031090504227130333
BTC/USDT,2025-12-19 03:52:00+00:00,2025-12-19 04:10:00+00:00,take_profit,0.0086598464000013,18.0,87218.94,87141.94,0.0037864482187011106,-0.008833173161700847,-0.0008828357693867472,0.004673409841460918,-0.003177803936887269
BTC/USDT,2025-12-19 04:12:00+00:00,2025-12-19 04:12:00+00:00,dry_run,0.0,,87295.61,87295.61,0.0029048425230089325,-0.005017548992440668,0.0,0.0029048425230089325,-0.005017548992440668
BTC/USDT,2025-12-19 04:12:00+00:00,2025-12-19 04:13:00+00:00,take_profit,0.0088421122121886,1.0,87295.61,87244.45,0.0029048425230089325,-0.005017548992440668,-0.0005860546710195758,0.003492944250321983,-0.0066474142481268705
BTC/USDT,2025-12-19 04:12:00+00:00,2025-12-19 04:14:00+00:00,take_profit,0.0083531121562719,2.0,87295.61,87354.26,0.0029048425230089325,-0.005017548992440668,0.0006718550909947663,0.0022314881953096055,-0.007896123211392214
BTC/USDT,2025-12-19 04:12:00+00:00,2025-12-19 04:15:00+00:00,gate_close,-0.0641698192309451,3.0,87295.61,87345.44,0.0029048425230089325,-0.005017548992440668,0.0005708190824258441,0.0023326918955357545,-0.007795942180839677
BTC/USDT,2025-12-19 04:12:00+00:00,2025-12-19 04:16:00+00:00,trailing_prob_drop,0.0046461117321737,4.0,87295.61,87347.06,0.0029048425230089325,-0.005017548992440668,0.000589376716652712,0.00028277998137538063,-0.007814344295045461
BTC/USDT,2025-12-19 04:12:00+00:00,2025-12-19 04:17:00+00:00,gate_close,0.0042281109999995,5.0,87295.61,87308.38,0.0029048425230089325,-0.005017548992440668,0.00014628456115950428,0.0005764624197586166,-0.007374778915838376
BTC/USDT,2025-12-19 04:18:00+00:00,2025-12-19 04:18:00+00:00,cooldown_after_exit,0.0,,87308.37,87308.37,0.00013286240483023626,-0.0073746652239641275,0.0,0.00013286240483023626,-0.0073746652239641275
BTC/USDT,2025-12-19 04:20:00+00:00,2025-12-19 04:20:00+00:00,dry_run,0.0,,87206.03,87206.03,0.00086209634815404,-0.0062097770073926695,0.0,0.00086209634815404,-0.0062097770073926695
BTC/USDT,2025-12-19 04:20:00+00:00,2025-12-19 04:22:00+00:00,gate_close,-0.0090241216353285,2.0,87206.03,87107.49,0.00086209634815404,-0.0062097770073926695,-0.0011299677327358815,0.0017714894551548177,-0.005085555788601037
BTC/USDT,2025-12-19 04:20:00+00:00,2025-12-19 04:24:00+00:00,trailing_prob_drop,-0.0018171208081971,4.0,87206.03,87092.6,0.00086209634815404,-0.0062097770073926695,-0.0013007128062130224,0.0019427597752277315,-0.0049154578000887295
BTC/USDT,2025-12-19 04:20:00+00:00,2025-12-19 04:25:00+00:00,trailing_prob_drop,-0.012009121978313,5.0,87206.03,87205.32,0.00086209634815404,-0.0062097770073926695,-8.141638829228803e-06,0.0006476669083950171,-0.00620168586044989
BTC/USDT,2025-12-19 04:20:00+00:00,2025-12-19 04:26:00+00:00,prob_floor,-0.0091221216465848,6.0,87206.03,87103.41,0.00086209634815404,-0.0062097770073926695,-0.0011767534882621833,0.0018184133089622634,-0.005038953124797296
BTC/USDT,2025-12-19 04:20:00+00:00,2025-12-19 04:27:00+00:00,prob_floor,-0.0169661225483995,7.0,87206.03,87132.27,0.00086209634815404,-0.0062097770073926695,-0.0008458130704951383,0.0014865904446195177,-0.005368504688331943
BTC/USDT,2025-12-19 04:20:00+00:00,2025-12-19 04:28:00+00:00,prob_floor,-0.0183011227020466,8.0,87206.03,87053.84,0.00086209634815404,-0.0062097770073926695,-0.0017451774837130563,0.0023888664761946288,-0.004472404663596663
BTC/USDT,2025-12-19 04:20:00+00:00,2025-12-19 04:29:00+00:00,prob_floor,-0.0181021226791387,9.0,87206.03,87040.49,0.00086209634815404,-0.0062097770073926695,-0.0018982632278983225,0.0025426097670175896,-0.004319713733229258
BTC/USDT,2025-12-19 04:20:00+00:00,2025-12-19 04:30:00+00:00,prob_floor,-0.0110961218733806,10.0,87206.03,87050.39,0.00086209634815404,-0.0062097770073926695,-0.0017847389681653336,0.0024285933698862117,-0.004432949697296018
BTC/USDT,2025-12-19 04:20:00+00:00,2025-12-19 04:31:00+00:00,prob_floor,-0.008482121573077,11.0,87206.03,87112.54,0.00086209634815404,-0.0062097770073926695,-0.0010720588931751873,0.001713415772287341,-0.005143231961781791
BTC/USDT,2025-12-19 04:20:00+00:00,2025-12-19 04:32:00+00:00,prob_floor,-0.0089451216262566,12.0,87206.03,87138.68,0.00086209634815404,-0.0062097770073926695,-0.0007723089790924176,0.0014129201865349383,-0.005441670679427246
BTC/USDT,2025-12-19 04:20:00+00:00,2025-12-19 04:33:00+00:00,prob_floor,-0.0105821218143167,13.0,87206.03,87134.05,0.00086209634815404,-0.0062097770073926695,-0.0008254016379370954,0.0014661317820070519,-0.005388823313044688
BTC/USDT,2025-12-19 04:20:00+00:00,2025-12-19 04:34:00+00:00,prob_floor,-0.0106071218171893,14.0,87206.03,87117.68,0.00086209634815404,-0.0062097770073926695,-0.0010131180148896801,0.0016543140267279988,-0.005201929160647878
BTC/USDT,2025-12-19 04:20:00+00:00,2025-12-19 04:35:00+00:00,trailing_prob_drop,-0.0205011229553473,15.0,87206.03,87117.43,0.00086209634815404,-0.0062097770073926695,-0.001015984789125346,0.0016571884638929557,-0.005199074398774095
BTC/USDT,2025-12-19 04:20:00+00:00,2025-12-19 04:36:00+00:00,prob_floor,-0.0209001230012982,16.0,87206.03,87018.49,0.00086209634815404,-0.0062097770073926695,-0.0021505393606381373,0.0027960724209303844,-0.004067986010789282
BTC/USDT,2025-12-19 04:20:00+00:00,2025-12-19 04:37:00+00:00,trailing_prob_drop,-0.0363869281057214,17.0,87206.03,87014.5,0.00086209634815404,-0.0062097770073926695,-0.002196293077439737,0.0028420550597889616,-0.004022318119393908
BTC/USDT,2025-12-19 04:20:00+00:00,2025-12-19 04:38:00+00:00,prob_floor,-0.0194321228322485,18.0,87206.03,86995.08,0.00086209634815404,-0.0062097770073926695,-0.002418984100067356,0.0030659205095275865,-0.0037999850106466004
BTC/USDT,2025-12-19 04:20:00+00:00,2025-12-19 04:39:00+00:00,trailing_prob_drop,-0.0198921228852137,19.0,87206.03,87029.18,0.00086209634815404,-0.0062097770073926695,-0.0020279560943206043,0.002672896607781583,-0.0041903186954076466
BTC/USDT,2025-12-19 04:20:00+00:00,2025-12-19 04:40:00+00:00,prob_floor,-0.0211531230304385,20.0,87206.03,87024.58,0.00086209634815404,-0.0062097770073926695,-0.002080704740257011,0.002725896522568716,-0.004137681560772877
BTC/USDT,2025-12-19 04:20:00+00:00,2025-12-19 04:41:00+00:00,trailing_prob_drop,-0.023349123283445,21.0,87206.03,87011.97,0.00086209634815404,-0.0062097770073926695,-0.0022253048327047775,0.002871214155937496,-0.003993358614912457
BTC/USDT,2025-12-19 04:20:00+00:00,2025-12-19 04:42:00+00:00,prob_floor,-0.0239321233506353,22.0,87206.03,86990.01,0.00086209634815404,-0.0062097770073926695,-0.0024771222815670457,0.003124381753720984,-0.0037419239289659956
BTC/USDT,2025-12-19 04:20:00+00:00,2025-12-19 04:43:00+00:00,trailing_prob_drop,-0.0241441233750699,23.0,87206.03,86984.18,0.00086209634815404,-0.0062097770073926695,-0.0025439754567431194,0.00319161484306707,-0.00367515104470717
BTC/USDT,2025-12-19 04:20:00+00:00,2025-12-19 04:44:00+00:00,trailing_prob_drop,-0.0164701224913291,24.0,87206.03,86990.0,0.00086209634815404,-0.0062097770073926695,-0.0024772369525364324,0.0031244970686286067,-0.003741809403379648
BTC/USDT,2025-12-19 04:20:00+00:00,2025-12-19 04:45:00+00:00,trailing_prob_drop,-0.0145971222758672,25.0,87206.03,87048.55,0.00086209634815404,-0.0062097770073926695,-0.0018058384265399186,0.0024497823341111946,-0.0044119057698261965
BTC/USDT,2025-12-19 04:20:00+00:00,2025-12-19 04:46:00+00:00,trailing_prob_drop,-0.0179131226573849,26.0,87206.03,87077.53,0.00086209634815404,-0.0062097770073926695,-0.0014735219571399005,0.0021161601620993675,-0.004743244324913687
BTC/USDT,2025-12-19 04:20:00+00:00,2025-12-19 04:47:00+00:00,prob_floor,-0.0146491222818481,27.0,87206.03,87044.37,0.00086209634815404,-0.0062097770073926695,-0.0018537708917606421,0.002497921462353059,-0.00436409615004385
BTC/USDT,2025-12-19 04:20:00+00:00,2025-12-19 04:48:00+00:00,trailing_prob_drop,-0.0105291218082284,28.0,87206.03,87077.0,0.00086209634815404,-0.0062097770073926695,-0.0014795995185195032,0.002122259609311339,-0.0047371866279269925
BTC/USDT,2025-12-19 04:20:00+00:00,2025-12-19 04:49:00+00:00,trailing_prob_drop,-0.0166631225135339,29.0,87206.03,87118.2,0.00086209634815404,-0.0062097770073926695,-0.001007155124479353,0.001648335250269195,-0.00520786701286291
BTC/USDT,2025-12-19 04:20:00+00:00,2025-12-19 04:50:00+00:00,prob_floor,-0.0177511226387414,30.0,87206.03,87056.87,0.00086209634815404,-0.0062097770073926695,-0.0017104321799765732,0.002353978497044551,-0.0045070538373364055
BTC/USDT,2025-12-19 04:20:00+00:00,2025-12-19 04:51:00+00:00,trailing_prob_drop,-0.0128471220746406,31.0,87206.03,87045.98,0.00086209634815404,-0.0062097770073926695,-0.0018353088656828387,0.002479379288969019,-0.004382511403743128
BTC/USDT,2025-12-19 04:20:00+00:00,2025-12-19 04:54:00+00:00,trailing_prob_drop,-0.0151731223421195,34.0,87206.03,87099.65,0.00086209634815404,-0.0062097770073926695,-0.0012198697727668906,0.0018616607529422513,-0.004996001706091713
BTC/USDT,2025-12-19 04:20:00+00:00,2025-12-19 04:58:00+00:00,trailing_prob_drop,-0.0120161219791153,38.0,87206.03,87101.75,0.00086209634815404,-0.0062097770073926695,-0.0011957888691871421,0.0018375061350661692,-0.005019990987551903
BTC/USDT,2025-12-19 04:20:00+00:00,2025-12-19 05:01:00+00:00,trailing_prob_drop,-0.0184871227234571,41.0,87206.03,87103.71,0.00086209634815404,-0.0062097770073926695,-0.001173313359179362,0.0012849050861323263,-0.005042379939959041
BTC/USDT,2025-12-19 04:20:00+00:00,2025-12-19 05:02:00+00:00,trailing_prob_drop,-0.007560121467198,42.0,87206.03,87038.63,0.00086209634815404,-0.0062097770073926695,-0.0019195920282117918,0.0020335798024393448,-0.004298436223088564
BTC/USDT,2025-12-19 04:20:00+00:00,2025-12-19 05:03:00+00:00,trailing_prob_drop,-0.0132151221169512,43.0,87206.03,87147.9,0.00086209634815404,-0.0062097770073926695,-0.0006665823452804975,0.0007771845334196836,-0.005546892122472169
BTC/USDT,2025-12-19 04:20:00+00:00,2025-12-19 05:04:00+00:00,prob_floor,-0.015250122350974,44.0,87206.03,87091.35,0.00086209634815404,-0.0062097770073926695,-0.0013150466773913516,0.0014270073893676294,-0.004901175604695607
BTC/USDT,2025-12-19 04:20:00+00:00,2025-12-19 05:05:00+00:00,trailing_prob_drop,-0.0273181237410479,45.0,87206.03,87070.99,0.00086209634815404,-0.0062097770073926695,-0.001548516771145203,0.0016611732564428827,-0.004668489470488479
BTC/USDT,2025-12-19 04:20:00+00:00,2025-12-19 05:06:00+00:00,prob_floor,-0.0350261246309274,46.0,87206.03,86968.01,0.00086209634815404,-0.0062097770073926695,-0.0027293984143069716,0.002847253835059682,-0.0034899039313420754
BTC/USDT,2025-12-19 04:20:00+00:00,2025-12-19 05:07:00+00:00,prob_floor,-0.0275361237661919,47.0,87206.03,86873.24,0.00086209634815404,-0.0062097770073926695,-0.003816135191568648,0.003941259702067157,-0.002402811268464311
BTC/USDT,2025-12-19 04:20:00+00:00,2025-12-19 05:08:00+00:00,prob_floor,-0.0309501241601591,48.0,87206.03,86948.13,0.00086209634815404,-0.0062097770073926695,-0.0029573643015281537,0.00307654690215875,-0.003262059805081541
BTC/USDT,2025-12-19 04:20:00+00:00,2025-12-19 05:09:00+00:00,prob_floor,-0.0294161239831013,49.0,87206.03,86914.0,0.00086209634815404,-0.0062097770073926695,-0.0033487363201833986,0.003470442046160649,-0.0028706537496836493
BTC/USDT,2025-12-19 04:20:00+00:00,2025-12-19 05:10:00+00:00,prob_floor,-0.0271531237220138,50.0,87206.03,86914.43,0.00086209634815404,-0.0062097770073926695,-0.0033438054684981067,0.0034654774817024503,-0.0028755869422372182
BTC/USDT,2025-12-19 04:20:00+00:00,2025-12-19 05:11:00+00:00,prob_floor,-0.0246281234308596,51.0,87206.03,86951.96,0.00086209634815404,-0.0062097770073926695,-0.0029134453202375177,0.0030323640778195937,-0.003305963430841663
BTC/USDT,2025-12-19 04:20:00+00:00,2025-12-19 05:12:00+00:00,prob_floor,-0.0287131239019803,52.0,87206.03,86977.22,0.00086209634815404,-0.0062097770073926695,-0.0026237864514644382,0.002741062544882489,-0.003595424181182194
BTC/USDT,2025-12-19 04:20:00+00:00,2025-12-19 05:13:00+00:00,prob_floor,-0.0231441232598208,53.0,87206.03,86936.37,0.00086209634815404,-0.0062097770073926695,-0.003092217361574723,0.003212234419265547,-0.0031272297198513543
BTC/USDT,2025-12-19 04:20:00+00:00,2025-12-19 05:14:00+00:00,prob_floor,-0.0267611236768019,54.0,87206.03,86992.05,0.00086209634815404,-0.0062097770073926695,-0.0024537294038038393,0.0025701199132563968,-0.003765286598028217
BTC/USDT,2025-12-19 04:20:00+00:00,2025-12-19 05:15:00+00:00,prob_floor,-0.0276381237779584,55.0,87206.03,86955.89,0.00086209634815404,-0.0062097770073926695,-0.002868379629252682,0.002987031700785403,-0.0033510093450829226
BTC/USDT,2025-12-19 04:20:00+00:00,2025-12-19 05:16:00+00:00,prob_floor,-0.0297211240183005,56.0,87206.03,86935.99,0.00086209634815404,-0.0062097770073926695,-0.0030965748584128594,0.0032166194921112723,-0.0031228723570065897
BTC/USDT,2025-12-19 04:20:00+00:00,2025-12-19 05:17:00+00:00,prob_floor,-0.0352571246576188,57.0,87206.03,86926.28,0.00086209634815404,-0.0062097770073926695,-0.0032079203697267245,0.0033286826492517907,-0.0030115173455024236
BTC/USDT,2025-12-19 04:20:00+00:00,2025-12-19 05:18:00+00:00,prob_floor,-0.0362901247770054,58.0,87206.03,86870.92,0.00086209634815404,-0.0062097770073926695,-0.0038427388564759024,0.00396807124869869,-0.0023761691484330827
BTC/USDT,2025-12-19 04:20:00+00:00,2025-12-19 05:19:00+00:00,prob_floor,-0.0374401249099456,59.0,87206.03,86861.95,0.00086209634815404,-0.0062097770073926695,-0.003945598716052157,0.004071748331691882,-0.0022731472180856915
BTC/USDT,2025-12-19 04:20:00+00:00,2025-12-19 05:20:00+00:00,prob_floor,-0.0393111251263064,60.0,87206.03,86852.89,0.00086209634815404,-0.0062097770073926695,-0.004049490614353113,0.004176487391496231,-0.0021690700217344983
BTC/USDT,2025-12-19 04:20:00+00:00,2025-12-19 05:21:00+00:00,prob_floor,-0.0384321250246476,61.0,87206.03,86841.7,0.00086209634815404,-0.0062097770073926695,-0.0041778074291422,0.004305880700170572,-0.002040494370791901
BTC/USDT,2025-12-19 04:20:00+00:00,2025-12-19 05:22:00+00:00,trailing_prob_drop,-0.0395741251567278,62.0,87206.03,86839.17,0.00086209634815404,-0.0062097770073926695,-0.004206819184407351,0.004335140467141896,-0.0020114195011305958
BTC/USDT,2025-12-19 04:20:00+00:00,2025-12-19 05:23:00+00:00,prob_floor,-0.0398211251852998,63.0,87206.03,86827.76,0.00086209634815404,-0.0062097770073926695,-0.004337658760523833,0.004467119732214808,-0.0018802742348760226
BTC/USDT,2025-12-19 04:20:00+00:00,2025-12-19 05:24:00+00:00,prob_floor,-0.0317751242554085,64.0,87206.03,86825.28,0.00086209634815404,-0.0062097770073926695,-0.004366097160941718,0.004495810436776049,-0.00185176483162508
BTC/USDT,2025-12-19 04:20:00+00:00,2025-12-19 05:25:00+00:00,trailing_prob_drop,-0.0362161247684502,65.0,87206.03,86905.74,0.00086209634815404,-0.0062097770073926695,-0.003443454540930202,0.003565817401704363,-0.0027758810867959394
BTC/USDT,2025-12-19 04:20:00+00:00,2025-12-19 05:26:00+00:00,prob_floor,-0.0416621253983116,66.0,87206.03,86861.34,0.00086209634815404,-0.0062097770073926695,-0.003952593645187186,0.004078799613268735,-0.002266140494724067
BTC/USDT,2025-12-19 04:20:00+00:00,2025-12-19 05:27:00+00:00,prob_floor,-0.0453501258252953,67.0,87206.03,86806.87,0.00086209634815404,-0.0062097770073926695,-0.004577206415657287,0.004708843896802373,-0.0016400775652893884
BTC/USDT,2025-12-19 04:20:00+00:00,2025-12-19 05:28:00+00:00,prob_floor,-0.0458561258839096,68.0,87206.03,86769.99,0.00086209634815404,-0.0062097770073926695,-0.005000112950904856,0.005135877046891446,-0.0012157429083489157
BTC/USDT,2025-12-19 04:20:00+00:00,2025-12-19 05:29:00+00:00,prob_floor,-0.0440921256796067,69.0,87206.03,86765.67,0.00086209634815404,-0.0062097770073926695,-0.005049650809697437,0.005185922035754631,-0.001166014162052753
BTC/USDT,2025-12-19 04:20:00+00:00,2025-12-19 05:30:00+00:00,prob_floor,-0.0440961256800707,70.0,87206.03,86782.58,0.00086209634815404,-0.0062097770073926695,-0.004855742200395974,0.004990056760239225,-0.0013606417324767417
BTC/USDT,2025-12-19 04:20:00+00:00,2025-12-19 05:31:00+00:00,prob_floor,-0.0495491263118862,71.0,87206.03,86782.53,0.00086209634815404,-0.0062097770073926695,-0.004856315555243129,0.0049906357881015495,-0.001360066363587209
BTC/USDT,2025-12-19 04:20:00+00:00,2025-12-19 05:32:00+00:00,prob_floor,-0.0479731261292022,72.0,87206.03,86735.62,0.00086209634815404,-0.0062097770073926695,-0.005394237072826269,0.005534173849221391,-0.0008199630094302135
BTC/USDT,2025-12-19 04:20:00+00:00,2025-12-19 05:33:00+00:00,prob_floor,-0.0520731266046023,73.0,87206.03,86743.76,0.00086209634815404,-0.0062097770073926695,-0.00530089490371255,0.00543981492155754,-0.0009137256674139893
BTC/USDT,2025-12-19 04:20:00+00:00,2025-12-19 05:34:00+00:00,prob_floor,-0.0449511257790851,74.0,87206.03,86707.8,0.00086209634815404,-0.0062097770073926695,-0.005713251709772771,0.005856797197022701,-0.0004993783719573486
BTC/USDT,2025-12-19 04:20:00+00:00,2025-12-19 05:35:00+00:00,prob_floor,-0.0439281256606171,75.0,87206.03,86773.98,0.00086209634815404,-0.0062097770073926695,-0.004954359234103478,0.005089659365630217,-0.0012616685324332577
BTC/USDT,2025-12-19 04:20:00+00:00,2025-12-19 05:36:00+00:00,trailing_prob_drop,-0.0400661252136416,76.0,87206.03,86791.82,0.00086209634815404,-0.0062097770073926695,-0.004749786224645169,0.0048830638647743285,-0.0014669585221280812
BTC/USDT,2025-12-19 04:20:00+00:00,2025-12-19 05:37:00+00:00,trailing_prob_drop,-0.0319941242806962,77.0,87206.03,86822.83,0.00086209634815404,-0.0062097770073926695,-0.004394191548451332,0.004524155685780018,-0.0018235987009407317
BTC/USDT,2025-12-19 04:20:00+00:00,2025-12-19 05:38:00+00:00,trailing_prob_drop,-0.0341891245342179,78.0,87206.03,86903.55,0.00086209634815404,-0.0062097770073926695,-0.0034685674832347635,0.0035911076129802044,-0.002750750688550685
BTC/USDT,2025-12-19 04:20:00+00:00,2025-12-19 05:40:00+00:00,trailing_prob_drop,-0.0292291239615235,80.0,87206.03,86943.25,0.00086209634815404,-0.0062097770073926695,-0.0030133237346087194,0.0031328481509491635,-0.003206114333200061
BTC/USDT,2025-12-19 04:20:00+00:00,2025-12-19 05:50:00+00:00,time_limit,-0.0160411207999986,90.0,87206.03,87063.07,0.00086209634815404,-0.0062097770073926695,-0.0016393361789315275,0.0017522929067399495,-0.00457794562034175
BTC/USDT,2025-12-19 05:51:00+00:00,2025-12-19 05:51:00+00:00,cooldown_after_loss,0.0,,87070.11,87070.11,0.0016712968434289266,-0.004658429856123969,0.0,0.0016712968434289266,-0.004658429856123969
BTC/USDT,2025-12-19 05:55:00+00:00,2025-12-19 05:55:00+00:00,dry_run,0.0,,87124.76,87124.76,0.003209879717315678,-0.005282769215088745,0.0,0.003209879717315678,-0.005282769215088745
BTC/USDT,2025-12-19 05:55:00+00:00,2025-12-19 05:58:00+00:00,trailing_prob_drop,0.0001017119999243,3.0,87124.76,87066.42,0.003209879717315678,-0.005282769215088745,-0.000669614470100055,0.004087683862504132,-0.004616245850007417
BTC/USDT,2025-12-19 05:55:00+00:00,2025-12-19 05:59:00+00:00,gate_close,-0.0075003432612155,4.0,87124.76,87139.95,0.003209879717315678,-0.005282769215088745,0.00017434768256463506,0.0035609384673735978,-0.005456165627820475
BTC/USDT,2025-12-19 05:55:00+00:00,2025-12-19 06:00:00+00:00,gate_close,-0.0113653437056533,5.0,87124.76,87059.57,0.003209879717315678,-0.005282769215088745,-0.0007482373552591959,0.007495097896761838,-0.004537927306555778
BTC/USDT,2025-12-19 05:55:00+00:00,2025-12-19 06:04:00+00:00,prob_trailing,0.0012366573999993,9.0,87124.76,87034.33,0.003209879717315678,-0.005282769215088745,-0.00103793686203546,0.019400620421849757,-0.0042492427987899095
BTC/USDT,2025-12-19 06:06:00+00:00,2025-12-19 06:06:00+00:00,dry_run,0.0,,87160.01,87160.01,0.017930700099736185,-0.005685061302769356,0.0,0.017930700099736185,-0.005685061302769356
BTC/USDT,2025-12-19 06:06:00+00:00,2025-12-19 06:07:00+00:00,prob_floor,-0.0060786924976964,1.0,87160.01,87134.59,0.017930700099736185,-0.005685061302769356,-0.0002916475112840766,0.018227663663764382,-0.0053949872260832255
BTC/USDT,2025-12-19 06:06:00+00:00,2025-12-19 06:08:00+00:00,prob_floor,-0.0052906924071792,2.0,87160.01,87091.26,0.017930700099736185,-0.005685061302769356,-0.0007887791660418086,0.018734256456962584,-0.004900147270805344
BTC/USDT,2025-12-19 06:06:00+00:00,2025-12-19 06:11:00+00:00,prob_floor,-0.008519692778197,5.0,87160.01,87050.02,0.017930700099736185,-0.005685061302769356,-0.0012619319341518054,0.0192168824315031,-0.004428718109427243
BTC/USDT,2025-12-19 06:06:00+00:00,2025-12-19 06:18:00+00:00,prob_floor,-0.0244236946096042,12.0,87160.01,86924.31,0.017930700099736185,-0.005685061302769356,-0.0027042218099790905,0.02069087462414143,-0.002988922201395683
BTC/USDT,2025-12-19 06:06:00+00:00,2025-12-19 06:19:00+00:00,prob_floor,-0.0194936940411782,13.0,87160.01,86907.81,0.017930700099736185,-0.005685061302769356,-0.0028935288098291823,0.020884659272854877,-0.002715406129782716
BTC/USDT,2025-12-19 06:06:00+00:00,2025-12-19 06:20:00+00:00,prob_floor,-0.0213686942572885,14.0,87160.01,86957.11,0.017930700099736185,-0.005685061302769356,-0.0023279024405802318,0.02030587263077166,-0.0005670611638312062
BTC/USDT,2025-12-19 06:06:00+00:00,2025-12-19 06:21:00+00:00,prob_floor,-0.0116186931345319,15.0,87160.01,86938.36,0.017930700099736185,-0.005685061302769356,-0.0025430240313188968,0.020525922044078104,-0.00014780587073426332
BTC/USDT,2025-12-19 06:06:00+00:00,2025-12-19 06:22:00+00:00,prob_floor,-0.018311693904991,16.0,87160.01,87035.86,0.017930700099736185,-0.005685061302769356,-0.0014243917594777278,0.019382700417965637,-0.0012678682097242433
BTC/USDT,2025-12-19 06:06:00+00:00,2025-12-19 06:23:00+00:00,prob_floor,-0.0226526944053372,17.0,87160.01,86968.93,0.017930700099736185,-0.005685061302769356,-0.00219228978977859,0.020167202241076376,-0.0004992587582715036
BTC/USDT,2025-12-19 06:06:00+00:00,2025-12-19 06:24:00+00:00,prob_floor,-0.017004693754443,18.0,87160.01,86925.52,0.017930700099736185,-0.005685061302769356,-0.0026903392966567408,0.0206766666451923,-1.1504101449233417e-07
BTC/USDT,2025-12-19 06:06:00+00:00,2025-12-19 06:25:00+00:00,prob_floor,-0.0133376933323,19.0,87160.01,86982.0,0.017930700099736185,-0.005685061302769356,-0.002042335699594333,0.02001391092409932,-0.000649444712699232
BTC/USDT,2025-12-19 06:06:00+00:00,2025-12-19 06:30:00+00:00,prob_floor,-0.0192036940077621,24.0,87160.01,86964.89,0.017930700099736185,-0.005685061302769356,-0.002238641321863022,0.020214594648484185,-5.6114599811585286e-05
BTC/USDT,2025-12-19 06:06:00+00:00,2025-12-19 06:38:00+00:00,gate_close,-0.0133976933392064,32.0,87160.01,87061.6,0.017930700099736185,-0.005685061302769356,-0.0011290728397115313,0.0190813171363724,-0.000701916803734326
BTC/USDT,2025-12-19 06:06:00+00:00,2025-12-19 06:44:00+00:00,gate_close,-0.003301692178778,38.0,87160.01,87124.11,0.017930700099736185,-0.005685061302769356,-0.00041188613906761873,0.018350144408935787,-0.0006608962777353566
BTC/USDT,2025-12-19 06:06:00+00:00,2025-12-19 06:46:00+00:00,gate_close,-0.0024296920786771,40.0,87160.01,87114.66,0.017930700099736185,-0.005685061302769356,-0.0005203074207998926,0.018460612714323865,-0.00046318266064526714
BTC/USDT,2025-12-19 06:06:00+00:00,2025-12-19 06:52:00+00:00,gate_close,0.0025873079999988,46.0,87160.01,87123.17,0.017930700099736185,-0.005685061302769356,-0.0004226709014832908,0.018361131717314683,-0.00039449896049459365
BTC/USDT,2025-12-19 06:54:00+00:00,2025-12-19 06:54:00+00:00,dry_run,0.0,,87199.99,87199.99,0.017463992828439467,-0.0012751148251278765,0.0,0.017463992828439467,-0.0012751148251278765
BTC/USDT,2025-12-19 06:54:00+00:00,2025-12-19 06:55:00+00:00,gate_close,0.0039136868477165,1.0,87199.99,87365.69,0.017463992828439467,-0.0012751148251278765,0.0019002295757144516,0.015534244621658644,-0.0031693219615159807
BTC/USDT,2025-12-19 06:54:00+00:00,2025-12-19 06:56:00+00:00,gate_close,-0.0051673141914392,2.0,87199.99,87422.31,0.017463992828439467,-0.0012751148251278765,0.0025495415767822216,0.014876522937909087,-0.0036746912773181206
BTC/USDT,2025-12-19 06:54:00+00:00,2025-12-19 06:57:00+00:00,gate_close,2.6686403185463255e-05,3.0,87199.99,87331.51,0.017463992828439467,-0.0012751148251278765,0.001508257053699058,0.01593170666578425,-0.0026387955504261207
BTC/USDT,2025-12-19 06:54:00+00:00,2025-12-19 06:59:00+00:00,take_profit,0.0276736895564378,5.0,87199.99,87450.25,0.017463992828439467,-0.0012751148251278765,0.0028699544575634395,0.014552274007221255,-0.003993013170345505
BTC/USDT,2025-12-19 06:54:00+00:00,2025-12-19 07:00:00+00:00,take_profit,0.0199496862000001,6.0,87199.99,87574.02,0.017463992828439467,-0.0012751148251278765,0.004289335354281665,0.013118388307399753,-0.005400688469023196
BTC/USDT,2025-12-19 07:09:00+00:00,2025-12-19 07:09:00+00:00,dry_run,0.0,,88017.64,88017.64,0.004512050084505725,-0.010413594365856649,0.0,0.004512050084505725,-0.010413594365856649
BTC/USDT,2025-12-19 07:09:00+00:00,2025-12-19 07:10:00+00:00,take_profit,0.0113638300855187,1.0,88017.64,88035.41,0.004512050084505725,-0.010413594365856649,0.00020189134814341259,0.004309288728251426,-0.010613342971879214
BTC/USDT,2025-12-19 07:09:00+00:00,2025-12-19 07:11:00+00:00,gate_close,0.000211828824121,2.0,88017.64,88389.87,0.004512050084505725,-0.010413594365856649,0.004229038633619231,0.0002818196248055571,-0.014580969516076903
BTC/USDT,2025-12-19 07:09:00+00:00,2025-12-19 07:12:00+00:00,gate_close,9.282881064354956e-05,3.0,88017.64,88278.36,0.004512050084505725,-0.010413594365856649,0.002962133499603059,0.0012631634751709697,-0.013336224189031132
BTC/USDT,2025-12-19 07:09:00+00:00,2025-12-19 07:14:00+00:00,gate_close,-0.0178071732207528,5.0,88017.64,88156.4,0.004512050084505725,-0.010413594365856649,0.0015765021647933253,0.0012328089622535288,-0.01197122387030325
BTC/USDT,2025-12-19 07:09:00+00:00,2025-12-19 07:15:00+00:00,gate_close,-0.014473172841766,6.0,88017.64,88098.17,0.004512050084505725,-0.010413594365856649,0.0009149302344393373,0.0010932122653626308,-0.011318169265036926
BTC/USDT,2025-12-19 07:09:00+00:00,2025-12-19 07:16:00+00:00,gate_close,-0.0276231743382386,7.0,88017.64,88167.41,0.004512050084505725,-0.010413594365856649,0.0017015907265862662,3.9924049033412956e-05,-0.012094605024691174
BTC/USDT,2025-12-19 07:09:00+00:00,2025-12-19 07:17:00+00:00,gate_close,-0.0410441758701718,8.0,88017.64,88000.01,0.004512050084505725,-0.010413594365856649,-0.00020030075789356783,0.001494318012009277,-0.010215339748256835
BTC/USDT,2025-12-19 07:09:00+00:00,2025-12-19 07:18:00+00:00,gate_close,-0.0291341745104773,9.0,88017.64,87865.8,0.004512050084505725,-0.010413594365856649,-0.0017251087395662168,0.0029505222737402637,-0.008703500110395668
BTC/USDT,2025-12-19 07:09:00+00:00,2025-12-19 07:21:00+00:00,trailing_prob_drop,-0.0304431746597374,12.0,88017.64,87898.79,0.004512050084505725,-0.010413594365856649,-0.0013502975085449842,0.0025740968675451725,-0.009075551551961047
BTC/USDT,2025-12-19 07:09:00+00:00,2025-12-19 07:22:00+00:00,trailing_prob_drop,-0.0377311754915748,13.0,88017.64,87971.8,0.004512050084505725,-0.010413594365856649,-0.000520804693241006,0.0017420355159267764,-0.009897944568600492
BTC/USDT,2025-12-19 07:09:00+00:00,2025-12-19 07:24:00+00:00,prob_floor,-0.0388241756164458,15.0,88017.64,87829.99,0.004512050084505725,-0.010413594365856649,-0.002131959002763417,0.0033594447636848823,-0.002458158084727158
BTC/USDT,2025-12-19 07:09:00+00:00,2025-12-19 07:25:00+00:00,prob_floor,-0.0357861752694435,16.0,88017.64,87887.99,0.004512050084505725,-0.010413594365856649,-0.0014730001849628804,0.002697296866158716,-0.003116466766392212
BTC/USDT,2025-12-19 07:09:00+00:00,2025-12-19 07:26:00+00:00,prob_floor,-0.0388407144009166,17.0,88017.64,87910.33,0.004512050084505725,-0.010413594365856649,-0.001219187426520385,0.002442488840617596,-0.0033697973833110018
BTC/USDT,2025-12-19 07:09:00+00:00,2025-12-19 07:27:00+00:00,prob_floor,-0.0357351752636178,18.0,88017.64,87901.8,0.004512050084505725,-0.010413594365856649,-0.0013160998181728223,0.002539765966112162,-0.0032730842826882434
BTC/USDT,2025-12-19 07:09:00+00:00,2025-12-19 07:28:00+00:00,prob_floor,-0.0322901748704198,19.0,88017.64,87918.38,0.004512050084505725,-0.010413594365856649,-0.0011277284871531457,0.0023507030043092847,-0.0034610510339250222
BTC/USDT,2025-12-19 07:09:00+00:00,2025-12-19 07:29:00+00:00,prob_floor,-0.0352251752053914,20.0,88017.64,87953.33,0.004512050084505725,-0.010413594365856649,-0.0007306489926337534,0.001952399073463118,-0.002382627241060642
BTC/USDT,2025-12-19 07:09:00+00:00,2025-12-19 07:30:00+00:00,prob_floor,-0.0347426513533391,21.0,88017.64,87923.98,0.004512050084505725,-0.010413594365856649,-0.0010641048771588002,0.002286861900473669,-0.0020496114939291266
BTC/USDT,2025-12-19 07:09:00+00:00,2025-12-19 07:31:00+00:00,prob_floor,-0.0532461772670256,22.0,88017.64,87932.95,0.004512050084505725,-0.010413594365856649,-0.0009621934875782001,0.002184619076239347,-0.002151411956496374
BTC/USDT,2025-12-19 07:09:00+00:00,2025-12-19 07:32:00+00:00,prob_floor,-0.0497811768699663,23.0,88017.64,87743.78,0.004512050084505725,-0.010413594365856649,-0.003111421755911614,0.0043452652712250295,-1.1396819232789568e-07
BTC/USDT,2025-12-19 07:09:00+00:00,2025-12-19 07:33:00+00:00,prob_floor,-0.0518981771125193,24.0,88017.64,87769.57,0.004512050084505725,-0.010413594365856649,-0.002818412309168794,0.004050150866638624,-0.0002939515369621004
BTC/USDT,2025-12-19 07:09:00+00:00,2025-12-19 07:34:00+00:00,trailing_prob_drop,-0.0435671761586802,25.0,88017.64,87777.87,0.004512050084505725,-0.010413594365856649,-0.002724113030069919,0.003955211034398554,-0.0006029993664689037
BTC/USDT,2025-12-19 07:09:00+00:00,2025-12-19 07:35:00+00:00,prob_floor,-0.0388771756225015,26.0,88017.64,87840.56,0.004512050084505725,-0.010413594365856649,-0.002011869438898861,0.0035351550582098934,-0.0013162484392175156
BTC/USDT,2025-12-19 07:09:00+00:00,2025-12-19 07:36:00+00:00,trailing_prob_drop,-0.037861175506427,27.0,88017.64,87883.73,0.004512050084505725,-0.010413594365856649,-0.001521399573994553,0.003085098914213269,-0.0018068190778883775
BTC/USDT,2025-12-19 07:09:00+00:00,2025-12-19 07:37:00+00:00,trailing_prob_drop,-0.0426241760508251,28.0,88017.64,87889.62,0.004512050084505725,-0.010413594365856649,-0.0014544811699109816,0.0030178762861872155,-0.0018737138697378919
BTC/USDT,2025-12-19 07:09:00+00:00,2025-12-19 07:38:00+00:00,prob_floor,-0.0431921761157879,29.0,88017.64,87827.46,0.004512050084505725,-0.010413594365856649,-0.00216070324085027,0.0037277635035783963,-0.0011672886816948003
BTC/USDT,2025-12-19 07:09:00+00:00,2025-12-19 07:39:00+00:00,trailing_prob_drop,-0.0411151758782862,30.0,88017.64,87844.32,0.004512050084505725,-0.010413594365856649,-0.001969150729331015,0.003535117580738323,-0.001358995094958959
BTC/USDT,2025-12-19 07:09:00+00:00,2025-12-19 07:40:00+00:00,trailing_prob_drop,-0.0462331764637219,31.0,88017.64,87870.54,0.004512050084505725,-0.010413594365856649,-0.0016712558982495684,0.0032356692015322874,-0.0016569831026416182
BTC/USDT,2025-12-19 07:09:00+00:00,2025-12-19 07:41:00+00:00,trailing_prob_drop,-0.0445981762766227,32.0,88017.64,87813.91,0.004512050084505725,-0.010413594365856649,-0.0023146496543192674,0.003882642282982296,-0.0010131652263292157
BTC/USDT,2025-12-19 07:09:00+00:00,2025-12-19 07:42:00+00:00,trailing_prob_drop,-0.0475691766166555,33.0,88017.64,87830.26,0.004512050084505725,-0.010413594365856649,-0.002128891435853153,0.00369576499033486,-0.0011991311422736572
BTC/USDT,2025-12-19 07:09:00+00:00,2025-12-19 07:43:00+00:00,prob_floor,-0.0485941767340201,34.0,88017.64,87800.54,0.004512050084505725,-0.010413594365856649,-0.0024665510231812737,0.00403551048774875,-0.000861042540284962
BTC/USDT,2025-12-19 07:09:00+00:00,2025-12-19 07:44:00+00:00,prob_floor,-0.0446761762855467,35.0,88017.64,87791.14,0.004512050084505725,-0.010413594365856649,-0.0025733477971007224,0.004143014887379337,-0.0007540624258893791
BTC/USDT,2025-12-19 07:09:00+00:00,2025-12-19 07:45:00+00:00,prob_floor,-0.0499371768878356,36.0,88017.64,87829.48,0.004512050084505725,-0.010413594365856649,-0.002137753295816669,0.003704678656870186,-0.0011902609465522795
BTC/USDT,2025-12-19 07:09:00+00:00,2025-12-19 07:46:00+00:00,prob_floor,-0.0426871760580303,37.0,88017.64,87781.91,0.004512050084505725,-0.010413594365856649,-0.0026782131400023834,0.004248597461595338,-0.0006489947644110483
BTC/USDT,2025-12-19 07:09:00+00:00,2025-12-19 07:47:00+00:00,gate_close,-0.0476231766228358,38.0,88017.64,87849.37,0.004512050084505725,-0.010413594365856649,-0.0019117758667467344,0.008947588354930813,-0.0014164017340134727
BTC/USDT,2025-12-19 07:09:00+00:00,2025-12-19 07:48:00+00:00,trailing_prob_drop,-0.046180176457656,39.0,88017.64,87800.01,0.004512050084505725,-0.010413594365856649,-0.002472572543412932,0.009514805294441375,-0.000855011292139829
BTC/USDT,2025-12-19 07:09:00+00:00,2025-12-19 07:49:00+00:00,trailing_prob_drop,-0.0455841763894448,40.0,88017.64,87814.43,0.004512050084505725,-0.010413594365856649,-0.0023087417476770344,0.009349032955062286,-0.0010190808048289313
BTC/USDT,2025-12-19 07:09:00+00:00,2025-12-19 07:50:00+00:00,trailing_prob_drop,-0.0416471759391105,41.0,88017.64,87820.4,0.004512050084505725,-0.010413594365856649,-0.002240914434879282,0.00928041776170474,-0.001086991177448482
BTC/USDT,2025-12-19 07:09:00+00:00,2025-12-19 07:51:00+00:00,trailing_prob_drop,-0.0330341749553111,42.0,88017.64,87859.77,0.004512050084505725,-0.010413594365856649,-0.0017936177338996329,0.008828158780747941,-0.001534604518086069
BTC/USDT,2025-12-19 07:09:00+00:00,2025-12-19 07:52:00+00:00,trailing_prob_drop,-0.0333441749906887,43.0,88017.64,87945.89,0.004512050084505725,-0.010413594365856649,-0.0008151775030550423,0.007840275423899978,-0.002512340258311041
BTC/USDT,2025-12-19 07:09:00+00:00,2025-12-19 07:53:00+00:00,trailing_prob_drop,-0.0344651751186296,44.0,88017.64,87942.79,0.004512050084505725,-0.010413594365856649,-0.0008503977157306997,0.007875801984449371,-0.002477178629424759
BTC/USDT,2025-12-19 07:09:00+00:00,2025-12-19 07:54:00+00:00,trailing_prob_drop,-0.0340181750676081,45.0,88017.64,87931.58,0.004512050084505725,-0.010413594365856649,-0.000977758549308927,0.008166804235747893,-0.002350008950140592
BTC/USDT,2025-12-19 07:09:00+00:00,2025-12-19 07:55:00+00:00,trailing_prob_drop,-0.0275261743271835,46.0,88017.64,87938.98,0.004512050084505725,-0.010413594365856649,-0.000893684493244784,0.008081967746271346,-0.0024339604575808194
BTC/USDT,2025-12-19 07:09:00+00:00,2025-12-19 07:56:00+00:00,gate_close,-0.0314831747783588,47.0,88017.64,88000.97,0.004512050084505725,-0.010413594365856649,-0.00018939385332306102,0.007371850560283555,-0.003136669970796868
BTC/USDT,2025-12-19 07:09:00+00:00,2025-12-19 07:57:00+00:00,trailing_prob_drop,-0.0323511748773795,48.0,88017.64,87961.6,0.004512050084505725,-0.010413594365856649,-0.0006366905543024881,0.007822731737485267,-0.002690492214784679
BTC/USDT,2025-12-19 07:09:00+00:00,2025-12-19 07:59:00+00:00,trailing_prob_drop,-0.0327051749177722,50.0,88017.64,87953.39,0.004512050084505725,-0.010413594365856649,-0.0007299673110980898,0.007916806845080115,-0.0025973984629813485
BTC/USDT,2025-12-19 07:09:00+00:00,2025-12-19 08:00:00+00:00,trailing_prob_drop,-0.0301291746239292,51.0,88017.64,87949.19,0.004512050084505725,-0.010413594365856649,-0.0007776850185939876,0.007964939756693656,-0.0025497676556202054
BTC/USDT,2025-12-19 07:09:00+00:00,2025-12-19 08:04:00+00:00,trailing_prob_drop,-0.041256175894406,55.0,88017.64,87872.04,0.004512050084505725,-0.010413594365856649,-0.0016542138598582001,0.008849914034088746,-0.0016740250937612444
BTC/USDT,2025-12-19 07:09:00+00:00,2025-12-19 08:05:00+00:00,trailing_prob_drop,-0.036323175330761,56.0,88017.64,87863.68,0.004512050084505725,-0.010413594365856649,-0.0017491948204928498,0.008945903472288075,-0.002323827092149955
BTC/USDT,2025-12-19 07:09:00+00:00,2025-12-19 08:06:00+00:00,trailing_prob_drop,-0.0325094048354364,57.0,88017.64,87913.0,0.004512050084505725,-0.010413594365856649,-0.0011888525981836873,0.008379875558790939,-0.002883532583349502
BTC/USDT,2025-12-19 07:09:00+00:00,2025-12-19 08:07:00+00:00,trailing_prob_drop,-0.0232451738395251,58.0,88017.64,87952.47,0.004512050084505725,-0.010413594365856649,-0.0007404197613114505,0.007927349851573284,-0.0033310036659572884
BTC/USDT,2025-12-19 07:09:00+00:00,2025-12-19 08:08:00+00:00,gate_close,-0.0229381738045715,59.0,88017.64,88040.2,0.004512050084505725,-0.010413594365856649,0.0002563122574066323,0.006922973823321632,-0.004324161008266603
BTC/USDT,2025-12-19 07:09:00+00:00,2025-12-19 08:09:00+00:00,gate_close,-0.0161761730353159,60.0,88017.64,88046.86,0.004512050084505725,-0.010413594365856649,0.0003319789078644053,0.006846808619864531,-0.004399475461135172
BTC/USDT,2025-12-19 07:09:00+00:00,2025-12-19 08:10:00+00:00,gate_close,-0.0191151733695161,61.0,88017.64,88125.04,0.004512050084505725,-0.010413594365856649,0.0012202099488238805,0.00595358595014539,-0.005282721006424462
BTC/USDT,2025-12-19 07:09:00+00:00,2025-12-19 08:11:00+00:00,trailing_prob_drop,-0.0319231748285502,62.0,88017.64,88085.08,0.004512050084505725,-0.010413594365856649,0.0007662100460772425,0.006409939117952623,-0.0048314652152214865
BTC/USDT,2025-12-19 07:09:00+00:00,2025-12-19 08:12:00+00:00,trailing_prob_drop,-0.0301551746268965,63.0,88017.64,87957.01,0.004512050084505725,-0.010413594365856649,-0.0006888391917801995,0.007875324547753415,-0.003382447857197435
BTC/USDT,2025-12-19 07:09:00+00:00,2025-12-19 08:13:00+00:00,trailing_prob_drop,-0.0309271747149371,64.0,88017.64,87974.68,0.004512050084505725,-0.010413594365856649,-0.0004880839795295966,0.007672889517756687,-0.0035826217270695793
BTC/USDT,2025-12-19 07:09:00+00:00,2025-12-19 08:14:00+00:00,trailing_prob_drop,-0.0290011744953141,65.0,88017.64,87966.96,0.004512050084505725,-0.010413594365856649,-0.0005757936704505751,0.007761323114951146,-0.003495175916048532
BTC/USDT,2025-12-19 07:09:00+00:00,2025-12-19 08:15:00+00:00,trailing_prob_drop,-0.0282831744134666,66.0,88017.64,87986.22,0.004512050084505725,-0.010413594365856649,-0.00035697389750510844,0.00754072626372615,-0.003713308743119148
BTC/USDT,2025-12-19 07:09:00+00:00,2025-12-19 08:17:00+00:00,trailing_prob_drop,-0.0281191743947731,68.0,88017.64,87995.04,0.004512050084505725,-0.010413594365856649,-0.0002567667117637784,0.007439737512477951,-0.0038131694695519025
BTC/USDT,2025-12-19 07:09:00+00:00,2025-12-19 08:18:00+00:00,prob_floor,-0.037140540179904,69.0,88017.64,87930.0,0.004512050084505725,-0.010413594365856649,-0.0009957094964145874,0.008184919822586068,-0.0030763107016945623
BTC/USDT,2025-12-19 07:09:00+00:00,2025-12-19 08:19:00+00:00,trailing_prob_drop,-0.0330721749596492,70.0,88017.64,87914.31,0.004512050084505725,-0.010413594365856649,-0.001173969217988624,0.008364849817964704,-0.002898390489557312
BTC/USDT,2025-12-19 07:09:00+00:00,2025-12-19 08:20:00+00:00,gate_close,-0.0357591752663587,71.0,88017.64,87947.89,0.004512050084505725,-0.010413594365856649,-0.0007924547851998476,0.007979838970554098,-0.0032791008402817123
BTC/USDT,2025-12-19 07:09:00+00:00,2025-12-19 08:21:00+00:00,trailing_prob_drop,-0.0363421753329324,72.0,88017.64,87918.64,0.004512050084505725,-0.010413594365856649,-0.0011247745338320847,0.008315187769055488,-0.0029474978229871995
BTC/USDT,2025-12-19 07:09:00+00:00,2025-12-19 08:22:00+00:00,trailing_prob_drop,-0.0374641754610773,73.0,88017.64,87912.81,0.004512050084505725,-0.010413594365856649,-0.0011910112563799924,0.008382054901896474,-0.002881377583084821
BTC/USDT,2025-12-19 07:09:00+00:00,2025-12-19 08:23:00+00:00,prob_floor,-0.0414861932181834,74.0,88017.64,87901.6,0.004512050084505725,-0.010413594365856649,-0.0013183720899582196,0.00851065282088137,-0.002754216077978211
BTC/USDT,2025-12-19 07:09:00+00:00,2025-12-19 08:24:00+00:00,prob_floor,-0.0448404757865685,75.0,88017.64,87869.71,0.004512050084505725,-0.010413594365856649,-0.0016806858261593227,0.008876665235380887,-0.002392291951344827
BTC/USDT,2025-12-19 07:09:00+00:00,2025-12-19 08:25:00+00:00,prob_floor,-0.0378341755033408,76.0,88017.64,87888.67,0.004512050084505725,-0.010413594365856649,-0.0014652744608921742,0.008659022829677676,-0.002607503333478589
BTC/USDT,2025-12-19 07:09:00+00:00,2025-12-19 08:26:00+00:00,prob_floor,-0.0367801753829534,77.0,88017.64,87897.9,0.004512050084505725,-0.010413594365856649,-0.0013604091179905131,0.00855310536429199,-0.0272353491949181
BTC/USDT,2025-12-19 07:09:00+00:00,2025-12-19 08:27:00+00:00,trailing_prob_drop,-0.0489291767723819,78.0,88017.64,87908.43,0.004512050084505725,-0.010413594365856649,-0.001240774008482881,0.00843229710734228,-0.027351870577144832
BTC/USDT,2025-12-19 07:09:00+00:00,2025-12-19 08:28:00+00:00,prob_floor,-0.0518311771048412,79.0,88017.64,87786.94,0.004512050084505725,-0.010413594365856649,-0.0026210655045965092,0.009827885560198313,-0.02600580450805101
BTC/USDT,2025-12-19 07:09:00+00:00,2025-12-19 08:29:00+00:00,prob_floor,-0.0493591768216299,80.0,88017.64,87757.92,0.004512050084505725,-0.010413594365856649,-0.002950772140675406,0.010161817873532097,-0.025683721765511258
BTC/USDT,2025-12-19 07:09:00+00:00,2025-12-19 08:31:00+00:00,prob_floor,-0.0519411771174465,82.0,88017.64,87754.82,0.004512050084505725,-0.010413594365856649,-0.0029859923533509525,0.010197502541740677,-0.025649303365900655
BTC/USDT,2025-12-19 07:09:00+00:00,2025-12-19 08:32:00+00:00,prob_floor,-0.0323431748764666,83.0,88017.64,87854.87,0.004512050084505725,-0.010413594365856649,-0.0018492883926449766,0.009047079575668304,-0.02675890363277522
BTC/USDT,2025-12-19 07:09:00+00:00,2025-12-19 08:33:00+00:00,trailing_prob_drop,-0.0210728158310834,84.0,88017.64,87952.81,0.004512050084505725,-0.010413594365856649,-0.0007365568992760974,0.00792345349739243,-0.02784265789802509
BTC/USDT,2025-12-19 07:09:00+00:00,2025-12-19 08:34:00+00:00,trailing_prob_drop,-0.0155111729597302,85.0,88017.64,88068.51,0.004512050084505725,-0.010413594365856649,0.0005779523286468802,0.006599294117727306,-0.029119829550880216
BTC/USDT,2025-12-19 07:09:00+00:00,2025-12-19 08:35:00+00:00,gate_close,-0.01994317346371,86.0,88017.64,88121.13,0.004512050084505725,-0.010413594365856649,0.0011757870354169864,0.00599822085803936,-0.02969957375716814
BTC/USDT,2025-12-19 07:09:00+00:00,2025-12-19 08:37:00+00:00,trailing_prob_drop,-0.0305191746684072,88.0,88017.64,88038.84,0.004512050084505725,-0.010413594365856649,0.00024086080926499776,0.0069385284949234904,-0.028792632887938985
BTC/USDT,2025-12-19 07:09:00+00:00,2025-12-19 08:38:00+00:00,trailing_prob_drop,-0.0288791744814054,89.0,88017.64,87977.26,0.004512050084505725,-0.010413594365856649,-0.00045877167349639425,0.00764333874458023,-0.02811283279338317
BTC/USDT,2025-12-19 07:09:00+00:00,2025-12-19 08:39:00+00:00,time_limit,-0.0288351714000011,90.0,88017.64,87987.44,0.004512050084505725,-0.010413594365856649,-0.00034311303961342965,0.00752675609155129,-0.02822527851702472
BTC/USDT,2025-12-19 08:40:00+00:00,2025-12-19 08:40:00+00:00,turnover_limit,0.0,,87996.82,87996.82,0.007419359017746263,-0.028328864611243953,0.0,0.007419359017746263,-0.028328864611243953
BTC/USDT,2025-12-19 08:41:00+00:00,2025-12-19 08:41:00+00:00,turnover_limit,0.0,,87964.79,87964.79,0.007786183540027913,-0.027975056838082546,0.0,0.007786183540027913,-0.027975056838082546
BTC/USDT,2025-12-19 08:43:00+00:00,2025-12-19 08:43:00+00:00,turnover_limit,0.0,,87903.2,87903.2,0.008492296071132888,-0.02729400067346799,0.0,0.008492296071132888,-0.02729400067346799
BTC/USDT,2025-12-19 08:45:00+00:00,2025-12-19 08:45:00+00:00,turnover_limit,0.0,,87949.23,87949.23,0.007964481326328876,-0.027803085939467564,0.0,0.007964481326328876,-0.027803085939467564
BTC/USDT,2025-12-19 08:48:00+00:00,2025-12-19 08:48:00+00:00,turnover_limit,0.0,,88069.72,88069.72,0.006585464334393221,-0.02913316858507098,0.0,0.006585464334393221,-0.02913316858507098
BTC/USDT,2025-12-19 08:51:00+00:00,2025-12-19 08:51:00+00:00,turnover_limit,0.0,,88184.94,88184.94,0.005270287647754834,-0.030401676295294888,0.0,0.005270287647754834,-0.030401676295294888
BTC/USDT,2025-12-19 08:52:00+00:00,2025-12-19 08:52:00+00:00,turnover_limit,0.0,,88165.27,88165.27,0.00549456719182051,-0.03018535529920119,0.0,0.00549456719182051,-0.03018535529920119
BTC/USDT,2025-12-19 08:53:00+00:00,2025-12-19 08:53:00+00:00,turnover_limit,0.0,,88200.0,88200.0,0.005098639455782372,-0.030567233560090723,0.0,0.005098639455782372,-0.030567233560090723
BTC/USDT,2025-12-19 08:55:00+00:00,2025-12-19 08:55:00+00:00,turnover_limit,0.0,,88184.9,88184.9,9.4687412470984e-05,-0.030401236492868855,0.0,9.4687412470984e-05,-0.030401236492868855
BTC/USDT,2025-12-19 08:56:00+00:00,2025-12-19 08:56:00+00:00,turnover_limit,0.0,,88165.08,88165.08,0.0002909315116597089,-0.030183265301863327,0.0,0.0002909315116597089,-0.030183265301863327
BTC/USDT,2025-12-19 08:57:00+00:00,2025-12-19 08:57:00+00:00,turnover_limit,0.0,,88120.94,88120.94,0.0007919797496485081,-0.029697481665538317,0.0,0.0007919797496485081,-0.029697481665538317
BTC/USDT,2025-12-19 08:58:00+00:00,2025-12-19 08:58:00+00:00,turnover_limit,0.0,,88124.05,88124.05,0.0007566606391784525,-0.02973172476752939,0.0,0.0007566606391784525,-0.02973172476752939
BTC/USDT,2025-12-19 08:59:00+00:00,2025-12-19 08:59:00+00:00,turnover_limit,0.0,,88115.99,88115.99,0.0008482001961278574,-0.029642973993709965,0.0,0.0008482001961278574,-0.029642973993709965
BTC/USDT,2025-12-19 09:00:00+00:00,2025-12-19 09:00:00+00:00,turnover_limit,0.0,,88111.23,88111.23,0.0009022686438493466,-0.029590552759279354,0.0,0.0009022686438493466,-0.029590552759279354
BTC/USDT,2025-12-19 09:19:00+00:00,2025-12-19 09:19:00+00:00,turnover_limit,0.0,,88022.09,88022.09,0.003667374860106154,-0.02860781878730667,0.0,0.003667374860106154,-0.02860781878730667
BTC/USDT,2025-12-19 09:29:00+00:00,2025-12-19 09:29:00+00:00,turnover_limit,0.0,,88044.14,88044.14,0.0034160138312442356,-0.0021062162683399555,0.0,0.0034160138312442356,-0.0021062162683399555
BTC/USDT,2025-12-19 09:30:00+00:00,2025-12-19 09:30:00+00:00,turnover_limit,0.0,,88036.12,88036.12,0.0035074239982406663,-0.002015309170826707,0.0,0.0035074239982406663,-0.002015309170826707
BTC/USDT,2025-12-19 09:32:00+00:00,2025-12-19 09:32:00+00:00,turnover_limit,0.0,,88096.42,88096.42,0.002820545942729513,-0.002698407040830908,0.0,0.002820545942729513,-0.002698407040830908
BTC/USDT,2025-12-19 09:36:00+00:00,2025-12-19 09:36:00+00:00,turnover_limit,0.0,,88063.43,88063.43,0.003196218907212778,-0.0023248015663255295,0.0,0.003196218907212778,-0.0023248015663255295
BTC/USDT,2025-12-19 09:52:00+00:00,2025-12-19 09:52:00+00:00,turnover_limit,0.0,,88031.32,88031.32,0.0035621412924398133,-0.004248715116392687,0.0,0.0035621412924398133,-0.004248715116392687
BTC/USDT,2025-12-19 09:53:00+00:00,2025-12-19 09:53:00+00:00,turnover_limit,0.0,,88067.36,88067.36,0.003151451343607725,-0.00465620861122662,0.0,0.003151451343607725,-0.00465620861122662
BTC/USDT,2025-12-19 09:54:00+00:00,2025-12-19 09:54:00+00:00,turnover_limit,0.0,,88063.42,88063.42,0.003196332824684678,-0.004611676448632029,0.0,0.003196332824684678,-0.004611676448632029
BTC/USDT,2025-12-19 09:56:00+00:00,2025-12-19 09:56:00+00:00,turnover_limit,0.0,,88063.42,88063.42,0.003196332824684678,-0.004611676448632029,0.0,0.003196332824684678,-0.004611676448632029
BTC/USDT,2025-12-19 09:57:00+00:00,2025-12-19 09:57:00+00:00,turnover_limit,0.0,,88064.62,88064.62,0.0031826629127564843,-0.004625239965834083,0.0,0.0031826629127564843,-0.004625239965834083
BTC/USDT,2025-12-19 09:58:00+00:00,2025-12-19 09:58:00+00:00,turnover_limit,0.0,,88072.0,88072.0,0.0030986011445179873,-0.00470864747025157,0.0,0.0030986011445179873,-0.00470864747025157
BTC/USDT,2025-12-19 09:59:00+00:00,2025-12-19 09:59:00+00:00,turnover_limit,0.0,,88105.04,88105.04,0.002722432224081528,-0.0050818886184035295,0.0,0.002722432224081528,-0.0050818886184035295
BTC/USDT,2025-12-19 10:01:00+00:00,2025-12-19 10:01:00+00:00,turnover_limit,0.0,,88103.06,88103.06,0.0027449670874086785,-0.005059529146887676,0.0,0.0027449670874086785,-0.005059529146887676
BTC/USDT,2025-12-19 10:05:00+00:00,2025-12-19 10:05:00+00:00,turnover_limit,0.0,,88233.23,88233.23,0.0012656229404726105,-0.006527359363359908,0.0,0.0012656229404726105,-0.006527359363359908
BTC/USDT,2025-12-19 10:06:00+00:00,2025-12-19 10:06:00+00:00,turnover_limit,0.0,,88206.52,88206.52,0.0015688182687627616,-0.006226523844269138,0.0,0.0015688182687627616,-0.006226523844269138
BTC/USDT,2025-12-19 10:09:00+00:00,2025-12-19 10:09:00+00:00,turnover_limit,0.0,,88071.46,88071.46,0.0031047515279067905,-0.004702544956107224,0.0,0.0031047515279067905,-0.004702544956107224
BTC/USDT,2025-12-19 10:12:00+00:00,2025-12-19 10:12:00+00:00,turnover_limit,0.0,,88165.27,88165.27,0.0020374235796021267,-0.005761565750323272,0.0,0.0020374235796021267,-0.005761565750323272
BTC/USDT,2025-12-19 10:13:00+00:00,2025-12-19 10:13:00+00:00,turnover_limit,0.0,,88153.62,88153.62,0.0024425542592578786,-0.005630171511958215,0.0,0.0024425542592578786,-0.005630171511958215
BTC/USDT,2025-12-19 10:14:00+00:00,2025-12-19 10:14:00+00:00,turnover_limit,0.0,,88185.37,88185.37,0.0020816378045473982,-0.0059881814863393945,0.0,0.0020816378045473982,-0.0059881814863393945
BTC/USDT,2025-12-19 10:15:00+00:00,2025-12-19 10:15:00+00:00,turnover_limit,0.0,,88181.49,88181.49,0.002125729560704892,-0.0059444448035523845,0.0,0.002125729560704892,-0.0059444448035523845
BTC/USDT,2025-12-19 10:17:00+00:00,2025-12-19 10:17:00+00:00,turnover_limit,0.0,,88228.77,88228.77,0.0017076062604066689,-0.006477138919651737,0.0,0.0017076062604066689,-0.006477138919651737
BTC/USDT,2025-12-19 10:38:00+00:00,2025-12-19 10:38:00+00:00,turnover_limit,0.0,,88002.0,88002.0,0.0051252244267174785,-0.003916956432808316,0.0,0.0051252244267174785,-0.003916956432808316
BTC/USDT,2025-12-19 10:44:00+00:00,2025-12-19 10:44:00+00:00,turnover_limit,0.0,,88057.21,88057.21,0.0044950322636838624,-0.004541479340533283,0.0,0.0044950322636838624,-0.004541479340533283
BTC/USDT,2025-12-19 10:45:00+00:00,2025-12-19 10:45:00+00:00,turnover_limit,0.0,,88097.22,88097.22,0.004038833461487146,-0.004993574144564361,0.0,0.004038833461487146,-0.004993574144564361
BTC/USDT,2025-12-19 10:46:00+00:00,2025-12-19 10:46:00+00:00,turnover_limit,0.0,,88114.01,88114.01,0.0038475152816221936,-0.005183171211933124,0.0,0.0038475152816221936,-0.005183171211933124
BTC/USDT,2025-12-19 10:49:00+00:00,2025-12-19 10:49:00+00:00,turnover_limit,0.0,,88207.73,88207.73,0.0027809354123500274,-0.0018514250395061937,0.0,0.0027809354123500274,-0.0018514250395061937
BTC/USDT,2025-12-19 10:50:00+00:00,2025-12-19 10:50:00+00:00,turnover_limit,0.0,,88180.27,88180.27,0.0030932089457198497,-0.0015405940580586197,0.0,0.0030932089457198497,-0.0015405940580586197
BTC/USDT,2025-12-19 10:51:00+00:00,2025-12-19 10:51:00+00:00,turnover_limit,0.0,,88207.73,88207.73,0.0027809354123500274,-0.0018514250395061937,0.0,0.0027809354123500274,-0.0018514250395061937
BTC/USDT,2025-12-19 10:52:00+00:00,2025-12-19 10:52:00+00:00,turnover_limit,0.0,,88211.51,88211.51,0.002737964694176531,-0.001894197253850427,0.0,0.002737964694176531,-0.001894197253850427
BTC/USDT,2025-12-19 10:54:00+00:00,2025-12-19 10:54:00+00:00,turnover_limit,0.0,,88283.78,88283.78,0.0019171132001825075,-0.0027112568129729064,0.0,0.0019171132001825075,-0.0027112568129729064
BTC/USDT,2025-12-19 10:56:00+00:00,2025-12-19 10:56:00+00:00,turnover_limit,0.0,,88251.24,88251.24,0.002286540109804669,-0.002343536476088093,0.0,0.002286540109804669,-0.002343536476088093
BTC/USDT,2025-12-19 10:57:00+00:00,2025-12-19 10:57:00+00:00,turnover_limit,0.0,,88288.82,88288.82,0.0018599183905729788,-0.0027681874103653303,0.0,0.0018599183905729788,-0.0027681874103653303
BTC/USDT,2025-12-19 10:58:00+00:00,2025-12-19 10:58:00+00:00,turnover_limit,0.0,,88285.61,88285.61,0.0018963452820905946,-0.0027319287933786907,0.0,0.0018963452820905946,-0.0027319287933786907
BTC/USDT,2025-12-19 10:59:00+00:00,2025-12-19 10:59:00+00:00,turnover_limit,0.0,,88259.94,88259.94,0.002187742253167091,-0.0024418779346553343,0.0,0.002187742253167091,-0.0024418779346553343
BTC/USDT,2025-12-19 11:00:00+00:00,2025-12-19 11:00:00+00:00,turnover_limit,0.0,,88213.51,88213.51,0.0027152303541713163,-0.001916826572256336,0.0,0.0027152303541713163,-0.001916826572256336
BTC/USDT,2025-12-19 11:01:00+00:00,2025-12-19 11:01:00+00:00,turnover_limit,0.0,,88206.08,88206.08,0.002799693626561739,-0.0018327534791252598,0.0,0.002799693626561739,-0.0018327534791252598
BTC/USDT,2025-12-19 11:14:00+00:00,2025-12-19 11:14:00+00:00,turnover_limit,0.0,,88337.96,88337.96,0.0013026110179585881,-0.004587608769774709,0.0,0.0013026110179585881,-0.004587608769774709
BTC/USDT,2025-12-19 11:15:00+00:00,2025-12-19 11:15:00+00:00,turnover_limit,0.0,,88350.0,88350.0,0.0011661573288059834,-0.004723259762309029,0.0,0.0011661573288059834,-0.004723259762309029
BTC/USDT,2025-12-19 11:20:00+00:00,2025-12-19 11:20:00+00:00,turnover_limit,0.0,,88271.58,88271.58,0.002055587993326835,-0.0038390612244620925,0.0,0.002055587993326835,-0.0038390612244620925
BTC/USDT,2025-12-19 11:21:00+00:00,2025-12-19 11:21:00+00:00,turnover_limit,0.0,,88314.93,88314.93,0.0015637220116688777,-0.004328033776395457,0.0,0.0015637220116688777,-0.004328033776395457
BTC/USDT,2025-12-19 11:22:00+00:00,2025-12-19 11:22:00+00:00,turnover_limit,0.0,,88255.41,88255.41,0.002239182844428367,-0.003656546380556236,0.0,0.002239182844428367,-0.003656546380556236
BTC/USDT,2025-12-19 11:32:00+00:00,2025-12-19 11:32:00+00:00,turnover_limit,0.0,,88330.66,88330.66,0.0013853626815423237,-0.004505343897577618,0.0,0.0013853626815423237,-0.004505343897577618
BTC/USDT,2025-12-19 11:34:00+00:00,2025-12-19 11:34:00+00:00,turnover_limit,0.0,,88341.99,88341.99,1.1319645376595133e-07,-0.004718480985089979,0.0,1.1319645376595133e-07,-0.004718480985089979
BTC/USDT,2025-12-19 11:38:00+00:00,2025-12-19 11:38:00+00:00,turnover_limit,0.0,,88225.77,88225.77,0.0010906110538904112,-0.0034073944608248308,0.0,0.0010906110538904112,-0.0034073944608248308
BTC/USDT,2025-12-19 11:39:00+00:00,2025-12-19 11:39:00+00:00,turnover_limit,0.0,,88239.99,88239.99,0.0009292838768453215,-0.003567996777878224,0.0,0.0009292838768453215,-0.003567996777878224
BTC/USDT,2025-12-19 12:21:00+00:00,2025-12-19 12:21:00+00:00,turnover_limit,0.0,,88050.01,88050.01,0.0011045995338332393,-0.0030819985142533923,0.0,0.0011045995338332393,-0.0030819985142533923
BTC/USDT,2025-12-19 12:22:00+00:00,2025-12-19 12:22:00+00:00,turnover_limit,0.0,,88054.62,88054.62,0.00105218783523231,-0.0031341910282504104,0.0,0.00105218783523231,-0.0031341910282504104
BTC/USDT,2025-12-19 12:45:00+00:00,2025-12-19 12:45:00+00:00,turnover_limit,0.0,,88074.48,88074.48,0.005411442678969092,-0.004212684536996414,0.0,0.005411442678969092,-0.004212684536996414
BTC/USDT,2025-12-19 12:46:00+00:00,2025-12-19 12:46:00+00:00,turnover_limit,0.0,,88129.86,88129.86,0.004779651300932386,-0.004838428201292988,0.0,0.004779651300932386,-0.004838428201292988
BTC/USDT,2025-12-19 12:47:00+00:00,2025-12-19 12:47:00+00:00,turnover_limit,0.0,,88093.33,88093.33,0.005196307143798373,-0.00442576072444989,0.0,0.005196307143798373,-0.00442576072444989
BTC/USDT,2025-12-19 12:49:00+00:00,2025-12-19 12:49:00+00:00,turnover_limit,0.0,,88131.41,88131.41,0.004761979866201971,-0.004855930479269577,0.0,0.004761979866201971,-0.004855930479269577
BTC/USDT,2025-12-19 13:09:00+00:00,2025-12-19 13:09:00+00:00,turnover_limit,0.0,,87965.17,87965.17,0.006660818139724967,-0.0029752685068419327,0.0,0.006660818139724967,-0.0029752685068419327
BTC/USDT,2025-12-19 13:13:00+00:00,2025-12-19 13:13:00+00:00,turnover_limit,0.0,,87975.57,87975.57,0.006541816097355158,-0.0030931314227348183,0.0,0.006541816097355158,-0.0030931314227348183
BTC/USDT,2025-12-19 13:14:00+00:00,2025-12-19 13:14:00+00:00,turnover_limit,0.0,,88014.38,88014.38,0.00609798080722701,-0.00353271817627987,0.0,0.00609798080722701,-0.00353271817627987
BTC/USDT,2025-12-19 13:25:00+00:00,2025-12-19 13:25:00+00:00,turnover_limit,0.0,,88000.0,88000.0,0.0062623863636364074,-0.003369886363636443,0.0,0.0062623863636364074,-0.003369886363636443
BTC/USDT,2025-12-19 13:26:00+00:00,2025-12-19 13:26:00+00:00,turnover_limit,0.0,,88036.7,88036.7,0.005842904152472794,-0.0037853531538551977,0.0,0.005842904152472794,-0.0037853531538551977
BTC/USDT,2025-12-19 13:28:00+00:00,2025-12-19 13:28:00+00:00,turnover_limit,0.0,,88019.66,88019.66,0.0060376284116525625,-0.0035924928589817773,0.0,0.0060376284116525625,-0.0035924928589817773
BTC/USDT,2025-12-19 13:36:00+00:00,2025-12-19 13:36:00+00:00,turnover_limit,0.0,,87959.89,87959.89,0.004165648683735368,-0.039334860468788646,0.0,0.004165648683735368,-0.039334860468788646
BTC/USDT,2025-12-19 13:40:00+00:00,2025-12-19 13:40:00+00:00,turnover_limit,0.0,,88117.67,88117.67,0.002367629557159301,-0.046729220143927996,0.0,0.002367629557159301,-0.046729220143927996
BTC/USDT,2025-12-19 13:43:00+00:00,2025-12-19 13:43:00+00:00,turnover_limit,0.0,,88106.13,88106.13,0.002498918066200284,-0.7730010386337478,0.0,0.002498918066200284,-0.7730010386337478
BTC/USDT,2025-12-19 13:44:00+00:00,2025-12-19 13:44:00+00:00,turnover_limit,0.0,,88090.75,88090.75,0.004610472722731851,-0.7729614062770496,0.0,0.004610472722731851,-0.7729614062770496
BTC/USDT,2025-12-19 13:46:00+00:00,2025-12-19 13:46:00+00:00,turnover_limit,0.0,,88092.41,88092.41,0.004778618271426449,-0.772965684557841,0.0,0.004778618271426449,-0.772965684557841
BTC/USDT,2025-12-19 13:49:00+00:00,2025-12-19 13:49:00+00:00,turnover_limit,0.0,,88026.39,88026.39,0.005532204603642121,-0.7727954082860833,0.0,0.005532204603642121,-0.7727954082860833
BTC/USDT,2025-12-19 13:50:00+00:00,2025-12-19 13:50:00+00:00,turnover_limit,0.0,,88037.39,88037.39,0.005406566460000706,-0.7728237967981559,0.0,0.005406566460000706,-0.7728237967981559
BTC/USDT,2025-12-19 14:05:00+00:00,2025-12-19 14:05:00+00:00,turnover_limit,0.0,,88083.71,88083.71,0.004877859935735973,-0.7729432604507689,0.0,0.004877859935735973,-0.7729432604507689
BTC/USDT,2025-12-19 14:07:00+00:00,2025-12-19 14:07:00+00:00,turnover_limit,0.0,,88110.27,88110.27,0.004574949095037306,-0.7730117045379614,0.0,0.004574949095037306,-0.7730117045379614
BTC/USDT,2025-12-19 14:08:00+00:00,2025-12-19 14:08:00+00:00,turnover_limit,0.0,,88123.98,88123.98,0.0044186610727294795,-0.7730470185300301,0.0,0.0044186610727294795,-0.7730470185300301
BTC/USDT,2025-12-19 14:10:00+00:00,2025-12-19 14:10:00+00:00,turnover_limit,0.0,,88131.75,88131.75,0.004330108048461456,-0.7730670274900929,0.0,0.004330108048461456,-0.7730670274900929
BTC/USDT,2025-12-19 14:11:00+00:00,2025-12-19 14:11:00+00:00,turnover_limit,0.0,,88091.85,88091.85,0.004785005650352225,-0.7729642413004154,0.0,0.004785005650352225,-0.7729642413004154
BTC/USDT,2025-12-19 14:12:00+00:00,2025-12-19 14:12:00+00:00,turnover_limit,0.0,,88103.92,88103.92,0.006538755596799728,-0.7729953445885268,0.0,0.006538755596799728,-0.7729953445885268
BTC/USDT,2025-12-19 14:16:00+00:00,2025-12-19 14:16:00+00:00,turnover_limit,0.0,,88299.99,88299.99,0.010328087239873884,-0.7734994080973282,0.0,0.010328087239873884,-0.7734994080973282
BTC/USDT,2025-12-19 15:06:00+00:00,2025-12-19 15:06:00+00:00,turnover_limit,0.0,,88101.4,88101.4,0.014490008104298235,-0.0051156962318419374,0.0,0.014490008104298235,-0.0051156962318419374
BTC/USDT,2025-12-19 15:09:00+00:00,2025-12-19 15:09:00+00:00,turnover_limit,0.0,,88251.93,88251.93,0.012759607636909642,-0.0068126555419241175,0.0,0.012759607636909642,-0.0068126555419241175
BTC/USDT,2025-12-19 16:03:00+00:00,2025-12-19 16:03:00+00:00,turnover_limit,0.0,,88232.9,88232.9,0.01808962416513582,-0.4333179573605763,0.0,0.01808962416513582,-0.4333179573605763
BTC/USDT,2025-12-19 16:05:00+00:00,2025-12-19 16:05:00+00:00,turnover_limit,0.0,,88251.02,88251.02,0.017880586535997,-0.43343431044763003,0.0,0.017880586535997,-0.43343431044763003
BTC/USDT,2025-12-19 16:06:00+00:00,2025-12-19 16:06:00+00:00,turnover_limit,0.0,,88327.38,88327.38,0.017000617475577684,-0.4339241127722797,0.0,0.017000617475577684,-0.4339241127722797
BTC/USDT,2025-12-19 16:08:00+00:00,2025-12-19 16:08:00+00:00,turnover_limit,0.0,,88402.62,88402.62,0.01613504215146566,-0.43440590335444806,0.0,0.01613504215146566,-0.43440590335444806
BTC/USDT,2025-12-19 16:11:00+00:00,2025-12-19 16:11:00+00:00,turnover_limit,0.0,,88451.3,88451.3,0.024317562319604136,-0.4347171833540039,0.0,0.024317562319604136,-0.4347171833540039
BTC/USDT,2025-12-19 16:14:00+00:00,2025-12-19 16:14:00+00:00,turnover_limit,0.0,,88380.01,88380.01,0.02514380797196125,-0.4342612090675255,0.0,0.02514380797196125,-0.4342612090675255
BTC/USDT,2025-12-19 16:15:00+00:00,2025-12-19 16:15:00+00:00,turnover_limit,0.0,,88411.55,88411.55,0.024778097431840118,-0.4344630311311135,0.0,0.024778097431840118,-0.4344630311311135
BTC/USDT,2025-12-19 16:18:00+00:00,2025-12-19 16:18:00+00:00,turnover_limit,0.0,,88327.52,88327.52,0.025753015594686568,-0.4339250100082058,0.0,0.025753015594686568,-0.4339250100082058
BTC/USDT,2025-12-19 16:29:00+00:00,2025-12-19 16:29:00+00:00,turnover_limit,0.0,,88448.16,88448.16,0.024353926639061774,-0.4346971152367669,0.0,0.024353926639061774,-0.4346971152367669
BTC/USDT,2025-12-19 16:32:00+00:00,2025-12-19 16:32:00+00:00,turnover_limit,0.0,,88645.92,88645.92,0.022068697577959595,-0.4359582482758372,0.0,0.022068697577959595,-0.4359582482758372
BTC/USDT,2025-12-19 16:40:00+00:00,2025-12-19 16:40:00+00:00,turnover_limit,0.0,,88451.4,88451.4,0.024316404262680003,-0.06688757894165598,0.0,0.024316404262680003,-0.06688757894165598
BTC/USDT,2025-12-19 16:42:00+00:00,2025-12-19 16:42:00+00:00,turnover_limit,0.0,,88520.01,88520.01,0.023522478137993907,-0.06761081477509989,0.0,0.023522478137993907,-0.06761081477509989
BTC/USDT,2025-12-19 16:43:00+00:00,2025-12-19 16:43:00+00:00,turnover_limit,0.0,,88533.72,88533.72,0.023363979283825387,-0.0677552010691519,0.0,0.023363979283825387,-0.0677552010691519
BTC/USDT,2025-12-19 16:44:00+00:00,2025-12-19 16:44:00+00:00,turnover_limit,0.0,,88503.35,88503.35,0.023715147505715795,-0.067435300471677,0.0,0.023715147505715795,-0.067435300471677
BTC/USDT,2025-12-19 16:45:00+00:00,2025-12-19 16:45:00+00:00,turnover_limit,0.0,,88499.99,88499.99,0.023754013983504407,-0.06739989462145701,0.0,0.023754013983504407,-0.06739989462145701
BTC/USDT,2025-12-19 17:11:00+00:00,2025-12-19 17:11:00+00:00,turnover_limit,0.0,,88199.99,88199.99,0.028339005480612967,-0.10474955836162791,0.0,0.028339005480612967,-0.10474955836162791
BTC/USDT,2025-12-19 17:12:00+00:00,2025-12-19 17:12:00+00:00,turnover_limit,0.0,,88205.28,88205.28,0.02827733215063777,-0.10480324987347689,0.0,0.02827733215063777,-0.10480324987347689
BTC/USDT,2025-12-19 17:13:00+00:00,2025-12-19 17:13:00+00:00,turnover_limit,0.0,,88161.3,88161.3,0.028790296876293864,-0.10435667350640243,0.0,0.028790296876293864,-0.10435667350640243
BTC/USDT,2025-12-19 17:14:00+00:00,2025-12-19 17:14:00+00:00,turnover_limit,0.0,,88091.6,88091.6,0.029604298253181893,-0.10364802092367498,0.0,0.029604298253181893,-0.10364802092367498
BTC/USDT,2025-12-19 17:20:00+00:00,2025-12-19 17:20:00+00:00,turnover_limit,0.0,,88267.09,88267.09,0.02755726964602556,-0.10543012123771156,0.0,0.02755726964602556,-0.10543012123771156
BTC/USDT,2025-12-19 17:23:00+00:00,2025-12-19 17:23:00+00:00,turnover_limit,0.0,,88067.76,88067.76,0.029883012807411236,-0.10340537785904846,0.0,0.029883012807411236,-0.10340537785904846
BTC/USDT,2025-12-19 17:57:00+00:00,2025-12-19 17:57:00+00:00,turnover_limit,0.0,,87368.55,87368.55,0.0013312570713375216,-0.05532253883119265,0.0,0.0013312570713375216,-0.05532253883119265
BTC/USDT,2025-12-19 18:05:00+00:00,2025-12-19 18:05:00+00:00,turnover_limit,0.0,,87107.83,87107.83,0.004328313539666784,-0.0054228190508246454,0.0,0.004328313539666784,-0.0054228190508246454
BTC/USDT,2025-12-19 18:06:00+00:00,2025-12-19 18:06:00+00:00,turnover_limit,0.0,,87130.49,87130.49,0.004067118181017904,-0.0056814784353903525,0.0,0.004067118181017904,-0.0056814784353903525
BTC/USDT,2025-12-19 18:14:00+00:00,2025-12-19 18:14:00+00:00,turnover_limit,0.0,,87193.49,87193.49,0.003341648556560717,-0.003354493552213622,0.0,0.003341648556560717,-0.003354493552213622
BTC/USDT,2025-12-19 18:15:00+00:00,2025-12-19 18:15:00+00:00,turnover_limit,0.0,,87227.99,87227.99,0.0029448116367234434,-0.003748682045751628,0.0,0.0029448116367234434,-0.003748682045751628
BTC/USDT,2025-12-19 18:18:00+00:00,2025-12-19 18:18:00+00:00,turnover_limit,0.0,,87206.82,87206.82,0.003188282751280136,-0.003506835818574805,0.0,0.003188282751280136,-0.003506835818574805
BTC/USDT,2025-12-19 18:19:00+00:00,2025-12-19 18:19:00+00:00,turnover_limit,0.0,,87245.23,87245.23,0.0035261526618703964,-0.0039455452177729056,0.0,0.0035261526618703964,-0.0039455452177729056
BTC/USDT,2025-12-19 18:24:00+00:00,2025-12-19 18:24:00+00:00,turnover_limit,0.0,,87277.97,87277.97,0.0045371128590641074,-0.003840258887781167,0.0,0.0045371128590641074,-0.003840258887781167
BTC/USDT,2025-12-19 18:26:00+00:00,2025-12-19 18:26:00+00:00,turnover_limit,0.0,,87457.06,87457.06,0.0037498402072970727,-0.005880142780925857,0.0,0.0037498402072970727,-0.005880142780925857
BTC/USDT,2025-12-19 18:29:00+00:00,2025-12-19 18:29:00+00:00,turnover_limit,0.0,,87341.67,87341.67,0.005075927675758818,-0.004566777804912547,0.0,0.005075927675758818,-0.004566777804912547
BTC/USDT,2025-12-19 18:30:00+00:00,2025-12-19 18:30:00+00:00,turnover_limit,0.0,,87334.02,87334.02,0.005163967031404093,-0.004479583099461171,0.0,0.005163967031404093,-0.004479583099461171
BTC/USDT,2025-12-19 18:31:00+00:00,2025-12-19 18:31:00+00:00,turnover_limit,0.0,,87301.67,87301.67,0.005536434755486264,-0.004110688833329212,0.0,0.005536434755486264,-0.004110688833329212
BTC/USDT,2025-12-19 18:53:00+00:00,2025-12-19 18:53:00+00:00,turnover_limit,0.0,,87234.2,87234.2,0.009767384810085877,-0.0012002173459491061,0.0,0.009767384810085877,-0.0012002173459491061
BTC/USDT,2025-12-19 18:56:00+00:00,2025-12-19 18:56:00+00:00,turnover_limit,0.0,,87199.99,87199.99,0.010163533275634462,-0.0008083716523362705,0.0,0.010163533275634462,-0.0008083716523362705
BTC/USDT,2025-12-19 18:57:00+00:00,2025-12-19 18:57:00+00:00,turnover_limit,0.0,,87220.33,87220.33,0.00992796060276313,-0.0010413856494236873,0.0,0.00992796060276313,-0.0010413856494236873
BTC/USDT,2025-12-19 18:58:00+00:00,2025-12-19 18:58:00+00:00,turnover_limit,0.0,,87184.64,87184.64,0.010341385822089766,-0.0006324508537283169,0.0,0.010341385822089766,-0.0006324508537283169
BTC/USDT,2025-12-19 18:59:00+00:00,2025-12-19 18:59:00+00:00,turnover_limit,0.0,,87129.5,87129.5,0.010980781480440127,0.0,0.0,0.010980781480440127,0.0
BTC/USDT,2025-12-19 19:00:00+00:00,2025-12-19 19:00:00+00:00,turnover_limit,0.0,,87140.32,87140.32,0.01085525047417768,-0.00012416754953392672,0.0,0.01085525047417768,-0.00012416754953392672
BTC/USDT,2025-12-19 19:02:00+00:00,2025-12-19 19:02:00+00:00,turnover_limit,0.0,,87271.15,87271.15,0.009339856298444582,-0.000861109312756736,0.0,0.009339856298444582,-0.000861109312756736
BTC/USDT,2025-12-19 19:03:00+00:00,2025-12-19 19:03:00+00:00,turnover_limit,0.0,,87273.47,87273.47,0.009313024908944145,-0.0008876695288957404,0.0,0.009313024908944145,-0.0008876695288957404
BTC/USDT,2025-12-19 19:05:00+00:00,2025-12-19 19:05:00+00:00,turnover_limit,0.0,,87369.99,87369.99,0.008198009408035833,-0.0014230286623587718,0.0,0.008198009408035833,-0.0014230286623587718
BTC/USDT,2025-12-19 19:06:00+00:00,2025-12-19 19:06:00+00:00,turnover_limit,0.0,,87362.27,87362.27,0.008287101514188988,-0.001334786744895733,0.0,0.008287101514188988,-0.001334786744895733
BTC/USDT,2025-12-19 19:07:00+00:00,2025-12-19 19:07:00+00:00,turnover_limit,0.0,,87312.2,87312.2,0.008865313209379666,-0.000762092811771975,0.0,0.008865313209379666,-0.000762092811771975
BTC/USDT,2025-12-19 19:09:00+00:00,2025-12-19 19:09:00+00:00,turnover_limit,0.0,,87342.22,87342.22,0.008518560668597575,-0.0011055363603077462,0.0,0.008518560668597575,-0.0011055363603077462
BTC/USDT,2025-12-19 19:10:00+00:00,2025-12-19 19:10:00+00:00,turnover_limit,0.0,,87372.99,87372.99,0.008163392371028921,-0.0014573153556951546,0.0,0.008163392371028921,-0.0014573153556951546
BTC/USDT,2025-12-19 19:11:00+00:00,2025-12-19 19:11:00+00:00,turnover_limit,0.0,,87311.64,87311.64,0.008871783876697403,-0.0007556838927775811,0.0,0.008871783876697403,-0.0007556838927775811
BTC/USDT,2025-12-19 19:12:00+00:00,2025-12-19 19:12:00+00:00,turnover_limit,0.0,,87344.61,87344.61,0.008490964697192016,-0.001132868988710345,0.0,0.008490964697192016,-0.001132868988710345
BTC/USDT,2025-12-19 19:13:00+00:00,2025-12-19 19:13:00+00:00,turnover_limit,0.0,,87333.35,87333.35,0.00862099072118494,-0.001004083777846665,0.0,0.00862099072118494,-0.001004083777846665
BTC/USDT,2025-12-19 19:16:00+00:00,2025-12-19 19:16:00+00:00,turnover_limit,0.0,,87372.51,87372.51,0.008168930937202168,-0.0014518296429848476,0.0,0.008168930937202168,-0.0014518296429848476
BTC/USDT,2025-12-19 19:17:00+00:00,2025-12-19 19:17:00+00:00,turnover_limit,0.0,,87326.25,87326.25,0.008702995949098957,-0.0009228611099182382,0.0,0.008702995949098957,-0.0009228611099182382
BTC/USDT,2025-12-19 19:22:00+00:00,2025-12-19 19:22:00+00:00,turnover_limit,0.0,,87609.84,87609.84,0.005771497813487514,-0.004156839003472634,0.0,0.005771497813487514,-0.004156839003472634
BTC/USDT,2025-12-19 19:23:00+00:00,2025-12-19 19:23:00+00:00,turnover_limit,0.0,,87642.16,87642.16,0.0063677116127671685,-0.004524078365937156,0.0,0.0063677116127671685,-0.004524078365937156
BTC/USDT,2025-12-19 19:24:00+00:00,2025-12-19 19:24:00+00:00,turnover_limit,0.0,,87653.24,87653.24,0.006240499495512086,-0.004649913682597484,0.0,0.006240499495512086,-0.004649913682597484
BTC/USDT,2025-12-19 19:29:00+00:00,2025-12-19 19:29:00+00:00,turnover_limit,0.0,,87659.3,87659.3,0.00617093679735059,-0.001242309714998946,0.0,0.00617093679735059,-0.001242309714998946
BTC/USDT,2025-12-19 19:30:00+00:00,2025-12-19 19:30:00+00:00,turnover_limit,0.0,,87614.42,87614.42,0.006686342271055468,-0.0007307016356440377,0.0,0.006686342271055468,-0.0007307016356440377
BTC/USDT,2025-12-19 19:34:00+00:00,2025-12-19 19:34:00+00:00,turnover_limit,0.0,,87712.53,87712.53,0.005560323023403813,-0.0014119989470148253,0.0,0.005560323023403813,-0.0014119989470148253
BTC/USDT,2025-12-19 19:38:00+00:00,2025-12-19 19:38:00+00:00,turnover_limit,0.0,,87924.0,87924.0,0.004496951913015801,-0.003813748237114001,0.0,0.004496951913015801,-0.003813748237114001
BTC/USDT,2025-12-19 19:39:00+00:00,2025-12-19 19:39:00+00:00,turnover_limit,0.0,,87958.19,87958.19,0.004106496507033652,-0.0042009732123865495,0.0,0.004106496507033652,-0.0042009732123865495
BTC/USDT,2025-12-19 19:42:00+00:00,2025-12-19 19:42:00+00:00,turnover_limit,0.0,,87885.61,87885.61,0.004935734075237175,-0.003378596336760964,0.0,0.004935734075237175,-0.003378596336760964
BTC/USDT,2025-12-19 19:44:00+00:00,2025-12-19 19:44:00+00:00,turnover_limit,0.0,,87982.83,87982.83,0.0038252918211427733,-0.004479851352815145,0.0,0.0038252918211427733,-0.004479851352815145
BTC/USDT,2025-12-19 19:46:00+00:00,2025-12-19 19:46:00+00:00,turnover_limit,0.0,,87956.08,87956.08,0.004130584264328219,-0.004177084745022874,0.0,0.004130584264328219,-0.004177084745022874
BTC/USDT,2025-12-19 19:47:00+00:00,2025-12-19 19:47:00+00:00,turnover_limit,0.0,,87999.01,87999.01,0.00364072277631311,-0.004662893366641274,0.0,0.00364072277631311,-0.004662893366641274
BTC/USDT,2025-12-19 19:48:00+00:00,2025-12-19 19:48:00+00:00,turnover_limit,0.0,,88011.89,88011.89,0.0034938461155646916,-0.004808554844124013,0.0,0.0034938461155646916,-0.004808554844124013
BTC/USDT,2025-12-19 19:49:00+00:00,2025-12-19 19:49:00+00:00,turnover_limit,0.0,,88032.76,88032.76,0.0032559469906430216,-0.005044485711909963,0.0,0.0032559469906430216,-0.005044485711909963
BTC/USDT,2025-12-19 19:55:00+00:00,2025-12-19 19:55:00+00:00,turnover_limit,0.0,,87890.44,87890.44,0.0054442781262671325,-0.003433365449075132,0.0,0.0054442781262671325,-0.003433365449075132
BTC/USDT,2025-12-19 20:20:00+00:00,2025-12-19 20:20:00+00:00,turnover_limit,0.0,,87987.68,87987.68,0.004575981546507402,-0.0013440518036160753,0.0,0.004575981546507402,-0.0013440518036160753
BTC/USDT,2025-12-19 20:22:00+00:00,2025-12-19 20:22:00+00:00,turnover_limit,0.0,,88115.48,88115.48,0.0031189752356792777,-0.002792471878947933,0.0,0.0031189752356792777,-0.002792471878947933
BTC/USDT,2025-12-19 20:25:00+00:00,2025-12-19 20:25:00+00:00,turnover_limit,0.0,,88165.25,88165.25,0.0025527064234491803,-0.003080919069588073,0.0,0.0025527064234491803,-0.003080919069588073
BTC/USDT,2025-12-19 20:26:00+00:00,2025-12-19 20:26:00+00:00,turnover_limit,0.0,,88143.28,88143.28,0.002802595955131215,-0.0028324337374330266,0.0,0.002802595955131215,-0.0028324337374330266
BTC/USDT,2025-12-19 20:29:00+00:00,2025-12-19 20:29:00+00:00,turnover_limit,0.0,,88036.42,88036.42,0.00401981361804582,-0.0016220559627482256,0.0,0.00401981361804582,-0.0016220559627482256
BTC/USDT,2025-12-19 20:31:00+00:00,2025-12-19 20:31:00+00:00,turnover_limit,0.0,,87985.57,87985.57,0.004600072489159279,-0.0010450577293528163,0.0,0.004600072489159279,-0.0010450577293528163
BTC/USDT,2025-12-19 20:35:00+00:00,2025-12-19 20:35:00+00:00,turnover_limit,0.0,,88319.39,88319.39,0.0008029946764804841,-0.004820798694375128,0.0,0.0008029946764804841,-0.004820798694375128
BTC/USDT,2025-12-19 20:42:00+00:00,2025-12-19 20:42:00+00:00,turnover_limit,0.0,,88139.44,88139.44,0.002846285385974756,-0.00278898980978326,0.0,0.002846285385974756,-0.00278898980978326
BTC/USDT,2025-12-19 20:45:00+00:00,2025-12-19 20:45:00+00:00,turnover_limit,0.0,,88073.45,88073.45,0.003597678982712793,-0.0020418185048955984,0.0,0.003597678982712793,-0.0020418185048955984
BTC/USDT,2025-12-19 21:24:00+00:00,2025-12-19 21:24:00+00:00,turnover_limit,0.0,,87996.93,87996.93,0.017638115329705384,-0.0021166647518270354,0.0,0.017638115329705384,-0.0021166647518270354
BTC/USDT,2025-12-19 21:27:00+00:00,2025-12-19 21:27:00+00:00,turnover_limit,0.0,,88018.29,88018.29,0.01739115813315628,-0.0023588279208787144,0.0,0.01739115813315628,-0.0023588279208787144
BTC/USDT,2025-12-19 21:28:00+00:00,2025-12-19 21:28:00+00:00,turnover_limit,0.0,,88011.41,88011.41,0.01747068931176088,-0.002280840631913583,0.0,0.01747068931176088,-0.002280840631913583
BTC/USDT,2025-12-19 21:30:00+00:00,2025-12-19 21:30:00+00:00,turnover_limit,0.0,,88036.06,88036.06,0.017185798637512795,-0.0025602008994950465,0.0,0.017185798637512795,-0.0025602008994950465
BTC/USDT,2025-12-19 21:31:00+00:00,2025-12-19 21:31:00+00:00,turnover_limit,0.0,,88034.48,88034.48,0.017204054593154883,-0.002542299335442144,0.0,0.017204054593154883,-0.002542299335442144
BTC/USDT,2025-12-19 21:32:00+00:00,2025-12-19 21:32:00+00:00,turnover_limit,0.0,,88037.54,88037.54,0.017168698716479414,-0.0025769688703249916,0.0,0.017168698716479414,-0.0025769688703249916
BTC/USDT,2025-12-19 21:33:00+00:00,2025-12-19 21:33:00+00:00,turnover_limit,0.0,,88034.2,88034.2,0.017207289894154876,-0.0025391268393419875,0.0,0.017207289894154876,-0.0025391268393419875
BTC/USDT,2025-12-19 21:37:00+00:00,2025-12-19 21:37:00+00:00,turnover_limit,0.0,,88025.94,88025.94,0.017302740533074568,-0.0024455291247102995,0.0,0.017302740533074568,-0.0024455291247102995
BTC/USDT,2025-12-19 21:38:00+00:00,2025-12-19 21:38:00+00:00,turnover_limit,0.0,,88035.97,88035.97,0.01718683851612024,-0.002559181207408723,0.0,0.01718683851612024,-0.002559181207408723
BTC/USDT,2025-12-19 21:39:00+00:00,2025-12-19 21:39:00+00:00,turnover_limit,0.0,,88031.58,88031.58,0.017237564065077482,-0.002509440362197357,0.0,0.017237564065077482,-0.002509440362197357
BTC/USDT,2025-12-19 22:04:00+00:00,2025-12-19 22:04:00+00:00,turnover_limit,0.0,,88049.36,88049.36,0.017032151057088774,-0.0005809241543606181,0.0,0.017032151057088774,-0.0005809241543606181
BTC/USDT,2025-12-19 22:07:00+00:00,2025-12-19 22:07:00+00:00,turnover_limit,0.0,,88125.96,88125.96,0.004438419734661636,-0.0010622295632297662,0.0,0.004438419734661636,-0.0010622295632297662
BTC/USDT,2025-12-19 22:08:00+00:00,2025-12-19 22:08:00+00:00,turnover_limit,0.0,,88098.48,88098.48,0.004751727839118258,-0.0007506372414142204,0.0,0.004751727839118258,-0.0007506372414142204
BTC/USDT,2025-12-19 22:09:00+00:00,2025-12-19 22:09:00+00:00,turnover_limit,0.0,,88125.96,88125.96,0.004438419734661636,-0.0010622295632297662,0.0,0.004438419734661636,-0.0010622295632297662
BTC/USDT,2025-12-19 22:10:00+00:00,2025-12-19 22:10:00+00:00,turnover_limit,0.0,,88103.46,88103.46,0.004694934795977268,-0.0008071192663715587,0.0,0.004694934795977268,-0.0008071192663715587
BTC/USDT,2025-12-19 22:11:00+00:00,2025-12-19 22:11:00+00:00,turnover_limit,0.0,,88121.04,88121.04,0.004494499837950361,-0.0010064565738214792,0.0,0.004494499837950361,-0.0010064565738214792
BTC/USDT,2025-12-19 22:12:00+00:00,2025-12-19 22:12:00+00:00,turnover_limit,0.0,,88158.86,88158.86,0.004063573417351307,-0.001435023093538157,0.0,0.004063573417351307,-0.001435023093538157
BTC/USDT,2025-12-19 22:14:00+00:00,2025-12-19 22:14:00+00:00,turnover_limit,0.0,,88036.32,88036.32,0.005461155123249073,-4.509502441718549e-05,0.0,0.005461155123249073,-4.509502441718549e-05
BTC/USDT,2025-12-19 22:16:00+00:00,2025-12-19 22:16:00+00:00,turnover_limit,0.0,,88098.5,88098.5,0.004751499741766363,-0.0006013723275650751,0.0,0.004751499741766363,-0.0006013723275650751
BTC/USDT,2025-12-19 22:17:00+00:00,2025-12-19 22:17:00+00:00,turnover_limit,0.0,,88105.6,88105.6,0.004670531725565752,-0.0006819089819489754,0.0,0.004670531725565752,-0.0006819089819489754
BTC/USDT,2025-12-19 22:18:00+00:00,2025-12-19 22:18:00+00:00,turnover_limit,0.0,,88153.18,88153.18,0.004128268543460489,-0.0012212832254036021,0.0,0.004128268543460489,-0.0012212832254036021
BTC/USDT,2025-12-19 22:19:00+00:00,2025-12-19 22:19:00+00:00,turnover_limit,0.0,,88188.82,88188.82,0.0037224673150180188,-0.0016249225241929954,0.0,0.0037224673150180188,-0.0016249225241929954
BTC/USDT,2025-12-19 22:20:00+00:00,2025-12-19 22:20:00+00:00,turnover_limit,0.0,,88199.98,88199.98,0.0035954656679062502,-0.0017512475626411117,0.0,0.0035954656679062502,-0.0017512475626411117
BTC/USDT,2025-12-19 22:21:00+00:00,2025-12-19 22:21:00+00:00,turnover_limit,0.0,,88214.28,88214.28,0.003432777550301358,-0.00191306894983434,0.0,0.003432777550301358,-0.00191306894983434
BTC/USDT,2025-12-19 22:22:00+00:00,2025-12-19 22:22:00+00:00,turnover_limit,0.0,,88218.94,88218.94,0.0033797730963442962,-0.001965791019479468,0.0,0.0033797730963442962,-0.001965791019479468
BTC/USDT,2025-12-19 22:25:00+00:00,2025-12-19 22:25:00+00:00,turnover_limit,0.0,,88242.6,88242.6,0.0031107424305267806,-0.0022333884087730738,0.0,0.0031107424305267806,-0.0022333884087730738
BTC/USDT,2025-12-19 22:26:00+00:00,2025-12-19 22:26:00+00:00,turnover_limit,0.0,,88311.02,88311.02,0.0023335706008151824,-0.0030064198103475492,0.0,0.0023335706008151824,-0.0030064198103475492
BTC/USDT,2025-12-19 22:27:00+00:00,2025-12-19 22:27:00+00:00,turnover_limit,0.0,,88295.16,88295.16,0.0013929415836608783,-0.0016524122047008039,0.0,0.0013929415836608783,-0.0016524122047008039
BTC/USDT,2025-12-19 22:29:00+00:00,2025-12-19 22:29:00+00:00,turnover_limit,0.0,,88217.2,88217.2,0.0022779004547865966,-0.0007701445976522336,0.0,0.0022779004547865966,-0.0007701445976522336
BTC/USDT,2025-12-19 22:31:00+00:00,2025-12-19 22:31:00+00:00,turnover_limit,0.0,,88174.01,88174.01,0.0027688431092109944,-0.00028069495761851027,0.0,0.0027688431092109944,-0.00028069495761851027
BTC/USDT,2025-12-19 22:32:00+00:00,2025-12-19 22:32:00+00:00,turnover_limit,0.0,,88205.05,88205.05,0.0024159614443843846,-0.0003520206609486376,0.0,0.0024159614443843846,-0.0003520206609486376
BTC/USDT,2025-12-19 22:33:00+00:00,2025-12-19 22:33:00+00:00,turnover_limit,0.0,,88262.85,88262.85,0.0017595171694544387,-0.0005554998507298903,0.0,0.0017595171694544387,-0.0005554998507298903
BTC/USDT,2025-12-19 22:39:00+00:00,2025-12-19 22:39:00+00:00,turnover_limit,0.0,,88306.76,88306.76,0.0012613983346234647,-0.0016863941107113645,0.0,0.0012613983346234647,-0.0016863941107113645
BTC/USDT,2025-12-19 22:41:00+00:00,2025-12-19 22:41:00+00:00,turnover_limit,0.0,,88381.22,88381.22,0.0004178489502633109,-0.002527573165430397,0.0,0.0004178489502633109,-0.002527573165430397
BTC/USDT,2025-12-19 22:42:00+00:00,2025-12-19 22:42:00+00:00,turnover_limit,0.0,,88381.23,88381.23,0.00041773575678916153,-0.0025276860256413514,0.0,0.00041773575678916153,-0.0025276860256413514
BTC/USDT,2025-12-19 22:43:00+00:00,2025-12-19 22:43:00+00:00,turnover_limit,0.0,,88381.21,88381.21,0.0004179621437632175,-0.002527460305193907,0.0,0.0004179621437632175,-0.002527460305193907
BTC/USDT,2025-12-19 22:44:00+00:00,2025-12-19 22:44:00+00:00,turnover_limit,0.0,,88378.87,88378.87,0.0004444501270495227,-0.002501050307613051,0.0,0.0004444501270495227,-0.002501050307613051
BTC/USDT,2025-12-19 22:45:00+00:00,2025-12-19 22:45:00+00:00,turnover_limit,0.0,,88362.67,88362.67,0.0006278669487917998,-0.002318173500189591,0.0,0.0006278669487917998,-0.002318173500189591
BTC/USDT,2025-12-19 22:46:00+00:00,2025-12-19 22:46:00+00:00,turnover_limit,0.0,,88348.47,88348.47,0.00078869503908785,-0.00215781891865241,0.0,0.00078869503908785,-0.00215781891865241
BTC/USDT,2025-12-19 22:49:00+00:00,2025-12-19 22:49:00+00:00,turnover_limit,0.0,,88281.05,88281.05,0.0008943029109871325,-0.0013957695337787346,0.0,0.0008943029109871325,-0.0013957695337787346
BTC/USDT,2025-12-19 22:51:00+00:00,2025-12-19 22:51:00+00:00,turnover_limit,0.0,,88333.37,88333.37,0.0003014715729741102,-0.001987244458124815,0.0,0.0003014715729741102,-0.001987244458124815
BTC/USDT,2025-12-19 23:10:00+00:00,2025-12-19 23:10:00+00:00,turnover_limit,0.0,,88280.61,88280.61,0.0008406149436439581,-0.001390792383514361,0.0,0.0008406149436439581,-0.001390792383514361
BTC/USDT,2025-12-19 23:11:00+00:00,2025-12-19 23:11:00+00:00,turnover_limit,0.0,,88281.61,88281.61,0.0008292780342362693,-0.0014021040169067689,0.0,0.0008292780342362693,-0.0014021040169067689
BTC/USDT,2025-12-19 23:23:00+00:00,2025-12-19 23:23:00+00:00,turnover_limit,0.0,,88289.22,88289.22,0.0007430125671061827,-0.001488177152318304,0.0,0.0007430125671061827,-0.001488177152318304
BTC/USDT,2025-12-19 23:25:00+00:00,2025-12-19 23:25:00+00:00,turnover_limit,0.0,,88354.81,88354.81,1.1318002957061424e-07,-0.0022294202205855873,0.0,1.1318002957061424e-07,-0.0022294202205855873
BTC/USDT,2025-12-19 23:26:00+00:00,2025-12-19 23:26:00+00:00,turnover_limit,0.0,,88334.68,88334.68,7.109325578591452e-05,-0.00200204494995615,0.0,7.109325578591452e-05,-0.00200204494995615
BTC/USDT,2025-12-19 23:27:00+00:00,2025-12-19 23:27:00+00:00,turnover_limit,0.0,,88334.67,88334.67,1.1320583404028639e-07,-0.0020019319707652583,0.0,1.1320583404028639e-07,-0.0020019319707652583
BTC/USDT,2025-12-19 23:28:00+00:00,2025-12-19 23:28:00+00:00,turnover_limit,0.0,,88331.49,88331.49,3.611396117042531e-05,-0.001966003290559293,0.0,3.611396117042531e-05,-0.001966003290559293
BTC/USDT,2025-12-19 23:29:00+00:00,2025-12-19 23:29:00+00:00,turnover_limit,0.0,,88329.45,88329.45,2.309535494693371e-05,-0.0019429533411562394,0.0,2.309535494693371e-05,-0.0019429533411562394
