entry_threshold,exit_threshold,exit_prob_drop,min_hold_bars,max_hold_seconds,stop_loss_pct,take_profit_pct,max_spread_bps,trades,wins,pnl,pnl_perc,sharpe,max_drawdown,profit_factor,median_trade,avg_trade,fraction_time_in_position,skipped_spread,skipped_sizing,skipped_other,exit_reasons,coverage
0.56,0.54,0.15,5,5400,0.005,,8,536,239,0.1373525846375094,0.009156838975833961,0.35182889594518624,0.4216663581953941,1.0462982647991403,-0.0014323882772864674,0.00025625482208490555,0.3835,356,0,0,"{""gate_close"": 372, ""prob_floor"": 515, ""stop_loss"": 4, ""time_limit"": 1}",0.2339
0.56,0.54,0.15,5,5400,0.005,,12,576,227,-1.6663827719419542,-0.11109218479613028,-4.281192559149836,1.6835092254612172,0.601247619836672,-0.002550048478419625,-0.0028930256457325616,0.3657,81,0,0,"{""gate_close"": 262, ""prob_floor"": 393, ""stop_loss"": 1, ""time_limit"": 1}",0.2339
0.56,0.54,0.15,5,5400,0.005,0.01,8,536,239,0.1373525846375094,0.009156838975833961,0.35182889594518624,0.4216663581953941,1.0462982647991403,-0.0014323882772864674,0.00025625482208490555,0.3835,356,0,0,"{""gate_close"": 372, ""prob_floor"": 515, ""stop_loss"": 4, ""time_limit"": 1}",0.2339
0.56,0.54,0.15,5,5400,0.005,0.01,12,576,227,-1.6663827719419542,-0.11109218479613028,-4.281192559149836,1.6835092254612172,0.601247619836672,-0.002550048478419625,-0.0028930256457325616,0.3657,81,0,0,"{""gate_close"": 262, ""prob_floor"": 393, ""stop_loss"": 1, ""time_limit"": 1}",0.2339
0.56,0.54,0.15,5,5400,0.012,,8,536,239,0.1373525846375094,0.009156838975833961,0.35182889594518624,0.4216663581953941,1.0462982647991403,-0.0014323882772864674,0.00025625482208490555,0.3835,355,0,0,"{""gate_close"": 375, ""prob_floor"": 515, ""time_limit"": 1}",0.2339
0.56,0.54,0.15,5,5400,0.012,,12,576,227,-1.6663827719419542,-0.11109218479613028,-4.281192559149836,1.6835092254612172,0.601247619836672,-0.002550048478419625,-0.0028930256457325616,0.3657,80,0,0,"{""gate_close"": 262, ""prob_floor"": 393, ""time_limit"": 1}",0.2339
0.56,0.54,0.15,5,5400,0.012,0.01,8,536,239,0.1373525846375094,0.009156838975833961,0.35182889594518624,0.4216663581953941,1.0462982647991403,-0.0014323882772864674,0.00025625482208490555,0.3835,355,0,0,"{""gate_close"": 375, ""prob_floor"": 515, ""time_limit"": 1}",0.2339
0.56,0.54,0.15,5,5400,0.012,0.01,12,576,227,-1.6663827719419542,-0.11109218479613028,-4.281192559149836,1.6835092254612172,0.601247619836672,-0.002550048478419625,-0.0028930256457325616,0.3657,80,0,0,"{""gate_close"": 262, ""prob_floor"": 393, ""time_limit"": 1}",0.2339
0.56,0.54,0.15,5,14400,0.005,,8,536,239,0.1373525846375094,0.009156838975833961,0.35182889594518624,0.4216663581953941,1.0462982647991403,-0.0014323882772864674,0.00025625482208490555,0.3835,356,0,0,"{""gate_close"": 372, ""prob_floor"": 516, ""stop_loss"": 4}",0.2339
0.56,0.54,0.15,5,14400,0.005,,12,576,227,-1.6663827719419542,-0.11109218479613028,-4.281192559149836,1.6835092254612172,0.601247619836672,-0.002550048478419625,-0.0028930256457325616,0.3657,81,0,0,"{""gate_close"": 262, ""prob_floor"": 394, ""stop_loss"": 1}",0.2339
0.56,0.54,0.15,5,14400,0.005,0.01,8,536,239,0.1373525846375094,0.009156838975833961,0.35182889594518624,0.4216663581953941,1.0462982647991403,-0.0014323882772864674,0.00025625482208490555,0.3835,356,0,0,"{""gate_close"": 372, ""prob_floor"": 516, ""stop_loss"": 4}",0.2339
0.56,0.54,0.15,5,14400,0.005,0.01,12,576,227,-1.6663827719419542,-0.11109218479613028,-4.281192559149836,1.6835092254612172,0.601247619836672,-0.002550048478419625,-0.0028930256457325616,0.3657,81,0,0,"{""gate_close"": 262, ""prob_floor"": 394, ""stop_loss"": 1}",0.2339
0.56,0.54,0.15,5,14400,0.012,,8,536,239,0.1373525846375094,0.009156838975833961,0.35182889594518624,0.4216663581953941,1.0462982647991403,-0.0014323882772864674,0.00025625482208490555,0.3835,355,0,0,"{""gate_close"": 375, ""prob_floor"": 516}",0.2339
0.56,0.54,0.15,5,14400,0.012,,12,576,227,-1.6663827719419542,-0.11109218479613028,-4.281192559149836,1.6835092254612172,0.601247619836672,-0.002550048478419625,-0.0028930256457325616,0.3657,80,0,0,"{""gate_close"": 262, ""prob_floor"": 394}",0.2339
0.56,0.54,0.15,5,14400,0.012,0.01,8,536,239,0.1373525846375094,0.009156838975833961,0.35182889594518624,0.4216663581953941,1.0462982647991403,-0.0014323882772864674,0.00025625482208490555,0.3835,355,0,0,"{""gate_close"": 375, ""prob_floor"": 516}",0.2339
0.56,0.54,0.15,5,14400,0.012,0.01,12,576,227,-1.6663827719419542,-0.11109218479613028,-4.281192559149836,1.6835092254612172,0.601247619836672,-0.002550048478419625,-0.0028930256457325616,0.3657,80,0,0,"{""gate_close"": 262, ""prob_floor"": 394}",0.2339
0.56,0.54,0.15,8,5400,0.005,,8,440,229,1.2709622804515526,0.08473081869677017,3.23411663140241,0.19256651653595352,1.6049727185144667,0.0005286100220889905,0.002888550637389891,0.4391,280,0,0,"{""gate_close"": 285, ""prob_floor"": 429, ""time_limit"": 2, ""stop_loss"": 4}",0.2339
0.56,0.54,0.15,8,5400,0.005,,12,466,222,0.014808609069271303,0.0009872406046180868,0.03900407823813229,0.28909533349243566,1.0052786785785193,-0.0003597491363199472,3.177813104993864e-05,0.4274,70,0,0,"{""gate_close"": 177, ""prob_floor"": 353, ""time_limit"": 2, ""stop_loss"": 4}",0.2339
0.56,0.54,0.15,8,5400,0.005,0.01,8,440,229,1.2709622804515526,0.08473081869677017,3.23411663140241,0.19256651653595352,1.6049727185144667,0.0005286100220889905,0.002888550637389891,0.4391,280,0,0,"{""gate_close"": 285, ""prob_floor"": 429, ""time_limit"": 2, ""stop_loss"": 4}",0.2339
0.56,0.54,0.15,8,5400,0.005,0.01,12,466,222,0.014808609069271303,0.0009872406046180868,0.03900407823813229,0.28909533349243566,1.0052786785785193,-0.0003597491363199472,3.177813104993864e-05,0.4274,70,0,0,"{""gate_close"": 177, ""prob_floor"": 353, ""time_limit"": 2, ""stop_loss"": 4}",0.2339
0.56,0.54,0.15,8,5400,0.012,,8,440,229,1.2709622804515526,0.08473081869677017,3.23411663140241,0.19256651653595352,1.6049727185144667,0.0005286100220889905,0.002888550637389891,0.4391,279,0,0,"{""gate_close"": 288, ""prob_floor"": 429, ""time_limit"": 2}",0.2339
0.56,0.54,0.15,8,5400,0.012,,12,466,222,0.014808609069271303,0.0009872406046180868,0.03900407823813229,0.28909533349243566,1.0052786785785193,-0.0003597491363199472,3.177813104993864e-05,0.4274,69,0,0,"{""gate_close"": 180, ""prob_floor"": 353, ""time_limit"": 2}",0.2339
0.56,0.54,0.15,8,5400,0.012,0.01,8,440,229,1.2709622804515526,0.08473081869677017,3.23411663140241,0.19256651653595352,1.6049727185144667,0.0005286100220889905,0.002888550637389891,0.4391,279,0,0,"{""gate_close"": 288, ""prob_floor"": 429, ""time_limit"": 2}",0.2339
0.56,0.54,0.15,8,5400,0.012,0.01,12,466,222,0.014808609069271303,0.0009872406046180868,0.03900407823813229,0.28909533349243566,1.0052786785785193,-0.0003597491363199472,3.177813104993864e-05,0.4274,69,0,0,"{""gate_close"": 180, ""prob_floor"": 353, ""time_limit"": 2}",0.2339
0.56,0.54,0.15,8,14400,0.005,,8,440,229,1.2709622804515526,0.08473081869677017,3.23411663140241,0.19256651653595352,1.6049727185144667,0.0005286100220889905,0.002888550637389891,0.4391,280,0,0,"{""gate_close"": 285, ""prob_floor"": 430, ""time_limit"": 1, ""stop_loss"": 4}",0.2339
0.56,0.54,0.15,8,14400,0.005,,12,466,222,0.014808609069271303,0.0009872406046180868,0.03900407823813229,0.28909533349243566,1.0052786785785193,-0.0003597491363199472,3.177813104993864e-05,0.4274,70,0,0,"{""gate_close"": 177, ""prob_floor"": 354, ""time_limit"": 1, ""stop_loss"": 4}",0.2339
0.56,0.54,0.15,8,14400,0.005,0.01,8,440,229,1.2709622804515526,0.08473081869677017,3.23411663140241,0.19256651653595352,1.6049727185144667,0.0005286100220889905,0.002888550637389891,0.4391,280,0,0,"{""gate_close"": 285, ""prob_floor"": 430, ""time_limit"": 1, ""stop_loss"": 4}",0.2339
0.56,0.54,0.15,8,14400,0.005,0.01,12,466,222,0.014808609069271303,0.0009872406046180868,0.03900407823813229,0.28909533349243566,1.0052786785785193,-0.0003597491363199472,3.177813104993864e-05,0.4274,70,0,0,"{""gate_close"": 177, ""prob_floor"": 354, ""time_limit"": 1, ""stop_loss"": 4}",0.2339
0.56,0.54,0.15,8,14400,0.012,,8,440,229,1.2709622804515526,0.08473081869677017,3.23411663140241,0.19256651653595352,1.6049727185144667,0.0005286100220889905,0.002888550637389891,0.4391,279,0,0,"{""gate_close"": 288, ""prob_floor"": 430, ""time_limit"": 1}",0.2339
0.56,0.54,0.15,8,14400,0.012,,12,466,222,0.014808609069271303,0.0009872406046180868,0.03900407823813229,0.28909533349243566,1.0052786785785193,-0.0003597491363199472,3.177813104993864e-05,0.4274,69,0,0,"{""gate_close"": 180, ""prob_floor"": 354, ""time_limit"": 1}",0.2339
0.56,0.54,0.15,8,14400,0.012,0.01,8,440,229,1.2709622804515526,0.08473081869677017,3.23411663140241,0.19256651653595352,1.6049727185144667,0.0005286100220889905,0.002888550637389891,0.4391,279,0,0,"{""gate_close"": 288, ""prob_floor"": 430, ""time_limit"": 1}",0.2339
0.56,0.54,0.15,8,14400,0.012,0.01,12,466,222,0.014808609069271303,0.0009872406046180868,0.03900407823813229,0.28909533349243566,1.0052786785785193,-0.0003597491363199472,3.177813104993864e-05,0.4274,69,0,0,"{""gate_close"": 180, ""prob_floor"": 354, ""time_limit"": 1}",0.2339
0.56,0.54,0.2,5,5400,0.005,,8,536,239,0.1373525846375094,0.009156838975833961,0.35182889594518624,0.4216663581953941,1.0462982647991403,-0.0014323882772864674,0.00025625482208490555,0.3835,356,0,0,"{""gate_close"": 372, ""prob_floor"": 515, ""stop_loss"": 4, ""time_limit"": 1}",0.2339
0.56,0.54,0.2,5,5400,0.005,,12,576,227,-1.6663827719419542,-0.11109218479613028,-4.281192559149836,1.6835092254612172,0.601247619836672,-0.002550048478419625,-0.0028930256457325616,0.3657,81,0,0,"{""gate_close"": 262, ""prob_floor"": 393, ""stop_loss"": 1, ""time_limit"": 1}",0.2339
0.56,0.54,0.2,5,5400,0.005,0.01,8,536,239,0.1373525846375094,0.009156838975833961,0.35182889594518624,0.4216663581953941,1.0462982647991403,-0.0014323882772864674,0.00025625482208490555,0.3835,356,0,0,"{""gate_close"": 372, ""prob_floor"": 515, ""stop_loss"": 4, ""time_limit"": 1}",0.2339
0.56,0.54,0.2,5,5400,0.005,0.01,12,576,227,-1.6663827719419542,-0.11109218479613028,-4.281192559149836,1.6835092254612172,0.601247619836672,-0.002550048478419625,-0.0028930256457325616,0.3657,81,0,0,"{""gate_close"": 262, ""prob_floor"": 393, ""stop_loss"": 1, ""time_limit"": 1}",0.2339
0.56,0.54,0.2,5,5400,0.012,,8,536,239,0.1373525846375094,0.009156838975833961,0.35182889594518624,0.4216663581953941,1.0462982647991403,-0.0014323882772864674,0.00025625482208490555,0.3835,355,0,0,"{""gate_close"": 375, ""prob_floor"": 515, ""time_limit"": 1}",0.2339
0.56,0.54,0.2,5,5400,0.012,,12,576,227,-1.6663827719419542,-0.11109218479613028,-4.281192559149836,1.6835092254612172,0.601247619836672,-0.002550048478419625,-0.0028930256457325616,0.3657,80,0,0,"{""gate_close"": 262, ""prob_floor"": 393, ""time_limit"": 1}",0.2339
0.56,0.54,0.2,5,5400,0.012,0.01,8,536,239,0.1373525846375094,0.009156838975833961,0.35182889594518624,0.4216663581953941,1.0462982647991403,-0.0014323882772864674,0.00025625482208490555,0.3835,355,0,0,"{""gate_close"": 375, ""prob_floor"": 515, ""time_limit"": 1}",0.2339
0.56,0.54,0.2,5,5400,0.012,0.01,12,576,227,-1.6663827719419542,-0.11109218479613028,-4.281192559149836,1.6835092254612172,0.601247619836672,-0.002550048478419625,-0.0028930256457325616,0.3657,80,0,0,"{""gate_close"": 262, ""prob_floor"": 393, ""time_limit"": 1}",0.2339
0.56,0.54,0.2,5,14400,0.005,,8,536,239,0.1373525846375094,0.009156838975833961,0.35182889594518624,0.4216663581953941,1.0462982647991403,-0.0014323882772864674,0.00025625482208490555,0.3835,356,0,0,"{""gate_close"": 372, ""prob_floor"": 516, ""stop_loss"": 4}",0.2339
0.56,0.54,0.2,5,14400,0.005,,12,576,227,-1.6663827719419542,-0.11109218479613028,-4.281192559149836,1.6835092254612172,0.601247619836672,-0.002550048478419625,-0.0028930256457325616,0.3657,81,0,0,"{""gate_close"": 262, ""prob_floor"": 394, ""stop_loss"": 1}",0.2339
0.56,0.54,0.2,5,14400,0.005,0.01,8,536,239,0.1373525846375094,0.009156838975833961,0.35182889594518624,0.4216663581953941,1.0462982647991403,-0.0014323882772864674,0.00025625482208490555,0.3835,356,0,0,"{""gate_close"": 372, ""prob_floor"": 516, ""stop_loss"": 4}",0.2339
0.56,0.54,0.2,5,14400,0.005,0.01,12,576,227,-1.6663827719419542,-0.11109218479613028,-4.281192559149836,1.6835092254612172,0.601247619836672,-0.002550048478419625,-0.0028930256457325616,0.3657,81,0,0,"{""gate_close"": 262, ""prob_floor"": 394, ""stop_loss"": 1}",0.2339
0.56,0.54,0.2,5,14400,0.012,,8,536,239,0.1373525846375094,0.009156838975833961,0.35182889594518624,0.4216663581953941,1.0462982647991403,-0.0014323882772864674,0.00025625482208490555,0.3835,355,0,0,"{""gate_close"": 375, ""prob_floor"": 516}",0.2339
0.56,0.54,0.2,5,14400,0.012,,12,576,227,-1.6663827719419542,-0.11109218479613028,-4.281192559149836,1.6835092254612172,0.601247619836672,-0.002550048478419625,-0.0028930256457325616,0.3657,80,0,0,"{""gate_close"": 262, ""prob_floor"": 394}",0.2339
0.56,0.54,0.2,5,14400,0.012,0.01,8,536,239,0.1373525846375094,0.009156838975833961,0.35182889594518624,0.4216663581953941,1.0462982647991403,-0.0014323882772864674,0.00025625482208490555,0.3835,355,0,0,"{""gate_close"": 375, ""prob_floor"": 516}",0.2339
0.56,0.54,0.2,5,14400,0.012,0.01,12,576,227,-1.6663827719419542,-0.11109218479613028,-4.281192559149836,1.6835092254612172,0.601247619836672,-0.002550048478419625,-0.0028930256457325616,0.3657,80,0,0,"{""gate_close"": 262, ""prob_floor"": 394}",0.2339
0.56,0.54,0.2,8,5400,0.005,,8,440,229,1.2709622804515526,0.08473081869677017,3.23411663140241,0.19256651653595352,1.6049727185144667,0.0005286100220889905,0.002888550637389891,0.4391,280,0,0,"{""gate_close"": 285, ""prob_floor"": 429, ""time_limit"": 2, ""stop_loss"": 4}",0.2339
0.56,0.54,0.2,8,5400,0.005,,12,466,222,0.014808609069271303,0.0009872406046180868,0.03900407823813229,0.28909533349243566,1.0052786785785193,-0.0003597491363199472,3.177813104993864e-05,0.4274,70,0,0,"{""gate_close"": 177, ""prob_floor"": 353, ""time_limit"": 2, ""stop_loss"": 4}",0.2339
0.56,0.54,0.2,8,5400,0.005,0.01,8,440,229,1.2709622804515526,0.08473081869677017,3.23411663140241,0.19256651653595352,1.6049727185144667,0.0005286100220889905,0.002888550637389891,0.4391,280,0,0,"{""gate_close"": 285, ""prob_floor"": 429, ""time_limit"": 2, ""stop_loss"": 4}",0.2339
0.56,0.54,0.2,8,5400,0.005,0.01,12,466,222,0.014808609069271303,0.0009872406046180868,0.03900407823813229,0.28909533349243566,1.0052786785785193,-0.0003597491363199472,3.177813104993864e-05,0.4274,70,0,0,"{""gate_close"": 177, ""prob_floor"": 353, ""time_limit"": 2, ""stop_loss"": 4}",0.2339
0.56,0.54,0.2,8,5400,0.012,,8,440,229,1.2709622804515526,0.08473081869677017,3.23411663140241,0.19256651653595352,1.6049727185144667,0.0005286100220889905,0.002888550637389891,0.4391,279,0,0,"{""gate_close"": 288, ""prob_floor"": 429, ""time_limit"": 2}",0.2339
0.56,0.54,0.2,8,5400,0.012,,12,466,222,0.014808609069271303,0.0009872406046180868,0.03900407823813229,0.28909533349243566,1.0052786785785193,-0.0003597491363199472,3.177813104993864e-05,0.4274,69,0,0,"{""gate_close"": 180, ""prob_floor"": 353, ""time_limit"": 2}",0.2339
0.56,0.54,0.2,8,5400,0.012,0.01,8,440,229,1.2709622804515526,0.08473081869677017,3.23411663140241,0.19256651653595352,1.6049727185144667,0.0005286100220889905,0.002888550637389891,0.4391,279,0,0,"{""gate_close"": 288, ""prob_floor"": 429, ""time_limit"": 2}",0.2339
0.56,0.54,0.2,8,5400,0.012,0.01,12,466,222,0.014808609069271303,0.0009872406046180868,0.03900407823813229,0.28909533349243566,1.0052786785785193,-0.0003597491363199472,3.177813104993864e-05,0.4274,69,0,0,"{""gate_close"": 180, ""prob_floor"": 353, ""time_limit"": 2}",0.2339
0.56,0.54,0.2,8,14400,0.005,,8,440,229,1.2709622804515526,0.08473081869677017,3.23411663140241,0.19256651653595352,1.6049727185144667,0.0005286100220889905,0.002888550637389891,0.4391,280,0,0,"{""gate_close"": 285, ""prob_floor"": 430, ""time_limit"": 1, ""stop_loss"": 4}",0.2339
0.56,0.54,0.2,8,14400,0.005,,12,466,222,0.014808609069271303,0.0009872406046180868,0.03900407823813229,0.28909533349243566,1.0052786785785193,-0.0003597491363199472,3.177813104993864e-05,0.4274,70,0,0,"{""gate_close"": 177, ""prob_floor"": 354, ""time_limit"": 1, ""stop_loss"": 4}",0.2339
0.56,0.54,0.2,8,14400,0.005,0.01,8,440,229,1.2709622804515526,0.08473081869677017,3.23411663140241,0.19256651653595352,1.6049727185144667,0.0005286100220889905,0.002888550637389891,0.4391,280,0,0,"{""gate_close"": 285, ""prob_floor"": 430, ""time_limit"": 1, ""stop_loss"": 4}",0.2339
0.56,0.54,0.2,8,14400,0.005,0.01,12,466,222,0.014808609069271303,0.0009872406046180868,0.03900407823813229,0.28909533349243566,1.0052786785785193,-0.0003597491363199472,3.177813104993864e-05,0.4274,70,0,0,"{""gate_close"": 177, ""prob_floor"": 354, ""time_limit"": 1, ""stop_loss"": 4}",0.2339
0.56,0.54,0.2,8,14400,0.012,,8,440,229,1.2709622804515526,0.08473081869677017,3.23411663140241,0.19256651653595352,1.6049727185144667,0.0005286100220889905,0.002888550637389891,0.4391,279,0,0,"{""gate_close"": 288, ""prob_floor"": 430, ""time_limit"": 1}",0.2339
0.56,0.54,0.2,8,14400,0.012,,12,466,222,0.014808609069271303,0.0009872406046180868,0.03900407823813229,0.28909533349243566,1.0052786785785193,-0.0003597491363199472,3.177813104993864e-05,0.4274,69,0,0,"{""gate_close"": 180, ""prob_floor"": 354, ""time_limit"": 1}",0.2339
0.56,0.54,0.2,8,14400,0.012,0.01,8,440,229,1.2709622804515526,0.08473081869677017,3.23411663140241,0.19256651653595352,1.6049727185144667,0.0005286100220889905,0.002888550637389891,0.4391,279,0,0,"{""gate_close"": 288, ""prob_floor"": 430, ""time_limit"": 1}",0.2339
0.56,0.54,0.2,8,14400,0.012,0.01,12,466,222,0.014808609069271303,0.0009872406046180868,0.03900407823813229,0.28909533349243566,1.0052786785785193,-0.0003597491363199472,3.177813104993864e-05,0.4274,69,0,0,"{""gate_close"": 180, ""prob_floor"": 354, ""time_limit"": 1}",0.2339
0.56,0.55,0.15,5,5400,0.005,,8,536,239,0.1373525846375094,0.009156838975833961,0.35182889594518624,0.4216663581953941,1.0462982647991403,-0.0014323882772864674,0.00025625482208490555,0.3835,356,0,0,"{""gate_close"": 372, ""prob_floor"": 515, ""stop_loss"": 4, ""time_limit"": 1}",0.2339
0.56,0.55,0.15,5,5400,0.005,,12,576,227,-1.6663827719419542,-0.11109218479613028,-4.281192559149836,1.6835092254612172,0.601247619836672,-0.002550048478419625,-0.0028930256457325616,0.3657,81,0,0,"{""gate_close"": 262, ""prob_floor"": 393, ""stop_loss"": 1, ""time_limit"": 1}",0.2339
0.56,0.55,0.15,5,5400,0.005,0.01,8,536,239,0.1373525846375094,0.009156838975833961,0.35182889594518624,0.4216663581953941,1.0462982647991403,-0.0014323882772864674,0.00025625482208490555,0.3835,356,0,0,"{""gate_close"": 372, ""prob_floor"": 515, ""stop_loss"": 4, ""time_limit"": 1}",0.2339
0.56,0.55,0.15,5,5400,0.005,0.01,12,576,227,-1.6663827719419542,-0.11109218479613028,-4.281192559149836,1.6835092254612172,0.601247619836672,-0.002550048478419625,-0.0028930256457325616,0.3657,81,0,0,"{""gate_close"": 262, ""prob_floor"": 393, ""stop_loss"": 1, ""time_limit"": 1}",0.2339
0.56,0.55,0.15,5,5400,0.012,,8,536,239,0.1373525846375094,0.009156838975833961,0.35182889594518624,0.4216663581953941,1.0462982647991403,-0.0014323882772864674,0.00025625482208490555,0.3835,355,0,0,"{""gate_close"": 375, ""prob_floor"": 515, ""time_limit"": 1}",0.2339
0.56,0.55,0.15,5,5400,0.012,,12,576,227,-1.6663827719419542,-0.11109218479613028,-4.281192559149836,1.6835092254612172,0.601247619836672,-0.002550048478419625,-0.0028930256457325616,0.3657,80,0,0,"{""gate_close"": 262, ""prob_floor"": 393, ""time_limit"": 1}",0.2339
0.56,0.55,0.15,5,5400,0.012,0.01,8,536,239,0.1373525846375094,0.009156838975833961,0.35182889594518624,0.4216663581953941,1.0462982647991403,-0.0014323882772864674,0.00025625482208490555,0.3835,355,0,0,"{""gate_close"": 375, ""prob_floor"": 515, ""time_limit"": 1}",0.2339
0.56,0.55,0.15,5,5400,0.012,0.01,12,576,227,-1.6663827719419542,-0.11109218479613028,-4.281192559149836,1.6835092254612172,0.601247619836672,-0.002550048478419625,-0.0028930256457325616,0.3657,80,0,0,"{""gate_close"": 262, ""prob_floor"": 393, ""time_limit"": 1}",0.2339
0.56,0.55,0.15,5,14400,0.005,,8,536,239,0.1373525846375094,0.009156838975833961,0.35182889594518624,0.4216663581953941,1.0462982647991403,-0.0014323882772864674,0.00025625482208490555,0.3835,356,0,0,"{""gate_close"": 372, ""prob_floor"": 516, ""stop_loss"": 4}",0.2339
0.56,0.55,0.15,5,14400,0.005,,12,576,227,-1.6663827719419542,-0.11109218479613028,-4.281192559149836,1.6835092254612172,0.601247619836672,-0.002550048478419625,-0.0028930256457325616,0.3657,81,0,0,"{""gate_close"": 262, ""prob_floor"": 394, ""stop_loss"": 1}",0.2339
0.56,0.55,0.15,5,14400,0.005,0.01,8,536,239,0.1373525846375094,0.009156838975833961,0.35182889594518624,0.4216663581953941,1.0462982647991403,-0.0014323882772864674,0.00025625482208490555,0.3835,356,0,0,"{""gate_close"": 372, ""prob_floor"": 516, ""stop_loss"": 4}",0.2339
0.56,0.55,0.15,5,14400,0.005,0.01,12,576,227,-1.6663827719419542,-0.11109218479613028,-4.281192559149836,1.6835092254612172,0.601247619836672,-0.002550048478419625,-0.0028930256457325616,0.3657,81,0,0,"{""gate_close"": 262, ""prob_floor"": 394, ""stop_loss"": 1}",0.2339
0.56,0.55,0.15,5,14400,0.012,,8,536,239,0.1373525846375094,0.009156838975833961,0.35182889594518624,0.4216663581953941,1.0462982647991403,-0.0014323882772864674,0.00025625482208490555,0.3835,355,0,0,"{""gate_close"": 375, ""prob_floor"": 516}",0.2339
0.56,0.55,0.15,5,14400,0.012,,12,576,227,-1.6663827719419542,-0.11109218479613028,-4.281192559149836,1.6835092254612172,0.601247619836672,-0.002550048478419625,-0.0028930256457325616,0.3657,80,0,0,"{""gate_close"": 262, ""prob_floor"": 394}",0.2339
0.56,0.55,0.15,5,14400,0.012,0.01,8,536,239,0.1373525846375094,0.009156838975833961,0.35182889594518624,0.4216663581953941,1.0462982647991403,-0.0014323882772864674,0.00025625482208490555,0.3835,355,0,0,"{""gate_close"": 375, ""prob_floor"": 516}",0.2339
0.56,0.55,0.15,5,14400,0.012,0.01,12,576,227,-1.6663827719419542,-0.11109218479613028,-4.281192559149836,1.6835092254612172,0.601247619836672,-0.002550048478419625,-0.0028930256457325616,0.3657,80,0,0,"{""gate_close"": 262, ""prob_floor"": 394}",0.2339
0.56,0.55,0.15,8,5400,0.005,,8,440,229,1.2709622804515526,0.08473081869677017,3.23411663140241,0.19256651653595352,1.6049727185144667,0.0005286100220889905,0.002888550637389891,0.4391,280,0,0,"{""gate_close"": 285, ""prob_floor"": 429, ""time_limit"": 2, ""stop_loss"": 4}",0.2339
0.56,0.55,0.15,8,5400,0.005,,12,466,222,0.014808609069271303,0.0009872406046180868,0.03900407823813229,0.28909533349243566,1.0052786785785193,-0.0003597491363199472,3.177813104993864e-05,0.4274,70,0,0,"{""gate_close"": 177, ""prob_floor"": 353, ""time_limit"": 2, ""stop_loss"": 4}",0.2339
0.56,0.55,0.15,8,5400,0.005,0.01,8,440,229,1.2709622804515526,0.08473081869677017,3.23411663140241,0.19256651653595352,1.6049727185144667,0.0005286100220889905,0.002888550637389891,0.4391,280,0,0,"{""gate_close"": 285, ""prob_floor"": 429, ""time_limit"": 2, ""stop_loss"": 4}",0.2339
0.56,0.55,0.15,8,5400,0.005,0.01,12,466,222,0.014808609069271303,0.0009872406046180868,0.03900407823813229,0.28909533349243566,1.0052786785785193,-0.0003597491363199472,3.177813104993864e-05,0.4274,70,0,0,"{""gate_close"": 177, ""prob_floor"": 353, ""time_limit"": 2, ""stop_loss"": 4}",0.2339
0.56,0.55,0.15,8,5400,0.012,,8,440,229,1.2709622804515526,0.08473081869677017,3.23411663140241,0.19256651653595352,1.6049727185144667,0.0005286100220889905,0.002888550637389891,0.4391,279,0,0,"{""gate_close"": 288, ""prob_floor"": 429, ""time_limit"": 2}",0.2339
0.56,0.55,0.15,8,5400,0.012,,12,466,222,0.014808609069271303,0.0009872406046180868,0.03900407823813229,0.28909533349243566,1.0052786785785193,-0.0003597491363199472,3.177813104993864e-05,0.4274,69,0,0,"{""gate_close"": 180, ""prob_floor"": 353, ""time_limit"": 2}",0.2339
0.56,0.55,0.15,8,5400,0.012,0.01,8,440,229,1.2709622804515526,0.08473081869677017,3.23411663140241,0.19256651653595352,1.6049727185144667,0.0005286100220889905,0.002888550637389891,0.4391,279,0,0,"{""gate_close"": 288, ""prob_floor"": 429, ""time_limit"": 2}",0.2339
0.56,0.55,0.15,8,5400,0.012,0.01,12,466,222,0.014808609069271303,0.0009872406046180868,0.03900407823813229,0.28909533349243566,1.0052786785785193,-0.0003597491363199472,3.177813104993864e-05,0.4274,69,0,0,"{""gate_close"": 180, ""prob_floor"": 353, ""time_limit"": 2}",0.2339
0.56,0.55,0.15,8,14400,0.005,,8,440,229,1.2709622804515526,0.08473081869677017,3.23411663140241,0.19256651653595352,1.6049727185144667,0.0005286100220889905,0.002888550637389891,0.4391,280,0,0,"{""gate_close"": 285, ""prob_floor"": 430, ""time_limit"": 1, ""stop_loss"": 4}",0.2339
0.56,0.55,0.15,8,14400,0.005,,12,466,222,0.014808609069271303,0.0009872406046180868,0.03900407823813229,0.28909533349243566,1.0052786785785193,-0.0003597491363199472,3.177813104993864e-05,0.4274,70,0,0,"{""gate_close"": 177, ""prob_floor"": 354, ""time_limit"": 1, ""stop_loss"": 4}",0.2339
0.56,0.55,0.15,8,14400,0.005,0.01,8,440,229,1.2709622804515526,0.08473081869677017,3.23411663140241,0.19256651653595352,1.6049727185144667,0.0005286100220889905,0.002888550637389891,0.4391,280,0,0,"{""gate_close"": 285, ""prob_floor"": 430, ""time_limit"": 1, ""stop_loss"": 4}",0.2339
0.56,0.55,0.15,8,14400,0.005,0.01,12,466,222,0.014808609069271303,0.0009872406046180868,0.03900407823813229,0.28909533349243566,1.0052786785785193,-0.0003597491363199472,3.177813104993864e-05,0.4274,70,0,0,"{""gate_close"": 177, ""prob_floor"": 354, ""time_limit"": 1, ""stop_loss"": 4}",0.2339
0.56,0.55,0.15,8,14400,0.012,,8,440,229,1.2709622804515526,0.08473081869677017,3.23411663140241,0.19256651653595352,1.6049727185144667,0.0005286100220889905,0.002888550637389891,0.4391,279,0,0,"{""gate_close"": 288, ""prob_floor"": 430, ""time_limit"": 1}",0.2339
0.56,0.55,0.15,8,14400,0.012,,12,466,222,0.014808609069271303,0.0009872406046180868,0.03900407823813229,0.28909533349243566,1.0052786785785193,-0.0003597491363199472,3.177813104993864e-05,0.4274,69,0,0,"{""gate_close"": 180, ""prob_floor"": 354, ""time_limit"": 1}",0.2339
0.56,0.55,0.15,8,14400,0.012,0.01,8,440,229,1.2709622804515526,0.08473081869677017,3.23411663140241,0.19256651653595352,1.6049727185144667,0.0005286100220889905,0.002888550637389891,0.4391,279,0,0,"{""gate_close"": 288, ""prob_floor"": 430, ""time_limit"": 1}",0.2339
0.56,0.55,0.15,8,14400,0.012,0.01,12,466,222,0.014808609069271303,0.0009872406046180868,0.03900407823813229,0.28909533349243566,1.0052786785785193,-0.0003597491363199472,3.177813104993864e-05,0.4274,69,0,0,"{""gate_close"": 180, ""prob_floor"": 354, ""time_limit"": 1}",0.2339
0.56,0.55,0.2,5,5400,0.005,,8,536,239,0.1373525846375094,0.009156838975833961,0.35182889594518624,0.4216663581953941,1.0462982647991403,-0.0014323882772864674,0.00025625482208490555,0.3835,356,0,0,"{""gate_close"": 372, ""prob_floor"": 515, ""stop_loss"": 4, ""time_limit"": 1}",0.2339
0.56,0.55,0.2,5,5400,0.005,,12,576,227,-1.6663827719419542,-0.11109218479613028,-4.281192559149836,1.6835092254612172,0.601247619836672,-0.002550048478419625,-0.0028930256457325616,0.3657,81,0,0,"{""gate_close"": 262, ""prob_floor"": 393, ""stop_loss"": 1, ""time_limit"": 1}",0.2339
0.56,0.55,0.2,5,5400,0.005,0.01,8,536,239,0.1373525846375094,0.009156838975833961,0.35182889594518624,0.4216663581953941,1.0462982647991403,-0.0014323882772864674,0.00025625482208490555,0.3835,356,0,0,"{""gate_close"": 372, ""prob_floor"": 515, ""stop_loss"": 4, ""time_limit"": 1}",0.2339
0.56,0.55,0.2,5,5400,0.005,0.01,12,576,227,-1.6663827719419542,-0.11109218479613028,-4.281192559149836,1.6835092254612172,0.601247619836672,-0.002550048478419625,-0.0028930256457325616,0.3657,81,0,0,"{""gate_close"": 262, ""prob_floor"": 393, ""stop_loss"": 1, ""time_limit"": 1}",0.2339
0.56,0.55,0.2,5,5400,0.012,,8,536,239,0.1373525846375094,0.009156838975833961,0.35182889594518624,0.4216663581953941,1.0462982647991403,-0.0014323882772864674,0.00025625482208490555,0.3835,355,0,0,"{""gate_close"": 375, ""prob_floor"": 515, ""time_limit"": 1}",0.2339
0.56,0.55,0.2,5,5400,0.012,,12,576,227,-1.6663827719419542,-0.11109218479613028,-4.281192559149836,1.6835092254612172,0.601247619836672,-0.002550048478419625,-0.0028930256457325616,0.3657,80,0,0,"{""gate_close"": 262, ""prob_floor"": 393, ""time_limit"": 1}",0.2339
0.56,0.55,0.2,5,5400,0.012,0.01,8,536,239,0.1373525846375094,0.009156838975833961,0.35182889594518624,0.4216663581953941,1.0462982647991403,-0.0014323882772864674,0.00025625482208490555,0.3835,355,0,0,"{""gate_close"": 375, ""prob_floor"": 515, ""time_limit"": 1}",0.2339
0.56,0.55,0.2,5,5400,0.012,0.01,12,576,227,-1.6663827719419542,-0.11109218479613028,-4.281192559149836,1.6835092254612172,0.601247619836672,-0.002550048478419625,-0.0028930256457325616,0.3657,80,0,0,"{""gate_close"": 262, ""prob_floor"": 393, ""time_limit"": 1}",0.2339
0.56,0.55,0.2,5,14400,0.005,,8,536,239,0.1373525846375094,0.009156838975833961,0.35182889594518624,0.4216663581953941,1.0462982647991403,-0.0014323882772864674,0.00025625482208490555,0.3835,356,0,0,"{""gate_close"": 372, ""prob_floor"": 516, ""stop_loss"": 4}",0.2339
0.56,0.55,0.2,5,14400,0.005,,12,576,227,-1.6663827719419542,-0.11109218479613028,-4.281192559149836,1.6835092254612172,0.601247619836672,-0.002550048478419625,-0.0028930256457325616,0.3657,81,0,0,"{""gate_close"": 262, ""prob_floor"": 394, ""stop_loss"": 1}",0.2339
0.56,0.55,0.2,5,14400,0.005,0.01,8,536,239,0.1373525846375094,0.009156838975833961,0.35182889594518624,0.4216663581953941,1.0462982647991403,-0.0014323882772864674,0.00025625482208490555,0.3835,356,0,0,"{""gate_close"": 372, ""prob_floor"": 516, ""stop_loss"": 4}",0.2339
0.56,0.55,0.2,5,14400,0.005,0.01,12,576,227,-1.6663827719419542,-0.11109218479613028,-4.281192559149836,1.6835092254612172,0.601247619836672,-0.002550048478419625,-0.0028930256457325616,0.3657,81,0,0,"{""gate_close"": 262, ""prob_floor"": 394, ""stop_loss"": 1}",0.2339
0.56,0.55,0.2,5,14400,0.012,,8,536,239,0.1373525846375094,0.009156838975833961,0.35182889594518624,0.4216663581953941,1.0462982647991403,-0.0014323882772864674,0.00025625482208490555,0.3835,355,0,0,"{""gate_close"": 375, ""prob_floor"": 516}",0.2339
0.56,0.55,0.2,5,14400,0.012,,12,576,227,-1.6663827719419542,-0.11109218479613028,-4.281192559149836,1.6835092254612172,0.601247619836672,-0.002550048478419625,-0.0028930256457325616,0.3657,80,0,0,"{""gate_close"": 262, ""prob_floor"": 394}",0.2339
0.56,0.55,0.2,5,14400,0.012,0.01,8,536,239,0.1373525846375094,0.009156838975833961,0.35182889594518624,0.4216663581953941,1.0462982647991403,-0.0014323882772864674,0.00025625482208490555,0.3835,355,0,0,"{""gate_close"": 375, ""prob_floor"": 516}",0.2339
0.56,0.55,0.2,5,14400,0.012,0.01,12,576,227,-1.6663827719419542,-0.11109218479613028,-4.281192559149836,1.6835092254612172,0.601247619836672,-0.002550048478419625,-0.0028930256457325616,0.3657,80,0,0,"{""gate_close"": 262, ""prob_floor"": 394}",0.2339
0.56,0.55,0.2,8,5400,0.005,,8,440,229,1.2709622804515526,0.08473081869677017,3.23411663140241,0.19256651653595352,1.6049727185144667,0.0005286100220889905,0.002888550637389891,0.4391,280,0,0,"{""gate_close"": 285, ""prob_floor"": 429, ""time_limit"": 2, ""stop_loss"": 4}",0.2339
0.56,0.55,0.2,8,5400,0.005,,12,466,222,0.014808609069271303,0.0009872406046180868,0.03900407823813229,0.28909533349243566,1.0052786785785193,-0.0003597491363199472,3.177813104993864e-05,0.4274,70,0,0,"{""gate_close"": 177, ""prob_floor"": 353, ""time_limit"": 2, ""stop_loss"": 4}",0.2339
0.56,0.55,0.2,8,5400,0.005,0.01,8,440,229,1.2709622804515526,0.08473081869677017,3.23411663140241,0.19256651653595352,1.6049727185144667,0.0005286100220889905,0.002888550637389891,0.4391,280,0,0,"{""gate_close"": 285, ""prob_floor"": 429, ""time_limit"": 2, ""stop_loss"": 4}",0.2339
0.56,0.55,0.2,8,5400,0.005,0.01,12,466,222,0.014808609069271303,0.0009872406046180868,0.03900407823813229,0.28909533349243566,1.0052786785785193,-0.0003597491363199472,3.177813104993864e-05,0.4274,70,0,0,"{""gate_close"": 177, ""prob_floor"": 353, ""time_limit"": 2, ""stop_loss"": 4}",0.2339
0.56,0.55,0.2,8,5400,0.012,,8,440,229,1.2709622804515526,0.08473081869677017,3.23411663140241,0.19256651653595352,1.6049727185144667,0.0005286100220889905,0.002888550637389891,0.4391,279,0,0,"{""gate_close"": 288, ""prob_floor"": 429, ""time_limit"": 2}",0.2339
0.56,0.55,0.2,8,5400,0.012,,12,466,222,0.014808609069271303,0.0009872406046180868,0.03900407823813229,0.28909533349243566,1.0052786785785193,-0.0003597491363199472,3.177813104993864e-05,0.4274,69,0,0,"{""gate_close"": 180, ""prob_floor"": 353, ""time_limit"": 2}",0.2339
0.56,0.55,0.2,8,5400,0.012,0.01,8,440,229,1.2709622804515526,0.08473081869677017,3.23411663140241,0.19256651653595352,1.6049727185144667,0.0005286100220889905,0.002888550637389891,0.4391,279,0,0,"{""gate_close"": 288, ""prob_floor"": 429, ""time_limit"": 2}",0.2339
0.56,0.55,0.2,8,5400,0.012,0.01,12,466,222,0.014808609069271303,0.0009872406046180868,0.03900407823813229,0.28909533349243566,1.0052786785785193,-0.0003597491363199472,3.177813104993864e-05,0.4274,69,0,0,"{""gate_close"": 180, ""prob_floor"": 353, ""time_limit"": 2}",0.2339
0.56,0.55,0.2,8,14400,0.005,,8,440,229,1.2709622804515526,0.08473081869677017,3.23411663140241,0.19256651653595352,1.6049727185144667,0.0005286100220889905,0.002888550637389891,0.4391,280,0,0,"{""gate_close"": 285, ""prob_floor"": 430, ""time_limit"": 1, ""stop_loss"": 4}",0.2339
0.56,0.55,0.2,8,14400,0.005,,12,466,222,0.014808609069271303,0.0009872406046180868,0.03900407823813229,0.28909533349243566,1.0052786785785193,-0.0003597491363199472,3.177813104993864e-05,0.4274,70,0,0,"{""gate_close"": 177, ""prob_floor"": 354, ""time_limit"": 1, ""stop_loss"": 4}",0.2339
0.56,0.55,0.2,8,14400,0.005,0.01,8,440,229,1.2709622804515526,0.08473081869677017,3.23411663140241,0.19256651653595352,1.6049727185144667,0.0005286100220889905,0.002888550637389891,0.4391,280,0,0,"{""gate_close"": 285, ""prob_floor"": 430, ""time_limit"": 1, ""stop_loss"": 4}",0.2339
0.56,0.55,0.2,8,14400,0.005,0.01,12,466,222,0.014808609069271303,0.0009872406046180868,0.03900407823813229,0.28909533349243566,1.0052786785785193,-0.0003597491363199472,3.177813104993864e-05,0.4274,70,0,0,"{""gate_close"": 177, ""prob_floor"": 354, ""time_limit"": 1, ""stop_loss"": 4}",0.2339
0.56,0.55,0.2,8,14400,0.012,,8,440,229,1.2709622804515526,0.08473081869677017,3.23411663140241,0.19256651653595352,1.6049727185144667,0.0005286100220889905,0.002888550637389891,0.4391,279,0,0,"{""gate_close"": 288, ""prob_floor"": 430, ""time_limit"": 1}",0.2339
0.56,0.55,0.2,8,14400,0.012,,12,466,222,0.014808609069271303,0.0009872406046180868,0.03900407823813229,0.28909533349243566,1.0052786785785193,-0.0003597491363199472,3.177813104993864e-05,0.4274,69,0,0,"{""gate_close"": 180, ""prob_floor"": 354, ""time_limit"": 1}",0.2339
0.56,0.55,0.2,8,14400,0.012,0.01,8,440,229,1.2709622804515526,0.08473081869677017,3.23411663140241,0.19256651653595352,1.6049727185144667,0.0005286100220889905,0.002888550637389891,0.4391,279,0,0,"{""gate_close"": 288, ""prob_floor"": 430, ""time_limit"": 1}",0.2339
0.56,0.55,0.2,8,14400,0.012,0.01,12,466,222,0.014808609069271303,0.0009872406046180868,0.03900407823813229,0.28909533349243566,1.0052786785785193,-0.0003597491363199472,3.177813104993864e-05,0.4274,69,0,0,"{""gate_close"": 180, ""prob_floor"": 354, ""time_limit"": 1}",0.2339
0.57,0.5499999999999999,0.15,5,5400,0.005,,8,217,139,1.7969892216087153,0.11979928144058102,5.533653084371208,0.10084672467926481,2.8533805811393522,0.00810573466687381,0.00828105632077749,0.1974,209,0,0,"{""gate_close"": 159, ""prob_floor"": 263, ""time_limit"": 1, ""stop_loss"": 3}",0.0864
0.57,0.5499999999999999,0.15,5,5400,0.005,,12,238,138,0.6110942338074438,0.040739615587162915,1.9574550865448763,0.13293204621290278,1.4000577573137063,0.003000859100588068,0.0025676228311237127,0.1824,56,0,0,"{""gate_close"": 110, ""prob_floor"": 183, ""time_limit"": 1}",0.0864
0.57,0.5499999999999999,0.15,5,5400,0.005,0.01,8,217,139,1.7969892216087153,0.11979928144058102,5.533653084371208,0.10084672467926481,2.8533805811393522,0.00810573466687381,0.00828105632077749,0.1974,209,0,0,"{""gate_close"": 159, ""prob_floor"": 263, ""time_limit"": 1, ""stop_loss"": 3}",0.0864
0.57,0.5499999999999999,0.15,5,5400,0.005,0.01,12,238,138,0.6110942338074438,0.040739615587162915,1.9574550865448763,0.13293204621290278,1.4000577573137063,0.003000859100588068,0.0025676228311237127,0.1824,56,0,0,"{""gate_close"": 110, ""prob_floor"": 183, ""time_limit"": 1}",0.0864
0.57,0.5499999999999999,0.15,5,5400,0.012,,8,217,139,1.7969892216087153,0.11979928144058102,5.533653084371208,0.10084672467926481,2.8533805811393522,0.00810573466687381,0.00828105632077749,0.1974,209,0,0,"{""gate_close"": 162, ""prob_floor"": 263, ""time_limit"": 1}",0.0864
0.57,0.5499999999999999,0.15,5,5400,0.012,,12,238,138,0.6110942338074438,0.040739615587162915,1.9574550865448763,0.13293204621290278,1.4000577573137063,0.003000859100588068,0.0025676228311237127,0.1824,56,0,0,"{""gate_close"": 110, ""prob_floor"": 183, ""time_limit"": 1}",0.0864
0.57,0.5499999999999999,0.15,5,5400,0.012,0.01,8,217,139,1.7969892216087153,0.11979928144058102,5.533653084371208,0.10084672467926481,2.8533805811393522,0.00810573466687381,0.00828105632077749,0.1974,209,0,0,"{""gate_close"": 162, ""prob_floor"": 263, ""time_limit"": 1}",0.0864
0.57,0.5499999999999999,0.15,5,5400,0.012,0.01,12,238,138,0.6110942338074438,0.040739615587162915,1.9574550865448763,0.13293204621290278,1.4000577573137063,0.003000859100588068,0.0025676228311237127,0.1824,56,0,0,"{""gate_close"": 110, ""prob_floor"": 183, ""time_limit"": 1}",0.0864
0.57,0.5499999999999999,0.15,5,14400,0.005,,8,217,139,1.7969892216087153,0.11979928144058102,5.533653084371208,0.10084672467926481,2.8533805811393522,0.00810573466687381,0.00828105632077749,0.1974,209,0,0,"{""gate_close"": 159, ""prob_floor"": 264, ""stop_loss"": 3}",0.0864
0.57,0.5499999999999999,0.15,5,14400,0.005,,12,238,138,0.6110942338074438,0.040739615587162915,1.9574550865448763,0.13293204621290278,1.4000577573137063,0.003000859100588068,0.0025676228311237127,0.1824,56,0,0,"{""gate_close"": 110, ""prob_floor"": 184}",0.0864
0.57,0.5499999999999999,0.15,5,14400,0.005,0.01,8,217,139,1.7969892216087153,0.11979928144058102,5.533653084371208,0.10084672467926481,2.8533805811393522,0.00810573466687381,0.00828105632077749,0.1974,209,0,0,"{""gate_close"": 159, ""prob_floor"": 264, ""stop_loss"": 3}",0.0864
0.57,0.5499999999999999,0.15,5,14400,0.005,0.01,12,238,138,0.6110942338074438,0.040739615587162915,1.9574550865448763,0.13293204621290278,1.4000577573137063,0.003000859100588068,0.0025676228311237127,0.1824,56,0,0,"{""gate_close"": 110, ""prob_floor"": 184}",0.0864
0.57,0.5499999999999999,0.15,5,14400,0.012,,8,217,139,1.7969892216087153,0.11979928144058102,5.533653084371208,0.10084672467926481,2.8533805811393522,0.00810573466687381,0.00828105632077749,0.1974,209,0,0,"{""gate_close"": 162, ""prob_floor"": 264}",0.0864
0.57,0.5499999999999999,0.15,5,14400,0.012,,12,238,138,0.6110942338074438,0.040739615587162915,1.9574550865448763,0.13293204621290278,1.4000577573137063,0.003000859100588068,0.0025676228311237127,0.1824,56,0,0,"{""gate_close"": 110, ""prob_floor"": 184}",0.0864
0.57,0.5499999999999999,0.15,5,14400,0.012,0.01,8,217,139,1.7969892216087153,0.11979928144058102,5.533653084371208,0.10084672467926481,2.8533805811393522,0.00810573466687381,0.00828105632077749,0.1974,209,0,0,"{""gate_close"": 162, ""prob_floor"": 264}",0.0864
0.57,0.5499999999999999,0.15,5,14400,0.012,0.01,12,238,138,0.6110942338074438,0.040739615587162915,1.9574550865448763,0.13293204621290278,1.4000577573137063,0.003000859100588068,0.0025676228311237127,0.1824,56,0,0,"{""gate_close"": 110, ""prob_floor"": 184}",0.0864
0.57,0.5499999999999999,0.15,8,5400,0.005,,8,192,140,2.37997282861846,0.15866485524123067,8.040161246636035,0.07054115527895644,6.109191514114503,0.009890416308715245,0.012395691815721142,0.2192,185,0,0,"{""gate_close"": 126, ""prob_floor"": 247, ""time_limit"": 1, ""stop_loss"": 3}",0.0864
0.57,0.5499999999999999,0.15,8,5400,0.005,,12,207,136,1.3184747465537328,0.08789831643691552,4.44324595909637,0.082024336392795,2.362862746682437,0.006948650421403425,0.006369443220066342,0.2068,40,0,0,"{""gate_close"": 72, ""prob_floor"": 171, ""time_limit"": 1, ""stop_loss"": 3}",0.0864
0.57,0.5499999999999999,0.15,8,5400,0.005,0.01,8,192,140,2.37997282861846,0.15866485524123067,8.040161246636035,0.07054115527895644,6.109191514114503,0.009890416308715245,0.012395691815721142,0.2192,185,0,0,"{""gate_close"": 126, ""prob_floor"": 247, ""time_limit"": 1, ""stop_loss"": 3}",0.0864
0.57,0.5499999999999999,0.15,8,5400,0.005,0.01,12,207,136,1.3184747465537328,0.08789831643691552,4.44324595909637,0.082024336392795,2.362862746682437,0.006948650421403425,0.006369443220066342,0.2068,40,0,0,"{""gate_close"": 72, ""prob_floor"": 171, ""time_limit"": 1, ""stop_loss"": 3}",0.0864
0.57,0.5499999999999999,0.15,8,5400,0.012,,8,192,140,2.37997282861846,0.15866485524123067,8.040161246636035,0.07054115527895644,6.109191514114503,0.009890416308715245,0.012395691815721142,0.2192,185,0,0,"{""gate_close"": 129, ""prob_floor"": 247, ""time_limit"": 1}",0.0864
0.57,0.5499999999999999,0.15,8,5400,0.012,,12,207,136,1.3184747465537328,0.08789831643691552,4.44324595909637,0.082024336392795,2.362862746682437,0.006948650421403425,0.006369443220066342,0.2068,40,0,0,"{""gate_close"": 75, ""prob_floor"": 171, ""time_limit"": 1}",0.0864
0.57,0.5499999999999999,0.15,8,5400,0.012,0.01,8,192,140,2.37997282861846,0.15866485524123067,8.040161246636035,0.07054115527895644,6.109191514114503,0.009890416308715245,0.012395691815721142,0.2192,185,0,0,"{""gate_close"": 129, ""prob_floor"": 247, ""time_limit"": 1}",0.0864
0.57,0.5499999999999999,0.15,8,5400,0.012,0.01,12,207,136,1.3184747465537328,0.08789831643691552,4.44324595909637,0.082024336392795,2.362862746682437,0.006948650421403425,0.006369443220066342,0.2068,40,0,0,"{""gate_close"": 75, ""prob_floor"": 171, ""time_limit"": 1}",0.0864
0.57,0.5499999999999999,0.15,8,14400,0.005,,8,192,140,2.37997282861846,0.15866485524123067,8.040161246636035,0.07054115527895644,6.109191514114503,0.009890416308715245,0.012395691815721142,0.2192,185,0,0,"{""gate_close"": 126, ""prob_floor"": 248, ""stop_loss"": 3}",0.0864
0.57,0.5499999999999999,0.15,8,14400,0.005,,12,207,136,1.3184747465537328,0.08789831643691552,4.44324595909637,0.082024336392795,2.362862746682437,0.006948650421403425,0.006369443220066342,0.2068,40,0,0,"{""gate_close"": 72, ""prob_floor"": 172, ""stop_loss"": 3}",0.0864
0.57,0.5499999999999999,0.15,8,14400,0.005,0.01,8,192,140,2.37997282861846,0.15866485524123067,8.040161246636035,0.07054115527895644,6.109191514114503,0.009890416308715245,0.012395691815721142,0.2192,185,0,0,"{""gate_close"": 126, ""prob_floor"": 248, ""stop_loss"": 3}",0.0864
0.57,0.5499999999999999,0.15,8,14400,0.005,0.01,12,207,136,1.3184747465537328,0.08789831643691552,4.44324595909637,0.082024336392795,2.362862746682437,0.006948650421403425,0.006369443220066342,0.2068,40,0,0,"{""gate_close"": 72, ""prob_floor"": 172, ""stop_loss"": 3}",0.0864
0.57,0.5499999999999999,0.15,8,14400,0.012,,8,192,140,2.37997282861846,0.15866485524123067,8.040161246636035,0.07054115527895644,6.109191514114503,0.009890416308715245,0.012395691815721142,0.2192,185,0,0,"{""gate_close"": 129, ""prob_floor"": 248}",0.0864
0.57,0.5499999999999999,0.15,8,14400,0.012,,12,207,136,1.3184747465537328,0.08789831643691552,4.44324595909637,0.082024336392795,2.362862746682437,0.006948650421403425,0.006369443220066342,0.2068,40,0,0,"{""gate_close"": 75, ""prob_floor"": 172}",0.0864
0.57,0.5499999999999999,0.15,8,14400,0.012,0.01,8,192,140,2.37997282861846,0.15866485524123067,8.040161246636035,0.07054115527895644,6.109191514114503,0.009890416308715245,0.012395691815721142,0.2192,185,0,0,"{""gate_close"": 129, ""prob_floor"": 248}",0.0864
0.57,0.5499999999999999,0.15,8,14400,0.012,0.01,12,207,136,1.3184747465537328,0.08789831643691552,4.44324595909637,0.082024336392795,2.362862746682437,0.006948650421403425,0.006369443220066342,0.2068,40,0,0,"{""gate_close"": 75, ""prob_floor"": 172}",0.0864
0.57,0.5499999999999999,0.2,5,5400,0.005,,8,217,139,1.7969892216087153,0.11979928144058102,5.533653084371208,0.10084672467926481,2.8533805811393522,0.00810573466687381,0.00828105632077749,0.1974,209,0,0,"{""gate_close"": 159, ""prob_floor"": 263, ""time_limit"": 1, ""stop_loss"": 3}",0.0864
0.57,0.5499999999999999,0.2,5,5400,0.005,,12,238,138,0.6110942338074438,0.040739615587162915,1.9574550865448763,0.13293204621290278,1.4000577573137063,0.003000859100588068,0.0025676228311237127,0.1824,56,0,0,"{""gate_close"": 110, ""prob_floor"": 183, ""time_limit"": 1}",0.0864
0.57,0.5499999999999999,0.2,5,5400,0.005,0.01,8,217,139,1.7969892216087153,0.11979928144058102,5.533653084371208,0.10084672467926481,2.8533805811393522,0.00810573466687381,0.00828105632077749,0.1974,209,0,0,"{""gate_close"": 159, ""prob_floor"": 263, ""time_limit"": 1, ""stop_loss"": 3}",0.0864
0.57,0.5499999999999999,0.2,5,5400,0.005,0.01,12,238,138,0.6110942338074438,0.040739615587162915,1.9574550865448763,0.13293204621290278,1.4000577573137063,0.003000859100588068,0.0025676228311237127,0.1824,56,0,0,"{""gate_close"": 110, ""prob_floor"": 183, ""time_limit"": 1}",0.0864
0.57,0.5499999999999999,0.2,5,5400,0.012,,8,217,139,1.7969892216087153,0.11979928144058102,5.533653084371208,0.10084672467926481,2.8533805811393522,0.00810573466687381,0.00828105632077749,0.1974,209,0,0,"{""gate_close"": 162, ""prob_floor"": 263, ""time_limit"": 1}",0.0864
0.57,0.5499999999999999,0.2,5,5400,0.012,,12,238,138,0.6110942338074438,0.040739615587162915,1.9574550865448763,0.13293204621290278,1.4000577573137063,0.003000859100588068,0.0025676228311237127,0.1824,56,0,0,"{""gate_close"": 110, ""prob_floor"": 183, ""time_limit"": 1}",0.0864
0.57,0.5499999999999999,0.2,5,5400,0.012,0.01,8,217,139,1.7969892216087153,0.11979928144058102,5.533653084371208,0.10084672467926481,2.8533805811393522,0.00810573466687381,0.00828105632077749,0.1974,209,0,0,"{""gate_close"": 162, ""prob_floor"": 263, ""time_limit"": 1}",0.0864
0.57,0.5499999999999999,0.2,5,5400,0.012,0.01,12,238,138,0.6110942338074438,0.040739615587162915,1.9574550865448763,0.13293204621290278,1.4000577573137063,0.003000859100588068,0.0025676228311237127,0.1824,56,0,0,"{""gate_close"": 110, ""prob_floor"": 183, ""time_limit"": 1}",0.0864
0.57,0.5499999999999999,0.2,5,14400,0.005,,8,217,139,1.7969892216087153,0.11979928144058102,5.533653084371208,0.10084672467926481,2.8533805811393522,0.00810573466687381,0.00828105632077749,0.1974,209,0,0,"{""gate_close"": 159, ""prob_floor"": 264, ""stop_loss"": 3}",0.0864
0.57,0.5499999999999999,0.2,5,14400,0.005,,12,238,138,0.6110942338074438,0.040739615587162915,1.9574550865448763,0.13293204621290278,1.4000577573137063,0.003000859100588068,0.0025676228311237127,0.1824,56,0,0,"{""gate_close"": 110, ""prob_floor"": 184}",0.0864
0.57,0.5499999999999999,0.2,5,14400,0.005,0.01,8,217,139,1.7969892216087153,0.11979928144058102,5.533653084371208,0.10084672467926481,2.8533805811393522,0.00810573466687381,0.00828105632077749,0.1974,209,0,0,"{""gate_close"": 159, ""prob_floor"": 264, ""stop_loss"": 3}",0.0864
0.57,0.5499999999999999,0.2,5,14400,0.005,0.01,12,238,138,0.6110942338074438,0.040739615587162915,1.9574550865448763,0.13293204621290278,1.4000577573137063,0.003000859100588068,0.0025676228311237127,0.1824,56,0,0,"{""gate_close"": 110, ""prob_floor"": 184}",0.0864
0.57,0.5499999999999999,0.2,5,14400,0.012,,8,217,139,1.7969892216087153,0.11979928144058102,5.533653084371208,0.10084672467926481,2.8533805811393522,0.00810573466687381,0.00828105632077749,0.1974,209,0,0,"{""gate_close"": 162, ""prob_floor"": 264}",0.0864
0.57,0.5499999999999999,0.2,5,14400,0.012,,12,238,138,0.6110942338074438,0.040739615587162915,1.9574550865448763,0.13293204621290278,1.4000577573137063,0.003000859100588068,0.0025676228311237127,0.1824,56,0,0,"{""gate_close"": 110, ""prob_floor"": 184}",0.0864
0.57,0.5499999999999999,0.2,5,14400,0.012,0.01,8,217,139,1.7969892216087153,0.11979928144058102,5.533653084371208,0.10084672467926481,2.8533805811393522,0.00810573466687381,0.00828105632077749,0.1974,209,0,0,"{""gate_close"": 162, ""prob_floor"": 264}",0.0864
0.57,0.5499999999999999,0.2,5,14400,0.012,0.01,12,238,138,0.6110942338074438,0.040739615587162915,1.9574550865448763,0.13293204621290278,1.4000577573137063,0.003000859100588068,0.0025676228311237127,0.1824,56,0,0,"{""gate_close"": 110, ""prob_floor"": 184}",0.0864
0.57,0.5499999999999999,0.2,8,5400,0.005,,8,192,140,2.37997282861846,0.15866485524123067,8.040161246636035,0.07054115527895644,6.109191514114503,0.009890416308715245,0.012395691815721142,0.2192,185,0,0,"{""gate_close"": 126, ""prob_floor"": 247, ""time_limit"": 1, ""stop_loss"": 3}",0.0864
0.57,0.5499999999999999,0.2,8,5400,0.005,,12,207,136,1.3184747465537328,0.08789831643691552,4.44324595909637,0.082024336392795,2.362862746682437,0.006948650421403425,0.006369443220066342,0.2068,40,0,0,"{""gate_close"": 72, ""prob_floor"": 171, ""time_limit"": 1, ""stop_loss"": 3}",0.0864
0.57,0.5499999999999999,0.2,8,5400,0.005,0.01,8,192,140,2.37997282861846,0.15866485524123067,8.040161246636035,0.07054115527895644,6.109191514114503,0.009890416308715245,0.012395691815721142,0.2192,185,0,0,"{""gate_close"": 126, ""prob_floor"": 247, ""time_limit"": 1, ""stop_loss"": 3}",0.0864
0.57,0.5499999999999999,0.2,8,5400,0.005,0.01,12,207,136,1.3184747465537328,0.08789831643691552,4.44324595909637,0.082024336392795,2.362862746682437,0.006948650421403425,0.006369443220066342,0.2068,40,0,0,"{""gate_close"": 72, ""prob_floor"": 171, ""time_limit"": 1, ""stop_loss"": 3}",0.0864
0.57,0.5499999999999999,0.2,8,5400,0.012,,8,192,140,2.37997282861846,0.15866485524123067,8.040161246636035,0.07054115527895644,6.109191514114503,0.009890416308715245,0.012395691815721142,0.2192,185,0,0,"{""gate_close"": 129, ""prob_floor"": 247, ""time_limit"": 1}",0.0864
0.57,0.5499999999999999,0.2,8,5400,0.012,,12,207,136,1.3184747465537328,0.08789831643691552,4.44324595909637,0.082024336392795,2.362862746682437,0.006948650421403425,0.006369443220066342,0.2068,40,0,0,"{""gate_close"": 75, ""prob_floor"": 171, ""time_limit"": 1}",0.0864
0.57,0.5499999999999999,0.2,8,5400,0.012,0.01,8,192,140,2.37997282861846,0.15866485524123067,8.040161246636035,0.07054115527895644,6.109191514114503,0.009890416308715245,0.012395691815721142,0.2192,185,0,0,"{""gate_close"": 129, ""prob_floor"": 247, ""time_limit"": 1}",0.0864
0.57,0.5499999999999999,0.2,8,5400,0.012,0.01,12,207,136,1.3184747465537328,0.08789831643691552,4.44324595909637,0.082024336392795,2.362862746682437,0.006948650421403425,0.006369443220066342,0.2068,40,0,0,"{""gate_close"": 75, ""prob_floor"": 171, ""time_limit"": 1}",0.0864
0.57,0.5499999999999999,0.2,8,14400,0.005,,8,192,140,2.37997282861846,0.15866485524123067,8.040161246636035,0.07054115527895644,6.109191514114503,0.009890416308715245,0.012395691815721142,0.2192,185,0,0,"{""gate_close"": 126, ""prob_floor"": 248, ""stop_loss"": 3}",0.0864
0.57,0.5499999999999999,0.2,8,14400,0.005,,12,207,136,1.3184747465537328,0.08789831643691552,4.44324595909637,0.082024336392795,2.362862746682437,0.006948650421403425,0.006369443220066342,0.2068,40,0,0,"{""gate_close"": 72, ""prob_floor"": 172, ""stop_loss"": 3}",0.0864
0.57,0.5499999999999999,0.2,8,14400,0.005,0.01,8,192,140,2.37997282861846,0.15866485524123067,8.040161246636035,0.07054115527895644,6.109191514114503,0.009890416308715245,0.012395691815721142,0.2192,185,0,0,"{""gate_close"": 126, ""prob_floor"": 248, ""stop_loss"": 3}",0.0864
0.57,0.5499999999999999,0.2,8,14400,0.005,0.01,12,207,136,1.3184747465537328,0.08789831643691552,4.44324595909637,0.082024336392795,2.362862746682437,0.006948650421403425,0.006369443220066342,0.2068,40,0,0,"{""gate_close"": 72, ""prob_floor"": 172, ""stop_loss"": 3}",0.0864
0.57,0.5499999999999999,0.2,8,14400,0.012,,8,192,140,2.37997282861846,0.15866485524123067,8.040161246636035,0.07054115527895644,6.109191514114503,0.009890416308715245,0.012395691815721142,0.2192,185,0,0,"{""gate_close"": 129, ""prob_floor"": 248}",0.0864
0.57,0.5499999999999999,0.2,8,14400,0.012,,12,207,136,1.3184747465537328,0.08789831643691552,4.44324595909637,0.082024336392795,2.362862746682437,0.006948650421403425,0.006369443220066342,0.2068,40,0,0,"{""gate_close"": 75, ""prob_floor"": 172}",0.0864
0.57,0.5499999999999999,0.2,8,14400,0.012,0.01,8,192,140,2.37997282861846,0.15866485524123067,8.040161246636035,0.07054115527895644,6.109191514114503,0.009890416308715245,0.012395691815721142,0.2192,185,0,0,"{""gate_close"": 129, ""prob_floor"": 248}",0.0864
0.57,0.5499999999999999,0.2,8,14400,0.012,0.01,12,207,136,1.3184747465537328,0.08789831643691552,4.44324595909637,0.082024336392795,2.362862746682437,0.006948650421403425,0.006369443220066342,0.2068,40,0,0,"{""gate_close"": 75, ""prob_floor"": 172}",0.0864
0.57,0.5599999999999999,0.15,5,5400,0.005,,8,217,139,1.7969892216087153,0.11979928144058102,5.533653084371208,0.10084672467926481,2.8533805811393522,0.00810573466687381,0.00828105632077749,0.1974,209,0,0,"{""gate_close"": 159, ""prob_floor"": 263, ""time_limit"": 1, ""stop_loss"": 3}",0.0864
0.57,0.5599999999999999,0.15,5,5400,0.005,,12,238,138,0.6110942338074438,0.040739615587162915,1.9574550865448763,0.13293204621290278,1.4000577573137063,0.003000859100588068,0.0025676228311237127,0.1824,56,0,0,"{""gate_close"": 110, ""prob_floor"": 183, ""time_limit"": 1}",0.0864
0.57,0.5599999999999999,0.15,5,5400,0.005,0.01,8,217,139,1.7969892216087153,0.11979928144058102,5.533653084371208,0.10084672467926481,2.8533805811393522,0.00810573466687381,0.00828105632077749,0.1974,209,0,0,"{""gate_close"": 159, ""prob_floor"": 263, ""time_limit"": 1, ""stop_loss"": 3}",0.0864
0.57,0.5599999999999999,0.15,5,5400,0.005,0.01,12,238,138,0.6110942338074438,0.040739615587162915,1.9574550865448763,0.13293204621290278,1.4000577573137063,0.003000859100588068,0.0025676228311237127,0.1824,56,0,0,"{""gate_close"": 110, ""prob_floor"": 183, ""time_limit"": 1}",0.0864
0.57,0.5599999999999999,0.15,5,5400,0.012,,8,217,139,1.7969892216087153,0.11979928144058102,5.533653084371208,0.10084672467926481,2.8533805811393522,0.00810573466687381,0.00828105632077749,0.1974,209,0,0,"{""gate_close"": 162, ""prob_floor"": 263, ""time_limit"": 1}",0.0864
0.57,0.5599999999999999,0.15,5,5400,0.012,,12,238,138,0.6110942338074438,0.040739615587162915,1.9574550865448763,0.13293204621290278,1.4000577573137063,0.003000859100588068,0.0025676228311237127,0.1824,56,0,0,"{""gate_close"": 110, ""prob_floor"": 183, ""time_limit"": 1}",0.0864
0.57,0.5599999999999999,0.15,5,5400,0.012,0.01,8,217,139,1.7969892216087153,0.11979928144058102,5.533653084371208,0.10084672467926481,2.8533805811393522,0.00810573466687381,0.00828105632077749,0.1974,209,0,0,"{""gate_close"": 162, ""prob_floor"": 263, ""time_limit"": 1}",0.0864
0.57,0.5599999999999999,0.15,5,5400,0.012,0.01,12,238,138,0.6110942338074438,0.040739615587162915,1.9574550865448763,0.13293204621290278,1.4000577573137063,0.003000859100588068,0.0025676228311237127,0.1824,56,0,0,"{""gate_close"": 110, ""prob_floor"": 183, ""time_limit"": 1}",0.0864
0.57,0.5599999999999999,0.15,5,14400,0.005,,8,217,139,1.7969892216087153,0.11979928144058102,5.533653084371208,0.10084672467926481,2.8533805811393522,0.00810573466687381,0.00828105632077749,0.1974,209,0,0,"{""gate_close"": 159, ""prob_floor"": 264, ""stop_loss"": 3}",0.0864
0.57,0.5599999999999999,0.15,5,14400,0.005,,12,238,138,0.6110942338074438,0.040739615587162915,1.9574550865448763,0.13293204621290278,1.4000577573137063,0.003000859100588068,0.0025676228311237127,0.1824,56,0,0,"{""gate_close"": 110, ""prob_floor"": 184}",0.0864
0.57,0.5599999999999999,0.15,5,14400,0.005,0.01,8,217,139,1.7969892216087153,0.11979928144058102,5.533653084371208,0.10084672467926481,2.8533805811393522,0.00810573466687381,0.00828105632077749,0.1974,209,0,0,"{""gate_close"": 159, ""prob_floor"": 264, ""stop_loss"": 3}",0.0864
0.57,0.5599999999999999,0.15,5,14400,0.005,0.01,12,238,138,0.6110942338074438,0.040739615587162915,1.9574550865448763,0.13293204621290278,1.4000577573137063,0.003000859100588068,0.0025676228311237127,0.1824,56,0,0,"{""gate_close"": 110, ""prob_floor"": 184}",0.0864
0.57,0.5599999999999999,0.15,5,14400,0.012,,8,217,139,1.7969892216087153,0.11979928144058102,5.533653084371208,0.10084672467926481,2.8533805811393522,0.00810573466687381,0.00828105632077749,0.1974,209,0,0,"{""gate_close"": 162, ""prob_floor"": 264}",0.0864
0.57,0.5599999999999999,0.15,5,14400,0.012,,12,238,138,0.6110942338074438,0.040739615587162915,1.9574550865448763,0.13293204621290278,1.4000577573137063,0.003000859100588068,0.0025676228311237127,0.1824,56,0,0,"{""gate_close"": 110, ""prob_floor"": 184}",0.0864
0.57,0.5599999999999999,0.15,5,14400,0.012,0.01,8,217,139,1.7969892216087153,0.11979928144058102,5.533653084371208,0.10084672467926481,2.8533805811393522,0.00810573466687381,0.00828105632077749,0.1974,209,0,0,"{""gate_close"": 162, ""prob_floor"": 264}",0.0864
0.57,0.5599999999999999,0.15,5,14400,0.012,0.01,12,238,138,0.6110942338074438,0.040739615587162915,1.9574550865448763,0.13293204621290278,1.4000577573137063,0.003000859100588068,0.0025676228311237127,0.1824,56,0,0,"{""gate_close"": 110, ""prob_floor"": 184}",0.0864
0.57,0.5599999999999999,0.15,8,5400,0.005,,8,192,140,2.37997282861846,0.15866485524123067,8.040161246636035,0.07054115527895644,6.109191514114503,0.009890416308715245,0.012395691815721142,0.2192,185,0,0,"{""gate_close"": 126, ""prob_floor"": 247, ""time_limit"": 1, ""stop_loss"": 3}",0.0864
0.57,0.5599999999999999,0.15,8,5400,0.005,,12,207,136,1.3184747465537328,0.08789831643691552,4.44324595909637,0.082024336392795,2.362862746682437,0.006948650421403425,0.006369443220066342,0.2068,40,0,0,"{""gate_close"": 72, ""prob_floor"": 171, ""time_limit"": 1, ""stop_loss"": 3}",0.0864
0.57,0.5599999999999999,0.15,8,5400,0.005,0.01,8,192,140,2.37997282861846,0.15866485524123067,8.040161246636035,0.07054115527895644,6.109191514114503,0.009890416308715245,0.012395691815721142,0.2192,185,0,0,"{""gate_close"": 126, ""prob_floor"": 247, ""time_limit"": 1, ""stop_loss"": 3}",0.0864
0.57,0.5599999999999999,0.15,8,5400,0.005,0.01,12,207,136,1.3184747465537328,0.08789831643691552,4.44324595909637,0.082024336392795,2.362862746682437,0.006948650421403425,0.006369443220066342,0.2068,40,0,0,"{""gate_close"": 72, ""prob_floor"": 171, ""time_limit"": 1, ""stop_loss"": 3}",0.0864
0.57,0.5599999999999999,0.15,8,5400,0.012,,8,192,140,2.37997282861846,0.15866485524123067,8.040161246636035,0.07054115527895644,6.109191514114503,0.009890416308715245,0.012395691815721142,0.2192,185,0,0,"{""gate_close"": 129, ""prob_floor"": 247, ""time_limit"": 1}",0.0864
0.57,0.5599999999999999,0.15,8,5400,0.012,,12,207,136,1.3184747465537328,0.08789831643691552,4.44324595909637,0.082024336392795,2.362862746682437,0.006948650421403425,0.006369443220066342,0.2068,40,0,0,"{""gate_close"": 75, ""prob_floor"": 171, ""time_limit"": 1}",0.0864
0.57,0.5599999999999999,0.15,8,5400,0.012,0.01,8,192,140,2.37997282861846,0.15866485524123067,8.040161246636035,0.07054115527895644,6.109191514114503,0.009890416308715245,0.012395691815721142,0.2192,185,0,0,"{""gate_close"": 129, ""prob_floor"": 247, ""time_limit"": 1}",0.0864
0.57,0.5599999999999999,0.15,8,5400,0.012,0.01,12,207,136,1.3184747465537328,0.08789831643691552,4.44324595909637,0.082024336392795,2.362862746682437,0.006948650421403425,0.006369443220066342,0.2068,40,0,0,"{""gate_close"": 75, ""prob_floor"": 171, ""time_limit"": 1}",0.0864
0.57,0.5599999999999999,0.15,8,14400,0.005,,8,192,140,2.37997282861846,0.15866485524123067,8.040161246636035,0.07054115527895644,6.109191514114503,0.009890416308715245,0.012395691815721142,0.2192,185,0,0,"{""gate_close"": 126, ""prob_floor"": 248, ""stop_loss"": 3}",0.0864
0.57,0.5599999999999999,0.15,8,14400,0.005,,12,207,136,1.3184747465537328,0.08789831643691552,4.44324595909637,0.082024336392795,2.362862746682437,0.006948650421403425,0.006369443220066342,0.2068,40,0,0,"{""gate_close"": 72, ""prob_floor"": 172, ""stop_loss"": 3}",0.0864
0.57,0.5599999999999999,0.15,8,14400,0.005,0.01,8,192,140,2.37997282861846,0.15866485524123067,8.040161246636035,0.07054115527895644,6.109191514114503,0.009890416308715245,0.012395691815721142,0.2192,185,0,0,"{""gate_close"": 126, ""prob_floor"": 248, ""stop_loss"": 3}",0.0864
0.57,0.5599999999999999,0.15,8,14400,0.005,0.01,12,207,136,1.3184747465537328,0.08789831643691552,4.44324595909637,0.082024336392795,2.362862746682437,0.006948650421403425,0.006369443220066342,0.2068,40,0,0,"{""gate_close"": 72, ""prob_floor"": 172, ""stop_loss"": 3}",0.0864
0.57,0.5599999999999999,0.15,8,14400,0.012,,8,192,140,2.37997282861846,0.15866485524123067,8.040161246636035,0.07054115527895644,6.109191514114503,0.009890416308715245,0.012395691815721142,0.2192,185,0,0,"{""gate_close"": 129, ""prob_floor"": 248}",0.0864
0.57,0.5599999999999999,0.15,8,14400,0.012,,12,207,136,1.3184747465537328,0.08789831643691552,4.44324595909637,0.082024336392795,2.362862746682437,0.006948650421403425,0.006369443220066342,0.2068,40,0,0,"{""gate_close"": 75, ""prob_floor"": 172}",0.0864
0.57,0.5599999999999999,0.15,8,14400,0.012,0.01,8,192,140,2.37997282861846,0.15866485524123067,8.040161246636035,0.07054115527895644,6.109191514114503,0.009890416308715245,0.012395691815721142,0.2192,185,0,0,"{""gate_close"": 129, ""prob_floor"": 248}",0.0864
0.57,0.5599999999999999,0.15,8,14400,0.012,0.01,12,207,136,1.3184747465537328,0.08789831643691552,4.44324595909637,0.082024336392795,2.362862746682437,0.006948650421403425,0.006369443220066342,0.2068,40,0,0,"{""gate_close"": 75, ""prob_floor"": 172}",0.0864
0.57,0.5599999999999999,0.2,5,5400,0.005,,8,217,139,1.7969892216087153,0.11979928144058102,5.533653084371208,0.10084672467926481,2.8533805811393522,0.00810573466687381,0.00828105632077749,0.1974,209,0,0,"{""gate_close"": 159, ""prob_floor"": 263, ""time_limit"": 1, ""stop_loss"": 3}",0.0864
0.57,0.5599999999999999,0.2,5,5400,0.005,,12,238,138,0.6110942338074438,0.040739615587162915,1.9574550865448763,0.13293204621290278,1.4000577573137063,0.003000859100588068,0.0025676228311237127,0.1824,56,0,0,"{""gate_close"": 110, ""prob_floor"": 183, ""time_limit"": 1}",0.0864
0.57,0.5599999999999999,0.2,5,5400,0.005,0.01,8,217,139,1.7969892216087153,0.11979928144058102,5.533653084371208,0.10084672467926481,2.8533805811393522,0.00810573466687381,0.00828105632077749,0.1974,209,0,0,"{""gate_close"": 159, ""prob_floor"": 263, ""time_limit"": 1, ""stop_loss"": 3}",0.0864
0.57,0.5599999999999999,0.2,5,5400,0.005,0.01,12,238,138,0.6110942338074438,0.040739615587162915,1.9574550865448763,0.13293204621290278,1.4000577573137063,0.003000859100588068,0.0025676228311237127,0.1824,56,0,0,"{""gate_close"": 110, ""prob_floor"": 183, ""time_limit"": 1}",0.0864
0.57,0.5599999999999999,0.2,5,5400,0.012,,8,217,139,1.7969892216087153,0.11979928144058102,5.533653084371208,0.10084672467926481,2.8533805811393522,0.00810573466687381,0.00828105632077749,0.1974,209,0,0,"{""gate_close"": 162, ""prob_floor"": 263, ""time_limit"": 1}",0.0864
0.57,0.5599999999999999,0.2,5,5400,0.012,,12,238,138,0.6110942338074438,0.040739615587162915,1.9574550865448763,0.13293204621290278,1.4000577573137063,0.003000859100588068,0.0025676228311237127,0.1824,56,0,0,"{""gate_close"": 110, ""prob_floor"": 183, ""time_limit"": 1}",0.0864
0.57,0.5599999999999999,0.2,5,5400,0.012,0.01,8,217,139,1.7969892216087153,0.11979928144058102,5.533653084371208,0.10084672467926481,2.8533805811393522,0.00810573466687381,0.00828105632077749,0.1974,209,0,0,"{""gate_close"": 162, ""prob_floor"": 263, ""time_limit"": 1}",0.0864
0.57,0.5599999999999999,0.2,5,5400,0.012,0.01,12,238,138,0.6110942338074438,0.040739615587162915,1.9574550865448763,0.13293204621290278,1.4000577573137063,0.003000859100588068,0.0025676228311237127,0.1824,56,0,0,"{""gate_close"": 110, ""prob_floor"": 183, ""time_limit"": 1}",0.0864
0.57,0.5599999999999999,0.2,5,14400,0.005,,8,217,139,1.7969892216087153,0.11979928144058102,5.533653084371208,0.10084672467926481,2.8533805811393522,0.00810573466687381,0.00828105632077749,0.1974,209,0,0,"{""gate_close"": 159, ""prob_floor"": 264, ""stop_loss"": 3}",0.0864
0.57,0.5599999999999999,0.2,5,14400,0.005,,12,238,138,0.6110942338074438,0.040739615587162915,1.9574550865448763,0.13293204621290278,1.4000577573137063,0.003000859100588068,0.0025676228311237127,0.1824,56,0,0,"{""gate_close"": 110, ""prob_floor"": 184}",0.0864
0.57,0.5599999999999999,0.2,5,14400,0.005,0.01,8,217,139,1.7969892216087153,0.11979928144058102,5.533653084371208,0.10084672467926481,2.8533805811393522,0.00810573466687381,0.00828105632077749,0.1974,209,0,0,"{""gate_close"": 159, ""prob_floor"": 264, ""stop_loss"": 3}",0.0864
0.57,0.5599999999999999,0.2,5,14400,0.005,0.01,12,238,138,0.6110942338074438,0.040739615587162915,1.9574550865448763,0.13293204621290278,1.4000577573137063,0.003000859100588068,0.0025676228311237127,0.1824,56,0,0,"{""gate_close"": 110, ""prob_floor"": 184}",0.0864
0.57,0.5599999999999999,0.2,5,14400,0.012,,8,217,139,1.7969892216087153,0.11979928144058102,5.533653084371208,0.10084672467926481,2.8533805811393522,0.00810573466687381,0.00828105632077749,0.1974,209,0,0,"{""gate_close"": 162, ""prob_floor"": 264}",0.0864
0.57,0.5599999999999999,0.2,5,14400,0.012,,12,238,138,0.6110942338074438,0.040739615587162915,1.9574550865448763,0.13293204621290278,1.4000577573137063,0.003000859100588068,0.0025676228311237127,0.1824,56,0,0,"{""gate_close"": 110, ""prob_floor"": 184}",0.0864
0.57,0.5599999999999999,0.2,5,14400,0.012,0.01,8,217,139,1.7969892216087153,0.11979928144058102,5.533653084371208,0.10084672467926481,2.8533805811393522,0.00810573466687381,0.00828105632077749,0.1974,209,0,0,"{""gate_close"": 162, ""prob_floor"": 264}",0.0864
0.57,0.5599999999999999,0.2,5,14400,0.012,0.01,12,238,138,0.6110942338074438,0.040739615587162915,1.9574550865448763,0.13293204621290278,1.4000577573137063,0.003000859100588068,0.0025676228311237127,0.1824,56,0,0,"{""gate_close"": 110, ""prob_floor"": 184}",0.0864
0.57,0.5599999999999999,0.2,8,5400,0.005,,8,192,140,2.37997282861846,0.15866485524123067,8.040161246636035,0.07054115527895644,6.109191514114503,0.009890416308715245,0.012395691815721142,0.2192,185,0,0,"{""gate_close"": 126, ""prob_floor"": 247, ""time_limit"": 1, ""stop_loss"": 3}",0.0864
0.57,0.5599999999999999,0.2,8,5400,0.005,,12,207,136,1.3184747465537328,0.08789831643691552,4.44324595909637,0.082024336392795,2.362862746682437,0.006948650421403425,0.006369443220066342,0.2068,40,0,0,"{""gate_close"": 72, ""prob_floor"": 171, ""time_limit"": 1, ""stop_loss"": 3}",0.0864
0.57,0.5599999999999999,0.2,8,5400,0.005,0.01,8,192,140,2.37997282861846,0.15866485524123067,8.040161246636035,0.07054115527895644,6.109191514114503,0.009890416308715245,0.012395691815721142,0.2192,185,0,0,"{""gate_close"": 126, ""prob_floor"": 247, ""time_limit"": 1, ""stop_loss"": 3}",0.0864
0.57,0.5599999999999999,0.2,8,5400,0.005,0.01,12,207,136,1.3184747465537328,0.08789831643691552,4.44324595909637,0.082024336392795,2.362862746682437,0.006948650421403425,0.006369443220066342,0.2068,40,0,0,"{""gate_close"": 72, ""prob_floor"": 171, ""time_limit"": 1, ""stop_loss"": 3}",0.0864
0.57,0.5599999999999999,0.2,8,5400,0.012,,8,192,140,2.37997282861846,0.15866485524123067,8.040161246636035,0.07054115527895644,6.109191514114503,0.009890416308715245,0.012395691815721142,0.2192,185,0,0,"{""gate_close"": 129, ""prob_floor"": 247, ""time_limit"": 1}",0.0864
0.57,0.5599999999999999,0.2,8,5400,0.012,,12,207,136,1.3184747465537328,0.08789831643691552,4.44324595909637,0.082024336392795,2.362862746682437,0.006948650421403425,0.006369443220066342,0.2068,40,0,0,"{""gate_close"": 75, ""prob_floor"": 171, ""time_limit"": 1}",0.0864
0.57,0.5599999999999999,0.2,8,5400,0.012,0.01,8,192,140,2.37997282861846,0.15866485524123067,8.040161246636035,0.07054115527895644,6.109191514114503,0.009890416308715245,0.012395691815721142,0.2192,185,0,0,"{""gate_close"": 129, ""prob_floor"": 247, ""time_limit"": 1}",0.0864
0.57,0.5599999999999999,0.2,8,5400,0.012,0.01,12,207,136,1.3184747465537328,0.08789831643691552,4.44324595909637,0.082024336392795,2.362862746682437,0.006948650421403425,0.006369443220066342,0.2068,40,0,0,"{""gate_close"": 75, ""prob_floor"": 171, ""time_limit"": 1}",0.0864
0.57,0.5599999999999999,0.2,8,14400,0.005,,8,192,140,2.37997282861846,0.15866485524123067,8.040161246636035,0.07054115527895644,6.109191514114503,0.009890416308715245,0.012395691815721142,0.2192,185,0,0,"{""gate_close"": 126, ""prob_floor"": 248, ""stop_loss"": 3}",0.0864
0.57,0.5599999999999999,0.2,8,14400,0.005,,12,207,136,1.3184747465537328,0.08789831643691552,4.44324595909637,0.082024336392795,2.362862746682437,0.006948650421403425,0.006369443220066342,0.2068,40,0,0,"{""gate_close"": 72, ""prob_floor"": 172, ""stop_loss"": 3}",0.0864
0.57,0.5599999999999999,0.2,8,14400,0.005,0.01,8,192,140,2.37997282861846,0.15866485524123067,8.040161246636035,0.07054115527895644,6.109191514114503,0.009890416308715245,0.012395691815721142,0.2192,185,0,0,"{""gate_close"": 126, ""prob_floor"": 248, ""stop_loss"": 3}",0.0864
0.57,0.5599999999999999,0.2,8,14400,0.005,0.01,12,207,136,1.3184747465537328,0.08789831643691552,4.44324595909637,0.082024336392795,2.362862746682437,0.006948650421403425,0.006369443220066342,0.2068,40,0,0,"{""gate_close"": 72, ""prob_floor"": 172, ""stop_loss"": 3}",0.0864
0.57,0.5599999999999999,0.2,8,14400,0.012,,8,192,140,2.37997282861846,0.15866485524123067,8.040161246636035,0.07054115527895644,6.109191514114503,0.009890416308715245,0.012395691815721142,0.2192,185,0,0,"{""gate_close"": 129, ""prob_floor"": 248}",0.0864
0.57,0.5599999999999999,0.2,8,14400,0.012,,12,207,136,1.3184747465537328,0.08789831643691552,4.44324595909637,0.082024336392795,2.362862746682437,0.006948650421403425,0.006369443220066342,0.2068,40,0,0,"{""gate_close"": 75, ""prob_floor"": 172}",0.0864
0.57,0.5599999999999999,0.2,8,14400,0.012,0.01,8,192,140,2.37997282861846,0.15866485524123067,8.040161246636035,0.07054115527895644,6.109191514114503,0.009890416308715245,0.012395691815721142,0.2192,185,0,0,"{""gate_close"": 129, ""prob_floor"": 248}",0.0864
0.57,0.5599999999999999,0.2,8,14400,0.012,0.01,12,207,136,1.3184747465537328,0.08789831643691552,4.44324595909637,0.082024336392795,2.362862746682437,0.006948650421403425,0.006369443220066342,0.2068,40,0,0,"{""gate_close"": 75, ""prob_floor"": 172}",0.0864
0.6,0.58,0.15,5,5400,0.005,,8,180,113,1.4145845978739824,0.0943056398582655,5.27968091611256,0.07625625275026005,3.0871512239612837,0.005906975730349954,0.007858803321522122,0.1289,143,0,0,"{""gate_close"": 89, ""prob_floor"": 233, ""time_limit"": 1}",0.0667
0.6,0.58,0.15,5,5400,0.005,,12,192,113,0.8594545017466473,0.05729696678310982,3.0935869990960225,0.1079080238467145,1.8621861841162781,0.004567292797358584,0.004476325529930454,0.1206,42,0,0,"{""gate_close"": 66, ""prob_floor"": 167, ""time_limit"": 1}",0.0667
0.6,0.58,0.15,5,5400,0.005,0.01,8,180,113,1.4145845978739824,0.0943056398582655,5.27968091611256,0.07625625275026005,3.0871512239612837,0.005906975730349954,0.007858803321522122,0.1289,143,0,0,"{""gate_close"": 89, ""prob_floor"": 233, ""time_limit"": 1}",0.0667
0.6,0.58,0.15,5,5400,0.005,0.01,12,192,113,0.8594545017466473,0.05729696678310982,3.0935869990960225,0.1079080238467145,1.8621861841162781,0.004567292797358584,0.004476325529930454,0.1206,42,0,0,"{""gate_close"": 66, ""prob_floor"": 167, ""time_limit"": 1}",0.0667
0.6,0.58,0.15,5,5400,0.012,,8,180,113,1.4145845978739824,0.0943056398582655,5.27968091611256,0.07625625275026005,3.0871512239612837,0.005906975730349954,0.007858803321522122,0.1289,143,0,0,"{""gate_close"": 89, ""prob_floor"": 233, ""time_limit"": 1}",0.0667
0.6,0.58,0.15,5,5400,0.012,,12,192,113,0.8594545017466473,0.05729696678310982,3.0935869990960225,0.1079080238467145,1.8621861841162781,0.004567292797358584,0.004476325529930454,0.1206,42,0,0,"{""gate_close"": 66, ""prob_floor"": 167, ""time_limit"": 1}",0.0667
0.6,0.58,0.15,5,5400,0.012,0.01,8,180,113,1.4145845978739824,0.0943056398582655,5.27968091611256,0.07625625275026005,3.0871512239612837,0.005906975730349954,0.007858803321522122,0.1289,143,0,0,"{""gate_close"": 89, ""prob_floor"": 233, ""time_limit"": 1}",0.0667
0.6,0.58,0.15,5,5400,0.012,0.01,12,192,113,0.8594545017466473,0.05729696678310982,3.0935869990960225,0.1079080238467145,1.8621861841162781,0.004567292797358584,0.004476325529930454,0.1206,42,0,0,"{""gate_close"": 66, ""prob_floor"": 167, ""time_limit"": 1}",0.0667
0.6,0.58,0.15,5,14400,0.005,,8,180,113,1.4145845978739824,0.0943056398582655,5.27968091611256,0.07625625275026005,3.0871512239612837,0.005906975730349954,0.007858803321522122,0.1289,143,0,0,"{""gate_close"": 89, ""prob_floor"": 234}",0.0667
0.6,0.58,0.15,5,14400,0.005,,12,192,113,0.8594545017466473,0.05729696678310982,3.0935869990960225,0.1079080238467145,1.8621861841162781,0.004567292797358584,0.004476325529930454,0.1206,42,0,0,"{""gate_close"": 66, ""prob_floor"": 168}",0.0667
0.6,0.58,0.15,5,14400,0.005,0.01,8,180,113,1.4145845978739824,0.0943056398582655,5.27968091611256,0.07625625275026005,3.0871512239612837,0.005906975730349954,0.007858803321522122,0.1289,143,0,0,"{""gate_close"": 89, ""prob_floor"": 234}",0.0667
0.6,0.58,0.15,5,14400,0.005,0.01,12,192,113,0.8594545017466473,0.05729696678310982,3.0935869990960225,0.1079080238467145,1.8621861841162781,0.004567292797358584,0.004476325529930454,0.1206,42,0,0,"{""gate_close"": 66, ""prob_floor"": 168}",0.0667
0.6,0.58,0.15,5,14400,0.012,,8,180,113,1.4145845978739824,0.0943056398582655,5.27968091611256,0.07625625275026005,3.0871512239612837,0.005906975730349954,0.007858803321522122,0.1289,143,0,0,"{""gate_close"": 89, ""prob_floor"": 234}",0.0667
0.6,0.58,0.15,5,14400,0.012,,12,192,113,0.8594545017466473,0.05729696678310982,3.0935869990960225,0.1079080238467145,1.8621861841162781,0.004567292797358584,0.004476325529930454,0.1206,42,0,0,"{""gate_close"": 66, ""prob_floor"": 168}",0.0667
0.6,0.58,0.15,5,14400,0.012,0.01,8,180,113,1.4145845978739824,0.0943056398582655,5.27968091611256,0.07625625275026005,3.0871512239612837,0.005906975730349954,0.007858803321522122,0.1289,143,0,0,"{""gate_close"": 89, ""prob_floor"": 234}",0.0667
0.6,0.58,0.15,5,14400,0.012,0.01,12,192,113,0.8594545017466473,0.05729696678310982,3.0935869990960225,0.1079080238467145,1.8621861841162781,0.004567292797358584,0.004476325529930454,0.1206,42,0,0,"{""gate_close"": 66, ""prob_floor"": 168}",0.0667
0.6,0.58,0.15,8,5400,0.005,,8,157,120,2.029879521428688,0.1353253014285792,8.126402103032836,0.04041001789907528,7.656426152985092,0.010246269504393755,0.012929168926297375,0.1538,141,0,0,"{""gate_close"": 77, ""prob_floor"": 220, ""time_limit"": 1}",0.0667
0.6,0.58,0.15,8,5400,0.005,,12,167,114,1.2295454262288665,0.08196969508192443,4.347816476253928,0.08072052299383692,2.5713507666495423,0.007656453332034578,0.007362547462448304,0.1464,30,0,0,"{""gate_close"": 45, ""prob_floor"": 151, ""time_limit"": 1}",0.0667
0.6,0.58,0.15,8,5400,0.005,0.01,8,157,120,2.029879521428688,0.1353253014285792,8.126402103032836,0.04041001789907528,7.656426152985092,0.010246269504393755,0.012929168926297375,0.1538,141,0,0,"{""gate_close"": 77, ""prob_floor"": 220, ""time_limit"": 1}",0.0667
0.6,0.58,0.15,8,5400,0.005,0.01,12,167,114,1.2295454262288665,0.08196969508192443,4.347816476253928,0.08072052299383692,2.5713507666495423,0.007656453332034578,0.007362547462448304,0.1464,30,0,0,"{""gate_close"": 45, ""prob_floor"": 151, ""time_limit"": 1}",0.0667
0.6,0.58,0.15,8,5400,0.012,,8,157,120,2.029879521428688,0.1353253014285792,8.126402103032836,0.04041001789907528,7.656426152985092,0.010246269504393755,0.012929168926297375,0.1538,141,0,0,"{""gate_close"": 77, ""prob_floor"": 220, ""time_limit"": 1}",0.0667
0.6,0.58,0.15,8,5400,0.012,,12,167,114,1.2295454262288665,0.08196969508192443,4.347816476253928,0.08072052299383692,2.5713507666495423,0.007656453332034578,0.007362547462448304,0.1464,30,0,0,"{""gate_close"": 45, ""prob_floor"": 151, ""time_limit"": 1}",0.0667
0.6,0.58,0.15,8,5400,0.012,0.01,8,157,120,2.029879521428688,0.1353253014285792,8.126402103032836,0.04041001789907528,7.656426152985092,0.010246269504393755,0.012929168926297375,0.1538,141,0,0,"{""gate_close"": 77, ""prob_floor"": 220, ""time_limit"": 1}",0.0667
0.6,0.58,0.15,8,5400,0.012,0.01,12,167,114,1.2295454262288665,0.08196969508192443,4.347816476253928,0.08072052299383692,2.5713507666495423,0.007656453332034578,0.007362547462448304,0.1464,30,0,0,"{""gate_close"": 45, ""prob_floor"": 151, ""time_limit"": 1}",0.0667
0.6,0.58,0.15,8,14400,0.005,,8,157,120,2.029879521428688,0.1353253014285792,8.126402103032836,0.04041001789907528,7.656426152985092,0.010246269504393755,0.012929168926297375,0.1538,141,0,0,"{""gate_close"": 77, ""prob_floor"": 221}",0.0667
0.6,0.58,0.15,8,14400,0.005,,12,167,114,1.2295454262288665,0.08196969508192443,4.347816476253928,0.08072052299383692,2.5713507666495423,0.007656453332034578,0.007362547462448304,0.1464,30,0,0,"{""gate_close"": 45, ""prob_floor"": 152}",0.0667
0.6,0.58,0.15,8,14400,0.005,0.01,8,157,120,2.029879521428688,0.1353253014285792,8.126402103032836,0.04041001789907528,7.656426152985092,0.010246269504393755,0.012929168926297375,0.1538,141,0,0,"{""gate_close"": 77, ""prob_floor"": 221}",0.0667
0.6,0.58,0.15,8,14400,0.005,0.01,12,167,114,1.2295454262288665,0.08196969508192443,4.347816476253928,0.08072052299383692,2.5713507666495423,0.007656453332034578,0.007362547462448304,0.1464,30,0,0,"{""gate_close"": 45, ""prob_floor"": 152}",0.0667
0.6,0.58,0.15,8,14400,0.012,,8,157,120,2.029879521428688,0.1353253014285792,8.126402103032836,0.04041001789907528,7.656426152985092,0.010246269504393755,0.012929168926297375,0.1538,141,0,0,"{""gate_close"": 77, ""prob_floor"": 221}",0.0667
0.6,0.58,0.15,8,14400,0.012,,12,167,114,1.2295454262288665,0.08196969508192443,4.347816476253928,0.08072052299383692,2.5713507666495423,0.007656453332034578,0.007362547462448304,0.1464,30,0,0,"{""gate_close"": 45, ""prob_floor"": 152}",0.0667
0.6,0.58,0.15,8,14400,0.012,0.01,8,157,120,2.029879521428688,0.1353253014285792,8.126402103032836,0.04041001789907528,7.656426152985092,0.010246269504393755,0.012929168926297375,0.1538,141,0,0,"{""gate_close"": 77, ""prob_floor"": 221}",0.0667
0.6,0.58,0.15,8,14400,0.012,0.01,12,167,114,1.2295454262288665,0.08196969508192443,4.347816476253928,0.08072052299383692,2.5713507666495423,0.007656453332034578,0.007362547462448304,0.1464,30,0,0,"{""gate_close"": 45, ""prob_floor"": 152}",0.0667
0.6,0.58,0.2,5,5400,0.005,,8,180,113,1.4145845978739824,0.0943056398582655,5.27968091611256,0.07625625275026005,3.0871512239612837,0.005906975730349954,0.007858803321522122,0.1289,143,0,0,"{""gate_close"": 89, ""prob_floor"": 233, ""time_limit"": 1}",0.0667
0.6,0.58,0.2,5,5400,0.005,,12,192,113,0.8594545017466473,0.05729696678310982,3.0935869990960225,0.1079080238467145,1.8621861841162781,0.004567292797358584,0.004476325529930454,0.1206,42,0,0,"{""gate_close"": 66, ""prob_floor"": 167, ""time_limit"": 1}",0.0667
0.6,0.58,0.2,5,5400,0.005,0.01,8,180,113,1.4145845978739824,0.0943056398582655,5.27968091611256,0.07625625275026005,3.0871512239612837,0.005906975730349954,0.007858803321522122,0.1289,143,0,0,"{""gate_close"": 89, ""prob_floor"": 233, ""time_limit"": 1}",0.0667
0.6,0.58,0.2,5,5400,0.005,0.01,12,192,113,0.8594545017466473,0.05729696678310982,3.0935869990960225,0.1079080238467145,1.8621861841162781,0.004567292797358584,0.004476325529930454,0.1206,42,0,0,"{""gate_close"": 66, ""prob_floor"": 167, ""time_limit"": 1}",0.0667
0.6,0.58,0.2,5,5400,0.012,,8,180,113,1.4145845978739824,0.0943056398582655,5.27968091611256,0.07625625275026005,3.0871512239612837,0.005906975730349954,0.007858803321522122,0.1289,143,0,0,"{""gate_close"": 89, ""prob_floor"": 233, ""time_limit"": 1}",0.0667
0.6,0.58,0.2,5,5400,0.012,,12,192,113,0.8594545017466473,0.05729696678310982,3.0935869990960225,0.1079080238467145,1.8621861841162781,0.004567292797358584,0.004476325529930454,0.1206,42,0,0,"{""gate_close"": 66, ""prob_floor"": 167, ""time_limit"": 1}",0.0667
0.6,0.58,0.2,5,5400,0.012,0.01,8,180,113,1.4145845978739824,0.0943056398582655,5.27968091611256,0.07625625275026005,3.0871512239612837,0.005906975730349954,0.007858803321522122,0.1289,143,0,0,"{""gate_close"": 89, ""prob_floor"": 233, ""time_limit"": 1}",0.0667
0.6,0.58,0.2,5,5400,0.012,0.01,12,192,113,0.8594545017466473,0.05729696678310982,3.0935869990960225,0.1079080238467145,1.8621861841162781,0.004567292797358584,0.004476325529930454,0.1206,42,0,0,"{""gate_close"": 66, ""prob_floor"": 167, ""time_limit"": 1}",0.0667
0.6,0.58,0.2,5,14400,0.005,,8,180,113,1.4145845978739824,0.0943056398582655,5.27968091611256,0.07625625275026005,3.0871512239612837,0.005906975730349954,0.007858803321522122,0.1289,143,0,0,"{""gate_close"": 89, ""prob_floor"": 234}",0.0667
0.6,0.58,0.2,5,14400,0.005,,12,192,113,0.8594545017466473,0.05729696678310982,3.0935869990960225,0.1079080238467145,1.8621861841162781,0.004567292797358584,0.004476325529930454,0.1206,42,0,0,"{""gate_close"": 66, ""prob_floor"": 168}",0.0667
0.6,0.58,0.2,5,14400,0.005,0.01,8,180,113,1.4145845978739824,0.0943056398582655,5.27968091611256,0.07625625275026005,3.0871512239612837,0.005906975730349954,0.007858803321522122,0.1289,143,0,0,"{""gate_close"": 89, ""prob_floor"": 234}",0.0667
0.6,0.58,0.2,5,14400,0.005,0.01,12,192,113,0.8594545017466473,0.05729696678310982,3.0935869990960225,0.1079080238467145,1.8621861841162781,0.004567292797358584,0.004476325529930454,0.1206,42,0,0,"{""gate_close"": 66, ""prob_floor"": 168}",0.0667
0.6,0.58,0.2,5,14400,0.012,,8,180,113,1.4145845978739824,0.0943056398582655,5.27968091611256,0.07625625275026005,3.0871512239612837,0.005906975730349954,0.007858803321522122,0.1289,143,0,0,"{""gate_close"": 89, ""prob_floor"": 234}",0.0667
0.6,0.58,0.2,5,14400,0.012,,12,192,113,0.8594545017466473,0.05729696678310982,3.0935869990960225,0.1079080238467145,1.8621861841162781,0.004567292797358584,0.004476325529930454,0.1206,42,0,0,"{""gate_close"": 66, ""prob_floor"": 168}",0.0667
0.6,0.58,0.2,5,14400,0.012,0.01,8,180,113,1.4145845978739824,0.0943056398582655,5.27968091611256,0.07625625275026005,3.0871512239612837,0.005906975730349954,0.007858803321522122,0.1289,143,0,0,"{""gate_close"": 89, ""prob_floor"": 234}",0.0667
0.6,0.58,0.2,5,14400,0.012,0.01,12,192,113,0.8594545017466473,0.05729696678310982,3.0935869990960225,0.1079080238467145,1.8621861841162781,0.004567292797358584,0.004476325529930454,0.1206,42,0,0,"{""gate_close"": 66, ""prob_floor"": 168}",0.0667
0.6,0.58,0.2,8,5400,0.005,,8,157,120,2.029879521428688,0.1353253014285792,8.126402103032836,0.04041001789907528,7.656426152985092,0.010246269504393755,0.012929168926297375,0.1538,141,0,0,"{""gate_close"": 77, ""prob_floor"": 220, ""time_limit"": 1}",0.0667
0.6,0.58,0.2,8,5400,0.005,,12,167,114,1.2295454262288665,0.08196969508192443,4.347816476253928,0.08072052299383692,2.5713507666495423,0.007656453332034578,0.007362547462448304,0.1464,30,0,0,"{""gate_close"": 45, ""prob_floor"": 151, ""time_limit"": 1}",0.0667
0.6,0.58,0.2,8,5400,0.005,0.01,8,157,120,2.029879521428688,0.1353253014285792,8.126402103032836,0.04041001789907528,7.656426152985092,0.010246269504393755,0.012929168926297375,0.1538,141,0,0,"{""gate_close"": 77, ""prob_floor"": 220, ""time_limit"": 1}",0.0667
0.6,0.58,0.2,8,5400,0.005,0.01,12,167,114,1.2295454262288665,0.08196969508192443,4.347816476253928,0.08072052299383692,2.5713507666495423,0.007656453332034578,0.007362547462448304,0.1464,30,0,0,"{""gate_close"": 45, ""prob_floor"": 151, ""time_limit"": 1}",0.0667
0.6,0.58,0.2,8,5400,0.012,,8,157,120,2.029879521428688,0.1353253014285792,8.126402103032836,0.04041001789907528,7.656426152985092,0.010246269504393755,0.012929168926297375,0.1538,141,0,0,"{""gate_close"": 77, ""prob_floor"": 220, ""time_limit"": 1}",0.0667
0.6,0.58,0.2,8,5400,0.012,,12,167,114,1.2295454262288665,0.08196969508192443,4.347816476253928,0.08072052299383692,2.5713507666495423,0.007656453332034578,0.007362547462448304,0.1464,30,0,0,"{""gate_close"": 45, ""prob_floor"": 151, ""time_limit"": 1}",0.0667
0.6,0.58,0.2,8,5400,0.012,0.01,8,157,120,2.029879521428688,0.1353253014285792,8.126402103032836,0.04041001789907528,7.656426152985092,0.010246269504393755,0.012929168926297375,0.1538,141,0,0,"{""gate_close"": 77, ""prob_floor"": 220, ""time_limit"": 1}",0.0667
0.6,0.58,0.2,8,5400,0.012,0.01,12,167,114,1.2295454262288665,0.08196969508192443,4.347816476253928,0.08072052299383692,2.5713507666495423,0.007656453332034578,0.007362547462448304,0.1464,30,0,0,"{""gate_close"": 45, ""prob_floor"": 151, ""time_limit"": 1}",0.0667
0.6,0.58,0.2,8,14400,0.005,,8,157,120,2.029879521428688,0.1353253014285792,8.126402103032836,0.04041001789907528,7.656426152985092,0.010246269504393755,0.012929168926297375,0.1538,141,0,0,"{""gate_close"": 77, ""prob_floor"": 221}",0.0667
0.6,0.58,0.2,8,14400,0.005,,12,167,114,1.2295454262288665,0.08196969508192443,4.347816476253928,0.08072052299383692,2.5713507666495423,0.007656453332034578,0.007362547462448304,0.1464,30,0,0,"{""gate_close"": 45, ""prob_floor"": 152}",0.0667
0.6,0.58,0.2,8,14400,0.005,0.01,8,157,120,2.029879521428688,0.1353253014285792,8.126402103032836,0.04041001789907528,7.656426152985092,0.010246269504393755,0.012929168926297375,0.1538,141,0,0,"{""gate_close"": 77, ""prob_floor"": 221}",0.0667
0.6,0.58,0.2,8,14400,0.005,0.01,12,167,114,1.2295454262288665,0.08196969508192443,4.347816476253928,0.08072052299383692,2.5713507666495423,0.007656453332034578,0.007362547462448304,0.1464,30,0,0,"{""gate_close"": 45, ""prob_floor"": 152}",0.0667
0.6,0.58,0.2,8,14400,0.012,,8,157,120,2.029879521428688,0.1353253014285792,8.126402103032836,0.04041001789907528,7.656426152985092,0.010246269504393755,0.012929168926297375,0.1538,141,0,0,"{""gate_close"": 77, ""prob_floor"": 221}",0.0667
0.6,0.58,0.2,8,14400,0.012,,12,167,114,1.2295454262288665,0.08196969508192443,4.347816476253928,0.08072052299383692,2.5713507666495423,0.007656453332034578,0.007362547462448304,0.1464,30,0,0,"{""gate_close"": 45, ""prob_floor"": 152}",0.0667
0.6,0.58,0.2,8,14400,0.012,0.01,8,157,120,2.029879521428688,0.1353253014285792,8.126402103032836,0.04041001789907528,7.656426152985092,0.010246269504393755,0.012929168926297375,0.1538,141,0,0,"{""gate_close"": 77, ""prob_floor"": 221}",0.0667
0.6,0.58,0.2,8,14400,0.012,0.01,12,167,114,1.2295454262288665,0.08196969508192443,4.347816476253928,0.08072052299383692,2.5713507666495423,0.007656453332034578,0.007362547462448304,0.1464,30,0,0,"{""gate_close"": 45, ""prob_floor"": 152}",0.0667
0.6,0.59,0.15,5,5400,0.005,,8,185,117,1.3556649770048375,0.09037766513365583,5.02437362956206,0.09771347142022552,2.896450044334839,0.005716757700453274,0.007327918794620742,0.1272,154,0,0,"{""gate_close"": 88, ""prob_floor"": 250, ""time_limit"": 1}",0.0667
0.6,0.59,0.15,5,5400,0.005,,12,196,116,0.804842619882165,0.053656174658811,2.918228059590554,0.10318371292095174,1.7894824950276222,0.004367300686587496,0.004106339897357984,0.119,42,0,0,"{""gate_close"": 66, ""prob_floor"": 171, ""time_limit"": 1}",0.0667
0.6,0.59,0.15,5,5400,0.005,0.01,8,185,117,1.3556649770048375,0.09037766513365583,5.02437362956206,0.09771347142022552,2.896450044334839,0.005716757700453274,0.007327918794620742,0.1272,154,0,0,"{""gate_close"": 88, ""prob_floor"": 250, ""time_limit"": 1}",0.0667
0.6,0.59,0.15,5,5400,0.005,0.01,12,196,116,0.804842619882165,0.053656174658811,2.918228059590554,0.10318371292095174,1.7894824950276222,0.004367300686587496,0.004106339897357984,0.119,42,0,0,"{""gate_close"": 66, ""prob_floor"": 171, ""time_limit"": 1}",0.0667
0.6,0.59,0.15,5,5400,0.012,,8,185,117,1.3556649770048375,0.09037766513365583,5.02437362956206,0.09771347142022552,2.896450044334839,0.005716757700453274,0.007327918794620742,0.1272,154,0,0,"{""gate_close"": 88, ""prob_floor"": 250, ""time_limit"": 1}",0.0667
0.6,0.59,0.15,5,5400,0.012,,12,196,116,0.804842619882165,0.053656174658811,2.918228059590554,0.10318371292095174,1.7894824950276222,0.004367300686587496,0.004106339897357984,0.119,42,0,0,"{""gate_close"": 66, ""prob_floor"": 171, ""time_limit"": 1}",0.0667
0.6,0.59,0.15,5,5400,0.012,0.01,8,185,117,1.3556649770048375,0.09037766513365583,5.02437362956206,0.09771347142022552,2.896450044334839,0.005716757700453274,0.007327918794620742,0.1272,154,0,0,"{""gate_close"": 88, ""prob_floor"": 250, ""time_limit"": 1}",0.0667
0.6,0.59,0.15,5,5400,0.012,0.01,12,196,116,0.804842619882165,0.053656174658811,2.918228059590554,0.10318371292095174,1.7894824950276222,0.004367300686587496,0.004106339897357984,0.119,42,0,0,"{""gate_close"": 66, ""prob_floor"": 171, ""time_limit"": 1}",0.0667
0.6,0.59,0.15,5,14400,0.005,,8,185,117,1.3556649770048375,0.09037766513365583,5.02437362956206,0.09771347142022552,2.896450044334839,0.005716757700453274,0.007327918794620742,0.1272,154,0,0,"{""gate_close"": 88, ""prob_floor"": 251}",0.0667
0.6,0.59,0.15,5,14400,0.005,,12,196,116,0.804842619882165,0.053656174658811,2.918228059590554,0.10318371292095174,1.7894824950276222,0.004367300686587496,0.004106339897357984,0.119,42,0,0,"{""gate_close"": 66, ""prob_floor"": 172}",0.0667
0.6,0.59,0.15,5,14400,0.005,0.01,8,185,117,1.3556649770048375,0.09037766513365583,5.02437362956206,0.09771347142022552,2.896450044334839,0.005716757700453274,0.007327918794620742,0.1272,154,0,0,"{""gate_close"": 88, ""prob_floor"": 251}",0.0667
0.6,0.59,0.15,5,14400,0.005,0.01,12,196,116,0.804842619882165,0.053656174658811,2.918228059590554,0.10318371292095174,1.7894824950276222,0.004367300686587496,0.004106339897357984,0.119,42,0,0,"{""gate_close"": 66, ""prob_floor"": 172}",0.0667
0.6,0.59,0.15,5,14400,0.012,,8,185,117,1.3556649770048375,0.09037766513365583,5.02437362956206,0.09771347142022552,2.896450044334839,0.005716757700453274,0.007327918794620742,0.1272,154,0,0,"{""gate_close"": 88, ""prob_floor"": 251}",0.0667
0.6,0.59,0.15,5,14400,0.012,,12,196,116,0.804842619882165,0.053656174658811,2.918228059590554,0.10318371292095174,1.7894824950276222,0.004367300686587496,0.004106339897357984,0.119,42,0,0,"{""gate_close"": 66, ""prob_floor"": 172}",0.0667
0.6,0.59,0.15,5,14400,0.012,0.01,8,185,117,1.3556649770048375,0.09037766513365583,5.02437362956206,0.09771347142022552,2.896450044334839,0.005716757700453274,0.007327918794620742,0.1272,154,0,0,"{""gate_close"": 88, ""prob_floor"": 251}",0.0667
0.6,0.59,0.15,5,14400,0.012,0.01,12,196,116,0.804842619882165,0.053656174658811,2.918228059590554,0.10318371292095174,1.7894824950276222,0.004367300686587496,0.004106339897357984,0.119,42,0,0,"{""gate_close"": 66, ""prob_floor"": 172}",0.0667
0.6,0.59,0.15,8,5400,0.005,,8,161,119,1.8788020574700415,0.12525347049800276,7.2506877034862045,0.0595536286756333,5.899985641714617,0.008989731509443554,0.011669577996708331,0.1523,143,0,0,"{""gate_close"": 70, ""prob_floor"": 233, ""time_limit"": 1}",0.0667
0.6,0.59,0.15,8,5400,0.005,,12,169,112,1.103313544430156,0.07355423629534373,3.8622311400292664,0.08072052299383703,2.3006739960898672,0.00668070154583453,0.006528482511421043,0.1446,25,0,0,"{""gate_close"": 41, ""prob_floor"": 152, ""time_limit"": 1}",0.0667
0.6,0.59,0.15,8,5400,0.005,0.01,8,161,119,1.8788020574700415,0.12525347049800276,7.2506877034862045,0.0595536286756333,5.899985641714617,0.008989731509443554,0.011669577996708331,0.1523,143,0,0,"{""gate_close"": 70, ""prob_floor"": 233, ""time_limit"": 1}",0.0667
0.6,0.59,0.15,8,5400,0.005,0.01,12,169,112,1.103313544430156,0.07355423629534373,3.8622311400292664,0.08072052299383703,2.3006739960898672,0.00668070154583453,0.006528482511421043,0.1446,25,0,0,"{""gate_close"": 41, ""prob_floor"": 152, ""time_limit"": 1}",0.0667
0.6,0.59,0.15,8,5400,0.012,,8,161,119,1.8788020574700415,0.12525347049800276,7.2506877034862045,0.0595536286756333,5.899985641714617,0.008989731509443554,0.011669577996708331,0.1523,143,0,0,"{""gate_close"": 70, ""prob_floor"": 233, ""time_limit"": 1}",0.0667
0.6,0.59,0.15,8,5400,0.012,,12,169,112,1.103313544430156,0.07355423629534373,3.8622311400292664,0.08072052299383703,2.3006739960898672,0.00668070154583453,0.006528482511421043,0.1446,25,0,0,"{""gate_close"": 41, ""prob_floor"": 152, ""time_limit"": 1}",0.0667
0.6,0.59,0.15,8,5400,0.012,0.01,8,161,119,1.8788020574700415,0.12525347049800276,7.2506877034862045,0.0595536286756333,5.899985641714617,0.008989731509443554,0.011669577996708331,0.1523,143,0,0,"{""gate_close"": 70, ""prob_floor"": 233, ""time_limit"": 1}",0.0667
0.6,0.59,0.15,8,5400,0.012,0.01,12,169,112,1.103313544430156,0.07355423629534373,3.8622311400292664,0.08072052299383703,2.3006739960898672,0.00668070154583453,0.006528482511421043,0.1446,25,0,0,"{""gate_close"": 41, ""prob_floor"": 152, ""time_limit"": 1}",0.0667
0.6,0.59,0.15,8,14400,0.005,,8,161,119,1.8788020574700415,0.12525347049800276,7.2506877034862045,0.0595536286756333,5.899985641714617,0.008989731509443554,0.011669577996708331,0.1523,143,0,0,"{""gate_close"": 70, ""prob_floor"": 234}",0.0667
0.6,0.59,0.15,8,14400,0.005,,12,169,112,1.103313544430156,0.07355423629534373,3.8622311400292664,0.08072052299383703,2.3006739960898672,0.00668070154583453,0.006528482511421043,0.1446,25,0,0,"{""gate_close"": 41, ""prob_floor"": 153}",0.0667
0.6,0.59,0.15,8,14400,0.005,0.01,8,161,119,1.8788020574700415,0.12525347049800276,7.2506877034862045,0.0595536286756333,5.899985641714617,0.008989731509443554,0.011669577996708331,0.1523,143,0,0,"{""gate_close"": 70, ""prob_floor"": 234}",0.0667
0.6,0.59,0.15,8,14400,0.005,0.01,12,169,112,1.103313544430156,0.07355423629534373,3.8622311400292664,0.08072052299383703,2.3006739960898672,0.00668070154583453,0.006528482511421043,0.1446,25,0,0,"{""gate_close"": 41, ""prob_floor"": 153}",0.0667
0.6,0.59,0.15,8,14400,0.012,,8,161,119,1.8788020574700415,0.12525347049800276,7.2506877034862045,0.0595536286756333,5.899985641714617,0.008989731509443554,0.011669577996708331,0.1523,143,0,0,"{""gate_close"": 70, ""prob_floor"": 234}",0.0667
0.6,0.59,0.15,8,14400,0.012,,12,169,112,1.103313544430156,0.07355423629534373,3.8622311400292664,0.08072052299383703,2.3006739960898672,0.00668070154583453,0.006528482511421043,0.1446,25,0,0,"{""gate_close"": 41, ""prob_floor"": 153}",0.0667
0.6,0.59,0.15,8,14400,0.012,0.01,8,161,119,1.8788020574700415,0.12525347049800276,7.2506877034862045,0.0595536286756333,5.899985641714617,0.008989731509443554,0.011669577996708331,0.1523,143,0,0,"{""gate_close"": 70, ""prob_floor"": 234}",0.0667
0.6,0.59,0.15,8,14400,0.012,0.01,12,169,112,1.103313544430156,0.07355423629534373,3.8622311400292664,0.08072052299383703,2.3006739960898672,0.00668070154583453,0.006528482511421043,0.1446,25,0,0,"{""gate_close"": 41, ""prob_floor"": 153}",0.0667
0.6,0.59,0.2,5,5400,0.005,,8,185,117,1.3556649770048375,0.09037766513365583,5.02437362956206,0.09771347142022552,2.896450044334839,0.005716757700453274,0.007327918794620742,0.1272,154,0,0,"{""gate_close"": 88, ""prob_floor"": 250, ""time_limit"": 1}",0.0667
0.6,0.59,0.2,5,5400,0.005,,12,196,116,0.804842619882165,0.053656174658811,2.918228059590554,0.10318371292095174,1.7894824950276222,0.004367300686587496,0.004106339897357984,0.119,42,0,0,"{""gate_close"": 66, ""prob_floor"": 171, ""time_limit"": 1}",0.0667
0.6,0.59,0.2,5,5400,0.005,0.01,8,185,117,1.3556649770048375,0.09037766513365583,5.02437362956206,0.09771347142022552,2.896450044334839,0.005716757700453274,0.007327918794620742,0.1272,154,0,0,"{""gate_close"": 88, ""prob_floor"": 250, ""time_limit"": 1}",0.0667
0.6,0.59,0.2,5,5400,0.005,0.01,12,196,116,0.804842619882165,0.053656174658811,2.918228059590554,0.10318371292095174,1.7894824950276222,0.004367300686587496,0.004106339897357984,0.119,42,0,0,"{""gate_close"": 66, ""prob_floor"": 171, ""time_limit"": 1}",0.0667
0.6,0.59,0.2,5,5400,0.012,,8,185,117,1.3556649770048375,0.09037766513365583,5.02437362956206,0.09771347142022552,2.896450044334839,0.005716757700453274,0.007327918794620742,0.1272,154,0,0,"{""gate_close"": 88, ""prob_floor"": 250, ""time_limit"": 1}",0.0667
0.6,0.59,0.2,5,5400,0.012,,12,196,116,0.804842619882165,0.053656174658811,2.918228059590554,0.10318371292095174,1.7894824950276222,0.004367300686587496,0.004106339897357984,0.119,42,0,0,"{""gate_close"": 66, ""prob_floor"": 171, ""time_limit"": 1}",0.0667
0.6,0.59,0.2,5,5400,0.012,0.01,8,185,117,1.3556649770048375,0.09037766513365583,5.02437362956206,0.09771347142022552,2.896450044334839,0.005716757700453274,0.007327918794620742,0.1272,154,0,0,"{""gate_close"": 88, ""prob_floor"": 250, ""time_limit"": 1}",0.0667
0.6,0.59,0.2,5,5400,0.012,0.01,12,196,116,0.804842619882165,0.053656174658811,2.918228059590554,0.10318371292095174,1.7894824950276222,0.004367300686587496,0.004106339897357984,0.119,42,0,0,"{""gate_close"": 66, ""prob_floor"": 171, ""time_limit"": 1}",0.0667
0.6,0.59,0.2,5,14400,0.005,,8,185,117,1.3556649770048375,0.09037766513365583,5.02437362956206,0.09771347142022552,2.896450044334839,0.005716757700453274,0.007327918794620742,0.1272,154,0,0,"{""gate_close"": 88, ""prob_floor"": 251}",0.0667
0.6,0.59,0.2,5,14400,0.005,,12,196,116,0.804842619882165,0.053656174658811,2.918228059590554,0.10318371292095174,1.7894824950276222,0.004367300686587496,0.004106339897357984,0.119,42,0,0,"{""gate_close"": 66, ""prob_floor"": 172}",0.0667
0.6,0.59,0.2,5,14400,0.005,0.01,8,185,117,1.3556649770048375,0.09037766513365583,5.02437362956206,0.09771347142022552,2.896450044334839,0.005716757700453274,0.007327918794620742,0.1272,154,0,0,"{""gate_close"": 88, ""prob_floor"": 251}",0.0667
0.6,0.59,0.2,5,14400,0.005,0.01,12,196,116,0.804842619882165,0.053656174658811,2.918228059590554,0.10318371292095174,1.7894824950276222,0.004367300686587496,0.004106339897357984,0.119,42,0,0,"{""gate_close"": 66, ""prob_floor"": 172}",0.0667
0.6,0.59,0.2,5,14400,0.012,,8,185,117,1.3556649770048375,0.09037766513365583,5.02437362956206,0.09771347142022552,2.896450044334839,0.005716757700453274,0.007327918794620742,0.1272,154,0,0,"{""gate_close"": 88, ""prob_floor"": 251}",0.0667
0.6,0.59,0.2,5,14400,0.012,,12,196,116,0.804842619882165,0.053656174658811,2.918228059590554,0.10318371292095174,1.7894824950276222,0.004367300686587496,0.004106339897357984,0.119,42,0,0,"{""gate_close"": 66, ""prob_floor"": 172}",0.0667
0.6,0.59,0.2,5,14400,0.012,0.01,8,185,117,1.3556649770048375,0.09037766513365583,5.02437362956206,0.09771347142022552,2.896450044334839,0.005716757700453274,0.007327918794620742,0.1272,154,0,0,"{""gate_close"": 88, ""prob_floor"": 251}",0.0667
0.6,0.59,0.2,5,14400,0.012,0.01,12,196,116,0.804842619882165,0.053656174658811,2.918228059590554,0.10318371292095174,1.7894824950276222,0.004367300686587496,0.004106339897357984,0.119,42,0,0,"{""gate_close"": 66, ""prob_floor"": 172}",0.0667
0.6,0.59,0.2,8,5400,0.005,,8,161,119,1.8788020574700415,0.12525347049800276,7.2506877034862045,0.0595536286756333,5.899985641714617,0.008989731509443554,0.011669577996708331,0.1523,143,0,0,"{""gate_close"": 70, ""prob_floor"": 233, ""time_limit"": 1}",0.0667
0.6,0.59,0.2,8,5400,0.005,,12,169,112,1.103313544430156,0.07355423629534373,3.8622311400292664,0.08072052299383703,2.3006739960898672,0.00668070154583453,0.006528482511421043,0.1446,25,0,0,"{""gate_close"": 41, ""prob_floor"": 152, ""time_limit"": 1}",0.0667
0.6,0.59,0.2,8,5400,0.005,0.01,8,161,119,1.8788020574700415,0.12525347049800276,7.2506877034862045,0.0595536286756333,5.899985641714617,0.008989731509443554,0.011669577996708331,0.1523,143,0,0,"{""gate_close"": 70, ""prob_floor"": 233, ""time_limit"": 1}",0.0667
0.6,0.59,0.2,8,5400,0.005,0.01,12,169,112,1.103313544430156,0.07355423629534373,3.8622311400292664,0.08072052299383703,2.3006739960898672,0.00668070154583453,0.006528482511421043,0.1446,25,0,0,"{""gate_close"": 41, ""prob_floor"": 152, ""time_limit"": 1}",0.0667
0.6,0.59,0.2,8,5400,0.012,,8,161,119,1.8788020574700415,0.12525347049800276,7.2506877034862045,0.0595536286756333,5.899985641714617,0.008989731509443554,0.011669577996708331,0.1523,143,0,0,"{""gate_close"": 70, ""prob_floor"": 233, ""time_limit"": 1}",0.0667
0.6,0.59,0.2,8,5400,0.012,,12,169,112,1.103313544430156,0.07355423629534373,3.8622311400292664,0.08072052299383703,2.3006739960898672,0.00668070154583453,0.006528482511421043,0.1446,25,0,0,"{""gate_close"": 41, ""prob_floor"": 152, ""time_limit"": 1}",0.0667
0.6,0.59,0.2,8,5400,0.012,0.01,8,161,119,1.8788020574700415,0.12525347049800276,7.2506877034862045,0.0595536286756333,5.899985641714617,0.008989731509443554,0.011669577996708331,0.1523,143,0,0,"{""gate_close"": 70, ""prob_floor"": 233, ""time_limit"": 1}",0.0667
0.6,0.59,0.2,8,5400,0.012,0.01,12,169,112,1.103313544430156,0.07355423629534373,3.8622311400292664,0.08072052299383703,2.3006739960898672,0.00668070154583453,0.006528482511421043,0.1446,25,0,0,"{""gate_close"": 41, ""prob_floor"": 152, ""time_limit"": 1}",0.0667
0.6,0.59,0.2,8,14400,0.005,,8,161,119,1.8788020574700415,0.12525347049800276,7.2506877034862045,0.0595536286756333,5.899985641714617,0.008989731509443554,0.011669577996708331,0.1523,143,0,0,"{""gate_close"": 70, ""prob_floor"": 234}",0.0667
0.6,0.59,0.2,8,14400,0.005,,12,169,112,1.103313544430156,0.07355423629534373,3.8622311400292664,0.08072052299383703,2.3006739960898672,0.00668070154583453,0.006528482511421043,0.1446,25,0,0,"{""gate_close"": 41, ""prob_floor"": 153}",0.0667
0.6,0.59,0.2,8,14400,0.005,0.01,8,161,119,1.8788020574700415,0.12525347049800276,7.2506877034862045,0.0595536286756333,5.899985641714617,0.008989731509443554,0.011669577996708331,0.1523,143,0,0,"{""gate_close"": 70, ""prob_floor"": 234}",0.0667
0.6,0.59,0.2,8,14400,0.005,0.01,12,169,112,1.103313544430156,0.07355423629534373,3.8622311400292664,0.08072052299383703,2.3006739960898672,0.00668070154583453,0.006528482511421043,0.1446,25,0,0,"{""gate_close"": 41, ""prob_floor"": 153}",0.0667
0.6,0.59,0.2,8,14400,0.012,,8,161,119,1.8788020574700415,0.12525347049800276,7.2506877034862045,0.0595536286756333,5.899985641714617,0.008989731509443554,0.011669577996708331,0.1523,143,0,0,"{""gate_close"": 70, ""prob_floor"": 234}",0.0667
0.6,0.59,0.2,8,14400,0.012,,12,169,112,1.103313544430156,0.07355423629534373,3.8622311400292664,0.08072052299383703,2.3006739960898672,0.00668070154583453,0.006528482511421043,0.1446,25,0,0,"{""gate_close"": 41, ""prob_floor"": 153}",0.0667
0.6,0.59,0.2,8,14400,0.012,0.01,8,161,119,1.8788020574700415,0.12525347049800276,7.2506877034862045,0.0595536286756333,5.899985641714617,0.008989731509443554,0.011669577996708331,0.1523,143,0,0,"{""gate_close"": 70, ""prob_floor"": 234}",0.0667
0.6,0.59,0.2,8,14400,0.012,0.01,12,169,112,1.103313544430156,0.07355423629534373,3.8622311400292664,0.08072052299383703,2.3006739960898672,0.00668070154583453,0.006528482511421043,0.1446,25,0,0,"{""gate_close"": 41, ""prob_floor"": 153}",0.0667
0.62,0.6,0.15,5,5400,0.005,,8,19,17,0.790527828278136,0.0527018552185424,6.752487452143219,0.006358506001907675,75.23645327759773,0.04572604770207632,0.04160672780411242,0.0204,45,0,0,"{""gate_close"": 8, ""prob_floor"": 56}",0.0059
0.62,0.6,0.15,5,5400,0.005,,12,20,15,0.5429580099521821,0.036197200663478805,3.2813437064803286,0.0933220596344882,5.453816421357569,0.03493926708833709,0.027147900497609106,0.0163,15,0,0,"{""gate_close"": 8, ""prob_floor"": 27}",0.0059
0.62,0.6,0.15,5,5400,0.005,0.01,8,19,17,0.790527828278136,0.0527018552185424,6.752487452143219,0.006358506001907675,75.23645327759773,0.04572604770207632,0.04160672780411242,0.0204,45,0,0,"{""gate_close"": 8, ""prob_floor"": 56}",0.0059
0.62,0.6,0.15,5,5400,0.005,0.01,12,20,15,0.5429580099521821,0.036197200663478805,3.2813437064803286,0.0933220596344882,5.453816421357569,0.03493926708833709,0.027147900497609106,0.0163,15,0,0,"{""gate_close"": 8, ""prob_floor"": 27}",0.0059
0.62,0.6,0.15,5,5400,0.012,,8,19,17,0.790527828278136,0.0527018552185424,6.752487452143219,0.006358506001907675,75.23645327759773,0.04572604770207632,0.04160672780411242,0.0204,45,0,0,"{""gate_close"": 8, ""prob_floor"": 56}",0.0059
0.62,0.6,0.15,5,5400,0.012,,12,20,15,0.5429580099521821,0.036197200663478805,3.2813437064803286,0.0933220596344882,5.453816421357569,0.03493926708833709,0.027147900497609106,0.0163,15,0,0,"{""gate_close"": 8, ""prob_floor"": 27}",0.0059
0.62,0.6,0.15,5,5400,0.012,0.01,8,19,17,0.790527828278136,0.0527018552185424,6.752487452143219,0.006358506001907675,75.23645327759773,0.04572604770207632,0.04160672780411242,0.0204,45,0,0,"{""gate_close"": 8, ""prob_floor"": 56}",0.0059
0.62,0.6,0.15,5,5400,0.012,0.01,12,20,15,0.5429580099521821,0.036197200663478805,3.2813437064803286,0.0933220596344882,5.453816421357569,0.03493926708833709,0.027147900497609106,0.0163,15,0,0,"{""gate_close"": 8, ""prob_floor"": 27}",0.0059
0.62,0.6,0.15,5,14400,0.005,,8,19,17,0.790527828278136,0.0527018552185424,6.752487452143219,0.006358506001907675,75.23645327759773,0.04572604770207632,0.04160672780411242,0.0204,45,0,0,"{""gate_close"": 8, ""prob_floor"": 56}",0.0059
0.62,0.6,0.15,5,14400,0.005,,12,20,15,0.5429580099521821,0.036197200663478805,3.2813437064803286,0.0933220596344882,5.453816421357569,0.03493926708833709,0.027147900497609106,0.0163,15,0,0,"{""gate_close"": 8, ""prob_floor"": 27}",0.0059
0.62,0.6,0.15,5,14400,0.005,0.01,8,19,17,0.790527828278136,0.0527018552185424,6.752487452143219,0.006358506001907675,75.23645327759773,0.04572604770207632,0.04160672780411242,0.0204,45,0,0,"{""gate_close"": 8, ""prob_floor"": 56}",0.0059
0.62,0.6,0.15,5,14400,0.005,0.01,12,20,15,0.5429580099521821,0.036197200663478805,3.2813437064803286,0.0933220596344882,5.453816421357569,0.03493926708833709,0.027147900497609106,0.0163,15,0,0,"{""gate_close"": 8, ""prob_floor"": 27}",0.0059
0.62,0.6,0.15,5,14400,0.012,,8,19,17,0.790527828278136,0.0527018552185424,6.752487452143219,0.006358506001907675,75.23645327759773,0.04572604770207632,0.04160672780411242,0.0204,45,0,0,"{""gate_close"": 8, ""prob_floor"": 56}",0.0059
0.62,0.6,0.15,5,14400,0.012,,12,20,15,0.5429580099521821,0.036197200663478805,3.2813437064803286,0.0933220596344882,5.453816421357569,0.03493926708833709,0.027147900497609106,0.0163,15,0,0,"{""gate_close"": 8, ""prob_floor"": 27}",0.0059
0.62,0.6,0.15,5,14400,0.012,0.01,8,19,17,0.790527828278136,0.0527018552185424,6.752487452143219,0.006358506001907675,75.23645327759773,0.04572604770207632,0.04160672780411242,0.0204,45,0,0,"{""gate_close"": 8, ""prob_floor"": 56}",0.0059
0.62,0.6,0.15,5,14400,0.012,0.01,12,20,15,0.5429580099521821,0.036197200663478805,3.2813437064803286,0.0933220596344882,5.453816421357569,0.03493926708833709,0.027147900497609106,0.0163,15,0,0,"{""gate_close"": 8, ""prob_floor"": 27}",0.0059
0.62,0.6,0.15,8,5400,0.005,,8,18,17,0.8516967993328881,0.05677978662219254,7.16907207005908,0.0017785885361293581,479.8610642832478,0.04802222510131676,0.04731648885182712,0.0239,41,0,0,"{""gate_close"": 7, ""prob_floor"": 52}",0.0059
0.62,0.6,0.15,8,5400,0.005,,12,19,16,0.6014007240364673,0.04009338160243115,4.571472121363432,0.043406660185287216,11.730778717881734,0.036499263878907034,0.031652669686129856,0.0196,14,0,0,"{""gate_close"": 7, ""prob_floor"": 26}",0.0059
0.62,0.6,0.15,8,5400,0.005,0.01,8,18,17,0.8516967993328881,0.05677978662219254,7.16907207005908,0.0017785885361293581,479.8610642832478,0.04802222510131676,0.04731648885182712,0.0239,41,0,0,"{""gate_close"": 7, ""prob_floor"": 52}",0.0059
0.62,0.6,0.15,8,5400,0.005,0.01,12,19,16,0.6014007240364673,0.04009338160243115,4.571472121363432,0.043406660185287216,11.730778717881734,0.036499263878907034,0.031652669686129856,0.0196,14,0,0,"{""gate_close"": 7, ""prob_floor"": 26}",0.0059
0.62,0.6,0.15,8,5400,0.012,,8,18,17,0.8516967993328881,0.05677978662219254,7.16907207005908,0.0017785885361293581,479.8610642832478,0.04802222510131676,0.04731648885182712,0.0239,41,0,0,"{""gate_close"": 7, ""prob_floor"": 52}",0.0059
0.62,0.6,0.15,8,5400,0.012,,12,19,16,0.6014007240364673,0.04009338160243115,4.571472121363432,0.043406660185287216,11.730778717881734,0.036499263878907034,0.031652669686129856,0.0196,14,0,0,"{""gate_close"": 7, ""prob_floor"": 26}",0.0059
0.62,0.6,0.15,8,5400,0.012,0.01,8,18,17,0.8516967993328881,0.05677978662219254,7.16907207005908,0.0017785885361293581,479.8610642832478,0.04802222510131676,0.04731648885182712,0.0239,41,0,0,"{""gate_close"": 7, ""prob_floor"": 52}",0.0059
0.62,0.6,0.15,8,5400,0.012,0.01,12,19,16,0.6014007240364673,0.04009338160243115,4.571472121363432,0.043406660185287216,11.730778717881734,0.036499263878907034,0.031652669686129856,0.0196,14,0,0,"{""gate_close"": 7, ""prob_floor"": 26}",0.0059
0.62,0.6,0.15,8,14400,0.005,,8,18,17,0.8516967993328881,0.05677978662219254,7.16907207005908,0.0017785885361293581,479.8610642832478,0.04802222510131676,0.04731648885182712,0.0239,41,0,0,"{""gate_close"": 7, ""prob_floor"": 52}",0.0059
0.62,0.6,0.15,8,14400,0.005,,12,19,16,0.6014007240364673,0.04009338160243115,4.571472121363432,0.043406660185287216,11.730778717881734,0.036499263878907034,0.031652669686129856,0.0196,14,0,0,"{""gate_close"": 7, ""prob_floor"": 26}",0.0059
0.62,0.6,0.15,8,14400,0.005,0.01,8,18,17,0.8516967993328881,0.05677978662219254,7.16907207005908,0.0017785885361293581,479.8610642832478,0.04802222510131676,0.04731648885182712,0.0239,41,0,0,"{""gate_close"": 7, ""prob_floor"": 52}",0.0059
0.62,0.6,0.15,8,14400,0.005,0.01,12,19,16,0.6014007240364673,0.04009338160243115,4.571472121363432,0.043406660185287216,11.730778717881734,0.036499263878907034,0.031652669686129856,0.0196,14,0,0,"{""gate_close"": 7, ""prob_floor"": 26}",0.0059
0.62,0.6,0.15,8,14400,0.012,,8,18,17,0.8516967993328881,0.05677978662219254,7.16907207005908,0.0017785885361293581,479.8610642832478,0.04802222510131676,0.04731648885182712,0.0239,41,0,0,"{""gate_close"": 7, ""prob_floor"": 52}",0.0059
0.62,0.6,0.15,8,14400,0.012,,12,19,16,0.6014007240364673,0.04009338160243115,4.571472121363432,0.043406660185287216,11.730778717881734,0.036499263878907034,0.031652669686129856,0.0196,14,0,0,"{""gate_close"": 7, ""prob_floor"": 26}",0.0059
0.62,0.6,0.15,8,14400,0.012,0.01,8,18,17,0.8516967993328881,0.05677978662219254,7.16907207005908,0.0017785885361293581,479.8610642832478,0.04802222510131676,0.04731648885182712,0.0239,41,0,0,"{""gate_close"": 7, ""prob_floor"": 52}",0.0059
0.62,0.6,0.15,8,14400,0.012,0.01,12,19,16,0.6014007240364673,0.04009338160243115,4.571472121363432,0.043406660185287216,11.730778717881734,0.036499263878907034,0.031652669686129856,0.0196,14,0,0,"{""gate_close"": 7, ""prob_floor"": 26}",0.0059
0.62,0.6,0.2,5,5400,0.005,,8,19,17,0.790527828278136,0.0527018552185424,6.752487452143219,0.006358506001907675,75.23645327759773,0.04572604770207632,0.04160672780411242,0.0204,45,0,0,"{""gate_close"": 8, ""prob_floor"": 56}",0.0059
0.62,0.6,0.2,5,5400,0.005,,12,20,15,0.5429580099521821,0.036197200663478805,3.2813437064803286,0.0933220596344882,5.453816421357569,0.03493926708833709,0.027147900497609106,0.0163,15,0,0,"{""gate_close"": 8, ""prob_floor"": 27}",0.0059
0.62,0.6,0.2,5,5400,0.005,0.01,8,19,17,0.790527828278136,0.0527018552185424,6.752487452143219,0.006358506001907675,75.23645327759773,0.04572604770207632,0.04160672780411242,0.0204,45,0,0,"{""gate_close"": 8, ""prob_floor"": 56}",0.0059
0.62,0.6,0.2,5,5400,0.005,0.01,12,20,15,0.5429580099521821,0.036197200663478805,3.2813437064803286,0.0933220596344882,5.453816421357569,0.03493926708833709,0.027147900497609106,0.0163,15,0,0,"{""gate_close"": 8, ""prob_floor"": 27}",0.0059
0.62,0.6,0.2,5,5400,0.012,,8,19,17,0.790527828278136,0.0527018552185424,6.752487452143219,0.006358506001907675,75.23645327759773,0.04572604770207632,0.04160672780411242,0.0204,45,0,0,"{""gate_close"": 8, ""prob_floor"": 56}",0.0059
0.62,0.6,0.2,5,5400,0.012,,12,20,15,0.5429580099521821,0.036197200663478805,3.2813437064803286,0.0933220596344882,5.453816421357569,0.03493926708833709,0.027147900497609106,0.0163,15,0,0,"{""gate_close"": 8, ""prob_floor"": 27}",0.0059
0.62,0.6,0.2,5,5400,0.012,0.01,8,19,17,0.790527828278136,0.0527018552185424,6.752487452143219,0.006358506001907675,75.23645327759773,0.04572604770207632,0.04160672780411242,0.0204,45,0,0,"{""gate_close"": 8, ""prob_floor"": 56}",0.0059
0.62,0.6,0.2,5,5400,0.012,0.01,12,20,15,0.5429580099521821,0.036197200663478805,3.2813437064803286,0.0933220596344882,5.453816421357569,0.03493926708833709,0.027147900497609106,0.0163,15,0,0,"{""gate_close"": 8, ""prob_floor"": 27}",0.0059
0.62,0.6,0.2,5,14400,0.005,,8,19,17,0.790527828278136,0.0527018552185424,6.752487452143219,0.006358506001907675,75.23645327759773,0.04572604770207632,0.04160672780411242,0.0204,45,0,0,"{""gate_close"": 8, ""prob_floor"": 56}",0.0059
0.62,0.6,0.2,5,14400,0.005,,12,20,15,0.5429580099521821,0.036197200663478805,3.2813437064803286,0.0933220596344882,5.453816421357569,0.03493926708833709,0.027147900497609106,0.0163,15,0,0,"{""gate_close"": 8, ""prob_floor"": 27}",0.0059
0.62,0.6,0.2,5,14400,0.005,0.01,8,19,17,0.790527828278136,0.0527018552185424,6.752487452143219,0.006358506001907675,75.23645327759773,0.04572604770207632,0.04160672780411242,0.0204,45,0,0,"{""gate_close"": 8, ""prob_floor"": 56}",0.0059
0.62,0.6,0.2,5,14400,0.005,0.01,12,20,15,0.5429580099521821,0.036197200663478805,3.2813437064803286,0.0933220596344882,5.453816421357569,0.03493926708833709,0.027147900497609106,0.0163,15,0,0,"{""gate_close"": 8, ""prob_floor"": 27}",0.0059
0.62,0.6,0.2,5,14400,0.012,,8,19,17,0.790527828278136,0.0527018552185424,6.752487452143219,0.006358506001907675,75.23645327759773,0.04572604770207632,0.04160672780411242,0.0204,45,0,0,"{""gate_close"": 8, ""prob_floor"": 56}",0.0059
0.62,0.6,0.2,5,14400,0.012,,12,20,15,0.5429580099521821,0.036197200663478805,3.2813437064803286,0.0933220596344882,5.453816421357569,0.03493926708833709,0.027147900497609106,0.0163,15,0,0,"{""gate_close"": 8, ""prob_floor"": 27}",0.0059
0.62,0.6,0.2,5,14400,0.012,0.01,8,19,17,0.790527828278136,0.0527018552185424,6.752487452143219,0.006358506001907675,75.23645327759773,0.04572604770207632,0.04160672780411242,0.0204,45,0,0,"{""gate_close"": 8, ""prob_floor"": 56}",0.0059
0.62,0.6,0.2,5,14400,0.012,0.01,12,20,15,0.5429580099521821,0.036197200663478805,3.2813437064803286,0.0933220596344882,5.453816421357569,0.03493926708833709,0.027147900497609106,0.0163,15,0,0,"{""gate_close"": 8, ""prob_floor"": 27}",0.0059
0.62,0.6,0.2,8,5400,0.005,,8,18,17,0.8516967993328881,0.05677978662219254,7.16907207005908,0.0017785885361293581,479.8610642832478,0.04802222510131676,0.04731648885182712,0.0239,41,0,0,"{""gate_close"": 7, ""prob_floor"": 52}",0.0059
0.62,0.6,0.2,8,5400,0.005,,12,19,16,0.6014007240364673,0.04009338160243115,4.571472121363432,0.043406660185287216,11.730778717881734,0.036499263878907034,0.031652669686129856,0.0196,14,0,0,"{""gate_close"": 7, ""prob_floor"": 26}",0.0059
0.62,0.6,0.2,8,5400,0.005,0.01,8,18,17,0.8516967993328881,0.05677978662219254,7.16907207005908,0.0017785885361293581,479.8610642832478,0.04802222510131676,0.04731648885182712,0.0239,41,0,0,"{""gate_close"": 7, ""prob_floor"": 52}",0.0059
0.62,0.6,0.2,8,5400,0.005,0.01,12,19,16,0.6014007240364673,0.04009338160243115,4.571472121363432,0.043406660185287216,11.730778717881734,0.036499263878907034,0.031652669686129856,0.0196,14,0,0,"{""gate_close"": 7, ""prob_floor"": 26}",0.0059
0.62,0.6,0.2,8,5400,0.012,,8,18,17,0.8516967993328881,0.05677978662219254,7.16907207005908,0.0017785885361293581,479.8610642832478,0.04802222510131676,0.04731648885182712,0.0239,41,0,0,"{""gate_close"": 7, ""prob_floor"": 52}",0.0059
0.62,0.6,0.2,8,5400,0.012,,12,19,16,0.6014007240364673,0.04009338160243115,4.571472121363432,0.043406660185287216,11.730778717881734,0.036499263878907034,0.031652669686129856,0.0196,14,0,0,"{""gate_close"": 7, ""prob_floor"": 26}",0.0059
0.62,0.6,0.2,8,5400,0.012,0.01,8,18,17,0.8516967993328881,0.05677978662219254,7.16907207005908,0.0017785885361293581,479.8610642832478,0.04802222510131676,0.04731648885182712,0.0239,41,0,0,"{""gate_close"": 7, ""prob_floor"": 52}",0.0059
0.62,0.6,0.2,8,5400,0.012,0.01,12,19,16,0.6014007240364673,0.04009338160243115,4.571472121363432,0.043406660185287216,11.730778717881734,0.036499263878907034,0.031652669686129856,0.0196,14,0,0,"{""gate_close"": 7, ""prob_floor"": 26}",0.0059
0.62,0.6,0.2,8,14400,0.005,,8,18,17,0.8516967993328881,0.05677978662219254,7.16907207005908,0.0017785885361293581,479.8610642832478,0.04802222510131676,0.04731648885182712,0.0239,41,0,0,"{""gate_close"": 7, ""prob_floor"": 52}",0.0059
0.62,0.6,0.2,8,14400,0.005,,12,19,16,0.6014007240364673,0.04009338160243115,4.571472121363432,0.043406660185287216,11.730778717881734,0.036499263878907034,0.031652669686129856,0.0196,14,0,0,"{""gate_close"": 7, ""prob_floor"": 26}",0.0059
0.62,0.6,0.2,8,14400,0.005,0.01,8,18,17,0.8516967993328881,0.05677978662219254,7.16907207005908,0.0017785885361293581,479.8610642832478,0.04802222510131676,0.04731648885182712,0.0239,41,0,0,"{""gate_close"": 7, ""prob_floor"": 52}",0.0059
0.62,0.6,0.2,8,14400,0.005,0.01,12,19,16,0.6014007240364673,0.04009338160243115,4.571472121363432,0.043406660185287216,11.730778717881734,0.036499263878907034,0.031652669686129856,0.0196,14,0,0,"{""gate_close"": 7, ""prob_floor"": 26}",0.0059
0.62,0.6,0.2,8,14400,0.012,,8,18,17,0.8516967993328881,0.05677978662219254,7.16907207005908,0.0017785885361293581,479.8610642832478,0.04802222510131676,0.04731648885182712,0.0239,41,0,0,"{""gate_close"": 7, ""prob_floor"": 52}",0.0059
0.62,0.6,0.2,8,14400,0.012,,12,19,16,0.6014007240364673,0.04009338160243115,4.571472121363432,0.043406660185287216,11.730778717881734,0.036499263878907034,0.031652669686129856,0.0196,14,0,0,"{""gate_close"": 7, ""prob_floor"": 26}",0.0059
0.62,0.6,0.2,8,14400,0.012,0.01,8,18,17,0.8516967993328881,0.05677978662219254,7.16907207005908,0.0017785885361293581,479.8610642832478,0.04802222510131676,0.04731648885182712,0.0239,41,0,0,"{""gate_close"": 7, ""prob_floor"": 52}",0.0059
0.62,0.6,0.2,8,14400,0.012,0.01,12,19,16,0.6014007240364673,0.04009338160243115,4.571472121363432,0.043406660185287216,11.730778717881734,0.036499263878907034,0.031652669686129856,0.0196,14,0,0,"{""gate_close"": 7, ""prob_floor"": 26}",0.0059
0.62,0.61,0.15,5,5400,0.005,,8,20,14,0.5131595362661038,0.03421063575107359,4.3190493027351184,0.021427874782201574,12.072659203119692,0.02966429808195757,0.02565797681330519,0.0151,31,0,0,"{""gate_close"": 5, ""prob_floor"": 46}",0.0059
0.62,0.61,0.15,5,5400,0.005,,12,21,12,0.3420299300478297,0.022801995336521982,2.5716176306910135,0.05179336708756582,4.304382004339538,0.017672544267933604,0.01628713952608713,0.0125,5,0,0,"{""gate_close"": 5, ""prob_floor"": 21}",0.0059
0.62,0.61,0.15,5,5400,0.005,0.01,8,20,14,0.5131595362661038,0.03421063575107359,4.3190493027351184,0.021427874782201574,12.072659203119692,0.02966429808195757,0.02565797681330519,0.0151,31,0,0,"{""gate_close"": 5, ""prob_floor"": 46}",0.0059
0.62,0.61,0.15,5,5400,0.005,0.01,12,21,12,0.3420299300478297,0.022801995336521982,2.5716176306910135,0.05179336708756582,4.304382004339538,0.017672544267933604,0.01628713952608713,0.0125,5,0,0,"{""gate_close"": 5, ""prob_floor"": 21}",0.0059
0.62,0.61,0.15,5,5400,0.012,,8,20,14,0.5131595362661038,0.03421063575107359,4.3190493027351184,0.021427874782201574,12.072659203119692,0.02966429808195757,0.02565797681330519,0.0151,31,0,0,"{""gate_close"": 5, ""prob_floor"": 46}",0.0059
0.62,0.61,0.15,5,5400,0.012,,12,21,12,0.3420299300478297,0.022801995336521982,2.5716176306910135,0.05179336708756582,4.304382004339538,0.017672544267933604,0.01628713952608713,0.0125,5,0,0,"{""gate_close"": 5, ""prob_floor"": 21}",0.0059
0.62,0.61,0.15,5,5400,0.012,0.01,8,20,14,0.5131595362661038,0.03421063575107359,4.3190493027351184,0.021427874782201574,12.072659203119692,0.02966429808195757,0.02565797681330519,0.0151,31,0,0,"{""gate_close"": 5, ""prob_floor"": 46}",0.0059
0.62,0.61,0.15,5,5400,0.012,0.01,12,21,12,0.3420299300478297,0.022801995336521982,2.5716176306910135,0.05179336708756582,4.304382004339538,0.017672544267933604,0.01628713952608713,0.0125,5,0,0,"{""gate_close"": 5, ""prob_floor"": 21}",0.0059
0.62,0.61,0.15,5,14400,0.005,,8,20,14,0.5131595362661038,0.03421063575107359,4.3190493027351184,0.021427874782201574,12.072659203119692,0.02966429808195757,0.02565797681330519,0.0151,31,0,0,"{""gate_close"": 5, ""prob_floor"": 46}",0.0059
0.62,0.61,0.15,5,14400,0.005,,12,21,12,0.3420299300478297,0.022801995336521982,2.5716176306910135,0.05179336708756582,4.304382004339538,0.017672544267933604,0.01628713952608713,0.0125,5,0,0,"{""gate_close"": 5, ""prob_floor"": 21}",0.0059
0.62,0.61,0.15,5,14400,0.005,0.01,8,20,14,0.5131595362661038,0.03421063575107359,4.3190493027351184,0.021427874782201574,12.072659203119692,0.02966429808195757,0.02565797681330519,0.0151,31,0,0,"{""gate_close"": 5, ""prob_floor"": 46}",0.0059
0.62,0.61,0.15,5,14400,0.005,0.01,12,21,12,0.3420299300478297,0.022801995336521982,2.5716176306910135,0.05179336708756582,4.304382004339538,0.017672544267933604,0.01628713952608713,0.0125,5,0,0,"{""gate_close"": 5, ""prob_floor"": 21}",0.0059
0.62,0.61,0.15,5,14400,0.012,,8,20,14,0.5131595362661038,0.03421063575107359,4.3190493027351184,0.021427874782201574,12.072659203119692,0.02966429808195757,0.02565797681330519,0.0151,31,0,0,"{""gate_close"": 5, ""prob_floor"": 46}",0.0059
0.62,0.61,0.15,5,14400,0.012,,12,21,12,0.3420299300478297,0.022801995336521982,2.5716176306910135,0.05179336708756582,4.304382004339538,0.017672544267933604,0.01628713952608713,0.0125,5,0,0,"{""gate_close"": 5, ""prob_floor"": 21}",0.0059
0.62,0.61,0.15,5,14400,0.012,0.01,8,20,14,0.5131595362661038,0.03421063575107359,4.3190493027351184,0.021427874782201574,12.072659203119692,0.02966429808195757,0.02565797681330519,0.0151,31,0,0,"{""gate_close"": 5, ""prob_floor"": 46}",0.0059
0.62,0.61,0.15,5,14400,0.012,0.01,12,21,12,0.3420299300478297,0.022801995336521982,2.5716176306910135,0.05179336708756582,4.304382004339538,0.017672544267933604,0.01628713952608713,0.0125,5,0,0,"{""gate_close"": 5, ""prob_floor"": 21}",0.0059
0.62,0.61,0.15,8,5400,0.005,,8,19,17,0.6093724667918312,0.04062483111945541,6.868309886204319,0.01343821688800928,41.04601818888839,0.03265225170298315,0.03207223509430691,0.0197,30,0,0,"{""gate_close"": 7, ""prob_floor"": 42}",0.0059
0.62,0.61,0.15,8,5400,0.005,,12,20,16,0.5026034393275828,0.033506895955172186,4.109207162945685,0.056844877073296496,8.233506892758758,0.02966429808195757,0.02513017196637914,0.0182,9,0,0,"{""gate_close"": 7, ""prob_floor"": 22}",0.0059
0.62,0.61,0.15,8,5400,0.005,0.01,8,19,17,0.6093724667918312,0.04062483111945541,6.868309886204319,0.01343821688800928,41.04601818888839,0.03265225170298315,0.03207223509430691,0.0197,30,0,0,"{""gate_close"": 7, ""prob_floor"": 42}",0.0059
0.62,0.61,0.15,8,5400,0.005,0.01,12,20,16,0.5026034393275828,0.033506895955172186,4.109207162945685,0.056844877073296496,8.233506892758758,0.02966429808195757,0.02513017196637914,0.0182,9,0,0,"{""gate_close"": 7, ""prob_floor"": 22}",0.0059
0.62,0.61,0.15,8,5400,0.012,,8,19,17,0.6093724667918312,0.04062483111945541,6.868309886204319,0.01343821688800928,41.04601818888839,0.03265225170298315,0.03207223509430691,0.0197,30,0,0,"{""gate_close"": 7, ""prob_floor"": 42}",0.0059
0.62,0.61,0.15,8,5400,0.012,,12,20,16,0.5026034393275828,0.033506895955172186,4.109207162945685,0.056844877073296496,8.233506892758758,0.02966429808195757,0.02513017196637914,0.0182,9,0,0,"{""gate_close"": 7, ""prob_floor"": 22}",0.0059
0.62,0.61,0.15,8,5400,0.012,0.01,8,19,17,0.6093724667918312,0.04062483111945541,6.868309886204319,0.01343821688800928,41.04601818888839,0.03265225170298315,0.03207223509430691,0.0197,30,0,0,"{""gate_close"": 7, ""prob_floor"": 42}",0.0059
0.62,0.61,0.15,8,5400,0.012,0.01,12,20,16,0.5026034393275828,0.033506895955172186,4.109207162945685,0.056844877073296496,8.233506892758758,0.02966429808195757,0.02513017196637914,0.0182,9,0,0,"{""gate_close"": 7, ""prob_floor"": 22}",0.0059
0.62,0.61,0.15,8,14400,0.005,,8,19,17,0.6093724667918312,0.04062483111945541,6.868309886204319,0.01343821688800928,41.04601818888839,0.03265225170298315,0.03207223509430691,0.0197,30,0,0,"{""gate_close"": 7, ""prob_floor"": 42}",0.0059
0.62,0.61,0.15,8,14400,0.005,,12,20,16,0.5026034393275828,0.033506895955172186,4.109207162945685,0.056844877073296496,8.233506892758758,0.02966429808195757,0.02513017196637914,0.0182,9,0,0,"{""gate_close"": 7, ""prob_floor"": 22}",0.0059
0.62,0.61,0.15,8,14400,0.005,0.01,8,19,17,0.6093724667918312,0.04062483111945541,6.868309886204319,0.01343821688800928,41.04601818888839,0.03265225170298315,0.03207223509430691,0.0197,30,0,0,"{""gate_close"": 7, ""prob_floor"": 42}",0.0059
0.62,0.61,0.15,8,14400,0.005,0.01,12,20,16,0.5026034393275828,0.033506895955172186,4.109207162945685,0.056844877073296496,8.233506892758758,0.02966429808195757,0.02513017196637914,0.0182,9,0,0,"{""gate_close"": 7, ""prob_floor"": 22}",0.0059
0.62,0.61,0.15,8,14400,0.012,,8,19,17,0.6093724667918312,0.04062483111945541,6.868309886204319,0.01343821688800928,41.04601818888839,0.03265225170298315,0.03207223509430691,0.0197,30,0,0,"{""gate_close"": 7, ""prob_floor"": 42}",0.0059
0.62,0.61,0.15,8,14400,0.012,,12,20,16,0.5026034393275828,0.033506895955172186,4.109207162945685,0.056844877073296496,8.233506892758758,0.02966429808195757,0.02513017196637914,0.0182,9,0,0,"{""gate_close"": 7, ""prob_floor"": 22}",0.0059
0.62,0.61,0.15,8,14400,0.012,0.01,8,19,17,0.6093724667918312,0.04062483111945541,6.868309886204319,0.01343821688800928,41.04601818888839,0.03265225170298315,0.03207223509430691,0.0197,30,0,0,"{""gate_close"": 7, ""prob_floor"": 42}",0.0059
0.62,0.61,0.15,8,14400,0.012,0.01,12,20,16,0.5026034393275828,0.033506895955172186,4.109207162945685,0.056844877073296496,8.233506892758758,0.02966429808195757,0.02513017196637914,0.0182,9,0,0,"{""gate_close"": 7, ""prob_floor"": 22}",0.0059
0.62,0.61,0.2,5,5400,0.005,,8,20,14,0.5131595362661038,0.03421063575107359,4.3190493027351184,0.021427874782201574,12.072659203119692,0.02966429808195757,0.02565797681330519,0.0151,31,0,0,"{""gate_close"": 5, ""prob_floor"": 46}",0.0059
0.62,0.61,0.2,5,5400,0.005,,12,21,12,0.3420299300478297,0.022801995336521982,2.5716176306910135,0.05179336708756582,4.304382004339538,0.017672544267933604,0.01628713952608713,0.0125,5,0,0,"{""gate_close"": 5, ""prob_floor"": 21}",0.0059
0.62,0.61,0.2,5,5400,0.005,0.01,8,20,14,0.5131595362661038,0.03421063575107359,4.3190493027351184,0.021427874782201574,12.072659203119692,0.02966429808195757,0.02565797681330519,0.0151,31,0,0,"{""gate_close"": 5, ""prob_floor"": 46}",0.0059
0.62,0.61,0.2,5,5400,0.005,0.01,12,21,12,0.3420299300478297,0.022801995336521982,2.5716176306910135,0.05179336708756582,4.304382004339538,0.017672544267933604,0.01628713952608713,0.0125,5,0,0,"{""gate_close"": 5, ""prob_floor"": 21}",0.0059
0.62,0.61,0.2,5,5400,0.012,,8,20,14,0.5131595362661038,0.03421063575107359,4.3190493027351184,0.021427874782201574,12.072659203119692,0.02966429808195757,0.02565797681330519,0.0151,31,0,0,"{""gate_close"": 5, ""prob_floor"": 46}",0.0059
0.62,0.61,0.2,5,5400,0.012,,12,21,12,0.3420299300478297,0.022801995336521982,2.5716176306910135,0.05179336708756582,4.304382004339538,0.017672544267933604,0.01628713952608713,0.0125,5,0,0,"{""gate_close"": 5, ""prob_floor"": 21}",0.0059
0.62,0.61,0.2,5,5400,0.012,0.01,8,20,14,0.5131595362661038,0.03421063575107359,4.3190493027351184,0.021427874782201574,12.072659203119692,0.02966429808195757,0.02565797681330519,0.0151,31,0,0,"{""gate_close"": 5, ""prob_floor"": 46}",0.0059
0.62,0.61,0.2,5,5400,0.012,0.01,12,21,12,0.3420299300478297,0.022801995336521982,2.5716176306910135,0.05179336708756582,4.304382004339538,0.017672544267933604,0.01628713952608713,0.0125,5,0,0,"{""gate_close"": 5, ""prob_floor"": 21}",0.0059
0.62,0.61,0.2,5,14400,0.005,,8,20,14,0.5131595362661038,0.03421063575107359,4.3190493027351184,0.021427874782201574,12.072659203119692,0.02966429808195757,0.02565797681330519,0.0151,31,0,0,"{""gate_close"": 5, ""prob_floor"": 46}",0.0059
0.62,0.61,0.2,5,14400,0.005,,12,21,12,0.3420299300478297,0.022801995336521982,2.5716176306910135,0.05179336708756582,4.304382004339538,0.017672544267933604,0.01628713952608713,0.0125,5,0,0,"{""gate_close"": 5, ""prob_floor"": 21}",0.0059
0.62,0.61,0.2,5,14400,0.005,0.01,8,20,14,0.5131595362661038,0.03421063575107359,4.3190493027351184,0.021427874782201574,12.072659203119692,0.02966429808195757,0.02565797681330519,0.0151,31,0,0,"{""gate_close"": 5, ""prob_floor"": 46}",0.0059
0.62,0.61,0.2,5,14400,0.005,0.01,12,21,12,0.3420299300478297,0.022801995336521982,2.5716176306910135,0.05179336708756582,4.304382004339538,0.017672544267933604,0.01628713952608713,0.0125,5,0,0,"{""gate_close"": 5, ""prob_floor"": 21}",0.0059
0.62,0.61,0.2,5,14400,0.012,,8,20,14,0.5131595362661038,0.03421063575107359,4.3190493027351184,0.021427874782201574,12.072659203119692,0.02966429808195757,0.02565797681330519,0.0151,31,0,0,"{""gate_close"": 5, ""prob_floor"": 46}",0.0059
0.62,0.61,0.2,5,14400,0.012,,12,21,12,0.3420299300478297,0.022801995336521982,2.5716176306910135,0.05179336708756582,4.304382004339538,0.017672544267933604,0.01628713952608713,0.0125,5,0,0,"{""gate_close"": 5, ""prob_floor"": 21}",0.0059
0.62,0.61,0.2,5,14400,0.012,0.01,8,20,14,0.5131595362661038,0.03421063575107359,4.3190493027351184,0.021427874782201574,12.072659203119692,0.02966429808195757,0.02565797681330519,0.0151,31,0,0,"{""gate_close"": 5, ""prob_floor"": 46}",0.0059
0.62,0.61,0.2,5,14400,0.012,0.01,12,21,12,0.3420299300478297,0.022801995336521982,2.5716176306910135,0.05179336708756582,4.304382004339538,0.017672544267933604,0.01628713952608713,0.0125,5,0,0,"{""gate_close"": 5, ""prob_floor"": 21}",0.0059
0.62,0.61,0.2,8,5400,0.005,,8,19,17,0.6093724667918312,0.04062483111945541,6.868309886204319,0.01343821688800928,41.04601818888839,0.03265225170298315,0.03207223509430691,0.0197,30,0,0,"{""gate_close"": 7, ""prob_floor"": 42}",0.0059
0.62,0.61,0.2,8,5400,0.005,,12,20,16,0.5026034393275828,0.033506895955172186,4.109207162945685,0.056844877073296496,8.233506892758758,0.02966429808195757,0.02513017196637914,0.0182,9,0,0,"{""gate_close"": 7, ""prob_floor"": 22}",0.0059
0.62,0.61,0.2,8,5400,0.005,0.01,8,19,17,0.6093724667918312,0.04062483111945541,6.868309886204319,0.01343821688800928,41.04601818888839,0.03265225170298315,0.03207223509430691,0.0197,30,0,0,"{""gate_close"": 7, ""prob_floor"": 42}",0.0059
0.62,0.61,0.2,8,5400,0.005,0.01,12,20,16,0.5026034393275828,0.033506895955172186,4.109207162945685,0.056844877073296496,8.233506892758758,0.02966429808195757,0.02513017196637914,0.0182,9,0,0,"{""gate_close"": 7, ""prob_floor"": 22}",0.0059
0.62,0.61,0.2,8,5400,0.012,,8,19,17,0.6093724667918312,0.04062483111945541,6.868309886204319,0.01343821688800928,41.04601818888839,0.03265225170298315,0.03207223509430691,0.0197,30,0,0,"{""gate_close"": 7, ""prob_floor"": 42}",0.0059
0.62,0.61,0.2,8,5400,0.012,,12,20,16,0.5026034393275828,0.033506895955172186,4.109207162945685,0.056844877073296496,8.233506892758758,0.02966429808195757,0.02513017196637914,0.0182,9,0,0,"{""gate_close"": 7, ""prob_floor"": 22}",0.0059
0.62,0.61,0.2,8,5400,0.012,0.01,8,19,17,0.6093724667918312,0.04062483111945541,6.868309886204319,0.01343821688800928,41.04601818888839,0.03265225170298315,0.03207223509430691,0.0197,30,0,0,"{""gate_close"": 7, ""prob_floor"": 42}",0.0059
0.62,0.61,0.2,8,5400,0.012,0.01,12,20,16,0.5026034393275828,0.033506895955172186,4.109207162945685,0.056844877073296496,8.233506892758758,0.02966429808195757,0.02513017196637914,0.0182,9,0,0,"{""gate_close"": 7, ""prob_floor"": 22}",0.0059
0.62,0.61,0.2,8,14400,0.005,,8,19,17,0.6093724667918312,0.04062483111945541,6.868309886204319,0.01343821688800928,41.04601818888839,0.03265225170298315,0.03207223509430691,0.0197,30,0,0,"{""gate_close"": 7, ""prob_floor"": 42}",0.0059
0.62,0.61,0.2,8,14400,0.005,,12,20,16,0.5026034393275828,0.033506895955172186,4.109207162945685,0.056844877073296496,8.233506892758758,0.02966429808195757,0.02513017196637914,0.0182,9,0,0,"{""gate_close"": 7, ""prob_floor"": 22}",0.0059
0.62,0.61,0.2,8,14400,0.005,0.01,8,19,17,0.6093724667918312,0.04062483111945541,6.868309886204319,0.01343821688800928,41.04601818888839,0.03265225170298315,0.03207223509430691,0.0197,30,0,0,"{""gate_close"": 7, ""prob_floor"": 42}",0.0059
0.62,0.61,0.2,8,14400,0.005,0.01,12,20,16,0.5026034393275828,0.033506895955172186,4.109207162945685,0.056844877073296496,8.233506892758758,0.02966429808195757,0.02513017196637914,0.0182,9,0,0,"{""gate_close"": 7, ""prob_floor"": 22}",0.0059
0.62,0.61,0.2,8,14400,0.012,,8,19,17,0.6093724667918312,0.04062483111945541,6.868309886204319,0.01343821688800928,41.04601818888839,0.03265225170298315,0.03207223509430691,0.0197,30,0,0,"{""gate_close"": 7, ""prob_floor"": 42}",0.0059
0.62,0.61,0.2,8,14400,0.012,,12,20,16,0.5026034393275828,0.033506895955172186,4.109207162945685,0.056844877073296496,8.233506892758758,0.02966429808195757,0.02513017196637914,0.0182,9,0,0,"{""gate_close"": 7, ""prob_floor"": 22}",0.0059
0.62,0.61,0.2,8,14400,0.012,0.01,8,19,17,0.6093724667918312,0.04062483111945541,6.868309886204319,0.01343821688800928,41.04601818888839,0.03265225170298315,0.03207223509430691,0.0197,30,0,0,"{""gate_close"": 7, ""prob_floor"": 42}",0.0059
0.62,0.61,0.2,8,14400,0.012,0.01,12,20,16,0.5026034393275828,0.033506895955172186,4.109207162945685,0.056844877073296496,8.233506892758758,0.02966429808195757,0.02513017196637914,0.0182,9,0,0,"{""gate_close"": 7, ""prob_floor"": 22}",0.0059
