symbol,entry_ts,exit_ts,exit_reason,pnl,hold_minutes,entry_price,exit_price,mfe_pct,mae_pct,exit_return_pct,post_exit_max_return_pct,post_exit_min_return_pct
ETH/USDT,2025-12-18 00:00:00+00:00,2025-12-18 00:00:00+00:00,dry_run,0.0,,2833.27,2833.27,0.199105627066958,-0.004425981286640512,0.0,0.199105627066958,-0.004425981286640512
ETH/USDT,2025-12-18 00:00:00+00:00,2025-12-18 00:33:00+00:00,take_profit,0.0232815240000002,33.0,2833.27,2835.24,0.199105627066958,-0.004425981286640512,0.0006953096598629749,0.0008958677219566002,-0.004620420140799331
ETH/USDT,2025-12-18 00:35:00+00:00,2025-12-18 00:35:00+00:00,turnover_limit,0.0,,2835.4,2835.4,0.0008393877407069095,-0.005657050151654075,0.0,0.0008393877407069095,-0.005657050151654075
ETH/USDT,2025-12-18 00:36:00+00:00,2025-12-18 00:36:00+00:00,turnover_limit,0.0,,2836.57,2836.57,0.0004265715282893989,-0.006067186778397904,0.0,0.0004265715282893989,-0.006067186778397904
ETH/USDT,2025-12-18 00:38:00+00:00,2025-12-18 00:38:00+00:00,turnover_limit,0.0,,2836.7,2836.7,0.0003807240807982559,-0.006112736630591753,0.0,0.0003807240807982559,-0.006112736630591753
ETH/USDT,2025-12-18 00:40:00+00:00,2025-12-18 00:40:00+00:00,turnover_limit,0.0,,2837.19,2837.19,0.000207952234429154,-0.006284387016731285,0.0,0.000207952234429154,-0.006284387016731285
ETH/USDT,2025-12-18 00:41:00+00:00,2025-12-18 00:41:00+00:00,turnover_limit,0.0,,2833.45,2833.45,0.001528172369373193,-0.004972736416735679,0.0,0.001528172369373193,-0.004972736416735679
ETH/USDT,2025-12-18 00:42:00+00:00,2025-12-18 00:42:00+00:00,turnover_limit,0.0,,2833.34,2833.34,0.0015670551363409224,-0.004934106037397523,0.0,0.0015670551363409224,-0.004934106037397523
ETH/USDT,2025-12-18 00:43:00+00:00,2025-12-18 00:43:00+00:00,turnover_limit,0.0,,2833.01,2833.01,0.0016837215541067874,-0.004818196900116867,0.0,0.0016837215541067874,-0.004818196900116867
ETH/USDT,2025-12-18 00:49:00+00:00,2025-12-18 00:49:00+00:00,turnover_limit,0.0,,2837.0,2837.0,0.00027493831512170885,-0.0062178357419808705,0.0,0.00027493831512170885,-0.0062178357419808705
ETH/USDT,2025-12-18 00:50:00+00:00,2025-12-18 00:50:00+00:00,turnover_limit,0.0,,2837.25,2837.25,0.00018680059917186576,-0.006305401356947682,0.0,0.00018680059917186576,-0.006305401356947682
ETH/USDT,2025-12-18 00:51:00+00:00,2025-12-18 00:51:00+00:00,turnover_limit,0.0,,2835.3,2835.3,0.0008746869819771241,-0.0056219800373857876,0.0,0.0008746869819771241,-0.0056219800373857876
ETH/USDT,2025-12-18 00:53:00+00:00,2025-12-18 00:53:00+00:00,turnover_limit,0.0,,2835.55,2835.55,0.0003844051418595562,-0.005709650685052248,0.0,0.0003844051418595562,-0.005709650685052248
ETH/USDT,2025-12-18 00:55:00+00:00,2025-12-18 00:55:00+00:00,turnover_limit,0.0,,2836.55,2836.55,3.1728684493304016e-05,-0.006060178738256039,0.0,3.1728684493304016e-05,-0.006060178738256039
ETH/USDT,2025-12-18 00:56:00+00:00,2025-12-18 00:56:00+00:00,turnover_limit,0.0,,2835.97,2835.97,0.00023625073607980163,-0.005856902576543366,0.0,0.00023625073607980163,-0.005856902576543366
ETH/USDT,2025-12-18 00:57:00+00:00,2025-12-18 00:57:00+00:00,turnover_limit,0.0,,2836.56,2836.56,1.0576190879074687e-05,-0.0060636827706799235,0.0,1.0576190879074687e-05,-0.0060636827706799235
ETH/USDT,2025-12-18 00:58:00+00:00,2025-12-18 00:58:00+00:00,turnover_limit,0.0,,2836.01,2836.01,0.00020451267802301665,-0.00587092429152225,0.0,0.00020451267802301665,-0.00587092429152225
ETH/USDT,2025-12-18 01:00:00+00:00,2025-12-18 01:00:00+00:00,turnover_limit,0.0,,2832.61,2832.61,0.001295624883058455,-0.004677664768535039,0.0,0.001295624883058455,-0.004677664768535039
ETH/USDT,2025-12-18 01:20:00+00:00,2025-12-18 01:20:00+00:00,turnover_limit,0.0,,2827.99,2827.99,0.006053769638506568,-0.0030516373820274056,0.0,0.006053769638506568,-0.0030516373820274056
ETH/USDT,2025-12-18 01:22:00+00:00,2025-12-18 01:22:00+00:00,turnover_limit,0.0,,2830.53,2830.53,0.014753420737458889,-0.003946257414689125,0.0,0.014753420737458889,-0.003946257414689125
ETH/USDT,2025-12-18 01:23:00+00:00,2025-12-18 01:23:00+00:00,turnover_limit,0.0,,2830.09,2830.09,0.014911186570038426,-0.0037913988601069315,0.0,0.014911186570038426,-0.0037913988601069315
ETH/USDT,2025-12-18 01:25:00+00:00,2025-12-18 01:25:00+00:00,turnover_limit,0.0,,2828.63,2828.63,0.015435033921014751,-0.0032772048659598374,0.0,0.015435033921014751,-0.0032772048659598374
ETH/USDT,2025-12-18 01:26:00+00:00,2025-12-18 01:26:00+00:00,turnover_limit,0.0,,2826.55,2826.55,0.01618227167394881,-0.0025437370646194113,0.0,0.01618227167394881,-0.0025437370646194113
ETH/USDT,2025-12-18 01:27:00+00:00,2025-12-18 01:27:00+00:00,turnover_limit,0.0,,2826.54,2826.54,0.016185866819503625,-0.002540208169705682,0.0,0.016185866819503625,-0.002540208169705682
ETH/USDT,2025-12-18 01:33:00+00:00,2025-12-18 01:33:00+00:00,turnover_limit,0.0,,2825.77,2825.77,0.016462769439834046,-0.0022684082568644737,0.0,0.016462769439834046,-0.0022684082568644737
ETH/USDT,2025-12-18 01:34:00+00:00,2025-12-18 01:34:00+00:00,turnover_limit,0.0,,2827.53,2827.53,0.015830070768479754,-0.0028894476804843805,0.0,0.015830070768479754,-0.0028894476804843805
ETH/USDT,2025-12-18 01:35:00+00:00,2025-12-18 01:35:00+00:00,turnover_limit,0.0,,2824.57,2824.57,0.016894606966723957,-0.001844528547708113,0.0,0.016894606966723957,-0.001844528547708113
ETH/USDT,2025-12-18 01:39:00+00:00,2025-12-18 01:39:00+00:00,turnover_limit,0.0,,2825.4,2825.4,0.016595880229347992,-0.0016387060239259066,0.0,0.016595880229347992,-0.0016387060239259066
ETH/USDT,2025-12-18 01:43:00+00:00,2025-12-18 01:43:00+00:00,turnover_limit,0.0,,2829.85,2829.85,0.014997261338940193,-0.0032086506351926003,0.0,0.014997261338940193,-0.0032086506351926003
ETH/USDT,2025-12-18 01:44:00+00:00,2025-12-18 01:44:00+00:00,turnover_limit,0.0,,2829.85,2829.85,0.014997261338940193,-0.0032086506351926003,0.0,0.014997261338940193,-0.0032086506351926003
ETH/USDT,2025-12-18 01:46:00+00:00,2025-12-18 01:46:00+00:00,turnover_limit,0.0,,2830.68,2830.68,0.014699648141082822,-0.0035009255726539124,0.0,0.014699648141082822,-0.0035009255726539124
ETH/USDT,2025-12-18 01:47:00+00:00,2025-12-18 01:47:00+00:00,turnover_limit,0.0,,2830.68,2830.68,0.014699648141082822,-0.0035009255726539124,0.0,0.014699648141082822,-0.0035009255726539124
ETH/USDT,2025-12-18 01:49:00+00:00,2025-12-18 01:49:00+00:00,turnover_limit,0.0,,2830.65,2830.65,0.019490223093635795,-0.0034903644039355752,0.0,0.019490223093635795,-0.0034903644039355752
ETH/USDT,2025-12-18 01:50:00+00:00,2025-12-18 01:50:00+00:00,turnover_limit,0.0,,2831.5,2831.5,0.019184177997527918,-0.003789510859968259,0.0,0.019184177997527918,-0.003789510859968259
ETH/USDT,2025-12-18 01:51:00+00:00,2025-12-18 01:51:00+00:00,turnover_limit,0.0,,2825.0,2825.0,0.021529203539823127,-0.0014973451327433551,0.0,0.021529203539823127,-0.0014973451327433551
ETH/USDT,2025-12-18 01:54:00+00:00,2025-12-18 01:54:00+00:00,turnover_limit,0.0,,2825.94,2825.94,0.021189409541603865,-0.0018294797483315861,0.0,0.021189409541603865,-0.0018294797483315861
ETH/USDT,2025-12-18 02:06:00+00:00,2025-12-18 02:06:00+00:00,turnover_limit,0.0,,2830.23,2830.23,0.02891284453913645,-0.003342484533059187,0.0,0.02891284453913645,-0.003342484533059187
ETH/USDT,2025-12-18 02:07:00+00:00,2025-12-18 02:07:00+00:00,turnover_limit,0.0,,2830.58,2830.58,0.02878561990828743,-0.0034657208063364475,0.0,0.02878561990828743,-0.0034657208063364475
ETH/USDT,2025-12-18 02:08:00+00:00,2025-12-18 02:08:00+00:00,turnover_limit,0.0,,2829.34,2829.34,0.02923650038524883,-0.003028974955289976,0.0,0.02923650038524883,-0.003028974955289976
ETH/USDT,2025-12-18 02:09:00+00:00,2025-12-18 02:09:00+00:00,turnover_limit,0.0,,2828.1,2828.1,0.02968777624553587,-0.002591846115766794,0.0,0.02968777624553587,-0.002591846115766794
ETH/USDT,2025-12-18 02:10:00+00:00,2025-12-18 02:10:00+00:00,turnover_limit,0.0,,2830.41,2830.41,0.028847410799142104,-0.003405866994534268,0.0,0.028847410799142104,-0.003405866994534268
ETH/USDT,2025-12-18 02:11:00+00:00,2025-12-18 02:11:00+00:00,turnover_limit,0.0,,2832.49,2832.49,0.028091890880462156,-0.004137702163114376,0.0,0.028091890880462156,-0.004137702163114376
ETH/USDT,2025-12-18 02:12:00+00:00,2025-12-18 02:12:00+00:00,turnover_limit,0.0,,2832.4,2832.4,0.028124558678152667,-0.004106058466318396,0.0,0.028124558678152667,-0.004106058466318396
ETH/USDT,2025-12-18 02:13:00+00:00,2025-12-18 02:13:00+00:00,turnover_limit,0.0,,2835.98,2835.98,0.026826705406949314,-0.005363225410616401,0.0,0.026826705406949314,-0.005363225410616401
ETH/USDT,2025-12-18 02:14:00+00:00,2025-12-18 02:14:00+00:00,turnover_limit,0.0,,2834.11,2834.11,0.027504225312355413,-0.004706945037419197,0.0,0.027504225312355413,-0.004706945037419197
ETH/USDT,2025-12-18 02:15:00+00:00,2025-12-18 02:15:00+00:00,turnover_limit,0.0,,2835.58,2835.58,0.026971554320456503,-0.00522291735729552,0.0,0.026971554320456503,-0.00522291735729552
ETH/USDT,2025-12-18 02:18:00+00:00,2025-12-18 02:18:00+00:00,turnover_limit,0.0,,2842.47,2842.47,0.02448222848438153,-0.007634205462150767,0.0,0.02448222848438153,-0.007634205462150767
ETH/USDT,2025-12-18 02:19:00+00:00,2025-12-18 02:19:00+00:00,turnover_limit,0.0,,2840.61,2840.61,0.025153048112905196,-0.006984415319244874,0.0,0.025153048112905196,-0.006984415319244874
ETH/USDT,2025-12-18 02:20:00+00:00,2025-12-18 02:20:00+00:00,turnover_limit,0.0,,2839.01,2839.01,0.025730800525535225,-0.006424774833480806,0.0,0.025730800525535225,-0.006424774833480806
ETH/USDT,2025-12-18 02:21:00+00:00,2025-12-18 02:21:00+00:00,turnover_limit,0.0,,2872.29,2872.29,0.013846094927740582,-0.017936907484968456,0.0,0.013846094927740582,-0.017936907484968456
ETH/USDT,2025-12-18 02:23:00+00:00,2025-12-18 02:23:00+00:00,turnover_limit,0.0,,2831.5,2831.5,0.028451350874094894,-0.003789510859968259,0.0,0.028451350874094894,-0.003789510859968259
ETH/USDT,2025-12-18 02:24:00+00:00,2025-12-18 02:24:00+00:00,turnover_limit,0.0,,2831.22,2831.22,0.028553061930899126,-0.0005827876321866654,0.0,0.028553061930899126,-0.0005827876321866654
ETH/USDT,2025-12-18 02:26:00+00:00,2025-12-18 02:26:00+00:00,turnover_limit,0.0,,2830.74,2830.74,0.02872747055540259,-0.0008443021965987008,0.0,0.02872747055540259,-0.0008443021965987008
ETH/USDT,2025-12-18 02:28:00+00:00,2025-12-18 02:28:00+00:00,turnover_limit,0.0,,2834.29,2834.29,0.02743897060639533,-0.002095762960035885,0.0,0.02743897060639533,-0.002095762960035885
ETH/USDT,2025-12-18 02:30:00+00:00,2025-12-18 02:30:00+00:00,turnover_limit,0.0,,2835.41,2835.41,0.027033127484208608,-0.0030507051890201753,0.0,0.027033127484208608,-0.0030507051890201753
ETH/USDT,2025-12-18 02:35:00+00:00,2025-12-18 02:35:00+00:00,turnover_limit,0.0,,2841.7,2841.7,0.024759826864201084,-0.00655945384804868,0.0,0.024759826864201084,-0.00655945384804868
ETH/USDT,2025-12-18 02:36:00+00:00,2025-12-18 02:36:00+00:00,turnover_limit,0.0,,2842.36,2842.36,0.024521876187393543,-0.0067901321437116025,0.0,0.024521876187393543,-0.0067901321437116025
ETH/USDT,2025-12-18 02:38:00+00:00,2025-12-18 02:38:00+00:00,turnover_limit,0.0,,2841.44,2841.44,0.024853595360099012,-0.00646855115715983,0.0,0.024853595360099012,-0.00646855115715983
ETH/USDT,2025-12-18 02:39:00+00:00,2025-12-18 02:39:00+00:00,turnover_limit,0.0,,2840.49,2840.49,0.025196356966579847,-0.006136265221845516,0.0,0.025196356966579847,-0.006136265221845516
ETH/USDT,2025-12-18 02:40:00+00:00,2025-12-18 02:40:00+00:00,turnover_limit,0.0,,2840.87,2840.87,0.0250592248149335,-0.006269206264278182,0.0,0.0250592248149335,-0.006269206264278182
ETH/USDT,2025-12-18 02:41:00+00:00,2025-12-18 02:41:00+00:00,turnover_limit,0.0,,2840.83,2840.83,0.025073658050640102,-0.006255214145161836,0.0,0.025073658050640102,-0.006255214145161836
ETH/USDT,2025-12-18 02:42:00+00:00,2025-12-18 02:42:00+00:00,turnover_limit,0.0,,2839.29,2839.29,0.02562964684833169,-0.00571621778684106,0.0,0.02562964684833169,-0.00571621778684106
ETH/USDT,2025-12-18 02:44:00+00:00,2025-12-18 02:44:00+00:00,turnover_limit,0.0,,2840.03,2840.03,0.025362408143575932,-0.005975288993426253,0.0,0.025362408143575932,-0.005975288993426253
ETH/USDT,2025-12-18 02:45:00+00:00,2025-12-18 02:45:00+00:00,turnover_limit,0.0,,2841.15,2841.15,0.02495820354433942,-0.006367140066522392,0.0,0.02495820354433942,-0.006367140066522392
ETH/USDT,2025-12-18 02:48:00+00:00,2025-12-18 02:48:00+00:00,turnover_limit,0.0,,2840.39,2840.39,0.025232450473350543,-0.006101274824935943,0.0,0.025232450473350543,-0.006101274824935943
ETH/USDT,2025-12-18 02:49:00+00:00,2025-12-18 02:49:00+00:00,turnover_limit,0.0,,2839.18,2839.18,0.025669383413520874,-0.005677695672694161,0.0,0.025669383413520874,-0.005677695672694161
ETH/USDT,2025-12-18 02:50:00+00:00,2025-12-18 02:50:00+00:00,turnover_limit,0.0,,2838.1,2838.1,0.02605968781931578,-0.005299319967583926,0.0,0.02605968781931578,-0.005299319967583926
ETH/USDT,2025-12-18 02:55:00+00:00,2025-12-18 02:55:00+00:00,turnover_limit,0.0,,2840.0,2840.0,0.025373239436619732,-0.005964788732394366,0.0,0.025373239436619732,-0.005964788732394366
ETH/USDT,2025-12-18 02:56:00+00:00,2025-12-18 02:56:00+00:00,turnover_limit,0.0,,2836.79,2836.79,0.02653351146894911,-0.004839977580293198,0.0,0.02653351146894911,-0.004839977580293198
ETH/USDT,2025-12-18 03:13:00+00:00,2025-12-18 03:13:00+00:00,turnover_limit,0.0,,2837.23,2837.23,0.024901047853011615,-0.004994307828410149,0.0,0.024901047853011615,-0.004994307828410149
ETH/USDT,2025-12-18 03:14:00+00:00,2025-12-18 03:14:00+00:00,turnover_limit,0.0,,2836.95,2836.95,0.025002203070198625,-0.004896103209432567,0.0,0.025002203070198625,-0.004896103209432567
ETH/USDT,2025-12-18 03:15:00+00:00,2025-12-18 03:15:00+00:00,turnover_limit,0.0,,2833.72,2833.72,0.02617054613723324,-0.0037618395607187383,0.0,0.02617054613723324,-0.0037618395607187383
ETH/USDT,2025-12-18 03:20:00+00:00,2025-12-18 03:20:00+00:00,turnover_limit,0.0,,2831.7,2831.7,0.026902567362361962,-0.0030511706748596046,0.0,0.026902567362361962,-0.0030511706748596046
ETH/USDT,2025-12-18 03:40:00+00:00,2025-12-18 03:40:00+00:00,dry_run,0.0,,2830.31,2830.31,0.003964230066671126,-0.003370655511233722,0.0,0.003964230066671126,-0.003370655511233722
ETH/USDT,2025-12-18 03:40:00+00:00,2025-12-18 04:00:00+00:00,take_profit,0.0133272719999986,20.0,2830.31,2832.67,0.003964230066671126,-0.003370655511233722,0.0008338309231143981,0.003127791094621024,-0.0042009835243781435
ETH/USDT,2025-12-18 04:01:00+00:00,2025-12-18 04:01:00+00:00,cooldown_after_exit,0.0,,2836.5,2836.5,0.0017733121805041385,-0.005545566719548756,0.0,0.0017733121805041385,-0.005545566719548756
ETH/USDT,2025-12-18 04:03:00+00:00,2025-12-18 04:03:00+00:00,dry_run,0.0,,2839.5,2839.5,0.0007149145976403926,-0.006596231730938595,0.0,0.0007149145976403926,-0.006596231730938595
ETH/USDT,2025-12-18 04:03:00+00:00,2025-12-18 04:16:00+00:00,trailing_prob_drop,-0.0426854502211341,13.0,2839.5,2833.99,0.0007149145976403926,-0.006596231730938595,-0.0019404824793097797,0.0030734053401741956,-0.004664801216659131
ETH/USDT,2025-12-18 04:03:00+00:00,2025-12-18 04:17:00+00:00,trailing_prob_drop,-0.0414954460141952,14.0,2839.5,2834.44,0.0007149145976403926,-0.006596231730938595,-0.0017820038739214672,0.002914155882643321,-0.004822822144762262
ETH/USDT,2025-12-18 04:03:00+00:00,2025-12-18 04:18:00+00:00,prob_floor,-0.0368754296861521,15.0,2839.5,2834.17,0.0007149145976403926,-0.006596231730938595,-0.001877091037154388,0.0030096994887391926,-0.004728015609508307
ETH/USDT,2025-12-18 04:03:00+00:00,2025-12-18 04:19:00+00:00,prob_floor,-0.0321854131185006,16.0,2839.5,2834.17,0.0007149145976403926,-0.006596231730938595,-0.001877091037154388,0.0030096994887391926,-0.004728015609508307
ETH/USDT,2025-12-18 04:03:00+00:00,2025-12-18 04:20:00+00:00,trailing_prob_drop,-0.0344254210304295,17.0,2839.5,2835.18,0.0007149145976403926,-0.006596231730938595,-0.0015213946117275112,0.0026523889135787737,-0.00508256971338672
ETH/USDT,2025-12-18 04:03:00+00:00,2025-12-18 04:22:00+00:00,trailing_prob_drop,-0.0144053503808042,19.0,2839.5,2838.42,0.0007149145976403926,-0.006596231730938595,-0.00038034865293179454,0.0015078811451441076,-0.006218248180325681
ETH/USDT,2025-12-18 04:03:00+00:00,2025-12-18 04:35:00+00:00,take_profit,0.0083446859999983,32.0,2839.5,2841.53,0.0007149145976403926,-0.006596231730938595,0.0007149145976403926,0.00041175000791815464,-0.006060115501156149
ETH/USDT,2025-12-18 04:36:00+00:00,2025-12-18 04:36:00+00:00,cooldown_after_exit,0.0,,2840.13,2840.13,0.0009048881565278943,-0.005570167562752415,0.0,0.0009048881565278943,-0.005570167562752415
ETH/USDT,2025-12-18 04:37:00+00:00,2025-12-18 04:37:00+00:00,dry_run,0.0,,2840.13,2840.13,0.0009048881565278943,-0.005570167562752415,0.0,0.0009048881565278943,-0.005570167562752415
ETH/USDT,2025-12-18 04:37:00+00:00,2025-12-18 04:43:00+00:00,take_profit,0.0084856799999982,6.0,2840.13,2840.6,0.0009048881565278943,-0.005570167562752415,0.00016548538271132784,0.0007392804337111869,-0.005734703935788232
ETH/USDT,2025-12-18 04:44:00+00:00,2025-12-18 04:44:00+00:00,cooldown_after_exit,0.0,,2840.3,2840.3,0.0008449811639614779,-0.0056296870048939684,0.0,0.0008449811639614779,-0.0056296870048939684
ETH/USDT,2025-12-18 04:45:00+00:00,2025-12-18 04:45:00+00:00,dry_run,0.0,,2838.59,2838.59,0.001447901951320718,-0.005030666633786596,0.0,0.001447901951320718,-0.005030666633786596
ETH/USDT,2025-12-18 04:45:00+00:00,2025-12-18 04:50:00+00:00,prob_floor,-0.009784620100877,5.0,2838.59,2838.18,0.001447901951320718,-0.005030666633786596,-0.00014443790755280794,0.0015925698863354931,-0.004886934584839575
ETH/USDT,2025-12-18 04:45:00+00:00,2025-12-18 04:58:00+00:00,prob_floor,-0.0084546154137513,13.0,2838.59,2838.37,0.001447901951320718,-0.005030666633786596,-7.750326746736036e-05,0.001525523451840316,-0.004953547282419146
ETH/USDT,2025-12-18 04:45:00+00:00,2025-12-18 05:02:00+00:00,prob_floor,-0.0209846595963123,17.0,2838.59,2835.88,0.001447901951320718,-0.005030666633786596,-0.0009546993401653436,0.19861559727491995,-0.016347659280364524
ETH/USDT,2025-12-18 04:45:00+00:00,2025-12-18 05:03:00+00:00,prob_floor,-0.0190246526813904,18.0,2838.59,2836.31,0.001447901951320718,-0.005030666633786596,-0.0008032156810248159,0.19843388064069156,-0.016496786317433565
ETH/USDT,2025-12-18 04:45:00+00:00,2025-12-18 05:07:00+00:00,prob_floor,-0.0312746959220323,22.0,2838.59,2833.36,0.001447901951320718,-0.005030666633786596,-0.0018424640402453507,0.19968165005505822,-0.015472795550159568
ETH/USDT,2025-12-18 04:45:00+00:00,2025-12-18 05:09:00+00:00,prob_floor,-0.0407247293155893,24.0,2838.59,2833.59,0.001447901951320718,-0.005030666633786596,-0.0017614378969840194,0.1995842729540971,-0.015552708754618783
ETH/USDT,2025-12-18 04:45:00+00:00,2025-12-18 05:10:00+00:00,prob_floor,-0.0506647644750171,25.0,2838.59,2833.35,0.001447901951320718,-0.005030666633786596,-0.0018459869160394327,0.19968588420068123,-0.015469320768701333
ETH/USDT,2025-12-18 04:45:00+00:00,2025-12-18 05:12:00+00:00,prob_floor,-0.0567547860337839,27.0,2838.59,2831.65,0.001447901951320718,-0.005030666633786596,-0.002444875801013935,0.20040612363816157,-0.014878251196299042
ETH/USDT,2025-12-18 04:45:00+00:00,2025-12-18 05:13:00+00:00,prob_floor,-0.0632648090940102,28.0,2838.59,2830.55,0.001447901951320718,-0.005030666633786596,-0.0028323921383504036,0.20087262192860034,-0.014495416085213209
ETH/USDT,2025-12-18 04:45:00+00:00,2025-12-18 05:14:00+00:00,prob_floor,-0.0730648438369213,29.0,2838.59,2828.56,0.001447901951320718,-0.005030666633786596,-0.0035334444213500626,0.20171748168679482,-0.013802075967983662
ETH/USDT,2025-12-18 04:45:00+00:00,2025-12-18 05:15:00+00:00,prob_floor,-0.0685148277020084,30.0,2838.59,2829.8,0.001447901951320718,-0.005030666633786596,-0.003096607822898001,0.20119089688317193,-0.01423422149975273
ETH/USDT,2025-12-18 04:45:00+00:00,2025-12-18 05:17:00+00:00,prob_floor,-0.0806948709105698,32.0,2838.59,2828.06,0.001447901951320718,-0.005030666633786596,-0.003709588211048498,0.2019299449092311,-0.013627716526523503
ETH/USDT,2025-12-18 04:45:00+00:00,2025-12-18 05:19:00+00:00,prob_floor,-0.084264883585232,34.0,2838.59,2827.56,0.001447901951320718,-0.005030666633786596,-0.003885732000746933,0.20214248327179618,-0.01345329542078677
ETH/USDT,2025-12-18 04:45:00+00:00,2025-12-18 05:20:00+00:00,prob_floor,-0.0880448970104419,35.0,2838.59,2828.3,0.001447901951320718,-0.005030666633786596,-0.0036250391919931957,0.20182795318742697,-0.013711416752112626
ETH/USDT,2025-12-18 04:45:00+00:00,2025-12-18 05:21:00+00:00,prob_floor,-0.0847548853252489,36.0,2838.59,2827.48,0.001447901951320718,-0.005030666633786596,-0.0039139150070985895,0.20217649638547397,-0.0134253823192384
ETH/USDT,2025-12-18 04:45:00+00:00,2025-12-18 05:22:00+00:00,prob_floor,-0.0929449144211228,37.0,2838.59,2826.31,0.001447901951320718,-0.005030666633786596,-0.004326091474992966,0.20267415817797763,-0.01301697266046542
ETH/USDT,2025-12-18 04:45:00+00:00,2025-12-18 05:23:00+00:00,prob_floor,-0.0874848950211988,38.0,2838.59,2827.09,0.001447901951320718,-0.005030666633786596,-0.004051307163063345,0.2023423378810012,-0.013289283326671675
ETH/USDT,2025-12-18 04:45:00+00:00,2025-12-18 05:24:00+00:00,prob_floor,-0.0811148724014747,39.0,2838.59,2827.3,0.001447901951320718,-0.005030666633786596,-0.003977326771389955,0.2022530329289427,-0.01336257206522129
ETH/USDT,2025-12-18 04:45:00+00:00,2025-12-18 05:25:00+00:00,prob_floor,-0.0901449044711096,40.0,2838.59,2827.52,0.001447901951320718,-0.005030666633786596,-0.003899823503922817,0.20215948958804897,-0.013439339067451317
ETH/USDT,2025-12-18 04:45:00+00:00,2025-12-18 05:27:00+00:00,prob_floor,-0.0775448597308487,42.0,2838.59,2826.5,0.001447901951320718,-0.005030666633786596,-0.004259156834907518,0.20259331328498154,-0.013083318591898152
ETH/USDT,2025-12-18 04:45:00+00:00,2025-12-18 05:28:00+00:00,prob_floor,-0.0795748669351497,43.0,2838.59,2828.22,0.001447901951320718,-0.005030666633786596,-0.003653222198345074,0.20186194850471328,-0.013683518255298344
ETH/USDT,2025-12-18 04:45:00+00:00,2025-12-18 05:30:00+00:00,prob_floor,-0.0811148724014747,45.0,2838.59,2827.15,0.001447901951320718,-0.005030666633786596,-0.004030169908299519,0.2023168208266275,-0.01331022407725102
ETH/USDT,2025-12-18 04:45:00+00:00,2025-12-18 05:31:00+00:00,prob_floor,-0.0979149320893448,46.0,2838.59,2825.61,0.001447901951320718,-0.005030666633786596,-0.0045726927805705975,0.20297210159930068,-0.012772463291112368
ETH/USDT,2025-12-18 04:45:00+00:00,2025-12-18 05:33:00+00:00,prob_floor,-0.0881148972591068,48.0,2838.59,2826.99,0.001447901951320718,-0.005030666633786596,-0.004086535921003165,0.2023848687119516,-0.013254380100389374
ETH/USDT,2025-12-18 04:45:00+00:00,2025-12-18 05:35:00+00:00,prob_floor,-0.1020449467781488,50.0,2838.59,2825.0,0.001447901951320718,-0.005030666633786596,-0.004787588204002713,0.20323185840707958,-0.012559292035398184
ETH/USDT,2025-12-18 04:45:00+00:00,2025-12-18 05:36:00+00:00,prob_floor,-0.0966549276092416,51.0,2838.59,2825.77,0.001447901951320718,-0.005030666633786596,-0.004516326767867174,0.2029039872317988,-0.012828361827041834
ETH/USDT,2025-12-18 04:45:00+00:00,2025-12-18 05:55:00+00:00,prob_floor,-0.0963749266137399,70.0,2838.59,2825.82,0.001447901951320718,-0.005030666633786596,-0.004498712388897319,0.20288270307379808,-0.06607639552413114
ETH/USDT,2025-12-18 04:45:00+00:00,2025-12-18 05:56:00+00:00,prob_floor,-0.0914749091970115,71.0,2838.59,2826.51,0.001447901951320718,-0.005030666633786596,-0.004255633959113436,0.20258905859169074,-0.06630438243629078
ETH/USDT,2025-12-18 04:45:00+00:00,2025-12-18 05:58:00+00:00,prob_floor,-0.0989649358232045,73.0,2838.59,2825.62,0.001447901951320718,-0.005030666633786596,-0.004569169904776738,0.2029678442253382,-0.06601029154663396
ETH/USDT,2025-12-18 04:45:00+00:00,2025-12-18 06:00:00+00:00,prob_floor,-0.096794928107003,75.0,2838.59,2825.76,0.001447901951320718,-0.005030666633786596,-0.004519849643661034,0.20290824415378506,-0.06605656531340254
ETH/USDT,2025-12-18 04:45:00+00:00,2025-12-18 06:01:00+00:00,prob_floor,-0.1056149594801933,76.0,2838.59,2824.82,0.001447901951320718,-0.005030666633786596,-0.0048509999682940785,0.20046587039174169,-0.06574578203212955
ETH/USDT,2025-12-18 04:45:00+00:00,2025-12-18 06:15:00+00:00,time_limit,-0.0617946000000015,90.0,2838.59,2830.75,0.001447901951320718,-0.005030666633786596,-0.002761934622471096,0.20106685507374378,-0.06770290559039127
ETH/USDT,2025-12-18 06:16:00+00:00,2025-12-18 06:16:00+00:00,cooldown_after_loss,0.0,,2831.35,2831.35,0.20081233333921977,-0.06790047150652512,0.0,0.20081233333921977,-0.06790047150652512
ETH/USDT,2025-12-18 06:17:00+00:00,2025-12-18 06:17:00+00:00,cooldown_after_loss,0.0,,2830.88,2830.88,0.20101169954219178,-0.06774571864579215,0.0,0.20101169954219178,-0.06774571864579215
ETH/USDT,2025-12-18 06:18:00+00:00,2025-12-18 06:18:00+00:00,cooldown_after_loss,0.0,,2828.5,2828.5,0.20202227328972966,-0.06696128690118441,0.0,0.20202227328972966,-0.06696128690118441
ETH/USDT,2025-12-18 06:19:00+00:00,2025-12-18 06:19:00+00:00,cooldown_after_loss,0.0,,2827.06,2827.06,0.20263453906178164,-0.06648603142487253,0.0,0.20263453906178164,-0.06648603142487253
ETH/USDT,2025-12-18 06:20:00+00:00,2025-12-18 06:20:00+00:00,dry_run,0.0,,2827.98,2827.98,0.20224329733590762,-0.06678972269959482,0.0,0.20224329733590762,-0.06678972269959482
ETH/USDT,2025-12-18 06:20:00+00:00,2025-12-18 06:24:00+00:00,prob_floor,-0.0075291982546651,4.0,2827.98,2826.71,0.20224329733590762,-0.06678972269959482,-0.0004490837983295304,0.20278344789525637,-0.0663704447927096
ETH/USDT,2025-12-18 06:20:00+00:00,2025-12-18 06:26:00+00:00,prob_floor,-0.0029791821635639,6.0,2827.98,2827.92,0.20224329733590762,-0.06678972269959482,-2.1216557401393388e-05,0.20226880534102798,-0.06676992277009253
ETH/USDT,2025-12-18 06:20:00+00:00,2025-12-18 06:27:00+00:00,prob_floor,-0.0074591980070521,7.0,2827.98,2827.49,0.20224329733590762,-0.06678972269959482,-0.00017326855211152736,0.20245164439131536,-0.06662799868434544
ETH/USDT,2025-12-18 06:20:00+00:00,2025-12-18 06:28:00+00:00,prob_floor,-0.0073191975118346,8.0,2827.98,2827.57,0.20224329733590762,-0.06678972269959482,-0.00014497980890948448,0.20241762361320847,-0.06665440643379306
ETH/USDT,2025-12-18 06:20:00+00:00,2025-12-18 06:30:00+00:00,prob_floor,-0.0075991985022734,10.0,2827.98,2827.49,0.20224329733590762,-0.06678972269959482,-0.00017326855211152736,0.20245164439131536,-0.06662799868434544
ETH/USDT,2025-12-18 06:20:00+00:00,2025-12-18 06:31:00+00:00,prob_floor,-0.0015791772139389,11.0,2827.98,2827.81,0.20224329733590762,-0.06678972269959482,-6.011357930402195e-05,0.20231557282844337,-0.06673362071709199
ETH/USDT,2025-12-18 06:20:00+00:00,2025-12-18 06:42:00+00:00,take_profit,0.0104608140000028,22.0,2827.98,2830.84,0.20224329733590762,-0.06678972269959482,0.0010113225694665662,0.20102866993542556,-0.06773254581678945
ETH/USDT,2025-12-18 06:45:00+00:00,2025-12-18 06:45:00+00:00,turnover_limit,0.0,,2828.83,2828.83,0.2018820501762213,-0.06707013146777996,0.0,0.2018820501762213,-0.06707013146777996
ETH/USDT,2025-12-18 06:46:00+00:00,2025-12-18 06:46:00+00:00,turnover_limit,0.0,,2829.49,2829.49,0.20160170207351857,-0.06728774443450936,0.0,0.20160170207351857,-0.06728774443450936
ETH/USDT,2025-12-18 06:47:00+00:00,2025-12-18 06:47:00+00:00,turnover_limit,0.0,,2829.13,2829.13,0.201754603005164,-0.06716905903935144,0.0,0.201754603005164,-0.06716905903935144
ETH/USDT,2025-12-18 06:50:00+00:00,2025-12-18 06:50:00+00:00,turnover_limit,0.0,,2829.67,2829.67,0.2015252661971183,-0.06734707580742638,0.0,0.2015252661971183,-0.06734707580742638
ETH/USDT,2025-12-18 06:51:00+00:00,2025-12-18 06:51:00+00:00,turnover_limit,0.0,,2829.11,2829.11,0.2017630986423291,-0.06716246452064434,0.0,0.2017630986423291,-0.06716246452064434
ETH/USDT,2025-12-18 06:52:00+00:00,2025-12-18 06:52:00+00:00,turnover_limit,0.0,,2827.67,2827.67,0.20237510034763595,-0.06668741401931633,0.0,0.20237510034763595,-0.06668741401931633
ETH/USDT,2025-12-18 06:54:00+00:00,2025-12-18 06:54:00+00:00,turnover_limit,0.0,,2827.46,2827.46,0.20246440267943666,-0.013418403797047507,0.0,0.20246440267943666,-0.013418403797047507
ETH/USDT,2025-12-18 06:55:00+00:00,2025-12-18 06:55:00+00:00,turnover_limit,0.0,,2828.16,2828.16,0.20216677981443776,-0.013662593346911,0.0,0.20216677981443776,-0.013662593346911
ETH/USDT,2025-12-18 06:56:00+00:00,2025-12-18 06:56:00+00:00,turnover_limit,0.0,,2828.27,2828.27,0.20212002390153705,-0.013700955000760184,0.0,0.20212002390153705,-0.013700955000760184
ETH/USDT,2025-12-18 06:57:00+00:00,2025-12-18 06:57:00+00:00,turnover_limit,0.0,,2830.31,2830.31,0.20125357293017387,-0.014411848878744693,0.0,0.20125357293017387,-0.014411848878744693
ETH/USDT,2025-12-18 07:00:00+00:00,2025-12-18 07:00:00+00:00,turnover_limit,0.0,,2832.79,2832.79,0.2002019210742767,-0.015274693853056576,0.0,0.2002019210742767,-0.015274693853056576
ETH/USDT,2025-12-18 07:02:00+00:00,2025-12-18 07:02:00+00:00,turnover_limit,0.0,,2833.59,2833.59,0.19986307122766522,-0.015552708754618783,0.0,0.19986307122766522,-0.015552708754618783
ETH/USDT,2025-12-18 07:03:00+00:00,2025-12-18 07:03:00+00:00,turnover_limit,0.0,,2833.25,2833.25,0.20000705903114802,-0.0014294538074649532,0.0,0.20000705903114802,-0.0014294538074649532
ETH/USDT,2025-12-18 07:05:00+00:00,2025-12-18 07:05:00+00:00,turnover_limit,0.0,,2831.58,2831.58,0.20071479527331038,-0.0008405201336356694,0.0,0.20071479527331038,-0.0008405201336356694
ETH/USDT,2025-12-18 07:06:00+00:00,2025-12-18 07:06:00+00:00,turnover_limit,0.0,,2830.38,2830.38,0.2012238639334647,-0.0004169051505452659,0.0,0.2012238639334647,-0.0004169051505452659
ETH/USDT,2025-12-18 07:08:00+00:00,2025-12-18 07:08:00+00:00,turnover_limit,0.0,,2830.3,2830.3,0.20125781719252367,-0.0003886513797125568,0.0,0.20125781719252367,-0.0003886513797125568
ETH/USDT,2025-12-18 07:09:00+00:00,2025-12-18 07:09:00+00:00,turnover_limit,0.0,,2830.73,2830.73,0.20107534098978008,-7.771846838089402e-05,0.0,0.20107534098978008,-7.771846838089402e-05
ETH/USDT,2025-12-18 07:10:00+00:00,2025-12-18 07:10:00+00:00,turnover_limit,0.0,,2833.86,2833.86,0.19974875258481362,-0.01564650335584683,0.0,0.19974875258481362,-0.01564650335584683
ETH/USDT,2025-12-18 07:11:00+00:00,2025-12-18 07:11:00+00:00,turnover_limit,0.0,,2834.15,2834.15,0.19962599015577864,-0.01574722579962251,0.0,0.19962599015577864,-0.01574722579962251
ETH/USDT,2025-12-18 07:13:00+00:00,2025-12-18 07:13:00+00:00,turnover_limit,0.0,,2834.83,2834.83,0.001760246646183461,-0.015983321751216084,0.0,0.001760246646183461,-0.015983321751216084
ETH/USDT,2025-12-18 07:14:00+00:00,2025-12-18 07:14:00+00:00,turnover_limit,0.0,,2834.79,2834.79,0.0017743818766118302,-0.01596943688950503,0.0,0.0017743818766118302,-0.01596943688950503
ETH/USDT,2025-12-18 07:15:00+00:00,2025-12-18 07:15:00+00:00,turnover_limit,0.0,,2836.96,2836.96,0.001409959957137108,-0.01672212509164739,0.0,0.001409959957137108,-0.01672212509164739
ETH/USDT,2025-12-18 07:17:00+00:00,2025-12-18 07:17:00+00:00,turnover_limit,0.0,,2837.1,2837.1,0.0020443410524833006,-0.016770646082267082,0.0,0.0020443410524833006,-0.016770646082267082
ETH/USDT,2025-12-18 07:19:00+00:00,2025-12-18 07:19:00+00:00,turnover_limit,0.0,,2836.36,2836.36,0.0023057721868873227,-0.016514123736056097,0.0,0.0023057721868873227,-0.016514123736056097
ETH/USDT,2025-12-18 07:20:00+00:00,2025-12-18 07:20:00+00:00,turnover_limit,0.0,,2835.88,2835.88,0.0024754220912026614,-0.016347659280364524,0.0,0.0024754220912026614,-0.016347659280364524
ETH/USDT,2025-12-18 07:21:00+00:00,2025-12-18 07:21:00+00:00,turnover_limit,0.0,,2837.02,2837.02,0.006806437741009974,-0.016742920388294724,0.0,0.006806437741009974,-0.016742920388294724
ETH/USDT,2025-12-18 07:22:00+00:00,2025-12-18 07:22:00+00:00,turnover_limit,0.0,,2837.26,2837.26,0.006721273341181222,-0.016826092779653745,0.0,0.006721273341181222,-0.016826092779653745
ETH/USDT,2025-12-18 07:24:00+00:00,2025-12-18 07:24:00+00:00,turnover_limit,0.0,,2837.93,2837.93,0.006483598961214643,-0.017058207919152246,0.0,0.006483598961214643,-0.017058207919152246
ETH/USDT,2025-12-18 07:25:00+00:00,2025-12-18 07:25:00+00:00,turnover_limit,0.0,,2837.98,2837.98,0.006465866567065381,-0.017075525549862913,0.0,0.006465866567065381,-0.017075525549862913
ETH/USDT,2025-12-18 07:26:00+00:00,2025-12-18 07:26:00+00:00,turnover_limit,0.0,,2837.53,2837.53,0.006625480611658574,-0.016919644902432807,0.0,0.006625480611658574,-0.016919644902432807
ETH/USDT,2025-12-18 07:27:00+00:00,2025-12-18 07:27:00+00:00,turnover_limit,0.0,,2837.16,2837.16,0.006756756756756799,-0.016791439326650504,0.0,0.006756756756756799,-0.016791439326650504
ETH/USDT,2025-12-18 07:28:00+00:00,2025-12-18 07:28:00+00:00,turnover_limit,0.0,,2837.5,2837.5,0.006636123348017664,-0.016909251101321576,0.0,0.006636123348017664,-0.016909251101321576
ETH/USDT,2025-12-18 07:30:00+00:00,2025-12-18 07:30:00+00:00,turnover_limit,0.0,,2838.37,2838.37,0.006327575333730184,-0.017210582129884355,0.0,0.006327575333730184,-0.017210582129884355
ETH/USDT,2025-12-18 07:32:00+00:00,2025-12-18 07:32:00+00:00,turnover_limit,0.0,,2838.3,2838.3,0.006352394038684928,-0.017186343938273008,0.0,0.006352394038684928,-0.017186343938273008
ETH/USDT,2025-12-18 07:33:00+00:00,2025-12-18 07:33:00+00:00,turnover_limit,0.0,,2838.24,2838.24,0.0063736681887367475,-0.017165567393877867,0.0,0.0063736681887367475,-0.017165567393877867
ETH/USDT,2025-12-18 07:35:00+00:00,2025-12-18 07:35:00+00:00,turnover_limit,0.0,,2837.89,2837.89,0.00649778532642209,-0.017044353375218924,0.0,0.00649778532642209,-0.017044353375218924
ETH/USDT,2025-12-18 07:36:00+00:00,2025-12-18 07:36:00+00:00,turnover_limit,0.0,,2838.09,2838.09,0.0064268574992336625,-0.017113622189571243,0.0,0.0064268574992336625,-0.017113622189571243
ETH/USDT,2025-12-18 07:37:00+00:00,2025-12-18 07:37:00+00:00,turnover_limit,0.0,,2838.18,2838.18,0.006394943238272388,-0.017144789971037744,0.0,0.006394943238272388,-0.017144789971037744
ETH/USDT,2025-12-18 07:38:00+00:00,2025-12-18 07:38:00+00:00,turnover_limit,0.0,,2835.5,2835.5,0.0073461470640099336,-0.016215834949744323,0.0,0.0073461470640099336,-0.016215834949744323
ETH/USDT,2025-12-18 07:54:00+00:00,2025-12-18 07:54:00+00:00,turnover_limit,0.0,,2834.35,2834.35,0.007754864430998376,-0.015816677545116176,0.0,0.007754864430998376,-0.015816677545116176
ETH/USDT,2025-12-18 07:55:00+00:00,2025-12-18 07:55:00+00:00,turnover_limit,0.0,,2834.41,2834.41,0.00773353184613379,-0.015837511157524853,0.0,0.00773353184613379,-0.015837511157524853
ETH/USDT,2025-12-18 07:56:00+00:00,2025-12-18 07:56:00+00:00,turnover_limit,0.0,,2834.3,2834.3,0.007772642274988417,-0.015799315527643576,0.0,0.007772642274988417,-0.015799315527643576
ETH/USDT,2025-12-18 07:57:00+00:00,2025-12-18 07:57:00+00:00,turnover_limit,0.0,,2834.66,2834.66,0.22401628413989694,-0.01592430838266312,0.0,0.22401628413989694,-0.01592430838266312
ETH/USDT,2025-12-18 07:59:00+00:00,2025-12-18 07:59:00+00:00,turnover_limit,0.0,,2836.47,2836.47,0.22323521842289895,-0.01655226390548814,0.0,0.22323521842289895,-0.01655226390548814
ETH/USDT,2025-12-18 08:00:00+00:00,2025-12-18 08:00:00+00:00,turnover_limit,0.0,,2837.51,2837.51,0.2227868800462376,-0.016912715726112082,0.0,0.2227868800462376,-0.016912715726112082
ETH/USDT,2025-12-18 08:01:00+00:00,2025-12-18 08:01:00+00:00,turnover_limit,0.0,,2833.77,2833.77,0.22440071000822237,-0.015615240474703307,0.0,0.22440071000822237,-0.015615240474703307
ETH/USDT,2025-12-18 08:05:00+00:00,2025-12-18 08:05:00+00:00,turnover_limit,0.0,,2836.95,2836.95,0.22302825217222733,-0.01671865912335424,0.0,0.22302825217222733,-0.01671865912335424
ETH/USDT,2025-12-18 08:06:00+00:00,2025-12-18 08:06:00+00:00,turnover_limit,0.0,,2838.86,2838.86,0.22220539230536196,-0.01738021600219808,0.0,0.22220539230536196,-0.01738021600219808
ETH/USDT,2025-12-18 08:07:00+00:00,2025-12-18 08:07:00+00:00,turnover_limit,0.0,,2838.38,2838.38,0.22241208013021518,-0.01721404463109244,0.0,0.22241208013021518,-0.01721404463109244
ETH/USDT,2025-12-18 08:08:00+00:00,2025-12-18 08:08:00+00:00,turnover_limit,0.0,,2839.47,2839.47,0.2219428273586268,-0.017591311054527714,0.0,0.2219428273586268,-0.017591311054527714
ETH/USDT,2025-12-18 08:10:00+00:00,2025-12-18 08:10:00+00:00,turnover_limit,0.0,,2838.15,2838.15,0.22251114282190865,-0.01713440093018348,0.0,0.22251114282190865,-0.01713440093018348
ETH/USDT,2025-12-18 08:11:00+00:00,2025-12-18 08:11:00+00:00,turnover_limit,0.0,,2837.65,2837.65,0.22272655190034008,-0.016961217909185478,0.0,0.22272655190034008,-0.016961217909185478
ETH/USDT,2025-12-18 08:12:00+00:00,2025-12-18 08:12:00+00:00,turnover_limit,0.0,,2837.21,2837.21,0.22291617469274394,-0.01680876635850015,0.0,0.22291617469274394,-0.01680876635850015
ETH/USDT,2025-12-18 08:13:00+00:00,2025-12-18 08:13:00+00:00,turnover_limit,0.0,,2838.61,2838.61,0.22231303349174425,-0.017293675425648525,0.0,0.22231303349174425,-0.017293675425648525
ETH/USDT,2025-12-18 08:14:00+00:00,2025-12-18 08:14:00+00:00,turnover_limit,0.0,,2838.43,2838.43,0.22239054688683546,-0.017231356771172712,0.0,0.22239054688683546,-0.017231356771172712
ETH/USDT,2025-12-18 08:15:00+00:00,2025-12-18 08:15:00+00:00,turnover_limit,0.0,,2840.95,2840.95,0.22130625318995412,-0.018103099315369797,0.0,0.22130625318995412,-0.018103099315369797
ETH/USDT,2025-12-18 08:16:00+00:00,2025-12-18 08:16:00+00:00,turnover_limit,0.0,,2841.16,2841.16,0.2212159822044517,-0.018175674724408286,0.0,0.2212159822044517,-0.018175674724408286
ETH/USDT,2025-12-18 08:17:00+00:00,2025-12-18 08:17:00+00:00,turnover_limit,0.0,,2841.07,2841.07,0.2212546681355967,-0.01814457229142552,0.0,0.2212546681355967,-0.01814457229142552
ETH/USDT,2025-12-18 08:18:00+00:00,2025-12-18 08:18:00+00:00,turnover_limit,0.0,,2841.42,2841.42,0.2211042366140874,-0.018265515129759047,0.0,0.2211042366140874,-0.018265515129759047
ETH/USDT,2025-12-18 08:19:00+00:00,2025-12-18 08:19:00+00:00,turnover_limit,0.0,,2841.92,2841.92,0.2208893987163607,-0.01843823893705665,0.0,0.2208893987163607,-0.01843823893705665
ETH/USDT,2025-12-18 08:20:00+00:00,2025-12-18 08:20:00+00:00,turnover_limit,0.0,,2842.31,2842.31,0.22072187762770423,-0.01857292132103816,0.0,0.22072187762770423,-0.01857292132103816
ETH/USDT,2025-12-18 08:21:00+00:00,2025-12-18 08:21:00+00:00,turnover_limit,0.0,,2840.49,2840.49,0.22150403627543147,-0.017944087111730678,0.0,0.22150403627543147,-0.017944087111730678
ETH/USDT,2025-12-18 08:22:00+00:00,2025-12-18 08:22:00+00:00,turnover_limit,0.0,,2844.92,2844.92,0.2196019571727852,-0.019473306806518265,0.0,0.2196019571727852,-0.019473306806518265
ETH/USDT,2025-12-18 08:23:00+00:00,2025-12-18 08:23:00+00:00,turnover_limit,0.0,,2849.63,2849.63,0.21758614276239374,-0.021093966585135626,0.0,0.21758614276239374,-0.021093966585135626
ETH/USDT,2025-12-18 08:25:00+00:00,2025-12-18 08:25:00+00:00,turnover_limit,0.0,,2848.65,2848.65,0.2180050199217174,-0.017776841661839793,0.0,0.2180050199217174,-0.017776841661839793
ETH/USDT,2025-12-18 08:26:00+00:00,2025-12-18 08:26:00+00:00,turnover_limit,0.0,,2847.41,2847.41,0.21853544097969735,-0.008397104737287497,0.0,0.21853544097969735,-0.008397104737287497
ETH/USDT,2025-12-18 08:28:00+00:00,2025-12-18 08:28:00+00:00,turnover_limit,0.0,,2844.36,2844.36,0.21984207343655515,-0.007333811472528096,0.0,0.21984207343655515,-0.007333811472528096
ETH/USDT,2025-12-18 08:30:00+00:00,2025-12-18 08:30:00+00:00,turnover_limit,0.0,,2846.15,2846.15,0.21907489064174412,-0.007958118862322783,0.0,0.21907489064174412,-0.007958118862322783
ETH/USDT,2025-12-18 08:31:00+00:00,2025-12-18 08:31:00+00:00,turnover_limit,0.0,,2848.28,2848.28,0.21816324237785611,-0.008699987360793249,0.0,0.21816324237785611,-0.008699987360793249
ETH/USDT,2025-12-18 08:32:00+00:00,2025-12-18 08:32:00+00:00,turnover_limit,0.0,,2846.87,2846.87,0.21876657522120802,-0.00820901551528519,0.0,0.21876657522120802,-0.00820901551528519
ETH/USDT,2025-12-18 08:34:00+00:00,2025-12-18 08:34:00+00:00,turnover_limit,0.0,,2848.99,2848.99,0.21785966254707811,-0.008947030351106777,0.0,0.21785966254707811,-0.008947030351106777
ETH/USDT,2025-12-18 08:35:00+00:00,2025-12-18 08:35:00+00:00,turnover_limit,0.0,,2848.49,2848.49,0.21807343539910629,-0.008773069240193831,0.0,0.21807343539910629,-0.008773069240193831
ETH/USDT,2025-12-18 08:37:00+00:00,2025-12-18 08:37:00+00:00,turnover_limit,0.0,,2847.99,2847.99,0.21828728331209035,-0.008599047047215702,0.0,0.21828728331209035,-0.008599047047215702
ETH/USDT,2025-12-18 08:39:00+00:00,2025-12-18 08:39:00+00:00,turnover_limit,0.0,,2847.47,2847.47,0.21850976480876017,-0.008417999136075105,0.0,0.21850976480876017,-0.008417999136075105
ETH/USDT,2025-12-18 08:41:00+00:00,2025-12-18 08:41:00+00:00,turnover_limit,0.0,,2847.07,2847.07,0.2186809597235051,-0.008278686509288535,0.0,0.2186809597235051,-0.008278686509288535
ETH/USDT,2025-12-18 08:43:00+00:00,2025-12-18 08:43:00+00:00,turnover_limit,0.0,,2846.71,2846.71,0.21883507628104026,-0.008153271671508477,0.0,0.21883507628104026,-0.008153271671508477
ETH/USDT,2025-12-18 08:44:00+00:00,2025-12-18 08:44:00+00:00,turnover_limit,0.0,,2845.63,2845.63,0.2192976599206502,-0.014559166160041936,0.0,0.2192976599206502,-0.014559166160041936
ETH/USDT,2025-12-18 08:45:00+00:00,2025-12-18 08:45:00+00:00,turnover_limit,0.0,,2845.33,2845.33,0.2194262176970685,-0.014455265294359587,0.0,0.2194262176970685,-0.014455265294359587
ETH/USDT,2025-12-18 09:12:00+00:00,2025-12-18 09:12:00+00:00,turnover_limit,0.0,,2840.33,2840.33,0.21849925888893207,-0.03564374562110728,0.0,0.21849925888893207,-0.03564374562110728
ETH/USDT,2025-12-18 09:13:00+00:00,2025-12-18 09:13:00+00:00,turnover_limit,0.0,,2839.34,2839.34,0.2189241161678417,-0.03530750103897384,0.0,0.2189241161678417,-0.03530750103897384
ETH/USDT,2025-12-18 09:16:00+00:00,2025-12-18 09:16:00+00:00,turnover_limit,0.0,,2838.64,2838.64,0.21922469915170661,-0.03506961079953774,0.0,0.21922469915170661,-0.03506961079953774
ETH/USDT,2025-12-18 09:18:00+00:00,2025-12-18 09:18:00+00:00,turnover_limit,0.0,,2840.38,2840.38,0.21847780930720528,-0.03566072145276333,0.0,0.21847780930720528,-0.03566072145276333
ETH/USDT,2025-12-18 09:19:00+00:00,2025-12-18 09:19:00+00:00,turnover_limit,0.0,,2840.66,2840.66,0.21835770560362744,-0.03575577506635774,0.0,0.21835770560362744,-0.03575577506635774
ETH/USDT,2025-12-18 09:20:00+00:00,2025-12-18 09:20:00+00:00,turnover_limit,0.0,,2840.04,2840.04,0.2186236813566007,-0.035545274010225114,0.0,0.2186236813566007,-0.035545274010225114
ETH/USDT,2025-12-18 09:21:00+00:00,2025-12-18 09:21:00+00:00,turnover_limit,0.0,,2841.07,2841.07,0.21818188217819334,-0.035894926911339775,0.0,0.21818188217819334,-0.035894926911339775
ETH/USDT,2025-12-18 09:22:00+00:00,2025-12-18 09:22:00+00:00,turnover_limit,0.0,,2842.97,2842.97,0.21736775273745423,-0.03653925296432947,0.0,0.21736775273745423,-0.03653925296432947
ETH/USDT,2025-12-18 09:23:00+00:00,2025-12-18 09:23:00+00:00,turnover_limit,0.0,,2845.98,2845.98,0.2160802254407972,-0.03755824004385133,0.0,0.2160802254407972,-0.03755824004385133
ETH/USDT,2025-12-18 09:25:00+00:00,2025-12-18 09:25:00+00:00,turnover_limit,0.0,,2846.37,2846.37,0.21591360223723566,-0.037690110561873436,0.0,0.21591360223723566,-0.037690110561873436
ETH/USDT,2025-12-18 09:26:00+00:00,2025-12-18 09:26:00+00:00,turnover_limit,0.0,,2846.19,2846.19,0.2159904995801405,-0.03762925173653198,0.0,0.2159904995801405,-0.03762925173653198
ETH/USDT,2025-12-18 09:27:00+00:00,2025-12-18 09:27:00+00:00,turnover_limit,0.0,,2846.04,2846.04,0.2160545881294711,-0.03757853016823365,0.0,0.2160545881294711,-0.03757853016823365
ETH/USDT,2025-12-18 09:28:00+00:00,2025-12-18 09:28:00+00:00,turnover_limit,0.0,,2845.58,2845.58,0.21625116847883397,-0.03742295068140755,0.0,0.21625116847883397,-0.03742295068140755
ETH/USDT,2025-12-18 09:29:00+00:00,2025-12-18 09:29:00+00:00,turnover_limit,0.0,,2845.58,2845.58,0.21625116847883397,-0.03742295068140755,0.0,0.21625116847883397,-0.03742295068140755
ETH/USDT,2025-12-18 09:30:00+00:00,2025-12-18 09:30:00+00:00,turnover_limit,0.0,,2846.13,2846.13,0.21601613418923238,-0.03760896375077738,0.0,0.21601613418923238,-0.03760896375077738
ETH/USDT,2025-12-18 09:32:00+00:00,2025-12-18 09:32:00+00:00,turnover_limit,0.0,,2849.03,2849.03,0.2147783631621989,-0.038588572250906505,0.0,0.2147783631621989,-0.038588572250906505
ETH/USDT,2025-12-18 09:34:00+00:00,2025-12-18 09:34:00+00:00,turnover_limit,0.0,,2852.43,2852.43,0.2133303884757909,-0.039734542127238814,0.0,0.2133303884757909,-0.039734542127238814
ETH/USDT,2025-12-18 09:35:00+00:00,2025-12-18 09:35:00+00:00,turnover_limit,0.0,,2850.31,2850.31,0.21423283783167446,-0.03902031708831666,0.0,0.21423283783167446,-0.03902031708831666
ETH/USDT,2025-12-18 09:37:00+00:00,2025-12-18 09:37:00+00:00,turnover_limit,0.0,,2848.84,2848.84,0.2148593813622386,-0.038524452057679626,0.0,0.2148593813622386,-0.038524452057679626
ETH/USDT,2025-12-18 09:38:00+00:00,2025-12-18 09:38:00+00:00,turnover_limit,0.0,,2848.89,2848.89,0.21483805973554615,-0.038541326621947425,0.0,0.21483805973554615,-0.038541326621947425
ETH/USDT,2025-12-18 09:40:00+00:00,2025-12-18 09:40:00+00:00,turnover_limit,0.0,,2850.44,2850.44,0.21417746032191531,-0.03906414448295703,0.0,0.21417746032191531,-0.03906414448295703
ETH/USDT,2025-12-18 09:41:00+00:00,2025-12-18 09:41:00+00:00,turnover_limit,0.0,,2851.73,2851.73,0.21362821866025183,-0.03949883053444747,0.0,0.21362821866025183,-0.03949883053444747
ETH/USDT,2025-12-18 09:42:00+00:00,2025-12-18 09:42:00+00:00,turnover_limit,0.0,,2852.87,2852.87,0.21314325573895765,-0.03988264449484191,0.0,0.21314325573895765,-0.03988264449484191
ETH/USDT,2025-12-18 09:43:00+00:00,2025-12-18 09:43:00+00:00,turnover_limit,0.0,,2853.24,2853.24,0.21298593879239047,-0.04000714976658104,0.0,0.21298593879239047,-0.04000714976658104
ETH/USDT,2025-12-18 09:44:00+00:00,2025-12-18 09:44:00+00:00,turnover_limit,0.0,,2856.12,2856.12,0.21176281108636896,-0.04097516911054144,0.0,0.21176281108636896,-0.04097516911054144
ETH/USDT,2025-12-18 09:45:00+00:00,2025-12-18 09:45:00+00:00,turnover_limit,0.0,,2856.34,2856.34,0.21166947912363376,-0.041049034778772864,0.0,0.21166947912363376,-0.041049034778772864
ETH/USDT,2025-12-18 09:47:00+00:00,2025-12-18 09:47:00+00:00,turnover_limit,0.0,,2854.74,2854.74,0.21234858516011967,-0.04051157023056373,0.0,0.21234858516011967,-0.04051157023056373
ETH/USDT,2025-12-18 09:48:00+00:00,2025-12-18 09:48:00+00:00,turnover_limit,0.0,,2854.18,2854.18,0.21258645215088046,-0.040323315277943084,0.0,0.21258645215088046,-0.040323315277943084
ETH/USDT,2025-12-18 09:49:00+00:00,2025-12-18 09:49:00+00:00,turnover_limit,0.0,,2855.92,2855.92,0.21184767080310363,-0.040908008627692616,0.0,0.21184767080310363,-0.040908008627692616
ETH/USDT,2025-12-18 09:50:00+00:00,2025-12-18 09:50:00+00:00,turnover_limit,0.0,,2854.54,2854.54,0.21243352694304507,-0.04044434479811099,0.0,0.21243352694304507,-0.04044434479811099
ETH/USDT,2025-12-18 09:51:00+00:00,2025-12-18 09:51:00+00:00,turnover_limit,0.0,,2855.3,2855.3,0.21211081147340027,-0.0015269849052639284,0.0,0.21211081147340027,-0.0015269849052639284
ETH/USDT,2025-12-18 09:52:00+00:00,2025-12-18 09:52:00+00:00,turnover_limit,0.0,,2857.04,2857.04,0.21137260941393898,-0.002135076862767038,0.0,0.21137260941393898,-0.002135076862767038
ETH/USDT,2025-12-18 09:54:00+00:00,2025-12-18 09:54:00+00:00,turnover_limit,0.0,,2852.99,2852.99,0.2130922295556592,-0.0007185444042915323,0.0,0.2130922295556592,-0.0007185444042915323
ETH/USDT,2025-12-18 09:55:00+00:00,2025-12-18 09:55:00+00:00,turnover_limit,0.0,,2853.98,2853.98,0.2126714272699879,-0.001065179153322715,0.0,0.2126714272699879,-0.001065179153322715
ETH/USDT,2025-12-18 09:56:00+00:00,2025-12-18 09:56:00+00:00,turnover_limit,0.0,,2853.17,2853.17,0.21301569832852585,-0.0007815867964404699,0.0,0.21301569832852585,-0.0007815867964404699
ETH/USDT,2025-12-18 09:57:00+00:00,2025-12-18 09:57:00+00:00,turnover_limit,0.0,,2853.56,2853.56,0.014248868080573018,-0.0009181513618076176,0.0,0.014248868080573018,-0.0009181513618076176
ETH/USDT,2025-12-18 09:59:00+00:00,2025-12-18 09:59:00+00:00,turnover_limit,0.0,,2852.6,2852.6,0.010534249456636058,-0.0005819252611651837,0.0,0.010534249456636058,-0.0005819252611651837
ETH/USDT,2025-12-18 10:00:00+00:00,2025-12-18 10:00:00+00:00,turnover_limit,0.0,,2852.72,2852.72,0.010491741215401529,-0.0006239658992118757,0.0,0.010491741215401529,-0.0006239658992118757
ETH/USDT,2025-12-18 10:01:00+00:00,2025-12-18 10:01:00+00:00,turnover_limit,0.0,,2852.07,2852.07,0.010722036976652083,-0.00039620345924196165,0.0,0.010722036976652083,-0.00039620345924196165
ETH/USDT,2025-12-18 10:03:00+00:00,2025-12-18 10:03:00+00:00,turnover_limit,0.0,,2851.56,2851.56,0.01090280407917077,-7.013704779179619e-06,0.0,0.01090280407917077,-7.013704779179619e-06
ETH/USDT,2025-12-18 10:04:00+00:00,2025-12-18 10:04:00+00:00,turnover_limit,0.0,,2854.72,2854.72,0.009783796659567523,-0.0009002634233828966,0.0,0.009783796659567523,-0.0009002634233828966
ETH/USDT,2025-12-18 10:07:00+00:00,2025-12-18 10:07:00+00:00,turnover_limit,0.0,,2857.03,2857.03,0.00896735421049133,-0.001260049771966143,0.0,0.00896735421049133,-0.001260049771966143
ETH/USDT,2025-12-18 10:08:00+00:00,2025-12-18 10:08:00+00:00,turnover_limit,0.0,,2855.22,2855.22,0.009606965487773289,-0.000626921918451151,0.0,0.009606965487773289,-0.000626921918451151
ETH/USDT,2025-12-18 10:09:00+00:00,2025-12-18 10:09:00+00:00,turnover_limit,0.0,,2856.64,2856.64,0.009105102498039752,-0.0011236977708076745,0.0,0.009105102498039752,-0.0011236977708076745
ETH/USDT,2025-12-18 10:10:00+00:00,2025-12-18 10:10:00+00:00,turnover_limit,0.0,,2855.9,2855.9,0.009366574459890087,-0.0008648762211562744,0.0,0.009366574459890087,-0.0008648762211562744
ETH/USDT,2025-12-18 10:11:00+00:00,2025-12-18 10:11:00+00:00,turnover_limit,0.0,,2856.28,2856.28,0.009232288151021617,-0.0009978013360035787,0.0,0.009232288151021617,-0.0009978013360035787
ETH/USDT,2025-12-18 10:12:00+00:00,2025-12-18 10:12:00+00:00,turnover_limit,0.0,,2855.92,2855.92,0.009359505868511642,-0.0008718731617133324,0.0,0.009359505868511642,-0.0008718731617133324
ETH/USDT,2025-12-18 10:13:00+00:00,2025-12-18 10:13:00+00:00,turnover_limit,0.0,,2854.7,2854.7,0.009790871194871764,-0.0007986828738570928,0.0,0.009790871194871764,-0.0007986828738570928
ETH/USDT,2025-12-18 10:14:00+00:00,2025-12-18 10:14:00+00:00,turnover_limit,0.0,,2854.55,2854.55,0.00984393336953282,-0.0013557303252702546,0.0,0.00984393336953282,-0.0013557303252702546
ETH/USDT,2025-12-18 10:15:00+00:00,2025-12-18 10:15:00+00:00,turnover_limit,0.0,,2854.16,2854.16,0.009981921125655324,-0.0012227765787481415,0.0,0.009981921125655324,-0.0012227765787481415
ETH/USDT,2025-12-18 10:16:00+00:00,2025-12-18 10:16:00+00:00,turnover_limit,0.0,,2853.43,2853.43,0.01024030727930958,-0.0009672569504070028,0.0,0.01024030727930958,-0.0009672569504070028
ETH/USDT,2025-12-18 10:17:00+00:00,2025-12-18 10:17:00+00:00,turnover_limit,0.0,,2853.73,2853.73,0.01013410518864788,-0.001072280839462758,0.0,0.01013410518864788,-0.001072280839462758
ETH/USDT,2025-12-18 10:18:00+00:00,2025-12-18 10:18:00+00:00,turnover_limit,0.0,,2854.64,2854.64,0.009812095395566489,-0.0013907182692037834,0.0,0.009812095395566489,-0.0013907182692037834
ETH/USDT,2025-12-18 10:20:00+00:00,2025-12-18 10:20:00+00:00,turnover_limit,0.0,,2858.0,2858.0,0.00862491252624209,-0.002564730580825736,0.0,0.00862491252624209,-0.002564730580825736
ETH/USDT,2025-12-18 10:21:00+00:00,2025-12-18 10:21:00+00:00,turnover_limit,0.0,,2858.15,2858.15,0.008571978377621914,-0.0026170774801882457,0.0,0.008571978377621914,-0.0026170774801882457
ETH/USDT,2025-12-18 10:23:00+00:00,2025-12-18 10:23:00+00:00,turnover_limit,0.0,,2856.14,2856.14,0.009281757897021903,-0.0019151722254510117,0.0,0.009281757897021903,-0.0019151722254510117
ETH/USDT,2025-12-18 10:24:00+00:00,2025-12-18 10:24:00+00:00,turnover_limit,0.0,,2856.85,2856.85,0.009030925669881285,-0.002163221730227316,0.0,0.009030925669881285,-0.002163221730227316
ETH/USDT,2025-12-18 10:25:00+00:00,2025-12-18 10:25:00+00:00,turnover_limit,0.0,,2856.95,2856.95,0.0018971280561437265,-0.020630392551497123,0.0,0.0018971280561437265,-0.020630392551497123
ETH/USDT,2025-12-18 10:26:00+00:00,2025-12-18 10:26:00+00:00,turnover_limit,0.0,,2857.61,2857.61,0.0016657276535285703,-0.02085658994754358,0.0,0.0016657276535285703,-0.02085658994754358
ETH/USDT,2025-12-18 10:27:00+00:00,2025-12-18 10:27:00+00:00,turnover_limit,0.0,,2858.49,2858.49,0.001357360004757835,-0.021158023991687758,0.0,0.001357360004757835,-0.021158023991687758
ETH/USDT,2025-12-18 10:28:00+00:00,2025-12-18 10:28:00+00:00,turnover_limit,0.0,,2859.28,2859.28,0.0010806916426511215,-0.021428471503315505,0.0,0.0010806916426511215,-0.021428471503315505
ETH/USDT,2025-12-18 10:29:00+00:00,2025-12-18 10:29:00+00:00,turnover_limit,0.0,,2859.27,2859.27,0.0010841928184466276,-0.021425049050981415,0.0,0.0010841928184466276,-0.021425049050981415
ETH/USDT,2025-12-18 10:30:00+00:00,2025-12-18 10:30:00+00:00,turnover_limit,0.0,,2858.49,2858.49,0.001357360004757835,-0.20097673946734107,0.0,0.001357360004757835,-0.20097673946734107
ETH/USDT,2025-12-18 10:31:00+00:00,2025-12-18 10:31:00+00:00,turnover_limit,0.0,,2860.18,2860.18,0.0007656860757014883,-0.2014488598619667,0.0,0.0007656860757014883,-0.2014488598619667
ETH/USDT,2025-12-18 10:32:00+00:00,2025-12-18 10:32:00+00:00,turnover_limit,0.0,,2862.08,2862.08,0.00010132491055458992,-0.20197898032200357,0.0,0.00010132491055458992,-0.20197898032200357
ETH/USDT,2025-12-18 10:33:00+00:00,2025-12-18 10:33:00+00:00,turnover_limit,0.0,,2859.71,2859.71,0.0009301642474235372,-0.20131761612191446,0.0,0.0009301642474235372,-0.20131761612191446
ETH/USDT,2025-12-18 10:34:00+00:00,2025-12-18 10:34:00+00:00,turnover_limit,0.0,,2862.37,2862.37,0.0,-0.20205983153820084,0.0,0.0,-0.20205983153820084
ETH/USDT,2025-12-18 10:35:00+00:00,2025-12-18 10:35:00+00:00,turnover_limit,0.0,,2860.28,2860.28,0.0007306976939318588,-0.20147677849721013,0.0,0.0007306976939318588,-0.20147677849721013
ETH/USDT,2025-12-18 10:36:00+00:00,2025-12-18 10:36:00+00:00,turnover_limit,0.0,,2860.0,2860.0,0.00034965034965028785,-0.20139860139860144,0.0,0.00034965034965028785,-0.20139860139860144
ETH/USDT,2025-12-18 10:38:00+00:00,2025-12-18 10:38:00+00:00,turnover_limit,0.0,,2860.27,2860.27,0.0002552206609864882,-0.20147398672153327,0.0,0.0002552206609864882,-0.20147398672153327
ETH/USDT,2025-12-18 10:39:00+00:00,2025-12-18 10:39:00+00:00,turnover_limit,0.0,,2859.52,2859.52,0.0003112410474483962,-0.20126454789615045,0.0,0.0003112410474483962,-0.20126454789615045
ETH/USDT,2025-12-18 10:40:00+00:00,2025-12-18 10:40:00+00:00,turnover_limit,0.0,,2859.56,2859.56,0.00029724852774548616,-0.20127572074025368,0.0,0.00029724852774548616,-0.20127572074025368
ETH/USDT,2025-12-18 10:42:00+00:00,2025-12-18 10:42:00+00:00,turnover_limit,0.0,,2857.58,2857.58,0.0008328725704966899,-0.20072228948970805,0.0,0.0008328725704966899,-0.20072228948970805
ETH/USDT,2025-12-18 10:45:00+00:00,2025-12-18 10:45:00+00:00,turnover_limit,0.0,,2859.44,2859.44,0.0001818537895532657,-0.20124220127017878,0.0,0.0001818537895532657,-0.20124220127017878
ETH/USDT,2025-12-18 10:46:00+00:00,2025-12-18 10:46:00+00:00,turnover_limit,0.0,,2859.44,2859.44,0.0001818537895532657,-0.20124220127017878,0.0,0.0001818537895532657,-0.20124220127017878
ETH/USDT,2025-12-18 10:54:00+00:00,2025-12-18 10:54:00+00:00,turnover_limit,0.0,,2858.23,2858.23,0.0004198402507844534,-0.20090405600668948,0.0,0.0004198402507844534,-0.20090405600668948
ETH/USDT,2025-12-18 10:55:00+00:00,2025-12-18 10:55:00+00:00,turnover_limit,0.0,,2858.0,2858.0,0.0005003498950313379,-0.20083974807557736,0.0,0.0005003498950313379,-0.20083974807557736
ETH/USDT,2025-12-18 10:56:00+00:00,2025-12-18 10:56:00+00:00,turnover_limit,0.0,,2857.4,2857.4,0.0007104360607543825,-0.2006719395254427,0.0,0.0007104360607543825,-0.2006719395254427
ETH/USDT,2025-12-18 10:57:00+00:00,2025-12-18 10:57:00+00:00,turnover_limit,0.0,,2857.42,2857.42,0.0007034317671184009,-0.2006775342791749,0.0,0.0007034317671184009,-0.2006775342791749
ETH/USDT,2025-12-18 10:59:00+00:00,2025-12-18 10:59:00+00:00,turnover_limit,0.0,,2858.21,2858.21,0.00042684057504516204,-0.20089846442353787,0.0,0.00042684057504516204,-0.20089846442353787
ETH/USDT,2025-12-18 11:01:00+00:00,2025-12-18 11:01:00+00:00,turnover_limit,0.0,,2858.43,2858.43,0.0010565240359217132,-0.20095996753462564,0.0,0.0010565240359217132,-0.20095996753462564
ETH/USDT,2025-12-18 11:02:00+00:00,2025-12-18 11:02:00+00:00,turnover_limit,0.0,,2857.5,2857.5,0.0013823272090986993,-0.2006999125109361,0.0,0.0013823272090986993,-0.2006999125109361
ETH/USDT,2025-12-18 11:11:00+00:00,2025-12-18 11:11:00+00:00,turnover_limit,0.0,,2855.55,2855.55,0.0020836616413650866,-0.20015408590289097,0.0,0.0020836616413650866,-0.20015408590289097
ETH/USDT,2025-12-18 11:22:00+00:00,2025-12-18 11:22:00+00:00,turnover_limit,0.0,,2854.35,2854.35,0.002504948587244149,-0.19981782192092767,0.0,0.002504948587244149,-0.19981782192092767
ETH/USDT,2025-12-18 11:23:00+00:00,2025-12-18 11:23:00+00:00,turnover_limit,0.0,,2854.4,2854.4,0.002487387892376569,-0.1998318385650224,0.0,0.002487387892376569,-0.1998318385650224
ETH/USDT,2025-12-18 11:24:00+00:00,2025-12-18 11:24:00+00:00,turnover_limit,0.0,,2854.42,2854.42,0.0024803637866885886,-0.1998374450851662,0.0,0.0024803637866885886,-0.1998374450851662
ETH/USDT,2025-12-18 11:28:00+00:00,2025-12-18 11:28:00+00:00,turnover_limit,0.0,,2855.01,2855.01,0.002273196941516842,-0.20000280209176158,0.0,0.002273196941516842,-0.20000280209176158
ETH/USDT,2025-12-18 11:29:00+00:00,2025-12-18 11:29:00+00:00,turnover_limit,0.0,,2855.01,2855.01,0.002273196941516842,-0.20000280209176158,0.0,0.002273196941516842,-0.20000280209176158
ETH/USDT,2025-12-18 11:30:00+00:00,2025-12-18 11:30:00+00:00,turnover_limit,0.0,,2856.7,2856.7,0.0016802604403682864,-0.20047607379143761,0.0,0.0016802604403682864,-0.20047607379143761
ETH/USDT,2025-12-18 11:31:00+00:00,2025-12-18 11:31:00+00:00,turnover_limit,0.0,,2856.41,2856.41,0.0036304312056043564,-0.2000448114941482,0.0,0.0036304312056043564,-0.2000448114941482
ETH/USDT,2025-12-18 11:32:00+00:00,2025-12-18 11:32:00+00:00,turnover_limit,0.0,,2856.1,2856.1,0.003739364868176942,-0.1999579846644025,0.0,0.003739364868176942,-0.1999579846644025
ETH/USDT,2025-12-18 11:34:00+00:00,2025-12-18 11:34:00+00:00,turnover_limit,0.0,,2854.4,2854.4,0.004351177130044848,-0.19948150224215244,0.0,0.004351177130044848,-0.19948150224215244
ETH/USDT,2025-12-18 11:35:00+00:00,2025-12-18 11:35:00+00:00,turnover_limit,0.0,,2853.24,2853.24,0.005274705247368061,-0.19915604716042112,0.0,0.005274705247368061,-0.19915604716042112
ETH/USDT,2025-12-18 11:37:00+00:00,2025-12-18 11:37:00+00:00,turnover_limit,0.0,,2853.84,2853.84,0.006752305665349123,-0.19932441902839682,0.0,0.006752305665349123,-0.19932441902839682
ETH/USDT,2025-12-18 11:38:00+00:00,2025-12-18 11:38:00+00:00,turnover_limit,0.0,,2853.93,2853.93,0.006720557266646443,-0.19934966870245585,0.0,0.006720557266646443,-0.19934966870245585
ETH/USDT,2025-12-18 11:40:00+00:00,2025-12-18 11:40:00+00:00,turnover_limit,0.0,,2853.71,2853.71,0.00703295008953253,-0.1992879444652751,0.0,0.00703295008953253,-0.1992879444652751
ETH/USDT,2025-12-18 11:42:00+00:00,2025-12-18 11:42:00+00:00,turnover_limit,0.0,,2854.37,2854.37,0.0068000994965615735,-0.19947308863251778,0.0,0.0068000994965615735,-0.19947308863251778
ETH/USDT,2025-12-18 11:43:00+00:00,2025-12-18 11:43:00+00:00,turnover_limit,0.0,,2854.01,2854.01,0.006927095560281815,-0.199372111520282,0.0,0.006927095560281815,-0.199372111520282
ETH/USDT,2025-12-18 11:44:00+00:00,2025-12-18 11:44:00+00:00,turnover_limit,0.0,,2854.99,2854.99,0.006581459129454181,-0.19964693396474242,0.0,0.006581459129454181,-0.19964693396474242
ETH/USDT,2025-12-18 11:45:00+00:00,2025-12-18 11:45:00+00:00,turnover_limit,0.0,,2854.18,2854.18,0.007031791968271195,-0.1994197983308691,0.0,0.007031791968271195,-0.1994197983308691
ETH/USDT,2025-12-18 11:46:00+00:00,2025-12-18 11:46:00+00:00,turnover_limit,0.0,,2856.43,2856.43,0.0062385565198517234,-0.2000504125779381,0.0,0.0062385565198517234,-0.2000504125779381
ETH/USDT,2025-12-18 11:47:00+00:00,2025-12-18 11:47:00+00:00,turnover_limit,0.0,,2857.33,2857.33,0.00592161213440523,-0.2003023801940973,0.0,0.00592161213440523,-0.2003023801940973
ETH/USDT,2025-12-18 11:49:00+00:00,2025-12-18 11:49:00+00:00,turnover_limit,0.0,,2858.4,2858.4,0.0055450601735236305,-0.20060173523649594,0.0,0.0055450601735236305,-0.20060173523649594
ETH/USDT,2025-12-18 11:50:00+00:00,2025-12-18 11:50:00+00:00,turnover_limit,0.0,,2857.43,2857.43,0.005886408415954225,-0.20033036679813676,0.0,0.005886408415954225,-0.20033036679813676
ETH/USDT,2025-12-18 11:52:00+00:00,2025-12-18 11:52:00+00:00,turnover_limit,0.0,,2856.66,2856.66,0.006157540624365465,-0.20011481940447928,0.0,0.006157540624365465,-0.20011481940447928
ETH/USDT,2025-12-18 11:53:00+00:00,2025-12-18 11:53:00+00:00,turnover_limit,0.0,,2856.65,2856.65,0.006161062783330173,-0.20011201932333333,0.0,0.006161062783330173,-0.20011201932333333
ETH/USDT,2025-12-18 11:56:00+00:00,2025-12-18 11:56:00+00:00,turnover_limit,0.0,,2858.17,2858.17,0.005625977461102716,-0.20053740680225463,0.0,0.005625977461102716,-0.20053740680225463
ETH/USDT,2025-12-18 11:57:00+00:00,2025-12-18 11:57:00+00:00,turnover_limit,0.0,,2858.31,2858.31,0.00557672190910008,-0.20057656447341254,0.0,0.00557672190910008,-0.20057656447341254
ETH/USDT,2025-12-18 11:59:00+00:00,2025-12-18 11:59:00+00:00,turnover_limit,0.0,,2858.8,2858.8,0.005404365468028471,-0.2007135861200504,0.0,0.005404365468028471,-0.2007135861200504
ETH/USDT,2025-12-18 12:00:00+00:00,2025-12-18 12:00:00+00:00,turnover_limit,0.0,,2859.25,2859.25,0.005246130978403318,-0.20083938095654452,0.0,0.005246130978403318,-0.20083938095654452
ETH/USDT,2025-12-18 12:02:00+00:00,2025-12-18 12:02:00+00:00,turnover_limit,0.0,,2860.47,2860.47,0.008149010477299434,-0.20118022562725701,0.0,0.008149010477299434,-0.20118022562725701
ETH/USDT,2025-12-18 12:04:00+00:00,2025-12-18 12:04:00+00:00,turnover_limit,0.0,,2858.74,2858.74,0.009626618720135705,-0.12901488068169886,0.0,0.009626618720135705,-0.12901488068169886
ETH/USDT,2025-12-18 12:05:00+00:00,2025-12-18 12:05:00+00:00,turnover_limit,0.0,,2859.73,2859.73,0.009277099586324722,-0.12931640399618138,0.0,0.009277099586324722,-0.12931640399618138
ETH/USDT,2025-12-18 12:06:00+00:00,2025-12-18 12:06:00+00:00,turnover_limit,0.0,,2859.41,2859.41,0.009390048996121614,-0.12921896475146966,0.0,0.009390048996121614,-0.12921896475146966
ETH/USDT,2025-12-18 12:07:00+00:00,2025-12-18 12:07:00+00:00,turnover_limit,0.0,,2857.99,2857.99,0.00994055262614646,-0.12878631485764458,0.0,0.00994055262614646,-0.12878631485764458
ETH/USDT,2025-12-18 12:08:00+00:00,2025-12-18 12:08:00+00:00,turnover_limit,0.0,,2859.96,2859.96,0.01025538818724736,-0.12938642498496478,0.0,0.01025538818724736,-0.12938642498496478
ETH/USDT,2025-12-18 12:09:00+00:00,2025-12-18 12:09:00+00:00,turnover_limit,0.0,,2859.98,2859.98,0.012514073524989566,-0.1293925132343583,0.0,0.012514073524989566,-0.1293925132343583
ETH/USDT,2025-12-18 12:10:00+00:00,2025-12-18 12:10:00+00:00,turnover_limit,0.0,,2859.59,2859.59,0.012652163422028906,-0.129273777009991,0.0,0.012652163422028906,-0.129273777009991
ETH/USDT,2025-12-18 12:11:00+00:00,2025-12-18 12:11:00+00:00,turnover_limit,0.0,,2858.04,2858.04,0.019789786007193833,-0.12880155631131818,0.0,0.019789786007193833,-0.12880155631131818
ETH/USDT,2025-12-18 12:12:00+00:00,2025-12-18 12:12:00+00:00,turnover_limit,0.0,,2857.3,2857.3,0.02005389703566296,-0.12857592832394227,0.0,0.02005389703566296,-0.12857592832394227
ETH/USDT,2025-12-18 12:21:00+00:00,2025-12-18 12:21:00+00:00,turnover_limit,0.0,,2859.84,2859.84,0.0191479243594046,-0.12934989370034689,0.0,0.0191479243594046,-0.12934989370034689
ETH/USDT,2025-12-18 12:22:00+00:00,2025-12-18 12:22:00+00:00,turnover_limit,0.0,,2859.59,2859.59,0.019237023489381277,-0.129273777009991,0.0,0.019237023489381277,-0.129273777009991
ETH/USDT,2025-12-18 12:23:00+00:00,2025-12-18 12:23:00+00:00,turnover_limit,0.0,,2859.29,2859.29,0.01934396301179664,-0.12918241941181197,0.0,0.01934396301179664,-0.12918241941181197
ETH/USDT,2025-12-18 12:25:00+00:00,2025-12-18 12:25:00+00:00,turnover_limit,0.0,,2858.5,2858.5,0.019625677803043473,-0.12894175266748287,0.0,0.019625677803043473,-0.12894175266748287
ETH/USDT,2025-12-18 12:26:00+00:00,2025-12-18 12:26:00+00:00,turnover_limit,0.0,,2857.31,2857.31,0.02005032705586718,-0.12857897812977936,0.0,0.02005032705586718,-0.12857897812977936
ETH/USDT,2025-12-18 12:28:00+00:00,2025-12-18 12:28:00+00:00,turnover_limit,0.0,,2857.55,2857.55,0.01996465503665723,-0.1286521670661931,0.0,0.01996465503665723,-0.1286521670661931
ETH/USDT,2025-12-18 12:29:00+00:00,2025-12-18 12:29:00+00:00,turnover_limit,0.0,,2858.34,2858.34,0.019682752926523772,-0.12889299383558295,0.0,0.019682752926523772,-0.12889299383558295
ETH/USDT,2025-12-18 12:30:00+00:00,2025-12-18 12:30:00+00:00,turnover_limit,0.0,,2861.4,2861.4,0.02112602222688187,-0.12982456140350873,0.0,0.02112602222688187,-0.12982456140350873
ETH/USDT,2025-12-18 12:31:00+00:00,2025-12-18 12:31:00+00:00,turnover_limit,0.0,,2863.86,2863.86,0.025378335533161378,-0.13057202516882804,0.0,0.025378335533161378,-0.13057202516882804
ETH/USDT,2025-12-18 12:32:00+00:00,2025-12-18 12:32:00+00:00,turnover_limit,0.0,,2866.09,2866.09,0.02458052608257244,-0.13124849533685268,0.0,0.02458052608257244,-0.13124849533685268
ETH/USDT,2025-12-18 12:33:00+00:00,2025-12-18 12:33:00+00:00,turnover_limit,0.0,,2865.12,2865.12,0.024927402691684808,-0.13095437538392807,0.0,0.024927402691684808,-0.13095437538392807
ETH/USDT,2025-12-18 12:35:00+00:00,2025-12-18 12:35:00+00:00,turnover_limit,0.0,,2868.29,2868.29,0.02379466511405748,-0.13191483427407968,0.0,0.02379466511405748,-0.13191483427407968
ETH/USDT,2025-12-18 12:36:00+00:00,2025-12-18 12:36:00+00:00,turnover_limit,0.0,,2870.15,2870.15,0.023131195233698554,-0.13247739665174296,0.0,0.023131195233698554,-0.13247739665174296
ETH/USDT,2025-12-18 12:37:00+00:00,2025-12-18 12:37:00+00:00,turnover_limit,0.0,,2872.78,2872.78,0.022194529340917146,-0.13327160450852493,0.0,0.022194529340917146,-0.13327160450852493
ETH/USDT,2025-12-18 12:38:00+00:00,2025-12-18 12:38:00+00:00,turnover_limit,0.0,,2870.96,2870.96,0.022842533507955398,-0.13272215565525114,0.0,0.022842533507955398,-0.13272215565525114
ETH/USDT,2025-12-18 12:40:00+00:00,2025-12-18 12:40:00+00:00,turnover_limit,0.0,,2872.53,2872.53,0.02228349225247417,-0.13319617201560996,0.0,0.02228349225247417,-0.13319617201560996
ETH/USDT,2025-12-18 12:41:00+00:00,2025-12-18 12:41:00+00:00,turnover_limit,0.0,,2871.04,2871.04,0.022814032545697804,-0.13274632189032542,0.0,0.022814032545697804,-0.13274632189032542
ETH/USDT,2025-12-18 12:42:00+00:00,2025-12-18 12:42:00+00:00,turnover_limit,0.0,,2871.37,2871.37,0.022696482863580725,-0.13284599337598424,0.0,0.022696482863580725,-0.13284599337598424
ETH/USDT,2025-12-18 12:45:00+00:00,2025-12-18 12:45:00+00:00,turnover_limit,0.0,,2874.25,2874.25,0.10758980603635715,-0.13371488214316773,0.0,0.10758980603635715,-0.13371488214316773
ETH/USDT,2025-12-18 12:47:00+00:00,2025-12-18 12:47:00+00:00,turnover_limit,0.0,,2871.48,2871.48,0.10865825288701281,-0.13287921211361386,0.0,0.10865825288701281,-0.13287921211361386
ETH/USDT,2025-12-18 12:48:00+00:00,2025-12-18 12:48:00+00:00,turnover_limit,0.0,,2871.0,2871.0,0.10884360849878094,-0.13273423894113545,0.0,0.10884360849878094,-0.13273423894113545
ETH/USDT,2025-12-18 12:51:00+00:00,2025-12-18 12:51:00+00:00,turnover_limit,0.0,,2868.74,2868.74,0.10971715805545301,-0.13205100497082334,0.0,0.10971715805545301,-0.13205100497082334
ETH/USDT,2025-12-18 12:57:00+00:00,2025-12-18 12:57:00+00:00,turnover_limit,0.0,,2871.01,2871.01,0.1088397462913746,-0.03265401374429211,0.0,0.1088397462913746,-0.03265401374429211
ETH/USDT,2025-12-18 12:59:00+00:00,2025-12-18 12:59:00+00:00,turnover_limit,0.0,,2871.53,2871.53,0.10863894857445322,-0.0328291886207005,0.0,0.10863894857445322,-0.0328291886207005
ETH/USDT,2025-12-18 13:01:00+00:00,2025-12-18 13:01:00+00:00,turnover_limit,0.0,,2879.58,2879.58,0.10553969676133312,-0.03553295966772918,0.0,0.10553969676133312,-0.03553295966772918
ETH/USDT,2025-12-18 13:02:00+00:00,2025-12-18 13:02:00+00:00,turnover_limit,0.0,,2881.02,2881.02,0.1049871226162955,-0.03601502245732402,0.0,0.1049871226162955,-0.03601502245732402
ETH/USDT,2025-12-18 13:04:00+00:00,2025-12-18 13:04:00+00:00,turnover_limit,0.0,,2886.23,2886.23,0.10299248500639235,-0.03775513385974083,0.0,0.10299248500639235,-0.03775513385974083
ETH/USDT,2025-12-18 13:05:00+00:00,2025-12-18 13:05:00+00:00,turnover_limit,0.0,,2883.1,2883.1,0.10418993444556213,-0.03671048524158016,0.0,0.10418993444556213,-0.03671048524158016
ETH/USDT,2025-12-18 13:06:00+00:00,2025-12-18 13:06:00+00:00,turnover_limit,0.0,,2880.87,2880.87,0.10504465664885942,-0.03596483006869444,0.0,0.10504465664885942,-0.03596483006869444
ETH/USDT,2025-12-18 13:07:00+00:00,2025-12-18 13:07:00+00:00,turnover_limit,0.0,,2880.79,2880.79,0.10507534391607853,-0.03593805865752098,0.0,0.10507534391607853,-0.03593805865752098
ETH/USDT,2025-12-18 13:09:00+00:00,2025-12-18 13:09:00+00:00,turnover_limit,0.0,,2893.52,2893.52,0.10021358069064656,-0.04017943542812896,0.0,0.10021358069064656,-0.04017943542812896
ETH/USDT,2025-12-18 13:10:00+00:00,2025-12-18 13:10:00+00:00,turnover_limit,0.0,,2894.57,2894.57,0.09981448021640515,-0.04052760859125881,0.0,0.09981448021640515,-0.04052760859125881
ETH/USDT,2025-12-18 13:12:00+00:00,2025-12-18 13:12:00+00:00,turnover_limit,0.0,,2889.07,2889.07,0.1019082265227218,-0.06974216616419826,0.0,0.1019082265227218,-0.06974216616419826
ETH/USDT,2025-12-18 13:13:00+00:00,2025-12-18 13:13:00+00:00,turnover_limit,0.0,,2908.38,2908.38,0.0945921784636119,-0.07591855259629077,0.0,0.0945921784636119,-0.07591855259629077
ETH/USDT,2025-12-18 13:14:00+00:00,2025-12-18 13:14:00+00:00,turnover_limit,0.0,,2903.73,2903.73,0.09634504585481429,-0.07443873913896959,0.0,0.09634504585481429,-0.07443873913896959
ETH/USDT,2025-12-18 13:15:00+00:00,2025-12-18 13:15:00+00:00,turnover_limit,0.0,,2898.41,2898.41,0.09835737525056842,-0.08007838780572796,0.0,0.09835737525056842,-0.08007838780572796
ETH/USDT,2025-12-18 13:16:00+00:00,2025-12-18 13:16:00+00:00,turnover_limit,0.0,,2893.24,2893.24,0.10032005640734964,-0.0784345577967952,0.0,0.10032005640734964,-0.0784345577967952
ETH/USDT,2025-12-18 13:17:00+00:00,2025-12-18 13:17:00+00:00,turnover_limit,0.0,,2893.14,2893.14,0.10035808844369787,-0.07840270432816943,0.0,0.10035808844369787,-0.07840270432816943
ETH/USDT,2025-12-18 13:19:00+00:00,2025-12-18 13:19:00+00:00,turnover_limit,0.0,,2894.19,2894.19,0.0999588831417424,-0.07873705596384484,0.0,0.0999588831417424,-0.07873705596384484
ETH/USDT,2025-12-18 13:20:00+00:00,2025-12-18 13:20:00+00:00,turnover_limit,0.0,,2896.02,2896.02,0.09926381723883115,-0.07931920359666023,0.0,0.09926381723883115,-0.07931920359666023
ETH/USDT,2025-12-18 13:21:00+00:00,2025-12-18 13:21:00+00:00,turnover_limit,0.0,,2892.67,2892.67,0.10053687423729629,-0.07825296352504785,0.0,0.10053687423729629,-0.07825296352504785
ETH/USDT,2025-12-18 13:23:00+00:00,2025-12-18 13:23:00+00:00,turnover_limit,0.0,,2895.09,2895.09,0.0996169376426983,-0.07902345004818512,0.0,0.0996169376426983,-0.07902345004818512
ETH/USDT,2025-12-18 13:24:00+00:00,2025-12-18 13:24:00+00:00,turnover_limit,0.0,,2893.84,2893.84,0.10009191938738815,-0.07862563237774034,0.0,0.10009191938738815,-0.07862563237774034
ETH/USDT,2025-12-18 13:26:00+00:00,2025-12-18 13:26:00+00:00,turnover_limit,0.0,,2892.26,2892.26,0.10069288376563645,-0.07812229882514032,0.0,0.10069288376563645,-0.07812229882514032
ETH/USDT,2025-12-18 13:27:00+00:00,2025-12-18 13:27:00+00:00,turnover_limit,0.0,,2892.83,2892.83,0.10047600446621474,-0.07830394458022072,0.0,0.10047600446621474,-0.07830394458022072
ETH/USDT,2025-12-18 15:22:00+00:00,2025-12-18 15:22:00+00:00,turnover_limit,0.0,,2951.78,2951.78,0.07849839757705501,-0.05184329455447223,0.0,0.07849839757705501,-0.05184329455447223
ETH/USDT,2025-12-18 15:26:00+00:00,2025-12-18 15:26:00+00:00,turnover_limit,0.0,,2965.49,2965.49,0.07351230319441315,-0.05622679557172672,0.0,0.07351230319441315,-0.05622679557172672
ETH/USDT,2025-12-18 15:27:00+00:00,2025-12-18 15:27:00+00:00,turnover_limit,0.0,,2968.15,2968.15,0.009605309704698195,-0.057072587301854716,0.0,0.009605309704698195,-0.057072587301854716
ETH/USDT,2025-12-18 15:30:00+00:00,2025-12-18 15:30:00+00:00,turnover_limit,0.0,,2965.13,2965.13,0.010633597852370613,-0.0561122109317298,0.0,0.010633597852370613,-0.0561122109317298
ETH/USDT,2025-12-18 15:32:00+00:00,2025-12-18 15:32:00+00:00,turnover_limit,0.0,,2964.01,2964.01,0.011015482403905485,-0.05575554738344346,0.0,0.011015482403905485,-0.05575554738344346
ETH/USDT,2025-12-18 15:33:00+00:00,2025-12-18 15:33:00+00:00,turnover_limit,0.0,,2960.58,2960.58,0.01218680123489313,-0.054661586581007726,0.0,0.01218680123489313,-0.054661586581007726
ETH/USDT,2025-12-18 15:34:00+00:00,2025-12-18 15:34:00+00:00,turnover_limit,0.0,,2972.3,2972.3,0.00819567338424787,-0.058389126265854796,0.0,0.00819567338424787,-0.058389126265854796
ETH/USDT,2025-12-18 15:36:00+00:00,2025-12-18 15:36:00+00:00,turnover_limit,0.0,,2981.24,2981.24,0.0051723443936080304,-0.06121278394225216,0.0,0.0051723443936080304,-0.06121278394225216
ETH/USDT,2025-12-18 15:38:00+00:00,2025-12-18 15:38:00+00:00,turnover_limit,0.0,,2989.68,2989.68,0.0023346980278826646,-0.0638630221294586,0.0,0.0023346980278826646,-0.0638630221294586
ETH/USDT,2025-12-18 15:40:00+00:00,2025-12-18 15:40:00+00:00,turnover_limit,0.0,,2989.05,2989.05,0.0017363376323580315,-0.06366571318646397,0.0,0.0017363376323580315,-0.06366571318646397
ETH/USDT,2025-12-18 15:41:00+00:00,2025-12-18 15:41:00+00:00,turnover_limit,0.0,,2986.96,2986.96,0.000759970002946142,-0.06301055253501886,0.0,0.000759970002946142,-0.06301055253501886
ETH/USDT,2025-12-18 15:42:00+00:00,2025-12-18 15:42:00+00:00,turnover_limit,0.0,,2986.41,2986.41,0.0006295183849505115,-0.06283798942543051,0.0,0.0006295183849505115,-0.06283798942543051
ETH/USDT,2025-12-18 15:43:00+00:00,2025-12-18 15:43:00+00:00,turnover_limit,0.0,,2987.93,2987.93,0.00012048475031223305,-0.06331473628900275,0.0,0.00012048475031223305,-0.06331473628900275
ETH/USDT,2025-12-18 15:44:00+00:00,2025-12-18 15:44:00+00:00,turnover_limit,0.0,,2975.49,2975.49,0.004301812474584166,-0.05939862005921703,0.0,0.004301812474584166,-0.05939862005921703
ETH/USDT,2025-12-18 15:45:00+00:00,2025-12-18 15:45:00+00:00,turnover_limit,0.0,,2975.61,2975.61,7.057376470709364e-05,-0.059436552505200635,0.0,7.057376470709364e-05,-0.059436552505200635
ETH/USDT,2025-12-18 15:46:00+00:00,2025-12-18 15:46:00+00:00,turnover_limit,0.0,,2974.1,2974.1,0.0005110789818769668,-0.05895901281059812,0.0,0.0005110789818769668,-0.05895901281059812
ETH/USDT,2025-12-18 15:47:00+00:00,2025-12-18 15:47:00+00:00,turnover_limit,0.0,,2968.01,2968.01,0.002045141357340352,-0.05702810974356565,0.0,0.002045141357340352,-0.05702810974356565
ETH/USDT,2025-12-18 15:48:00+00:00,2025-12-18 15:48:00+00:00,turnover_limit,0.0,,2971.17,2971.17,0.0007101579512447387,-0.05803101135243016,0.0,0.0007101579512447387,-0.05803101135243016
ETH/USDT,2025-12-18 15:49:00+00:00,2025-12-18 15:49:00+00:00,turnover_limit,0.0,,2968.99,2968.99,0.0014449358199253304,-0.05733936456505406,0.0,0.0014449358199253304,-0.05733936456505406
ETH/USDT,2025-12-18 16:12:00+00:00,2025-12-18 16:12:00+00:00,turnover_limit,0.0,,2963.06,2963.06,0.07439268863944704,-0.035210221865233926,0.0,0.07439268863944704,-0.035210221865233926
ETH/USDT,2025-12-18 16:13:00+00:00,2025-12-18 16:13:00+00:00,turnover_limit,0.0,,2958.36,2958.36,0.0760995957219539,-0.033795751700266385,0.0,0.0760995957219539,-0.033795751700266385
ETH/USDT,2025-12-18 16:39:00+00:00,2025-12-18 16:39:00+00:00,turnover_limit,0.0,,2949.42,2949.42,0.07936136596347754,-0.10755673996921433,0.0,0.07936136596347754,-0.10755673996921433
ETH/USDT,2025-12-18 16:40:00+00:00,2025-12-18 16:40:00+00:00,turnover_limit,0.0,,2953.07,2953.07,0.07802727331218007,-0.10865980149471566,0.0,0.07802727331218007,-0.10865980149471566
ETH/USDT,2025-12-18 16:42:00+00:00,2025-12-18 16:42:00+00:00,turnover_limit,0.0,,2948.71,2948.71,0.0796212581094784,-0.10734185457369494,0.0,0.0796212581094784,-0.10734185457369494
ETH/USDT,2025-12-18 16:43:00+00:00,2025-12-18 16:43:00+00:00,turnover_limit,0.0,,2950.33,2950.33,0.07902844766517636,-0.10783200523331282,0.0,0.07902844766517636,-0.10783200523331282
ETH/USDT,2025-12-18 16:44:00+00:00,2025-12-18 16:44:00+00:00,turnover_limit,0.0,,2951.11,2951.11,0.07874325253887515,-0.10806781177251956,0.0,0.07874325253887515,-0.10806781177251956
ETH/USDT,2025-12-18 16:45:00+00:00,2025-12-18 16:45:00+00:00,turnover_limit,0.0,,2950.13,2950.13,0.07910159891259028,-0.10777152193293182,0.0,0.07910159891259028,-0.10777152193293182
ETH/USDT,2025-12-18 16:48:00+00:00,2025-12-18 16:48:00+00:00,turnover_limit,0.0,,2946.31,2946.31,0.08050069408853777,-0.10661471467700268,0.0,0.08050069408853777,-0.10661471467700268
ETH/USDT,2025-12-18 16:49:00+00:00,2025-12-18 16:49:00+00:00,turnover_limit,0.0,,2944.86,2944.86,0.0810327146281995,-0.1061748266471072,0.0,0.0810327146281995,-0.1061748266471072
ETH/USDT,2025-12-18 16:50:00+00:00,2025-12-18 16:50:00+00:00,turnover_limit,0.0,,2945.5,2945.5,0.08079782719402462,-0.10636903751485316,0.0,0.08079782719402462,-0.10636903751485316
ETH/USDT,2025-12-18 16:51:00+00:00,2025-12-18 16:51:00+00:00,turnover_limit,0.0,,2946.8,2946.8,0.08032102619790948,-0.10676326863037877,0.0,0.08032102619790948,-0.10676326863037877
ETH/USDT,2025-12-18 16:53:00+00:00,2025-12-18 16:53:00+00:00,turnover_limit,0.0,,2947.95,2947.95,0.07989959124137114,-0.10711172170491357,0.0,0.07989959124137114,-0.10711172170491357
ETH/USDT,2025-12-18 16:56:00+00:00,2025-12-18 16:56:00+00:00,turnover_limit,0.0,,2943.65,2943.65,0.08147707777758884,-0.105807415963175,0.0,0.08147707777758884,-0.105807415963175
ETH/USDT,2025-12-18 17:48:00+00:00,2025-12-18 17:48:00+00:00,dry_run,0.0,,2842.0,2842.0,0.008318085855031576,-0.004384236453201962,0.0,0.008318085855031576,-0.004384236453201962
ETH/USDT,2025-12-18 17:48:00+00:00,2025-12-18 17:53:00+00:00,gate_close,-0.0207788587931789,5.0,2842.0,2834.62,0.008318085855031576,-0.004384236453201962,-0.002596762843068312,0.010943265764017829,-0.003668922113016948
ETH/USDT,2025-12-18 17:48:00+00:00,2025-12-18 17:56:00+00:00,prob_floor,-0.0302988923630908,8.0,2842.0,2837.77,0.008318085855031576,-0.004384236453201962,-0.001488388458831813,0.009821091913720936,-0.006614348590618713
ETH/USDT,2025-12-18 17:48:00+00:00,2025-12-18 17:57:00+00:00,trailing_prob_drop,-0.0393989244820619,9.0,2842.0,2836.96,0.008318085855031576,-0.004384236453201962,-0.001773399014778354,0.010109412892673753,-0.006330720207546103
ETH/USDT,2025-12-18 17:48:00+00:00,2025-12-18 17:58:00+00:00,trailing_prob_drop,-0.0257494601738281,10.0,2842.0,2839.05,0.008318085855031576,-0.004384236453201962,-0.0010380014074594657,0.009365808985399848,-0.007062221517761258
ETH/USDT,2025-12-18 17:48:00+00:00,2025-12-18 17:59:00+00:00,take_profit,0.0162511999999991,11.0,2842.0,2845.09,0.008318085855031576,-0.004384236453201962,0.0010872624912035,0.007222970099364012,-0.009170184422988448
ETH/USDT,2025-12-18 18:00:00+00:00,2025-12-18 18:00:00+00:00,cooldown_after_exit,0.0,,2841.45,2841.45,0.008513259075471957,-0.007900895669464503,0.0,0.008513259075471957,-0.007900895669464503
ETH/USDT,2025-12-18 18:05:00+00:00,2025-12-18 18:05:00+00:00,dry_run,0.0,,2838.4,2838.4,0.009596956031566961,-0.009124859075535507,0.0,0.009596956031566961,-0.009124859075535507
ETH/USDT,2025-12-18 18:05:00+00:00,2025-12-18 18:08:00+00:00,take_profit,0.0170263002761146,3.0,2838.4,2841.43,0.009596956031566961,-0.009124859075535507,0.0010675028184892188,0.008520357707210824,-0.010181493121421248
ETH/USDT,2025-12-18 18:05:00+00:00,2025-12-18 18:11:00+00:00,take_profit,0.0300462260000008,6.0,2838.4,2843.28,0.009596956031566961,-0.009124859075535507,0.0017192784667419136,0.00786415688922637,-0.0108255254494809
ETH/USDT,2025-12-18 18:12:00+00:00,2025-12-18 18:12:00+00:00,cooldown_after_exit,0.0,,2856.57,2856.57,0.0031751366148911053,-0.015427593232443138,0.0,0.0031751366148911053,-0.015427593232443138
ETH/USDT,2025-12-18 18:13:00+00:00,2025-12-18 18:13:00+00:00,dry_run,0.0,,2860.45,2860.45,0.0018143998321942245,-0.01676309671555165,0.0,0.0018143998321942245,-0.01676309671555165
ETH/USDT,2025-12-18 18:13:00+00:00,2025-12-18 18:28:00+00:00,prob_floor,-0.1262529721486497,15.0,2860.45,2840.19,0.0018143998321942245,-0.01676309671555165,-0.007082801657081861,0.004063108454011921,-0.00974934775490377
ETH/USDT,2025-12-18 18:13:00+00:00,2025-12-18 18:29:00+00:00,prob_floor,-0.1270929751278506,16.0,2860.45,2839.86,0.0018143998321942245,-0.01676309671555165,-0.007198168120400528,0.004179783510454671,-0.009634277746086162
ETH/USDT,2025-12-18 18:13:00+00:00,2025-12-18 18:30:00+00:00,prob_floor,-0.0907328464392306,17.0,2860.45,2845.91,0.0018143998321942245,-0.01676309671555165,-0.005083116292890932,0.0020450400750551267,-0.011739654451475956
ETH/USDT,2025-12-18 18:13:00+00:00,2025-12-18 18:32:00+00:00,prob_floor,-0.1137129277083204,19.0,2860.45,2842.09,0.0018143998321942245,-0.01676309671555165,-0.006418570504640786,0.003391870067450231,-0.010411352209113711
ETH/USDT,2025-12-18 18:13:00+00:00,2025-12-18 18:33:00+00:00,prob_floor,-0.1272129755534747,20.0,2860.45,2839.84,0.0018143998321942245,-0.01676309671555165,-0.0072051600272683425,0.004186855597498429,-0.009627302946644933
ETH/USDT,2025-12-18 18:13:00+00:00,2025-12-18 18:35:00+00:00,prob_floor,-0.1148529317456495,22.0,2860.45,2841.9,0.0018143998321942245,-0.01676309671555165,-0.00648499361988486,0.003458953517013308,-0.010345191597170955
ETH/USDT,2025-12-18 18:13:00+00:00,2025-12-18 18:36:00+00:00,prob_floor,-0.0949341400210875,23.0,2860.45,2845.29,0.0018143998321942245,-0.01676309671555165,-0.0052998654057927475,0.0022633896720545277,-0.011524308594203059
ETH/USDT,2025-12-18 18:13:00+00:00,2025-12-18 18:40:00+00:00,trailing_prob_drop,-0.0711127772257341,27.0,2860.45,2850.03,0.0018143998321942245,-0.01676309671555165,-0.0036427834781239676,0.0005964849492812174,-0.0170559608144476
ETH/USDT,2025-12-18 18:13:00+00:00,2025-12-18 18:45:00+00:00,trailing_prob_drop,-0.1070529041326015,32.0,2860.45,2843.2,0.0018143998321942245,-0.01676309671555165,-0.0060305196734778965,0.00019344400675302964,-0.04792839054586384
ETH/USDT,2025-12-18 18:13:00+00:00,2025-12-18 18:46:00+00:00,trailing_prob_drop,-0.1354330047230077,33.0,2860.45,2838.47,0.0018143998321942245,-0.01676309671555165,-0.0076841056477128244,0.0016663906963962916,-0.04634186727356637
ETH/USDT,2025-12-18 18:13:00+00:00,2025-12-18 18:48:00+00:00,prob_floor,-0.1761731497097977,35.0,2860.45,2831.68,0.0018143998321942245,-0.01676309671555165,-0.010057858029331013,0.0006427279918634898,-0.04405511922251104
ETH/USDT,2025-12-18 18:13:00+00:00,2025-12-18 18:49:00+00:00,prob_floor,-0.1772531535628014,36.0,2860.45,2831.5,0.0018143998321942245,-0.01676309671555165,-0.010120785191141235,0.0007063393960797804,-0.04399434928483137
ETH/USDT,2025-12-18 18:13:00+00:00,2025-12-18 18:50:00+00:00,prob_floor,-0.1678331199725744,37.0,2860.45,2833.06,0.0018143998321942245,-0.01676309671555165,-0.00957541645545279,0.00015530910040739698,-0.04452076553267492
ETH/USDT,2025-12-18 18:13:00+00:00,2025-12-18 18:51:00+00:00,prob_floor,-0.1813931683371654,38.0,2860.45,2830.81,0.0018143998321942245,-0.01676309671555165,-0.010362005978080346,0.0007983580671258039,-0.043761326263507705
ETH/USDT,2025-12-18 18:13:00+00:00,2025-12-18 18:53:00+00:00,prob_floor,-0.2194933046430917,40.0,2860.45,2824.46,0.0018143998321942245,-0.01676309671555165,-0.012581936408606942,0.002492511842971723,-0.04161149387847596
ETH/USDT,2025-12-18 18:13:00+00:00,2025-12-18 18:54:00+00:00,prob_floor,-0.219073303137165,41.0,2860.45,2824.52,0.0018143998321942245,-0.01676309671555165,-0.012560960688003608,0.0024712163482645266,-0.04163185249175083
ETH/USDT,2025-12-18 18:13:00+00:00,2025-12-18 18:56:00+00:00,prob_floor,-0.2173955645853753,43.0,2860.45,2824.86,0.0018143998321942245,-0.01676309671555165,-0.012442098271250868,0.0023505589657539794,-0.041747201631231357
ETH/USDT,2025-12-18 18:13:00+00:00,2025-12-18 18:58:00+00:00,prob_floor,-0.2016132405996613,45.0,2860.45,2827.44,0.0018143998321942245,-0.01676309671555165,-0.011540142285304644,0.0014359279065161434,-0.04262159409218236
ETH/USDT,2025-12-18 18:13:00+00:00,2025-12-18 18:59:00+00:00,prob_floor,-0.2037732483292767,46.0,2860.45,2827.08,0.0018143998321942245,-0.01676309671555165,-0.011665996608925089,0.0015634506275026272,-0.042499681650324805
ETH/USDT,2025-12-18 18:13:00+00:00,2025-12-18 19:00:00+00:00,prob_floor,-0.2163132932429349,47.0,2860.45,2824.98,0.0018143998321942245,-0.01676309671555165,-0.0124001468300442,0.002307980941457899,-0.041787906463054636
ETH/USDT,2025-12-18 18:13:00+00:00,2025-12-18 19:01:00+00:00,prob_floor,-0.2325733515793114,48.0,2860.45,2822.27,0.0018143998321942245,-0.01676309671555165,-0.013347550210631165,0.003270417075616372,-0.04086781208034673
ETH/USDT,2025-12-18 18:13:00+00:00,2025-12-18 19:02:00+00:00,prob_floor,-0.2536934275194902,49.0,2860.45,2815.61,0.0018143998321942245,-0.01676309671555165,-0.015675855197608612,0.005643537279665711,-0.038599095755449175
ETH/USDT,2025-12-18 18:13:00+00:00,2025-12-18 19:03:00+00:00,prob_floor,-0.2911935628248485,50.0,2860.45,2818.75,0.0018143998321942245,-0.01676309671555165,-0.014578125819364018,0.004523281596452433,-0.03967006651884708
ETH/USDT,2025-12-18 18:13:00+00:00,2025-12-18 19:05:00+00:00,prob_floor,-0.2570534396183698,52.0,2860.45,2818.19,0.0018143998321942245,-0.01676309671555165,-0.014773899211662389,0.004722889514191753,-0.039479240221560685
ETH/USDT,2025-12-18 18:13:00+00:00,2025-12-18 19:06:00+00:00,prob_floor,-0.2333549812022652,53.0,2860.45,2822.18,0.0018143998321942245,-0.01676309671555165,-0.013379013791536276,0.0033024116108824053,-0.04083722512384047
ETH/USDT,2025-12-18 18:13:00+00:00,2025-12-18 19:07:00+00:00,prob_floor,-0.2402533791719958,54.0,2860.45,2820.99,0.0018143998321942245,-0.01676309671555165,-0.013795032250170425,0.0037256424163150115,-0.040432614082290264
ETH/USDT,2025-12-18 18:13:00+00:00,2025-12-18 19:08:00+00:00,trailing_prob_drop,-0.2259133276715329,55.0,2860.45,2823.61,0.0018143998321942245,-0.01676309671555165,-0.01287909245048846,0.0027942952461563753,-0.04132298723973926
ETH/USDT,2025-12-18 18:13:00+00:00,2025-12-18 19:12:00+00:00,trailing_prob_drop,-0.2362933649413877,59.0,2860.45,2821.66,0.0018143998321942245,-0.01676309671555165,-0.013560803370099128,0.00281749041344459,-0.040660462281068566
ETH/USDT,2025-12-18 18:13:00+00:00,2025-12-18 19:14:00+00:00,prob_floor,-0.2584934448050816,61.0,2860.45,2817.96,0.0018143998321942245,-0.01676309671555165,-0.014854306140642093,0.0041341963690044725,-0.03940084316313941
ETH/USDT,2025-12-18 18:13:00+00:00,2025-12-18 19:15:00+00:00,prob_floor,-0.2533334262234668,62.0,2860.45,2818.82,0.0018143998321942245,-0.01676309671555165,-0.014553654145326611,0.003827842856230612,-0.039693914474851266
ETH/USDT,2025-12-18 18:13:00+00:00,2025-12-18 19:16:00+00:00,trailing_prob_drop,-0.2654534698866269,63.0,2860.45,2816.79,0.0018143998321942245,-0.01676309671555165,-0.015263332692408538,0.004551280003124214,-0.039001842522871866
ETH/USDT,2025-12-18 18:13:00+00:00,2025-12-18 19:20:00+00:00,trailing_prob_drop,-0.2222533145410329,67.0,2860.45,2823.99,0.0018143998321942245,-0.01676309671555165,-0.012746246220000312,0.0019900920329039007,-0.08190893027241597
ETH/USDT,2025-12-18 18:13:00+00:00,2025-12-18 19:23:00+00:00,trailing_prob_drop,-0.2320933498556001,70.0,2860.45,2822.36,0.0018143998321942245,-0.01676309671555165,-0.013316086629725943,0.0025687722331666496,-0.08137870434671701
ETH/USDT,2025-12-18 18:13:00+00:00,2025-12-18 19:24:00+00:00,prob_floor,-0.2187133018464312,71.0,2860.45,2821.64,0.0018143998321942245,-0.01676309671555165,-0.013567795276966943,0.002824598460469785,-0.0811442990601211
ETH/USDT,2025-12-18 18:13:00+00:00,2025-12-18 19:26:00+00:00,trailing_prob_drop,-0.2569934394022804,73.0,2860.45,2818.21,0.0018143998321942245,-0.01676309671555165,-0.014766907304794574,0.004045120839114125,-0.08002597393380917
ETH/USDT,2025-12-18 18:13:00+00:00,2025-12-18 19:35:00+00:00,prob_floor,-0.2325230373135175,82.0,2860.45,2822.4,0.0018143998321942245,-0.01676309671555165,-0.013302102815990424,4.60600907030706e-05,-0.0813917233560092
ETH/USDT,2025-12-18 18:13:00+00:00,2025-12-18 19:36:00+00:00,trailing_prob_drop,-0.2677334781074889,83.0,2860.45,2816.42,0.0018143998321942245,-0.01676309671555165,-0.015392682969462723,0.0021694207540068344,-0.07944127651415633
ETH/USDT,2025-12-18 18:13:00+00:00,2025-12-18 19:37:00+00:00,prob_floor,-0.2665334737804388,84.0,2860.45,2816.62,0.0018143998321942245,-0.01676309671555165,-0.015322763900784797,0.00098344824647989,-0.07950664271360708
ETH/USDT,2025-12-18 18:13:00+00:00,2025-12-18 19:39:00+00:00,prob_floor,-0.2844735385339206,86.0,2860.45,2813.62,0.0018143998321942245,-0.01676309671555165,-0.01637154993095491,0.00043005096637083184,-0.07852517397516368
ETH/USDT,2025-12-18 18:13:00+00:00,2025-12-18 19:40:00+00:00,prob_floor,-0.3606442155286379,87.0,2860.45,2801.42,0.0018143998321942245,-0.01676309671555165,-0.020636613120313174,0.004508427868723741,-0.07451221166408473
ETH/USDT,2025-12-18 18:13:00+00:00,2025-12-18 19:41:00+00:00,prob_floor,-0.3502337770725731,88.0,2860.45,2807.84,0.0018143998321942245,-0.01676309671555165,-0.01839221101574917,0.0015243033791099148,-0.07662829790871284
ETH/USDT,2025-12-18 18:13:00+00:00,2025-12-18 19:43:00+00:00,time_limit,-0.3571925400000002,90.0,2860.45,2801.49,0.0018143998321942245,-0.01676309671555165,-0.02061214144627599,0.003794409403567345,-0.07453533655304856
ETH/USDT,2025-12-18 20:03:00+00:00,2025-12-18 20:03:00+00:00,dry_run,0.0,,2807.37,2807.37,0.0016919750513826326,-0.07647371026975425,0.0,0.0016919750513826326,-0.07647371026975425
ETH/USDT,2025-12-18 20:03:00+00:00,2025-12-18 20:09:00+00:00,gate_close,-0.0488706460629761,6.0,2807.37,2798.39,0.0016919750513826326,-0.07647371026975425,-0.003198723360298028,0.004641954838317863,-0.07351012546499958
ETH/USDT,2025-12-18 20:03:00+00:00,2025-12-18 20:10:00+00:00,gate_close,-0.0145005232951499,7.0,2807.37,2800.48,0.0016919750513826326,-0.07647371026975425,-0.002454254337689643,0.003892189910301047,-0.0742015654459236
ETH/USDT,2025-12-18 20:03:00+00:00,2025-12-18 20:13:00+00:00,take_profit,0.017069514,10.0,2807.37,2810.49,0.0016919750513826326,-0.07647371026975425,0.0011113604548027567,0.0003166707584798534,-0.077498941465723
ETH/USDT,2025-12-18 20:15:00+00:00,2025-12-18 20:15:00+00:00,dry_run,0.0,,2804.18,2804.18,0.00256759551811947,-0.07542311834475679,0.0,0.00256759551811947,-0.07542311834475679
ETH/USDT,2025-12-18 20:15:00+00:00,2025-12-18 20:18:00+00:00,trailing_prob_drop,0.0046841790648152,3.0,2804.18,2804.53,0.00256759551811947,-0.07542311834475679,0.0001248136710199077,0.002442476992579934,-0.008521927025205711
ETH/USDT,2025-12-18 20:15:00+00:00,2025-12-18 20:19:00+00:00,trailing_prob_drop,-0.0053258566184124,4.0,2804.18,2803.99,0.00256759551811947,-0.07542311834475679,-6.775599283925793e-05,0.0032846051519441755,-0.008330985488535836
ETH/USDT,2025-12-18 20:15:00+00:00,2025-12-18 20:20:00+00:00,trailing_prob_drop,-0.0018258441376238,5.0,2804.18,2804.5,0.00256759551811947,-0.07542311834475679,0.00011411535636085546,0.003836691032269579,-0.00851132109110353
ETH/USDT,2025-12-18 20:15:00+00:00,2025-12-18 20:22:00+00:00,trailing_prob_drop,-0.0252759278439865,7.0,2804.18,2801.15,0.00256759551811947,-0.07542311834475679,-0.0010805297805418501,0.005037216857362248,-0.007325562715313372
ETH/USDT,2025-12-18 20:15:00+00:00,2025-12-18 20:23:00+00:00,trailing_prob_drop,-0.0108558763471328,8.0,2804.18,2803.21,0.00256759551811947,-0.07542311834475679,-0.0003459121739688431,0.004298643341027031,-0.008055051173476047
ETH/USDT,2025-12-18 20:15:00+00:00,2025-12-18 20:24:00+00:00,take_profit,0.010704148000001,9.0,2804.18,2806.29,0.00256759551811947,-0.07542311834475679,0.0007524481310043907,0.003196390964583129,-0.00914374494439274
ETH/USDT,2025-12-18 20:44:00+00:00,2025-12-18 20:44:00+00:00,dry_run,0.0,,2793.0,2793.0,0.013451485857501,-0.004428929466523401,0.0,0.013451485857501,-0.004428929466523401
ETH/USDT,2025-12-18 20:44:00+00:00,2025-12-18 20:48:00+00:00,gate_close,-0.0244202731339746,4.0,2793.0,2790.16,0.013451485857501,-0.004428929466523401,-0.0010168277837451223,0.014483040399116964,-0.0034155747340652853
ETH/USDT,2025-12-18 20:44:00+00:00,2025-12-18 20:52:00+00:00,prob_floor,-0.0459803505738254,8.0,2793.0,2787.01,0.013451485857501,-0.004428929466523401,-0.002144647332617211,0.01562965328434407,-0.0022891916426565073
ETH/USDT,2025-12-18 20:44:00+00:00,2025-12-18 20:54:00+00:00,prob_floor,-0.0476603566152837,10.0,2793.0,2786.76,0.013451485857501,-0.004428929466523401,-0.00223415682062289,0.015720765333218534,-0.0021996870918199463
ETH/USDT,2025-12-18 20:44:00+00:00,2025-12-18 20:55:00+00:00,prob_floor,-0.0770604625095928,11.0,2793.0,2782.56,0.013451485857501,-0.004428929466523401,-0.0037379162191192306,0.017253895693174703,-0.0006936058881029661
ETH/USDT,2025-12-18 20:44:00+00:00,2025-12-18 20:57:00+00:00,prob_floor,-0.0740504516533477,13.0,2793.0,2782.99,0.013451485857501,-0.004428929466523401,-0.003583959899749467,0.017096719715126607,-0.0005066493232098734
ETH/USDT,2025-12-18 20:44:00+00:00,2025-12-18 20:59:00+00:00,prob_floor,-0.0650904193569258,15.0,2793.0,2784.28,0.013451485857501,-0.004428929466523401,-0.0031220909416397324,0.01663266625483062,-0.0008547990862988186
ETH/USDT,2025-12-18 20:44:00+00:00,2025-12-18 21:00:00+00:00,take_profit,0.0416598000000015,16.0,2793.0,2799.51,0.013451485857501,-0.004428929466523401,0.0023308270676691834,0.01205210911909571,-0.005722429996678158
ETH/USDT,2025-12-18 21:01:00+00:00,2025-12-18 21:01:00+00:00,cooldown_after_exit,0.0,,2807.1,2807.1,0.009315663852374367,-0.002703858074168952,0.0,0.009315663852374367,-0.002703858074168952
ETH/USDT,2025-12-18 21:03:00+00:00,2025-12-18 21:03:00+00:00,dry_run,0.0,,2804.3,2804.3,0.010323431872481414,-0.0012908747280963029,0.0,0.010323431872481414,-0.0012908747280963029
ETH/USDT,2025-12-18 21:03:00+00:00,2025-12-18 21:08:00+00:00,take_profit,0.0149740477053757,5.0,2804.3,2807.02,0.010323431872481414,-0.0012908747280963029,0.00096993902221576,0.010452365854179968,-0.002258623023704942
ETH/USDT,2025-12-18 21:03:00+00:00,2025-12-18 21:16:00+00:00,prob_trailing,0.0009039799999971,13.0,2804.3,2804.99,0.010323431872481414,-0.0012908747280963029,0.0002460507078414498,0.011183640583388943,-0.0005347612647460531
ETH/USDT,2025-12-18 21:19:00+00:00,2025-12-18 21:19:00+00:00,dry_run,0.0,,2811.71,2811.71,0.008766906971202637,-0.0029234878419183152,0.0,0.008766906971202637,-0.0029234878419183152
ETH/USDT,2025-12-18 21:19:00+00:00,2025-12-18 21:29:00+00:00,take_profit,0.071943606000001,10.0,2811.71,2822.55,0.008766906971202637,-0.0029234878419183152,0.003855305134597753,0.004892738835450272,-0.0031815202565056433
ETH/USDT,2025-12-18 21:30:00+00:00,2025-12-18 21:30:00+00:00,cooldown_after_exit,0.0,,2820.32,2820.32,0.005687297895274224,-0.002393345435978911,0.0,0.005687297895274224,-0.002393345435978911
ETH/USDT,2025-12-18 21:31:00+00:00,2025-12-18 21:31:00+00:00,dry_run,0.0,,2820.28,2820.28,0.005701561547080347,-0.0023791963918475822,0.0,0.005701561547080347,-0.0023791963918475822
ETH/USDT,2025-12-18 21:31:00+00:00,2025-12-18 21:32:00+00:00,take_profit,0.012991654384909,1.0,2820.28,2822.73,0.005701561547080347,-0.0023791963918475822,0.0008687080715388262,0.004828658780684059,-0.0032450854314793887
ETH/USDT,2025-12-18 21:31:00+00:00,2025-12-18 21:33:00+00:00,take_profit,0.0423217580480854,2.0,2820.28,2826.92,0.005701561547080347,-0.0023791963918475822,0.00235437616123213,0.0033393233625289565,-0.004722454119677866
ETH/USDT,2025-12-18 21:31:00+00:00,2025-12-18 21:34:00+00:00,take_profit,0.0666818439121125,3.0,2820.28,2830.4,0.005701561547080347,-0.0023791963918475822,0.0035882961975406413,0.0021057094403618137,-0.005946156020350424
ETH/USDT,2025-12-18 21:31:00+00:00,2025-12-18 21:35:00+00:00,take_profit,0.055411804213929,4.0,2820.28,2829.09,0.005701561547080347,-0.0023791963918475822,0.003123803310309592,0.0025697309028698267,-0.005485862945328712
ETH/USDT,2025-12-18 21:31:00+00:00,2025-12-18 21:36:00+00:00,take_profit,0.0328717246818265,5.0,2820.28,2825.57,0.005701561547080347,-0.0023791963918475822,0.001875700285077997,0.0038186985280845853,-0.004246930707786367
ETH/USDT,2025-12-18 21:31:00+00:00,2025-12-18 21:37:00+00:00,gate_close,-0.0002383924756375,6.0,2820.28,2824.38,0.005701561547080347,-0.0023791963918475822,0.0014537563646161988,0.004241638872956255,-0.0038273886658310996
ETH/USDT,2025-12-18 21:31:00+00:00,2025-12-18 21:38:00+00:00,gate_close,-0.0158484478469439,7.0,2820.28,2820.97,0.005701561547080347,-0.0023791963918475822,0.00024465655892313976,0.005455570247113739,-0.002623211164953787
ETH/USDT,2025-12-18 21:31:00+00:00,2025-12-18 21:44:00+00:00,prob_floor,-0.0448285508765551,13.0,2820.28,2815.54,0.005701561547080347,-0.0023791963918475822,-0.0016806841873857614,0.00739467384586967,-0.0005647229305923984
ETH/USDT,2025-12-18 21:31:00+00:00,2025-12-18 21:45:00+00:00,take_profit,0.0372815939999991,14.0,2820.28,2819.48,0.005701561547080347,-0.0023791963918475822,-0.0002836597784617867,0.005986919573822247,-0.0017769234043157889
ETH/USDT,2025-12-18 21:47:00+00:00,2025-12-18 21:47:00+00:00,dry_run,0.0,,2823.79,2823.79,0.0044514641669530786,-0.001356333155085876,0.0,0.0044514641669530786,-0.001356333155085876
ETH/USDT,2025-12-18 21:47:00+00:00,2025-12-18 21:49:00+00:00,prob_floor,-0.0147333578240987,2.0,2823.79,2822.71,0.0044514641669530786,-0.001356333155085876,-0.0003824647016952287,0.004835778383184941,-0.16876689422576185
ETH/USDT,2025-12-18 21:47:00+00:00,2025-12-18 21:50:00+00:00,prob_floor,-0.0197733756962367,3.0,2823.79,2821.56,0.0044514641669530786,-0.001356333155085876,-0.0007897187822040186,0.0052453252810502615,-0.16842810360226257
ETH/USDT,2025-12-18 21:47:00+00:00,2025-12-18 21:54:00+00:00,take_profit,0.0146666799999989,7.0,2823.79,2826.47,0.0044514641669530786,-0.001356333155085876,0.000949079074576975,0.003499064203759561,-0.16987266802761036
ETH/USDT,2025-12-18 21:55:00+00:00,2025-12-18 21:55:00+00:00,cooldown_after_exit,0.0,,2826.02,2826.02,0.0036588559175094737,-0.16974048308221457,0.0,0.0036588559175094737,-0.16974048308221457
ETH/USDT,2025-12-18 21:57:00+00:00,2025-12-18 21:57:00+00:00,dry_run,0.0,,2828.79,2828.79,0.002676055840129532,-0.17055348753353905,0.0,0.002676055840129532,-0.17055348753353905
ETH/USDT,2025-12-18 21:57:00+00:00,2025-12-18 22:05:00+00:00,take_profit,0.0451096799999983,8.0,2828.79,2836.36,0.002676055840129532,-0.17055348753353905,0.002676055840129532,0.0,-0.17276720867590867
ETH/USDT,2025-12-18 22:07:00+00:00,2025-12-18 22:07:00+00:00,dry_run,0.0,,2833.7,2833.7,0.0004975826657727112,-0.17199068355859826,0.0,0.0004975826657727112,-0.17199068355859826
ETH/USDT,2025-12-18 22:07:00+00:00,2025-12-18 22:13:00+00:00,trailing_prob_drop,-0.0841874778677415,6.0,2833.7,2822.27,0.0004975826657727112,-0.17199068355859826,-0.004033595652327304,0.003964893507708345,-0.16863730259684584
ETH/USDT,2025-12-18 22:07:00+00:00,2025-12-18 22:15:00+00:00,prob_floor,-0.0749474450106855,8.0,2833.7,2823.58,0.0004975826657727112,-0.17199068355859826,-0.0035713025373186325,0.003499103974387241,-0.16902301333767766
ETH/USDT,2025-12-18 22:07:00+00:00,2025-12-18 22:16:00+00:00,prob_floor,-0.0695574258582497,9.0,2833.7,2824.33,0.0004975826657727112,-0.17199068355859826,-0.003306630906588559,0.0032326250827630076,-0.16924367903184123
ETH/USDT,2025-12-18 22:07:00+00:00,2025-12-18 22:17:00+00:00,trailing_prob_drop,-0.0634674042310467,10.0,2833.7,2825.23,0.0004975826657727112,-0.17199068355859826,-0.0029890249497123156,0.002913037168655208,-0.16950832321616294
ETH/USDT,2025-12-18 22:07:00+00:00,2025-12-18 22:18:00+00:00,trailing_prob_drop,-0.0580073848524595,11.0,2833.7,2826.73,0.0004975826657727112,-0.17199068355859826,-0.002459681688252058,0.0023808428820579763,-0.16994902236860265
ETH/USDT,2025-12-18 22:07:00+00:00,2025-12-18 22:20:00+00:00,prob_floor,-0.0520573637469473,13.0,2833.7,2826.85,0.0004975826657727112,-0.17199068355859826,-0.002417334227335255,0.002338291738153808,-0.16998425809646778
ETH/USDT,2025-12-18 22:07:00+00:00,2025-12-18 22:21:00+00:00,prob_floor,-0.0674574183990838,14.0,2833.7,2826.02,0.0004975826657727112,-0.17199068355859826,-0.0027102374986766042,0.002632677758827029,-0.16974048308221457
ETH/USDT,2025-12-18 22:07:00+00:00,2025-12-18 22:22:00+00:00,prob_floor,-0.0881074918163942,15.0,2833.7,2821.71,0.0004975826657727112,-0.17199068355859826,-0.004231217136605792,0.00416414160207812,-0.16847230934433377
ETH/USDT,2025-12-18 22:07:00+00:00,2025-12-18 22:23:00+00:00,prob_floor,-0.0661274136757674,16.0,2833.7,2824.84,0.0004975826657727112,-0.17199068355859826,-0.0031266541976919804,0.0030515002619617704,-0.16939366477393414
ETH/USDT,2025-12-18 22:07:00+00:00,2025-12-18 22:24:00+00:00,prob_floor,-0.0783774572040342,17.0,2833.7,2822.82,0.0004975826657727112,-0.17199068355859826,-0.0038395031231250876,0.003769280365025107,-0.16879928582056247
ETH/USDT,2025-12-18 22:07:00+00:00,2025-12-18 22:26:00+00:00,prob_floor,-0.0810374666630195,19.0,2833.7,2822.95,0.0004975826657727112,-0.17199068355859826,-0.003793626707132014,0.003723055668715336,-0.1688375635416851
ETH/USDT,2025-12-18 22:07:00+00:00,2025-12-18 22:28:00+00:00,trailing_prob_drop,-0.0734774397862577,21.0,2833.7,2821.49,0.0004975826657727112,-0.17199068355859826,-0.004308854148286745,0.004242439278537402,-0.16840747264743094
ETH/USDT,2025-12-18 22:07:00+00:00,2025-12-18 22:36:00+00:00,trailing_prob_drop,-0.0609473952857537,29.0,2833.7,2825.56,0.0004975826657727112,-0.17199068355859826,-0.002872569432191052,0.002795905944308341,-0.1696053171760642
ETH/USDT,2025-12-18 22:07:00+00:00,2025-12-18 22:44:00+00:00,trailing_prob_drop,-0.0590573885782805,37.0,2833.7,2825.85,0.0004975826657727112,-0.17199068355859826,-0.002770229734975427,0.0026929950280447645,-0.16969053559106106
ETH/USDT,2025-12-18 22:07:00+00:00,2025-12-18 22:45:00+00:00,prob_floor,-0.0678774198907889,38.0,2833.7,2825.0,0.0004975826657727112,-0.17199068355859826,-0.0030701909164695396,0.0029946902654867102,-0.16944070796460176
ETH/USDT,2025-12-18 22:07:00+00:00,2025-12-18 22:47:00+00:00,prob_floor,-0.0618573985157359,40.0,2833.7,2825.45,0.0004975826657727112,-0.17199068355859826,-0.0029113879380315844,0.0028349466456671912,-0.1695729883735334
ETH/USDT,2025-12-18 22:07:00+00:00,2025-12-18 22:48:00+00:00,trailing_prob_drop,-0.0538773702013989,41.0,2833.7,2826.59,0.0004975826657727112,-0.17199068355859826,-0.002509087059321624,0.0024304904496230684,-0.16990791023813157
ETH/USDT,2025-12-18 22:07:00+00:00,2025-12-18 22:49:00+00:00,trailing_prob_drop,-0.0404373225656932,42.0,2833.7,2828.51,0.0004975826657727112,-0.17199068355859826,-0.0018315276846524453,0.0017500380058759202,-0.17047137892388586
ETH/USDT,2025-12-18 22:07:00+00:00,2025-12-18 22:50:00+00:00,trailing_prob_drop,-0.0518473630022741,43.0,2833.7,2826.88,0.0004975826657727112,-0.17199068355859826,-0.0024067473621059987,0.0023276545166401874,-0.000979878877065854
ETH/USDT,2025-12-18 22:07:00+00:00,2025-12-18 22:51:00+00:00,trailing_prob_drop,-0.0494673545638069,44.0,2833.7,2827.22,0.0004975826657727112,-0.17199068355859826,-0.0022867628895084646,0.0022071151166163094,-0.0011000205148519182
ETH/USDT,2025-12-18 22:07:00+00:00,2025-12-18 22:57:00+00:00,trailing_prob_drop,-0.0391073178552654,50.0,2833.7,2829.47,0.0004975826657727112,-0.17199068355859826,-0.0014927479973180224,0.0014101580861434204,-0.0018943477046936552
ETH/USDT,2025-12-18 22:07:00+00:00,2025-12-18 23:01:00+00:00,gate_close,-0.0223072584094821,54.0,2833.7,2828.04,0.0004975826657727112,-0.17199068355859826,-0.001997388573243386,0.0019165216899337256,-0.0013896550260957818
ETH/USDT,2025-12-18 22:07:00+00:00,2025-12-18 23:02:00+00:00,gate_close,-0.0197872495013024,55.0,2833.7,2831.1,0.0004975826657727112,-0.17199068355859826,-0.000917528319864469,0.0008335982480307536,-0.002469004980396261
ETH/USDT,2025-12-18 22:07:00+00:00,2025-12-18 23:03:00+00:00,gate_close,-0.0200672504909876,56.0,2833.7,2831.47,0.0004975826657727112,-0.17199068355859826,-0.0007869569820376787,0.0007028151454899767,-0.0025993565179922573
ETH/USDT,2025-12-18 22:07:00+00:00,2025-12-18 23:08:00+00:00,trailing_prob_drop,-0.0411373250451287,61.0,2833.7,2828.89,0.0004975826657727112,-0.17199068355859826,-0.0016974273917492733,0.0015164958694044994,-0.001689708684324831
ETH/USDT,2025-12-18 22:07:00+00:00,2025-12-18 23:10:00+00:00,trailing_prob_drop,-0.0155872346593796,63.0,2833.7,2832.07,0.0004975826657727112,-0.17199068355859826,-0.0005752196774533314,0.00039193946477289465,-0.0028106649906252112
ETH/USDT,2025-12-18 22:07:00+00:00,2025-12-18 23:18:00+00:00,trailing_prob_drop,-0.0174772413374682,71.0,2833.7,2831.8,0.0004975826657727112,-0.17199068355859826,-0.0006705014645161933,0.00038138286602151794,-0.00271558725898724
ETH/USDT,2025-12-18 22:07:00+00:00,2025-12-18 23:19:00+00:00,trailing_prob_drop,-0.0300072856429494,72.0,2833.7,2832.49,0.0004975826657727112,-0.17199068355859826,-0.00042700356424463237,0.0,-0.0029585276558786733
ETH/USDT,2025-12-18 22:07:00+00:00,2025-12-18 23:20:00+00:00,prob_floor,-0.0186672455428445,73.0,2833.7,2830.01,0.0004975826657727112,-0.17199068355859826,-0.0013021844231921875,0.0008127179762613679,-0.002084798286931866
ETH/USDT,2025-12-18 22:07:00+00:00,2025-12-18 23:24:00+00:00,trailing_prob_drop,-0.0499573563009683,77.0,2833.7,2827.16,0.0004975826657727112,-0.17199068355859826,-0.002307936619966866,0.0018216160387103386,-0.001078821149138931
ETH/USDT,2025-12-18 22:07:00+00:00,2025-12-18 23:25:00+00:00,prob_floor,-0.0401573215739706,78.0,2833.7,2828.55,0.0004975826657727112,-0.17199068355859826,-0.0018174118643468073,0.0013293029997700767,-0.0015697088614308186
ETH/USDT,2025-12-18 22:07:00+00:00,2025-12-18 23:26:00+00:00,trailing_prob_drop,-0.0590573885782805,79.0,2833.7,2825.85,0.0004975826657727112,-0.17199068355859826,-0.002770229734975427,0.0022860378293256822,-0.0006157439354529393
ETH/USDT,2025-12-18 22:07:00+00:00,2025-12-18 23:28:00+00:00,prob_floor,-0.05877738758469,81.0,2833.7,2825.97,0.0004975826657727112,-0.17199068355859826,-0.002727882274058624,0.0022434774608364183,-0.0006581810847248182
ETH/USDT,2025-12-18 22:07:00+00:00,2025-12-18 23:29:00+00:00,prob_floor,-0.0452673396773289,82.0,2833.7,2827.82,0.0004975826657727112,-0.17199068355859826,-0.0020750255849242283,0.0015877955456853332,-0.0013119646936509133
ETH/USDT,2025-12-18 22:07:00+00:00,2025-12-18 23:30:00+00:00,prob_floor,-0.0375673124018645,83.0,2833.7,2827.82,0.0004975826657727112,-0.17199068355859826,-0.0020750255849242283,0.0015877955456853332,-0.0013119646936509133
ETH/USDT,2025-12-18 22:07:00+00:00,2025-12-18 23:31:00+00:00,trailing_prob_drop,-0.0268580386427497,84.0,2833.7,2830.56,0.0004975826657727112,-0.17199068355859826,-0.001108091893990193,0.0006182522186422013,-0.00227870103442418
ETH/USDT,2025-12-18 22:07:00+00:00,2025-12-18 23:33:00+00:00,trailing_prob_drop,-0.035187303975556,86.0,2833.7,2829.27,0.0004975826657727112,-0.17199068355859826,-0.0015633270988459902,0.0010744821102262048,-0.0018237920028840726
ETH/USDT,2025-12-18 22:07:00+00:00,2025-12-18 23:34:00+00:00,prob_floor,-0.0318972923307608,87.0,2833.7,2829.74,0.0004975826657727112,-0.17199068355859826,-0.0013974662102551605,0.0009082106483282448,-0.001989582081745933
ETH/USDT,2025-12-18 22:07:00+00:00,2025-12-18 23:35:00+00:00,trailing_prob_drop,-0.022447258904447,88.0,2833.7,2830.46,0.0004975826657727112,-0.17199068355859826,-0.0011433814447541213,0.0006536040078291006,-0.002243451594440393
ETH/USDT,2025-12-18 22:07:00+00:00,2025-12-18 23:36:00+00:00,trailing_prob_drop,-0.0183872445532991,89.0,2833.7,2831.48,0.0004975826657727112,-0.17199068355859826,-0.000783428026961186,0.0002931329198863075,-0.002602879059714347
ETH/USDT,2025-12-18 22:07:00+00:00,2025-12-18 23:38:00+00:00,time_limit,-0.0211871940000002,91.0,2833.7,2831.41,0.0004975826657727112,-0.17199068355859826,-0.0008081307124959691,3.531809239953887e-06,-0.0025782207451410244
ETH/USDT,2025-12-18 23:39:00+00:00,2025-12-18 23:39:00+00:00,cooldown_after_loss,0.0,,2829.86,2829.86,0.0004311167336898958,-0.002031902638293115,0.0,0.0004311167336898958,-0.002031902638293115
ETH/USDT,2025-12-18 23:41:00+00:00,2025-12-18 23:41:00+00:00,cooldown_after_loss,0.0,,2826.6,2826.6,0.0008667657256067329,-0.0008809170027593849,0.0,0.0008667657256067329,-0.0008809170027593849
ETH/USDT,2025-12-18 23:43:00+00:00,2025-12-18 23:43:00+00:00,dry_run,0.0,,2826.14,2826.14,0.001029672981522678,-0.0007182942104777545,0.0,0.001029672981522678,-0.0007182942104777545
ETH/USDT,2025-12-18 23:43:00+00:00,2025-12-18 23:45:00+00:00,prob_floor,-0.001436586712941,2.0,2826.14,2826.36,0.001029672981522678,-0.0007182942104777545,7.784469276117534e-05,0.0009517541997481338,-0.0007960769328747563
ETH/USDT,2025-12-18 23:43:00+00:00,2025-12-18 23:46:00+00:00,prob_floor,-0.0072466072716049,3.0,2826.14,2825.76,0.001029672981522678,-0.0007182942104777545,-0.00013445901476916156,0.0011642885453824192,-0.0005839137081705692
ETH/USDT,2025-12-18 23:43:00+00:00,2025-12-18 23:47:00+00:00,prob_floor,-0.0026265909227677,4.0,2826.14,2826.34,0.001029672981522678,-0.0007182942104777545,7.076790251026033e-05,0.0009588372241131626,-0.00078900627666878
ETH/USDT,2025-12-18 23:43:00+00:00,2025-12-18 23:49:00+00:00,prob_floor,-0.0072466072716049,6.0,2826.14,2825.69,0.001029672981522678,-0.0007182942104777545,-0.00015922778064769716,0.0011890900983477781,-0.00038928544886374095
ETH/USDT,2025-12-18 23:43:00+00:00,2025-12-18 23:50:00+00:00,take_profit,0.0093434040000006,7.0,2826.14,2824.92,0.001029672981522678,-0.0007182942104777545,-0.00043168420531181084,0.0014619883040936088,-3.5399232545252346e-06
ETH/USDT,2025-12-18 23:55:00+00:00,2025-12-18 23:55:00+00:00,dry_run,0.0,,2827.53,2827.53,0.000537571661485492,-7.073311335348276e-05,0.0,0.000537571661485492,-7.073311335348276e-05
BTC/USDT,2025-12-18 00:02:00+00:00,2025-12-18 00:02:00+00:00,dry_run,0.0,,86212.95,86212.95,0.0019625821874786897,-0.0019006425368810476,0.0,0.0019625821874786897,-0.0019006425368810476
BTC/USDT,2025-12-18 00:02:00+00:00,2025-12-18 00:15:00+00:00,prob_floor,-0.0071976664341046,13.0,86212.95,86152.38,0.0019625821874786897,-0.0019006425368810476,-0.000702562666049511,0.0026670186012272,-0.004538470092178559
BTC/USDT,2025-12-18 00:02:00+00:00,2025-12-18 00:17:00+00:00,prob_floor,-0.0268896687193437,15.0,86212.95,86159.39,0.0019625821874786897,-0.0019006425368810476,-0.0006212523756581323,0.0025854407743601815,-0.0046194616744617
BTC/USDT,2025-12-18 00:02:00+00:00,2025-12-18 00:19:00+00:00,prob_floor,-0.060269672599045,17.0,86212.95,86118.34,0.0019625821874786897,-0.0019006425368810476,-0.0010973989406464213,0.0030633428373096905,-0.0041449939699255145
BTC/USDT,2025-12-18 00:02:00+00:00,2025-12-18 00:20:00+00:00,prob_floor,-0.049201671311797,18.0,86212.95,86087.41,0.0019625821874786897,-0.0019006425368810476,-0.0014561617483219713,0.003423729439647305,-0.0037871972219862826
BTC/USDT,2025-12-18 00:02:00+00:00,2025-12-18 00:32:00+00:00,take_profit,0.0084063335999979,30.0,86212.95,86236.27,0.0019625821874786897,-0.0019006425368810476,0.0002704930059811428,0.0016916316069792714,-0.018152338917255983
BTC/USDT,2025-12-18 00:34:00+00:00,2025-12-18 00:34:00+00:00,turnover_limit,0.0,,86313.7,86313.7,1.1585646331191413e-07,-0.01903313147275565,0.0,1.1585646331191413e-07,-0.01903313147275565
BTC/USDT,2025-12-18 00:36:00+00:00,2025-12-18 00:36:00+00:00,turnover_limit,0.0,,86290.57,86290.57,0.0,-0.018770185432776754,0.0,0.0,-0.018770185432776754
BTC/USDT,2025-12-18 00:37:00+00:00,2025-12-18 00:37:00+00:00,turnover_limit,0.0,,86288.05,86288.05,2.92045074608005e-05,-0.018741529099336462,0.0,2.92045074608005e-05,-0.018741529099336462
BTC/USDT,2025-12-18 00:38:00+00:00,2025-12-18 00:38:00+00:00,turnover_limit,0.0,,86288.06,86288.06,0.0,-0.01874164281825308,0.0,0.0,-0.01874164281825308
BTC/USDT,2025-12-18 00:40:00+00:00,2025-12-18 00:40:00+00:00,turnover_limit,0.0,,86281.99,86281.99,7.02348195724678e-05,-0.018672610587678884,0.0,7.02348195724678e-05,-0.018672610587678884
BTC/USDT,2025-12-18 00:56:00+00:00,2025-12-18 00:56:00+00:00,turnover_limit,0.0,,86239.05,86239.05,0.00034624685684736534,-0.018183989735508388,0.0,0.00034624685684736534,-0.018183989735508388
BTC/USDT,2025-12-18 00:57:00+00:00,2025-12-18 00:57:00+00:00,turnover_limit,0.0,,86231.09,86231.09,0.0003255206445842429,-0.01809335820757907,0.0,0.0003255206445842429,-0.01809335820757907
BTC/USDT,2025-12-18 00:58:00+00:00,2025-12-18 00:58:00+00:00,turnover_limit,0.0,,86234.47,86234.47,0.00028631242239907095,-0.018131844493275096,0.0,0.00028631242239907095,-0.018131844493275096
BTC/USDT,2025-12-18 00:59:00+00:00,2025-12-18 00:59:00+00:00,turnover_limit,0.0,,86234.47,86234.47,0.00028631242239907095,-0.018131844493275096,0.0,0.00028631242239907095,-0.018131844493275096
BTC/USDT,2025-12-18 01:23:00+00:00,2025-12-18 01:23:00+00:00,turnover_limit,0.0,,86057.39,86057.39,0.008997716523822197,-0.016111457714439115,0.0,0.008997716523822197,-0.016111457714439115
BTC/USDT,2025-12-18 01:25:00+00:00,2025-12-18 01:25:00+00:00,turnover_limit,0.0,,86017.15,86017.15,0.009469739464746496,-0.015651181188867436,0.0,0.009469739464746496,-0.015651181188867436
BTC/USDT,2025-12-18 01:26:00+00:00,2025-12-18 01:26:00+00:00,turnover_limit,0.0,,86000.02,86000.02,0.009670811704462379,-0.015455112684857553,0.0,0.009670811704462379,-0.015455112684857553
BTC/USDT,2025-12-18 01:28:00+00:00,2025-12-18 01:28:00+00:00,turnover_limit,0.0,,86032.79,86032.79,0.00928622679794544,-0.01583012709456466,0.0,0.00928622679794544,-0.01583012709456466
BTC/USDT,2025-12-18 01:29:00+00:00,2025-12-18 01:29:00+00:00,turnover_limit,0.0,,86005.52,86005.52,0.009606243878300003,-0.015518073723640002,0.0,0.009606243878300003,-0.015518073723640002
BTC/USDT,2025-12-18 01:31:00+00:00,2025-12-18 01:31:00+00:00,turnover_limit,0.0,,85996.45,85996.45,0.009712726513710912,-0.01541424093668975,0.0,0.009712726513710912,-0.01541424093668975
BTC/USDT,2025-12-18 01:35:00+00:00,2025-12-18 01:35:00+00:00,turnover_limit,0.0,,85993.63,85993.63,0.009745838151035136,-0.0022547018889654824,0.0,0.009745838151035136,-0.0022547018889654824
BTC/USDT,2025-12-18 01:37:00+00:00,2025-12-18 01:37:00+00:00,turnover_limit,0.0,,86137.19,86137.19,0.008062951670468887,-0.003917587745780882,0.0,0.008062951670468887,-0.003917587745780882
BTC/USDT,2025-12-18 01:42:00+00:00,2025-12-18 01:42:00+00:00,turnover_limit,0.0,,86132.15,86132.15,0.008121938207742652,-0.0038593022466058002,0.0,0.008121938207742652,-0.0038593022466058002
BTC/USDT,2025-12-18 01:43:00+00:00,2025-12-18 01:43:00+00:00,turnover_limit,0.0,,86138.9,86138.9,0.008042939949314487,-0.00393736163336178,0.0,0.008042939949314487,-0.00393736163336178
BTC/USDT,2025-12-18 01:44:00+00:00,2025-12-18 01:44:00+00:00,turnover_limit,0.0,,86125.49,86125.49,0.00819989529232279,-0.0037822716596445094,0.0,0.00819989529232279,-0.0037822716596445094
BTC/USDT,2025-12-18 01:45:00+00:00,2025-12-18 01:45:00+00:00,turnover_limit,0.0,,86143.5,86143.5,0.00798911119237089,-0.0039905506509486655,0.0,0.00798911119237089,-0.0039905506509486655
BTC/USDT,2025-12-18 01:46:00+00:00,2025-12-18 01:46:00+00:00,turnover_limit,0.0,,86151.08,86151.08,0.007900423302876769,-0.004078184510281191,0.0,0.007900423302876769,-0.004078184510281191
BTC/USDT,2025-12-18 01:50:00+00:00,2025-12-18 01:50:00+00:00,turnover_limit,0.0,,86184.14,86184.14,0.009466474922183998,-0.004460217390345744,0.0,0.009466474922183998,-0.004460217390345744
BTC/USDT,2025-12-18 02:07:00+00:00,2025-12-18 02:07:00+00:00,turnover_limit,0.0,,86226.93,86226.93,0.008965528518758648,-0.0049542526911254825,0.0,0.008965528518758648,-0.0049542526911254825
BTC/USDT,2025-12-18 02:08:00+00:00,2025-12-18 02:08:00+00:00,turnover_limit,0.0,,86242.32,86242.32,0.008785477941688047,-0.005131819273878513,0.0,0.008785477941688047,-0.005131819273878513
BTC/USDT,2025-12-18 02:11:00+00:00,2025-12-18 02:11:00+00:00,turnover_limit,0.0,,86293.36,86293.36,0.008188810819279801,-0.005720254721800044,0.0,0.008188810819279801,-0.005720254721800044
BTC/USDT,2025-12-18 02:12:00+00:00,2025-12-18 02:12:00+00:00,turnover_limit,0.0,,86322.95,86322.95,0.00784322129862347,-0.006061076457651082,0.0,0.00784322129862347,-0.006061076457651082
BTC/USDT,2025-12-18 02:14:00+00:00,2025-12-18 02:14:00+00:00,turnover_limit,0.0,,86482.08,86482.08,0.005988755127073642,-0.007889958243372464,0.0,0.005988755127073642,-0.007889958243372464
BTC/USDT,2025-12-18 02:22:00+00:00,2025-12-18 02:22:00+00:00,turnover_limit,0.0,,86488.66,86488.66,0.005912220168516891,-0.0034739814445039485,0.0,0.005912220168516891,-0.0034739814445039485
BTC/USDT,2025-12-18 02:24:00+00:00,2025-12-18 02:24:00+00:00,turnover_limit,0.0,,86392.03,86392.03,0.00703733897675507,-0.002359361158662421,0.0,0.00703733897675507,-0.002359361158662421
BTC/USDT,2025-12-18 02:26:00+00:00,2025-12-18 02:26:00+00:00,turnover_limit,0.0,,86316.02,86316.02,0.007924137373340301,-0.0014808375084950365,0.0,0.007924137373340301,-0.0014808375084950365
BTC/USDT,2025-12-18 02:36:00+00:00,2025-12-18 02:36:00+00:00,turnover_limit,0.0,,86604.01,86604.01,0.0045724210691862055,-0.004186180293499042,0.0,0.0045724210691862055,-0.004186180293499042
BTC/USDT,2025-12-18 02:37:00+00:00,2025-12-18 02:37:00+00:00,turnover_limit,0.0,,86573.62,86573.62,0.004925056847570941,-0.0038366190532403976,0.0,0.004925056847570941,-0.0038366190532403976
BTC/USDT,2025-12-18 02:38:00+00:00,2025-12-18 02:38:00+00:00,turnover_limit,0.0,,86576.88,86576.88,0.004887217002968791,-0.003874128982241043,0.0,0.004887217002968791,-0.003874128982241043
BTC/USDT,2025-12-18 02:39:00+00:00,2025-12-18 02:39:00+00:00,turnover_limit,0.0,,86585.44,86585.44,0.0047878719563012595,-0.003972607865710409,0.0,0.0047878719563012595,-0.003972607865710409
BTC/USDT,2025-12-18 02:40:00+00:00,2025-12-18 02:40:00+00:00,turnover_limit,0.0,,86621.37,86621.37,0.004371092260489595,-0.004385753769537426,0.0,0.004371092260489595,-0.004385753769537426
BTC/USDT,2025-12-18 02:41:00+00:00,2025-12-18 02:41:00+00:00,turnover_limit,0.0,,86629.19,86629.19,0.0042804278788708405,-0.004475627672381521,0.0,0.0042804278788708405,-0.004475627672381521
BTC/USDT,2025-12-18 02:42:00+00:00,2025-12-18 02:42:00+00:00,turnover_limit,0.0,,86558.69,86558.69,0.005098390467785485,-0.003664796683036653,0.0,0.005098390467785485,-0.003664796683036653
BTC/USDT,2025-12-18 02:43:00+00:00,2025-12-18 02:43:00+00:00,turnover_limit,0.0,,86600.24,86600.24,0.004616153488720132,-0.004142829165369566,0.0,0.004616153488720132,-0.004142829165369566
BTC/USDT,2025-12-18 02:45:00+00:00,2025-12-18 02:45:00+00:00,turnover_limit,0.0,,86734.46,86734.46,0.0030615282553208,-0.005683900032351641,0.0,0.0030615282553208,-0.005683900032351641
BTC/USDT,2025-12-18 02:46:00+00:00,2025-12-18 02:46:00+00:00,turnover_limit,0.0,,86755.21,86755.21,0.0028216172838495535,-0.005921719283487503,0.0,0.0028216172838495535,-0.005921719283487503
BTC/USDT,2025-12-18 02:47:00+00:00,2025-12-18 02:47:00+00:00,turnover_limit,0.0,,86762.51,86762.51,0.002737242156779507,-0.00600535876613062,0.0,0.002737242156779507,-0.00600535876613062
BTC/USDT,2025-12-18 02:49:00+00:00,2025-12-18 02:49:00+00:00,turnover_limit,0.0,,86672.71,86672.71,0.0037761597623979792,-0.004975499208459078,0.0,0.0037761597623979792,-0.004975499208459078
BTC/USDT,2025-12-18 02:50:00+00:00,2025-12-18 02:50:00+00:00,turnover_limit,0.0,,86686.63,86686.63,0.003614974996720921,-0.00513527864677632,0.0,0.003614974996720921,-0.00513527864677632
BTC/USDT,2025-12-18 02:51:00+00:00,2025-12-18 02:51:00+00:00,turnover_limit,0.0,,86703.61,86703.61,0.0034184274449471364,-0.005330112552407007,0.0,0.0034184274449471364,-0.005330112552407007
BTC/USDT,2025-12-18 02:52:00+00:00,2025-12-18 02:52:00+00:00,turnover_limit,0.0,,86712.17,86712.17,0.0033193725863394086,-0.005428303777889498,0.0,0.0033193725863394086,-0.005428303777889498
BTC/USDT,2025-12-18 02:54:00+00:00,2025-12-18 02:54:00+00:00,turnover_limit,0.0,,86751.7,86751.7,0.0,-0.005881498575820321,0.0,0.0,-0.005881498575820321
BTC/USDT,2025-12-18 02:55:00+00:00,2025-12-18 02:55:00+00:00,turnover_limit,0.0,,86728.02,86728.02,0.00027303747969797953,-0.005610066965670457,0.0,0.00027303747969797953,-0.005610066965670457
BTC/USDT,2025-12-18 02:57:00+00:00,2025-12-18 02:57:00+00:00,turnover_limit,0.0,,86660.6,86660.6,0.0005583852408130863,-0.004836453936390983,0.0,0.0005583852408130863,-0.004836453936390983
BTC/USDT,2025-12-18 02:58:00+00:00,2025-12-18 02:58:00+00:00,turnover_limit,0.0,,86683.64,86683.64,0.0002924427262169793,-0.005100962534568265,0.0,0.0002924427262169793,-0.005100962534568265
BTC/USDT,2025-12-18 03:40:00+00:00,2025-12-18 03:40:00+00:00,dry_run,0.0,,86525.01,86525.01,0.0050109211198010595,-0.0006651256093468394,0.0,0.0050109211198010595,-0.0006651256093468394
BTC/USDT,2025-12-18 03:40:00+00:00,2025-12-18 03:50:00+00:00,take_profit,0.0044988260000002,10.0,86525.01,86621.0,0.0050109211198010595,-0.0006651256093468394,0.001109390221393891,0.003897207374655043,-0.001772549381789612
BTC/USDT,2025-12-18 03:52:00+00:00,2025-12-18 03:52:00+00:00,dry_run,0.0,,86642.58,86642.58,0.003647167478161517,-0.000917678120849974,0.0,0.003647167478161517,-0.000917678120849974
BTC/USDT,2025-12-18 03:52:00+00:00,2025-12-18 04:00:00+00:00,take_profit,0.0057533329999991,8.0,86642.58,86631.99,0.003647167478161517,-0.000917678120849974,-0.0001222262771952698,0.003769854530641492,-0.00023801831171155197
BTC/USDT,2025-12-18 04:01:00+00:00,2025-12-18 04:01:00+00:00,cooldown_after_exit,0.0,,86658.2,86658.2,0.003466261704027973,-0.0005403989466663539,0.0,0.003466261704027973,-0.0005403989466663539
BTC/USDT,2025-12-18 04:02:00+00:00,2025-12-18 04:02:00+00:00,dry_run,0.0,,86689.27,86689.27,0.003106612848395196,-0.00040489440042590363,0.0,0.003106612848395196,-0.00040489440042590363
BTC/USDT,2025-12-18 04:02:00+00:00,2025-12-18 04:03:00+00:00,take_profit,0.0046675193375216,1.0,86689.27,86775.6,0.003106612848395196,-0.00040489440042590363,0.0009958556577993605,0.002108657272320791,-0.000994864915944138
BTC/USDT,2025-12-18 04:02:00+00:00,2025-12-18 04:04:00+00:00,gate_close,-0.0028924815331817,2.0,86689.27,86838.12,0.003106612848395196,-0.00040489440042590363,0.0017170521795832894,0.0013871788104118377,-0.001711230045053802
BTC/USDT,2025-12-18 04:02:00+00:00,2025-12-18 04:05:00+00:00,gate_close,0.0008555188986754,3.0,86689.27,86893.01,0.003106612848395196,-0.00040489440042590363,0.002350233194950091,0.0007546061530152581,-0.002341845448788016
BTC/USDT,2025-12-18 04:02:00+00:00,2025-12-18 04:06:00+00:00,gate_close,0.0018685185999993,4.0,86689.27,86799.99,0.003106612848395196,-0.00040489440042590363,0.001277205356556843,0.0018270739432111327,-0.0013260370191287008
BTC/USDT,2025-12-18 04:07:00+00:00,2025-12-18 04:07:00+00:00,cooldown_after_exit,0.0,,86816.19,86816.19,0.0016401318694128086,-0.0018914674785890373,0.0,0.0016401318694128086,-0.0018914674785890373
BTC/USDT,2025-12-18 04:08:00+00:00,2025-12-18 04:08:00+00:00,dry_run,0.0,,86773.52,86773.52,0.0021326782640602726,-0.0014006577121684627,0.0,0.0021326782640602726,-0.0014006577121684627
BTC/USDT,2025-12-18 04:08:00+00:00,2025-12-18 04:14:00+00:00,gate_close,-0.0031727287656445,6.0,86773.52,86783.2,0.0021326782640602726,-0.0014006577121684627,0.00011155476924296082,0.0020208980540012966,-0.0020236635662201907
BTC/USDT,2025-12-18 04:08:00+00:00,2025-12-18 04:15:00+00:00,gate_close,-0.0035847288131608,7.0,86773.52,86722.84,0.0021326782640602726,-0.0014006577121684627,-0.0005840491431027273,0.002718315036730923,-0.001329061640508944
BTC/USDT,2025-12-18 04:08:00+00:00,2025-12-18 04:18:00+00:00,trailing_prob_drop,-0.0001667284190829,10.0,86773.52,86759.27,0.0021326782640602726,-0.0014006577121684627,-0.0001642206055487705,0.002297276129686221,-0.0025118929654434075
BTC/USDT,2025-12-18 04:08:00+00:00,2025-12-18 04:20:00+00:00,prob_floor,-0.0017867286058212,12.0,86773.52,86735.93,0.0021326782640602726,-0.0014006577121684627,-0.0004331966710583446,0.002566986945317984,-0.0022434762617982162
BTC/USDT,2025-12-18 04:08:00+00:00,2025-12-18 04:21:00+00:00,take_profit,0.0079902714,13.0,86773.52,86800.0,0.0021326782640602726,-0.0014006577121684627,0.0003051622199952142,0.0018269585253456455,-0.0029799539170507483
BTC/USDT,2025-12-18 04:23:00+00:00,2025-12-18 04:23:00+00:00,dry_run,0.0,,86864.42,86864.42,0.00108398812770516,-0.003719359433931646,0.0,0.00108398812770516,-0.003719359433931646
BTC/USDT,2025-12-18 04:23:00+00:00,2025-12-18 04:27:00+00:00,gate_close,-0.0055153558349301,4.0,86864.42,86829.99,0.00108398812770516,-0.003719359433931646,-0.000396364817723871,0.0014809399379176469,-0.003553035074632782
BTC/USDT,2025-12-18 04:23:00+00:00,2025-12-18 04:32:00+00:00,gate_close,-0.002369355472586,9.0,86864.42,86840.0,0.00108398812770516,-0.003719359433931646,-0.0002811277620917707,0.0013654997696914695,-0.0037154537079686634
BTC/USDT,2025-12-18 04:23:00+00:00,2025-12-18 04:51:00+00:00,prob_floor,-0.009658356312504,28.0,86864.42,86781.78,0.00108398812770516,-0.003719359433931646,-0.0009513676600845233,0.0015426049108464568,-0.003618271024171227
BTC/USDT,2025-12-18 04:23:00+00:00,2025-12-18 04:54:00+00:00,prob_floor,-0.0066643559673347,31.0,86864.42,86798.88,0.00108398812770516,-0.003719359433931646,-0.0007545091534599813,0.0013452938563260908,-0.004501210153863844
BTC/USDT,2025-12-18 04:23:00+00:00,2025-12-18 04:58:00+00:00,prob_floor,-0.0119723565794463,35.0,86864.42,86765.43,0.00108398812770516,-0.003719359433931646,-0.001139592021681679,0.0017313347032337223,-0.0043890752342262696
BTC/USDT,2025-12-18 04:23:00+00:00,2025-12-18 04:59:00+00:00,prob_floor,-0.0116533565426383,36.0,86864.42,86765.43,0.00108398812770516,-0.003719359433931646,-0.001139592021681679,0.0017313347032337223,-0.0043890752342262696
BTC/USDT,2025-12-18 04:23:00+00:00,2025-12-18 05:00:00+00:00,prob_floor,-0.0143413568528753,37.0,86864.42,86768.62,0.00108398812770516,-0.003719359433931646,-0.0011028681248318462,0.0016945066084950167,-0.004425678315501558
BTC/USDT,2025-12-18 04:23:00+00:00,2025-12-18 05:01:00+00:00,prob_floor,-0.0134533567503667,38.0,86864.42,86741.75,0.00108398812770516,-0.003719359433931646,-0.001412200760679716,0.0020048016093749954,-0.004117279164877363
BTC/USDT,2025-12-18 04:23:00+00:00,2025-12-18 05:02:00+00:00,prob_floor,-0.01377235678719,39.0,86864.42,86741.74,0.00108398812770516,-0.003719359433931646,-0.0014123158826132576,0.002004917125250083,-0.004117164354784708
BTC/USDT,2025-12-18 04:23:00+00:00,2025-12-18 05:03:00+00:00,prob_floor,-0.0161973570672032,40.0,86864.42,86747.43,0.00108398812770516,-0.003719359433931646,-0.0013468115023389515,0.0019391928959739957,-0.0041824870200765085
BTC/USDT,2025-12-18 04:23:00+00:00,2025-12-18 05:05:00+00:00,prob_floor,-0.0200263575096523,42.0,86864.42,86723.61,0.00108398812770516,-0.003719359433931646,-0.001621031948408791,0.00011542416188614624,-0.003908970117826094
BTC/USDT,2025-12-18 04:23:00+00:00,2025-12-18 05:06:00+00:00,prob_floor,-0.0203063575420242,43.0,86864.42,86684.89,0.00108398812770516,-0.003719359433931646,-0.0020667840756893874,0.0005621510277049602,-0.0034640408495644204
BTC/USDT,2025-12-18 04:23:00+00:00,2025-12-18 05:07:00+00:00,prob_floor,-0.0179663572715647,44.0,86864.42,86658.01,0.00108398812770516,-0.003719359433931646,-0.002376231833471132,0.0008725102272715279,-0.003154930513636245
BTC/USDT,2025-12-18 04:23:00+00:00,2025-12-18 05:08:00+00:00,prob_floor,-0.0193663574333591,45.0,86864.42,86688.16,0.00108398812770516,-0.003719359433931646,-0.0020291392033700006,0.0005244084082531852,-0.0035016315953644295
BTC/USDT,2025-12-18 04:23:00+00:00,2025-12-18 05:09:00+00:00,prob_floor,-0.0202623575369356,46.0,86864.42,86708.01,0.00108398812770516,-0.003719359433931646,-0.0018006221649785603,0.00029535910234823604,-0.003729759222936724
BTC/USDT,2025-12-18 04:23:00+00:00,2025-12-18 05:10:00+00:00,prob_floor,-0.0212833576549865,47.0,86864.42,86682.53,0.00108398812770516,-0.003719359433931646,-0.00209395285204228,0.0005893921185733397,-0.0034369093749340163
BTC/USDT,2025-12-18 04:23:00+00:00,2025-12-18 05:11:00+00:00,prob_floor,-0.0250003580849974,48.0,86864.42,86672.86,0.00108398812770516,-0.003719359433931646,-0.002205275761928749,0.0007010268266214315,-0.0033257238771168263
BTC/USDT,2025-12-18 04:23:00+00:00,2025-12-18 05:12:00+00:00,prob_floor,-0.0245613580341917,49.0,86864.42,86635.15,0.00108398812770516,-0.003719359433931646,-0.0026394005739058812,0.0011366056387043244,-0.0028918978036049925
BTC/USDT,2025-12-18 04:23:00+00:00,2025-12-18 05:13:00+00:00,prob_floor,-0.0267443582868798,50.0,86864.42,86639.55,0.00108398812770516,-0.003719359433931646,-0.002588746923078422,0.0010857627953975157,-0.0029425360588783978
BTC/USDT,2025-12-18 04:23:00+00:00,2025-12-18 05:14:00+00:00,prob_floor,-0.0240873579793391,51.0,86864.42,86617.72,0.00108398812770516,-0.003719359433931646,-0.0028400581043422912,0.0013380633893387284,-0.0026912507048211243
BTC/USDT,2025-12-18 04:23:00+00:00,2025-12-18 05:15:00+00:00,prob_floor,-0.0282553584618587,52.0,86864.42,86644.28,0.00108398812770516,-0.003719359433931646,-0.002534294248439095,0.001031112498135922,-0.0029969664471791724
BTC/USDT,2025-12-18 04:23:00+00:00,2025-12-18 05:16:00+00:00,prob_floor,-0.0271113583293767,53.0,86864.42,86602.61,0.00108398812770516,-0.003719359433931646,-0.003014007346160752,0.001512771959182313,-0.0025172451500018456
BTC/USDT,2025-12-18 04:23:00+00:00,2025-12-18 05:17:00+00:00,prob_floor,-0.0252233581108054,54.0,86864.42,86614.04,0.00108398812770516,-0.003719359433931646,-0.0028824229759434328,0.0013806075781710447,-0.0026488777108191197
BTC/USDT,2025-12-18 04:23:00+00:00,2025-12-18 05:18:00+00:00,prob_floor,-0.0263733582439269,55.0,86864.42,86639.99,0.00108398812770516,-0.003719359433931646,-0.0025836815579957095,0.0010806787950921048,-0.002947599601523576
BTC/USDT,2025-12-18 04:23:00+00:00,2025-12-18 05:19:00+00:00,prob_floor,-0.0261003582123237,56.0,86864.42,86621.42,0.00108398812770516,-0.003719359433931646,-0.0027974629888739555,0.0012952916264821202,-0.002733850357105605
BTC/USDT,2025-12-18 04:23:00+00:00,2025-12-18 05:20:00+00:00,prob_floor,-0.0261053582128999,57.0,86864.42,86623.78,0.00108398812770516,-0.003719359433931646,-0.0027702942125210628,0.0012680120862884614,-0.0027610201263440493
BTC/USDT,2025-12-18 04:23:00+00:00,2025-12-18 05:23:00+00:00,prob_floor,-0.0309533587744504,60.0,86864.42,86575.65,0.00108398812770516,-0.003719359433931646,-0.0033243760794120503,0.0018246469994738224,-0.002206625072985191
BTC/USDT,2025-12-18 04:23:00+00:00,2025-12-18 05:24:00+00:00,prob_floor,-0.0363673594023024,61.0,86864.42,86575.63,0.00108398812770516,-0.003719359433931646,-0.0033246063232793555,0.0018248784328798173,-0.0022063945708510335
BTC/USDT,2025-12-18 04:23:00+00:00,2025-12-18 05:25:00+00:00,prob_floor,-0.0352773592758315,62.0,86864.42,86539.95,0.00108398812770516,-0.003719359433931646,-0.003735361382715796,0.002237925952118136,-0.0017950091258429612
BTC/USDT,2025-12-18 04:23:00+00:00,2025-12-18 05:26:00+00:00,prob_floor,-0.0313063588153631,63.0,86864.42,86532.38,0.00108398812770516,-0.003719359433931646,-0.00382250868652545,0.002325603433073198,-0.0017076844529181345
BTC/USDT,2025-12-18 04:23:00+00:00,2025-12-18 05:27:00+00:00,prob_floor,-0.0326043589658288,64.0,86864.42,86572.1,0.00108398812770516,-0.003719359433931646,-0.003365244365874931,0.001865728104088804,-0.0021657092758522456
BTC/USDT,2025-12-18 04:23:00+00:00,2025-12-18 05:28:00+00:00,prob_floor,-0.0336043590817821,65.0,86864.42,86559.11,0.00108398812770516,-0.003719359433931646,-0.0035147877577493825,0.002016078954601097,-0.0020159634266110338
BTC/USDT,2025-12-18 04:23:00+00:00,2025-12-18 05:30:00+00:00,prob_floor,-0.0366323594330521,67.0,86864.42,86574.53,0.00108398812770516,-0.003719359433931646,-0.003337269735986248,0.0018376074348886995,-0.002193716789452904
BTC/USDT,2025-12-18 04:23:00+00:00,2025-12-18 05:31:00+00:00,prob_floor,-0.0359793593572787,68.0,86864.42,86526.82,0.00108398812770516,-0.003719359433931646,-0.003886516481661828,0.002390010403710452,-0.0016435366514105931
BTC/USDT,2025-12-18 04:23:00+00:00,2025-12-18 05:32:00+00:00,prob_floor,-0.0346813592066957,69.0,86864.42,86537.36,0.00108398812770516,-0.003719359433931646,-0.0037651779635435867,0.0022679222014629907,-0.0017651335793003042
BTC/USDT,2025-12-18 04:23:00+00:00,2025-12-18 05:33:00+00:00,prob_floor,-0.0359783593571646,70.0,86864.42,86538.34,0.00108398812770516,-0.003719359433931646,-0.0037538960140411914,0.002256572058118911,-0.0017764380504640132
BTC/USDT,2025-12-18 04:23:00+00:00,2025-12-18 05:34:00+00:00,prob_floor,-0.0360363593638946,71.0,86864.42,86525.37,0.00108398812770516,-0.003719359433931646,-0.0039032091620482268,0.0024068085464412636,-0.00254688307024864
BTC/USDT,2025-12-18 04:23:00+00:00,2025-12-18 05:35:00+00:00,prob_floor,-0.0347893592192235,72.0,86864.42,86524.8,0.00108398812770516,-0.003719359433931646,-0.003909771112268978,0.0024134121084358195,-0.002540312141721235
BTC/USDT,2025-12-18 04:23:00+00:00,2025-12-18 05:36:00+00:00,prob_floor,-0.0317163588628842,73.0,86864.42,86537.27,0.00108398812770516,-0.003719359433931646,-0.003766214060946904,0.0022689645744542464,-0.002684045845217975
BTC/USDT,2025-12-18 04:23:00+00:00,2025-12-18 05:41:00+00:00,gate_close,-0.017479357215296,78.0,86864.42,86733.61,0.00108398812770516,-0.003719359433931646,-0.0015059100147102322,1.1529555843381445e-07,-0.004941682930066027
BTC/USDT,2025-12-18 04:23:00+00:00,2025-12-18 05:46:00+00:00,gate_close,-0.0328413589933068,83.0,86864.42,86538.02,0.00108398812770516,-0.003719359433931646,-0.003757579915919518,0.0006060919813049015,-0.002692689294254702
BTC/USDT,2025-12-18 04:23:00+00:00,2025-12-18 05:50:00+00:00,prob_floor,-0.0387643596805294,87.0,86864.42,86474.37,0.00108398812770516,-0.003719359433931646,-0.00449033102391061,0.001290902726438059,-0.0019586150208437125
BTC/USDT,2025-12-18 04:23:00+00:00,2025-12-18 05:52:00+00:00,prob_floor,-0.0447803603795015,89.0,86864.42,86456.82,0.00108398812770516,-0.003719359433931646,-0.004692370017551406,0.0014941562736172642,-0.001756021098162197
BTC/USDT,2025-12-18 04:23:00+00:00,2025-12-18 05:53:00+00:00,time_limit,-0.0456253554000004,90.0,86864.42,86437.35,0.00108398812770516,-0.003719359433931646,-0.004916512422462382,0.0017197426806814242,-0.001531166793058869
BTC/USDT,2025-12-18 06:08:00+00:00,2025-12-18 06:08:00+00:00,dry_run,0.0,,86494.89,86494.89,0.003094171227918885,-0.0021953898085771417,0.0,0.003094171227918885,-0.0021953898085771417
BTC/USDT,2025-12-18 06:08:00+00:00,2025-12-18 06:11:00+00:00,gate_close,0.0023804758750651,3.0,86494.89,86567.35,0.003094171227918885,-0.0021953898085771417,0.000837737350726897,0.0026875028518256183,-0.0030305883222716545
BTC/USDT,2025-12-18 06:08:00+00:00,2025-12-18 06:16:00+00:00,take_profit,0.0042454754000009,8.0,86494.89,86565.14,0.003094171227918885,-0.0021953898085771417,0.000812186708370799,0.0031850003361630908,-0.003005135785606017
BTC/USDT,2025-12-18 06:17:00+00:00,2025-12-18 06:17:00+00:00,cooldown_after_loss,0.0,,86585.99,86585.99,0.0030491075981229354,-0.0032452132267587475,0.0,0.0030491075981229354,-0.0032452132267587475
BTC/USDT,2025-12-18 06:52:00+00:00,2025-12-18 06:52:00+00:00,dry_run,0.0,,86511.39,86511.39,0.00555718732527577,0.0,0.0,0.00555718732527577,0.0
BTC/USDT,2025-12-18 06:52:00+00:00,2025-12-18 06:55:00+00:00,gate_close,0.0024666002850296,3.0,86511.39,86558.69,0.00555718732527577,0.0,0.000546748815387188,0.005007700555542005,-0.000351553379562608
BTC/USDT,2025-12-18 06:52:00+00:00,2025-12-18 06:56:00+00:00,take_profit,0.0106435998000005,4.0,86511.39,86558.7,0.00555718732527577,0.0,0.0005468644071029427,0.005007584448472491,-1.155285371812198e-07
BTC/USDT,2025-12-18 06:59:00+00:00,2025-12-18 06:59:00+00:00,turnover_limit,0.0,,86644.41,86644.41,0.0040134152913038346,-0.0003270839976865503,0.0,0.0040134152913038346,-0.0003270839976865503
BTC/USDT,2025-12-18 07:02:00+00:00,2025-12-18 07:02:00+00:00,turnover_limit,0.0,,86719.57,86719.57,0.0031432351428863914,-0.0011935022279284668,0.0,0.0031432351428863914,-0.0011935022279284668
BTC/USDT,2025-12-18 07:03:00+00:00,2025-12-18 07:03:00+00:00,turnover_limit,0.0,,86701.31,86701.31,0.0033545052548802357,-0.000983145468044122,0.0,0.0033545052548802357,-0.000983145468044122
BTC/USDT,2025-12-18 07:05:00+00:00,2025-12-18 07:05:00+00:00,turnover_limit,0.0,,86655.63,86655.63,0.0038834176152200417,-0.0004565196744862332,0.0,0.0038834176152200417,-0.0004565196744862332
BTC/USDT,2025-12-18 07:06:00+00:00,2025-12-18 07:06:00+00:00,turnover_limit,0.0,,86651.97,86651.97,0.003925819574557732,-0.00041430102512374223,0.0,0.003925819574557732,-0.00041430102512374223
BTC/USDT,2025-12-18 07:07:00+00:00,2025-12-18 07:07:00+00:00,turnover_limit,0.0,,86624.05,86624.05,0.004249397251686826,-9.212222240817525e-05,0.0,0.004249397251686826,-9.212222240817525e-05
BTC/USDT,2025-12-18 07:08:00+00:00,2025-12-18 07:08:00+00:00,turnover_limit,0.0,,86646.98,86646.98,0.003983635667394347,-0.0003567348798537706,0.0,0.003983635667394347,-0.0003567348798537706
BTC/USDT,2025-12-18 07:10:00+00:00,2025-12-18 07:10:00+00:00,turnover_limit,0.0,,86756.49,86756.49,0.0027163385701749476,-0.0011440066328178844,0.0,0.0027163385701749476,-0.0011440066328178844
BTC/USDT,2025-12-18 07:12:00+00:00,2025-12-18 07:12:00+00:00,turnover_limit,0.0,,86840.52,86840.52,0.001746074298034861,-0.0017892569044958284,0.0,0.001746074298034861,-0.0017892569044958284
BTC/USDT,2025-12-18 07:13:00+00:00,2025-12-18 07:13:00+00:00,turnover_limit,0.0,,86793.44,86793.44,0.002289458742503969,-0.001247790155569417,0.0,0.002289458742503969,-0.001247790155569417
BTC/USDT,2025-12-18 07:14:00+00:00,2025-12-18 07:14:00+00:00,turnover_limit,0.0,,86791.9,86791.9,0.0023072429570041297,-0.0012300687045679881,0.0,0.0023072429570041297,-0.0012300687045679881
BTC/USDT,2025-12-18 07:15:00+00:00,2025-12-18 07:15:00+00:00,turnover_limit,0.0,,86815.64,86815.64,0.0020331590022257817,-0.0015031853707465626,0.0,0.0020331590022257817,-0.0015031853707465626
BTC/USDT,2025-12-18 07:16:00+00:00,2025-12-18 07:16:00+00:00,turnover_limit,0.0,,86799.11,86799.11,0.0022239859371828707,-0.0013130318962948362,0.0,0.0022239859371828707,-0.0013130318962948362
BTC/USDT,2025-12-18 07:18:00+00:00,2025-12-18 07:18:00+00:00,turnover_limit,0.0,,86832.35,86832.35,0.0018403279422931629,-0.0016953358972779942,0.0,0.0018403279422931629,-0.0016953358972779942
BTC/USDT,2025-12-18 07:19:00+00:00,2025-12-18 07:19:00+00:00,turnover_limit,0.0,,86823.62,86823.62,0.0019410616604098596,-0.0015949576854776826,0.0,0.0019410616604098596,-0.0015949576854776826
BTC/USDT,2025-12-18 07:20:00+00:00,2025-12-18 07:20:00+00:00,turnover_limit,0.0,,86809.94,86809.94,0.0020989531843933484,-0.001437623387367859,0.0,0.0020989531843933484,-0.001437623387367859
BTC/USDT,2025-12-18 07:21:00+00:00,2025-12-18 07:21:00+00:00,turnover_limit,0.0,,86850.0,86850.0,0.0016367299942428026,-0.0018982153137593327,0.0,0.0016367299942428026,-0.0018982153137593327
BTC/USDT,2025-12-18 07:23:00+00:00,2025-12-18 07:23:00+00:00,turnover_limit,0.0,,86802.39,86802.39,0.002070449903510685,-0.0013507692587727549,0.0,0.002070449903510685,-0.0013507692587727549
BTC/USDT,2025-12-18 07:24:00+00:00,2025-12-18 07:24:00+00:00,turnover_limit,0.0,,86832.53,86832.53,0.0018009379664511993,-0.0016974053387595056,0.0,0.0018009379664511993,-0.0016974053387595056
BTC/USDT,2025-12-18 07:25:00+00:00,2025-12-18 07:25:00+00:00,turnover_limit,0.0,,86838.12,86838.12,0.001863927961591072,-0.001761668723367027,0.0,0.001863927961591072,-0.001761668723367027
BTC/USDT,2025-12-18 07:29:00+00:00,2025-12-18 07:29:00+00:00,turnover_limit,0.0,,86834.54,86834.54,0.0020704894619123504,-0.0017205135191594723,0.0,0.0020704894619123504,-0.0017205135191594723
BTC/USDT,2025-12-18 07:31:00+00:00,2025-12-18 07:31:00+00:00,turnover_limit,0.0,,86863.74,86863.74,0.002858845359410056,-0.0020560938315573596,0.0,0.002858845359410056,-0.0020560938315573596
BTC/USDT,2025-12-18 07:54:00+00:00,2025-12-18 07:54:00+00:00,turnover_limit,0.0,,86751.19,86751.19,0.005520270096583069,-0.0007613728411103304,0.0,0.005520270096583069,-0.0007613728411103304
BTC/USDT,2025-12-18 07:58:00+00:00,2025-12-18 07:58:00+00:00,turnover_limit,0.0,,86819.94,86819.94,0.004724029986659772,-0.0015526387141019393,0.0,0.004724029986659772,-0.0015526387141019393
BTC/USDT,2025-12-18 08:17:00+00:00,2025-12-18 08:17:00+00:00,turnover_limit,0.0,,86838.07,86838.07,0.0045142643082694,-0.0015934255563258004,0.0,0.0045142643082694,-0.0015934255563258004
BTC/USDT,2025-12-18 08:19:00+00:00,2025-12-18 08:19:00+00:00,turnover_limit,0.0,,86834.17,86834.17,0.004559380253188472,-0.0015485839272719737,0.0,0.004559380253188472,-0.0015485839272719737
BTC/USDT,2025-12-18 08:20:00+00:00,2025-12-18 08:20:00+00:00,turnover_limit,0.0,,86828.33,86828.33,0.004626946067026738,-0.0014814289299357464,0.0,0.004626946067026738,-0.0014814289299357464
BTC/USDT,2025-12-18 08:21:00+00:00,2025-12-18 08:21:00+00:00,turnover_limit,0.0,,86813.7,86813.7,0.004796247596865477,-0.0013131567943769351,0.0,0.004796247596865477,-0.0013131567943769351
BTC/USDT,2025-12-18 08:22:00+00:00,2025-12-18 08:22:00+00:00,turnover_limit,0.0,,86852.38,86852.38,0.004348758203287062,-0.0017579253441299958,0.0,0.004348758203287062,-0.0017579253441299958
BTC/USDT,2025-12-18 08:25:00+00:00,2025-12-18 08:25:00+00:00,turnover_limit,0.0,,86983.64,86983.64,0.006296586346581812,-0.0020760225716008884,0.0,0.006296586346581812,-0.0020760225716008884
BTC/USDT,2025-12-18 08:26:00+00:00,2025-12-18 08:26:00+00:00,turnover_limit,0.0,,87000.0,87000.0,0.006107356321839008,-0.0022636781609195467,0.0,0.006107356321839008,-0.0022636781609195467
BTC/USDT,2025-12-18 08:27:00+00:00,2025-12-18 08:27:00+00:00,turnover_limit,0.0,,86986.23,86986.23,0.006266624039230173,-0.002105735585965718,0.0,0.006266624039230173,-0.002105735585965718
BTC/USDT,2025-12-18 08:29:00+00:00,2025-12-18 08:29:00+00:00,turnover_limit,0.0,,86917.75,86917.75,0.007059432624521467,-0.001319523342470319,0.0,0.007059432624521467,-0.001319523342470319
BTC/USDT,2025-12-18 08:33:00+00:00,2025-12-18 08:33:00+00:00,turnover_limit,0.0,,86977.64,86977.64,0.006366003952280153,-0.0020071825356494655,0.0,0.006366003952280153,-0.0020071825356494655
BTC/USDT,2025-12-18 08:34:00+00:00,2025-12-18 08:34:00+00:00,turnover_limit,0.0,,87027.99,87027.99,0.005783771405038607,-0.0025845707800444817,0.0,0.005783771405038607,-0.0025845707800444817
BTC/USDT,2025-12-18 08:35:00+00:00,2025-12-18 08:35:00+00:00,turnover_limit,0.0,,87046.81,87046.81,0.005566315411213774,-0.002800217492174628,0.0,0.005566315411213774,-0.002800217492174628
BTC/USDT,2025-12-18 08:37:00+00:00,2025-12-18 08:37:00+00:00,turnover_limit,0.0,,87022.66,87022.66,0.0058453740669384135,-0.002523480665840405,0.0,0.0058453740669384135,-0.002523480665840405
BTC/USDT,2025-12-18 08:42:00+00:00,2025-12-18 08:42:00+00:00,turnover_limit,0.0,,87046.24,87046.24,0.005572900104587886,-0.0027936875848975085,0.0,0.005572900104587886,-0.0027936875848975085
BTC/USDT,2025-12-18 08:53:00+00:00,2025-12-18 08:53:00+00:00,turnover_limit,0.0,,87015.5,87015.5,0.011314076227798564,-0.002441404117657253,0.0,0.011314076227798564,-0.002441404117657253
BTC/USDT,2025-12-18 09:26:00+00:00,2025-12-18 09:26:00+00:00,turnover_limit,0.0,,87020.64,87020.64,0.011254341498752485,-0.0019239113847013822,0.0,0.011254341498752485,-0.0019239113847013822
BTC/USDT,2025-12-18 09:27:00+00:00,2025-12-18 09:27:00+00:00,turnover_limit,0.0,,87013.91,87013.91,0.011332555909739028,-0.0018467162319220076,0.0,0.011332555909739028,-0.0018467162319220076
BTC/USDT,2025-12-18 09:29:00+00:00,2025-12-18 09:29:00+00:00,turnover_limit,0.0,,87012.77,87012.77,0.011345805908718809,-0.0018336389015084498,0.0,0.011345805908718809,-0.0018336389015084498
BTC/USDT,2025-12-18 09:30:00+00:00,2025-12-18 09:30:00+00:00,turnover_limit,0.0,,87048.0,87048.0,0.010936494807462616,-0.0022376160279385937,0.0,0.010936494807462616,-0.0022376160279385937
BTC/USDT,2025-12-18 09:37:00+00:00,2025-12-18 09:37:00+00:00,turnover_limit,0.0,,87187.87,87187.87,0.009314713159066734,-0.0011995934755603122,0.0,0.009314713159066734,-0.0011995934755603122
BTC/USDT,2025-12-18 09:38:00+00:00,2025-12-18 09:38:00+00:00,turnover_limit,0.0,,87178.86,87178.86,0.009419026585114842,-0.0010963667109205044,0.0,0.009419026585114842,-0.0010963667109205044
BTC/USDT,2025-12-18 09:39:00+00:00,2025-12-18 09:39:00+00:00,turnover_limit,0.0,,87189.45,87189.45,0.0092964229043766,-0.0012176931956789927,0.0,0.0092964229043766,-0.0012176931956789927
BTC/USDT,2025-12-18 09:41:00+00:00,2025-12-18 09:41:00+00:00,turnover_limit,0.0,,87212.3,87212.3,0.00903198287397533,-0.001479378482163729,0.0,0.00903198287397533,-0.001479378482163729
BTC/USDT,2025-12-18 09:43:00+00:00,2025-12-18 09:43:00+00:00,turnover_limit,0.0,,87247.63,87247.63,0.008623386102292852,-0.00022590871522820688,0.0,0.008623386102292852,-0.00022590871522820688
BTC/USDT,2025-12-18 09:45:00+00:00,2025-12-18 09:45:00+00:00,turnover_limit,0.0,,87368.92,87368.92,0.007223163568921276,-0.0013101913128833464,0.0,0.007223163568921276,-0.0013101913128833464
BTC/USDT,2025-12-18 09:46:00+00:00,2025-12-18 09:46:00+00:00,turnover_limit,0.0,,87357.73,87357.73,0.007352182800537621,-0.0011822651527231276,0.0,0.007352182800537621,-0.0011822651527231276
BTC/USDT,2025-12-18 09:47:00+00:00,2025-12-18 09:47:00+00:00,turnover_limit,0.0,,87330.43,87330.43,0.007667086947814372,-0.000870028923480537,0.0,0.007667086947814372,-0.000870028923480537
BTC/USDT,2025-12-18 09:48:00+00:00,2025-12-18 09:48:00+00:00,turnover_limit,0.0,,87300.01,87300.01,0.008018212139952796,-0.0005218785198306541,0.0,0.008018212139952796,-0.0005218785198306541
BTC/USDT,2025-12-18 09:50:00+00:00,2025-12-18 09:50:00+00:00,turnover_limit,0.0,,87328.28,87328.28,0.007691895454714048,-0.0012170169846469348,0.0,0.007691895454714048,-0.0012170169846469348
BTC/USDT,2025-12-18 09:51:00+00:00,2025-12-18 09:51:00+00:00,turnover_limit,0.0,,87355.76,87355.76,0.007374900063831014,-0.0015312098480969594,0.0,0.007374900063831014,-0.0015312098480969594
BTC/USDT,2025-12-18 09:52:00+00:00,2025-12-18 09:52:00+00:00,turnover_limit,0.0,,87348.06,87348.06,0.007463703257977405,-0.0014431917549170281,0.0,0.007463703257977405,-0.0014431917549170281
BTC/USDT,2025-12-18 09:54:00+00:00,2025-12-18 09:54:00+00:00,turnover_limit,0.0,,87296.09,87296.09,0.008063476840715289,-0.0008487207158991428,0.0,0.008063476840715289,-0.0008487207158991428
BTC/USDT,2025-12-18 09:55:00+00:00,2025-12-18 09:55:00+00:00,turnover_limit,0.0,,87328.73,87328.73,0.007686702875445484,-0.001222163656794284,0.0,0.007686702875445484,-0.001222163656794284
BTC/USDT,2025-12-18 09:57:00+00:00,2025-12-18 09:57:00+00:00,turnover_limit,0.0,,87313.24,87313.24,0.007865473781524912,-0.0010449732480435348,0.0,0.007865473781524912,-0.0010449732480435348
BTC/USDT,2025-12-18 09:58:00+00:00,2025-12-18 09:58:00+00:00,turnover_limit,0.0,,87292.76,87292.76,0.008101931935706963,-0.0008106055989064442,0.0,0.008101931935706963,-0.0008106055989064442
BTC/USDT,2025-12-18 10:06:00+00:00,2025-12-18 10:06:00+00:00,turnover_limit,0.0,,87409.18,87409.18,0.006759244280749588,-0.0027511984439162473,0.0,0.006759244280749588,-0.0027511984439162473
BTC/USDT,2025-12-18 10:07:00+00:00,2025-12-18 10:07:00+00:00,turnover_limit,0.0,,87414.3,87414.3,0.0067002767281783004,-0.002809608954141396,0.0,0.0067002767281783004,-0.002809608954141396
BTC/USDT,2025-12-18 10:09:00+00:00,2025-12-18 10:09:00+00:00,turnover_limit,0.0,,87390.0,87390.0,0.006980203684632036,-0.0026593431742761853,0.0,0.006980203684632036,-0.0026593431742761853
BTC/USDT,2025-12-18 10:11:00+00:00,2025-12-18 10:11:00+00:00,turnover_limit,0.0,,87377.94,87377.94,0.0031163472153268312,-0.002521689112835568,0.0,0.0031163472153268312,-0.002521689112835568
BTC/USDT,2025-12-18 10:12:00+00:00,2025-12-18 10:12:00+00:00,turnover_limit,0.0,,87371.74,87371.74,0.0031875295146921445,-0.0024509068950669954,0.0,0.0031875295146921445,-0.0024509068950669954
BTC/USDT,2025-12-18 10:14:00+00:00,2025-12-18 10:14:00+00:00,turnover_limit,0.0,,87341.34,87341.34,0.0012820961986617085,-0.0026295680831093238,0.0,0.0012820961986617085,-0.0026295680831093238
BTC/USDT,2025-12-18 10:17:00+00:00,2025-12-18 10:17:00+00:00,turnover_limit,0.0,,87301.2,87301.2,0.0017424731847901498,-0.002170989631299469,0.0,0.0017424731847901498,-0.002170989631299469
BTC/USDT,2025-12-18 10:29:00+00:00,2025-12-18 10:29:00+00:00,turnover_limit,0.0,,87373.95,87373.95,0.03005529680184993,-0.0034988689420587527,0.0,0.03005529680184993,-0.0034988689420587527
BTC/USDT,2025-12-18 10:30:00+00:00,2025-12-18 10:30:00+00:00,turnover_limit,0.0,,87391.16,87391.16,0.029852447318470254,-0.0036951105809786,0.0,0.029852447318470254,-0.0036951105809786
BTC/USDT,2025-12-18 10:31:00+00:00,2025-12-18 10:31:00+00:00,turnover_limit,0.0,,87414.45,87414.45,0.029578061750660245,-0.003960558008429871,0.0,0.029578061750660245,-0.003960558008429871
BTC/USDT,2025-12-18 10:32:00+00:00,2025-12-18 10:32:00+00:00,turnover_limit,0.0,,87435.09,87435.09,0.029335018697870696,-0.0041956839067700535,0.0,0.029335018697870696,-0.0041956839067700535
BTC/USDT,2025-12-18 11:01:00+00:00,2025-12-18 11:01:00+00:00,turnover_limit,0.0,,87336.01,87336.01,0.030502767415181875,-0.003065974733674981,0.0,0.030502767415181875,-0.003065974733674981
BTC/USDT,2025-12-18 11:31:00+00:00,2025-12-18 11:31:00+00:00,turnover_limit,0.0,,87257.37,87257.37,0.0010615722202034217,-0.0023882223358324683,0.0,0.0010615722202034217,-0.0023882223358324683
BTC/USDT,2025-12-18 11:32:00+00:00,2025-12-18 11:32:00+00:00,turnover_limit,0.0,,87234.94,87234.94,0.0013189669185305064,-0.002131714654701522,0.0,0.0013189669185305064,-0.002131714654701522
BTC/USDT,2025-12-18 11:33:00+00:00,2025-12-18 11:33:00+00:00,turnover_limit,0.0,,87211.24,87211.24,0.0016640056946788384,-0.00186053999461544,0.0,0.0016640056946788384,-0.00186053999461544
BTC/USDT,2025-12-18 11:35:00+00:00,2025-12-18 11:35:00+00:00,turnover_limit,0.0,,87185.0,87185.0,0.0021673453002237775,-0.0015601307564374611,0.0,0.0021673453002237775,-0.0015601307564374611
BTC/USDT,2025-12-18 11:37:00+00:00,2025-12-18 11:37:00+00:00,turnover_limit,0.0,,87179.99,87179.99,0.0026080526047318475,-0.0015027530973564796,0.0,0.0026080526047318475,-0.0015027530973564796
BTC/USDT,2025-12-18 11:41:00+00:00,2025-12-18 11:41:00+00:00,turnover_limit,0.0,,87140.01,87140.01,0.003068051059438748,-0.0010446406880145753,0.0,0.003068051059438748,-0.0010446406880145753
BTC/USDT,2025-12-18 11:42:00+00:00,2025-12-18 11:42:00+00:00,turnover_limit,0.0,,87151.16,87151.16,0.0029397199073426528,-0.0011724456679637063,0.0,0.0029397199073426528,-0.0011724456679637063
BTC/USDT,2025-12-18 11:50:00+00:00,2025-12-18 11:50:00+00:00,turnover_limit,0.0,,87184.51,87184.51,0.0025560733208227493,-0.0015545192603594327,0.0,0.0025560733208227493,-0.0015545192603594327
BTC/USDT,2025-12-18 11:53:00+00:00,2025-12-18 11:53:00+00:00,turnover_limit,0.0,,87180.78,87180.78,0.0025989673411961345,-0.0015118011102905893,0.0,0.0025989673411961345,-0.0015118011102905893
BTC/USDT,2025-12-18 11:56:00+00:00,2025-12-18 11:56:00+00:00,turnover_limit,0.0,,87264.57,87264.57,0.0016362883584941645,-0.002470533000964892,0.0,0.0016362883584941645,-0.002470533000964892
BTC/USDT,2025-12-18 11:57:00+00:00,2025-12-18 11:57:00+00:00,turnover_limit,0.0,,87264.57,87264.57,0.0016362883584941645,-0.002470533000964892,0.0,0.0016362883584941645,-0.002470533000964892
BTC/USDT,2025-12-18 11:58:00+00:00,2025-12-18 11:58:00+00:00,turnover_limit,0.0,,87264.57,87264.57,0.03246162789778251,-0.002470533000964892,0.0,0.03246162789778251,-0.002470533000964892
BTC/USDT,2025-12-18 11:59:00+00:00,2025-12-18 11:59:00+00:00,turnover_limit,0.0,,87247.96,87247.96,0.032658184787357714,-0.0022806263894309398,0.0,0.032658184787357714,-0.0022806263894309398
BTC/USDT,2025-12-18 12:05:00+00:00,2025-12-18 12:05:00+00:00,turnover_limit,0.0,,87347.07,87347.07,0.061826458517726834,-0.003412707489787725,0.0,0.061826458517726834,-0.003412707489787725
BTC/USDT,2025-12-18 12:06:00+00:00,2025-12-18 12:06:00+00:00,turnover_limit,0.0,,87326.44,87326.44,0.062077304422349044,-0.0031772736870987472,0.0,0.062077304422349044,-0.0031772736870987472
BTC/USDT,2025-12-18 12:08:00+00:00,2025-12-18 12:08:00+00:00,turnover_limit,0.0,,87312.38,87312.38,0.06224833179441425,-0.003016754325102733,0.0,0.06224833179441425,-0.003016754325102733
BTC/USDT,2025-12-18 12:10:00+00:00,2025-12-18 12:10:00+00:00,turnover_limit,0.0,,87298.13,87298.13,0.0624217265593201,-0.002854013024104929,0.0,0.0624217265593201,-0.002854013024104929
BTC/USDT,2025-12-18 12:33:00+00:00,2025-12-18 12:33:00+00:00,turnover_limit,0.0,,87333.07,87333.07,0.061996675486158725,-0.0021569149006214205,0.0,0.061996675486158725,-0.0021569149006214205
BTC/USDT,2025-12-18 12:34:00+00:00,2025-12-18 12:34:00+00:00,turnover_limit,0.0,,87339.53,87339.53,0.06191812573298705,-0.002230719583675378,0.0,0.06191812573298705,-0.002230719583675378
BTC/USDT,2025-12-18 12:35:00+00:00,2025-12-18 12:35:00+00:00,turnover_limit,0.0,,87373.96,87373.96,0.061499673358057505,-0.0026238938924137978,0.0,0.061499673358057505,-0.0026238938924137978
BTC/USDT,2025-12-18 12:37:00+00:00,2025-12-18 12:37:00+00:00,turnover_limit,0.0,,87404.53,87404.53,0.06112841062128016,-0.00297272921666647,0.0,0.06112841062128016,-0.00297272921666647
BTC/USDT,2025-12-18 12:38:00+00:00,2025-12-18 12:38:00+00:00,turnover_limit,0.0,,87355.59,87355.59,0.061722896039051456,-0.002414155751223279,0.0,0.061722896039051456,-0.002414155751223279
BTC/USDT,2025-12-18 12:39:00+00:00,2025-12-18 12:39:00+00:00,turnover_limit,0.0,,87359.93,87359.93,0.06167015014778521,-0.002463715344094175,0.0,0.06167015014778521,-0.002463715344094175
BTC/USDT,2025-12-18 12:40:00+00:00,2025-12-18 12:40:00+00:00,turnover_limit,0.0,,87373.96,87373.96,0.061499673358057505,-0.0026238938924137978,0.0,0.061499673358057505,-0.0026238938924137978
BTC/USDT,2025-12-18 12:41:00+00:00,2025-12-18 12:41:00+00:00,turnover_limit,0.0,,87372.81,87372.81,0.0615136448055178,-0.002610766438666645,0.0,0.0615136448055178,-0.002610766438666645
BTC/USDT,2025-12-18 12:42:00+00:00,2025-12-18 12:42:00+00:00,turnover_limit,0.0,,87370.48,87370.48,0.06154195330047396,-0.0025841680164742087,0.0,0.06154195330047396,-0.0025841680164742087
BTC/USDT,2025-12-18 12:43:00+00:00,2025-12-18 12:43:00+00:00,turnover_limit,0.0,,87377.82,87377.82,0.061452780579785315,-0.002667953949869739,0.0,0.061452780579785315,-0.002667953949869739
BTC/USDT,2025-12-18 12:44:00+00:00,2025-12-18 12:44:00+00:00,turnover_limit,0.0,,87373.95,87373.95,0.06149979484731993,-0.002623779742131349,0.0,0.06149979484731993,-0.002623779742131349
BTC/USDT,2025-12-18 12:45:00+00:00,2025-12-18 12:45:00+00:00,turnover_limit,0.0,,87382.82,87382.82,0.061392044797821566,-0.0027250207763952483,0.0,0.061392044797821566,-0.0027250207763952483
BTC/USDT,2025-12-18 13:04:00+00:00,2025-12-18 13:04:00+00:00,turnover_limit,0.0,,87672.33,87672.33,0.05788713497177489,-0.00538744664365598,0.0,0.05788713497177489,-0.00538744664365598
BTC/USDT,2025-12-18 13:07:00+00:00,2025-12-18 13:07:00+00:00,turnover_limit,0.0,,87573.31,87573.31,0.05908329832456949,-0.004262828480503855,0.0,0.05908329832456949,-0.004262828480503855
BTC/USDT,2025-12-18 13:17:00+00:00,2025-12-18 13:17:00+00:00,turnover_limit,0.0,,87745.59,87745.59,0.05700389045193033,-0.0019126887174615304,0.0,0.05700389045193033,-0.0019126887174615304
BTC/USDT,2025-12-18 13:18:00+00:00,2025-12-18 13:18:00+00:00,turnover_limit,0.0,,87714.48,87714.48,0.05737878170172128,-0.0015586936159229792,0.0,0.05737878170172128,-0.0015586936159229792
BTC/USDT,2025-12-18 13:19:00+00:00,2025-12-18 13:19:00+00:00,turnover_limit,0.0,,87702.42,87702.42,0.05752418234297285,-0.0014213974939346619,0.0,0.05752418234297285,-0.0014213974939346619
BTC/USDT,2025-12-18 13:22:00+00:00,2025-12-18 13:22:00+00:00,turnover_limit,0.0,,87630.46,87630.46,0.058392595451398854,-0.0006013890603793204,0.0,0.058392595451398854,-0.0006013890603793204
BTC/USDT,2025-12-18 13:53:00+00:00,2025-12-18 13:53:00+00:00,turnover_limit,0.0,,89025.99,89025.99,0.041801725541047,-0.016543258884287648,0.0,0.041801725541047,-0.016543258884287648
BTC/USDT,2025-12-18 13:58:00+00:00,2025-12-18 13:58:00+00:00,turnover_limit,0.0,,88825.04,88825.04,0.04415860662714022,-0.01431837238688538,0.0,0.04415860662714022,-0.01431837238688538
BTC/USDT,2025-12-18 14:10:00+00:00,2025-12-18 14:10:00+00:00,turnover_limit,0.0,,88857.67,88857.67,0.014389416242852171,-0.04084824641474383,0.0,0.014389416242852171,-0.04084824641474383
BTC/USDT,2025-12-18 14:29:00+00:00,2025-12-18 14:29:00+00:00,turnover_limit,0.0,,88521.59,88521.59,0.04773795861551955,-0.03720674244554345,0.0,0.04773795861551955,-0.03720674244554345
BTC/USDT,2025-12-18 14:53:00+00:00,2025-12-18 14:53:00+00:00,turnover_limit,0.0,,88248.25,88248.25,0.050983220630437254,-0.034224588022991886,0.0,0.050983220630437254,-0.034224588022991886
BTC/USDT,2025-12-18 14:57:00+00:00,2025-12-18 14:57:00+00:00,turnover_limit,0.0,,88364.11,88364.11,0.04960520736303442,-0.03549087972481135,0.0,0.04960520736303442,-0.03549087972481135
BTC/USDT,2025-12-18 14:58:00+00:00,2025-12-18 14:58:00+00:00,turnover_limit,0.0,,88337.75,88337.75,0.04991840973989037,-0.03520307003517742,0.0,0.04991840973989037,-0.03520307003517742
BTC/USDT,2025-12-18 15:02:00+00:00,2025-12-18 15:02:00+00:00,turnover_limit,0.0,,88449.99,88449.99,0.04858609933138469,-0.036427364208859725,0.0,0.04858609933138469,-0.036427364208859725
BTC/USDT,2025-12-18 15:31:00+00:00,2025-12-18 15:31:00+00:00,turnover_limit,0.0,,88459.66,88459.66,0.010976415690496566,-0.006171287567689032,0.0,0.010976415690496566,-0.006171287567689032
BTC/USDT,2025-12-18 15:32:00+00:00,2025-12-18 15:32:00+00:00,turnover_limit,0.0,,88440.79,88440.79,0.011192120739762945,-0.011480449236149881,0.0,0.011192120739762945,-0.011480449236149881
BTC/USDT,2025-12-18 15:42:00+00:00,2025-12-18 15:42:00+00:00,turnover_limit,0.0,,89261.84,89261.84,0.0003941213849054659,-0.020573069074085848,0.0,0.0003941213849054659,-0.020573069074085848
BTC/USDT,2025-12-18 15:45:00+00:00,2025-12-18 15:45:00+00:00,turnover_limit,0.0,,89006.8,89006.8,0.00035795017908735183,-0.017766620078465967,0.0,0.00035795017908735183,-0.017766620078465967
BTC/USDT,2025-12-18 16:40:00+00:00,2025-12-18 16:40:00+00:00,turnover_limit,0.0,,88372.84,88372.84,0.0010386675363156517,-0.7114498074295225,0.0,0.0010386675363156517,-0.7114498074295225
BTC/USDT,2025-12-18 16:43:00+00:00,2025-12-18 16:43:00+00:00,turnover_limit,0.0,,88275.15,88275.15,0.0021464704393026057,-0.7111304823611175,0.0,0.0021464704393026057,-0.7111304823611175
BTC/USDT,2025-12-18 16:44:00+00:00,2025-12-18 16:44:00+00:00,turnover_limit,0.0,,88284.59,88284.59,0.0020393139957948225,-0.7111613702912365,0.0,0.0020393139957948225,-0.7111613702912365
BTC/USDT,2025-12-18 17:45:00+00:00,2025-12-18 17:45:00+00:00,dry_run,0.0,,86363.82,86363.82,0.0057443035752702265,-0.42105386260126065,0.0,0.0057443035752702265,-0.42105386260126065
BTC/USDT,2025-12-18 17:45:00+00:00,2025-12-18 17:46:00+00:00,take_profit,0.0084697259593124,1.0,86363.82,86485.21,0.0057443035752702265,-0.42105386260126065,0.0014055654323765765,0.004332648322181276,-0.421866467110388
BTC/USDT,2025-12-18 17:45:00+00:00,2025-12-18 17:47:00+00:00,take_profit,0.0074987246673027,2.0,86363.82,86465.82,0.0057443035752702265,-0.42105386260126065,0.0011810501202933477,0.00455787038161426,-0.42173682039908955
BTC/USDT,2025-12-18 17:45:00+00:00,2025-12-18 17:48:00+00:00,take_profit,0.0048408618978254,3.0,86363.82,86456.1,0.0057443035752702265,-0.42105386260126065,0.0010685029911829957,0.004670809809834031,-0.4216718080042936
BTC/USDT,2025-12-18 17:45:00+00:00,2025-12-18 17:49:00+00:00,gate_close,-0.0119102775802996,4.0,86363.82,86431.6,0.0057443035752702265,-0.42105386260126065,0.0007848193838577711,0.004955594944441533,-0.4215078744348132
BTC/USDT,2025-12-18 17:45:00+00:00,2025-12-18 17:51:00+00:00,gate_close,-0.0122862776239406,6.0,86363.82,86258.24,0.0057443035752702265,-0.42105386260126065,-0.0012225026637312508,0.006975333602911471,-0.42034523310468663
BTC/USDT,2025-12-18 17:45:00+00:00,2025-12-18 17:52:00+00:00,gate_close,-0.0153902779843626,7.0,86363.82,86199.81,0.0057443035752702265,-0.42105386260126065,-0.0018990591198954077,0.007657905510464635,-0.41995231776032915
BTC/USDT,2025-12-18 17:45:00+00:00,2025-12-18 17:53:00+00:00,trailing_prob_drop,-0.0049382767717637,8.0,86363.82,86227.2,0.0057443035752702265,-0.42105386260126065,-0.0015819124258283912,0.007337823795739551,-0.42013656943516664
BTC/USDT,2025-12-18 17:45:00+00:00,2025-12-18 17:54:00+00:00,gate_close,-0.0098852773453278,9.0,86363.82,86331.72,0.0057443035752702265,-0.42105386260126065,-0.0003716834202101005,0.006118261051673679,-0.4208385979104783
BTC/USDT,2025-12-18 17:45:00+00:00,2025-12-18 17:55:00+00:00,trailing_prob_drop,-0.0045152767227527,10.0,86363.82,86282.26,0.0057443035752702265,-0.42105386260126065,-0.0009443769393249202,0.006695003121151455,-0.4205066024000762
BTC/USDT,2025-12-18 17:45:00+00:00,2025-12-18 17:56:00+00:00,prob_floor,-0.0073772770544634,11.0,86363.82,86335.95,0.0057443035752702265,-0.42105386260126065,-0.00032270457698613253,0.00606896663556733,-0.4208669737229972
BTC/USDT,2025-12-18 17:45:00+00:00,2025-12-18 17:57:00+00:00,trailing_prob_drop,-0.0028632765313801,12.0,86363.82,86307.34,0.0057443035752702265,-0.42105386260126065,-0.0006539775568057404,0.006402468202588496,-0.4206749970512357
BTC/USDT,2025-12-18 17:45:00+00:00,2025-12-18 17:58:00+00:00,take_profit,0.0069527235999988,13.0,86363.82,86352.48,0.0057443035752702265,-0.42105386260126065,-0.00013130498396218826,0.005876380157234573,-0.42097783410505407
BTC/USDT,2025-12-18 18:09:00+00:00,2025-12-18 18:09:00+00:00,dry_run,0.0,,86493.08,86493.08,0.004241264156623847,-0.4219190714447908,0.0,0.004241264156623847,-0.4219190714447908
BTC/USDT,2025-12-18 18:09:00+00:00,2025-12-18 18:10:00+00:00,take_profit,0.0098249123354729,1.0,86493.08,86404.44,0.004241264156623847,-0.4219190714447908,-0.0010248218701426337,0.01572905281256376,-0.421326033708453
BTC/USDT,2025-12-18 18:09:00+00:00,2025-12-18 18:11:00+00:00,take_profit,0.0315449148362445,2.0,86493.08,86519.99,0.004241264156623847,-0.4219190714447908,0.0003111231557484384,0.014372516686606218,-0.42209886986810796
BTC/USDT,2025-12-18 18:09:00+00:00,2025-12-18 18:12:00+00:00,take_profit,0.0351229152470029,3.0,86493.08,86737.19,0.004241264156623847,-0.4219190714447908,0.0028223067093922083,0.01183241006539415,-0.42354600143260346
BTC/USDT,2025-12-18 18:09:00+00:00,2025-12-18 18:13:00+00:00,take_profit,0.0149887057197806,4.0,86493.08,86772.97,0.004241264156623847,-0.4219190714447908,0.0032359814218663185,0.011415190698209399,-0.4237836966972549
BTC/USDT,2025-12-18 18:09:00+00:00,2025-12-18 18:14:00+00:00,take_profit,0.0268149110000007,5.0,86493.08,86715.46,0.004241264156623847,-0.4219190714447908,0.002571072737842295,0.012085964832568408,-0.4234015480053961
BTC/USDT,2025-12-18 18:16:00+00:00,2025-12-18 18:16:00+00:00,dry_run,0.0,,86733.51,86733.51,0.011875340914947463,-0.42352154317287516,0.0,0.011875340914947463,-0.42352154317287516
BTC/USDT,2025-12-18 18:16:00+00:00,2025-12-18 18:17:00+00:00,gate_close,-0.0120820309963859,1.0,86733.51,86601.48,0.011875340914947463,-0.42352154317287516,-0.0015222490130977206,0.013418015488880775,-0.42264266153419083
BTC/USDT,2025-12-18 18:16:00+00:00,2025-12-18 18:18:00+00:00,gate_close,-0.0104830308113387,2.0,86733.51,86498.0,0.011875340914947463,-0.42352154317287516,-0.002715328827347041,0.014630396078522123,-0.4219519526463039
BTC/USDT,2025-12-18 18:16:00+00:00,2025-12-18 18:19:00+00:00,take_profit,0.0037169708289818,3.0,86733.51,86513.99,0.011875340914947463,-0.42352154317287516,-0.0025309710168537336,0.014442866408080235,-0.422058790722749
BTC/USDT,2025-12-18 18:16:00+00:00,2025-12-18 18:20:00+00:00,trailing_prob_drop,-0.0001320296151066,4.0,86733.51,86655.99,0.011875340914947463,-0.42352154317287516,-0.0008937721994646264,0.012780536002185094,-0.42300584183505374
BTC/USDT,2025-12-18 18:16:00+00:00,2025-12-18 18:22:00+00:00,prob_floor,-0.0284890328990732,6.0,86733.51,86454.83,0.011875340914947463,-0.42352154317287516,-0.0032130603269715508,0.01513703745643813,-0.4216633125066581
BTC/USDT,2025-12-18 18:16:00+00:00,2025-12-18 18:23:00+00:00,prob_floor,-0.0160390314546122,7.0,86733.51,86333.94,0.011875340914947463,-0.42352154317287516,-0.004606869939888236,0.01655849368162743,-0.4208534905275956
BTC/USDT,2025-12-18 18:16:00+00:00,2025-12-18 18:24:00+00:00,trailing_prob_drop,-0.0212159036727168,8.0,86733.51,86458.44,0.011875340914947463,-0.42352154317287516,-0.0031714385823886637,0.015094651256719382,-0.42168746047233796
BTC/USDT,2025-12-18 18:16:00+00:00,2025-12-18 18:26:00+00:00,prob_floor,-0.032269588767393,10.0,86733.51,86360.01,0.011875340914947463,-0.42352154317287516,-0.0043062940724986065,0.016251619239043613,-0.42102832086286235
BTC/USDT,2025-12-18 18:16:00+00:00,2025-12-18 18:27:00+00:00,prob_floor,-0.0286470329174285,11.0,86733.51,86311.16,0.011875340914947463,-0.42352154317287516,-0.0048695135248185695,0.016826792734566443,-0.4207006370902674
BTC/USDT,2025-12-18 18:16:00+00:00,2025-12-18 18:28:00+00:00,prob_floor,-0.0595028728602584,12.0,86733.51,86316.02,0.011875340914947463,-0.42352154317287516,-0.00481347981881497,0.01676954057890989,-0.4207332543831377
BTC/USDT,2025-12-18 18:16:00+00:00,2025-12-18 18:30:00+00:00,prob_floor,-0.0083960305699208,14.0,86733.51,86525.53,0.011875340914947463,-0.42352154317287516,-0.0023979197890180437,0.014307569107059992,-0.05630049304523177
BTC/USDT,2025-12-18 18:16:00+00:00,2025-12-18 18:31:00+00:00,prob_floor,-0.0168930315535591,15.0,86733.51,86534.87,0.011875340914947463,-0.42352154317287516,-0.002290233613282844,0.014198091474569852,-0.05640234971174041
BTC/USDT,2025-12-18 18:16:00+00:00,2025-12-18 18:32:00+00:00,prob_floor,-0.0181150316951807,16.0,86733.51,86449.9,0.011875340914947463,-0.42352154317287516,-0.003269901102814776,0.015194927929355728,-0.055474905118455764
BTC/USDT,2025-12-18 18:16:00+00:00,2025-12-18 18:33:00+00:00,prob_floor,-0.0260310326135635,17.0,86733.51,86437.67,0.011875340914947463,-0.42352154317287516,-0.003410907733354729,0.015338567085392274,-0.05534126498319536
BTC/USDT,2025-12-18 18:16:00+00:00,2025-12-18 18:34:00+00:00,prob_floor,-0.0225430322086911,18.0,86733.51,86361.95,0.011875340914947463,-0.42352154317287516,-0.004283926708373742,0.016228790572700103,-0.05451301180670409
BTC/USDT,2025-12-18 18:16:00+00:00,2025-12-18 18:35:00+00:00,prob_floor,-0.0135360311647111,19.0,86733.51,86393.4,0.011875340914947463,-0.42352154317287516,-0.0039213217590294835,0.015858850328844598,-0.05485719973979486
BTC/USDT,2025-12-18 18:16:00+00:00,2025-12-18 18:36:00+00:00,prob_floor,-0.0051390301933948,20.0,86733.51,86474.77,0.011875340914947463,-0.42352154317287516,-0.0029831607183888886,0.014902959556874151,-0.05574654896451303
BTC/USDT,2025-12-18 18:16:00+00:00,2025-12-18 18:37:00+00:00,trailing_prob_drop,-0.0029070299355241,21.0,86733.51,86567.43,0.011875340914947463,-0.42352154317287516,-0.0019148308421970128,0.013816628263077835,-0.05675725847469404
BTC/USDT,2025-12-18 18:16:00+00:00,2025-12-18 18:42:00+00:00,gate_close,-0.0046510301370031,26.0,86733.51,86621.93,0.011875340914947463,-0.42352154317287516,-0.0012864693242554681,0.013178764315226132,-0.057350719384802296
BTC/USDT,2025-12-18 18:16:00+00:00,2025-12-18 18:44:00+00:00,gate_close,-0.0109170308615598,28.0,86733.51,86500.01,0.011875340914947463,-0.42352154317287516,-0.002692154393382662,0.014606819120599024,-0.056022074448314974
BTC/USDT,2025-12-18 18:16:00+00:00,2025-12-18 18:45:00+00:00,trailing_prob_drop,-0.0221720321656458,29.0,86733.51,86509.66,0.011875340914947463,-0.42352154317287516,-0.002580894051214977,0.014493641519340184,-0.05612737352106112
BTC/USDT,2025-12-18 18:16:00+00:00,2025-12-18 18:46:00+00:00,prob_floor,-0.0305919703116643,30.0,86733.51,86397.11,0.011875340914947463,-0.42352154317287516,-0.0038785470575328773,0.01581522807880953,-0.05489778535416279
BTC/USDT,2025-12-18 18:16:00+00:00,2025-12-18 18:47:00+00:00,trailing_prob_drop,-0.0321720333271745,31.0,86733.51,86349.79,0.011875340914947463,-0.42352154317287516,-0.004424126269074069,0.016371898530384454,-0.05437986589197252
BTC/USDT,2025-12-18 18:16:00+00:00,2025-12-18 18:48:00+00:00,prob_floor,-0.0342230335657392,32.0,86733.51,86297.11,0.011875340914947463,-0.42352154317287516,-0.0050315039711871234,0.016992341921994836,-0.053802612856907905
BTC/USDT,2025-12-18 18:16:00+00:00,2025-12-18 18:49:00+00:00,trailing_prob_drop,-0.0472544259923313,33.0,86733.51,86276.6,0.011875340914947463,-0.42352154317287516,-0.005267975434177452,0.017234105191906046,-0.05357767923168044
BTC/USDT,2025-12-18 18:16:00+00:00,2025-12-18 18:50:00+00:00,prob_floor,-0.0532760357873238,34.0,86733.51,86180.01,0.011875340914947463,-0.42352154317287516,-0.0063816165170762496,0.01837421462355371,-0.05251693519181522
BTC/USDT,2025-12-18 18:16:00+00:00,2025-12-18 18:51:00+00:00,prob_floor,-0.0618820367940112,35.0,86733.51,86086.06,0.011875340914947463,-0.42352154317287516,-0.00746481953745437,0.01948561706738583,-0.051482899786562286
BTC/USDT,2025-12-18 18:16:00+00:00,2025-12-18 18:52:00+00:00,prob_floor,-0.0705330378079963,36.0,86733.51,86005.36,0.011875340914947463,-0.42352154317287516,-0.008395255766773357,0.02044221429920179,-0.05059289328013972
BTC/USDT,2025-12-18 18:16:00+00:00,2025-12-18 18:54:00+00:00,prob_floor,-0.0879930398607198,38.0,86733.51,85866.91,0.011875340914947463,-0.42352154317287516,-0.009991524613727654,0.022087553866792176,-0.04906208922622224
BTC/USDT,2025-12-18 18:16:00+00:00,2025-12-18 18:55:00+00:00,prob_floor,-0.0702870377791367,39.0,86733.51,85738.9,0.011875340914947463,-0.42352154317287516,-0.011467424758896505,0.023613552308228813,-0.047642318714142484
BTC/USDT,2025-12-18 18:16:00+00:00,2025-12-18 18:56:00+00:00,prob_floor,-0.0636329678315392,40.0,86733.51,85915.96,0.011875340914947463,-0.42352154317287516,-0.009425999247580141,0.021504037201004245,-0.04960498608174779
BTC/USDT,2025-12-18 18:16:00+00:00,2025-12-18 18:57:00+00:00,prob_floor,-0.0628220369040894,41.0,86733.51,85986.48,0.011875340914947463,-0.42352154317287516,-0.008612934032071307,0.020666272186045997,-0.05038443252939284
BTC/USDT,2025-12-18 18:16:00+00:00,2025-12-18 18:58:00+00:00,prob_floor,-0.0667100373596503,42.0,86733.51,85990.61,0.011875340914947463,-0.42352154317287516,-0.00856531691153739,0.020617251116139323,-0.050430041140538395
BTC/USDT,2025-12-18 18:16:00+00:00,2025-12-18 18:59:00+00:00,prob_floor,-0.0684520453274412,43.0,86733.51,85951.72,0.011875340914947463,-0.42352154317287516,-0.009013701855257517,0.021079042979011975,-0.05000039557090885
BTC/USDT,2025-12-18 18:16:00+00:00,2025-12-18 19:00:00+00:00,prob_floor,-0.0878100398391615,44.0,86733.51,85934.33,0.011875340914947463,-0.42352154317287516,-0.009214201062542005,0.021285672443131842,-0.04980815001408634
BTC/USDT,2025-12-18 18:16:00+00:00,2025-12-18 19:02:00+00:00,prob_floor,-0.0942340405964882,46.0,86733.51,85613.54,0.011875340914947463,-0.42352154317287516,-0.012912771545853463,0.025112382924476817,-0.01674583249331818
BTC/USDT,2025-12-18 18:16:00+00:00,2025-12-18 19:03:00+00:00,prob_floor,-0.1076660421836586,47.0,86733.51,85676.49,0.011875340914947463,-0.42352154317287516,-0.012186985168707976,0.024359191185353124,-0.01746826930001466
BTC/USDT,2025-12-18 18:16:00+00:00,2025-12-18 19:05:00+00:00,prob_floor,-0.0939180405592066,49.0,86733.51,85679.65,0.011875340914947463,-0.42352154317287516,-0.012150551730236714,0.024321411210246557,-0.017504506612713744
BTC/USDT,2025-12-18 18:16:00+00:00,2025-12-18 19:06:00+00:00,prob_floor,-0.0889990399792469,50.0,86733.51,85703.65,0.011875340914947463,-0.42352154317287516,-0.01187384207095965,0.024034565622351067,-0.01777963949026673
BTC/USDT,2025-12-18 18:16:00+00:00,2025-12-18 19:07:00+00:00,prob_floor,-0.0848820394943564,51.0,86733.51,85728.83,0.011875340914947463,-0.42352154317287516,-0.011583527520101389,0.02373378943816218,-0.018068134138772285
BTC/USDT,2025-12-18 18:16:00+00:00,2025-12-18 19:08:00+00:00,prob_floor,-0.0854279384748713,52.0,86733.51,85770.01,0.011875340914947463,-0.42352154317287516,-0.011108739863058714,0.023242273144191028,-0.018539580443094228
BTC/USDT,2025-12-18 18:16:00+00:00,2025-12-18 19:09:00+00:00,prob_floor,-0.0878040398384549,53.0,86733.51,85858.1,0.011875340914947463,-0.42352154317287516,-0.010093100117820497,0.02219243146540628,-0.019546554139912353
BTC/USDT,2025-12-18 18:16:00+00:00,2025-12-18 19:11:00+00:00,prob_floor,-0.1011860414173368,55.0,86733.51,85757.71,0.011875340914947463,-0.42352154317287516,-0.01125055356343807,0.0005990131965976087,-0.01839881218843198
BTC/USDT,2025-12-18 18:16:00+00:00,2025-12-18 19:12:00+00:00,prob_floor,-0.0969330409150095,56.0,86733.51,85606.97,0.011875340914947463,-0.42352154317287516,-0.012988520815080506,0.002360905893527221,-0.016670371583061616
BTC/USDT,2025-12-18 18:16:00+00:00,2025-12-18 19:13:00+00:00,prob_floor,-0.1001442748781608,57.0,86733.51,85649.49,0.011875340914947463,-0.42352154317287516,-0.012498283535394727,0.0018632918888366046,-0.01715853766321329
BTC/USDT,2025-12-18 18:16:00+00:00,2025-12-18 19:14:00+00:00,prob_floor,-0.0968340409033248,58.0,86733.51,85637.69,0.011875340914947463,-0.42352154317287516,-0.012634332451205932,0.0020013384293762204,-0.017023112136724028
BTC/USDT,2025-12-18 18:16:00+00:00,2025-12-18 19:15:00+00:00,prob_floor,-0.1326050451437963,59.0,86733.51,85650.49,0.011875340914947463,-0.42352154317287516,-0.01248675396625809,0.0018515947777997255,-0.01717001268760998
BTC/USDT,2025-12-18 18:16:00+00:00,2025-12-18 19:16:00+00:00,prob_floor,-0.1218830438690284,60.0,86733.51,85292.78,0.011875340914947463,-0.42352154317287516,-0.016610996142090828,0.006053267345723867,-0.013048114975265257
BTC/USDT,2025-12-18 18:16:00+00:00,2025-12-18 19:17:00+00:00,prob_floor,-0.1232490440312582,61.0,86733.51,85399.99,0.011875340914947463,-0.42352154317287516,-0.015374911034962024,0.004790281591367851,-0.014287121110904244
BTC/USDT,2025-12-18 18:16:00+00:00,2025-12-18 19:18:00+00:00,prob_floor,-0.1192445080233362,62.0,86733.51,85386.34,0.011875340914947463,-0.42352154317287516,-0.015532289653675924,0.004950909009567628,-0.01412954343751005
BTC/USDT,2025-12-18 18:16:00+00:00,2025-12-18 19:19:00+00:00,prob_floor,-0.1045700418173847,63.0,86733.51,85520.53,0.011875340914947463,-0.42352154317287516,-0.013985136771243245,0.003374043636072077,-0.015676469731887854
BTC/USDT,2025-12-18 18:16:00+00:00,2025-12-18 19:20:00+00:00,trailing_prob_drop,-0.1017170414800916,64.0,86733.51,85573.12,0.011875340914947463,-0.42352154317287516,-0.013378796730352582,0.0027574079337062685,-0.016281397709935086
BTC/USDT,2025-12-18 18:16:00+00:00,2025-12-18 19:21:00+00:00,prob_floor,-0.1080910422339594,65.0,86733.51,85601.66,0.011875340914947463,-0.42352154317287516,-0.01304974282719551,0.002423083851411212,-0.016609374164005763
BTC/USDT,2025-12-18 18:16:00+00:00,2025-12-18 19:22:00+00:00,prob_floor,-0.1049460418618517,66.0,86733.51,85537.92,0.011875340914947463,-0.42352154317287516,-0.013784637563958757,0.003170056040642688,-0.015876584326577015
BTC/USDT,2025-12-18 18:16:00+00:00,2025-12-18 19:23:00+00:00,prob_floor,-0.1053330419076253,67.0,86733.51,85569.37,0.011875340914947463,-0.42352154317287516,-0.01342203261461461,0.0028013528672701238,-0.016238287134753948
BTC/USDT,2025-12-18 18:16:00+00:00,2025-12-18 19:24:00+00:00,prob_floor,-0.0954220407366634,68.0,86733.51,85565.5,0.011875340914947463,-0.42352154317287516,-0.0134666520471729,0.0028467080774376985,-0.0161937930591185
BTC/USDT,2025-12-18 18:16:00+00:00,2025-12-18 19:25:00+00:00,prob_floor,-0.1091010423535201,69.0,86733.51,85664.6,0.011875340914947463,-0.42352154317287516,-0.01232407174574146,0.0016865776528460774,-0.017331896722800444
BTC/USDT,2025-12-18 18:16:00+00:00,2025-12-18 19:26:00+00:00,prob_floor,-0.1031290416469939,70.0,86733.51,85527.81,0.011875340914947463,-0.42352154317287516,-0.013901201507929284,0.0032886379295811174,-0.015760253887010633
BTC/USDT,2025-12-18 18:16:00+00:00,2025-12-18 19:27:00+00:00,trailing_prob_drop,-0.0962590408354507,71.0,86733.51,85587.54,0.011875340914947463,-0.42352154317287516,-0.013212540343403578,0.00258846089045206,-0.016447137048219873
BTC/USDT,2025-12-18 18:16:00+00:00,2025-12-18 19:28:00+00:00,trailing_prob_drop,-0.0930210404533988,72.0,86733.51,85656.23,0.011875340914947463,-0.42352154317287516,-0.01242057423941445,0.0017844586435802334,-0.01723587414482286
BTC/USDT,2025-12-18 18:16:00+00:00,2025-12-18 19:29:00+00:00,trailing_prob_drop,-0.0809750390346286,73.0,86733.51,85688.61,0.011875340914947463,-0.42352154317287516,-0.01204724679077318,0.0014059044720180491,-0.017607240915682998
BTC/USDT,2025-12-18 18:16:00+00:00,2025-12-18 19:30:00+00:00,trailing_prob_drop,-0.0986880411222347,74.0,86733.51,85809.07,0.011875340914947463,-0.42352154317287516,-0.010658394892585243,1.1653779719011936e-07,-0.01898633792441773
BTC/USDT,2025-12-18 18:16:00+00:00,2025-12-18 19:31:00+00:00,gate_close,-0.1004790413337982,75.0,86733.51,85631.95,0.011875340914947463,-0.42352154317287516,-0.012700512178049683,0.002068503636785124,-0.016957222158318297
BTC/USDT,2025-12-18 18:16:00+00:00,2025-12-18 19:32:00+00:00,gate_close,-0.1043684188725927,76.0,86733.51,85614.03,0.011875340914947463,-0.42352154317287516,-0.012907122056976528,0.0002358258336863095,-0.016751460011869557
BTC/USDT,2025-12-18 18:16:00+00:00,2025-12-18 19:34:00+00:00,trailing_prob_drop,-0.1096660424204121,78.0,86733.51,85453.4,0.011875340914947463,-0.42352154317287516,-0.014759116747379397,0.001550903767433498,-0.01490321040473519
BTC/USDT,2025-12-18 18:16:00+00:00,2025-12-18 19:35:00+00:00,trailing_prob_drop,-0.1296400447909594,79.0,86733.51,85522.16,0.011875340914947463,-0.42352154317287516,-0.013966343573550644,0.0,-0.015695230335623034
BTC/USDT,2025-12-18 18:16:00+00:00,2025-12-18 19:36:00+00:00,prob_floor,-0.1277530445665345,80.0,86733.51,85322.43,0.011875340914947463,-0.42352154317287516,-0.016269144417192405,0.0023408850404285086,-0.013391086025093313
BTC/USDT,2025-12-18 18:16:00+00:00,2025-12-18 19:37:00+00:00,prob_floor,-0.1417050462282371,81.0,86733.51,85341.29,0.011875340914947463,-0.42352154317287516,-0.016051696743277222,0.0003996892945958841,-0.013609121680724479
BTC/USDT,2025-12-18 18:16:00+00:00,2025-12-18 19:38:00+00:00,prob_floor,-0.1318560450546439,82.0,86733.51,85201.78,0.011875340914947463,-0.42352154317287516,-0.01766018693351623,0.0014316602305726178,-0.011993998247454507
BTC/USDT,2025-12-18 18:16:00+00:00,2025-12-18 19:39:00+00:00,prob_floor,-0.1744951889574439,83.0,86733.51,85300.26,0.011875340914947463,-0.42352154317287516,-0.01652475496494954,0.00015474747673693834,-0.01313466101979055
BTC/USDT,2025-12-18 18:16:00+00:00,2025-12-18 19:40:00+00:00,prob_floor,-0.1587020482599747,84.0,86733.51,84888.0,0.011875340914947463,-0.42352154317287516,-0.02127793513718046,0.0049184808217888065,-0.008341932899820992
BTC/USDT,2025-12-18 18:16:00+00:00,2025-12-18 19:41:00+00:00,prob_floor,-0.1764260503872853,85.0,86733.51,85031.81,0.011875340914947463,-0.42352154317287516,-0.0196198677996543,0.0027167480028944535,-0.010019074038292275
BTC/USDT,2025-12-18 18:16:00+00:00,2025-12-18 19:42:00+00:00,prob_floor,-0.1760470503417009,86.0,86733.51,84854.57,0.011875340914947463,-0.42352154317287516,-0.021663368633415003,0.004811172810138542,-0.00795125118187523
BTC/USDT,2025-12-18 18:16:00+00:00,2025-12-18 19:43:00+00:00,prob_floor,-0.1920180522660619,87.0,86733.51,84858.35,0.011875340914947463,-0.42352154317287516,-0.021619786862078882,0.004766413676438486,-0.007995441815684678
BTC/USDT,2025-12-18 18:16:00+00:00,2025-12-18 19:44:00+00:00,prob_floor,-0.1933080524218114,88.0,86733.51,84698.65,0.011875340914947463,-0.42352154317287516,-0.023461059053184852,0.006660908999140069,-0.006125009076295762
BTC/USDT,2025-12-18 18:16:00+00:00,2025-12-18 19:45:00+00:00,prob_floor,-0.1910460521487373,89.0,86733.51,84685.74,0.011875340914947463,-0.42352154317287516,-0.023609905790737518,0.006814370400494818,-0.005973496836657599
BTC/USDT,2025-12-18 18:16:00+00:00,2025-12-18 19:46:00+00:00,time_limit,-0.2117950298000004,90.0,86733.51,84741.8,0.011875340914947463,-0.42352154317287516,-0.022963558144942997,0.006148323495606789,-0.0066310840694912
BTC/USDT,2025-12-18 20:12:00+00:00,2025-12-18 20:12:00+00:00,dry_run,0.0,,85163.3,85163.3,0.001370191150413369,-0.4128926427228631,0.0,0.001370191150413369,-0.4128926427228631
BTC/USDT,2025-12-18 20:12:00+00:00,2025-12-18 20:13:00+00:00,gate_close,-0.0128442579079649,1.0,85163.3,85262.82,0.001370191150413369,-0.4128926427228631,0.0011685784839243762,0.00020137734126079998,-0.41357792294460827
BTC/USDT,2025-12-18 20:12:00+00:00,2025-12-18 20:14:00+00:00,gate_close,-0.0234552591572842,2.0,85163.3,85142.94,0.001370191150413369,-0.4128926427228631,-0.00023907011588331084,0.0016096460845727023,-0.4127522493350594
BTC/USDT,2025-12-18 20:12:00+00:00,2025-12-18 20:15:00+00:00,gate_close,-0.0299112599189265,3.0,85163.3,85045.35,0.001370191150413369,-0.4128926427228631,-0.0013849862558167336,0.0027589985813452067,-0.41207837935877745
BTC/USDT,2025-12-18 20:12:00+00:00,2025-12-18 20:16:00+00:00,gate_close,-0.0262782594901823,4.0,85163.3,84986.26,0.001370191150413369,-0.4128926427228631,-0.0020788297306469916,0.0034562057443168204,-0.4116696040042237
BTC/USDT,2025-12-18 20:12:00+00:00,2025-12-18 20:17:00+00:00,trailing_prob_drop,-0.0210812588775013,5.0,85163.3,85017.12,0.001370191150413369,-0.4128926427228631,-0.0017164670697354945,0.0030919654770711347,-0.41188315953304455
BTC/USDT,2025-12-18 20:12:00+00:00,2025-12-18 20:18:00+00:00,gate_close,-0.022989259102351,6.0,85163.3,85069.09,0.001370191150413369,-0.4128926427228631,-0.0011062276825816175,0.0024791613499099974,-0.41224244904935503
BTC/USDT,2025-12-18 20:12:00+00:00,2025-12-18 20:19:00+00:00,trailing_prob_drop,-0.0200614131572148,7.0,85163.3,85050.0,0.001370191150413369,-0.4128926427228631,-0.0013303852715900177,0.0029874191651970694,-0.41211052322163433
BTC/USDT,2025-12-18 20:12:00+00:00,2025-12-18 20:20:00+00:00,trailing_prob_drop,-0.0171872584189229,8.0,85163.3,85080.73,0.001370191150413369,-0.4128926427228631,-0.0009695490898075088,0.003137138104010173,-0.4123228608875359
BTC/USDT,2025-12-18 20:12:00+00:00,2025-12-18 20:21:00+00:00,trailing_prob_drop,-0.0227022590685248,9.0,85163.3,85108.02,0.001370191150413369,-0.4128926427228631,-0.0006491058942056371,0.0028154808442260038,-0.41251130034513794
BTC/USDT,2025-12-18 20:12:00+00:00,2025-12-18 20:22:00+00:00,gate_close,-0.0198862587367274,10.0,85163.3,85052.87,0.001370191150413369,-0.4128926427228631,-0.0012966853092823971,0.0034657266709519075,-0.41213036079793663
BTC/USDT,2025-12-18 20:12:00+00:00,2025-12-18 20:23:00+00:00,gate_close,-0.0164632583337094,11.0,85163.3,85081.04,0.001370191150413369,-0.4128926427228631,-0.0009659090241924684,0.003133483088594291,-0.4123250021391369
BTC/USDT,2025-12-18 20:12:00+00:00,2025-12-18 20:26:00+00:00,prob_floor,-0.0279892596920582,14.0,85163.3,85060.01,0.001370191150413369,-0.4128926427228631,-0.001212846378663257,0.00338149501745888,-0.41217970700920437
BTC/USDT,2025-12-18 20:12:00+00:00,2025-12-18 20:27:00+00:00,prob_floor,-0.0351372605363092,15.0,85163.3,85000.01,0.001370191150413369,-0.4128926427228631,-0.0019173752073957662,0.004089764224733727,-0.411764775086497
BTC/USDT,2025-12-18 20:12:00+00:00,2025-12-18 20:28:00+00:00,prob_floor,-0.0299892599281354,16.0,85163.3,84928.52,0.001370191150413369,-0.4128926427228631,-0.002756821306830526,0.0049349735518762206,-0.41126961826251063
BTC/USDT,2025-12-18 20:12:00+00:00,2025-12-18 20:29:00+00:00,prob_floor,-0.0416432613059699,17.0,85163.3,84980.0,0.001370191150413369,-0.4128926427228631,-0.0021523355717779635,0.005631207342904121,-0.4116262650035303
BTC/USDT,2025-12-18 20:12:00+00:00,2025-12-18 20:30:00+00:00,prob_floor,-0.051231262442386,18.0,85163.3,84863.47,0.001370191150413369,-0.4128926427228631,-0.0035206479786481504,0.007310566018570608,-0.410818341507836
BTC/USDT,2025-12-18 20:12:00+00:00,2025-12-18 20:31:00+00:00,prob_floor,-0.0394742610492484,19.0,85163.3,84767.59,0.001370191150413369,-0.4128926427228631,-0.004646485046962745,0.008449927619742281,-0.41015192245054977
BTC/USDT,2025-12-18 20:12:00+00:00,2025-12-18 20:32:00+00:00,prob_floor,-0.0735882059098486,20.0,85163.3,84861.13,0.001370191150413369,-0.4128926427228631,-0.0035481246029686053,0.007415526990979249,-0.41080209514061383
BTC/USDT,2025-12-18 20:12:00+00:00,2025-12-18 20:33:00+00:00,prob_floor,-0.0325502602305946,21.0,85163.3,84719.85,0.001370191150413369,-0.4128926427228631,-0.0052070551516908425,0.011108966788774932,-0.4098195405209051
BTC/USDT,2025-12-18 20:12:00+00:00,2025-12-18 20:34:00+00:00,prob_floor,-0.0343902604480143,22.0,85163.3,84954.39,0.001370191150413369,-0.4128926427228631,-0.002453051960175423,0.008719384601549196,-0.41144889628422965
BTC/USDT,2025-12-18 20:12:00+00:00,2025-12-18 20:35:00+00:00,prob_floor,-0.0241902592439349,23.0,85163.3,84936.0,0.001370191150413369,-0.4128926427228631,-0.0026689900461819294,0.009505156823961691,-0.41132146557407934
BTC/USDT,2025-12-18 20:12:00+00:00,2025-12-18 20:36:00+00:00,trailing_prob_drop,-0.0212378173613366,24.0,85163.3,85037.99,0.001370191150413369,-0.4128926427228631,-0.001471408458807888,0.008294410533456809,-0.41202749500546765
BTC/USDT,2025-12-18 20:12:00+00:00,2025-12-18 20:38:00+00:00,trailing_prob_drop,-0.0186022585855146,26.0,85163.3,85093.87,0.001370191150413369,-0.4128926427228631,-0.0008152572763151511,0.008448199617669294,-0.4124136086418445
BTC/USDT,2025-12-18 20:12:00+00:00,2025-12-18 20:39:00+00:00,prob_floor,-0.0259682594536144,27.0,85163.3,85026.82,0.001370191150413369,-0.4128926427228631,-0.0016025682424236631,0.009243436365137248,-0.41195025287315234
BTC/USDT,2025-12-18 20:12:00+00:00,2025-12-18 20:40:00+00:00,prob_floor,-0.0264412595094126,28.0,85163.3,85021.11,0.001370191150413369,-0.4128926427228631,-0.0016696159026247104,0.009311216943650669,-0.41191075957488676
BTC/USDT,2025-12-18 20:12:00+00:00,2025-12-18 20:41:00+00:00,trailing_prob_drop,-0.0243122592583197,29.0,85163.3,85015.48,0.001370191150413369,-0.4128926427228631,-0.0017357241910541665,0.009378056796244705,-0.4118718144036827
BTC/USDT,2025-12-18 20:12:00+00:00,2025-12-18 20:42:00+00:00,trailing_prob_drop,-0.02490725932848,30.0,85163.3,85036.77,0.001370191150413369,-0.4128926427228631,-0.0014857338783255125,0.009125346600064699,-0.4120190595197819
BTC/USDT,2025-12-18 20:12:00+00:00,2025-12-18 20:43:00+00:00,trailing_prob_drop,-0.025932259449368,31.0,85163.3,85030.83,0.001370191150413369,-0.4128926427228631,-0.001555482232370009,0.009195841084933543,-0.4119779849261732
BTC/USDT,2025-12-18 20:12:00+00:00,2025-12-18 20:44:00+00:00,trailing_prob_drop,-0.0288712597961568,32.0,85163.3,85020.57,0.001370191150413369,-0.4128926427228631,-0.001675956662083311,0.009317627487089197,-0.4119070243824524
BTC/USDT,2025-12-18 20:12:00+00:00,2025-12-18 20:45:00+00:00,trailing_prob_drop,-0.0221982590091225,33.0,85163.3,84991.18,0.001370191150413369,-0.4128926427228631,-0.0020210583666909754,0.009666650115929709,-0.4117036614858153
BTC/USDT,2025-12-18 20:12:00+00:00,2025-12-18 20:46:00+00:00,gate_close,-0.0219902589846101,34.0,85163.3,85057.92,0.001370191150413369,-0.4128926427228631,-0.0012373874661973927,0.008874423451690205,-0.4121652633875834
BTC/USDT,2025-12-18 20:12:00+00:00,2025-12-18 20:47:00+00:00,gate_close,-0.0232152591289903,35.0,85163.3,85059.99,0.001370191150413369,-0.4128926427228631,-0.001213081221606016,0.008849871719947222,-0.4121795687960932
BTC/USDT,2025-12-18 20:12:00+00:00,2025-12-18 20:48:00+00:00,gate_close,-0.025724259424837,36.0,85163.3,85047.75,0.001370191150413369,-0.4128926427228631,-0.0013568051026674466,0.0089950645372745,-0.4120949701785174
BTC/USDT,2025-12-18 20:12:00+00:00,2025-12-18 20:49:00+00:00,trailing_prob_drop,-0.0266352595322991,37.0,85163.3,85022.65,0.001370191150413369,-0.4128926427228631,-0.0016515329960207215,0.009292935470724517,-0.41192141152975115
BTC/USDT,2025-12-18 20:12:00+00:00,2025-12-18 20:50:00+00:00,gate_close,-0.02397825921894,38.0,85163.3,85013.55,0.001370191150413369,-0.4128926427228631,-0.001758386535045009,0.009400971962704618,-0.4118584625627326
BTC/USDT,2025-12-18 20:12:00+00:00,2025-12-18 20:51:00+00:00,trailing_prob_drop,-0.0308062600246048,39.0,85163.3,85040.11,0.001370191150413369,-0.4128926427228631,-0.0014465151068594473,0.009085712612554087,-0.412042152814713
BTC/USDT,2025-12-18 20:12:00+00:00,2025-12-18 20:52:00+00:00,prob_floor,-0.0315132601081029,40.0,85163.3,84971.84,0.001370191150413369,-0.4128926427228631,-0.002248151492485695,0.009896455107951008,-0.4115697624059924
BTC/USDT,2025-12-18 20:12:00+00:00,2025-12-18 20:53:00+00:00,prob_floor,-0.0327582602551695,41.0,85163.3,84964.76,0.001370191150413369,-0.4128926427228631,-0.002331285894276114,0.009980608431071847,-0.41152072930000627
BTC/USDT,2025-12-18 20:12:00+00:00,2025-12-18 20:54:00+00:00,prob_floor,-0.0419892613469355,42.0,85163.3,84952.31,0.001370191150413369,-0.4128926427228631,-0.0024774756262381237,0.010128623930296898,-0.4114344860075023
BTC/USDT,2025-12-18 20:12:00+00:00,2025-12-18 20:55:00+00:00,prob_floor,-0.0486922621412015,43.0,85163.3,84860.01,0.001370191150413369,-0.4128926427228631,-0.0035612758077717688,0.011227314255560339,-0.41079431878454875
BTC/USDT,2025-12-18 20:12:00+00:00,2025-12-18 20:56:00+00:00,prob_floor,-0.0462112618470714,44.0,85163.3,84792.98,0.001370191150413369,-0.4128926427228631,-0.004348351930937522,0.012026703153963814,-0.4103285437072739
BTC/USDT,2025-12-18 20:12:00+00:00,2025-12-18 20:57:00+00:00,prob_floor,-0.0461822618436336,45.0,85163.3,84817.79,0.001370191150413369,-0.4128926427228631,-0.004057029260256528,0.011730675840528226,-0.41050102814515677
BTC/USDT,2025-12-18 20:12:00+00:00,2025-12-18 20:58:00+00:00,prob_floor,-0.0511462624323024,46.0,85163.3,84806.58,0.001370191150413369,-0.4128926427228631,-0.0041886587297580435,0.011864409577653001,-0.4104231063202879
BTC/USDT,2025-12-18 20:12:00+00:00,2025-12-18 20:59:00+00:00,prob_floor,-0.0224732590415323,47.0,85163.3,84768.43,0.001370191150413369,-0.4128926427228631,-0.004636621643360539,0.012319798774142798,-0.41015776746130606
BTC/USDT,2025-12-18 20:12:00+00:00,2025-12-18 21:00:00+00:00,trailing_prob_drop,-0.0093392574959749,48.0,85163.3,85055.16,0.001370191150413369,-0.4128926427228631,-0.0012697957923190062,0.008907160952962734,-0.41214618842642825
BTC/USDT,2025-12-18 20:12:00+00:00,2025-12-18 21:01:00+00:00,trailing_prob_drop,-0.0065892571729688,49.0,85163.3,85186.51,0.001370191150413369,-0.4128926427228631,0.0002725352352479504,0.007351516102725553,-0.41305260656880993
BTC/USDT,2025-12-18 20:12:00+00:00,2025-12-18 21:02:00+00:00,gate_close,-0.0125844659148278,50.0,85163.3,85231.1,0.001370191150413369,-0.4128926427228631,0.000796117576467914,0.00682450420093117,-0.4133596773947539
BTC/USDT,2025-12-18 20:12:00+00:00,2025-12-18 21:06:00+00:00,trailing_prob_drop,-0.0203412587903247,54.0,85163.3,85064.15,0.001370191150413369,-0.4128926427228631,-0.0011642338894806148,0.00880053465531594,-0.4122083157240741
BTC/USDT,2025-12-18 20:12:00+00:00,2025-12-18 21:07:00+00:00,trailing_prob_drop,-0.0163952583257042,55.0,85163.3,85076.49,0.001370191150413369,-0.4128926427228631,-0.0010193357937045011,0.008654212227138025,-0.41229357252514776
BTC/USDT,2025-12-18 20:12:00+00:00,2025-12-18 21:11:00+00:00,gate_close,-0.0144792581002615,59.0,85163.3,85105.63,0.001370191150413369,-0.4128926427228631,-0.0006771696258833781,0.008308851012559293,-0.016649427305808207
BTC/USDT,2025-12-18 20:12:00+00:00,2025-12-18 21:12:00+00:00,gate_close,-0.3048768841611845,60.0,85163.3,85147.38,0.001370191150413369,-0.4128926427228631,-0.0001869349825570632,0.007814450661899341,-0.01713158995614439
BTC/USDT,2025-12-18 20:12:00+00:00,2025-12-18 21:20:00+00:00,prob_trailing,0.0017107434000003,68.0,85163.3,85314.91,0.001370191150413369,-0.4128926427228631,0.0017802269287356953,0.00583543954978083,-0.0017388519779251155
BTC/USDT,2025-12-18 21:22:00+00:00,2025-12-18 21:22:00+00:00,dry_run,0.0,,85228.66,85228.66,0.006853328446088325,-0.0007286281398769523,0.0,0.006853328446088325,-0.0007286281398769523
BTC/USDT,2025-12-18 21:22:00+00:00,2025-12-18 21:27:00+00:00,take_profit,0.0066272922000006,5.0,85228.66,85249.73,0.006853328446088325,-0.0007286281398769523,0.00024721730929466723,0.006604478395415336,-0.0009756042629108785
BTC/USDT,2025-12-18 21:30:00+00:00,2025-12-18 21:30:00+00:00,dry_run,0.0,,85470.19,85470.19,0.004008064098137476,-0.002810570562672199,0.0,0.004008064098137476,-0.002810570562672199
BTC/USDT,2025-12-18 21:30:00+00:00,2025-12-18 21:32:00+00:00,take_profit,0.0190369320220481,2.0,85470.19,85490.42,0.004008064098137476,-0.002810570562672199,0.00023669071052712098,0.003770480949795374,-0.0030465401854382623
BTC/USDT,2025-12-18 21:30:00+00:00,2025-12-18 21:33:00+00:00,take_profit,0.0224509324194721,3.0,85470.19,85661.0,0.004008064098137476,-0.002810570562672199,0.0022324742696839817,0.0017716346995715337,-0.0050318114427801985
BTC/USDT,2025-12-18 21:30:00+00:00,2025-12-18 21:34:00+00:00,take_profit,0.021023932253393,4.0,85470.19,85695.13,0.004008064098137476,-0.002810570562672199,0.0026317947813150333,0.0013726567659093636,-0.005428079752023307
BTC/USDT,2025-12-18 21:30:00+00:00,2025-12-18 21:35:00+00:00,take_profit,0.0218579295999998,5.0,85470.19,85680.87,0.004008064098137476,-0.002810570562672199,0.002464952985362423,0.0015393167693091847,-0.005262551605743404
BTC/USDT,2025-12-18 21:36:00+00:00,2025-12-18 21:36:00+00:00,cooldown_after_exit,0.0,,85689.2,85689.2,0.0014419553455977674,-0.005359251807695697,0.0,0.0014419553455977674,-0.005359251807695697
BTC/USDT,2025-12-18 21:40:00+00:00,2025-12-18 21:40:00+00:00,dry_run,0.0,,85289.18,85289.18,0.005633774413120074,-0.0006942263954230476,0.0,0.005633774413120074,-0.0006942263954230476
BTC/USDT,2025-12-18 21:40:00+00:00,2025-12-18 21:42:00+00:00,trailing_prob_drop,-0.0026257837077022,2.0,85289.18,85229.97,0.005633774413120074,-0.0006942263954230476,-0.0006942263954230476,0.006332396925635253,0.0
BTC/USDT,2025-12-18 21:40:00+00:00,2025-12-18 21:43:00+00:00,trailing_prob_drop,-0.0012447835457741,3.0,85289.18,85279.99,0.005633774413120074,-0.0006942263954230476,-0.00010775106525806599,0.005742144200532762,-0.0005865385303164272
BTC/USDT,2025-12-18 21:40:00+00:00,2025-12-18 21:44:00+00:00,take_profit,0.0043732171124189,4.0,85289.18,85318.71,0.005633774413120074,-0.0006942263954230476,0.00034623383646104067,0.005285710484839612,-0.0004695335876504503
BTC/USDT,2025-12-18 21:40:00+00:00,2025-12-18 21:45:00+00:00,take_profit,0.0217822164000004,5.0,85289.18,85349.99,0.005633774413120074,-0.0006942263954230476,0.0007129861021060169,0.004917282357033592,-0.0008358524705159853
BTC/USDT,2025-12-18 21:55:00+00:00,2025-12-18 21:55:00+00:00,dry_run,0.0,,85549.93,85549.93,0.002625834994838927,-0.002820808853963852,0.0,0.002625834994838927,-0.002820808853963852
BTC/USDT,2025-12-18 21:55:00+00:00,2025-12-18 21:56:00+00:00,gate_close,0.0033889873957247,1.0,85549.93,85600.66,0.002625834994838927,-0.002820808853963852,0.0005929870427714423,0.0020316432139659835,-0.0034117727596960634
BTC/USDT,2025-12-18 21:55:00+00:00,2025-12-18 21:58:00+00:00,gate_close,0.0008179870956465,3.0,85549.93,85640.06,0.002625834994838927,-0.002820808853963852,0.0010535368059332306,0.0015706434582134499,-0.0038702681899102087
BTC/USDT,2025-12-18 21:55:00+00:00,2025-12-18 22:01:00+00:00,trailing_prob_drop,-0.0062570137310602,6.0,85549.93,85574.16,0.002625834994838927,-0.002820808853963852,0.0002832264152643482,0.0023419452788084882,-0.003103156373372551
BTC/USDT,2025-12-18 21:55:00+00:00,2025-12-18 22:04:00+00:00,take_profit,0.0064569868000002,9.0,85549.93,85643.71,0.002625834994838927,-0.002820808853963852,0.0010962019489673125,0.0015279580952296534,-0.003912721669810937
BTC/USDT,2025-12-18 22:05:00+00:00,2025-12-18 22:05:00+00:00,cooldown_after_exit,0.0,,85682.36,85682.36,0.0010761841760662527,-0.004362041381679949,0.0,0.0010761841760662527,-0.004362041381679949
BTC/USDT,2025-12-18 22:06:00+00:00,2025-12-18 22:06:00+00:00,dry_run,0.0,,85647.6,85647.6,0.0014824700283486703,-0.003957962628258205,0.0,0.0014824700283486703,-0.003957962628258205
BTC/USDT,2025-12-18 22:06:00+00:00,2025-12-18 22:08:00+00:00,trailing_prob_drop,-0.0031490003675105,2.0,85647.6,85619.99,0.0014824700283486703,-0.003957962628258205,-0.0003223674685571831,0.0018054195054215683,-0.003636767535245
BTC/USDT,2025-12-18 22:06:00+00:00,2025-12-18 22:09:00+00:00,trailing_prob_drop,-0.0126650014801527,3.0,85647.6,85635.66,0.0014824700283486703,-0.003957962628258205,-0.00013940845978177574,0.0016221046232376413,-0.0038190865814545782
BTC/USDT,2025-12-18 22:06:00+00:00,2025-12-18 22:10:00+00:00,trailing_prob_drop,-0.0097520011392919,4.0,85647.6,85540.5,0.0014824700283486703,-0.003957962628258205,-0.0012504728678912613,0.0027363646459865887,-0.0027108796418070513
BTC/USDT,2025-12-18 22:06:00+00:00,2025-12-18 22:11:00+00:00,trailing_prob_drop,-0.0154940018114055,5.0,85647.6,85569.63,0.0014824700283486703,-0.003957962628258205,-0.000910358258725319,0.0023950086029354,-0.003050381309350092
BTC/USDT,2025-12-18 22:06:00+00:00,2025-12-18 22:12:00+00:00,prob_floor,-0.0375148833022805,6.0,85647.6,85512.21,0.0014824700283486703,-0.003957962628258205,-0.0015807798467207812,0.0030680998655046032,-0.0023809465338342495
BTC/USDT,2025-12-18 22:06:00+00:00,2025-12-18 22:13:00+00:00,prob_floor,-0.0276990032430305,7.0,85647.6,85404.77,0.0014824700283486703,-0.003957962628258205,-0.0028352224697481,0.004329968923281413,-0.001125932427427645
BTC/USDT,2025-12-18 22:06:00+00:00,2025-12-18 22:14:00+00:00,prob_floor,-0.0246720028875898,8.0,85647.6,85390.17,0.0014824700283486703,-0.003957962628258205,-0.003005688425595232,0.0045016891288540695,-0.0009551450711481335
BTC/USDT,2025-12-18 22:06:00+00:00,2025-12-18 22:15:00+00:00,prob_floor,-0.0276980032429136,9.0,85647.6,85420.43,0.0014824700283486703,-0.003957962628258205,-0.002652380218476802,0.004145846608358372,-0.0013090545200954429
BTC/USDT,2025-12-18 22:06:00+00:00,2025-12-18 22:16:00+00:00,prob_floor,-0.0246792324562468,10.0,85647.6,85390.16,0.0014824700283486703,-0.003957962628258205,-0.0030058051830991195,0.004501806765557115,-0.0009550280734923478
BTC/USDT,2025-12-18 22:06:00+00:00,2025-12-18 22:17:00+00:00,prob_floor,-0.0197370023086389,11.0,85647.6,85426.0,0.0014824700283486703,-0.003957962628258205,-0.0025873462887460175,0.004080373656732306,-0.001374171797813295
BTC/USDT,2025-12-18 22:06:00+00:00,2025-12-18 22:18:00+00:00,prob_floor,-0.022363002616624,12.0,85647.6,85469.79,0.0014824700283486703,-0.003957962628258205,-0.0020760651787091744,0.003565938327448892,-0.0018858125192537933
BTC/USDT,2025-12-18 22:06:00+00:00,2025-12-18 22:19:00+00:00,prob_floor,-0.0228600026749351,13.0,85647.6,85452.07,0.0014824700283486703,-0.003957962628258205,-0.0022829594758054794,0.003774045497083822,-0.0016788358667029213
BTC/USDT,2025-12-18 22:06:00+00:00,2025-12-18 22:20:00+00:00,prob_floor,-0.025993003042674,14.0,85647.6,85438.08,0.0014824700283486703,-0.003957962628258205,-0.002446303223908264,0.00393840779193555,-0.0015153664501824649
BTC/USDT,2025-12-18 22:06:00+00:00,2025-12-18 22:21:00+00:00,prob_floor,-0.0302710035452439,15.0,85647.6,85407.23,0.0014824700283486703,-0.003957962628258205,-0.002806500123763045,0.004301041024278751,-0.0011547031791101503
BTC/USDT,2025-12-18 22:06:00+00:00,2025-12-18 22:22:00+00:00,prob_floor,-0.0281780032993021,16.0,85647.6,85365.69,0.0014824700283486703,-0.003957962628258205,-0.003291510795398911,0.0047897463254851225,-0.0006686527104742268
BTC/USDT,2025-12-18 22:06:00+00:00,2025-12-18 22:23:00+00:00,prob_floor,-0.0333510039073878,17.0,85647.6,85380.36,0.0014824700283486703,-0.003957962628258205,-0.0031202275370239008,0.00461710398035331,-0.0008403571969010093
BTC/USDT,2025-12-18 22:06:00+00:00,2025-12-18 22:24:00+00:00,prob_floor,-0.0346300040578476,18.0,85647.6,85333.65,0.0014824700283486703,-0.003957962628258205,-0.0036656018382302813,0.005167012075541377,-0.0002934364110757093
BTC/USDT,2025-12-18 22:06:00+00:00,2025-12-18 22:26:00+00:00,prob_floor,-0.0358540042018807,20.0,85647.6,85308.62,0.0014824700283486703,-0.003957962628258205,-0.003957845870754206,0.005461933389615314,-1.172214483258216e-07
BTC/USDT,2025-12-18 22:06:00+00:00,2025-12-18 22:27:00+00:00,prob_floor,-0.0241480028260831,21.0,85647.6,85413.33,0.0014824700283486703,-0.003957962628258205,-0.002735278046320122,0.00422931643105362,-0.0012260381371385076
BTC/USDT,2025-12-18 22:06:00+00:00,2025-12-18 22:28:00+00:00,trailing_prob_drop,-0.0170721410225978,22.0,85647.6,85425.68,0.0014824700283486703,-0.003957962628258205,-0.0025910825288743,0.0040841348877762584,-0.0012128671378440758
BTC/USDT,2025-12-18 22:06:00+00:00,2025-12-18 22:29:00+00:00,gate_close,-0.0030250003530308,23.0,85647.6,85498.0,0.0014824700283486703,-0.003957962628258205,-0.001746692259911642,0.003234812510234164,-0.0020577089522560987
BTC/USDT,2025-12-18 22:06:00+00:00,2025-12-18 22:30:00+00:00,gate_close,-0.0042070004910933,24.0,85647.6,85636.9,0.0014824700283486703,-0.003957962628258205,-0.00012493052928530535,0.0016076013961272562,-0.0036763357851579137
BTC/USDT,2025-12-18 22:06:00+00:00,2025-12-18 22:32:00+00:00,gate_close,-0.0045810005347887,26.0,85647.6,85665.35,0.0014824700283486703,-0.003957962628258205,0.0002072445696084113,0.0012749612299489677,-0.004007221122659277
BTC/USDT,2025-12-18 22:06:00+00:00,2025-12-18 22:38:00+00:00,gate_close,-0.0081402888754974,32.0,85647.6,85657.5,0.0014824700283486703,-0.003957962628258205,0.00011558992896465448,0.0013667221200712731,-0.003915944313107378
BTC/USDT,2025-12-18 22:06:00+00:00,2025-12-18 22:39:00+00:00,gate_close,-0.0077140009009588,33.0,85647.6,85594.28,0.0014824700283486703,-0.003957962628258205,-0.000622551011353556,0.002106332339030237,-0.0031802358755748106
BTC/USDT,2025-12-18 22:06:00+00:00,2025-12-18 22:40:00+00:00,gate_close,-0.0011160001301259,34.0,85647.6,85590.02,0.0014824700283486703,-0.003957962628258205,-0.000672289708059548,0.002156209333751713,-0.003130622004761774
BTC/USDT,2025-12-18 22:06:00+00:00,2025-12-18 22:41:00+00:00,gate_close,-0.0048600005673839,35.0,85647.6,85656.0,0.0014824700283486703,-0.003957962628258205,9.807630336400308e-05,0.0013842579620808593,-0.003898500980666797
BTC/USDT,2025-12-18 22:06:00+00:00,2025-12-18 22:43:00+00:00,gate_close,-0.0076550008940581,37.0,85647.6,85648.82,0.0014824700283486703,-0.003957962628258205,1.4244415488695594e-05,0.001468204699142328,-0.0038149971009524553
BTC/USDT,2025-12-18 22:06:00+00:00,2025-12-18 22:45:00+00:00,prob_floor,-0.0141130016496742,39.0,85647.6,85550.01,0.0014824700283486703,-0.003957962628258205,-0.0011394364815827673,0.0026248974138052272,-0.002664406468216529
BTC/USDT,2025-12-18 22:06:00+00:00,2025-12-18 22:46:00+00:00,trailing_prob_drop,-0.0102160911008341,40.0,85647.6,85528.33,0.0014824700283486703,-0.003957962628258205,-0.0013925667502651118,0.0028790460424048536,-0.002411598589613484
BTC/USDT,2025-12-18 22:06:00+00:00,2025-12-18 22:47:00+00:00,prob_floor,-0.0074210008667008,41.0,85647.6,85565.93,0.0014824700283486703,-0.003957962628258205,-0.0009535585352071774,0.002438353676516014,-0.00284996610216226
BTC/USDT,2025-12-18 22:06:00+00:00,2025-12-18 22:48:00+00:00,trailing_prob_drop,-0.0039200004575684,42.0,85647.6,85592.94,0.0014824700283486703,-0.003957962628258205,-0.0006381965168902326,0.002122020811529568,-0.0031646301669272514
BTC/USDT,2025-12-18 22:06:00+00:00,2025-12-18 22:49:00+00:00,trailing_prob_drop,-0.0067150007841694,43.0,85647.6,85627.96,0.0014824700283486703,-0.003957962628258205,-0.0002293117378653342,0.0017121743878985018,-0.003572314463640147
BTC/USDT,2025-12-18 22:06:00+00:00,2025-12-18 22:50:00+00:00,trailing_prob_drop,-0.0099460011619856,44.0,85647.6,85600.01,0.0014824700283486703,-0.003957962628258205,-0.0005556489615589078,0.002039252098218425,-0.003246962237504314
BTC/USDT,2025-12-18 22:06:00+00:00,2025-12-18 22:51:00+00:00,trailing_prob_drop,-0.0045160005271923,45.0,85647.6,85567.7,0.0014824700283486703,-0.003957962628258205,-0.0009328924569983466,0.0024176178628152467,-0.0028705925249830067
BTC/USDT,2025-12-18 22:06:00+00:00,2025-12-18 22:52:00+00:00,prob_trailing,0.0002199998000001,46.0,85647.6,85620.64,0.0014824700283486703,-0.003957962628258205,-0.00031477823079695266,0.0017978141719099394,-0.003487126468571078
BTC/USDT,2025-12-18 22:55:00+00:00,2025-12-18 22:55:00+00:00,dry_run,0.0,,85654.98,85654.98,0.0008245871985494979,-0.0038866391656385835,0.0,0.0008245871985494979,-0.0038866391656385835
BTC/USDT,2025-12-18 22:55:00+00:00,2025-12-18 23:02:00+00:00,prob_floor,-0.0182088829284073,7.0,85654.98,85509.25,0.0008245871985494979,-0.0038866391656385835,-0.001701360504666516,0.0012950645690379403,-0.0021890029441258285
BTC/USDT,2025-12-18 22:55:00+00:00,2025-12-18 23:03:00+00:00,prob_floor,-0.0204198831874813,8.0,85654.98,85529.12,0.0008245871985494979,-0.0038866391656385835,-0.0014693833329947337,0.001062445164874859,-0.002420812934822547
BTC/USDT,2025-12-18 22:55:00+00:00,2025-12-18 23:04:00+00:00,prob_floor,-0.0189038830098292,9.0,85654.98,85507.0,0.0008245871985494979,-0.0038866391656385835,-0.0017276286796167328,0.0013214122820355279,-0.002162746909609603
BTC/USDT,2025-12-18 22:55:00+00:00,2025-12-18 23:05:00+00:00,prob_floor,-0.0211198832695318,10.0,85654.98,85522.17,0.0008245871985494979,-0.0038866391656385835,-0.0015505228067299592,0.0011437969827006178,-0.0023397441856303214
BTC/USDT,2025-12-18 22:55:00+00:00,2025-12-18 23:07:00+00:00,prob_floor,-0.0269308839511867,12.0,85654.98,85322.08,0.0008245871985494979,-0.0038866391656385835,-0.003886522418194427,0.0034915932663619476,-1.1720295611805653e-07
BTC/USDT,2025-12-18 22:55:00+00:00,2025-12-18 23:08:00+00:00,prob_floor,-0.0199858831366186,13.0,85654.98,85441.9,0.0008245871985494979,-0.0038866391656385835,-0.0024876545415106754,0.002084340352918268,-0.0014024734936838312
BTC/USDT,2025-12-18 22:55:00+00:00,2025-12-18 23:09:00+00:00,prob_floor,-0.0154608826065989,14.0,85654.98,85511.35,0.0008245871985494979,-0.0038866391656385835,-0.0016768435413795357,0.0012704746212053308,-0.0018604547817338002
BTC/USDT,2025-12-18 22:55:00+00:00,2025-12-18 23:10:00+00:00,prob_floor,-0.0157548826410187,15.0,85654.98,85582.0,0.0008245871985494979,-0.0038866391656385835,-0.0008520228479417247,0.0004439017550419422,-0.0026844429903485345
BTC/USDT,2025-12-18 22:55:00+00:00,2025-12-18 23:11:00+00:00,prob_floor,-0.0135208823795333,16.0,85654.98,85553.65,0.0008245871985494979,-0.0038866391656385835,-0.0011830018523150132,0.0007754198681180213,-0.0023539615200520725
BTC/USDT,2025-12-18 22:55:00+00:00,2025-12-18 23:12:00+00:00,prob_floor,-0.0148318825329653,17.0,85654.98,85575.99,0.0008245871985494979,-0.0038866391656385835,-0.0009221880619199041,0.0005141629094795874,-0.002614401539497324
BTC/USDT,2025-12-18 22:55:00+00:00,2025-12-18 23:25:00+00:00,prob_floor,-0.0321088845593695,30.0,85654.98,85473.65,0.0008245871985494979,-0.0038866391656385835,-0.0021169814061016146,0.0012436581332375685,-0.0014202037704017512
BTC/USDT,2025-12-18 22:55:00+00:00,2025-12-18 23:26:00+00:00,prob_floor,-0.0321088845593695,31.0,85654.98,85393.99,0.0008245871985494979,-0.0038866391656385835,-0.00304699154678445,0.0021776708173490977,-0.0004886760766186216
BTC/USDT,2025-12-18 22:55:00+00:00,2025-12-18 23:27:00+00:00,prob_floor,-0.0259578838369869,32.0,85654.98,85382.95,0.0008245871985494979,-0.0038866391656385835,-0.0031758807252071364,0.0023072522090183956,-0.0003594394431206682
BTC/USDT,2025-12-18 22:55:00+00:00,2025-12-18 23:28:00+00:00,prob_floor,-0.0210718832639069,33.0,85654.98,85451.63,0.0008245871985494979,-0.0038866391656385835,-0.00237405927828116,0.0015016682537243309,-0.0011628800995371336
BTC/USDT,2025-12-18 22:55:00+00:00,2025-12-18 23:29:00+00:00,prob_floor,-0.0211268832703545,34.0,85654.98,85500.48,0.0008245871985494979,-0.0038866391656385835,-0.0018037480132503392,0.0009294684661420582,-0.0017335575192092278
BTC/USDT,2025-12-18 22:55:00+00:00,2025-12-18 23:47:00+00:00,prob_floor,-0.0358938850044063,52.0,85654.98,85478.2,0.0008245871985494979,-0.0038866391656385835,-0.0020638613189799537,0.0004888965841582937,-0.0014733581193802081
BTC/USDT,2025-12-18 22:55:00+00:00,2025-12-18 23:48:00+00:00,prob_floor,-0.0298088842891315,53.0,85654.98,85352.27,0.0008245871985494979,-0.0038866391656385835,-0.0035340618840841165,0.0019650326816147423,-1.1716150027929473e-07
BTC/USDT,2025-12-18 22:55:00+00:00,2025-12-18 23:49:00+00:00,prob_floor,-0.0323708845901619,54.0,85654.98,85413.26,0.0008245871985494979,-0.0038866391656385835,-0.00282201922176617,0.0012495717877998302,-0.0007141748248457036
BTC/USDT,2025-12-18 22:55:00+00:00,2025-12-18 23:50:00+00:00,prob_floor,-0.0258728838270096,55.0,85654.98,85387.5,0.0008245871985494979,-0.0038866391656385835,-0.0031227606380854755,0.0015516322646758063,0.0
BTC/USDT,2025-12-18 22:55:00+00:00,2025-12-18 23:51:00+00:00,prob_floor,-0.0252778837571885,56.0,85654.98,85452.48,0.0008245871985494979,-0.0038866391656385835,-0.0023641357455223,0.0007900297334846318,-0.000760422634895952
BTC/USDT,2025-12-18 22:55:00+00:00,2025-12-18 23:52:00+00:00,prob_floor,-0.0252778837571885,57.0,85654.98,85458.42,0.0008245871985494979,-0.0038866391656385835,-0.0022947877636536607,0.0007204673337046774,-0.00012391991333327024
BTC/USDT,2025-12-18 22:55:00+00:00,2025-12-18 23:53:00+00:00,prob_floor,-0.0224098834207736,58.0,85654.98,85468.13,0.0008245871985494979,-0.0038866391656385835,-0.0021814259953126802,0.0006067758824255254,-0.0001134925965972089
SOL/USDT,2025-12-18 00:03:00+00:00,2025-12-18 00:03:00+00:00,dry_run,0.0,,123.29,123.29,0.003731040635899019,-0.0020277394760320755,0.0,0.003731040635899019,-0.0020277394760320755
SOL/USDT,2025-12-18 00:03:00+00:00,2025-12-18 00:06:00+00:00,gate_close,-0.0249301805985317,3.0,123.29,123.14,0.003731040635899019,-0.0020277394760320755,-0.0012166436856193563,0.004953711222998258,-0.0008120838070488912
SOL/USDT,2025-12-18 00:03:00+00:00,2025-12-18 00:10:00+00:00,take_profit,0.0190712000000009,7.0,123.29,123.13,0.003731040635899019,-0.0020277394760320755,-0.0012977532646606393,0.005035328514578108,-0.0009745797124989242
SOL/USDT,2025-12-18 00:12:00+00:00,2025-12-18 00:12:00+00:00,dry_run,0.0,,123.31,123.31,0.003568242640499486,-0.002432892709431478,0.0,0.003568242640499486,-0.002432892709431478
SOL/USDT,2025-12-18 00:12:00+00:00,2025-12-18 00:13:00+00:00,gate_close,-0.0009358329458471,1.0,123.31,123.4,0.003568242640499486,-0.002432892709431478,0.0007298678128295766,0.002836304700162051,-0.003160453808752073
SOL/USDT,2025-12-18 00:12:00+00:00,2025-12-18 00:14:00+00:00,take_profit,0.0010643290105737,2.0,123.31,123.47,0.003568242640499486,-0.002432892709431478,0.0012975427783634697,0.0022677573499636505,-0.0037256013606543625
SOL/USDT,2025-12-18 00:12:00+00:00,2025-12-18 00:15:00+00:00,take_profit,0.0230636000000001,3.0,123.31,123.46,0.003568242640499486,-0.002432892709431478,0.001216446354715739,0.002348938927587918,-0.0036449052324638576
SOL/USDT,2025-12-18 00:16:00+00:00,2025-12-18 00:16:00+00:00,turnover_limit,0.0,,123.55,123.55,0.0016187778227438887,-0.0043707001214082775,0.0,0.0016187778227438887,-0.0043707001214082775
SOL/USDT,2025-12-18 00:18:00+00:00,2025-12-18 00:18:00+00:00,turnover_limit,0.0,,123.45,123.45,0.002430133657351119,-0.00356419603078173,0.0,0.002430133657351119,-0.00356419603078173
SOL/USDT,2025-12-18 00:19:00+00:00,2025-12-18 00:19:00+00:00,turnover_limit,0.0,,123.41,123.41,0.002755044161737219,-0.0032412284255731727,0.0,0.002755044161737219,-0.0032412284255731727
SOL/USDT,2025-12-18 00:20:00+00:00,2025-12-18 00:20:00+00:00,turnover_limit,0.0,,123.26,123.26,0.003975336686678599,-0.002028233003407376,0.0,0.003975336686678599,-0.002028233003407376
SOL/USDT,2025-12-18 00:21:00+00:00,2025-12-18 00:21:00+00:00,turnover_limit,0.0,,123.28,123.28,0.003812459441920879,-0.0021901362751459708,0.0,0.003812459441920879,-0.0021901362751459708
SOL/USDT,2025-12-18 00:23:00+00:00,2025-12-18 00:23:00+00:00,turnover_limit,0.0,,123.35,123.35,0.0034860154033238278,-0.002756384272395551,0.0,0.0034860154033238278,-0.002756384272395551
SOL/USDT,2025-12-18 00:24:00+00:00,2025-12-18 00:24:00+00:00,turnover_limit,0.0,,123.35,123.35,0.0034860154033238278,-0.002756384272395551,0.0,0.0034860154033238278,-0.002756384272395551
SOL/USDT,2025-12-18 00:26:00+00:00,2025-12-18 00:26:00+00:00,turnover_limit,0.0,,123.38,123.38,0.003242016534284353,-0.0029988652942128935,0.0,0.003242016534284353,-0.0029988652942128935
SOL/USDT,2025-12-18 00:27:00+00:00,2025-12-18 00:27:00+00:00,turnover_limit,0.0,,123.35,123.35,0.0034860154033238278,-0.002756384272395551,0.0,0.0034860154033238278,-0.002756384272395551
SOL/USDT,2025-12-18 00:29:00+00:00,2025-12-18 00:29:00+00:00,turnover_limit,0.0,,123.55,123.55,0.0018615944961555275,-0.0043707001214082775,0.0,0.0018615944961555275,-0.0043707001214082775
SOL/USDT,2025-12-18 00:30:00+00:00,2025-12-18 00:30:00+00:00,turnover_limit,0.0,,123.51,123.51,0.0021860578090842075,-0.004048255202007911,0.0,0.0021860578090842075,-0.004048255202007911
SOL/USDT,2025-12-18 00:33:00+00:00,2025-12-18 00:33:00+00:00,turnover_limit,0.0,,123.56,123.56,0.0017805114923923337,-0.004451278730980834,0.0,0.0017805114923923337,-0.004451278730980834
SOL/USDT,2025-12-18 00:34:00+00:00,2025-12-18 00:34:00+00:00,turnover_limit,0.0,,123.56,123.56,0.0017805114923923337,-0.004451278730980834,0.0,0.0017805114923923337,-0.004451278730980834
SOL/USDT,2025-12-18 00:35:00+00:00,2025-12-18 00:35:00+00:00,turnover_limit,0.0,,123.53,123.53,0.0020237998866672324,-0.0042095037642677635,0.0,0.0020237998866672324,-0.0042095037642677635
SOL/USDT,2025-12-18 00:36:00+00:00,2025-12-18 00:36:00+00:00,turnover_limit,0.0,,123.55,123.55,0.0018615944961555275,-0.0043707001214082775,0.0,0.0018615944961555275,-0.0043707001214082775
SOL/USDT,2025-12-18 00:37:00+00:00,2025-12-18 00:37:00+00:00,turnover_limit,0.0,,123.5,123.5,0.0022672064777327083,-0.003967611336032295,0.0,0.0022672064777327083,-0.003967611336032295
SOL/USDT,2025-12-18 00:38:00+00:00,2025-12-18 00:38:00+00:00,turnover_limit,0.0,,123.5,123.5,0.0022672064777327083,-0.003967611336032295,0.0,0.0022672064777327083,-0.003967611336032295
SOL/USDT,2025-12-18 00:40:00+00:00,2025-12-18 00:40:00+00:00,turnover_limit,0.0,,123.51,123.51,0.0021860578090842075,-0.004048255202007911,0.0,0.0021860578090842075,-0.004048255202007911
SOL/USDT,2025-12-18 00:42:00+00:00,2025-12-18 00:42:00+00:00,turnover_limit,0.0,,123.31,123.31,0.0038115319114426782,-0.002432892709431478,0.0,0.0038115319114426782,-0.002432892709431478
SOL/USDT,2025-12-18 00:45:00+00:00,2025-12-18 00:45:00+00:00,turnover_limit,0.0,,123.49,123.49,0.002348368288930258,-0.0038869544092637875,0.0,0.002348368288930258,-0.0038869544092637875
SOL/USDT,2025-12-18 00:47:00+00:00,2025-12-18 00:47:00+00:00,turnover_limit,0.0,,123.62,123.62,0.001294288950008049,-0.004934476621905826,0.0,0.001294288950008049,-0.004934476621905826
SOL/USDT,2025-12-18 00:49:00+00:00,2025-12-18 00:49:00+00:00,turnover_limit,0.0,,123.65,123.65,0.0010513546300039422,-0.005175899716942989,0.0,0.0010513546300039422,-0.005175899716942989
SOL/USDT,2025-12-18 00:50:00+00:00,2025-12-18 00:50:00+00:00,turnover_limit,0.0,,123.75,123.75,0.00024242424242415517,-0.005979797979797974,0.0,0.00024242424242415517,-0.005979797979797974
SOL/USDT,2025-12-18 00:52:00+00:00,2025-12-18 00:52:00+00:00,turnover_limit,0.0,,123.58,123.58,0.0016183848519177868,-0.004612396827965659,0.0,0.0016183848519177868,-0.004612396827965659
SOL/USDT,2025-12-18 00:54:00+00:00,2025-12-18 00:54:00+00:00,turnover_limit,0.0,,123.71,123.71,0.000565839463260831,-0.005658394632608421,0.0,0.000565839463260831,-0.005658394632608421
SOL/USDT,2025-12-18 00:55:00+00:00,2025-12-18 00:55:00+00:00,turnover_limit,0.0,,123.71,123.71,0.000565839463260831,-0.005658394632608421,0.0,0.000565839463260831,-0.005658394632608421
SOL/USDT,2025-12-18 00:56:00+00:00,2025-12-18 00:56:00+00:00,turnover_limit,0.0,,123.73,123.73,0.0004041057140546922,-0.005819122282389011,0.0,0.0004041057140546922,-0.005819122282389011
SOL/USDT,2025-12-18 00:58:00+00:00,2025-12-18 00:58:00+00:00,turnover_limit,0.0,,123.71,123.71,0.000565839463260831,-0.005658394632608421,0.0,0.000565839463260831,-0.005658394632608421
SOL/USDT,2025-12-18 00:59:00+00:00,2025-12-18 00:59:00+00:00,turnover_limit,0.0,,123.7,123.7,0.0006467259498788014,-0.005578011317704079,0.0,0.0006467259498788014,-0.005578011317704079
SOL/USDT,2025-12-18 01:24:00+00:00,2025-12-18 01:24:00+00:00,turnover_limit,0.0,,123.62,123.62,0.0035592946125222458,-0.0039637599093999,0.0,0.0035592946125222458,-0.0039637599093999
SOL/USDT,2025-12-18 01:25:00+00:00,2025-12-18 01:25:00+00:00,turnover_limit,0.0,,123.61,123.61,0.0036404821616373706,-0.003883180972413247,0.0,0.0036404821616373706,-0.003883180972413247
SOL/USDT,2025-12-18 01:26:00+00:00,2025-12-18 01:26:00+00:00,turnover_limit,0.0,,123.48,123.48,0.004697116942014912,-0.0028344671201814275,0.0,0.004697116942014912,-0.0028344671201814275
SOL/USDT,2025-12-18 01:27:00+00:00,2025-12-18 01:27:00+00:00,turnover_limit,0.0,,123.52,123.52,0.004371761658031215,-0.003157383419689075,0.0,0.004371761658031215,-0.003157383419689075
SOL/USDT,2025-12-18 01:28:00+00:00,2025-12-18 01:28:00+00:00,turnover_limit,0.0,,123.52,123.52,0.004371761658031215,-0.003157383419689075,0.0,0.004371761658031215,-0.003157383419689075
SOL/USDT,2025-12-18 01:29:00+00:00,2025-12-18 01:29:00+00:00,turnover_limit,0.0,,123.52,123.52,0.004371761658031215,-0.003157383419689075,0.0,0.004371761658031215,-0.003157383419689075
SOL/USDT,2025-12-18 01:30:00+00:00,2025-12-18 01:30:00+00:00,turnover_limit,0.0,,123.47,123.47,0.004778488701709049,-0.002753705353527147,0.0,0.004778488701709049,-0.002753705353527147
SOL/USDT,2025-12-18 01:31:00+00:00,2025-12-18 01:31:00+00:00,turnover_limit,0.0,,123.49,123.49,0.004615758361000921,-0.0029152158069479794,0.0,0.004615758361000921,-0.0029152158069479794
SOL/USDT,2025-12-18 01:32:00+00:00,2025-12-18 01:32:00+00:00,turnover_limit,0.0,,123.53,123.53,0.004290455759734524,-0.0032380798186675275,0.0,0.004290455759734524,-0.0032380798186675275
SOL/USDT,2025-12-18 01:33:00+00:00,2025-12-18 01:33:00+00:00,turnover_limit,0.0,,123.49,123.49,0.004615758361000921,-0.0029152158069479794,0.0,0.004615758361000921,-0.0029152158069479794
SOL/USDT,2025-12-18 01:35:00+00:00,2025-12-18 01:35:00+00:00,turnover_limit,0.0,,123.33,123.33,0.00591907889402421,-0.001621665450417642,0.0,0.00591907889402421,-0.001621665450417642
SOL/USDT,2025-12-18 01:43:00+00:00,2025-12-18 01:43:00+00:00,turnover_limit,0.0,,123.47,123.47,0.004778488701709049,-0.002753705353527147,0.0,0.004778488701709049,-0.002753705353527147
SOL/USDT,2025-12-18 01:46:00+00:00,2025-12-18 01:46:00+00:00,turnover_limit,0.0,,123.64,123.64,0.0033969589129732025,-0.004124878680038857,0.0,0.0033969589129732025,-0.004124878680038857
SOL/USDT,2025-12-18 01:48:00+00:00,2025-12-18 01:48:00+00:00,turnover_limit,0.0,,123.64,123.64,0.0033969589129732025,-0.004124878680038857,0.0,0.0033969589129732025,-0.004124878680038857
SOL/USDT,2025-12-18 01:49:00+00:00,2025-12-18 01:49:00+00:00,turnover_limit,0.0,,123.62,123.62,0.0035592946125222458,-0.0039637599093999,0.0,0.0035592946125222458,-0.0039637599093999
SOL/USDT,2025-12-18 01:50:00+00:00,2025-12-18 01:50:00+00:00,turnover_limit,0.0,,123.62,123.62,0.0035592946125222458,-0.0039637599093999,0.0,0.0035592946125222458,-0.0039637599093999
SOL/USDT,2025-12-18 01:54:00+00:00,2025-12-18 01:54:00+00:00,turnover_limit,0.0,,123.29,123.29,0.0062454375861789035,-0.0012977532646606393,0.0,0.0062454375861789035,-0.0012977532646606393
SOL/USDT,2025-12-18 02:07:00+00:00,2025-12-18 02:07:00+00:00,turnover_limit,0.0,,123.74,123.74,0.002586067561014982,-0.0033133990625504595,0.0,0.002586067561014982,-0.0033133990625504595
SOL/USDT,2025-12-18 02:08:00+00:00,2025-12-18 02:08:00+00:00,turnover_limit,0.0,,123.64,123.64,0.0033969589129732025,-0.0025072791976706865,0.0,0.0033969589129732025,-0.0025072791976706865
SOL/USDT,2025-12-18 02:10:00+00:00,2025-12-18 02:10:00+00:00,turnover_limit,0.0,,123.6,123.6,0.0037216828478965347,-0.0021844660194174637,0.0,0.0037216828478965347,-0.0021844660194174637
SOL/USDT,2025-12-18 02:12:00+00:00,2025-12-18 02:12:00+00:00,turnover_limit,0.0,,123.85,123.85,0.0016955995155429893,-0.004198627371820751,0.0,0.0016955995155429893,-0.004198627371820751
SOL/USDT,2025-12-18 02:35:00+00:00,2025-12-18 02:35:00+00:00,turnover_limit,0.0,,123.84,123.84,0.0011304909560723164,-0.006298449612403112,0.0,0.0011304909560723164,-0.006298449612403112
SOL/USDT,2025-12-18 02:37:00+00:00,2025-12-18 02:37:00+00:00,turnover_limit,0.0,,123.81,123.81,0.0012115338017930632,-0.006057669008965316,0.0,0.0012115338017930632,-0.006057669008965316
SOL/USDT,2025-12-18 02:38:00+00:00,2025-12-18 02:38:00+00:00,turnover_limit,0.0,,123.83,123.83,0.0010498263748688341,-0.006218202374222659,0.0,0.0010498263748688341,-0.006218202374222659
SOL/USDT,2025-12-18 02:39:00+00:00,2025-12-18 02:39:00+00:00,turnover_limit,0.0,,123.81,123.81,0.0012115338017930632,-0.006057669008965316,0.0,0.0012115338017930632,-0.006057669008965316
SOL/USDT,2025-12-18 02:40:00+00:00,2025-12-18 02:40:00+00:00,turnover_limit,0.0,,123.87,123.87,0.0007265681763137799,-0.006539113586824907,0.0,0.0007265681763137799,-0.006539113586824907
SOL/USDT,2025-12-18 02:41:00+00:00,2025-12-18 02:41:00+00:00,turnover_limit,0.0,,123.87,123.87,0.0007265681763137799,-0.006539113586824907,0.0,0.0007265681763137799,-0.006539113586824907
SOL/USDT,2025-12-18 02:42:00+00:00,2025-12-18 02:42:00+00:00,turnover_limit,0.0,,123.73,123.73,0.0018588862846520282,-0.005415016568334319,0.0,0.0018588862846520282,-0.005415016568334319
SOL/USDT,2025-12-18 02:43:00+00:00,2025-12-18 02:43:00+00:00,turnover_limit,0.0,,123.78,123.78,0.0014541929229276995,-0.005816771691711131,0.0,0.0014541929229276995,-0.005816771691711131
SOL/USDT,2025-12-18 02:46:00+00:00,2025-12-18 02:46:00+00:00,turnover_limit,0.0,,123.79,123.79,0.0013732934808949881,-0.005897083770902367,0.0,0.0013732934808949881,-0.005897083770902367
SOL/USDT,2025-12-18 02:47:00+00:00,2025-12-18 02:47:00+00:00,turnover_limit,0.0,,123.8,123.8,0.0012924071082389688,-0.005977382875605786,0.0,0.0012924071082389688,-0.005977382875605786
SOL/USDT,2025-12-18 02:48:00+00:00,2025-12-18 02:48:00+00:00,turnover_limit,0.0,,123.8,123.8,0.0012924071082389688,-0.005977382875605786,0.0,0.0012924071082389688,-0.005977382875605786
SOL/USDT,2025-12-18 03:06:00+00:00,2025-12-18 03:06:00+00:00,turnover_limit,0.0,,123.78,123.78,0.002746808854419136,-0.005816771691711131,0.0,0.002746808854419136,-0.005816771691711131
SOL/USDT,2025-12-18 03:07:00+00:00,2025-12-18 03:07:00+00:00,turnover_limit,0.0,,123.81,123.81,0.0025038365237057825,-0.006057669008965316,0.0,0.0025038365237057825,-0.006057669008965316
SOL/USDT,2025-12-18 03:08:00+00:00,2025-12-18 03:08:00+00:00,turnover_limit,0.0,,123.9,123.9,0.0017756255044389935,-0.006779661016949157,0.0,0.0017756255044389935,-0.006779661016949157
SOL/USDT,2025-12-18 03:09:00+00:00,2025-12-18 03:09:00+00:00,turnover_limit,0.0,,123.82,123.82,0.0024228719108383423,-0.006137942174123667,0.0,0.0024228719108383423,-0.006137942174123667
SOL/USDT,2025-12-18 03:10:00+00:00,2025-12-18 03:10:00+00:00,turnover_limit,0.0,,123.82,123.82,0.0024228719108383423,-0.006137942174123667,0.0,0.0024228719108383423,-0.006137942174123667
SOL/USDT,2025-12-18 03:11:00+00:00,2025-12-18 03:11:00+00:00,turnover_limit,0.0,,123.84,123.84,0.002260981912144633,-0.006298449612403112,0.0,0.002260981912144633,-0.006298449612403112
SOL/USDT,2025-12-18 03:12:00+00:00,2025-12-18 03:12:00+00:00,turnover_limit,0.0,,123.84,123.84,0.002260981912144633,-0.006298449612403112,0.0,0.002260981912144633,-0.006298449612403112
SOL/USDT,2025-12-18 03:13:00+00:00,2025-12-18 03:13:00+00:00,turnover_limit,0.0,,123.86,123.86,0.0020991441950590772,-0.006458905215565913,0.0,0.0020991441950590772,-0.006458905215565913
SOL/USDT,2025-12-18 03:41:00+00:00,2025-12-18 03:41:00+00:00,dry_run,0.0,,123.46,123.46,0.005345861007613806,-0.0010529726227117564,0.0,0.005345861007613806,-0.0010529726227117564
SOL/USDT,2025-12-18 03:41:00+00:00,2025-12-18 03:49:00+00:00,take_profit,0.0049778999999998,8.0,123.46,123.43,0.005345861007613806,-0.0010529726227117564,-0.00024299368216418316,0.005590213076237527,-0.000324070323260206
SOL/USDT,2025-12-18 03:53:00+00:00,2025-12-18 03:53:00+00:00,dry_run,0.0,,123.66,123.66,0.0037198770823225757,-0.0005660682516577253,0.0,0.0037198770823225757,-0.0005660682516577253
SOL/USDT,2025-12-18 03:53:00+00:00,2025-12-18 03:54:00+00:00,take_profit,0.0076755690541795,1.0,123.66,123.59,0.0037198770823225757,-0.0005660682516577253,-0.0005660682516577253,0.004288372845699495,0.0
SOL/USDT,2025-12-18 03:53:00+00:00,2025-12-18 03:55:00+00:00,take_profit,0.0103757869539928,2.0,123.66,123.75,0.0037198770823225757,-0.0005660682516577253,0.0007278020378458372,0.002989898989899098,-0.00121212121212122
SOL/USDT,2025-12-18 03:53:00+00:00,2025-12-18 03:56:00+00:00,take_profit,0.0112758595637967,3.0,123.66,123.78,0.0037198770823225757,-0.0005660682516577253,0.0009704027171275609,0.002746808854419136,-0.0014541929229278105
SOL/USDT,2025-12-18 03:53:00+00:00,2025-12-18 03:59:00+00:00,take_profit,0.0229746600000001,6.0,123.66,123.61,0.0037198770823225757,-0.0005660682516577253,-0.00040433446546983554,0.004125879783189124,-8.089960359203285e-05
SOL/USDT,2025-12-18 04:02:00+00:00,2025-12-18 04:02:00+00:00,dry_run,0.0,,123.89,123.89,0.001856485592057533,-0.003228670594882632,0.0,0.001856485592057533,-0.003228670594882632
SOL/USDT,2025-12-18 04:02:00+00:00,2025-12-18 04:03:00+00:00,gate_close,0.0013671387915426,1.0,123.89,124.06,0.001856485592057533,-0.003228670594882632,0.0013721850028252103,0.0004836369498630866,-0.004594551023698323
SOL/USDT,2025-12-18 04:02:00+00:00,2025-12-18 04:05:00+00:00,gate_close,-0.0202346039883765,3.0,123.89,123.93,0.001856485592057533,-0.003228670594882632,0.00032286705948836314,0.0015331235374809182,-0.003550391349955717
SOL/USDT,2025-12-18 04:02:00+00:00,2025-12-18 04:08:00+00:00,gate_close,-0.0265351135718596,6.0,123.89,123.8,0.001856485592057533,-0.003228670594882632,-0.000726450883848595,0.0007269789983845865,-0.003473344103392506
SOL/USDT,2025-12-18 04:02:00+00:00,2025-12-18 04:10:00+00:00,trailing_prob_drop,-0.0337356966589871,8.0,123.89,123.74,0.001856485592057533,-0.003228670594882632,-0.0012107514730810287,0.0008081461128173206,-0.0036366575076772767
SOL/USDT,2025-12-18 04:02:00+00:00,2025-12-18 04:11:00+00:00,trailing_prob_drop,-0.0292353321412123,9.0,123.89,123.74,0.001856485592057533,-0.003228670594882632,-0.0012107514730810287,0.0008081461128173206,-0.0036366575076772767
SOL/USDT,2025-12-18 04:02:00+00:00,2025-12-18 04:12:00+00:00,trailing_prob_drop,-0.0283352592729896,10.0,123.89,123.75,0.001856485592057533,-0.003228670594882632,-0.001130034708208938,0.0007272727272726875,-0.003878787878787926
SOL/USDT,2025-12-18 04:02:00+00:00,2025-12-18 04:15:00+00:00,prob_floor,-0.0328356237318682,13.0,123.89,123.73,0.001856485592057533,-0.003228670594882632,-0.0012914682379530085,0.0008890325709205449,-0.004364341711791897
SOL/USDT,2025-12-18 04:02:00+00:00,2025-12-18 04:16:00+00:00,prob_floor,-0.0292353321412123,14.0,123.89,123.74,0.001856485592057533,-0.003228670594882632,-0.0012107514730810287,0.0008081461128173206,-0.007596573460481593
SOL/USDT,2025-12-18 04:02:00+00:00,2025-12-18 04:18:00+00:00,prob_floor,-0.030135405021208,16.0,123.89,123.77,0.001856485592057533,-0.003228670594882632,-0.0009686011784647564,0.0005655651611862211,-0.007837117233578383
SOL/USDT,2025-12-18 04:02:00+00:00,2025-12-18 04:19:00+00:00,prob_floor,-0.0346357695978985,17.0,123.89,123.77,0.001856485592057533,-0.003228670594882632,-0.0009686011784647564,0.0005655651611862211,-0.00832188737173789
SOL/USDT,2025-12-18 04:02:00+00:00,2025-12-18 04:20:00+00:00,prob_floor,-0.0337356966589871,18.0,123.89,123.72,0.001856485592057533,-0.003228670594882632,-0.0013721850028250993,0.0009699321047527132,-0.008244422890397618
SOL/USDT,2025-12-18 04:02:00+00:00,2025-12-18 04:21:00+00:00,prob_floor,-0.0355358425486,19.0,123.89,123.74,0.001856485592057533,-0.003228670594882632,-0.0012107514730810287,0.0008081461128173206,-0.008404719573298802
SOL/USDT,2025-12-18 04:02:00+00:00,2025-12-18 04:22:00+00:00,prob_floor,-0.0355358425486,20.0,123.89,123.71,0.001856485592057533,-0.003228670594882632,-0.00145290176769719,0.0008891762994098773,-0.008972597203136368
SOL/USDT,2025-12-18 04:02:00+00:00,2025-12-18 04:23:00+00:00,trailing_prob_drop,-0.0373359884853875,21.0,123.89,123.69,0.001856485592057533,-0.003228670594882632,-0.0016143352974412606,0.0010510146333575499,-0.008812353464305978
SOL/USDT,2025-12-18 04:02:00+00:00,2025-12-18 04:24:00+00:00,trailing_prob_drop,-0.0427364265790434,22.0,123.89,123.68,0.001856485592057533,-0.003228670594882632,-0.0016950520623132403,0.0011319534282017152,-0.008732212160414088
SOL/USDT,2025-12-18 04:02:00+00:00,2025-12-18 04:25:00+00:00,prob_floor,-0.0382360614714779,23.0,123.89,123.64,0.001856485592057533,-0.003228670594882632,-0.0020179191218016035,0.001455839534131309,-0.008411517308314465
SOL/USDT,2025-12-18 04:02:00+00:00,2025-12-18 04:26:00+00:00,prob_floor,-0.0472367919820366,24.0,123.89,123.64,0.001856485592057533,-0.003228670594882632,-0.0020179191218016035,0.001455839534131309,-0.008411517308314465
SOL/USDT,2025-12-18 04:02:00+00:00,2025-12-18 04:27:00+00:00,prob_floor,-0.0418363535339073,25.0,123.89,123.6,0.001856485592057533,-0.003228670594882632,-0.0023407861812898556,0.0017799352750809128,-0.008090614886731351
SOL/USDT,2025-12-18 04:02:00+00:00,2025-12-18 04:28:00+00:00,prob_floor,-0.0427364265790434,26.0,123.89,123.65,0.001856485592057533,-0.003228670594882632,-0.0019372023569295127,0.0013748483623128305,-0.008491710473109704
SOL/USDT,2025-12-18 04:02:00+00:00,2025-12-18 04:29:00+00:00,prob_floor,-0.0355358425486,27.0,123.89,123.65,0.001856485592057533,-0.003228670594882632,-0.0019372023569295127,0.0013748483623128305,-0.008491710473109704
SOL/USDT,2025-12-18 04:02:00+00:00,2025-12-18 04:30:00+00:00,trailing_prob_drop,-0.0310354779129783,28.0,123.89,123.69,0.001856485592057533,-0.003228670594882632,-0.0016143352974412606,0.0010510146333575499,-0.009216589861751112
SOL/USDT,2025-12-18 04:02:00+00:00,2025-12-18 04:31:00+00:00,trailing_prob_drop,-0.039136134469375,29.0,123.89,123.69,0.001856485592057533,-0.003228670594882632,-0.0016143352974412606,0.0010510146333575499,-0.010105909936130697
SOL/USDT,2025-12-18 04:02:00+00:00,2025-12-18 04:32:00+00:00,prob_floor,-0.0328356237318682,30.0,123.89,123.68,0.001856485592057533,-0.003228670594882632,-0.0016950520623132403,0.0011319534282017152,-0.010025873221216064
SOL/USDT,2025-12-18 04:02:00+00:00,2025-12-18 04:33:00+00:00,trailing_prob_drop,-0.039136134469375,31.0,123.89,123.73,0.001856485592057533,-0.003228670594882632,-0.0012914682379530085,0.000727390285298446,-0.010425927422613834
SOL/USDT,2025-12-18 04:02:00+00:00,2025-12-18 04:34:00+00:00,trailing_prob_drop,-0.039136134469375,32.0,123.89,123.73,0.001856485592057533,-0.003228670594882632,-0.0012914682379530085,0.000727390285298446,-0.010587569708235711
SOL/USDT,2025-12-18 04:02:00+00:00,2025-12-18 04:35:00+00:00,trailing_prob_drop,-0.0400362074790766,33.0,123.89,123.68,0.001856485592057533,-0.003228670594882632,-0.0016950520623132403,0.0011319534282017152,-0.010510996119016958
SOL/USDT,2025-12-18 04:02:00+00:00,2025-12-18 04:36:00+00:00,trailing_prob_drop,-0.0418392279767088,34.0,123.89,123.68,0.001856485592057533,-0.003228670594882632,-0.0016950520623132403,0.0011319534282017152,-0.010510996119016958
SOL/USDT,2025-12-18 04:02:00+00:00,2025-12-18 04:37:00+00:00,trailing_prob_drop,-0.0346357695978985,35.0,123.89,123.67,0.001856485592057533,-0.003228670594882632,-0.0017757688271854422,0.0012129053125251588,-0.010430985687717387
SOL/USDT,2025-12-18 04:02:00+00:00,2025-12-18 04:38:00+00:00,gate_close,-0.039136134469375,36.0,123.89,123.75,0.001856485592057533,-0.003228670594882632,-0.001130034708208938,0.0005656565656564361,-0.01107070707070712
SOL/USDT,2025-12-18 04:02:00+00:00,2025-12-18 04:41:00+00:00,gate_close,-0.0319355508165325,39.0,123.89,123.68,0.001856485592057533,-0.003228670594882632,-0.0016950520623132403,0.0009702457956015653,-0.010510996119016958
SOL/USDT,2025-12-18 04:02:00+00:00,2025-12-18 04:44:00+00:00,gate_close,-0.0355358425486,42.0,123.89,123.74,0.001856485592057533,-0.003228670594882632,-0.0012107514730810287,0.00032325844512692825,-0.010990787134313895
SOL/USDT,2025-12-18 04:02:00+00:00,2025-12-18 04:45:00+00:00,gate_close,-0.0409362805005843,43.0,123.89,123.71,0.001856485592057533,-0.003228670594882632,-0.00145290176769719,0.00048500525422356944,-0.010750949801956122
SOL/USDT,2025-12-18 04:02:00+00:00,2025-12-18 04:46:00+00:00,trailing_prob_drop,-0.0418363535339073,44.0,123.89,123.71,0.001856485592057533,-0.003228670594882632,-0.00145290176769719,8.083420903726157e-05,-0.010750949801956122
SOL/USDT,2025-12-18 04:02:00+00:00,2025-12-18 04:47:00+00:00,trailing_prob_drop,-0.0409362805005843,45.0,123.89,123.66,0.001856485592057533,-0.003228670594882632,-0.001856485592057533,0.00048520135856389146,-0.010350962316027834
SOL/USDT,2025-12-18 04:02:00+00:00,2025-12-18 04:48:00+00:00,trailing_prob_drop,-0.0427364265790434,46.0,123.89,123.66,0.001856485592057533,-0.003228670594882632,-0.001856485592057533,0.00048520135856389146,-0.010350962316027834
SOL/USDT,2025-12-18 04:02:00+00:00,2025-12-18 04:49:00+00:00,trailing_prob_drop,-0.0373359884853875,47.0,123.89,123.66,0.001856485592057533,-0.003228670594882632,-0.001856485592057533,0.00048520135856389146,-0.010350962316027834
SOL/USDT,2025-12-18 04:02:00+00:00,2025-12-18 04:50:00+00:00,gate_close,-0.0382360614714779,48.0,123.89,123.7,0.001856485592057533,-0.003228670594882632,-0.0015336185325691698,0.00016168148746964484,-0.010670978172999224
SOL/USDT,2025-12-18 04:02:00+00:00,2025-12-18 04:51:00+00:00,trailing_prob_drop,-0.039136134469375,49.0,123.89,123.69,0.001856485592057533,-0.003228670594882632,-0.0016143352974412606,0.00024254183846705857,-0.010590993613064925
SOL/USDT,2025-12-18 04:02:00+00:00,2025-12-18 04:52:00+00:00,trailing_prob_drop,-0.0382360614714779,50.0,123.89,123.65,0.001856485592057533,-0.003228670594882632,-0.0019372023569295127,0.0005661140315404989,-0.010270926000808811
SOL/USDT,2025-12-18 04:02:00+00:00,2025-12-18 04:53:00+00:00,prob_floor,-0.0364359155110932,51.0,123.89,123.65,0.001856485592057533,-0.003228670594882632,-0.0019372023569295127,0.0005661140315404989,-0.010270926000808811
SOL/USDT,2025-12-18 04:02:00+00:00,2025-12-18 04:54:00+00:00,trailing_prob_drop,-0.0346357695978985,52.0,123.89,123.65,0.001856485592057533,-0.003228670594882632,-0.0019372023569295127,0.0005661140315404989,-0.010270926000808811
SOL/USDT,2025-12-18 04:02:00+00:00,2025-12-18 04:55:00+00:00,trailing_prob_drop,-0.0409362805005843,53.0,123.89,123.72,0.001856485592057533,-0.003228670594882632,-0.0013721850028250993,0.0,-0.010830908503071446
SOL/USDT,2025-12-18 04:02:00+00:00,2025-12-18 04:56:00+00:00,trailing_prob_drop,-0.0427364265790434,54.0,123.89,123.69,0.001856485592057533,-0.003228670594882632,-0.0016143352974412606,0.0,-0.010590993613064925
SOL/USDT,2025-12-18 04:02:00+00:00,2025-12-18 04:57:00+00:00,trailing_prob_drop,-0.0445365727047687,55.0,123.89,123.66,0.001856485592057533,-0.003228670594882632,-0.001856485592057533,0.0,-0.010350962316027834
SOL/USDT,2025-12-18 04:02:00+00:00,2025-12-18 04:58:00+00:00,prob_floor,-0.0409362805005843,56.0,123.89,123.63,0.001856485592057533,-0.003228670594882632,-0.0020986358866736943,0.0002426595486533234,-0.010110814527218293
SOL/USDT,2025-12-18 04:02:00+00:00,2025-12-18 04:59:00+00:00,trailing_prob_drop,-0.045436645785365,57.0,123.89,123.66,0.001856485592057533,-0.003228670594882632,-0.001856485592057533,0.0,-0.010350962316027834
SOL/USDT,2025-12-18 04:02:00+00:00,2025-12-18 05:00:00+00:00,trailing_prob_drop,-0.0535373040432317,58.0,123.89,123.66,0.001856485592057533,-0.003228670594882632,-0.001856485592057533,0.0,-0.011159631246967505
SOL/USDT,2025-12-18 04:02:00+00:00,2025-12-18 05:01:00+00:00,prob_floor,-0.055337450453055,59.0,123.89,123.51,0.001856485592057533,-0.003228670594882632,-0.0030672370651383396,0.0007286859363613285,-0.010282568213100252
SOL/USDT,2025-12-18 04:02:00+00:00,2025-12-18 05:02:00+00:00,prob_floor,-0.0526372308561022,60.0,123.89,123.49,0.001856485592057533,-0.003228670594882632,-0.003228670594882632,0.00024293465057900754,-0.010122277107458055
SOL/USDT,2025-12-18 04:02:00+00:00,2025-12-18 05:03:00+00:00,prob_floor,-0.0526372308561022,61.0,123.89,123.49,0.001856485592057533,-0.003228670594882632,-0.003228670594882632,0.00024293465057900754,-0.010122277107458055
SOL/USDT,2025-12-18 04:02:00+00:00,2025-12-18 05:04:00+00:00,prob_floor,-0.0535373040432317,62.0,123.89,123.49,0.001856485592057533,-0.003228670594882632,-0.003228670594882632,0.00024293465057900754,-0.010122277107458055
SOL/USDT,2025-12-18 04:02:00+00:00,2025-12-18 05:05:00+00:00,prob_floor,-0.0607378899671871,63.0,123.89,123.52,0.001856485592057533,-0.003228670594882632,-0.00298652030026636,0.0,-0.010362694300518172
SOL/USDT,2025-12-18 04:02:00+00:00,2025-12-18 05:06:00+00:00,prob_floor,-0.0616379632610894,64.0,123.89,123.43,0.001856485592057533,-0.003228670594882632,-0.003712971184114844,0.00024305274244507125,-0.009641092116989491
SOL/USDT,2025-12-18 04:02:00+00:00,2025-12-18 05:07:00+00:00,prob_floor,-0.062538036566868,65.0,123.89,123.43,0.001856485592057533,-0.003228670594882632,-0.003712971184114844,0.00024305274244507125,-0.009641092116989491
SOL/USDT,2025-12-18 04:02:00+00:00,2025-12-18 05:08:00+00:00,prob_floor,-0.0661383299088127,66.0,123.89,123.41,0.001856485592057533,-0.003228670594882632,-0.0038744047138591364,0.0004051535531965911,-0.009480593144801874
SOL/USDT,2025-12-18 04:02:00+00:00,2025-12-18 05:09:00+00:00,prob_floor,-0.0706386968538419,67.0,123.89,123.4,0.001856485592057533,-0.003228670594882632,-0.003955121478731116,0.0,-0.00940032414910863
SOL/USDT,2025-12-18 04:02:00+00:00,2025-12-18 05:10:00+00:00,prob_floor,-0.0688385500401295,68.0,123.89,123.32,0.001856485592057533,-0.003228670594882632,-0.0046008555977077314,0.0004054492377554286,-0.008757703535517303
SOL/USDT,2025-12-18 04:02:00+00:00,2025-12-18 05:11:00+00:00,prob_floor,-0.0760391375808199,69.0,123.89,123.36,0.001856485592057533,-0.003228670594882632,-0.004277988538219368,8.106355382619945e-05,-0.00907911802853445
SOL/USDT,2025-12-18 04:02:00+00:00,2025-12-18 05:12:00+00:00,prob_floor,-0.0760391375808199,70.0,123.89,123.27,0.001856485592057533,-0.003228670594882632,-0.005004439422067963,0.0004056136935182142,-0.008355642086476878
SOL/USDT,2025-12-18 04:02:00+00:00,2025-12-18 05:14:00+00:00,prob_floor,-0.0823396523048825,72.0,123.89,123.19,0.001856485592057533,-0.003228670594882632,-0.0056501735410444676,0.0006494033606623262,-0.0077116649078659005
SOL/USDT,2025-12-18 04:02:00+00:00,2025-12-18 05:15:00+00:00,prob_floor,-0.1075417170638247,73.0,123.89,123.2,0.001856485592057533,-0.003228670594882632,-0.005569456776172377,8.116883116882079e-05,-0.007792207792207906
SOL/USDT,2025-12-18 04:02:00+00:00,2025-12-18 05:16:00+00:00,prob_floor,-0.1084417909792096,74.0,123.89,122.95,0.001856485592057533,-0.003228670594882632,-0.00758737589797398,0.002114680764538246,-0.005774705164701133
SOL/USDT,2025-12-18 04:02:00+00:00,2025-12-18 05:17:00+00:00,prob_floor,-0.1147423087238979,75.0,123.89,122.91,0.001856485592057533,-0.003228670594882632,-0.007910242957462343,0.00016272068993572475,-0.005451143112846779
SOL/USDT,2025-12-18 04:02:00+00:00,2025-12-18 05:18:00+00:00,prob_floor,-0.1246431235159909,76.0,123.89,122.83,0.001856485592057533,-0.003228670594882632,-0.008555977076438848,0.0008141333550435448,-0.004803386794757003
SOL/USDT,2025-12-18 04:02:00+00:00,2025-12-18 05:20:00+00:00,prob_floor,-0.127343345985574,78.0,123.89,122.7,0.001856485592057533,-0.003228670594882632,-0.009605295019775584,0.0018744906275469653,-0.0037489812550938195
SOL/USDT,2025-12-18 04:02:00+00:00,2025-12-18 05:21:00+00:00,prob_floor,-0.1354440140475514,79.0,123.89,122.72,0.001856485592057533,-0.003228670594882632,-0.009443861490031513,0.0017112125162972447,-0.003911342894393766
SOL/USDT,2025-12-18 04:02:00+00:00,2025-12-18 05:23:00+00:00,prob_floor,-0.1264432718169577,81.0,123.89,122.71,0.001856485592057533,-0.003228670594882632,-0.009524578254903604,0.0017928449189146267,-0.0038301686904083088
SOL/USDT,2025-12-18 04:02:00+00:00,2025-12-18 05:24:00+00:00,prob_floor,-0.130943642780969,82.0,123.89,122.71,0.001856485592057533,-0.003228670594882632,-0.009524578254903604,0.0017928449189146267,-0.0038301686904083088
SOL/USDT,2025-12-18 04:02:00+00:00,2025-12-18 05:25:00+00:00,prob_floor,-0.127343345985574,83.0,123.89,122.68,0.001856485592057533,-0.003228670594882632,-0.009766728549519654,0.0020378219758721006,-0.003586566677535097
SOL/USDT,2025-12-18 04:02:00+00:00,2025-12-18 05:26:00+00:00,prob_floor,-0.1219429011551462,84.0,123.89,122.66,0.001856485592057533,-0.003228670594882632,-0.009928162079263947,0.002201206587314708,-0.0034240991358226447
SOL/USDT,2025-12-18 04:02:00+00:00,2025-12-18 05:27:00+00:00,prob_floor,-0.1300435685639752,85.0,123.89,122.73,0.001856485592057533,-0.003228670594882632,-0.009363144725159422,0.0016295934164425319,-0.003992503870284492
SOL/USDT,2025-12-18 04:02:00+00:00,2025-12-18 05:28:00+00:00,prob_floor,-0.1345439397700117,86.0,123.89,122.7,0.001856485592057533,-0.003228670594882632,-0.009605295019775584,0.0018744906275469653,-0.0037489812550938195
SOL/USDT,2025-12-18 04:02:00+00:00,2025-12-18 05:29:00+00:00,prob_floor,-0.1336438655045853,87.0,123.89,122.68,0.001856485592057533,-0.003228670594882632,-0.009766728549519654,0.0020378219758721006,-0.003586566677535097
SOL/USDT,2025-12-18 04:02:00+00:00,2025-12-18 05:30:00+00:00,prob_floor,-0.1471449807593386,88.0,123.89,122.62,0.001856485592057533,-0.003228670594882632,-0.010251029138752088,0.0025281357038002827,-0.0030990050562714755
SOL/USDT,2025-12-18 04:02:00+00:00,2025-12-18 05:31:00+00:00,prob_floor,-0.141744534329783,89.0,123.89,122.45,0.001856485592057533,-0.003228670594882632,-0.011623214141577187,0.003919967333605667,-0.001714985708452521
SOL/USDT,2025-12-18 04:02:00+00:00,2025-12-18 05:32:00+00:00,time_limit,-0.1399332599999988,90.0,123.89,122.57,0.001856485592057533,-0.003228670594882632,-0.010654612963112542,0.0029370971689648417,-0.0026923390715509754
SOL/USDT,2025-12-18 05:42:00+00:00,2025-12-18 05:42:00+00:00,dry_run,0.0,,122.89,122.89,0.00032549434453588155,-0.005289283098706243,0.0,0.00032549434453588155,-0.005289283098706243
SOL/USDT,2025-12-18 05:42:00+00:00,2025-12-18 05:45:00+00:00,gate_close,-0.0409148898509784,3.0,122.89,122.77,0.00032549434453588155,-0.005289283098706243,-0.0009764830336073116,0.0008145312372729308,-0.0043170155575466
SOL/USDT,2025-12-18 05:42:00+00:00,2025-12-18 05:46:00+00:00,gate_close,-0.0238134909722374,4.0,122.89,122.47,0.00032549434453588155,-0.005289283098706243,-0.003417690617625535,0.0028578427369967407,-0.0018780109414551216
SOL/USDT,2025-12-18 05:42:00+00:00,2025-12-18 05:47:00+00:00,gate_close,-0.0184130501210127,5.0,122.89,122.65,0.00032549434453588155,-0.005289283098706243,-0.0019529660672145122,0.0013860578883000407,-0.0033428454953119413
SOL/USDT,2025-12-18 05:42:00+00:00,2025-12-18 05:56:00+00:00,prob_floor,-0.0373145949895923,14.0,122.89,122.47,0.00032549434453588155,-0.005289283098706243,-0.003417690617625535,0.0028578427369967407,-0.0018780109414551216
SOL/USDT,2025-12-18 05:42:00+00:00,2025-12-18 05:57:00+00:00,prob_floor,-0.0445151849050438,15.0,122.89,122.47,0.00032549434453588155,-0.005289283098706243,-0.003417690617625535,0.0028578427369967407,-0.0018780109414551216
SOL/USDT,2025-12-18 05:42:00+00:00,2025-12-18 05:58:00+00:00,prob_floor,-0.0436151111234514,16.0,122.89,122.43,0.00032549434453588155,-0.005289283098706243,-0.0037431849621611946,0.003185493751531432,-0.0015519072122847088
SOL/USDT,2025-12-18 05:42:00+00:00,2025-12-18 05:59:00+00:00,prob_floor,-0.0526158494821598,17.0,122.89,122.44,0.00032549434453588155,-0.005289283098706243,-0.0036618113760273907,0.0031035609278013965,-0.0016334531198954894
SOL/USDT,2025-12-18 05:42:00+00:00,2025-12-18 06:00:00+00:00,prob_floor,-0.0607165150378343,18.0,122.89,122.33,0.00032549434453588155,-0.005289283098706243,-0.004556920823500676,0.004087304831194238,-0.0007357148696149896
SOL/USDT,2025-12-18 05:42:00+00:00,2025-12-18 06:01:00+00:00,prob_floor,-0.0607165150378343,19.0,122.89,122.24,0.00032549434453588155,-0.005289283098706243,-0.005289283098706243,0.006299083769633507,0.0
SOL/USDT,2025-12-18 05:42:00+00:00,2025-12-18 06:02:00+00:00,prob_floor,-0.0499156278478324,20.0,122.89,122.28,0.00032549434453588155,-0.005289283098706243,-0.004963788754170362,0.005969905135754017,-0.0002453385672227526
SOL/USDT,2025-12-18 05:42:00+00:00,2025-12-18 06:03:00+00:00,prob_floor,-0.0364145213043283,21.0,122.89,122.33,0.00032549434453588155,-0.005289283098706243,-0.004556920823500676,0.0055587345704242175,-0.0006539687729910648
SOL/USDT,2025-12-18 05:42:00+00:00,2025-12-18 06:04:00+00:00,prob_floor,-0.0445151849050438,22.0,122.89,122.49,0.00032549434453588155,-0.005289283098706243,-0.0032549434453577053,0.004245244509756052,-0.0009796718099436275
SOL/USDT,2025-12-18 05:42:00+00:00,2025-12-18 06:06:00+00:00,gate_close,-0.0319141530583757,24.0,122.89,122.6,0.00032549434453588155,-0.005289283098706243,-0.0023598339978843086,0.0033442088091355515,-0.0018760195758563691
SOL/USDT,2025-12-18 05:42:00+00:00,2025-12-18 06:30:00+00:00,gate_close,-0.0211132704927234,48.0,122.89,122.65,0.00032549434453588155,-0.005289283098706243,-0.0019529660672145122,0.00587036282103548,-0.0022829188748471063
SOL/USDT,2025-12-18 05:42:00+00:00,2025-12-18 06:32:00+00:00,gate_close,-0.0229134174670855,50.0,122.89,122.77,0.00032549434453588155,-0.005289283098706243,-0.0009764830336073116,0.0048871874236378066,-0.003258124949091723
SOL/USDT,2025-12-18 05:42:00+00:00,2025-12-18 06:34:00+00:00,gate_close,-0.0229134174670855,52.0,122.89,122.59,0.00032549434453588155,-0.005289283098706243,-0.0024412075840182235,0.006362672322375307,-0.0017945998857982204
SOL/USDT,2025-12-18 05:42:00+00:00,2025-12-18 06:36:00+00:00,gate_close,-0.0202131970235138,54.0,122.89,122.8,0.00032549434453588155,-0.005289283098706243,-0.0007323622752054559,0.004641693811074932,-0.0035016286644951045
SOL/USDT,2025-12-18 05:42:00+00:00,2025-12-18 06:38:00+00:00,gate_close,-0.0112124629895336,56.0,122.89,122.79,0.00032549434453588155,-0.005289283098706243,-0.0008137358613393708,0.0047235116866193305,-0.00342047397996581
SOL/USDT,2025-12-18 05:42:00+00:00,2025-12-18 06:45:00+00:00,gate_close,-0.0238134909722374,63.0,122.89,122.68,0.00032549434453588155,-0.005289283098706243,-0.0017088453088126565,0.005624388653407308,-0.002526899250081538
SOL/USDT,2025-12-18 05:42:00+00:00,2025-12-18 06:47:00+00:00,prob_floor,-0.0499156278478324,65.0,122.89,122.58,0.00032549434453588155,-0.005289283098706243,-0.0025225811701521383,0.0064447707619514905,-0.0017131669114047732
SOL/USDT,2025-12-18 05:42:00+00:00,2025-12-18 06:48:00+00:00,prob_floor,-0.0364145213043283,66.0,122.89,122.37,0.00032549434453588155,-0.005289283098706243,-0.004231426478964906,0.008171937566396892,0.0
SOL/USDT,2025-12-18 05:42:00+00:00,2025-12-18 06:50:00+00:00,gate_close,-0.0283138586778685,68.0,122.89,122.66,0.00032549434453588155,-0.005289283098706243,-0.0018715924810807083,0.005788358062938315,-0.0013859448883091208
SOL/USDT,2025-12-18 05:42:00+00:00,2025-12-18 06:53:00+00:00,prob_floor,-0.0337143003206967,71.0,122.89,122.54,0.00032549434453588155,-0.005289283098706243,-0.002848075514687909,0.006773298514770598,-0.0004080300310104201
SOL/USDT,2025-12-18 05:42:00+00:00,2025-12-18 06:54:00+00:00,prob_floor,-0.0274137851127513,72.0,122.89,122.54,0.00032549434453588155,-0.005289283098706243,-0.002848075514687909,0.006773298514770598,-0.0004080300310104201
SOL/USDT,2025-12-18 05:42:00+00:00,2025-12-18 06:55:00+00:00,prob_floor,-0.0247135644893799,73.0,122.89,122.6,0.00032549434453588155,-0.005289283098706243,-0.0023598339978843086,0.006280587275693472,-0.0008972267536704326
SOL/USDT,2025-12-18 05:42:00+00:00,2025-12-18 06:56:00+00:00,prob_floor,-0.0166129032663853,74.0,122.89,122.6,0.00032549434453588155,-0.005289283098706243,-0.0023598339978843086,0.006280587275693472,-0.0008972267536704326
SOL/USDT,2025-12-18 05:42:00+00:00,2025-12-18 07:01:00+00:00,gate_close,0.0040881600000006,79.0,122.89,122.89,0.00032549434453588155,-0.005289283098706243,0.0,0.0039059321344292464,-0.0032549434453577053
SOL/USDT,2025-12-18 07:03:00+00:00,2025-12-18 07:03:00+00:00,turnover_limit,0.0,,122.96,122.96,0.0033344176968119754,-0.003822381262199026,0.0,0.0033344176968119754,-0.003822381262199026
SOL/USDT,2025-12-18 07:06:00+00:00,2025-12-18 07:06:00+00:00,turnover_limit,0.0,,122.74,122.74,0.005132801042854851,-0.002036825810656673,0.0,0.005132801042854851,-0.002036825810656673
SOL/USDT,2025-12-18 07:07:00+00:00,2025-12-18 07:07:00+00:00,turnover_limit,0.0,,122.74,122.74,0.005132801042854851,-0.002036825810656673,0.0,0.005132801042854851,-0.002036825810656673
SOL/USDT,2025-12-18 07:08:00+00:00,2025-12-18 07:08:00+00:00,turnover_limit,0.0,,122.7,122.7,0.005460472697636609,-0.0017114914425429006,0.0,0.005460472697636609,-0.0017114914425429006
SOL/USDT,2025-12-18 07:09:00+00:00,2025-12-18 07:09:00+00:00,turnover_limit,0.0,,122.77,122.77,0.0048871874236378066,-0.0022806874643642727,0.0,0.0048871874236378066,-0.0022806874643642727
SOL/USDT,2025-12-18 07:11:00+00:00,2025-12-18 07:11:00+00:00,turnover_limit,0.0,,123.03,123.03,0.0027635536048118414,-0.004389173372348232,0.0,0.0027635536048118414,-0.004389173372348232
SOL/USDT,2025-12-18 07:14:00+00:00,2025-12-18 07:14:00+00:00,turnover_limit,0.0,,122.99,122.99,0.0030896820879746656,-0.004227986015123197,0.0,0.0030896820879746656,-0.004227986015123197
SOL/USDT,2025-12-18 07:17:00+00:00,2025-12-18 07:17:00+00:00,turnover_limit,0.0,,123.13,123.13,0.0019491594249980704,-0.005360188418744416,0.0,0.0019491594249980704,-0.005360188418744416
SOL/USDT,2025-12-18 07:18:00+00:00,2025-12-18 07:18:00+00:00,turnover_limit,0.0,,123.09,123.09,0.0022747583069298027,-0.005036964822487611,0.0,0.0022747583069298027,-0.005036964822487611
SOL/USDT,2025-12-18 07:19:00+00:00,2025-12-18 07:19:00+00:00,turnover_limit,0.0,,123.11,123.11,0.002111932418162654,-0.005198602875477243,0.0,0.002111932418162654,-0.005198602875477243
SOL/USDT,2025-12-18 07:20:00+00:00,2025-12-18 07:20:00+00:00,turnover_limit,0.0,,123.1,123.1,0.0021933387489847522,-0.005117790414297274,0.0,0.0021933387489847522,-0.005117790414297274
SOL/USDT,2025-12-18 07:21:00+00:00,2025-12-18 07:21:00+00:00,turnover_limit,0.0,,123.16,123.16,0.0017050990581357617,-0.005602468333874566,0.0,0.0017050990581357617,-0.005602468333874566
SOL/USDT,2025-12-18 07:23:00+00:00,2025-12-18 07:23:00+00:00,turnover_limit,0.0,,123.13,123.13,0.0019491594249980704,-0.005360188418744416,0.0,0.0019491594249980704,-0.005360188418744416
SOL/USDT,2025-12-18 07:25:00+00:00,2025-12-18 07:25:00+00:00,turnover_limit,0.0,,123.36,123.36,0.00024319066147859836,-0.007214656290531751,0.0,0.00024319066147859836,-0.007214656290531751
SOL/USDT,2025-12-18 07:26:00+00:00,2025-12-18 07:26:00+00:00,turnover_limit,0.0,,123.35,123.35,0.0003242805026348883,-0.0071341710579651,0.0,0.0003242805026348883,-0.0071341710579651
SOL/USDT,2025-12-18 07:28:00+00:00,2025-12-18 07:28:00+00:00,turnover_limit,0.0,,123.25,123.25,0.0011359026369168745,-0.0063286004056795075,0.0,0.0011359026369168745,-0.0063286004056795075
SOL/USDT,2025-12-18 07:29:00+00:00,2025-12-18 07:29:00+00:00,turnover_limit,0.0,,123.24,123.24,0.0012171372930867008,-0.006247971437844835,0.0,0.0012171372930867008,-0.006247971437844835
SOL/USDT,2025-12-18 07:30:00+00:00,2025-12-18 07:30:00+00:00,turnover_limit,0.0,,123.24,123.24,0.0012171372930867008,-0.006247971437844835,0.0,0.0012171372930867008,-0.006247971437844835
SOL/USDT,2025-12-18 07:32:00+00:00,2025-12-18 07:32:00+00:00,turnover_limit,0.0,,123.17,123.17,0.0017861492246489252,-0.005683202078428207,0.0,0.0017861492246489252,-0.005683202078428207
SOL/USDT,2025-12-18 07:33:00+00:00,2025-12-18 07:33:00+00:00,turnover_limit,0.0,,123.23,123.23,0.0012983851334902319,-0.006167329384078601,0.0,0.0012983851334902319,-0.006167329384078601
SOL/USDT,2025-12-18 07:34:00+00:00,2025-12-18 07:34:00+00:00,turnover_limit,0.0,,123.18,123.18,0.001704822211398005,-0.005763922714726477,0.0,0.001704822211398005,-0.005763922714726477
SOL/USDT,2025-12-18 07:35:00+00:00,2025-12-18 07:35:00+00:00,turnover_limit,0.0,,123.2,123.2,0.001542207792207817,-0.005925324675324695,0.0,0.001542207792207817,-0.005925324675324695
SOL/USDT,2025-12-18 07:36:00+00:00,2025-12-18 07:36:00+00:00,turnover_limit,0.0,,123.2,123.2,0.001542207792207817,-0.005925324675324695,0.0,0.001542207792207817,-0.005925324675324695
SOL/USDT,2025-12-18 07:37:00+00:00,2025-12-18 07:37:00+00:00,turnover_limit,0.0,,123.19,123.19,0.0016235084016560375,-0.005844630245961491,0.0,0.0016235084016560375,-0.005844630245961491
SOL/USDT,2025-12-18 07:54:00+00:00,2025-12-18 07:54:00+00:00,turnover_limit,0.0,,122.77,122.77,0.005050093671092215,-0.0024435937118187923,0.0,0.005050093671092215,-0.0024435937118187923
SOL/USDT,2025-12-18 07:55:00+00:00,2025-12-18 07:55:00+00:00,turnover_limit,0.0,,122.73,122.73,0.005377658274260622,-0.002118471441375447,0.0,0.005377658274260622,-0.002118471441375447
SOL/USDT,2025-12-18 07:56:00+00:00,2025-12-18 07:56:00+00:00,turnover_limit,0.0,,122.73,122.73,0.005377658274260622,-0.002118471441375447,0.0,0.005377658274260622,-0.002118471441375447
SOL/USDT,2025-12-18 07:57:00+00:00,2025-12-18 07:57:00+00:00,turnover_limit,0.0,,122.73,122.73,0.005377658274260622,-0.002118471441375447,0.0,0.005377658274260622,-0.002118471441375447
SOL/USDT,2025-12-18 07:58:00+00:00,2025-12-18 07:58:00+00:00,turnover_limit,0.0,,122.8,122.8,0.004804560260586399,-0.002687296416938101,0.0,0.004804560260586399,-0.002687296416938101
SOL/USDT,2025-12-18 07:59:00+00:00,2025-12-18 07:59:00+00:00,turnover_limit,0.0,,122.81,122.81,0.004722742447683448,-0.002768504193469634,0.0,0.004722742447683448,-0.002768504193469634
SOL/USDT,2025-12-18 08:07:00+00:00,2025-12-18 08:07:00+00:00,turnover_limit,0.0,,122.9,122.9,0.003986981285597935,-0.0034987794955249063,0.0,0.003986981285597935,-0.0034987794955249063
SOL/USDT,2025-12-18 08:08:00+00:00,2025-12-18 08:08:00+00:00,turnover_limit,0.0,,122.88,122.88,0.004150390625,-0.0033365885416666297,0.0,0.004150390625,-0.0033365885416666297
SOL/USDT,2025-12-18 08:17:00+00:00,2025-12-18 08:17:00+00:00,turnover_limit,0.0,,122.85,122.85,0.00439560439560438,-0.0015466015466015781,0.0,0.00439560439560438,-0.0015466015466015781
SOL/USDT,2025-12-18 08:20:00+00:00,2025-12-18 08:20:00+00:00,turnover_limit,0.0,,122.85,122.85,0.00439560439560438,-0.0015466015466015781,0.0,0.00439560439560438,-0.0015466015466015781
SOL/USDT,2025-12-18 08:21:00+00:00,2025-12-18 08:21:00+00:00,turnover_limit,0.0,,122.85,122.85,0.00439560439560438,-0.0015466015466015781,0.0,0.00439560439560438,-0.0015466015466015781
SOL/USDT,2025-12-18 08:22:00+00:00,2025-12-18 08:22:00+00:00,turnover_limit,0.0,,122.96,122.96,0.003497072218607622,-0.0024398178269355864,0.0,0.003497072218607622,-0.0024398178269355864
SOL/USDT,2025-12-18 08:25:00+00:00,2025-12-18 08:25:00+00:00,turnover_limit,0.0,,123.36,123.36,0.0,-0.005674448767833962,0.0,0.0,-0.005674448767833962
SOL/USDT,2025-12-18 08:26:00+00:00,2025-12-18 08:26:00+00:00,turnover_limit,0.0,,123.27,123.27,0.0003244909548147934,-0.004948487060923212,0.0,0.0003244909548147934,-0.004948487060923212
SOL/USDT,2025-12-18 08:27:00+00:00,2025-12-18 08:27:00+00:00,turnover_limit,0.0,,123.23,123.23,0.0006491925667451159,-0.004625497038058923,0.0,0.0006491925667451159,-0.004625497038058923
SOL/USDT,2025-12-18 08:29:00+00:00,2025-12-18 08:29:00+00:00,turnover_limit,0.0,,123.07,123.07,0.0019501096936702655,-0.003331437393353398,0.0,0.0019501096936702655,-0.003331437393353398
SOL/USDT,2025-12-18 08:30:00+00:00,2025-12-18 08:30:00+00:00,turnover_limit,0.0,,123.18,123.18,0.0010553661308654316,-0.0042214645234617265,0.0,0.0010553661308654316,-0.0042214645234617265
SOL/USDT,2025-12-18 08:31:00+00:00,2025-12-18 08:31:00+00:00,turnover_limit,0.0,,123.23,123.23,0.0006491925667451159,-0.004625497038058923,0.0,0.0006491925667451159,-0.004625497038058923
SOL/USDT,2025-12-18 08:33:00+00:00,2025-12-18 08:33:00+00:00,turnover_limit,0.0,,123.13,123.13,0.0032485990416633026,-0.003817103873954397,0.0,0.0032485990416633026,-0.003817103873954397
SOL/USDT,2025-12-18 08:35:00+00:00,2025-12-18 08:35:00+00:00,turnover_limit,0.0,,123.21,123.21,0.003327651976300805,-0.004463923382842294,0.0,0.003327651976300805,-0.004463923382842294
SOL/USDT,2025-12-18 08:36:00+00:00,2025-12-18 08:36:00+00:00,turnover_limit,0.0,,123.16,123.16,0.003734978889249785,-0.004059759662228046,0.0,0.003734978889249785,-0.004059759662228046
SOL/USDT,2025-12-18 08:37:00+00:00,2025-12-18 08:37:00+00:00,turnover_limit,0.0,,123.16,123.16,0.003734978889249785,-0.004059759662228046,0.0,0.003734978889249785,-0.004059759662228046
SOL/USDT,2025-12-18 08:59:00+00:00,2025-12-18 08:59:00+00:00,turnover_limit,0.0,,122.93,122.93,0.007809322378589334,-0.0017896363784268843,0.0,0.007809322378589334,-0.0017896363784268843
SOL/USDT,2025-12-18 09:00:00+00:00,2025-12-18 09:00:00+00:00,turnover_limit,0.0,,123.0,123.0,0.007235772357723658,-0.0023577235772358485,0.0,0.007235772357723658,-0.0023577235772358485
SOL/USDT,2025-12-18 09:01:00+00:00,2025-12-18 09:01:00+00:00,turnover_limit,0.0,,123.07,123.07,0.006662874786706796,-0.0029251645405053983,0.0,0.006662874786706796,-0.0029251645405053983
SOL/USDT,2025-12-18 09:18:00+00:00,2025-12-18 09:18:00+00:00,turnover_limit,0.0,,122.78,122.78,0.009040560351848859,-0.00016289297931260105,0.0,0.009040560351848859,-0.00016289297931260105
SOL/USDT,2025-12-18 09:22:00+00:00,2025-12-18 09:22:00+00:00,turnover_limit,0.0,,122.82,122.82,0.008711936166748258,0.0,0.0,0.008711936166748258,0.0
SOL/USDT,2025-12-18 09:25:00+00:00,2025-12-18 09:25:00+00:00,turnover_limit,0.0,,123.16,123.16,0.005927249106852939,-0.00040597596622282683,0.0,0.005927249106852939,-0.00040597596622282683
SOL/USDT,2025-12-18 09:26:00+00:00,2025-12-18 09:26:00+00:00,turnover_limit,0.0,,123.15,123.15,0.006008932196508221,-0.00032480714575722214,0.0,0.006008932196508221,-0.00032480714575722214
SOL/USDT,2025-12-18 09:27:00+00:00,2025-12-18 09:27:00+00:00,turnover_limit,0.0,,123.17,123.17,0.005845579280669089,-0.00048713160672242406,0.0,0.005845579280669089,-0.00048713160672242406
SOL/USDT,2025-12-18 09:28:00+00:00,2025-12-18 09:28:00+00:00,turnover_limit,0.0,,123.17,123.17,0.005845579280669089,-0.00048713160672242406,0.0,0.005845579280669089,-0.00048713160672242406
SOL/USDT,2025-12-18 09:29:00+00:00,2025-12-18 09:29:00+00:00,turnover_limit,0.0,,123.14,123.14,0.006090628552866573,-0.00024362514211462294,0.0,0.006090628552866573,-0.00024362514211462294
SOL/USDT,2025-12-18 09:30:00+00:00,2025-12-18 09:30:00+00:00,turnover_limit,0.0,,123.12,123.12,0.006254061078622364,-8.122157244971895e-05,0.0,0.006254061078622364,-8.122157244971895e-05
SOL/USDT,2025-12-18 09:32:00+00:00,2025-12-18 09:32:00+00:00,turnover_limit,0.0,,123.34,123.34,0.006161829090319371,-0.001297227176909277,0.0,0.006161829090319371,-0.001297227176909277
SOL/USDT,2025-12-18 09:34:00+00:00,2025-12-18 09:34:00+00:00,turnover_limit,0.0,,123.47,123.47,0.005183445371345297,-0.0013768526767635736,0.0,0.005183445371345297,-0.0013768526767635736
SOL/USDT,2025-12-18 09:37:00+00:00,2025-12-18 09:37:00+00:00,turnover_limit,0.0,,123.32,123.32,0.006649367499189207,0.0,0.0,0.006649367499189207,0.0
SOL/USDT,2025-12-18 09:38:00+00:00,2025-12-18 09:38:00+00:00,turnover_limit,0.0,,123.34,123.34,0.006486135884546718,0.0,0.0,0.006486135884546718,0.0
SOL/USDT,2025-12-18 09:39:00+00:00,2025-12-18 09:39:00+00:00,turnover_limit,0.0,,123.37,123.37,0.006241387695550049,0.0,0.0,0.006241387695550049,0.0
SOL/USDT,2025-12-18 09:40:00+00:00,2025-12-18 09:40:00+00:00,turnover_limit,0.0,,123.43,123.43,0.005752248237867574,-0.0004861054848902535,0.0,0.005752248237867574,-0.0004861054848902535
SOL/USDT,2025-12-18 09:41:00+00:00,2025-12-18 09:41:00+00:00,turnover_limit,0.0,,123.43,123.43,0.005752248237867574,-8.101758081502375e-05,0.0,0.005752248237867574,-8.101758081502375e-05
SOL/USDT,2025-12-18 09:42:00+00:00,2025-12-18 09:42:00+00:00,turnover_limit,0.0,,123.43,123.43,0.005752248237867574,-8.101758081502375e-05,0.0,0.005752248237867574,-8.101758081502375e-05
SOL/USDT,2025-12-18 09:43:00+00:00,2025-12-18 09:43:00+00:00,turnover_limit,0.0,,123.49,123.49,0.005263584095878349,-0.0003239128674386027,0.0,0.005263584095878349,-0.0003239128674386027
SOL/USDT,2025-12-18 09:44:00+00:00,2025-12-18 09:44:00+00:00,turnover_limit,0.0,,123.64,123.64,0.004043998705920426,-0.0015367195082497398,0.0,0.004043998705920426,-0.0015367195082497398
SOL/USDT,2025-12-18 09:45:00+00:00,2025-12-18 09:45:00+00:00,turnover_limit,0.0,,123.65,123.65,0.00396279822078438,-0.0016174686615446632,0.0,0.00396279822078438,-0.0016174686615446632
SOL/USDT,2025-12-18 09:46:00+00:00,2025-12-18 09:46:00+00:00,turnover_limit,0.0,,123.67,123.67,0.003800436645912564,-0.0017789277917037438,0.0,0.003800436645912564,-0.0017789277917037438
SOL/USDT,2025-12-18 09:48:00+00:00,2025-12-18 09:48:00+00:00,turnover_limit,0.0,,123.63,123.63,0.0041252123271051655,-0.0014559572919193853,0.0,0.0041252123271051655,-0.0014559572919193853
SOL/USDT,2025-12-18 09:50:00+00:00,2025-12-18 09:50:00+00:00,turnover_limit,0.0,,123.73,123.73,0.0033136668552493642,-0.0022629919987068314,0.0,0.0033136668552493642,-0.0022629919987068314
SOL/USDT,2025-12-18 09:51:00+00:00,2025-12-18 09:51:00+00:00,turnover_limit,0.0,,123.84,123.84,0.002422480620154932,-0.0031492248062015005,0.0,0.002422480620154932,-0.0031492248062015005
SOL/USDT,2025-12-18 09:52:00+00:00,2025-12-18 09:52:00+00:00,turnover_limit,0.0,,123.89,123.89,0.0020179191218014925,-0.0035515376543707733,0.0,0.0020179191218014925,-0.0035515376543707733
SOL/USDT,2025-12-18 09:53:00+00:00,2025-12-18 09:53:00+00:00,turnover_limit,0.0,,123.88,123.88,0.002098805295447148,-0.0034711010655472663,0.0,0.002098805295447148,-0.0034711010655472663
SOL/USDT,2025-12-18 09:55:00+00:00,2025-12-18 09:55:00+00:00,turnover_limit,0.0,,123.68,123.68,0.0037192755498058894,-0.0018596377749030557,0.0,0.0037192755498058894,-0.0018596377749030557
SOL/USDT,2025-12-18 09:56:00+00:00,2025-12-18 09:56:00+00:00,turnover_limit,0.0,,123.73,123.73,0.0033136668552493642,-0.0022629919987068314,0.0,0.0033136668552493642,-0.0022629919987068314
SOL/USDT,2025-12-18 09:57:00+00:00,2025-12-18 09:57:00+00:00,turnover_limit,0.0,,123.73,123.73,0.0033136668552493642,-0.0022629919987068314,0.0,0.0033136668552493642,-0.0022629919987068314
SOL/USDT,2025-12-18 09:58:00+00:00,2025-12-18 09:58:00+00:00,turnover_limit,0.0,,123.72,123.72,0.003394762366634385,-0.002182347235693438,0.0,0.003394762366634385,-0.002182347235693438
SOL/USDT,2025-12-18 09:59:00+00:00,2025-12-18 09:59:00+00:00,turnover_limit,0.0,,123.72,123.72,0.003394762366634385,-0.002182347235693438,0.0,0.003394762366634385,-0.002182347235693438
SOL/USDT,2025-12-18 10:00:00+00:00,2025-12-18 10:00:00+00:00,turnover_limit,0.0,,123.68,123.68,0.0037192755498058894,-0.0018596377749030557,0.0,0.0037192755498058894,-0.0018596377749030557
SOL/USDT,2025-12-18 10:05:00+00:00,2025-12-18 10:05:00+00:00,turnover_limit,0.0,,123.74,123.74,0.0032325844512688384,-0.001293033780507491,0.0,0.0032325844512688384,-0.001293033780507491
SOL/USDT,2025-12-18 10:06:00+00:00,2025-12-18 10:06:00+00:00,turnover_limit,0.0,,123.8,123.8,0.0027463651050081417,-0.001777059773828693,0.0,0.0027463651050081417,-0.001777059773828693
SOL/USDT,2025-12-18 10:10:00+00:00,2025-12-18 10:10:00+00:00,turnover_limit,0.0,,123.79,123.79,0.0028273689312545702,-0.0016964213587528088,0.0,0.0028273689312545702,-0.0016964213587528088
SOL/USDT,2025-12-18 10:11:00+00:00,2025-12-18 10:11:00+00:00,turnover_limit,0.0,,123.8,123.8,0.0027463651050081417,-0.001777059773828693,0.0,0.0027463651050081417,-0.001777059773828693
SOL/USDT,2025-12-18 10:12:00+00:00,2025-12-18 10:12:00+00:00,turnover_limit,0.0,,123.73,123.73,0.0033136668552493642,-0.0012123171421644097,0.0,0.0033136668552493642,-0.0012123171421644097
SOL/USDT,2025-12-18 10:13:00+00:00,2025-12-18 10:13:00+00:00,turnover_limit,0.0,,123.76,123.76,0.003070458952811883,-0.0014544279250162662,0.0,0.003070458952811883,-0.0014544279250162662
SOL/USDT,2025-12-18 10:14:00+00:00,2025-12-18 10:14:00+00:00,turnover_limit,0.0,,123.71,123.71,0.0034758709886024697,-0.002101689434968801,0.0,0.0034758709886024697,-0.002101689434968801
SOL/USDT,2025-12-18 10:15:00+00:00,2025-12-18 10:15:00+00:00,turnover_limit,0.0,,123.68,123.68,0.0037192755498058894,-0.0018596377749030557,0.0,0.0037192755498058894,-0.0018596377749030557
SOL/USDT,2025-12-18 10:16:00+00:00,2025-12-18 10:16:00+00:00,turnover_limit,0.0,,123.6,123.6,0.004368932038834927,-0.0012135922330096527,0.0,0.004368932038834927,-0.0012135922330096527
SOL/USDT,2025-12-18 10:17:00+00:00,2025-12-18 10:17:00+00:00,turnover_limit,0.0,,123.58,123.58,0.004531477585369759,-0.0011328693963424952,0.0,0.004531477585369759,-0.0011328693963424952
SOL/USDT,2025-12-18 10:18:00+00:00,2025-12-18 10:18:00+00:00,turnover_limit,0.0,,123.58,123.58,0.004531477585369759,-0.0016183848519177868,0.0,0.004531477585369759,-0.0016183848519177868
SOL/USDT,2025-12-18 10:23:00+00:00,2025-12-18 10:23:00+00:00,turnover_limit,0.0,,123.71,123.71,0.0034758709886024697,-0.0027483631072668935,0.0,0.0034758709886024697,-0.0027483631072668935
SOL/USDT,2025-12-18 10:25:00+00:00,2025-12-18 10:25:00+00:00,turnover_limit,0.0,,123.77,123.77,0.0029894158519836456,-0.0032318009210632326,0.0,0.0029894158519836456,-0.0032318009210632326
SOL/USDT,2025-12-18 10:28:00+00:00,2025-12-18 10:28:00+00:00,turnover_limit,0.0,,123.73,123.73,0.0033136668552493642,-0.004121878283358971,0.0,0.0033136668552493642,-0.004121878283358971
SOL/USDT,2025-12-18 10:29:00+00:00,2025-12-18 10:29:00+00:00,turnover_limit,0.0,,123.73,123.73,0.0033136668552493642,-0.004121878283358971,0.0,0.0033136668552493642,-0.004121878283358971
SOL/USDT,2025-12-18 10:36:00+00:00,2025-12-18 10:36:00+00:00,turnover_limit,0.0,,124.02,124.02,0.0003225286244155079,-0.0064505724883082705,0.0,0.0003225286244155079,-0.0064505724883082705
SOL/USDT,2025-12-18 10:37:00+00:00,2025-12-18 10:37:00+00:00,turnover_limit,0.0,,124.06,124.06,0.0,-0.006770917298081547,0.0,0.0,-0.006770917298081547
SOL/USDT,2025-12-18 10:38:00+00:00,2025-12-18 10:38:00+00:00,turnover_limit,0.0,,124.06,124.06,0.0,-0.006770917298081547,0.0,0.0,-0.006770917298081547
SOL/USDT,2025-12-18 10:39:00+00:00,2025-12-18 10:39:00+00:00,turnover_limit,0.0,,124.06,124.06,0.0,-0.006770917298081547,0.0,0.0,-0.006770917298081547
SOL/USDT,2025-12-18 10:40:00+00:00,2025-12-18 10:40:00+00:00,turnover_limit,0.0,,124.06,124.06,0.0,-0.006770917298081547,0.0,0.0,-0.006770917298081547
SOL/USDT,2025-12-18 10:41:00+00:00,2025-12-18 10:41:00+00:00,turnover_limit,0.0,,123.92,123.92,0.0007262750161394216,-0.005648805681084612,0.0,0.0007262750161394216,-0.005648805681084612
SOL/USDT,2025-12-18 10:42:00+00:00,2025-12-18 10:42:00+00:00,turnover_limit,0.0,,123.87,123.87,0.0011302171631548674,-0.005247436828933583,0.0,0.0011302171631548674,-0.005247436828933583
SOL/USDT,2025-12-18 10:43:00+00:00,2025-12-18 10:43:00+00:00,turnover_limit,0.0,,123.88,123.88,0.001049402647723685,-0.005327736519212145,0.0,0.001049402647723685,-0.005327736519212145
SOL/USDT,2025-12-18 10:44:00+00:00,2025-12-18 10:44:00+00:00,turnover_limit,0.0,,123.97,123.97,0.0003226587077518328,-0.006049850770347698,0.0,0.0003226587077518328,-0.006049850770347698
SOL/USDT,2025-12-18 10:45:00+00:00,2025-12-18 10:45:00+00:00,turnover_limit,0.0,,124.01,124.01,0.0,-0.006370453995645509,0.0,0.0,-0.006370453995645509
SOL/USDT,2025-12-18 10:46:00+00:00,2025-12-18 10:46:00+00:00,turnover_limit,0.0,,124.01,124.01,0.0,-0.006370453995645509,0.0,0.0,-0.006370453995645509
SOL/USDT,2025-12-18 10:57:00+00:00,2025-12-18 10:57:00+00:00,turnover_limit,0.0,,123.84,123.84,0.001211240310077466,-0.005006459948320496,0.0,0.001211240310077466,-0.005006459948320496
SOL/USDT,2025-12-18 10:58:00+00:00,2025-12-18 10:58:00+00:00,turnover_limit,0.0,,123.84,123.84,0.001211240310077466,-0.005006459948320496,0.0,0.001211240310077466,-0.005006459948320496
SOL/USDT,2025-12-18 11:11:00+00:00,2025-12-18 11:11:00+00:00,turnover_limit,0.0,,123.93,123.93,0.002662793512466788,-0.005729040587428402,0.0,0.002662793512466788,-0.005729040587428402
SOL/USDT,2025-12-18 11:29:00+00:00,2025-12-18 11:29:00+00:00,turnover_limit,0.0,,123.48,123.48,0.00631681243926141,0.0,0.0,0.00631681243926141,0.0
SOL/USDT,2025-12-18 11:30:00+00:00,2025-12-18 11:30:00+00:00,turnover_limit,0.0,,123.55,123.55,0.005746661270740638,-0.0004856333468231666,0.0,0.005746661270740638,-0.0004856333468231666
SOL/USDT,2025-12-18 11:33:00+00:00,2025-12-18 11:33:00+00:00,turnover_limit,0.0,,123.6,123.6,0.005339805825242738,-0.0008899676375404564,0.0,0.005339805825242738,-0.0008899676375404564
SOL/USDT,2025-12-18 11:35:00+00:00,2025-12-18 11:35:00+00:00,turnover_limit,0.0,,123.52,123.52,0.005990932642487179,-0.00024287564766845016,0.0,0.005990932642487179,-0.00024287564766845016
SOL/USDT,2025-12-18 11:37:00+00:00,2025-12-18 11:37:00+00:00,turnover_limit,0.0,,123.52,123.52,0.006233808290155629,0.0,0.0,0.006233808290155629,0.0
SOL/USDT,2025-12-18 11:38:00+00:00,2025-12-18 11:38:00+00:00,turnover_limit,0.0,,123.52,123.52,0.0063957253886011145,0.0,0.0,0.0063957253886011145,0.0
SOL/USDT,2025-12-18 11:39:00+00:00,2025-12-18 11:39:00+00:00,turnover_limit,0.0,,123.55,123.55,0.007446377984621666,0.0,0.0,0.007446377984621666,0.0
SOL/USDT,2025-12-18 11:40:00+00:00,2025-12-18 11:40:00+00:00,turnover_limit,0.0,,123.56,123.56,0.0073648429912593905,0.0,0.0,0.0073648429912593905,0.0
SOL/USDT,2025-12-18 11:41:00+00:00,2025-12-18 11:41:00+00:00,turnover_limit,0.0,,123.59,123.59,0.007120317177765179,0.0,0.0,0.007120317177765179,0.0
SOL/USDT,2025-12-18 11:42:00+00:00,2025-12-18 11:42:00+00:00,turnover_limit,0.0,,123.63,123.63,0.006794467362290835,0.0,0.0,0.006794467362290835,0.0
SOL/USDT,2025-12-18 11:43:00+00:00,2025-12-18 11:43:00+00:00,turnover_limit,0.0,,123.63,123.63,0.006875353878508461,0.0,0.0,0.006875353878508461,0.0
SOL/USDT,2025-12-18 11:44:00+00:00,2025-12-18 11:44:00+00:00,turnover_limit,0.0,,123.63,123.63,0.006875353878508461,0.0,0.0,0.006875353878508461,0.0
SOL/USDT,2025-12-18 11:45:00+00:00,2025-12-18 11:45:00+00:00,turnover_limit,0.0,,123.63,123.63,0.006875353878508461,0.0,0.0,0.006875353878508461,0.0
SOL/USDT,2025-12-18 11:46:00+00:00,2025-12-18 11:46:00+00:00,turnover_limit,0.0,,123.73,123.73,0.006061585710821937,-0.0005657479996767911,0.0,0.006061585710821937,-0.0005657479996767911
SOL/USDT,2025-12-18 11:47:00+00:00,2025-12-18 11:47:00+00:00,turnover_limit,0.0,,123.73,123.73,0.006061585710821937,-0.0005657479996767911,0.0,0.006061585710821937,-0.0005657479996767911
SOL/USDT,2025-12-18 11:48:00+00:00,2025-12-18 11:48:00+00:00,turnover_limit,0.0,,123.8,123.8,0.005492730210016283,-0.0011308562197092087,0.0,0.005492730210016283,-0.0011308562197092087
SOL/USDT,2025-12-18 11:50:00+00:00,2025-12-18 11:50:00+00:00,turnover_limit,0.0,,123.9,123.9,0.004681194511702902,-0.0019370460048426796,0.0,0.004681194511702902,-0.0019370460048426796
SOL/USDT,2025-12-18 11:52:00+00:00,2025-12-18 11:52:00+00:00,turnover_limit,0.0,,123.86,123.86,0.0050056515420635606,-0.0016147263038914783,0.0,0.0050056515420635606,-0.0016147263038914783
SOL/USDT,2025-12-18 11:53:00+00:00,2025-12-18 11:53:00+00:00,turnover_limit,0.0,,123.86,123.86,0.0050056515420635606,-0.0016147263038914783,0.0,0.0050056515420635606,-0.0016147263038914783
SOL/USDT,2025-12-18 11:54:00+00:00,2025-12-18 11:54:00+00:00,turnover_limit,0.0,,123.86,123.86,0.0050056515420635606,-0.0016147263038914783,0.0,0.0050056515420635606,-0.0016147263038914783
SOL/USDT,2025-12-18 11:55:00+00:00,2025-12-18 11:55:00+00:00,turnover_limit,0.0,,123.86,123.86,0.0050056515420635606,-0.0016147263038914783,0.0,0.0050056515420635606,-0.0016147263038914783
SOL/USDT,2025-12-18 11:56:00+00:00,2025-12-18 11:56:00+00:00,turnover_limit,0.0,,123.86,123.86,0.0050056515420635606,-0.0016147263038914783,0.0,0.0050056515420635606,-0.0016147263038914783
SOL/USDT,2025-12-18 11:57:00+00:00,2025-12-18 11:57:00+00:00,turnover_limit,0.0,,123.86,123.86,0.0050056515420635606,-0.0016147263038914783,0.0,0.0050056515420635606,-0.0016147263038914783
SOL/USDT,2025-12-18 11:58:00+00:00,2025-12-18 11:58:00+00:00,turnover_limit,0.0,,123.95,123.95,0.004275917708753463,-0.002339653085921767,0.0,0.004275917708753463,-0.002339653085921767
SOL/USDT,2025-12-18 12:04:00+00:00,2025-12-18 12:04:00+00:00,turnover_limit,0.0,,124.09,124.09,0.005641066967523534,-0.0034652268514788753,0.0,0.005641066967523534,-0.0034652268514788753
SOL/USDT,2025-12-18 12:05:00+00:00,2025-12-18 12:05:00+00:00,turnover_limit,0.0,,124.1,124.1,0.005560032232071022,-0.0035455278001611523,0.0,0.005560032232071022,-0.0035455278001611523
SOL/USDT,2025-12-18 12:06:00+00:00,2025-12-18 12:06:00+00:00,turnover_limit,0.0,,124.06,124.06,0.005884249556666221,-0.0032242463324198,0.0,0.005884249556666221,-0.0032242463324198
SOL/USDT,2025-12-18 12:07:00+00:00,2025-12-18 12:07:00+00:00,turnover_limit,0.0,,124.0,124.0,0.006370967741935463,-0.0027419354838710275,0.0,0.006370967741935463,-0.0027419354838710275
SOL/USDT,2025-12-18 12:08:00+00:00,2025-12-18 12:08:00+00:00,turnover_limit,0.0,,124.02,124.02,0.006208676019996862,-0.002902757619738794,0.0,0.006208676019996862,-0.002902757619738794
SOL/USDT,2025-12-18 12:10:00+00:00,2025-12-18 12:10:00+00:00,turnover_limit,0.0,,124.02,124.02,0.006208676019996862,-0.002902757619738794,0.0,0.006208676019996862,-0.002902757619738794
SOL/USDT,2025-12-18 12:11:00+00:00,2025-12-18 12:11:00+00:00,turnover_limit,0.0,,124.01,124.01,0.006289815337472859,-0.0028223530360454996,0.0,0.006289815337472859,-0.0028223530360454996
SOL/USDT,2025-12-18 12:12:00+00:00,2025-12-18 12:12:00+00:00,turnover_limit,0.0,,124.01,124.01,0.006289815337472859,-0.0028223530360454996,0.0,0.006289815337472859,-0.0028223530360454996
SOL/USDT,2025-12-18 12:29:00+00:00,2025-12-18 12:29:00+00:00,turnover_limit,0.0,,123.78,123.78,0.009209888511875874,-0.0002423654871546166,0.0,0.009209888511875874,-0.0002423654871546166
SOL/USDT,2025-12-18 12:34:00+00:00,2025-12-18 12:34:00+00:00,turnover_limit,0.0,,124.04,124.04,0.011931634956465542,-0.0018542405675588958,0.0,0.011931634956465542,-0.0018542405675588958
SOL/USDT,2025-12-18 12:35:00+00:00,2025-12-18 12:35:00+00:00,turnover_limit,0.0,,124.07,124.07,0.011686950914806093,-0.0020955911985168774,0.0,0.011686950914806093,-0.0020955911985168774
SOL/USDT,2025-12-18 12:36:00+00:00,2025-12-18 12:36:00+00:00,turnover_limit,0.0,,124.16,124.16,0.010953608247422641,-0.0028189432989690344,0.0,0.010953608247422641,-0.0028189432989690344
SOL/USDT,2025-12-18 12:40:00+00:00,2025-12-18 12:40:00+00:00,turnover_limit,0.0,,124.41,124.41,0.00940438871473348,-0.004822763443453004,0.0,0.00940438871473348,-0.004822763443453004
SOL/USDT,2025-12-18 12:41:00+00:00,2025-12-18 12:41:00+00:00,turnover_limit,0.0,,124.39,124.39,0.01117453171476801,-0.004662754240694622,0.0,0.01117453171476801,-0.004662754240694622
SOL/USDT,2025-12-18 12:42:00+00:00,2025-12-18 12:42:00+00:00,turnover_limit,0.0,,124.46,124.46,0.011650329423107841,-0.005222561465531017,0.0,0.011650329423107841,-0.005222561465531017
SOL/USDT,2025-12-18 12:43:00+00:00,2025-12-18 12:43:00+00:00,turnover_limit,0.0,,124.45,124.45,0.014302932904781018,-0.005142627561269597,0.0,0.014302932904781018,-0.005142627561269597
SOL/USDT,2025-12-18 12:45:00+00:00,2025-12-18 12:45:00+00:00,turnover_limit,0.0,,124.37,124.37,0.014955375090455858,-0.004502693575621164,0.0,0.014955375090455858,-0.004502693575621164
SOL/USDT,2025-12-18 12:46:00+00:00,2025-12-18 12:46:00+00:00,turnover_limit,0.0,,124.3,124.3,0.016492357200321717,-0.00394207562349147,0.0,0.016492357200321717,-0.00394207562349147
SOL/USDT,2025-12-18 12:48:00+00:00,2025-12-18 12:48:00+00:00,turnover_limit,0.0,,124.23,124.23,0.018916525798921224,-0.0033808258874667985,0.0,0.018916525798921224,-0.0033808258874667985
SOL/USDT,2025-12-18 13:10:00+00:00,2025-12-18 13:10:00+00:00,turnover_limit,0.0,,124.63,124.63,0.025836475968867845,-0.001524512557169233,0.0,0.025836475968867845,-0.001524512557169233
SOL/USDT,2025-12-18 13:11:00+00:00,2025-12-18 13:11:00+00:00,turnover_limit,0.0,,124.56,124.56,0.02641297366730888,-0.0009633911368015502,0.0,0.02641297366730888,-0.0009633911368015502
SOL/USDT,2025-12-18 13:12:00+00:00,2025-12-18 13:12:00+00:00,turnover_limit,0.0,,124.49,124.49,0.02699011968832843,-0.0004016386858382015,0.0,0.02699011968832843,-0.0004016386858382015
SOL/USDT,2025-12-18 13:16:00+00:00,2025-12-18 13:16:00+00:00,turnover_limit,0.0,,124.47,124.47,0.027155137784204975,-0.00024102193299591068,0.0,0.027155137784204975,-0.00024102193299591068
SOL/USDT,2025-12-18 13:18:00+00:00,2025-12-18 13:18:00+00:00,turnover_limit,0.0,,124.67,124.67,0.025507339375952398,-0.0018448704580091846,0.0,0.025507339375952398,-0.0018448704580091846
SOL/USDT,2025-12-18 13:19:00+00:00,2025-12-18 13:19:00+00:00,turnover_limit,0.0,,124.7,124.7,0.025260625501202894,-0.0020850040096230815,0.0,0.025260625501202894,-0.0020850040096230815
SOL/USDT,2025-12-18 13:23:00+00:00,2025-12-18 13:23:00+00:00,turnover_limit,0.0,,124.66,124.66,0.025589603722124155,-0.001764800256698229,0.0,0.025589603722124155,-0.001764800256698229
SOL/USDT,2025-12-18 13:27:00+00:00,2025-12-18 13:27:00+00:00,turnover_limit,0.0,,124.5,124.5,0.026907630522088333,-8.032128514057213e-05,0.0,0.026907630522088333,-8.032128514057213e-05
SOL/USDT,2025-12-18 13:50:00+00:00,2025-12-18 13:50:00+00:00,turnover_limit,0.0,,126.83,126.83,0.008042261294646247,-0.015611448395490113,0.0,0.008042261294646247,-0.015611448395490113
SOL/USDT,2025-12-18 13:52:00+00:00,2025-12-18 13:52:00+00:00,turnover_limit,0.0,,126.69,126.69,0.009156208066934957,-0.014523640382034908,0.0,0.009156208066934957,-0.014523640382034908
SOL/USDT,2025-12-18 13:53:00+00:00,2025-12-18 13:53:00+00:00,turnover_limit,0.0,,126.65,126.65,0.009474930911961943,-0.014212396367943247,0.0,0.009474930911961943,-0.014212396367943247
SOL/USDT,2025-12-18 13:57:00+00:00,2025-12-18 13:57:00+00:00,turnover_limit,0.0,,126.6,126.6,0.009873617693523018,-0.013823064770932092,0.0,0.009873617693523018,-0.013823064770932092
SOL/USDT,2025-12-18 13:59:00+00:00,2025-12-18 13:59:00+00:00,turnover_limit,0.0,,126.43,126.43,0.011231511508344338,-0.012497033931820112,0.0,0.011231511508344338,-0.012497033931820112
SOL/USDT,2025-12-18 14:08:00+00:00,2025-12-18 14:08:00+00:00,turnover_limit,0.0,,127.27,127.27,0.0005500117859669196,-0.019014693171996555,0.0,0.0005500117859669196,-0.019014693171996555
SOL/USDT,2025-12-18 14:53:00+00:00,2025-12-18 14:53:00+00:00,turnover_limit,0.0,,125.85,125.85,0.024950337703615544,-0.0016686531585220488,0.0,0.024950337703615544,-0.0016686531585220488
SOL/USDT,2025-12-18 14:57:00+00:00,2025-12-18 14:57:00+00:00,turnover_limit,0.0,,125.96,125.96,0.024055255636710182,-0.0025404890441409478,0.0,0.024055255636710182,-0.0025404890441409478
SOL/USDT,2025-12-18 14:58:00+00:00,2025-12-18 14:58:00+00:00,turnover_limit,0.0,,125.93,125.93,0.02429921384896372,-0.0023028666719606683,0.0,0.02429921384896372,-0.0023028666719606683
SOL/USDT,2025-12-18 15:00:00+00:00,2025-12-18 15:00:00+00:00,turnover_limit,0.0,,125.84,125.84,0.025031786395422806,-0.0015893197711379647,0.0,0.025031786395422806,-0.0015893197711379647
SOL/USDT,2025-12-18 15:14:00+00:00,2025-12-18 15:14:00+00:00,turnover_limit,0.0,,125.94,125.94,0.024217881530887775,-0.0012704462442432174,0.0,0.024217881530887775,-0.0012704462442432174
SOL/USDT,2025-12-18 15:27:00+00:00,2025-12-18 15:27:00+00:00,turnover_limit,0.0,,127.75,127.75,0.00970645792563607,-0.012681017612524492,0.0,0.00970645792563607,-0.012681017612524492
SOL/USDT,2025-12-18 15:28:00+00:00,2025-12-18 15:28:00+00:00,turnover_limit,0.0,,127.8,127.8,0.009311424100156618,-0.013067292644757478,0.0,0.009311424100156618,-0.013067292644757478
SOL/USDT,2025-12-18 15:38:00+00:00,2025-12-18 15:38:00+00:00,turnover_limit,0.0,,128.75,128.75,0.001786407766990239,-0.020349514563106852,0.0,0.001786407766990239,-0.020349514563106852
SOL/USDT,2025-12-18 15:43:00+00:00,2025-12-18 15:43:00+00:00,turnover_limit,0.0,,128.64,128.64,0.0005441542288557866,-0.019511815920397968,0.0,0.0005441542288557866,-0.019511815920397968
SOL/USDT,2025-12-18 15:45:00+00:00,2025-12-18 15:45:00+00:00,turnover_limit,0.0,,128.14,128.14,0.0008584360855314888,-0.01568596847198367,0.0,0.0008584360855314888,-0.01568596847198367
SOL/USDT,2025-12-18 15:48:00+00:00,2025-12-18 15:48:00+00:00,turnover_limit,0.0,,128.08,128.08,0.0,-0.015224859462835805,0.0,0.0,-0.015224859462835805
SOL/USDT,2025-12-18 16:40:00+00:00,2025-12-18 16:40:00+00:00,turnover_limit,0.0,,127.14,127.14,0.0001573069057732024,-0.04939436841277334,0.0,0.0001573069057732024,-0.04939436841277334
SOL/USDT,2025-12-18 16:42:00+00:00,2025-12-18 16:42:00+00:00,turnover_limit,0.0,,127.01,127.01,0.0011810093693409573,-0.04842138414298092,0.0,0.0011810093693409573,-0.04842138414298092
SOL/USDT,2025-12-18 16:44:00+00:00,2025-12-18 16:44:00+00:00,turnover_limit,0.0,,127.08,127.08,0.0006295247088448086,-0.04894554611268487,0.0,0.0006295247088448086,-0.04894554611268487
SOL/USDT,2025-12-18 16:45:00+00:00,2025-12-18 16:45:00+00:00,turnover_limit,0.0,,127.1,127.1,0.0004720692368214152,-0.04909520062942563,0.0,0.0004720692368214152,-0.04909520062942563
SOL/USDT,2025-12-18 16:46:00+00:00,2025-12-18 16:46:00+00:00,turnover_limit,0.0,,127.14,127.14,0.0001573069057732024,-0.04939436841277334,0.0,0.0001573069057732024,-0.04939436841277334
SOL/USDT,2025-12-18 16:47:00+00:00,2025-12-18 16:47:00+00:00,turnover_limit,0.0,,126.96,126.96,0.001575299306868283,-0.0480466288594833,0.0,0.001575299306868283,-0.0480466288594833
SOL/USDT,2025-12-18 16:49:00+00:00,2025-12-18 16:49:00+00:00,turnover_limit,0.0,,126.9,126.9,0.002048857368006196,-0.04759653270291575,0.0,0.002048857368006196,-0.04759653270291575
SOL/USDT,2025-12-18 16:52:00+00:00,2025-12-18 16:52:00+00:00,turnover_limit,0.0,,126.89,126.89,0.002127827251950487,-0.04752147529356132,0.0,0.002127827251950487,-0.04752147529356132
SOL/USDT,2025-12-18 17:53:00+00:00,2025-12-18 17:53:00+00:00,dry_run,0.0,,122.61,122.61,0.010358045836391883,-0.010928961748633892,0.0,0.010358045836391883,-0.010928961748633892
SOL/USDT,2025-12-18 17:53:00+00:00,2025-12-18 17:56:00+00:00,prob_floor,-0.0083663434355288,3.0,122.61,122.75,0.010358045836391883,-0.010928961748633892,0.0011418318244842407,0.009205702647657743,-0.01205702647657847
SOL/USDT,2025-12-18 17:53:00+00:00,2025-12-18 17:57:00+00:00,prob_floor,-0.0019658223477246,4.0,122.61,122.8,0.010358045836391883,-0.010928961748633892,0.001549628904657041,0.008794788273615683,-0.012459283387622144
SOL/USDT,2025-12-18 17:53:00+00:00,2025-12-18 17:58:00+00:00,take_profit,0.0052340799999991,5.0,122.61,122.88,0.010358045836391883,-0.010928961748633892,0.002202104232933655,0.00813802083333326,-0.01310221354166663
SOL/USDT,2025-12-18 18:05:00+00:00,2025-12-18 18:05:00+00:00,dry_run,0.0,,123.06,123.06,0.0066634162197301006,-0.018608808711197855,0.0,0.0066634162197301006,-0.018608808711197855
SOL/USDT,2025-12-18 18:05:00+00:00,2025-12-18 18:06:00+00:00,take_profit,0.0060327472688132,1.0,123.06,122.99,0.0066634162197301006,-0.018608808711197855,-0.0005688282138794909,0.007236360679730103,-0.01805024798764121
SOL/USDT,2025-12-18 18:05:00+00:00,2025-12-18 18:07:00+00:00,take_profit,0.0140333959339357,2.0,123.06,123.06,0.0066634162197301006,-0.018608808711197855,0.0,0.0066634162197301006,-0.018608808711197855
SOL/USDT,2025-12-18 18:05:00+00:00,2025-12-18 18:08:00+00:00,take_profit,0.0068328121827422,3.0,123.06,123.23,0.0066634162197301006,-0.018608808711197855,0.0013814399479927797,0.005274689604803928,-0.01996267142741226
SOL/USDT,2025-12-18 18:05:00+00:00,2025-12-18 18:09:00+00:00,take_profit,0.0052326823443393,4.0,123.06,123.13,0.0066634162197301006,-0.018608808711197855,0.0005688282138793799,0.006091123203118665,-0.019166734345813397
SOL/USDT,2025-12-18 18:05:00+00:00,2025-12-18 18:10:00+00:00,take_profit,0.018032,5.0,123.06,123.11,0.0066634162197301006,-0.018608808711197855,0.0004063058670566999,0.00625456908455857,-0.019007391763463555
SOL/USDT,2025-12-18 18:16:00+00:00,2025-12-18 18:16:00+00:00,dry_run,0.0,,123.58,123.58,0.0,-0.024518530506554503,0.0,0.0,-0.024518530506554503
SOL/USDT,2025-12-18 18:16:00+00:00,2025-12-18 18:17:00+00:00,gate_close,-0.0163762706898654,1.0,123.58,123.49,0.0,-0.024518530506554503,-0.000728273183362993,0.0007288039517370226,-0.023888573973601
SOL/USDT,2025-12-18 18:16:00+00:00,2025-12-18 18:18:00+00:00,gate_close,-0.0131760108656002,2.0,123.58,123.33,0.0,-0.024518530506554503,-0.002022981064897178,0.001783831995459284,-0.022622233033325112
SOL/USDT,2025-12-18 18:16:00+00:00,2025-12-18 18:19:00+00:00,gate_close,0.0020252210014987,3.0,123.58,123.32,0.0,-0.024518530506554503,-0.0021039003074931895,0.001865066493675016,-0.022542977619201987
SOL/USDT,2025-12-18 18:16:00+00:00,2025-12-18 18:20:00+00:00,take_profit,0.0052254798591711,4.0,123.58,123.51,0.0,-0.024518530506554503,-0.0005664346981711921,0.0003238604161606151,-0.02404663589992717
SOL/USDT,2025-12-18 18:16:00+00:00,2025-12-18 18:22:00+00:00,gate_close,-0.0355778331829808,6.0,123.58,123.18,0.0,-0.024518530506554503,-0.0032367697038354626,0.00243546030199715,-0.021432050657574253
SOL/USDT,2025-12-18 18:16:00+00:00,2025-12-18 18:23:00+00:00,prob_floor,-0.0195765306827873,7.0,123.58,123.05,0.0,-0.024518530506554503,-0.004288719857582168,0.001787891101178385,-0.020398212108898695
SOL/USDT,2025-12-18 18:16:00+00:00,2025-12-18 18:24:00+00:00,gate_close,-0.0259770511752536,8.0,123.58,123.16,0.0,-0.024518530506554503,-0.0033986081890273745,0.0,-0.021273140630074572
SOL/USDT,2025-12-18 18:16:00+00:00,2025-12-18 18:26:00+00:00,prob_floor,-0.0507790744861839,10.0,123.58,122.92,0.0,-0.024518530506554503,-0.005340670011328652,0.0016270745200130943,-0.019362186788154823
SOL/USDT,2025-12-18 18:16:00+00:00,2025-12-18 18:27:00+00:00,prob_floor,-0.0603798604473043,11.0,123.58,122.86,0.0,-0.024518530506554503,-0.005826185466904055,0.0021162298551196113,-0.018883281784144446
SOL/USDT,2025-12-18 18:16:00+00:00,2025-12-18 18:28:00+00:00,prob_floor,-0.0675804509274742,12.0,123.58,122.74,0.0,-0.024518530506554503,-0.006797216378054749,0.003095975232198178,-0.017924067133778587
SOL/USDT,2025-12-18 18:16:00+00:00,2025-12-18 18:29:00+00:00,prob_floor,-0.0523792053730622,13.0,123.58,122.65,0.0,-0.024518530506554503,-0.007525489561417631,0.0038320423970648054,-0.017203424378312238
SOL/USDT,2025-12-18 18:16:00+00:00,2025-12-18 18:30:00+00:00,prob_floor,-0.05957979489185,14.0,123.58,122.84,0.0,-0.024518530506554503,-0.0059880239520957446,0.0022793878215565666,-0.018723542819928385
SOL/USDT,2025-12-18 18:16:00+00:00,2025-12-18 18:31:00+00:00,prob_floor,-0.0747810422748978,15.0,123.58,122.75,0.0,-0.024518530506554503,-0.0067162971354588485,0.003014256619144673,-0.01800407331975551
SOL/USDT,2025-12-18 18:16:00+00:00,2025-12-18 18:32:00+00:00,prob_floor,-0.0795814369892659,16.0,123.58,122.56,0.0,-0.024518530506554503,-0.008253762744780624,0.004569190600522299,-0.01648172323759789
SOL/USDT,2025-12-18 18:16:00+00:00,2025-12-18 18:33:00+00:00,prob_floor,-0.0803815028125884,17.0,123.58,122.5,0.0,-0.024518530506554503,-0.008739278200356027,0.005061224489795846,-0.015999999999999903
SOL/USDT,2025-12-18 18:16:00+00:00,2025-12-18 18:35:00+00:00,prob_floor,-0.0603798604473043,19.0,123.58,122.73,0.0,-0.024518530506554503,-0.006878135620650538,0.0031777071620631148,-0.025340177625682414
SOL/USDT,2025-12-18 18:16:00+00:00,2025-12-18 18:36:00+00:00,prob_floor,-0.0387780941912936,20.0,123.58,122.85,0.0,-0.024518530506554503,-0.005907104709499955,0.00219780219780219,-0.028083028083027983
SOL/USDT,2025-12-18 18:16:00+00:00,2025-12-18 18:37:00+00:00,prob_floor,-0.0315775071611349,21.0,123.58,123.05,0.0,-0.024518530506554503,-0.004288719857582168,0.0005688744412841729,-0.033888663145063
SOL/USDT,2025-12-18 18:16:00+00:00,2025-12-18 18:38:00+00:00,gate_close,-0.0307774419885474,22.0,123.58,123.09,0.0,-0.024518530506554503,-0.003965042887198567,0.00024372410431383607,-0.03793971890486636
SOL/USDT,2025-12-18 18:16:00+00:00,2025-12-18 18:39:00+00:00,trailing_prob_drop,-0.0411782900589558,23.0,123.58,123.1,0.0,-0.024518530506554503,-0.003884123644602666,0.0001624695369619733,-0.03866774979691301
SOL/USDT,2025-12-18 18:16:00+00:00,2025-12-18 18:40:00+00:00,prob_floor,-0.0411782900589558,24.0,123.58,122.98,0.0,-0.024518530506554503,-0.00485515455575336,0.0011383964872337948,-0.037729712148316774
SOL/USDT,2025-12-18 18:16:00+00:00,2025-12-18 18:41:00+00:00,trailing_prob_drop,-0.0371779636659225,25.0,123.58,122.98,0.0,-0.024518530506554503,-0.00485515455575336,0.0009757684176288084,-0.044153520897706966
SOL/USDT,2025-12-18 18:16:00+00:00,2025-12-18 18:42:00+00:00,gate_close,-0.0427784206904958,26.0,123.58,123.03,0.0,-0.024518530506554503,-0.004450558342773858,0.0005689669186377255,-0.04454198163049661
SOL/USDT,2025-12-18 18:16:00+00:00,2025-12-18 18:43:00+00:00,gate_close,-0.05957979489185,27.0,123.58,122.95,0.0,-0.024518530506554503,-0.005097912283540951,0.0006506710044733577,-0.04392029280195209
SOL/USDT,2025-12-18 18:16:00+00:00,2025-12-18 18:44:00+00:00,gate_close,-0.0683805165898815,28.0,123.58,122.75,0.0,-0.024518530506554503,-0.0067162971354588485,0.0019551934826882444,-0.04236252545824848
SOL/USDT,2025-12-18 18:16:00+00:00,2025-12-18 18:45:00+00:00,trailing_prob_drop,-0.0827817003470655,29.0,123.58,122.66,0.0,-0.024518530506554503,-0.0074445703188218415,0.0007337355291048286,-0.04165987281917494
SOL/USDT,2025-12-18 18:16:00+00:00,2025-12-18 18:46:00+00:00,prob_floor,-0.1019832841140624,30.0,123.58,122.46,0.0,-0.024518530506554503,-0.009062955170739628,0.001143230442593568,-0.04009472480810061
SOL/USDT,2025-12-18 18:16:00+00:00,2025-12-18 18:47:00+00:00,prob_floor,-0.0971828875894509,31.0,123.58,122.22,0.0,-0.024518530506554503,-0.011005016993040906,0.0020454917362133784,-0.03820978563246602
SOL/USDT,2025-12-18 18:16:00+00:00,2025-12-18 18:48:00+00:00,prob_floor,-0.0939826234558305,32.0,123.58,122.28,0.0,-0.024518530506554503,-0.010519501537465614,0.0006542361792607476,-0.03868171409878973
SOL/USDT,2025-12-18 18:16:00+00:00,2025-12-18 18:49:00+00:00,trailing_prob_drop,-0.0907823594949134,33.0,123.58,122.31,0.0,-0.024518530506554503,-0.010276743809677913,0.00040879731828957766,-0.03891750470116917
SOL/USDT,2025-12-18 18:16:00+00:00,2025-12-18 18:50:00+00:00,prob_floor,-0.1067836810282009,34.0,123.58,122.34,0.0,-0.024518530506554503,-0.010033986081890212,0.0001634788294915257,-0.03915317966323362
SOL/USDT,2025-12-18 18:16:00+00:00,2025-12-18 18:51:00+00:00,prob_floor,-0.1507873376588144,35.0,123.58,122.16,0.0,-0.024518530506554503,-0.011490532448616309,0.0016371971185331624,-0.037737393582187306
SOL/USDT,2025-12-18 18:16:00+00:00,2025-12-18 18:52:00+00:00,prob_floor,-0.1771895475572056,36.0,123.58,121.63,0.0,-0.024518530506554503,-0.015779252306198477,0.004357477595987813,-0.03379100550850944
SOL/USDT,2025-12-18 18:16:00+00:00,2025-12-18 18:53:00+00:00,prob_floor,-0.1659886085574279,37.0,123.58,121.27,0.0,-0.024518530506554503,-0.01869234503965045,0.002968582501855277,-0.03092273439432669
SOL/USDT,2025-12-18 18:16:00+00:00,2025-12-18 18:54:00+00:00,prob_floor,-0.1779896147115811,38.0,123.58,121.37,0.0,-0.024518530506554503,-0.017883152613691444,0.0021422097717722632,-0.03172118315893557
SOL/USDT,2025-12-18 18:16:00+00:00,2025-12-18 18:55:00+00:00,prob_floor,-0.1707890107206141,39.0,123.58,121.28,0.0,-0.024518530506554503,-0.018611425797054548,0.002885883905013209,-0.03100263852242746
SOL/USDT,2025-12-18 18:16:00+00:00,2025-12-18 18:56:00+00:00,prob_floor,-0.157987939168003,40.0,123.58,121.36,0.0,-0.024518530506554503,-0.017964071856287456,0.002224785761371084,-0.03164139749505601
SOL/USDT,2025-12-18 18:16:00+00:00,2025-12-18 18:57:00+00:00,prob_floor,-0.1547876717206212,41.0,123.58,121.48,0.0,-0.024518530506554503,-0.01699304094513676,0.001234771155745662,-0.03259795851168923
SOL/USDT,2025-12-18 18:16:00+00:00,2025-12-18 18:58:00+00:00,prob_floor,-0.1563878054223069,42.0,123.58,121.63,0.0,-0.024518530506554503,-0.015779252306198477,0.0,-0.03379100550850944
SOL/USDT,2025-12-18 18:16:00+00:00,2025-12-18 18:59:00+00:00,prob_floor,-0.162788340669383,43.0,123.58,121.54,0.0,-0.024518530506554503,-0.01650752548956136,0.0004113871976303418,-0.03307553068948499
SOL/USDT,2025-12-18 18:16:00+00:00,2025-12-18 19:00:00+00:00,prob_floor,-0.1667886755570189,44.0,123.58,121.54,0.0,-0.024518530506554503,-0.01650752548956136,0.0004113871976303418,-0.03307553068948499
SOL/USDT,2025-12-18 18:16:00+00:00,2025-12-18 19:01:00+00:00,prob_floor,-0.1979912971780348,45.0,123.58,121.4,0.0,-0.024518530506554503,-0.017640394885903854,0.0013179571663921585,-0.03196046128500829
SOL/USDT,2025-12-18 18:16:00+00:00,2025-12-18 19:02:00+00:00,prob_floor,-0.1931908927524274,46.0,123.58,121.02,0.0,-0.024518530506554503,-0.020715326104547627,0.004462072384729954,-0.02892083953065605
SOL/USDT,2025-12-18 18:16:00+00:00,2025-12-18 19:03:00+00:00,prob_floor,-0.217992986610358,47.0,123.58,121.07,0.0,-0.024518530506554503,-0.020310729891568235,0.004047245395226051,-0.029321879904187664
SOL/USDT,2025-12-18 18:16:00+00:00,2025-12-18 19:04:00+00:00,prob_floor,-0.2067920396675065,48.0,123.58,120.77,0.0,-0.024518530506554503,-0.022738307169444916,0.0065413596091745685,-0.026910656620021567
SOL/USDT,2025-12-18 18:16:00+00:00,2025-12-18 19:05:00+00:00,prob_floor,-0.1875904214288668,49.0,123.58,120.9,0.0,-0.024518530506554503,-0.02168635701569832,0.0054590570719603715,-0.027956989247311936
SOL/USDT,2025-12-18 18:16:00+00:00,2025-12-18 19:06:00+00:00,prob_floor,-0.1891905560371508,50.0,123.58,121.02,0.0,-0.024518530506554503,-0.020715326104547627,0.004462072384729954,-0.02892083953065605
SOL/USDT,2025-12-18 18:16:00+00:00,2025-12-18 19:07:00+00:00,prob_floor,-0.1867903541413881,51.0,123.58,121.13,0.0,-0.024518530506554503,-0.019825214435992944,0.0035499050606786486,-0.029802691323371544
SOL/USDT,2025-12-18 18:16:00+00:00,2025-12-18 19:08:00+00:00,trailing_prob_drop,-0.1539876048862741,52.0,123.58,121.16,0.0,-0.024518530506554503,-0.019582456708205243,0.003301419610432621,-0.030042918454935674
SOL/USDT,2025-12-18 18:16:00+00:00,2025-12-18 19:09:00+00:00,gate_close,-0.1699889436658022,53.0,123.58,121.56,0.0,-0.024518530506554503,-0.016345687004369558,0.0,-0.03323461665021399
SOL/USDT,2025-12-18 18:16:00+00:00,2025-12-18 19:10:00+00:00,gate_close,-0.1779896147115811,54.0,123.58,121.39,0.0,-0.024518530506554503,-0.017721314128499754,0.0014004448471867104,-0.031880715050663144
SOL/USDT,2025-12-18 18:16:00+00:00,2025-12-18 19:11:00+00:00,prob_floor,-0.1923908253871255,55.0,123.58,121.26,0.0,-0.024518530506554503,-0.018773264282246238,0.0008246742536697216,-0.030842817087250562
SOL/USDT,2025-12-18 18:16:00+00:00,2025-12-18 19:12:00+00:00,prob_floor,-0.1939909601288557,56.0,123.58,121.12,0.0,-0.024518530506554503,-0.019906133678588733,0.0011558784676353184,-0.0297225891677676
SOL/USDT,2025-12-18 18:16:00+00:00,2025-12-18 19:13:00+00:00,prob_floor,-0.1955910949151132,57.0,123.58,121.07,0.0,-0.024518530506554503,-0.020310729891568235,0.001569340051210233,-0.029321879904187664
SOL/USDT,2025-12-18 18:16:00+00:00,2025-12-18 19:14:00+00:00,prob_floor,-0.1779896147115811,58.0,123.58,121.05,0.0,-0.024518530506554503,-0.020472568376760036,0.0017348203221809744,-0.02916150351094593
SOL/USDT,2025-12-18 18:16:00+00:00,2025-12-18 19:15:00+00:00,prob_floor,-0.2355944791073862,59.0,123.58,121.26,0.0,-0.024518530506554503,-0.018773264282246238,0.0,-0.030842817087250562
SOL/USDT,2025-12-18 18:16:00+00:00,2025-12-18 19:16:00+00:00,prob_floor,-0.2011915670179796,60.0,123.58,120.55,0.0,-0.024518530506554503,-0.024518530506554503,0.005391953546246331,-0.025134798838656214
SOL/USDT,2025-12-18 18:16:00+00:00,2025-12-18 19:17:00+00:00,prob_floor,-0.2163928511984109,61.0,123.58,120.97,0.0,-0.024518530506554503,-0.02111992231752713,0.0017359675952717257,-0.02851946763660418
SOL/USDT,2025-12-18 18:16:00+00:00,2025-12-18 19:18:00+00:00,prob_floor,-0.2131925805090018,62.0,123.58,120.79,0.0,-0.024518530506554503,-0.022576468684253004,0.003228744101333003,-0.027071777465021984
SOL/USDT,2025-12-18 18:16:00+00:00,2025-12-18 19:19:00+00:00,gate_close,-0.1987913646212973,63.0,123.58,120.83,0.0,-0.024518530506554503,-0.022252791713869513,0.002896631631217561,-0.027393859140941834
SOL/USDT,2025-12-18 18:16:00+00:00,2025-12-18 19:20:00+00:00,prob_floor,-0.194791027516419,64.0,123.58,121.0,0.0,-0.024518530506554503,-0.020877164589739428,0.0014876033057851235,-0.02876033057851246
SOL/USDT,2025-12-18 18:16:00+00:00,2025-12-18 19:21:00+00:00,gate_close,-0.2147927158312992,65.0,123.58,121.06,0.0,-0.024518530506554503,-0.020391649134164025,0.0009912440112340715,-0.029241698331405996
SOL/USDT,2025-12-18 18:16:00+00:00,2025-12-18 19:22:00+00:00,prob_floor,-0.205991972112642,66.0,123.58,120.81,0.0,-0.024518530506554503,-0.022414630199061314,0.003062660375796833,-0.02723284496316536
SOL/USDT,2025-12-18 18:16:00+00:00,2025-12-18 19:23:00+00:00,prob_floor,-0.2187930543331545,67.0,123.58,120.95,0.0,-0.024518530506554503,-0.02128176080271882,0.0013228606862338843,-0.028358825961141032
SOL/USDT,2025-12-18 18:16:00+00:00,2025-12-18 19:24:00+00:00,prob_floor,-0.2043918370364234,68.0,123.58,120.76,0.0,-0.024518530506554503,-0.022819226412040705,0.002898310698906892,-0.026830076184166995
SOL/USDT,2025-12-18 18:16:00+00:00,2025-12-18 19:25:00+00:00,prob_floor,-0.2307940715227406,69.0,123.58,120.94,0.0,-0.024518530506554503,-0.02136268004531483,0.001405655697039876,-0.02827848519927234
SOL/USDT,2025-12-18 18:16:00+00:00,2025-12-18 19:26:00+00:00,prob_floor,-0.2235934609055893,70.0,123.58,120.61,0.0,-0.024518530506554503,-0.0240330150509791,0.004145593234391898,-0.02561976618854156
SOL/USDT,2025-12-18 18:16:00+00:00,2025-12-18 19:27:00+00:00,prob_floor,-0.2155927835092502,71.0,123.58,120.7,0.0,-0.024518530506554503,-0.023304741867616108,0.00339685169842574,-0.02634631317315661
SOL/USDT,2025-12-18 18:16:00+00:00,2025-12-18 19:28:00+00:00,prob_floor,-0.2107923776095331,72.0,123.58,120.8,0.0,-0.024518530506554503,-0.022495549441657214,0.00256622516556293,-0.027152317880794752
SOL/USDT,2025-12-18 18:16:00+00:00,2025-12-18 19:29:00+00:00,prob_floor,-0.1907906906898983,73.0,123.58,120.85,0.0,-0.024518530506554503,-0.022090953228677823,0.002151427389325722,-0.027554820024824123
SOL/USDT,2025-12-18 18:16:00+00:00,2025-12-18 19:30:00+00:00,prob_floor,-0.2099923099987596,74.0,123.58,121.08,0.0,-0.024518530506554503,-0.020229810648972335,0.0002477700693757079,-0.02940204823257353
SOL/USDT,2025-12-18 18:16:00+00:00,2025-12-18 19:31:00+00:00,gate_close,-0.2211932575688555,75.0,123.58,120.87,0.0,-0.024518530506554503,-0.02192911474348591,0.0019856043683295077,-0.027715727641267507
SOL/USDT,2025-12-18 18:16:00+00:00,2025-12-18 19:32:00+00:00,prob_floor,-0.2355944791073862,76.0,123.58,120.73,0.0,-0.024518530506554503,-0.023061984139828406,0.0017394185372316961,-0.02658825478340099
SOL/USDT,2025-12-18 18:16:00+00:00,2025-12-18 19:33:00+00:00,prob_floor,-0.25959652313194,77.0,123.58,120.54,0.0,-0.024518530506554503,-0.024599449749150293,0.0015762402521983798,-0.025053924008627937
SOL/USDT,2025-12-18 18:16:00+00:00,2025-12-18 19:34:00+00:00,prob_floor,-0.284398646033267,78.0,123.58,120.24,0.0,-0.024518530506554503,-0.027027027027027084,0.0024950099800400416,-0.022621423819028652
SOL/USDT,2025-12-18 18:16:00+00:00,2025-12-18 19:35:00+00:00,prob_floor,-0.3308026475304774,79.0,123.58,119.94,0.0,-0.024518530506554503,-0.029454604304903764,0.00250125062531259,-0.020426880106720002
SOL/USDT,2025-12-18 18:16:00+00:00,2025-12-18 19:36:00+00:00,prob_floor,-0.369236567650771,80.0,123.58,119.4,0.0,-0.024518530506554503,-0.03382424340508172,0.004438860971524239,-0.01599664991624805
SOL/USDT,2025-12-18 18:16:00+00:00,2025-12-18 19:37:00+00:00,prob_floor,-0.4020088639513792,81.0,123.58,118.88,0.0,-0.024518530506554503,-0.03803204402006799,0.004962987886944825,-0.011692462987886953
SOL/USDT,2025-12-18 18:16:00+00:00,2025-12-18 19:38:00+00:00,prob_floor,-0.4036090047194909,82.0,123.58,118.46,0.0,-0.024518530506554503,-0.041430652209095364,0.004052000675333511,-0.008188418031403022
SOL/USDT,2025-12-18 18:16:00+00:00,2025-12-18 19:39:00+00:00,prob_floor,-0.4036090047194909,83.0,123.58,118.45,0.0,-0.024518530506554503,-0.041511571451691154,0.00413676656817219,-0.008104685521317045
SOL/USDT,2025-12-18 18:16:00+00:00,2025-12-18 19:40:00+00:00,prob_floor,-0.4180102737749959,84.0,123.58,118.44,0.0,-0.024518530506554503,-0.041592490694287054,0.004221546774738183,-0.008020938872002725
SOL/USDT,2025-12-18 18:16:00+00:00,2025-12-18 19:41:00+00:00,prob_floor,-0.4404122555579091,85.0,123.58,118.27,0.0,-0.024518530506554503,-0.04296811781841725,0.005665003804853352,-0.006595079056396336
SOL/USDT,2025-12-18 18:16:00+00:00,2025-12-18 19:42:00+00:00,prob_floor,-0.413209850327489,86.0,123.58,118.06,0.0,-0.024518530506554503,-0.04466742191293083,0.0074538370320176295,-0.004828053532102361
SOL/USDT,2025-12-18 18:16:00+00:00,2025-12-18 19:43:00+00:00,prob_floor,-0.4148445711967543,87.0,123.58,118.33,0.0,-0.024518530506554503,-0.04248260236284185,0.005155074790839098,-0.007098791515253944
SOL/USDT,2025-12-18 18:16:00+00:00,2025-12-18 19:44:00+00:00,prob_floor,-0.444412610437952,88.0,123.58,118.33,0.0,-0.024518530506554503,-0.04248260236284185,0.005155074790839098,-0.007098791515253944
SOL/USDT,2025-12-18 18:16:00+00:00,2025-12-18 19:45:00+00:00,prob_floor,-0.4404122555579091,89.0,123.58,117.94,0.0,-0.024518530506554503,-0.04563845282408152,0.008478887569950855,-0.0038154994064778514
SOL/USDT,2025-12-18 18:16:00+00:00,2025-12-18 19:46:00+00:00,time_limit,-0.4491752000000003,90.0,123.58,117.98,0.0,-0.024518530506554503,-0.04531477585369792,0.008136972368197881,-0.0041532463129344555
SOL/USDT,2025-12-18 20:24:00+00:00,2025-12-18 20:24:00+00:00,dry_run,0.0,,118.16,118.16,0.0011848341232227888,-0.010155721056195,0.0,0.0011848341232227888,-0.010155721056195
SOL/USDT,2025-12-18 20:24:00+00:00,2025-12-18 20:26:00+00:00,prob_floor,-0.0298944326309101,2.0,118.16,118.01,0.0011848341232227888,-0.010155721056195,-0.0012694651320243056,0.0024574188628081473,-0.008897551054995456
SOL/USDT,2025-12-18 20:24:00+00:00,2025-12-18 20:27:00+00:00,prob_floor,-0.0466958638610215,3.0,118.16,117.93,0.0011848341232227888,-0.010155721056195,-0.0019465132024373277,0.0031374544221147715,-0.008225218349868668
SOL/USDT,2025-12-18 20:24:00+00:00,2025-12-18 20:28:00+00:00,prob_floor,-0.0442956590870112,4.0,118.16,117.72,0.0011848341232227888,-0.010155721056195,-0.003723764387271511,0.004926945293917795,-0.006455997281685444
SOL/USDT,2025-12-18 20:24:00+00:00,2025-12-18 20:29:00+00:00,prob_floor,-0.0418954544173223,5.0,118.16,117.74,0.0011848341232227888,-0.010155721056195,-0.0035545023696682554,0.0067946322405301185,-0.0066247664345167045
SOL/USDT,2025-12-18 20:24:00+00:00,2025-12-18 20:30:00+00:00,prob_floor,-0.0578968208547749,6.0,118.16,117.86,0.0011848341232227888,-0.010155721056195,-0.002538930264048722,0.009587646360088131,-0.007636178516884473
SOL/USDT,2025-12-18 20:24:00+00:00,2025-12-18 20:31:00+00:00,prob_floor,-0.04989613705545,7.0,118.16,117.58,0.0011848341232227888,-0.010155721056195,-0.004908598510494189,0.011991835346147228,-0.005273005613199544
SOL/USDT,2025-12-18 20:24:00+00:00,2025-12-18 20:32:00+00:00,prob_floor,-0.0482960004350237,8.0,118.16,117.64,0.0011848341232227888,-0.010155721056195,-0.004400812457684422,0.011815708942536585,-0.005780346820809301
SOL/USDT,2025-12-18 20:24:00+00:00,2025-12-18 20:33:00+00:00,prob_floor,-0.0354949091408947,9.0,118.16,117.7,0.0011848341232227888,-0.010155721056195,-0.0038930264048746555,0.011809685641461343,-0.0062871707731521065
SOL/USDT,2025-12-18 20:24:00+00:00,2025-12-18 20:34:00+00:00,prob_floor,-0.0514962737223229,10.0,118.16,117.85,0.0011848341232227888,-0.010155721056195,-0.00262356127285035,0.011030971574034876,-0.007551972846839172
SOL/USDT,2025-12-18 20:24:00+00:00,2025-12-18 20:35:00+00:00,prob_floor,-0.0466958638610215,11.0,118.16,117.66,0.0011848341232227888,-0.010155721056195,-0.0042315504400812776,0.012663607003229771,-0.005949345571987119
SOL/USDT,2025-12-18 20:24:00+00:00,2025-12-18 20:36:00+00:00,prob_floor,-0.0482960004350237,12.0,118.16,117.69,0.0011848341232227888,-0.010155721056195,-0.003977657413676394,0.012405472002719131,-0.006202736001359566
SOL/USDT,2025-12-18 20:24:00+00:00,2025-12-18 20:37:00+00:00,prob_floor,-0.0442956590870112,13.0,118.16,117.7,0.0011848341232227888,-0.010155721056195,-0.0038930264048746555,0.012319456244689997,-0.0062871707731521065
SOL/USDT,2025-12-18 20:24:00+00:00,2025-12-18 20:38:00+00:00,prob_floor,-0.0498999091715519,14.0,118.16,117.73,0.0011848341232227888,-0.010155721056195,-0.003639133378469772,0.012061496644865333,-0.006540389025736948
SOL/USDT,2025-12-18 20:24:00+00:00,2025-12-18 20:40:00+00:00,prob_floor,-0.0466958638610215,16.0,118.16,117.71,0.0011848341232227888,-0.010155721056195,-0.0038083953960731387,0.012233455101520851,-0.00637159119870867
SOL/USDT,2025-12-18 20:24:00+00:00,2025-12-18 20:41:00+00:00,prob_floor,-0.0410953862172609,17.0,118.16,117.6,0.0011848341232227888,-0.010155721056195,-0.004739336492891044,0.01318027210884365,-0.0054421768707483276
SOL/USDT,2025-12-18 20:24:00+00:00,2025-12-18 20:42:00+00:00,prob_floor,-0.02509402464381,18.0,118.16,117.79,0.0011848341232227888,-0.010155721056195,-0.0031313473256600055,0.011545971644451924,-0.007046438577128944
SOL/USDT,2025-12-18 20:24:00+00:00,2025-12-18 20:43:00+00:00,gate_close,-0.0298944326309101,19.0,118.16,117.99,0.0011848341232227888,-0.010155721056195,-0.0014387271496276721,0.009831341639122027,-0.008729553351979003
SOL/USDT,2025-12-18 20:24:00+00:00,2025-12-18 20:44:00+00:00,gate_close,-0.0458957955914215,20.0,118.16,117.93,0.0011848341232227888,-0.010155721056195,-0.0019465132024373277,0.010345119986432616,-0.008225218349868668
SOL/USDT,2025-12-18 20:24:00+00:00,2025-12-18 20:45:00+00:00,prob_floor,-0.0274942285854769,21.0,118.16,117.73,0.0011848341232227888,-0.010155721056195,-0.003639133378469772,0.012061496644865333,-0.006540389025736948
SOL/USDT,2025-12-18 20:24:00+00:00,2025-12-18 20:46:00+00:00,gate_close,-0.0266941605933976,22.0,118.16,117.91,0.0011848341232227888,-0.010155721056195,-0.0021157752200405833,0.01229751505385468,-0.008056992621490955
SOL/USDT,2025-12-18 20:24:00+00:00,2025-12-18 20:47:00+00:00,gate_close,-0.0410953862172609,23.0,118.16,117.96,0.0011848341232227888,-0.010155721056195,-0.0016926201760325554,0.01186842997626325,-0.008477449983045116
SOL/USDT,2025-12-18 20:24:00+00:00,2025-12-18 20:48:00+00:00,gate_close,-0.0426955226289637,24.0,118.16,117.83,0.0011848341232227888,-0.010155721056195,-0.0027928232904536054,0.013663752864295997,-0.007383518628532704
SOL/USDT,2025-12-18 20:24:00+00:00,2025-12-18 20:57:00+00:00,prob_floor,-0.065097437269438,33.0,118.16,117.53,0.0011848341232227888,-0.010155721056195,-0.005331753554502328,0.021015910831277074,-0.004849825576448641
SOL/USDT,2025-12-18 20:24:00+00:00,2025-12-18 20:58:00+00:00,prob_floor,-0.0779106679459761,34.0,118.16,117.51,0.0011848341232227888,-0.010155721056195,-0.005501015572105583,0.02118968598417159,-0.004680452727427564
SOL/USDT,2025-12-18 20:24:00+00:00,2025-12-18 20:59:00+00:00,prob_floor,-0.0474959321422194,35.0,118.16,117.35,0.0011848341232227888,-0.010155721056195,-0.0068551117129316275,0.023263740945888456,-0.003323391563698319
SOL/USDT,2025-12-18 20:24:00+00:00,2025-12-18 21:00:00+00:00,prob_floor,-0.0282942965890891,36.0,118.16,117.71,0.0011848341232227888,-0.010155721056195,-0.0038083953960731387,0.020134228187919545,-0.0036530456205928763
SOL/USDT,2025-12-18 20:24:00+00:00,2025-12-18 21:01:00+00:00,gate_close,-0.0170933455866546,37.0,118.16,117.95,0.0011848341232227888,-0.010155721056195,-0.0017772511848340722,0.01805849936413728,-0.0028825773632895624
SOL/USDT,2025-12-18 20:24:00+00:00,2025-12-18 21:02:00+00:00,gate_close,-0.02509402464381,38.0,118.16,118.11,0.0011848341232227888,-0.010155721056195,-0.00042315504400813886,0.0166793666920666,-0.004233341800016888
SOL/USDT,2025-12-18 20:24:00+00:00,2025-12-18 21:03:00+00:00,gate_close,-0.0258940926128426,39.0,118.16,118.0,0.0011848341232227888,-0.010155721056195,-0.0013540961408259333,0.01762711864406774,-0.003305084745762743
SOL/USDT,2025-12-18 20:24:00+00:00,2025-12-18 21:06:00+00:00,prob_floor,-0.0370950453905894,42.0,118.16,117.69,0.0011848341232227888,-0.010155721056195,-0.003977657413676394,0.02030758773047836,-0.0006797518905599098
SOL/USDT,2025-12-18 20:24:00+00:00,2025-12-18 21:07:00+00:00,gate_close,-0.0258940926128426,43.0,118.16,117.84,0.0011848341232227888,-0.010155721056195,-0.0027081922816519777,0.01900882552613714,-0.0019517990495587778
SOL/USDT,2025-12-18 20:24:00+00:00,2025-12-18 21:08:00+00:00,gate_close,-0.0346948410333865,44.0,118.16,117.98,0.0011848341232227888,-0.010155721056195,-0.0015233581584291889,0.01779962705543303,-0.0031361247669097203
SOL/USDT,2025-12-18 20:24:00+00:00,2025-12-18 21:09:00+00:00,gate_close,-0.0506962053830801,45.0,118.16,117.86,0.0011848341232227888,-0.010155721056195,-0.002538930264048722,0.018835907008314834,-0.0021211606991345944
SOL/USDT,2025-12-18 20:24:00+00:00,2025-12-18 21:11:00+00:00,gate_close,-0.0458957955914215,47.0,118.16,117.85,0.0011848341232227888,-0.010155721056195,-0.00262356127285035,0.018922358930844263,-0.0020364870598217344
SOL/USDT,2025-12-18 20:24:00+00:00,2025-12-18 21:12:00+00:00,gate_close,-0.0370950453905894,48.0,118.16,117.73,0.0011848341232227888,-0.010155721056195,-0.003639133378469772,0.01996092754607992,0.0
SOL/USDT,2025-12-18 20:24:00+00:00,2025-12-18 21:17:00+00:00,gate_close,-0.0106928031684519,53.0,118.16,118.29,0.0011848341232227888,-0.010155721056195,0.001100203114421161,0.015132301969735362,-0.003381519993236992
SOL/USDT,2025-12-18 20:24:00+00:00,2025-12-18 21:18:00+00:00,gate_close,-0.0106928031684519,54.0,118.16,118.19,0.0011848341232227888,-0.010155721056195,0.0002538930264048833,0.015991200609188683,-0.002538285810982255
SOL/USDT,2025-12-18 20:24:00+00:00,2025-12-18 21:19:00+00:00,gate_close,-0.0186934813060597,55.0,118.16,118.23,0.0011848341232227888,-0.010155721056195,0.0005924170616113944,0.015647466801996135,-0.0028757506555020518
SOL/USDT,2025-12-18 20:24:00+00:00,2025-12-18 21:20:00+00:00,gate_close,-0.0330947048530359,56.0,118.16,118.13,0.0011848341232227888,-0.010155721056195,-0.0002538930264048833,0.01650723778887664,-0.002031660035553995
SOL/USDT,2025-12-18 20:24:00+00:00,2025-12-18 21:21:00+00:00,gate_close,-0.0210936849714075,57.0,118.16,117.89,0.0011848341232227888,-0.010155721056195,-0.002285037237643839,0.01857663923996955,0.0
SOL/USDT,2025-12-18 20:24:00+00:00,2025-12-18 21:23:00+00:00,gate_close,-0.0258940926128426,59.0,118.16,118.08,0.0011848341232227888,-0.010155721056195,-0.0006770480704130222,0.01693766937669383,-0.0009315718157181241
SOL/USDT,2025-12-18 20:24:00+00:00,2025-12-18 21:27:00+00:00,gate_close,-0.0026921261776511,63.0,118.16,118.01,0.0011848341232227888,-0.010155721056195,-0.0012694651320243056,0.01754088636556217,-8.473858147617364e-05
SOL/USDT,2025-12-18 20:24:00+00:00,2025-12-18 21:28:00+00:00,take_profit,0.0197078399999996,64.0,118.16,118.27,0.0011848341232227888,-0.010155721056195,0.0009309410968179055,0.015303965502663441,-0.0021983596854653342
SOL/USDT,2025-12-18 21:36:00+00:00,2025-12-18 21:36:00+00:00,dry_run,0.0,,119.01,119.01,0.008990841105789293,-0.005545752457776776,0.0,0.008990841105789293,-0.005545752457776776
SOL/USDT,2025-12-18 21:36:00+00:00,2025-12-18 21:37:00+00:00,gate_close,-0.028305963446387,1.0,119.01,118.99,0.008990841105789293,-0.005545752457776776,-0.00016805310478118507,0.009160433649886501,-0.005378603243970104
SOL/USDT,2025-12-18 21:36:00+00:00,2025-12-18 21:38:00+00:00,gate_close,-0.0395069108229635,2.0,119.01,118.68,0.008990841105789293,-0.005545752457776776,-0.0027728762288883324,0.01179642736771136,-0.002780586450960687
SOL/USDT,2025-12-18 21:36:00+00:00,2025-12-18 21:39:00+00:00,gate_close,-0.0539081321718563,3.0,119.01,118.54,0.008990841105789293,-0.005545752457776776,-0.003949247962356073,0.01299139530960014,-0.001602834486249427
SOL/USDT,2025-12-18 21:36:00+00:00,2025-12-18 21:41:00+00:00,gate_close,-0.0459074531864407,5.0,119.01,118.46,0.008990841105789293,-0.005545752457776776,-0.004621460381480591,0.013675502279250518,-0.0009285834880972121
SOL/USDT,2025-12-18 21:36:00+00:00,2025-12-18 21:43:00+00:00,gate_close,-0.0267058282893131,7.0,119.01,118.61,0.008990841105789293,-0.005545752457776776,-0.003361062095622258,0.012393558721861542,-0.000758789309501795
SOL/USDT,2025-12-18 21:36:00+00:00,2025-12-18 21:44:00+00:00,trailing_prob_drop,-0.0275058958621544,8.0,119.01,118.66,0.008990841105789293,-0.005545752457776776,-0.0029409293336695175,0.011966964436204375,-0.00033709758975219994
SOL/USDT,2025-12-18 21:36:00+00:00,2025-12-18 21:45:00+00:00,take_profit,0.0252961600000002,9.0,119.01,118.62,0.008990841105789293,-0.005545752457776776,-0.0032770355432316656,0.01230821109425051,0.0
SOL/USDT,2025-12-18 21:47:00+00:00,2025-12-18 21:47:00+00:00,dry_run,0.0,,119.36,119.36,0.0060321715817694965,-0.0011729222520107108,0.0,0.0060321715817694965,-0.0011729222520107108
SOL/USDT,2025-12-18 21:47:00+00:00,2025-12-18 21:51:00+00:00,gate_close,-0.0043113004730596,4.0,119.36,119.48,0.0060321715817694965,-0.0011729222520107108,0.00100536193029499,0.005021760964178057,-0.00217609641781058
SOL/USDT,2025-12-18 21:47:00+00:00,2025-12-18 21:55:00+00:00,gate_close,0.0036887999999994,8.0,119.36,119.24,0.0060321715817694965,-0.0011729222520107108,-0.00100536193029499,0.007044615900704487,-0.00016772895001671007
SOL/USDT,2025-12-18 22:02:00+00:00,2025-12-18 22:02:00+00:00,dry_run,0.0,,119.73,119.73,0.0027562014532698242,-0.004259584064144395,0.0,0.0027562014532698242,-0.004259584064144395
SOL/USDT,2025-12-18 22:02:00+00:00,2025-12-18 22:04:00+00:00,take_profit,0.0076857012392031,2.0,119.73,119.76,0.0027562014532698242,-0.004259584064144395,0.0002505637684790951,0.0025050100200401104,-0.0045090180360721765
SOL/USDT,2025-12-18 22:02:00+00:00,2025-12-18 22:05:00+00:00,gate_close,-0.0027151665845195,3.0,119.73,119.83,0.0027562014532698242,-0.004259584064144395,0.0008352125615969097,0.0019193857965451588,-0.005090544938663122
SOL/USDT,2025-12-18 22:02:00+00:00,2025-12-18 22:06:00+00:00,gate_close,-0.0035152334182722,4.0,119.73,119.71,0.0027562014532698242,-0.004259584064144395,-0.00016704251231947076,0.002923732353186992,-0.004093225294461544
SOL/USDT,2025-12-18 22:02:00+00:00,2025-12-18 22:08:00+00:00,take_profit,0.0084847999999996,6.0,119.73,119.62,0.0027562014532698242,-0.004259584064144395,-0.0009187338177566451,0.0036783146630998687,-0.0033439224209999008
SOL/USDT,2025-12-18 22:10:00+00:00,2025-12-18 22:10:00+00:00,dry_run,0.0,,119.64,119.64,0.0035105315947843163,-0.0035105315947843163,0.0,0.0035105315947843163,-0.0035105315947843163
SOL/USDT,2025-12-18 22:10:00+00:00,2025-12-18 22:12:00+00:00,prob_floor,-0.0275162846641812,2.0,119.64,119.6,0.0035105315947843163,-0.0035105315947843163,-0.00033433634236046395,0.0038461538461538325,-0.0031772575250835766
SOL/USDT,2025-12-18 22:10:00+00:00,2025-12-18 22:13:00+00:00,prob_floor,-0.0235159487573824,3.0,119.64,119.33,0.0035105315947843163,-0.0035105315947843163,-0.002591106653293207,0.006117489315343949,-0.0009218134584765281
SOL/USDT,2025-12-18 22:10:00+00:00,2025-12-18 22:14:00+00:00,prob_floor,-0.0275162846641812,4.0,119.64,119.4,0.0035105315947843163,-0.0035105315947843163,-0.0020060180541624506,0.005527638190954809,-0.0015075376884422509
SOL/USDT,2025-12-18 22:10:00+00:00,2025-12-18 22:15:00+00:00,prob_floor,-0.0235159487573824,5.0,119.64,119.34,0.0035105315947843163,-0.0035105315947843163,-0.0025075225677030355,0.006033182503770718,-0.0010055304172951196
SOL/USDT,2025-12-18 22:10:00+00:00,2025-12-18 22:16:00+00:00,prob_floor,-0.0187155460404376,6.0,119.64,119.41,0.0035105315947843163,-0.0035105315947843163,-0.0019224339685723901,0.005443430198475818,-0.0015911565195544375
SOL/USDT,2025-12-18 22:10:00+00:00,2025-12-18 22:17:00+00:00,prob_floor,-0.0211157473483238,7.0,119.64,119.45,0.0035105315947843163,-0.0035105315947843163,-0.0015880976262119262,0.0051067392214314555,-0.001925491837588944
SOL/USDT,2025-12-18 22:10:00+00:00,2025-12-18 22:18:00+00:00,prob_floor,-0.0243160159162293,8.0,119.64,119.41,0.0035105315947843163,-0.0035105315947843163,-0.0019224339685723901,0.005443430198475818,-0.0015911565195544375
SOL/USDT,2025-12-18 22:10:00+00:00,2025-12-18 22:19:00+00:00,prob_floor,-0.0251160830863323,9.0,119.64,119.38,0.0035105315947843163,-0.0035105315947843163,-0.0021731862253426826,0.005696096498575942,-0.0013402579996648623
SOL/USDT,2025-12-18 22:10:00+00:00,2025-12-18 22:20:00+00:00,prob_floor,-0.0299164863434062,10.0,119.64,119.36,0.0035105315947843163,-0.0035105315947843163,-0.0023403543965229145,0.005864611260053554,-0.0011729222520107108
SOL/USDT,2025-12-18 22:10:00+00:00,2025-12-18 22:21:00+00:00,prob_floor,-0.0371170919901028,11.0,119.64,119.31,0.0035105315947843163,-0.0035105315947843163,-0.002758274824473439,0.006286145335680171,-0.0007543374402816383
SOL/USDT,2025-12-18 22:10:00+00:00,2025-12-18 22:22:00+00:00,prob_floor,-0.0243160159162293,12.0,119.64,119.22,0.0035105315947843163,-0.0035105315947843163,-0.0035105315947843163,0.007045797684952282,0.0
SOL/USDT,2025-12-18 22:10:00+00:00,2025-12-18 22:23:00+00:00,prob_floor,-0.0243160159162293,13.0,119.64,119.36,0.0035105315947843163,-0.0035105315947843163,-0.0023403543965229145,0.005864611260053554,-0.0011729222520107108
SOL/USDT,2025-12-18 22:10:00+00:00,2025-12-18 22:24:00+00:00,prob_floor,-0.0283163518793221,14.0,119.64,119.37,0.0035105315947843163,-0.0035105315947843163,-0.002256770310932743,0.005780346820809301,-0.000921504565636222
SOL/USDT,2025-12-18 22:10:00+00:00,2025-12-18 22:26:00+00:00,prob_floor,-0.0299164863434062,16.0,119.64,119.33,0.0035105315947843163,-0.0035105315947843163,-0.002591106653293207,0.006117489315343949,-0.0005866085644850028
SOL/USDT,2025-12-18 22:10:00+00:00,2025-12-18 22:27:00+00:00,prob_floor,-0.0235159487573824,17.0,119.64,119.36,0.0035105315947843163,-0.0035105315947843163,-0.0023403543965229145,0.005864611260053554,-0.0008378016085790474
SOL/USDT,2025-12-18 22:10:00+00:00,2025-12-18 22:28:00+00:00,gate_close,-0.0075146079391233,18.0,119.64,119.39,0.0035105315947843163,-0.0035105315947843163,-0.002089602139752622,0.005611860289806536,-0.00016751821760607744
SOL/USDT,2025-12-18 22:10:00+00:00,2025-12-18 22:29:00+00:00,take_profit,0.0052857600000002,19.0,119.64,119.58,0.0035105315947843163,-0.0035105315947843163,-0.0005015045135406959,0.004014049172102352,-0.0016725204883759615
SOL/USDT,2025-12-18 22:31:00+00:00,2025-12-18 22:31:00+00:00,dry_run,0.0,,119.75,119.75,0.0025887265135700055,-0.003089770354906096,0.0,0.0025887265135700055,-0.003089770354906096
SOL/USDT,2025-12-18 22:31:00+00:00,2025-12-18 22:32:00+00:00,gate_close,-0.0091165013578444,1.0,119.75,119.72,0.0025887265135700055,-0.003089770354906096,-0.00025052192066810086,0.002839959906448364,-0.002839959906448364
SOL/USDT,2025-12-18 22:31:00+00:00,2025-12-18 22:37:00+00:00,take_profit,0.0068839999999999,6.0,119.75,119.73,0.0025887265135700055,-0.003089770354906096,-0.0001670146137786599,0.0027562014532698242,-0.002923243965589295
SOL/USDT,2025-12-18 22:45:00+00:00,2025-12-18 22:45:00+00:00,dry_run,0.0,,119.91,119.91,0.001000750562922148,-0.004920356934367431,0.0,0.001000750562922148,-0.004920356934367431
SOL/USDT,2025-12-18 22:45:00+00:00,2025-12-18 22:47:00+00:00,take_profit,0.010885167396289,2.0,119.91,119.82,0.001000750562922148,-0.004920356934367431,-0.0007505629221916665,0.0017526289434151021,-0.004172926055750259
SOL/USDT,2025-12-18 22:45:00+00:00,2025-12-18 22:48:00+00:00,take_profit,0.018085766445862,3.0,119.91,119.92,0.001000750562922148,-0.004920356934367431,8.339588024353084e-05,0.000917278185456949,-0.0050033355570381355
SOL/USDT,2025-12-18 22:45:00+00:00,2025-12-18 22:49:00+00:00,take_profit,0.0124853005961059,4.0,119.91,120.02,0.001000750562922148,-0.004920356934367431,0.0009173546826786172,8.331944675887826e-05,-0.005832361273121145
SOL/USDT,2025-12-18 22:45:00+00:00,2025-12-18 22:50:00+00:00,take_profit,0.0116840000000001,5.0,119.91,120.02,0.001000750562922148,-0.004920356934367431,0.0009173546826786172,8.331944675887826e-05,-0.005832361273121145
SOL/USDT,2025-12-18 22:51:00+00:00,2025-12-18 22:51:00+00:00,cooldown_after_exit,0.0,,120.02,120.02,8.331944675887826e-05,-0.005832361273121145,0.0,8.331944675887826e-05,-0.005832361273121145
SOL/USDT,2025-12-18 22:52:00+00:00,2025-12-18 22:52:00+00:00,dry_run,0.0,,120.0,120.0,0.0002500000000000835,-0.005666666666666709,0.0,0.0002500000000000835,-0.005666666666666709
SOL/USDT,2025-12-18 22:52:00+00:00,2025-12-18 22:56:00+00:00,trailing_prob_drop,-0.0123209273380882,4.0,120.0,120.03,0.0002500000000000835,-0.005666666666666709,0.0002500000000000835,0.0,-0.0059151878696993565
SOL/USDT,2025-12-18 22:52:00+00:00,2025-12-18 22:58:00+00:00,prob_floor,-0.0203215957861338,6.0,120.0,119.78,0.0002500000000000835,-0.005666666666666709,-0.0018333333333333535,0.0015862414426448534,-0.00384037401903492
SOL/USDT,2025-12-18 22:52:00+00:00,2025-12-18 22:59:00+00:00,trailing_prob_drop,-0.0195215288911157,7.0,120.0,119.78,0.0002500000000000835,-0.005666666666666709,-0.0018333333333333535,0.0015862414426448534,-0.00384037401903492
SOL/USDT,2025-12-18 22:52:00+00:00,2025-12-18 23:00:00+00:00,trailing_prob_drop,-0.0259220643641687,8.0,120.0,119.79,0.0002500000000000835,-0.005666666666666709,-0.0017499999999999183,0.0015026296018030294,-0.003923532849152811
SOL/USDT,2025-12-18 22:52:00+00:00,2025-12-18 23:01:00+00:00,trailing_prob_drop,-0.0203215957861338,9.0,120.0,119.73,0.0002500000000000835,-0.005666666666666709,-0.0022499999999999742,0.002004510147832539,-0.0034243715025474852
SOL/USDT,2025-12-18 22:52:00+00:00,2025-12-18 23:02:00+00:00,trailing_prob_drop,-0.0195215288911157,10.0,120.0,119.82,0.0002500000000000835,-0.005666666666666709,-0.0015000000000000568,0.0012518778167251998,-0.004172926055750259
SOL/USDT,2025-12-18 22:52:00+00:00,2025-12-18 23:03:00+00:00,prob_floor,-0.0331226676273677,11.0,120.0,119.8,0.0002500000000000835,-0.005666666666666709,-0.0016666666666667052,0.0014190317195326152,-0.00400667779632724
SOL/USDT,2025-12-18 22:52:00+00:00,2025-12-18 23:04:00+00:00,prob_floor,-0.0195215288911157,12.0,120.0,119.66,0.0002500000000000835,-0.005666666666666709,-0.0028333333333333544,0.002590673575129543,-0.0028413839211098857
SOL/USDT,2025-12-18 22:52:00+00:00,2025-12-18 23:05:00+00:00,prob_floor,-0.0219217296096859,13.0,120.0,119.79,0.0002500000000000835,-0.005666666666666709,-0.0017499999999999183,0.0015026296018030294,-0.003923532849152811
SOL/USDT,2025-12-18 22:52:00+00:00,2025-12-18 23:06:00+00:00,prob_floor,-0.0371230031659498,14.0,120.0,119.77,0.0002500000000000835,-0.005666666666666709,-0.0019166666666666776,0.0016698672455539576,-0.00375720130249646
SOL/USDT,2025-12-18 22:52:00+00:00,2025-12-18 23:07:00+00:00,prob_floor,-0.0283222653511017,15.0,120.0,119.6,0.0002500000000000835,-0.005666666666666709,-0.0033333333333334103,0.0030936454849499473,-0.00234113712374584
SOL/USDT,2025-12-18 22:52:00+00:00,2025-12-18 23:08:00+00:00,prob_floor,-0.0251219973909042,16.0,120.0,119.69,0.0002500000000000835,-0.005666666666666709,-0.002583333333333382,0.002339376723201614,-0.0030913192413736246
SOL/USDT,2025-12-18 22:52:00+00:00,2025-12-18 23:09:00+00:00,prob_floor,-0.017121328273043,17.0,120.0,119.73,0.0002500000000000835,-0.005666666666666709,-0.0022499999999999742,0.002004510147832539,-0.0034243715025474852
SOL/USDT,2025-12-18 22:52:00+00:00,2025-12-18 23:10:00+00:00,prob_floor,-0.0163212614226703,18.0,120.0,119.84,0.0002500000000000835,-0.005666666666666709,-0.0013333333333332975,0.0010847797062749631,-0.0043391188251001855
SOL/USDT,2025-12-18 22:52:00+00:00,2025-12-18 23:11:00+00:00,prob_floor,-0.0075205268042177,19.0,120.0,119.84,0.0002500000000000835,-0.005666666666666709,-0.0013333333333332975,0.0010847797062749631,-0.0043391188251001855
SOL/USDT,2025-12-18 22:52:00+00:00,2025-12-18 23:12:00+00:00,trailing_prob_drop,-0.0107207937822635,20.0,120.0,119.95,0.0002500000000000835,-0.005666666666666709,-0.0004166666666666208,0.00016673614005835447,-0.005252188411838388
SOL/USDT,2025-12-18 22:52:00+00:00,2025-12-18 23:18:00+00:00,gate_close,-0.0187214620072606,26.0,120.0,119.87,0.0002500000000000835,-0.005666666666666709,-0.001083333333333325,0.0008342370901810447,-0.004588303995995746
SOL/USDT,2025-12-18 22:52:00+00:00,2025-12-18 23:20:00+00:00,prob_floor,-0.0267221313486209,28.0,120.0,119.69,0.0002500000000000835,-0.005666666666666709,-0.002583333333333382,0.0014203358676581068,-0.0030913192413736246
SOL/USDT,2025-12-18 22:52:00+00:00,2025-12-18 23:21:00+00:00,trailing_prob_drop,-0.0323226005533043,29.0,120.0,119.73,0.0002500000000000835,-0.005666666666666709,-0.0022499999999999742,0.0010857763300760048,-0.0034243715025474852
SOL/USDT,2025-12-18 22:52:00+00:00,2025-12-18 23:22:00+00:00,gate_close,-0.0539244154973815,30.0,120.0,119.67,0.0002500000000000835,-0.005666666666666709,-0.00275000000000003,0.001587699506977458,-0.0029247096181165277
SOL/USDT,2025-12-18 22:52:00+00:00,2025-12-18 23:23:00+00:00,prob_floor,-0.0403232717989033,31.0,120.0,119.38,0.0002500000000000835,-0.005666666666666709,-0.005166666666666653,0.004020773998994809,-0.0005025967498744066
SOL/USDT,2025-12-18 22:52:00+00:00,2025-12-18 23:24:00+00:00,prob_floor,-0.041923406182808,32.0,120.0,119.54,0.0002500000000000835,-0.005666666666666709,-0.0038333333333332442,0.0026769282248619852,-0.0018403881545927536
SOL/USDT,2025-12-18 22:52:00+00:00,2025-12-18 23:25:00+00:00,prob_floor,-0.0467238096044879,33.0,120.0,119.54,0.0002500000000000835,-0.005666666666666709,-0.0038333333333332442,0.0026769282248619852,-0.0018403881545927536
SOL/USDT,2025-12-18 22:52:00+00:00,2025-12-18 23:26:00+00:00,prob_floor,-0.0459237423394024,34.0,120.0,119.46,0.0002500000000000835,-0.005666666666666709,-0.0045000000000000595,0.0033484011384563583,-0.0011719403984596921
SOL/USDT,2025-12-18 22:52:00+00:00,2025-12-18 23:27:00+00:00,prob_floor,-0.0411233389852351,35.0,120.0,119.45,0.0002500000000000835,-0.005666666666666709,-0.004583333333333273,0.0034323984930932916,-0.001088321473419973
SOL/USDT,2025-12-18 22:52:00+00:00,2025-12-18 23:28:00+00:00,prob_floor,-0.0395232046238143,36.0,120.0,119.53,0.0002500000000000835,-0.005666666666666709,-0.003916666666666679,0.0027608131849745643,-0.0017568811177111066
SOL/USDT,2025-12-18 22:52:00+00:00,2025-12-18 23:29:00+00:00,prob_floor,-0.0395232046238143,37.0,120.0,119.53,0.0002500000000000835,-0.005666666666666709,-0.003916666666666679,0.0027608131849745643,-0.0017568811177111066
SOL/USDT,2025-12-18 22:52:00+00:00,2025-12-18 23:30:00+00:00,prob_floor,-0.0235218634779349,38.0,120.0,119.58,0.0002500000000000835,-0.005666666666666709,-0.0035000000000000586,0.0023415286837262794,-0.002174276634888783
SOL/USDT,2025-12-18 22:52:00+00:00,2025-12-18 23:31:00+00:00,trailing_prob_drop,-0.0203215957861338,39.0,120.0,119.76,0.0002500000000000835,-0.005666666666666709,-0.0020000000000000018,0.0008350033400132961,-0.0036740146960588804
SOL/USDT,2025-12-18 22:52:00+00:00,2025-12-18 23:32:00+00:00,trailing_prob_drop,-0.0363229360357868,40.0,120.0,119.77,0.0002500000000000835,-0.005666666666666709,-0.0019166666666666776,0.0007514402604993364,-0.00375720130249646
SOL/USDT,2025-12-18 22:52:00+00:00,2025-12-18 23:34:00+00:00,prob_floor,-0.0331226676273677,42.0,120.0,119.6,0.0002500000000000835,-0.005666666666666709,-0.0033333333333334103,0.0021739130434783593,-0.00234113712374584
SOL/USDT,2025-12-18 22:52:00+00:00,2025-12-18 23:40:00+00:00,prob_floor,-0.0531243481308384,48.0,120.0,119.41,0.0002500000000000835,-0.005666666666666709,-0.00491666666666668,0.0037685285989448314,-0.0007537057197889441
SOL/USDT,2025-12-18 22:52:00+00:00,2025-12-18 23:41:00+00:00,trailing_prob_drop,-0.0555245502643387,49.0,120.0,119.4,0.0002500000000000835,-0.005666666666666709,-0.0050000000000000044,0.0038525963149078635,-0.0006700167504188892
SOL/USDT,2025-12-18 22:52:00+00:00,2025-12-18 23:42:00+00:00,trailing_prob_drop,-0.0579247524994775,50.0,120.0,119.38,0.0002500000000000835,-0.005666666666666709,-0.005166666666666653,0.004020773998994809,-0.0005025967498744066
SOL/USDT,2025-12-18 22:52:00+00:00,2025-12-18 23:43:00+00:00,prob_floor,-0.0531243481308384,51.0,120.0,119.32,0.0002500000000000835,-0.005666666666666709,-0.005666666666666709,0.004525645323499861,0.0
SOL/USDT,2025-12-18 22:52:00+00:00,2025-12-18 23:44:00+00:00,trailing_prob_drop,-0.0523242807755776,52.0,120.0,119.38,0.0002500000000000835,-0.005666666666666709,-0.005166666666666653,0.004020773998994809,-0.00033506449991616005
SOL/USDT,2025-12-18 22:52:00+00:00,2025-12-18 23:45:00+00:00,prob_floor,-0.0539244154973815,53.0,120.0,119.38,0.0002500000000000835,-0.005666666666666709,-0.005166666666666653,0.004020773998994809,-0.00033506449991616005
SOL/USDT,2025-12-18 22:52:00+00:00,2025-12-18 23:46:00+00:00,prob_floor,-0.0523242807755776,54.0,120.0,119.39,0.0002500000000000835,-0.005666666666666709,-0.005083333333333329,0.003936678113744874,-0.0004187955440153601
SOL/USDT,2025-12-18 22:52:00+00:00,2025-12-18 23:47:00+00:00,prob_floor,-0.0563246176647528,55.0,120.0,119.39,0.0002500000000000835,-0.005666666666666709,-0.005083333333333329,0.003936678113744874,-0.0004187955440153601
SOL/USDT,2025-12-18 22:52:00+00:00,2025-12-18 23:48:00+00:00,prob_floor,-0.0515242134315975,56.0,120.0,119.34,0.0002500000000000835,-0.005666666666666709,-0.005499999999999949,0.004357298474945592,0.0
SOL/USDT,2025-12-18 22:52:00+00:00,2025-12-18 23:49:00+00:00,prob_floor,-0.0547244828752155,57.0,120.0,119.4,0.0002500000000000835,-0.005666666666666709,-0.0050000000000000044,0.0038525963149078635,-0.00041876046901179187
SOL/USDT,2025-12-18 22:52:00+00:00,2025-12-18 23:50:00+00:00,prob_floor,-0.0323226005533043,58.0,120.0,119.35,0.0002500000000000835,-0.005666666666666709,-0.005416666666666736,0.004273146208630063,0.0
SOL/USDT,2025-12-18 22:52:00+00:00,2025-12-18 23:51:00+00:00,prob_floor,-0.0291223323691347,59.0,120.0,119.64,0.0002500000000000835,-0.005666666666666709,-0.0030000000000000027,0.0018388498829822186,-0.0015045135406219767
SOL/USDT,2025-12-18 22:52:00+00:00,2025-12-18 23:53:00+00:00,prob_floor,-0.0299223993983712,61.0,120.0,119.62,0.0002500000000000835,-0.005666666666666709,-0.003166666666666651,0.0020063534525998072,-0.0005015883631499518
SOL/USDT,2025-12-18 22:52:00+00:00,2025-12-18 23:55:00+00:00,gate_close,-0.0307224664388094,63.0,120.0,119.61,0.0002500000000000835,-0.005666666666666709,-0.003249999999999975,0.0020901262436250345,-0.0004180252487250291
