symbol,entry_ts,exit_ts,exit_reason,pnl,hold_minutes,entry_price,exit_price,mfe_pct,mae_pct,exit_return_pct,post_exit_max_return_pct,post_exit_min_return_pct
ETH/USDT,,2025-12-15 01:49:00+00:00,spread_too_wide,0.0,,,3109.94,,,,0.2359820446696721,-0.011649742438760935
ETH/USDT,,2025-12-15 01:52:00+00:00,dry_run,0.0,,,3117.19,,,,0.2331073819690168,-0.013948459991210083
ETH/USDT,2025-12-15 01:52:00+00:00,2025-12-15 01:59:00+00:00,gate_close,-0.2824355650943172,7.0,3117.19,3108.91,0.2331073819690168,-0.013948459991210083,-0.0026562384711872333,0.23639153272368785,-0.0004985670218822236
ETH/USDT,2025-12-15 01:52:00+00:00,2025-12-15 02:01:00+00:00,trailing_prob_drop,-0.3330288627261032,9.0,3117.19,3110.13,0.2331073819690168,-0.013948459991210083,-0.002264860338959118,0.2359065376688434,-0.0008906380119159119
ETH/USDT,2025-12-15 01:52:00+00:00,2025-12-15 02:02:00+00:00,gate_close,-0.1525864390637268,10.0,3117.19,3111.68,0.2331073819690168,-0.013948459991210083,-0.0017676176299808999,0.23529090394899232,-0.0013883175647880774
ETH/USDT,2025-12-15 01:52:00+00:00,2025-12-15 02:04:00+00:00,trailing_prob_drop,-0.0478361022970584,12.0,3117.19,3115.92,0.2331073819690168,-0.013948459991210083,-0.0004074182196144305,0.23360997714960585,-0.0027471822126370338
ETH/USDT,2025-12-15 01:52:00+00:00,2025-12-15 02:05:00+00:00,gate_close,-0.0478361022970584,13.0,3117.19,3113.75,0.2331073819690168,-0.013948459991210083,-0.0011035580121840916,0.23446969088719394,-0.0020521878763548607
ETH/USDT,2025-12-15 01:52:00+00:00,2025-12-15 02:07:00+00:00,take_profit,0.011164000000004,15.0,3117.19,3118.28,0.2331073819690168,-0.013948459991210083,0.0003496739050234954,0.23267634721705543,-0.003501930551457866
ETH/USDT,,2025-12-15 02:09:00+00:00,dry_run,0.0,,,3122.33,,,,0.23107743255837798,-0.0047944964177392135
ETH/USDT,2025-12-15 02:09:00+00:00,2025-12-15 02:16:00+00:00,take_profit,0.0663882999999936,7.0,3122.33,3125.94,0.23107743255837798,-0.0047944964177392135,0.001156187846896417,0.22965571955955655,-0.00594381210131989
ETH/USDT,,2025-12-15 02:18:00+00:00,dry_run,0.0,,,3138.22,,,,0.2248440198583912,-0.009833599938818716
ETH/USDT,2025-12-15 02:18:00+00:00,2025-12-15 02:19:00+00:00,take_profit,0.0490590573493118,1.0,3138.22,3140.84,0.2248440198583912,-0.009833599938818716,0.0008348681736782826,0.22382228957858397,-0.010659568777779183
ETH/USDT,2025-12-15 02:18:00+00:00,2025-12-15 02:21:00+00:00,take_profit,0.1978088499999991,3.0,3138.22,3146.78,0.2248440198583912,-0.009833599938818716,0.002727660903314666,0.22151214892683946,-0.012527091185275174
ETH/USDT,,2025-12-15 02:22:00+00:00,dry_run,0.0,,,3123.21,,,,0.23073056246618062,-0.005074906906676113
ETH/USDT,2025-12-15 02:22:00+00:00,2025-12-15 02:23:00+00:00,take_profit,0.0195629634967969,1.0,3123.21,3138.86,0.23073056246618062,-0.005074906906676113,0.005010870226465736,0.22459427945177546,-0.010035490592125829
ETH/USDT,2025-12-15 02:22:00+00:00,2025-12-15 02:25:00+00:00,gate_close,-0.1594376078191568,3.0,3123.21,3131.69,0.23073056246618062,-0.005074906906676113,0.002715155240921918,0.22739798639073472,-0.0077689681928926335
ETH/USDT,2025-12-15 02:22:00+00:00,2025-12-15 02:28:00+00:00,gate_close,-0.2009377406483323,6.0,3123.21,3130.04,0.23073056246618062,-0.005074906906676113,0.0021868526291859425,0.22804500900946945,-0.007245913790239089
ETH/USDT,2025-12-15 02:22:00+00:00,2025-12-15 02:29:00+00:00,gate_close,-0.1214374863158818,7.0,3123.21,3133.21,0.23073056246618062,-0.005074906906676113,0.0032018340105213206,0.22680254435546932,-0.008250324746825077
ETH/USDT,2025-12-15 02:22:00+00:00,2025-12-15 02:30:00+00:00,gate_close,-0.0739373346024655,8.0,3123.21,3135.11,0.23073056246618062,-0.005074906906676113,0.003810182472520296,0.22605905374931012,-0.008851364066970513
ETH/USDT,2025-12-15 02:22:00+00:00,2025-12-15 02:31:00+00:00,gate_close,-0.1579376030207517,9.0,3123.21,3131.75,0.23073056246618062,-0.005074906906676113,0.0027343662449850203,0.22737447114233245,-0.00778797796759001
ETH/USDT,2025-12-15 02:22:00+00:00,2025-12-15 02:32:00+00:00,gate_close,-0.087687378500608,10.0,3123.21,3134.57,0.23073056246618062,-0.005074906906676113,0.0036372834359521544,0.22627026992538046,-0.00868061648009133
ETH/USDT,2025-12-15 02:22:00+00:00,2025-12-15 02:34:00+00:00,gate_close,-0.1159374687396633,12.0,3123.21,3133.44,0.23073056246618062,-0.005074906906676113,0.003275476192763138,0.22671249489379086,-0.008323120915032622
ETH/USDT,2025-12-15 02:22:00+00:00,2025-12-15 02:35:00+00:00,gate_close,-0.0984374128316776,13.0,3123.21,3134.13,0.23073056246618062,-0.005074906906676113,0.003496402739489257,0.22644242580875718,-0.00854144531337242
ETH/USDT,2025-12-15 02:22:00+00:00,2025-12-15 02:37:00+00:00,prob_floor,-0.1869376958227452,15.0,3123.21,3130.6,0.23073056246618062,-0.005074906906676113,0.002366155333775044,0.22782533699610297,-0.007423497093208886
ETH/USDT,2025-12-15 02:22:00+00:00,2025-12-15 02:39:00+00:00,prob_floor,-0.384688330474501,17.0,3123.21,3122.69,0.23073056246618062,-0.005074906906676113,-0.00016649536854707048,0.23093550752716396,-0.004909228902004292
ETH/USDT,2025-12-15 02:22:00+00:00,2025-12-15 02:40:00+00:00,prob_floor,-0.4114384165719375,18.0,3123.21,3123.79,0.23073056246618062,-0.005074906906676113,0.00018570637261028367,0.23050205039391258,-0.005259636531264822
ETH/USDT,2025-12-15 02:22:00+00:00,2025-12-15 02:42:00+00:00,prob_floor,-0.4944386840915491,20.0,3123.21,3118.79,0.23073056246618062,-0.005074906906676113,-0.0014152106326503766,0.23247477387063564,-0.003664882855209828
ETH/USDT,2025-12-15 02:22:00+00:00,2025-12-15 02:43:00+00:00,prob_floor,-0.4311884801771025,21.0,3123.21,3120.82,0.23073056246618062,-0.005074906906676113,-0.0007652383285144948,0.23167308591972624,-0.004312969027370994
ETH/USDT,2025-12-15 02:22:00+00:00,2025-12-15 02:44:00+00:00,prob_floor,-0.4034383908169988,22.0,3123.21,3121.47,0.23073056246618062,-0.005074906906676113,-0.00055711911783074,0.23141660820062349,-0.004520306137813179
ETH/USDT,2025-12-15 02:22:00+00:00,2025-12-15 02:45:00+00:00,prob_floor,-0.3659382701609821,23.0,3123.21,3123.44,0.23073056246618062,-0.005074906906676113,7.364218224203967e-05,0.23063993545577954,-0.00514816996644718
ETH/USDT,2025-12-15 02:22:00+00:00,2025-12-15 02:46:00+00:00,prob_floor,-0.326688143998411,24.0,3123.21,3125.0,0.23073056246618062,-0.005074906906676113,0.0005731282878833621,0.23002560000000005,-0.005644800000000005
ETH/USDT,2025-12-15 02:22:00+00:00,2025-12-15 02:47:00+00:00,prob_floor,-0.4219384503833354,25.0,3123.21,3121.19,0.23073056246618062,-0.005074906906676113,-0.0006467704701252908,0.23152707781326987,-0.004431002277977325
ETH/USDT,2025-12-15 02:22:00+00:00,2025-12-15 02:48:00+00:00,prob_floor,-0.5269387889984652,26.0,3123.21,3117.0,0.23073056246618062,-0.005074906906676113,-0.0019883389205337387,0.2331825473211422,-0.0030927173564324617
ETH/USDT,2025-12-15 02:22:00+00:00,2025-12-15 02:49:00+00:00,prob_floor,-0.4681885994228619,27.0,3123.21,3119.34,0.23073056246618062,-0.005074906906676113,-0.001239109762071644,0.232257464720101,-0.003840556015054508
ETH/USDT,2025-12-15 02:22:00+00:00,2025-12-15 02:50:00+00:00,prob_floor,-0.4971886929649033,28.0,3123.21,3118.13,0.23073056246618062,-0.005074906906676113,-0.0016265316773447225,0.23273564604426356,-0.0034539932587800415
ETH/USDT,2025-12-15 02:22:00+00:00,2025-12-15 02:51:00+00:00,prob_floor,-0.5044387163612836,29.0,3123.21,3117.89,0.23073056246618062,-0.005074906906676113,-0.0017033756935973532,0.23283053603558823,-0.0033772839965489077
ETH/USDT,2025-12-15 02:22:00+00:00,2025-12-15 02:52:00+00:00,prob_floor,-0.4644385873320109,30.0,3123.21,3119.49,0.23073056246618062,-0.005074906906676113,-0.0011910822519139996,0.23219821188719947,-0.003888456125840989
ETH/USDT,2025-12-15 02:22:00+00:00,2025-12-15 02:53:00+00:00,prob_floor,-0.4504385422030075,31.0,3123.21,3119.34,0.23073056246618062,-0.005074906906676113,-0.001239109762071644,0.232257464720101,-0.003840556015054508
ETH/USDT,2025-12-15 02:22:00+00:00,2025-12-15 02:55:00+00:00,trailing_prob_drop,-0.4549385567070036,33.0,3123.21,3119.88,0.23073056246618062,-0.005074906906676113,-0.0010662107255035025,0.23204418118645576,-0.004012974858007334
ETH/USDT,2025-12-15 02:22:00+00:00,2025-12-15 02:57:00+00:00,trailing_prob_drop,-0.4519385470375021,35.0,3123.21,3119.99,0.23073056246618062,-0.005074906906676113,-0.0010309905513878892,0.23200074359212697,-0.004048089897723872
ETH/USDT,2025-12-15 02:22:00+00:00,2025-12-15 02:58:00+00:00,gate_close,-0.4319384825931396,36.0,3123.21,3122.49,0.23073056246618062,-0.005074906906676113,-0.00023053204875755906,0.23101435072650367,-0.004845491899093224
ETH/USDT,2025-12-15 02:22:00+00:00,2025-12-15 03:00:00+00:00,trailing_prob_drop,-0.4894386679597919,38.0,3123.21,3118.37,0.23073056246618062,-0.005074906906676113,-0.0015496876610923138,0.23264077065903033,-0.0035306907134174947
ETH/USDT,2025-12-15 02:22:00+00:00,2025-12-15 03:01:00+00:00,prob_floor,-0.3229381319512829,39.0,3123.21,3118.31,0.23073056246618062,-0.005074906906676113,-0.001568898665155416,0.23266448813620189,-0.0030914181078852687
ETH/USDT,2025-12-15 02:22:00+00:00,2025-12-15 03:04:00+00:00,trailing_prob_drop,-0.4501885413972974,42.0,3123.21,3120.3,0.23073056246618062,-0.005074906906676113,-0.0009317336970616763,0.23187834503092652,-0.0037272057173990403
ETH/USDT,2025-12-15 02:22:00+00:00,2025-12-15 03:05:00+00:00,trailing_prob_drop,-0.4519385470375021,43.0,3123.21,3120.0,0.23073056246618062,-0.005074906906676113,-0.0010277887173772982,0.23199679487179492,-0.003631410256410228
ETH/USDT,2025-12-15 02:22:00+00:00,2025-12-15 03:07:00+00:00,trailing_prob_drop,-0.4851886542494195,45.0,3123.21,3118.66,0.23073056246618062,-0.005074906906676113,-0.001456834474787172,0.23252614905119517,-0.0032032988527123107
ETH/USDT,2025-12-15 02:22:00+00:00,2025-12-15 03:09:00+00:00,trailing_prob_drop,-0.4146884270364001,47.0,3123.21,3121.48,0.23073056246618062,-0.005074906906676113,-0.0005539172838201489,0.23141266322385534,-0.0041038225457155075
ETH/USDT,2025-12-15 02:22:00+00:00,2025-12-15 03:10:00+00:00,trailing_prob_drop,-0.4626971210544943,48.0,3123.21,3122.16,0.23073056246618062,-0.005074906906676113,-0.000336192571104732,0.23114446408896416,-0.004740307991902948
ETH/USDT,2025-12-15 02:22:00+00:00,2025-12-15 03:12:00+00:00,trailing_prob_drop,-0.4444385228669908,50.0,3123.21,3119.38,0.23073056246618062,-0.005074906906676113,-0.001226302426029613,0.232241663407472,-0.0038533298283632833
ETH/USDT,2025-12-15 02:22:00+00:00,2025-12-15 03:13:00+00:00,trailing_prob_drop,-0.4634385841079529,51.0,3123.21,3119.68,0.23073056246618062,-0.005074906906676113,-0.001130247405714102,0.2321231664786132,-0.003949122986972919
ETH/USDT,2025-12-15 02:22:00+00:00,2025-12-15 03:14:00+00:00,trailing_prob_drop,-0.4396885075613942,52.0,3123.21,3119.77,0.23073056246618062,-0.005074906906676113,-0.0011014308996193378,0.23208762184391807,-0.003977857342047586
ETH/USDT,2025-12-15 02:22:00+00:00,2025-12-15 03:15:00+00:00,trailing_prob_drop,-0.3979383731135102,53.0,3123.21,3122.15,0.23073056246618062,-0.005074906906676113,-0.000339394405115212,0.23114840734750097,-0.004737120253671345
ETH/USDT,2025-12-15 02:22:00+00:00,2025-12-15 03:16:00+00:00,trailing_prob_drop,-0.3381881809501086,54.0,3123.21,3121.43,0.23073056246618062,-0.005074906906676113,-0.0005699264538728821,0.23143238836046298,-0.004507549424462409
ETH/USDT,2025-12-15 02:22:00+00:00,2025-12-15 03:19:00+00:00,trailing_prob_drop,-0.3889628638557087,57.0,3123.21,3122.72,0.23073056246618062,-0.005074906906676113,-0.00015688986651563042,0.23092368191832757,-0.004918788748270675
ETH/USDT,2025-12-15 02:22:00+00:00,2025-12-15 03:20:00+00:00,trailing_prob_drop,-0.3959383666765049,58.0,3123.21,3121.46,0.23073056246618062,-0.005074906906676113,-0.00056032095184122,0.23142055320266786,-0.0045171169901263575
ETH/USDT,2025-12-15 02:22:00+00:00,2025-12-15 03:21:00+00:00,trailing_prob_drop,-0.4066884012792934,59.0,3123.21,3121.81,0.23073056246618062,-0.005074906906676113,-0.000448256761472976,0.23128249316902694,-0.004628725002482459
ETH/USDT,2025-12-15 02:22:00+00:00,2025-12-15 03:23:00+00:00,time_limit,-0.4521871500000009,61.0,3123.21,3120.85,0.23073056246618062,-0.005074906906676113,-0.0007556328264830547,0.23166124613486705,-0.004322540333562941
ETH/USDT,,2025-12-15 03:24:00+00:00,dry_run,0.0,,,3120.68,,,,0.23172834125895636,-0.004319571375469455
ETH/USDT,2025-12-15 03:24:00+00:00,2025-12-15 03:25:00+00:00,take_profit,0.0538989237392603,1.0,3120.68,3123.06,0.23172834125895636,-0.004319571375469455,0.0007626542932950287,0.23078967422976193,-0.005625892554097622
ETH/USDT,2025-12-15 03:24:00+00:00,2025-12-15 03:32:00+00:00,prob_floor,-0.1841018399810771,8.0,3120.68,3113.54,0.23172834125895636,-0.004319571375469455,-0.002287962879885086,0.24889996595515074,-0.002903447522755398
ETH/USDT,2025-12-15 03:24:00+00:00,2025-12-15 03:33:00+00:00,prob_floor,-0.1353516831666649,9.0,3120.68,3115.48,0.23172834125895636,-0.004319571375469455,-0.0016663034979554903,0.24812227971291745,-0.003524336538831885
ETH/USDT,2025-12-15 03:24:00+00:00,2025-12-15 03:34:00+00:00,prob_floor,-0.1663517828618336,10.0,3120.68,3115.48,0.23172834125895636,-0.004319571375469455,-0.0016663034979554903,0.24812227971291745,-0.003524336538831885
ETH/USDT,2025-12-15 03:24:00+00:00,2025-12-15 03:35:00+00:00,prob_floor,-0.1966018802215468,11.0,3120.68,3113.04,0.23172834125895636,-0.004319571375469455,-0.002448184370073103,0.24910055765425443,-0.0027432991545242036
ETH/USDT,2025-12-15 03:24:00+00:00,2025-12-15 03:36:00+00:00,prob_floor,-0.2128519325534887,12.0,3120.68,3112.51,0.23172834125895636,-0.004319571375469455,-0.0026180191496724126,0.24931325521845715,-0.0025734857076764595
ETH/USDT,2025-12-15 03:24:00+00:00,2025-12-15 03:37:00+00:00,prob_floor,-0.2508520550150805,13.0,3120.68,3110.98,0.23172834125895636,-0.004319571375469455,-0.0031082969096478674,0.2499276755234685,-0.0020829449241075437
ETH/USDT,2025-12-15 03:24:00+00:00,2025-12-15 03:38:00+00:00,prob_floor,-0.2473520437307346,14.0,3120.68,3110.87,0.23172834125895636,-0.004319571375469455,-0.003143545637489198,0.24997187282014366,-0.002047658693548726
ETH/USDT,2025-12-15 03:24:00+00:00,2025-12-15 03:40:00+00:00,gate_close,-0.146101717729377,16.0,3120.68,3114.95,0.23172834125895636,-0.004319571375469455,-0.0018361382775549107,0.2483346442157981,-0.003354789001428493
ETH/USDT,2025-12-15 03:24:00+00:00,2025-12-15 03:41:00+00:00,prob_floor,-0.171101798144697,17.0,3120.68,3114.68,0.23172834125895636,-0.004319571375469455,-0.0019226578822564289,0.24844285769324626,-0.0032683935428358124
ETH/USDT,2025-12-15 03:24:00+00:00,2025-12-15 03:42:00+00:00,prob_floor,-0.1803518279114768,18.0,3120.68,3113.9,0.23172834125895636,-0.004319571375469455,-0.0021726034069496913,0.2487555798195189,-0.0030187225023282638
ETH/USDT,2025-12-15 03:24:00+00:00,2025-12-15 03:43:00+00:00,prob_floor,-0.1781018206702589,19.0,3120.68,3113.77,0.23172834125895636,-0.004319571375469455,-0.002214260994398587,0.24880771540608326,-0.0029770985011737805
ETH/USDT,2025-12-15 03:24:00+00:00,2025-12-15 03:44:00+00:00,prob_floor,-0.1341016791483591,20.0,3120.68,3115.9,0.23172834125895636,-0.004319571375469455,-0.0015317174461975114,0.2479540421708013,-0.0036586540004492907
ETH/USDT,2025-12-15 03:24:00+00:00,2025-12-15 03:55:00+00:00,prob_floor,-0.2628520937120292,31.0,3120.68,3111.1,0.23172834125895636,-0.004319571375469455,-0.003069843752002699,0.2498794638552282,-0.002121436147986211
ETH/USDT,2025-12-15 03:24:00+00:00,2025-12-15 03:56:00+00:00,prob_floor,-0.2353520050491958,32.0,3120.68,3111.13,0.23172834125895636,-0.004319571375469455,-0.0030602304625914067,0.24986741151928715,-0.002131058490002058
ETH/USDT,2025-12-15 03:24:00+00:00,2025-12-15 03:57:00+00:00,prob_floor,-0.2293519857129243,33.0,3120.68,3111.13,0.23172834125895636,-0.004319571375469455,-0.0030602304625914067,0.24986741151928715,-0.002131058490002058
ETH/USDT,2025-12-15 03:24:00+00:00,2025-12-15 03:58:00+00:00,prob_floor,-0.2281019816849018,34.0,3120.68,3112.07,0.23172834125895636,-0.004319571375469455,-0.0027590140610378455,0.2494898893662416,-0.002432464565385817
ETH/USDT,2025-12-15 03:24:00+00:00,2025-12-15 04:00:00+00:00,prob_floor,-0.2708521195166462,36.0,3120.68,3111.0,0.23172834125895636,-0.004319571375469455,-0.0031018880500403023,0.2499196399871424,-0.0020893603342976297
ETH/USDT,2025-12-15 03:24:00+00:00,2025-12-15 04:01:00+00:00,prob_floor,-0.2226019639631654,37.0,3120.68,3109.64,0.23172834125895636,-0.004319571375469455,-0.0035376905033518424,0.2504662919180356,-0.001652924454277671
ETH/USDT,2025-12-15 03:24:00+00:00,2025-12-15 04:04:00+00:00,prob_floor,-0.1466017193371769,40.0,3120.68,3115.04,0.23172834125895636,-0.004319571375469455,-0.0018072984093210342,0.24829857722533255,-0.003383584159432962
ETH/USDT,2025-12-15 03:24:00+00:00,2025-12-15 04:24:00+00:00,time_limit,-0.3273513000000064,60.0,3120.68,3108.03,0.23172834125895636,-0.004319571375469455,-0.004053603701757225,0.2586751093136166,-0.0011357676727702382
ETH/USDT,,2025-12-15 04:33:00+00:00,dry_run,0.0,,,3115.42,,,,0.2556894415520219,-0.0004557972921789277
ETH/USDT,2025-12-15 04:33:00+00:00,2025-12-15 04:38:00+00:00,take_profit,0.0346742000000054,5.0,3115.42,3117.03,0.2556894415520219,-0.0004557972921789277,0.0005167842538085221,0.25504085619965156,-0.0009399973692907349
ETH/USDT,,2025-12-15 04:40:00+00:00,dry_run,0.0,,,3120.49,,,,0.2536492666215884,-0.002047755320478517
ETH/USDT,2025-12-15 04:40:00+00:00,2025-12-15 04:46:00+00:00,take_profit,0.0093975,6.0,3120.49,3120.95,0.2536492666215884,-0.002047755320478517,0.00014741274607521504,0.25346448997901283,-0.002194844518495942
ETH/USDT,,2025-12-15 04:48:00+00:00,dry_run,0.0,,,3119.93,,,,0.2538742856410241,-0.0009487392345340906
ETH/USDT,2025-12-15 04:48:00+00:00,2025-12-15 04:49:00+00:00,take_profit,0.0179004585290343,1.0,3119.93,3121.11,0.2538742856410241,-0.0009487392345340906,0.0003782136137671088,0.25340023260955236,-0.001326451166412057
ETH/USDT,2025-12-15 04:48:00+00:00,2025-12-15 04:51:00+00:00,take_profit,0.1079003500000013,3.0,3119.93,3123.99,0.2538742856410241,-0.0009487392345340906,0.0013013112473676536,0.2522447254952802,-0.0022471262712108198
ETH/USDT,,2025-12-15 04:52:00+00:00,dry_run,0.0,,,3123.39,,,,0.25248528041647056,-0.0020554589724626204
ETH/USDT,2025-12-15 04:52:00+00:00,2025-12-15 05:05:00+00:00,trailing_prob_drop,-0.1251299995842657,13.0,3123.39,3121.56,0.25248528041647056,-0.0020554589724626204,-0.0005859018566365393,0.25321954407411673,-0.0018163994925614046
ETH/USDT,2025-12-15 04:52:00+00:00,2025-12-15 05:06:00+00:00,prob_floor,-0.0966299081896203,14.0,3123.39,3122.7,0.25248528041647056,-0.0020554589724626204,-0.00022091381479738548,0.25276203285618215,-0.002180805072533376
ETH/USDT,2025-12-15 04:52:00+00:00,2025-12-15 05:07:00+00:00,trailing_prob_drop,-0.0916298921623333,15.0,3123.39,3122.91,0.25248528041647056,-0.0020554589724626204,-0.00015367917551123433,0.2526777909065583,-0.002247903397792461
ETH/USDT,2025-12-15 04:52:00+00:00,2025-12-15 05:08:00+00:00,prob_floor,-0.0981299129982,16.0,3123.39,3122.64,0.25248528041647056,-0.0020554589724626204,-0.00024012371173631752,0.2527861040657906,-0.0021616324648374707
ETH/USDT,2025-12-15 04:52:00+00:00,2025-12-15 05:09:00+00:00,prob_floor,-0.1218799891586828,17.0,3123.39,3121.69,0.25248528041647056,-0.0020554589724626204,-0.0005442804132688162,0.25316735486227016,-0.0018579679596629761
ETH/USDT,2025-12-15 04:52:00+00:00,2025-12-15 05:10:00+00:00,prob_floor,-0.1211299867529234,18.0,3123.39,3121.72,0.25248528041647056,-0.0020554589724626204,-0.0005346754647994612,0.2531553118152814,-0.0018675601911766204
ETH/USDT,2025-12-15 04:52:00+00:00,2025-12-15 05:11:00+00:00,prob_floor,-0.1241299963763068,19.0,3123.39,3121.69,0.25248528041647056,-0.0020554589724626204,-0.0005442804132688162,0.0004965259202547312,-0.00189000189000188
ETH/USDT,2025-12-15 04:52:00+00:00,2025-12-15 05:13:00+00:00,prob_floor,-0.1201299835452706,21.0,3123.39,3121.76,0.25248528041647056,-0.0020554589724626204,-0.0005218688668401361,0.0004740915381065136,-0.0019123827584440756
ETH/USDT,2025-12-15 04:52:00+00:00,2025-12-15 05:14:00+00:00,prob_floor,-0.1133799618959118,22.0,3123.39,3121.99,0.25248528041647056,-0.0020554589724626204,-0.00044823092857437796,0.00040038565145938954,-0.001985912831238945
ETH/USDT,2025-12-15 04:52:00+00:00,2025-12-15 05:15:00+00:00,trailing_prob_drop,-0.1133799618959118,23.0,3123.39,3122.04,0.25248528041647056,-0.0020554589724626204,-0.00043222268112530493,0.00038436406964681424,-0.0020018961960769355
ETH/USDT,2025-12-15 04:52:00+00:00,2025-12-15 05:17:00+00:00,trailing_prob_drop,-0.0848798705287769,25.0,3123.39,3122.43,0.25248528041647056,-0.0020554589724626204,-0.00030735835102246867,0.00025941334153212203,-0.002126548873793821
ETH/USDT,2025-12-15 04:52:00+00:00,2025-12-15 05:22:00+00:00,trailing_prob_drop,-0.1643801255616664,30.0,3123.39,3120.08,0.25248528041647056,-0.0020554589724626204,-0.0010597459811294563,0.000932668393118119,-0.001374964744493723
ETH/USDT,2025-12-15 04:52:00+00:00,2025-12-15 05:23:00+00:00,prob_floor,-0.1321300220422688,31.0,3123.39,3120.62,0.25248528041647056,-0.0020554589724626204,-0.0008868569086794009,0.0007594644653947658,-0.0015477693535258519
ETH/USDT,2025-12-15 04:52:00+00:00,2025-12-15 05:27:00+00:00,trailing_prob_drop,-0.0946299017784455,35.0,3123.39,3122.79,0.25248528041647056,-0.0020554589724626204,-0.0001920989693889874,4.8033969623384465e-05,-0.0022415852490881294
ETH/USDT,2025-12-15 04:52:00+00:00,2025-12-15 05:30:00+00:00,trailing_prob_drop,-0.1436300589463382,38.0,3123.39,3120.83,0.25248528041647056,-0.0020554589724626204,-0.0008196222693931388,0.00037169599113062723,-0.0016149549959465492
ETH/USDT,2025-12-15 04:52:00+00:00,2025-12-15 05:32:00+00:00,prob_floor,-0.1753801608901604,40.0,3123.39,3119.56,0.25248528041647056,-0.0020554589724626204,-0.0012262317545999046,0.0007757504263421477,-0.001208503763351243
ETH/USDT,2025-12-15 04:52:00+00:00,2025-12-15 05:33:00+00:00,prob_floor,-0.1561300990717973,41.0,3123.39,3120.33,0.25248528041647056,-0.0020554589724626204,-0.00097970474388398,0.0010127133989032977,-0.001454974313614299
ETH/USDT,2025-12-15 04:52:00+00:00,2025-12-15 05:34:00+00:00,prob_floor,-0.1836301873931088,42.0,3123.39,3119.23,0.25248528041647056,-0.0020554589724626204,-0.0013318861877639199,0.0018530214187475469,-0.0011028362769016642
ETH/USDT,2025-12-15 04:52:00+00:00,2025-12-15 05:35:00+00:00,prob_floor,-0.152130086230255,43.0,3123.39,3120.01,0.25248528041647056,-0.0020554589724626204,-0.0010821575275581363,0.0018461479290130534,-0.0013525597674367562
ETH/USDT,2025-12-15 04:52:00+00:00,2025-12-15 05:36:00+00:00,trailing_prob_drop,-0.2141302854223307,44.0,3123.39,3118.01,0.25248528041647056,-0.0020554589724626204,-0.0017224874255215017,0.00248876687374322,-0.0007119925850141984
ETH/USDT,2025-12-15 04:52:00+00:00,2025-12-15 05:37:00+00:00,trailing_prob_drop,-0.216880294264805,45.0,3123.39,3116.97,0.25248528041647056,-0.0020554589724626204,-0.0020554589724626204,0.003538693025598727,-0.0003785727806170369
ETH/USDT,2025-12-15 04:52:00+00:00,2025-12-15 05:38:00+00:00,prob_floor,-0.216880294264805,46.0,3123.39,3117.67,0.25248528041647056,-0.0020554589724626204,-0.001831343508175376,0.0033454470806724146,-0.0006030144306485852
ETH/USDT,2025-12-15 04:52:00+00:00,2025-12-15 05:40:00+00:00,prob_floor,-0.216880294264805,48.0,3123.39,3117.67,0.25248528041647056,-0.0020554589724626204,-0.001831343508175376,0.0033454470806724146,-0.0006030144306485852
ETH/USDT,2025-12-15 04:52:00+00:00,2025-12-15 05:41:00+00:00,prob_floor,-0.2028802492550857,49.0,3123.39,3117.67,0.25248528041647056,-0.0020554589724626204,-0.001831343508175376,0.0033454470806724146,-0.0006030144306485852
ETH/USDT,2025-12-15 04:52:00+00:00,2025-12-15 05:42:00+00:00,prob_floor,-0.2031302500586717,50.0,3123.39,3117.91,0.25248528041647056,-0.0020554589724626204,-0.0017545039204197588,0.003383676886119291,-0.0006799426538931508
ETH/USDT,2025-12-15 04:52:00+00:00,2025-12-15 05:44:00+00:00,prob_floor,-0.2288803328574365,52.0,3123.39,3117.9,0.25248528041647056,-0.0020554589724626204,-0.0017577055699095068,0.003547259373296141,-0.0006767375477084725
ETH/USDT,2025-12-15 04:52:00+00:00,2025-12-15 05:45:00+00:00,prob_floor,-0.2388803650270216,53.0,3123.39,3117.02,0.25248528041647056,-0.0020554589724626204,-0.0020394507250135474,0.26050843433792537,-0.00039460767014654063
ETH/USDT,2025-12-15 04:52:00+00:00,2025-12-15 05:46:00+00:00,prob_floor,-0.22088030712768,54.0,3123.39,3117.72,0.25248528041647056,-0.0020554589724626204,-0.001815335260726303,0.2602254211410904,-0.0006190421205238827
ETH/USDT,2025-12-15 04:52:00+00:00,2025-12-15 05:48:00+00:00,prob_floor,-0.1953802251493799,56.0,3123.39,3118.75,0.25248528041647056,-0.0020554589724626204,-0.0014855653632751542,0.2598092184368739,-0.0009490981963927725
ETH/USDT,2025-12-15 04:52:00+00:00,2025-12-15 05:50:00+00:00,prob_floor,-0.1923802155084006,58.0,3123.39,3117.8,0.25248528041647056,-0.0020554589724626204,-0.0017897220648076528,0.2601930848675349,-0.0006446853550581277
ETH/USDT,2025-12-15 04:52:00+00:00,2025-12-15 05:51:00+00:00,trailing_prob_drop,-0.1983802347910898,59.0,3123.39,3117.8,0.25248528041647056,-0.0020554589724626204,-0.0017897220648076528,0.2601930848675349,-0.0006446853550581277
ETH/USDT,2025-12-15 04:52:00+00:00,2025-12-15 05:52:00+00:00,time_limit,-0.2318796499999909,60.0,3123.39,3117.29,0.25248528041647056,-0.0020554589724626204,-0.0019530061887884642,0.2603992570469864,-0.00048118718502287994
ETH/USDT,,2025-12-15 05:53:00+00:00,dry_run,0.0,,,3115.89,,,,0.26096556682039496,-3.209355914357559e-05
ETH/USDT,2025-12-15 05:53:00+00:00,2025-12-15 05:54:00+00:00,take_profit,0.0561702312525235,1.0,3115.89,3118.88,0.26096556682039496,-3.209355914357559e-05,0.0009595974183942424,0.2597567075360385,-0.0009907402657364228
ETH/USDT,2025-12-15 05:53:00+00:00,2025-12-15 05:56:00+00:00,take_profit,0.1071699999999963,3.0,3115.89,3120.91,0.26096556682039496,-3.209355914357559e-05,0.001611096669009493,0.25893729713448965,-0.001640547148107463
ETH/USDT,,2025-12-15 05:57:00+00:00,dry_run,0.0,,,3120.91,,,,0.25893729713448965,-0.001640547148107463
ETH/USDT,2025-12-15 05:57:00+00:00,2025-12-15 06:08:00+00:00,gate_close,-0.1051052858920971,11.0,3120.91,3117.12,0.25893729713448965,-0.001640547148107463,-0.0012143893928373561,0.2604679960989633,-0.0004266759059644576
ETH/USDT,2025-12-15 05:57:00+00:00,2025-12-15 06:11:00+00:00,prob_floor,-0.1436054095933999,14.0,3120.91,3115.79,0.25893729713448965,-0.001640547148107463,-0.001640547148107463,0.2610060369922236,0.0
ETH/USDT,2025-12-15 05:57:00+00:00,2025-12-15 06:12:00+00:00,prob_floor,-0.0788552016203317,15.0,3120.91,3118.48,0.25893729713448965,-0.001640547148107463,-0.0007786190566212436,0.2599182935276161,-0.0007471588722710587
ETH/USDT,2025-12-15 05:57:00+00:00,2025-12-15 06:15:00+00:00,prob_floor,-0.0988552658222462,18.0,3120.91,3117.28,0.25893729713448965,-0.001640547148107463,-0.0011631222944589181,0.26040330031309344,-7.057434686652542e-05
ETH/USDT,2025-12-15 05:57:00+00:00,2025-12-15 06:33:00+00:00,take_profit,0.0466449999999945,36.0,3120.91,3123.49,0.25893729713448965,-0.001640547148107463,0.0008266819613509391,0.25789741603142646,-0.0007395573541134626
ETH/USDT,,2025-12-15 06:34:00+00:00,dry_run,0.0,,,3125.01,,,,0.2572855766861546,-0.0012255960780926944
ETH/USDT,2025-12-15 06:34:00+00:00,2025-12-15 06:37:00+00:00,take_profit,0.0401211500000004,3.0,3125.01,3128.0,0.2572855766861546,-0.0012255960780926944,0.0009567969382497932,0.256083759590793,-0.0013586956521739468
ETH/USDT,,2025-12-15 06:38:00+00:00,dry_run,0.0,,,3128.1,,,,0.25604360474409393,-0.0010038042262076052
ETH/USDT,2025-12-15 06:38:00+00:00,2025-12-15 06:47:00+00:00,take_profit,0.1631094500000023,9.0,3128.1,3135.87,0.25604360474409393,-0.0010038042262076052,0.002483935935551962,0.24831386505180397,-0.004091368583519106
ETH/USDT,,2025-12-15 06:49:00+00:00,dry_run,0.0,,,3138.89,,,,0.2471128328804133,-0.0050495557346704745
ETH/USDT,2025-12-15 06:49:00+00:00,2025-12-15 06:50:00+00:00,take_profit,0.0748058391782854,1.0,3138.89,3142.52,0.2471128328804133,-0.0050495557346704745,0.0011564597676247956,0.24567226302457912,-0.006198846785382406
ETH/USDT,2025-12-15 06:49:00+00:00,2025-12-15 06:52:00+00:00,take_profit,0.0565555500000081,3.0,3138.89,3141.69,0.2471128328804133,-0.0050495557346704745,0.0008920350824654921,0.2460013559580989,-0.005936295433349614
ETH/USDT,,2025-12-15 06:53:00+00:00,dry_run,0.0,,,3140.79,,,,0.24635840027509004,-0.0056514443818275195
ETH/USDT,2025-12-15 06:53:00+00:00,2025-12-15 07:05:00+00:00,prob_floor,-0.2607047812961543,12.0,3140.79,3131.01,0.24635840027509004,-0.0056514443818275195,-0.0031138662565787234,0.001152982583894513,-0.0025455044857730647
ETH/USDT,2025-12-15 06:53:00+00:00,2025-12-15 07:06:00+00:00,prob_floor,-0.3162059160639344,13.0,3140.79,3130.48,0.24635840027509004,-0.0056514443818275195,-0.0032826136099516345,0.0013224808974980906,-0.0023766323375329357
ETH/USDT,2025-12-15 06:53:00+00:00,2025-12-15 07:07:00+00:00,prob_floor,-0.2822048501975105,14.0,3140.79,3129.05,0.24635840027509004,-0.0056514443818275195,-0.0037379130728255605,0.0017800929994726822,-0.0019207107588565808
ETH/USDT,2025-12-15 06:53:00+00:00,2025-12-15 07:09:00+00:00,prob_floor,-0.3077049319668174,16.0,3140.79,3129.14,0.24635840027509004,-0.0056514443818275195,-0.0037092578618755923,0.0017512799043826188,-0.0030775228976650526
ETH/USDT,2025-12-15 06:53:00+00:00,2025-12-15 07:10:00+00:00,prob_floor,-0.4052052451063661,17.0,3140.79,3125.24,0.24635840027509004,-0.0056514443818275195,-0.004950983669713693,0.00300136949482277,-0.0018334591903340636
ETH/USDT,2025-12-15 06:53:00+00:00,2025-12-15 07:12:00+00:00,prob_floor,-0.3314550081724847,19.0,3140.79,3128.19,0.24635840027509004,-0.0056514443818275195,-0.00401172953301554,0.002055501743819965,-0.0027747675173183106
ETH/USDT,2025-12-15 06:53:00+00:00,2025-12-15 07:13:00+00:00,prob_floor,-0.353205078001428,20.0,3140.79,3128.03,0.24635840027509004,-0.0056514443818275195,-0.004062672130260125,0.002106757288133254,-0.0027237590432316328
ETH/USDT,2025-12-15 06:53:00+00:00,2025-12-15 07:14:00+00:00,prob_floor,-0.3237049833002924,21.0,3140.79,3128.49,0.24635840027509004,-0.0056514443818275195,-0.003916212163181942,0.001959411728981175,-0.002870394343596927
ETH/USDT,2025-12-15 06:53:00+00:00,2025-12-15 07:15:00+00:00,prob_floor,-0.4645888592905449,22.0,3140.79,3126.93,0.24635840027509004,-0.0056514443818275195,-0.004412902486317205,0.0024592811479631216,-0.002372934475667665
ETH/USDT,2025-12-15 06:53:00+00:00,2025-12-15 07:16:00+00:00,prob_floor,-0.2857048614175902,23.0,3140.79,3130.01,0.24635840027509004,-0.0056514443818275195,-0.003432257489357715,0.0014728387449240987,-0.0033546218702176223
ETH/USDT,2025-12-15 06:53:00+00:00,2025-12-15 07:17:00+00:00,trailing_prob_drop,-0.2857048614175902,24.0,3140.79,3130.01,0.24635840027509004,-0.0056514443818275195,-0.003432257489357715,0.0014728387449240987,-0.0033546218702176223
ETH/USDT,2025-12-15 06:53:00+00:00,2025-12-15 07:18:00+00:00,trailing_prob_drop,-0.3544550820157481,25.0,3140.79,3130.01,0.24635840027509004,-0.0056514443818275195,-0.003432257489357715,0.0014728387449240987,-0.0033546218702176223
ETH/USDT,2025-12-15 06:53:00+00:00,2025-12-15 07:19:00+00:00,trailing_prob_drop,-0.3422050426807827,26.0,3140.79,3127.34,0.24635840027509004,-0.0056514443818275195,-0.004282362080877733,0.002327856900752545,-0.002503725210562302
ETH/USDT,2025-12-15 06:53:00+00:00,2025-12-15 07:20:00+00:00,trailing_prob_drop,-0.3207049736736498,27.0,3140.79,3127.76,0.24635840027509004,-0.0056514443818275195,-0.004148637763110474,0.002193262910197502,-0.0026376704094943637
ETH/USDT,2025-12-15 06:53:00+00:00,2025-12-15 07:21:00+00:00,trailing_prob_drop,-0.3062049271553838,28.0,3140.79,3128.61,0.24635840027509004,-0.0056514443818275195,-0.0038780052152483924,0.0019209808828839492,-0.0029086399391422546
ETH/USDT,2025-12-15 06:53:00+00:00,2025-12-15 07:23:00+00:00,trailing_prob_drop,-0.2984549022992555,30.0,3140.79,3129.5,0.24635840027509004,-0.0056514443818275195,-0.003594637018075053,0.001636044096501088,-0.0031922032273525858
ETH/USDT,2025-12-15 06:53:00+00:00,2025-12-15 07:25:00+00:00,trailing_prob_drop,-0.2949548910755186,32.0,3140.79,3129.73,0.24635840027509004,-0.0056514443818275195,-0.0035214070345358506,0.0027318650490617546,-0.0032654574036737882
ETH/USDT,2025-12-15 06:53:00+00:00,2025-12-15 07:26:00+00:00,trailing_prob_drop,-0.3194549696627932,33.0,3140.79,3128.24,0.24635840027509004,-0.0056514443818275195,-0.003995809971376718,0.0035802879574458046,-0.002790706595401704
ETH/USDT,2025-12-15 06:53:00+00:00,2025-12-15 07:28:00+00:00,trailing_prob_drop,-0.3457050539180767,35.0,3140.79,3127.82,0.24635840027509004,-0.0056514443818275195,-0.004129534289143755,0.005009879085113411,-0.0026568025014227503
ETH/USDT,2025-12-15 06:53:00+00:00,2025-12-15 07:29:00+00:00,trailing_prob_drop,-0.3482050619453395,36.0,3140.79,3127.82,0.24635840027509004,-0.0056514443818275195,-0.004129534289143755,0.005009879085113411,-0.0026568025014227503
ETH/USDT,2025-12-15 06:53:00+00:00,2025-12-15 07:30:00+00:00,trailing_prob_drop,-0.3272049945322824,37.0,3140.79,3128.3,0.24635840027509004,-0.0056514443818275195,-0.0039767064974097766,0.004855672409934897,-0.0028098328165456765
ETH/USDT,2025-12-15 06:53:00+00:00,2025-12-15 07:31:00+00:00,trailing_prob_drop,-0.3832051743809763,38.0,3140.79,3126.12,0.24635840027509004,-0.0056514443818275195,-0.004670799384868141,0.005556408583163863,-0.0021144421839212058
ETH/USDT,2025-12-15 06:53:00+00:00,2025-12-15 07:33:00+00:00,trailing_prob_drop,-0.3379550290368183,40.0,3140.79,3127.92,0.24635840027509004,-0.0056514443818275195,-0.004097695165865889,0.004977748791529013,-0.0026886876902222356
ETH/USDT,2025-12-15 06:53:00+00:00,2025-12-15 07:34:00+00:00,trailing_prob_drop,-0.329705002555748,41.0,3140.79,3127.95,0.24635840027509004,-0.0056514443818275195,-0.00408814342888264,0.004968110104061729,-0.0026982528493101343
ETH/USDT,2025-12-15 06:53:00+00:00,2025-12-15 07:35:00+00:00,trailing_prob_drop,-0.2972048982906456,42.0,3140.79,3129.56,0.24635840027509004,-0.0056514443818275195,-0.0035755335441083336,0.004451104947660323,-0.0032113140505373172
ETH/USDT,2025-12-15 06:53:00+00:00,2025-12-15 07:36:00+00:00,trailing_prob_drop,-0.2932048854640096,43.0,3140.79,3129.72,0.24635840027509004,-0.0056514443818275195,-0.003524590946863748,0.00439975461063602,-0.0032622726633690924
ETH/USDT,2025-12-15 06:53:00+00:00,2025-12-15 07:37:00+00:00,trailing_prob_drop,-0.3539550804099978,44.0,3140.79,3128.36,0.24635840027509004,-0.0056514443818275195,-0.003957603023443057,0.004836399902824473,-0.0028289583040315147
ETH/USDT,2025-12-15 06:53:00+00:00,2025-12-15 07:39:00+00:00,trailing_prob_drop,-0.4492109092390435,46.0,3140.79,3123.55,0.24635840027509004,-0.0056514443818275195,-0.0054890648531101816,0.006383762065598209,-0.0012934001376638804
ETH/USDT,2025-12-15 06:53:00+00:00,2025-12-15 07:40:00+00:00,prob_floor,-0.406205248322102,47.0,3140.79,3125.0,0.24635840027509004,-0.0056514443818275195,-0.005027397565580571,0.005916799999999833,-0.0017567999999998918
ETH/USDT,2025-12-15 06:53:00+00:00,2025-12-15 07:42:00+00:00,prob_floor,-0.4182052869173646,49.0,3140.79,3125.2,0.24635840027509004,-0.0056514443818275195,-0.00496371931902484,0.005852425444771603,-0.001820683476257412
ETH/USDT,2025-12-15 06:53:00+00:00,2025-12-15 07:44:00+00:00,prob_floor,-0.4132052708345804,51.0,3140.79,3125.38,0.24635840027509004,-0.0056514443818275195,-0.00490640889712457,0.005794495389360499,-0.0018781716143316807
ETH/USDT,2025-12-15 06:53:00+00:00,2025-12-15 07:46:00+00:00,trailing_prob_drop,-0.3792051615261078,53.0,3140.79,3126.28,0.24635840027509004,-0.0056514443818275195,-0.004619856787623444,0.005850403674654947,-0.0021655130058727545
ETH/USDT,2025-12-15 06:53:00+00:00,2025-12-15 07:47:00+00:00,trailing_prob_drop,-0.4122052676182682,54.0,3140.79,3124.96,0.24635840027509004,-0.0056514443818275195,-0.005040133214891718,0.0062752803235881505,-0.0017440223234856944
ETH/USDT,2025-12-15 06:53:00+00:00,2025-12-15 07:48:00+00:00,prob_floor,-0.4427053657528549,55.0,3140.79,3124.7,0.24635840027509004,-0.0056514443818275195,-0.005122914935414391,0.006359010465004644,-0.0016609594521073134
ETH/USDT,2025-12-15 06:53:00+00:00,2025-12-15 07:50:00+00:00,prob_floor,-0.4192052901341708,57.0,3140.79,3125.1,0.24635840027509004,-0.0056514443818275195,-0.0049955584423027055,0.006230200633579708,-0.0017887427602315542
ETH/USDT,2025-12-15 06:53:00+00:00,2025-12-15 07:51:00+00:00,prob_floor,-0.4219552989808295,58.0,3140.79,3124.57,0.24635840027509004,-0.0056514443818275195,-0.005164305795675506,0.006400880761192829,-0.0016194228325817628
ETH/USDT,2025-12-15 06:53:00+00:00,2025-12-15 07:53:00+00:00,time_limit,-0.3997040000000032,60.0,3140.79,3125.45,0.24635840027509004,-0.0056514443818275195,-0.004884121510830175,0.0061175190772528865,-0.0019005263242092285
ETH/USDT,,2025-12-15 07:55:00+00:00,dry_run,0.0,,,3127.16,,,,0.00556735184640389,-0.0024463091111422974
ETH/USDT,2025-12-15 07:55:00+00:00,2025-12-15 07:56:00+00:00,take_profit,0.0523644184578027,1.0,3127.16,3130.48,0.00556735184640389,-0.0024463091111422974,0.00106166617633896,0.004500907209118221,-0.003504254938539675
ETH/USDT,2025-12-15 07:55:00+00:00,2025-12-15 07:58:00+00:00,take_profit,0.0343642,3.0,3127.16,3129.17,0.00556735184640389,-0.0024463091111422974,0.0006427557272414841,0.004921432840018225,-0.0030870805996477957
ETH/USDT,,2025-12-15 07:59:00+00:00,dry_run,0.0,,,3128.91,,,,0.0050049378217975615,-0.0030042410935436914
ETH/USDT,2025-12-15 07:59:00+00:00,2025-12-15 08:05:00+00:00,take_profit,0.0478554499999991,6.0,3128.91,3130.8,0.0050049378217975615,-0.0030042410935436914,0.0006040442198722573,0.005327711766960563,-0.0036061070652868565
ETH/USDT,,2025-12-15 08:07:00+00:00,dry_run,0.0,,,3132.52,,,,0.004775707736901946,-0.004153205725741516
ETH/USDT,2025-12-15 08:07:00+00:00,2025-12-15 08:11:00+00:00,trailing_prob_drop,-0.0501590590107486,4.0,3132.52,3131.12,0.004775707736901946,-0.004153205725741516,-0.00044692452083305856,0.005224967423797189,-0.0012359794578297167
ETH/USDT,2025-12-15 08:07:00+00:00,2025-12-15 08:13:00+00:00,trailing_prob_drop,-0.1224092901240795,6.0,3132.52,3127.25,0.004775707736901946,-0.004153205725741516,-0.0016823515891358776,0.006468942361499641,0.0
ETH/USDT,2025-12-15 08:07:00+00:00,2025-12-15 08:14:00+00:00,trailing_prob_drop,-0.1051592349059866,7.0,3132.52,3128.63,0.004775707736901946,-0.004153205725741516,-0.0012418117043146992,0.006025001358421989,0.0
ETH/USDT,2025-12-15 08:07:00+00:00,2025-12-15 08:15:00+00:00,trailing_prob_drop,-0.071909128539749,8.0,3132.52,3129.75,0.004775707736901946,-0.004153205725741516,-0.0008842720876482968,0.005664989216391136,-0.00019490374630570795
ETH/USDT,2025-12-15 08:07:00+00:00,2025-12-15 08:19:00+00:00,take_profit,0.0363410499999981,12.0,3132.52,3133.88,0.004775707736901946,-0.004153205725741516,0.00043415524880940914,0.004339668398279484,-0.000622231865929912
ETH/USDT,,2025-12-15 08:20:00+00:00,dry_run,0.0,,,3133.6,,,,0.00442941026295629,-0.0005329333673730341
ETH/USDT,2025-12-15 08:20:00+00:00,2025-12-15 08:24:00+00:00,take_profit,0.0478301999999991,4.0,3133.6,3135.33,0.00442941026295629,-0.0005329333673730341,0.0005520806739851558,0.0038751901713696135,-0.00022645144211297374
ETH/USDT,,2025-12-15 08:25:00+00:00,dry_run,0.0,,,3138.28,,,,0.0033425953069834424,-0.0005671896707751811
ETH/USDT,2025-12-15 08:25:00+00:00,2025-12-15 08:26:00+00:00,take_profit,0.0130586427708699,1.0,3138.28,3139.44,0.0033425953069834424,-0.0005671896707751811,0.0003696292236510246,0.0030960935708279624,-0.00023889610886018708
ETH/USDT,2025-12-15 08:25:00+00:00,2025-12-15 08:27:00+00:00,take_profit,0.0408087310979812,2.0,3138.28,3140.48,0.0033425953069834424,-0.0005671896707751811,0.0007010209414073376,0.002868988180150689,-0.00056679233747714
ETH/USDT,2025-12-15 08:25:00+00:00,2025-12-15 08:28:00+00:00,take_profit,0.0260585500000018,3.0,3138.28,3143.49,0.0033425953069834424,-0.0005671896707751811,0.0016601450476054769,0.0019087065649963098,-0.00152378407438869
ETH/USDT,,2025-12-15 08:30:00+00:00,dry_run,0.0,,,3138.9,,,,0.003373793367102973,-6.371658861392682e-05
ETH/USDT,2025-12-15 08:30:00+00:00,2025-12-15 08:32:00+00:00,take_profit,0.0238056269704166,2.0,3138.9,3140.49,0.003373793367102973,-6.371658861392682e-05,0.000506546879480041,0.24647746052367636,-0.0005699747491633156
ETH/USDT,2025-12-15 08:30:00+00:00,2025-12-15 08:35:00+00:00,take_profit,0.0180554999999977,5.0,3138.9,3140.25,0.003373793367102973,-6.371658861392682e-05,0.0004300869731435064,0.24657272510150463,-0.0004935912745801518
ETH/USDT,,2025-12-15 08:36:00+00:00,dry_run,0.0,,,3140.25,,,,0.24657272510150463,-0.0004935912745801518
ETH/USDT,2025-12-15 08:36:00+00:00,2025-12-15 08:40:00+00:00,take_profit,0.0105552999999931,4.0,3140.25,3139.56,0.24657272510150463,-0.0004935912745801518,-0.00021972772868406043,0.24684669189313158,-1.9110958223378383e-05
ETH/USDT,,2025-12-15 08:41:00+00:00,dry_run,0.0,,,3139.56,,,,0.24684669189313158,-1.9110958223378383e-05
ETH/USDT,2025-12-15 08:41:00+00:00,2025-12-15 08:43:00+00:00,take_profit,0.0130478427071085,2.0,3139.56,3141.49,0.24684669189313158,-1.9110958223378383e-05,0.0006147358228540956,0.24608068146007156,-0.0006334573721386016
ETH/USDT,2025-12-15 08:41:00+00:00,2025-12-15 08:50:00+00:00,take_profit,0.0275477500000004,9.0,3139.56,3141.6,0.24684669189313158,-1.9110958223378383e-05,0.0006497725795970855,0.24603705118411012,-0.0006525337407689014
ETH/USDT,,2025-12-15 08:51:00+00:00,dry_run,0.0,,,3140.39,,,,0.24651715232821414,-0.00026748270119303363
ETH/USDT,2025-12-15 08:51:00+00:00,2025-12-15 09:03:00+00:00,take_profit,0.049295450000009,12.0,3140.39,3143.51,0.24651715232821414,-0.00026748270119303363,0.000993507175860442,0.24527995775423017,-0.000795289342168437
ETH/USDT,,2025-12-15 09:05:00+00:00,dry_run,0.0,,,3144.1,,,,0.2450462771540347,-0.000982793168156082
ETH/USDT,2025-12-15 09:05:00+00:00,2025-12-15 09:06:00+00:00,take_profit,0.0312796005878003,1.0,3144.1,3146.0,0.2450462771540347,-0.000982793168156082,0.0006043064788014973,0.24429434202161482,-0.0015861411315956087
ETH/USDT,2025-12-15 09:05:00+00:00,2025-12-15 09:07:00+00:00,take_profit,0.065279708549618,2.0,3144.1,3147.36,0.2450462771540347,-0.000982793168156082,0.0010368626952068638,0.24375667225865483,-0.0020175639265924694
ETH/USDT,2025-12-15 09:05:00+00:00,2025-12-15 09:08:00+00:00,take_profit,0.0307794499999918,3.0,3144.1,3145.83,0.2450462771540347,-0.000982793168156082,0.0005502369517509376,0.24436158342949255,-0.0015321870539729554
ETH/USDT,,2025-12-15 09:09:00+00:00,dry_run,0.0,,,3145.27,,,,0.24458313594699344,-0.0013544147243320648
ETH/USDT,2025-12-15 09:09:00+00:00,2025-12-15 09:20:00+00:00,trailing_prob_drop,-0.0439812886292305,11.0,3145.27,3144.96,0.24458313594699344,-0.0013544147243320648,-9.85606959020835e-05,0.244705815018315,-0.0005787037037037202
ETH/USDT,2025-12-15 09:09:00+00:00,2025-12-15 09:21:00+00:00,trailing_prob_drop,-0.0389812727269682,12.0,3145.27,3145.33,0.24458313594699344,-0.0013544147243320648,1.9076263722883624e-05,0.24455939440376695,-0.0006962703436523832
ETH/USDT,2025-12-15 09:09:00+00:00,2025-12-15 09:22:00+00:00,trailing_prob_drop,-0.0917314405975924,13.0,3145.27,3143.22,0.24458313594699344,-0.0013544147243320648,-0.0006517723438688172,0.24539484986733373,-2.5451606950777084e-05
ETH/USDT,2025-12-15 09:09:00+00:00,2025-12-15 09:23:00+00:00,trailing_prob_drop,-0.0367312655716372,14.0,3145.27,3145.42,0.24458313594699344,-0.0013544147243320648,4.7690659307431105e-05,0.24452378378722073,-0.0007248634522576403
ETH/USDT,2025-12-15 09:09:00+00:00,2025-12-15 09:24:00+00:00,trailing_prob_drop,-0.0052311654396969,15.0,3145.27,3146.67,0.24458313594699344,-0.0013544147243320648,0.00044511282020298637,0.24402940251122618,-0.0011218208455288092
ETH/USDT,2025-12-15 09:09:00+00:00,2025-12-15 09:25:00+00:00,take_profit,0.0472688000000109,16.0,3145.27,3148.76,0.24458313594699344,-0.0013544147243320648,0.0011096026732204667,0.24320367382715724,-0.001784829583709291
ETH/USDT,,2025-12-15 09:26:00+00:00,dry_run,0.0,,,3149.16,,,,0.24304576458484184,-0.0019116208766781773
ETH/USDT,2025-12-15 09:26:00+00:00,2025-12-15 09:29:00+00:00,trailing_prob_drop,-0.0597459386058137,3.0,3149.16,3147.41,0.24304576458484184,-0.0019116208766781773,-0.0005557037432204481,0.24373691384344598,-0.001356671040633417
ETH/USDT,2025-12-15 09:26:00+00:00,2025-12-15 09:33:00+00:00,gate_close,-0.1124961064090622,7.0,3149.16,3144.5,0.24304576458484184,-0.0019116208766781773,-0.0014797596819469128,0.244887899507076,-0.0004325011925584432
ETH/USDT,2025-12-15 09:26:00+00:00,2025-12-15 09:43:00+00:00,trailing_prob_drop,-0.0724959791442585,17.0,3149.16,3146.91,0.24304576458484184,-0.0019116208766781773,-0.0007144762412834016,0.24393452624955914,-0.001198000578345071
ETH/USDT,2025-12-15 09:26:00+00:00,2025-12-15 09:45:00+00:00,prob_floor,-0.1064960873111046,19.0,3149.16,3145.54,0.24304576458484184,-0.0019116208766781773,-0.0011495128859758674,0.24447630613503568,-0.0007629850518512393
ETH/USDT,2025-12-15 09:26:00+00:00,2025-12-15 09:46:00+00:00,trailing_prob_drop,-0.1199961302856452,20.0,3149.16,3145.01,0.24304576458484184,-0.0019116208766781773,-0.001317811733922536,0.24468602643552795,-0.0005945927039978649
ETH/USDT,2025-12-15 09:26:00+00:00,2025-12-15 09:47:00+00:00,prob_floor,-0.1199961302856452,21.0,3149.16,3145.0,0.24304576458484184,-0.0019116208766781773,-0.0013209871838839593,0.24468998410174891,-0.0005914149443562167
ETH/USDT,2025-12-15 09:26:00+00:00,2025-12-15 09:49:00+00:00,trailing_prob_drop,-0.1199961302856452,23.0,3149.16,3145.0,0.24304576458484184,-0.0019116208766781773,-0.0013209871838839593,0.24468998410174891,-0.0005914149443562167
ETH/USDT,2025-12-15 09:26:00+00:00,2025-12-15 09:50:00+00:00,trailing_prob_drop,-0.0462458956970541,24.0,3149.16,3147.95,0.24304576458484184,-0.0019116208766781773,-0.0003842294453124673,0.24352356295366828,-0.0015279785257071854
ETH/USDT,2025-12-15 09:26:00+00:00,2025-12-15 09:51:00+00:00,take_profit,0.1505042000000022,25.0,3149.16,3155.82,0.24304576458484184,-0.0019116208766781773,0.0021148496741989486,0.24042245755461344,-0.004017973141687503
ETH/USDT,,2025-12-15 09:53:00+00:00,dry_run,0.0,,,3156.52,,,,0.24014737749166803,-0.0042388453106586566
ETH/USDT,2025-12-15 09:53:00+00:00,2025-12-15 09:54:00+00:00,take_profit,0.010217383528772,1.0,3156.52,3157.33,0.24014737749166803,-0.0042388453106586566,0.0002566117116318267,0.23982922279267616,-0.0018908381448882183
ETH/USDT,2025-12-15 09:53:00+00:00,2025-12-15 10:06:00+00:00,trailing_prob_drop,-0.0572828303529988,13.0,3156.52,3154.89,0.24014737749166803,-0.0042388453106586566,-0.0005163914690862192,0.2407881098865572,-0.0011188979647467345
ETH/USDT,2025-12-15 09:53:00+00:00,2025-12-15 10:07:00+00:00,trailing_prob_drop,-0.1347830763728343,14.0,3156.52,3151.8,0.24014737749166803,-0.0042388453106586566,-0.001495317628274151,0.2420045688178183,-0.0001396027666730193
ETH/USDT,2025-12-15 09:53:00+00:00,2025-12-15 10:09:00+00:00,trailing_prob_drop,-0.0875329263225487,16.0,3156.52,3153.69,0.24014737749166803,-0.0042388453106586566,-0.0008965569677999996,0.2412602380069062,-7.927221762438208e-05
ETH/USDT,2025-12-15 09:53:00+00:00,2025-12-15 10:10:00+00:00,trailing_prob_drop,-0.0522828144973343,17.0,3156.52,3155.09,0.24014737749166803,-0.0042388453106586566,-0.000453030552633904,0.2407094567825323,-0.00045006640064149117
ETH/USDT,2025-12-15 09:53:00+00:00,2025-12-15 10:11:00+00:00,trailing_prob_drop,-0.022532720197784,18.0,3156.52,3156.29,0.24014737749166803,-0.0042388453106586566,-7.286505392012366e-05,0.2402377474820121,-0.0008300884899675731
ETH/USDT,2025-12-15 09:53:00+00:00,2025-12-15 10:13:00+00:00,take_profit,0.0139673000000013,20.0,3156.52,3157.74,0.24014737749166803,-0.0042388453106586566,0.000386501590359023,0.2396682437439437,-0.0012888964892612265
ETH/USDT,,2025-12-15 10:15:00+00:00,dry_run,0.0,,,3158.08,,,,0.23953478062620337,-0.0013964180768061274
ETH/USDT,2025-12-15 10:15:00+00:00,2025-12-15 10:19:00+00:00,trailing_prob_drop,-0.0517905628564609,4.0,3158.08,3156.66,0.23953478062620337,-0.0013964180768061274,-0.0004496402877698369,0.24009237611906276,-0.0009472036899760283
ETH/USDT,2025-12-15 10:15:00+00:00,2025-12-15 10:21:00+00:00,trailing_prob_drop,-0.1265407999885013,6.0,3158.08,3153.68,0.23953478062620337,-0.0013964180768061274,-0.0013932515959064196,0.24126417391745525,-3.170898759452534e-06
ETH/USDT,2025-12-15 10:15:00+00:00,2025-12-15 10:27:00+00:00,take_profit,0.2624595499999914,12.0,3158.08,3169.22,0.23953478062620337,-0.0013964180768061274,0.0035274597223629023,0.23517774089523624,-0.004628899224414673
ETH/USDT,,2025-12-15 10:28:00+00:00,dry_run,0.0,,,3172.92,,,,0.23373737755758106,-0.005789619656341727
ETH/USDT,2025-12-15 10:28:00+00:00,2025-12-15 10:38:00+00:00,gate_close,-0.3463656947902967,10.0,3172.92,3160.83,0.23373737755758106,-0.005789619656341727,-0.003810370258310991,0.0012180345035954776,-0.0019868199175532286
ETH/USDT,2025-12-15 10:28:00+00:00,2025-12-15 10:44:00+00:00,trailing_prob_drop,-0.3998658649316678,16.0,3172.92,3157.95,0.23373737755758106,-0.005789619656341727,-0.004718051510911203,0.015548061242261602,-0.0033851074272865933
ETH/USDT,2025-12-15 10:28:00+00:00,2025-12-15 10:45:00+00:00,trailing_prob_drop,-0.4078658903931729,17.0,3172.92,3157.58,0.23373737755758106,-0.005789619656341727,-0.004834663338502132,0.015667061483794598,-0.003312663495461776
ETH/USDT,2025-12-15 10:28:00+00:00,2025-12-15 10:46:00+00:00,prob_floor,-0.431365965216258,18.0,3172.92,3156.74,0.23373737755758106,-0.005789619656341727,-0.005099403703843874,0.01593732774951384,-0.0030474476833695086
ETH/USDT,2025-12-15 10:28:00+00:00,2025-12-15 10:47:00+00:00,prob_floor,-0.4758661070247079,19.0,3172.92,3154.55,0.23373737755758106,-0.005789619656341727,-0.005789619656341727,0.01664262731609889,-0.0023553280182594394
ETH/USDT,2025-12-15 10:28:00+00:00,2025-12-15 10:48:00+00:00,prob_floor,-0.4263659492927367,20.0,3172.92,3156.27,0.23373737755758106,-0.005789619656341727,-0.005247532241594577,0.016088610923653546,-0.002898991531142814
ETH/USDT,2025-12-15 10:28:00+00:00,2025-12-15 10:49:00+00:00,prob_floor,-0.4241159421277882,21.0,3172.92,3156.36,0.23373737755758106,-0.005789619656341727,-0.005219167202450747,0.016059638317555747,-0.0029274227274456166
ETH/USDT,2025-12-15 10:28:00+00:00,2025-12-15 10:50:00+00:00,prob_floor,-0.4231159389435054,22.0,3172.92,3156.85,0.23373737755758106,-0.005789619656341727,-0.005064735322668157,0.015901927554365924,-0.003082186356653027
ETH/USDT,2025-12-15 10:28:00+00:00,2025-12-15 10:51:00+00:00,prob_floor,-0.4478660177782705,23.0,3172.92,3155.67,0.23373737755758106,-0.005789619656341727,-0.005436632502552885,0.016281803864155675,-0.002709408778484468
ETH/USDT,2025-12-15 10:28:00+00:00,2025-12-15 10:53:00+00:00,trailing_prob_drop,-0.3838658140241022,25.0,3172.92,3157.86,0.23373737755758106,-0.005789619656341727,-0.0047464165500548106,0.01557700468038492,-0.0034010374114116226
ETH/USDT,2025-12-15 10:28:00+00:00,2025-12-15 10:54:00+00:00,trailing_prob_drop,-0.3756157877829273,26.0,3172.92,3158.85,0.23373737755758106,-0.005789619656341727,-0.004434401119473574,0.015258717571268177,-0.003713376703547211
ETH/USDT,2025-12-15 10:28:00+00:00,2025-12-15 10:55:00+00:00,trailing_prob_drop,-0.3718657758569631,27.0,3172.92,3158.71,0.23373737755758106,-0.005789619656341727,-0.004478524513697124,0.015303715757382097,-0.003669219396525869
ETH/USDT,2025-12-15 10:28:00+00:00,2025-12-15 10:56:00+00:00,trailing_prob_drop,-0.3933658442479624,28.0,3172.92,3158.71,0.23373737755758106,-0.005789619656341727,-0.004478524513697124,0.015303715757382097,-0.003669219396525869
ETH/USDT,2025-12-15 10:28:00+00:00,2025-12-15 10:58:00+00:00,trailing_prob_drop,-0.379365799710047,30.0,3172.92,3158.16,0.23373737755758106,-0.005789619656341727,-0.004651866419575712,0.015480532968564109,-0.0034957063606656513
ETH/USDT,2025-12-15 10:28:00+00:00,2025-12-15 10:59:00+00:00,trailing_prob_drop,-0.358865734522318,31.0,3172.92,3158.99,0.23373737755758106,-0.005789619656341727,-0.004390277725250025,0.015213723373610044,-0.003757530096644812
ETH/USDT,2025-12-15 10:28:00+00:00,2025-12-15 11:13:00+00:00,trailing_prob_drop,-0.3618657440598719,45.0,3172.92,3158.87,0.23373737755758106,-0.005789619656341727,-0.004428097777441686,0.015252289584566814,-0.0037196845707484494
ETH/USDT,2025-12-15 10:28:00+00:00,2025-12-15 11:15:00+00:00,trailing_prob_drop,-0.4061158848230423,47.0,3172.92,3156.61,0.23373737755758106,-0.005789619656341727,-0.005140375427051369,0.01597916752465456,-0.0030063897662366834
ETH/USDT,2025-12-15 10:28:00+00:00,2025-12-15 11:16:00+00:00,prob_floor,-0.4118659031258896,48.0,3172.92,3157.1,0.23373737755758106,-0.005789619656341727,-0.0049859435472687785,0.015821481739571208,-0.003161128884102471
ETH/USDT,2025-12-15 10:28:00+00:00,2025-12-15 11:17:00+00:00,trailing_prob_drop,-0.4296159596428091,49.0,3172.92,3157.1,0.23373737755758106,-0.005789619656341727,-0.0049859435472687785,0.015821481739571208,-0.003161128884102471
ETH/USDT,2025-12-15 10:28:00+00:00,2025-12-15 11:18:00+00:00,prob_floor,-0.4196159277991625,50.0,3172.92,3157.1,0.23373737755758106,-0.005789619656341727,-0.0049859435472687785,0.015821481739571208,-0.003161128884102471
ETH/USDT,2025-12-15 10:28:00+00:00,2025-12-15 11:20:00+00:00,trailing_prob_drop,-0.393865845838894,52.0,3172.92,3156.79,0.23373737755758106,-0.005789619656341727,-0.005083645348763932,0.01592123644588339,-0.0030632382895282584
ETH/USDT,2025-12-15 10:28:00+00:00,2025-12-15 11:21:00+00:00,prob_floor,-0.4071158880059536,53.0,3172.92,3156.79,0.23373737755758106,-0.005789619656341727,-0.005083645348763932,0.01592123644588339,-0.0030632382895282584
ETH/USDT,2025-12-15 10:28:00+00:00,2025-12-15 11:22:00+00:00,prob_floor,-0.3911158370890367,54.0,3172.92,3158.16,0.23373737755758106,-0.005789619656341727,-0.004651866419575712,0.015480532968564109,-0.0034957063606656513
ETH/USDT,2025-12-15 10:28:00+00:00,2025-12-15 11:24:00+00:00,prob_floor,-0.389615832316635,56.0,3172.92,3157.01,0.23373737755758106,-0.005789619656341727,-0.005014308586412497,0.015850440765154294,-0.0031327110145360493
ETH/USDT,2025-12-15 10:28:00+00:00,2025-12-15 11:25:00+00:00,prob_floor,-0.3498657059139919,57.0,3172.92,3159.66,0.23373737755758106,-0.005789619656341727,-0.004179115767179775,0.014998449200230413,-0.003968781451168746
ETH/USDT,2025-12-15 10:28:00+00:00,2025-12-15 11:29:00+00:00,time_limit,-0.3438646499999973,61.0,3172.92,3159.71,0.23373737755758106,-0.005789619656341727,-0.004163357412099944,0.014982387624180804,-0.003984542885264841
ETH/USDT,,2025-12-15 11:30:00+00:00,dry_run,0.0,,,3159.0,,,,0.015210509654954185,-0.003760683760683836
ETH/USDT,2025-12-15 11:30:00+00:00,2025-12-15 11:41:00+00:00,prob_floor,-0.2455457282150495,11.0,3159.0,3149.83,0.015210509654954185,-0.003760683760683836,-0.0029028173472618324,0.018166059755605923,-0.0008603638926545365
ETH/USDT,2025-12-15 11:30:00+00:00,2025-12-15 11:42:00+00:00,prob_floor,-0.285295854844057,12.0,3159.0,3148.3,0.015210509654954185,-0.003760683760683836,-0.0033871478315922188,0.018660864593590176,-0.00037480545056067793
ETH/USDT,2025-12-15 11:30:00+00:00,2025-12-15 11:43:00+00:00,prob_floor,-0.2652957911153625,13.0,3159.0,3149.04,0.015210509654954185,-0.003760683760683836,-0.0031528964862298503,0.002750044457993539,-0.0006097096257907664
ETH/USDT,2025-12-15 11:30:00+00:00,2025-12-15 11:44:00+00:00,prob_floor,-0.3130459433212935,14.0,3159.0,3147.26,0.015210509654954185,-0.003760683760683836,-0.00371636593858804,0.003317171126630658,-4.448313771354684e-05
ETH/USDT,2025-12-15 11:30:00+00:00,2025-12-15 11:45:00+00:00,prob_floor,-0.2160456343214362,15.0,3159.0,3150.83,0.015210509654954185,-0.003760683760683836,-0.0025862614751503976,0.002180377868688632,-0.0011774675244300425
ETH/USDT,2025-12-15 11:30:00+00:00,2025-12-15 11:46:00+00:00,prob_floor,-0.2262956669375054,16.0,3159.0,3150.59,0.015210509654954185,-0.003760683760683836,-0.0026622348844570487,0.0022567201698728834,-0.0008188942388568377
ETH/USDT,2025-12-15 11:30:00+00:00,2025-12-15 11:47:00+00:00,prob_floor,-0.1587954523046591,17.0,3159.0,3151.76,0.015210509654954185,-0.003760683760683836,-0.0022918645140866944,0.0018846612686242992,-0.0011898114069599508
ETH/USDT,2025-12-15 11:30:00+00:00,2025-12-15 11:49:00+00:00,prob_floor,-0.1730454975854326,19.0,3159.0,3152.73,0.015210509654954185,-0.003760683760683836,-0.001984805318138605,0.0015764115544305568,-0.0014971151985738729
ETH/USDT,2025-12-15 11:30:00+00:00,2025-12-15 11:50:00+00:00,prob_floor,-0.122545337190497,20.0,3159.0,3155.04,0.015210509654954185,-0.003760683760683836,-0.0012535612535612417,0.0008430954916578415,-0.0022281809422384224
ETH/USDT,2025-12-15 11:30:00+00:00,2025-12-15 11:51:00+00:00,prob_floor,-0.1317953665543969,21.0,3159.0,3153.8,0.015210509654954185,-0.003760683760683836,-0.0016460905349793276,0.0012366034624895494,-0.0018358805250808796
ETH/USDT,2025-12-15 11:30:00+00:00,2025-12-15 12:05:00+00:00,prob_floor,-0.1172953205275611,35.0,3159.0,3154.79,0.015210509654954185,-0.003760683760683836,-0.001332700221589156,0.0012679132366972823,-0.004551808519743017
ETH/USDT,2025-12-15 11:30:00+00:00,2025-12-15 12:10:00+00:00,prob_floor,-0.2335456900125438,40.0,3159.0,3150.65,0.015210509654954185,-0.003760683760683836,-0.002643241532130358,0.0025835938615841325,-0.004075349531049155
ETH/USDT,2025-12-15 11:30:00+00:00,2025-12-15 12:11:00+00:00,prob_floor,-0.216545635912256,41.0,3159.0,3150.98,0.015210509654954185,-0.003760683760683836,-0.0025387780943336713,0.0024785939612437247,-0.004179652044760673
ETH/USDT,2025-12-15 11:30:00+00:00,2025-12-15 12:12:00+00:00,prob_floor,-0.2597957735956654,42.0,3159.0,3149.25,0.015210509654954185,-0.003760683760683836,-0.0030864197530864335,0.003029292688735419,-0.0036326109391124906
ETH/USDT,2025-12-15 11:30:00+00:00,2025-12-15 12:13:00+00:00,prob_floor,-0.2572957656329707,43.0,3159.0,3148.99,0.015210509654954185,-0.003760683760683836,-0.0031687242798354998,0.003112108961921267,-0.0035503447137017474
ETH/USDT,2025-12-15 11:30:00+00:00,2025-12-15 12:14:00+00:00,prob_floor,-0.2640457871334127,44.0,3159.0,3148.99,0.015210509654954185,-0.003760683760683836,-0.0031687242798354998,0.003112108961921267,-0.0035503447137017474
ETH/USDT,2025-12-15 11:30:00+00:00,2025-12-15 12:15:00+00:00,prob_floor,-0.2035455945572091,45.0,3159.0,3150.44,0.015210509654954185,-0.003760683760683836,-0.002709718265273775,0.002650423432917215,-0.004008963827275003
ETH/USDT,2025-12-15 11:30:00+00:00,2025-12-15 12:16:00+00:00,prob_floor,-0.1352953776668447,46.0,3159.0,3154.23,0.015210509654954185,-0.003760683760683836,-0.0015099715099714528,0.0014456777089812967,-0.005205707890673872
ETH/USDT,2025-12-15 11:30:00+00:00,2025-12-15 12:20:00+00:00,prob_floor,-0.1945455659347628,50.0,3159.0,3150.93,0.015210509654954185,-0.003760683760683836,-0.0025546058879393208,0.002494501623330203,-0.005052476570409303
ETH/USDT,2025-12-15 11:30:00+00:00,2025-12-15 12:30:00+00:00,time_limit,-0.2430450000000036,60.0,3159.0,3149.59,0.015210509654954185,-0.003760683760683836,-0.0029787907565684835,0.0029210151162530895,-0.014154223248105335
ETH/USDT,,2025-12-15 12:32:00+00:00,dry_run,0.0,,,3152.5,,,,0.001995241871530551,-0.015064234734337711
ETH/USDT,2025-12-15 12:32:00+00:00,2025-12-15 12:33:00+00:00,take_profit,0.0254908319951391,1.0,3152.5,3153.52,0.001995241871530551,-0.015064234734337711,0.0003235527359237711,0.0016711484309597235,-0.015382810319896412
ETH/USDT,2025-12-15 12:32:00+00:00,2025-12-15 12:38:00+00:00,prob_floor,-0.0490094043470352,6.0,3152.5,3150.81,0.001995241871530551,-0.015064234734337711,-0.0005360824742268733,0.00253268207222912,-0.01453594472532449
ETH/USDT,2025-12-15 12:32:00+00:00,2025-12-15 12:40:00+00:00,prob_floor,-0.0132592908787484,8.0,3152.5,3151.42,0.001995241871530551,-0.015064234734337711,-0.0003425852498016857,0.00233862830089282,-0.014726694632895554
ETH/USDT,2025-12-15 12:32:00+00:00,2025-12-15 12:42:00+00:00,take_profit,0.0319906999999963,10.0,3152.5,3150.67,0.001995241871530551,-0.015064234734337711,-0.0005804916732751186,0.0025772296051316257,-0.014492155636737558
ETH/USDT,,2025-12-15 12:45:00+00:00,dry_run,0.0,,,3150.97,,,,0.002481775453273105,-0.014585984633303295
ETH/USDT,2025-12-15 12:45:00+00:00,2025-12-15 12:49:00+00:00,take_profit,0.0199951500000072,4.0,3150.97,3152.4,0.002481775453273105,-0.014585984633303295,0.00045382850360375926,0.002027027027027062,-0.01503299073721609
ETH/USDT,,2025-12-15 12:50:00+00:00,dry_run,0.0,,,3151.51,,,,0.002310003775967573,-0.014754831810782743
ETH/USDT,2025-12-15 12:50:00+00:00,2025-12-15 12:51:00+00:00,take_profit,0.0742420864269267,1.0,3151.51,3153.0,0.002310003775967573,-0.014754831810782743,0.00047278923436699927,0.001836346336822059,-0.015220424992070991
ETH/USDT,2025-12-15 12:50:00+00:00,2025-12-15 12:52:00+00:00,take_profit,0.0724932281775202,2.0,3151.51,3155.25,0.002310003775967573,-0.014754831810782743,0.0011867327090822055,0.0011219396244355195,-0.01592266856825919
ETH/USDT,2025-12-15 12:50:00+00:00,2025-12-15 12:54:00+00:00,take_profit,0.1627418000000082,4.0,3151.51,3158.78,0.002310003775967573,-0.014754831810782743,0.002306830693857842,3.165779193237128e-06,-0.017022394722012946
ETH/USDT,,2025-12-15 12:55:00+00:00,dry_run,0.0,,,3157.43,,,,0.0004307300557733207,-0.016602109943846588
ETH/USDT,2025-12-15 12:55:00+00:00,2025-12-15 13:05:00+00:00,prob_floor,-0.4457894180473139,10.0,3157.43,3140.43,0.0004307300557733207,-0.016602109943846588,-0.005384125697165065,0.003464493715828798,-0.04471680629722674
ETH/USDT,2025-12-15 12:55:00+00:00,2025-12-15 13:07:00+00:00,prob_floor,-0.3960416693951011,12.0,3157.43,3142.44,0.0004307300557733207,-0.016602109943846588,-0.004747532011794342,0.0028226473695598386,-0.04532783442165966
ETH/USDT,2025-12-15 12:55:00+00:00,2025-12-15 13:08:00+00:00,prob_floor,-0.438789395637378,13.0,3157.43,3140.7,0.0004307300557733207,-0.016602109943846588,-0.0052986131125630775,0.003378227783615184,-0.04479893017480174
ETH/USDT,2025-12-15 12:55:00+00:00,2025-12-15 13:10:00+00:00,prob_floor,-0.4292893652302573,15.0,3157.43,3141.08,0.0004307300557733207,-0.016602109943846588,-0.005178262067567552,0.003256841595884241,-0.04491448801049314
ETH/USDT,2025-12-15 12:55:00+00:00,2025-12-15 13:11:00+00:00,prob_floor,-0.4455394172469069,16.0,3157.43,3140.43,0.0004307300557733207,-0.016602109943846588,-0.005384125697165065,0.003464493715828798,-0.04471680629722674
ETH/USDT,2025-12-15 12:55:00+00:00,2025-12-15 13:12:00+00:00,prob_floor,-0.3715391805451708,17.0,3157.43,3143.39,0.0004307300557733207,-0.016602109943846588,-0.004446654399305805,0.002519572817881288,-0.04561635686313181
ETH/USDT,2025-12-15 12:55:00+00:00,2025-12-15 13:13:00+00:00,prob_floor,-0.3782892021177286,18.0,3157.43,3143.12,0.0004307300557733207,-0.016602109943846588,-0.004532166983907793,0.0026056911603757893,-0.04553437348876277
ETH/USDT,2025-12-15 12:55:00+00:00,2025-12-15 13:14:00+00:00,prob_floor,-0.4015392764515688,19.0,3157.43,3141.8,0.0004307300557733207,-0.016602109943846588,-0.004950228508628696,0.0030269272391620916,-0.04513336304029547
ETH/USDT,2025-12-15 12:55:00+00:00,2025-12-15 13:15:00+00:00,prob_floor,-0.3880392332846199,20.0,3157.43,3142.73,0.0004307300557733207,-0.016602109943846588,-0.0046556851616662565,0.00024819185867075433,-0.04541592818982221
ETH/USDT,2025-12-15 12:55:00+00:00,2025-12-15 13:16:00+00:00,prob_floor,-0.4402894004391732,21.0,3157.43,3140.64,0.0004307300557733207,-0.016602109943846588,-0.00531761590914126,0.0009138264812269536,-0.04478068164450555
ETH/USDT,2025-12-15 12:55:00+00:00,2025-12-15 13:17:00+00:00,prob_floor,-0.5295396864766473,22.0,3157.43,3139.74,0.0004307300557733207,-0.016602109943846588,-0.0056026578578147745,0.0019046163058087373,-0.044506869995604714
ETH/USDT,2025-12-15 12:55:00+00:00,2025-12-15 13:19:00+00:00,prob_floor,-0.5812898526287127,24.0,3157.43,3135.01,0.0004307300557733207,-0.016602109943846588,-0.007100711654731695,0.004807002210519107,-0.04306525338037204
ETH/USDT,2025-12-15 12:55:00+00:00,2025-12-15 13:20:00+00:00,prob_floor,-0.5527897610975536,25.0,3157.43,3136.15,0.0004307300557733207,-0.016602109943846588,-0.006739658519745451,0.0044417518294723735,-0.04341310205187887
ETH/USDT,2025-12-15 12:55:00+00:00,2025-12-15 13:21:00+00:00,prob_floor,-0.5685398116723168,26.0,3157.43,3136.02,0.0004307300557733207,-0.016602109943846588,-0.0067808312456649755,0.004483389774299962,-0.043373447873419124
ETH/USDT,2025-12-15 12:55:00+00:00,2025-12-15 13:23:00+00:00,prob_floor,-0.5605397859810172,28.0,3157.43,3135.84,0.0004307300557733207,-0.016602109943846588,-0.006837839635399634,0.004541048012653537,-0.04331853666003371
ETH/USDT,2025-12-15 12:55:00+00:00,2025-12-15 13:25:00+00:00,prob_floor,-0.5720398229139372,30.0,3157.43,3135.03,0.0004307300557733207,-0.016602109943846588,-0.007094377389205708,0.004800592019853056,-0.10812336724050498
ETH/USDT,2025-12-15 12:55:00+00:00,2025-12-15 13:27:00+00:00,prob_floor,-0.5167896455743137,32.0,3157.43,3137.58,0.0004307300557733207,-0.016602109943846588,-0.0062867585346310095,0.003983962161920873,-0.10884822060314003
ETH/USDT,2025-12-15 12:55:00+00:00,2025-12-15 13:28:00+00:00,prob_floor,-0.4877895525910178,33.0,3157.43,3136.89,0.0004307300557733207,-0.016602109943846588,-0.006505290695280608,0.004204801570982797,-0.10865220010902521
ETH/USDT,2025-12-15 12:55:00+00:00,2025-12-15 13:29:00+00:00,prob_floor,-0.4970395822420156,34.0,3157.43,3138.37,0.0004307300557733207,-0.016602109943846588,-0.006036555046350922,0.0037312362787051967,-0.10907254402763211
ETH/USDT,2025-12-15 12:55:00+00:00,2025-12-15 13:30:00+00:00,prob_floor,-0.543539731404353,35.0,3157.43,3136.79,0.0004307300557733207,-0.016602109943846588,-0.006536962022910986,0.00423681534307363,-0.10862378418701923
ETH/USDT,2025-12-15 12:55:00+00:00,2025-12-15 13:31:00+00:00,prob_floor,-0.4822895349639892,36.0,3157.43,3138.96,0.0004307300557733207,-0.016602109943846588,-0.005849694213331702,0.0035425746106989564,-0.10924000305833781
ETH/USDT,2025-12-15 12:55:00+00:00,2025-12-15 13:32:00+00:00,trailing_prob_drop,-0.4847895429759583,37.0,3157.43,3139.43,0.0004307300557733207,-0.016602109943846588,-0.005700838973468958,0.0033923355513580944,-0.10937335758402
ETH/USDT,2025-12-15 12:55:00+00:00,2025-12-15 13:33:00+00:00,prob_floor,-0.4922895670149516,38.0,3157.43,3137.01,0.0004307300557733207,-0.016602109943846588,-0.006467285102124021,0.004166387738642863,-0.10868629682404596
ETH/USDT,2025-12-15 12:55:00+00:00,2025-12-15 13:36:00+00:00,trailing_prob_drop,-0.7197902983875003,41.0,3157.43,3129.47,0.0004307300557733207,-0.016602109943846588,-0.008855303205455134,0.0065857797007160546,-0.10653880689062356
ETH/USDT,2025-12-15 12:55:00+00:00,2025-12-15 13:37:00+00:00,prob_floor,-0.6692901356718106,42.0,3157.43,3131.48,0.0004307300557733207,-0.016602109943846588,-0.0082187095200843,0.005939683472351742,-0.10711229195140959
ETH/USDT,2025-12-15 12:55:00+00:00,2025-12-15 13:38:00+00:00,prob_floor,-0.6407900439348105,43.0,3157.43,3132.62,0.0004307300557733207,-0.016602109943846588,-0.007857656385097944,0.005573609311055883,-0.10743722507038833
ETH/USDT,2025-12-15 12:55:00+00:00,2025-12-15 13:39:00+00:00,trailing_prob_drop,-0.641790047152522,44.0,3157.43,3132.59,0.0004307300557733207,-0.016602109943846588,-0.00786715778338698,0.005583239428077036,-0.10742867722874683
ETH/USDT,2025-12-15 12:55:00+00:00,2025-12-15 13:40:00+00:00,trailing_prob_drop,-0.5905398823504915,45.0,3157.43,3134.64,0.0004307300557733207,-0.016602109943846588,-0.007217895566964283,0.004925605492177798,-0.1080124033381824
ETH/USDT,2025-12-15 12:55:00+00:00,2025-12-15 13:41:00+00:00,gate_close,-0.5367897097407778,46.0,3157.43,3137.49,0.0004307300557733207,-0.016602109943846588,-0.006315262729498339,0.0040127617936631665,-0.10882265760209586
ETH/USDT,2025-12-15 12:55:00+00:00,2025-12-15 13:42:00+00:00,trailing_prob_drop,-0.5025395998756385,47.0,3157.43,3136.22,0.0004307300557733207,-0.016602109943846588,-0.006717488590404219,0.004419332827416467,-0.10846177882929131
ETH/USDT,2025-12-15 12:55:00+00:00,2025-12-15 13:43:00+00:00,trailing_prob_drop,-0.5345397025204338,48.0,3157.43,3137.98,0.0004307300557733207,-0.016602109943846588,-0.006160073224109386,0.0038559837857474744,-0.10896181620023071
ETH/USDT,2025-12-15 12:55:00+00:00,2025-12-15 13:45:00+00:00,trailing_prob_drop,-0.4750395117321712,50.0,3157.43,3139.25,0.0004307300557733207,-0.016602109943846588,-0.0057578473632036165,0.003449868599187722,-0.10932229035597674
ETH/USDT,2025-12-15 12:55:00+00:00,2025-12-15 13:46:00+00:00,trailing_prob_drop,-0.5287896840702764,51.0,3157.43,3137.11,0.0004307300557733207,-0.016602109943846588,-0.006435613774493754,0.004134378456604804,-0.10871470876061096
ETH/USDT,2025-12-15 12:55:00+00:00,2025-12-15 13:47:00+00:00,trailing_prob_drop,-0.4470394220495278,52.0,3157.43,3138.1,0.0004307300557733207,-0.016602109943846588,-0.006122067630953021,0.0038175966349065504,-0.10899588923233805
ETH/USDT,2025-12-15 12:55:00+00:00,2025-12-15 13:48:00+00:00,gate_close,-0.4670394861020133,53.0,3157.43,3140.02,0.0004307300557733207,-0.016602109943846588,-0.005513978140449627,0.0032038012496735657,-0.10954070356239776
ETH/USDT,2025-12-15 12:55:00+00:00,2025-12-15 13:55:00+00:00,time_limit,-0.5880380500000083,60.0,3157.43,3134.69,0.0004307300557733207,-0.016602109943846588,-0.007202059903149038,0.004909576385543568,-0.23955478851178258
ETH/USDT,,2025-12-15 13:57:00+00:00,dry_run,0.0,,,3133.38,,,,0.005329707855414867,-0.23923686242970843
ETH/USDT,2025-12-15 13:57:00+00:00,2025-12-15 13:59:00+00:00,prob_floor,-0.0451685929758012,2.0,3133.38,3132.73,0.005329707855414867,-0.23923686242970843,-0.00020744371892333913,0.0055383004599820485,-0.23907901415059707
ETH/USDT,2025-12-15 13:57:00+00:00,2025-12-15 14:01:00+00:00,take_profit,0.0280815,4.0,3133.38,3136.31,0.005329707855414867,-0.23923686242970843,0.0009350924560698193,0.0043905098666905396,-0.23994758171226693
ETH/USDT,,2025-12-15 14:03:00+00:00,dry_run,0.0,,,3136.77,,,,0.004243218342435018,-0.2400590416256212
ETH/USDT,2025-12-15 14:03:00+00:00,2025-12-15 14:05:00+00:00,prob_floor,-0.0026838573680159,2.0,3136.77,3137.31,0.004243218342435018,-0.2400590416256212,0.00017215160818295772,0.004070366014196969,-0.24018984416586175
ETH/USDT,2025-12-15 14:03:00+00:00,2025-12-15 14:14:00+00:00,take_profit,0.0253160999999968,11.0,3136.77,3138.08,0.004243218342435018,-0.2400590416256212,0.00041762704948089535,0.003823994289501753,-0.24037628103808695
ETH/USDT,,2025-12-15 14:15:00+00:00,dry_run,0.0,,,3135.05,,,,0.004794181910974249,-0.23964211097111687
ETH/USDT,2025-12-15 14:15:00+00:00,2025-12-15 14:17:00+00:00,take_profit,0.2505755475788479,2.0,3135.05,3145.72,0.004794181910974249,-0.23964211097111687,0.003403454490358948,0.001386010197983234,-0.24222117670994225
ETH/USDT,2025-12-15 14:15:00+00:00,2025-12-15 14:19:00+00:00,take_profit,0.1128246999999968,4.0,3135.05,3140.34,0.004794181910974249,-0.23964211097111687,0.001687373407122772,0.0031015749886953436,-0.2409229573867797
ETH/USDT,,2025-12-15 14:20:00+00:00,dry_run,0.0,,,3142.28,,,,0.0024822740175922675,-0.24139160100309331
ETH/USDT,2025-12-15 14:20:00+00:00,2025-12-15 14:26:00+00:00,prob_floor,-0.3464635557523414,6.0,3142.28,3129.28,0.0024822740175922675,-0.24139160100309331,-0.004137123362653816,0.00664689641067584,-0.23824010635034254
ETH/USDT,2025-12-15 14:20:00+00:00,2025-12-15 14:27:00+00:00,prob_floor,-0.2924633825797602,7.0,3142.28,3129.59,0.0024822740175922675,-0.24139160100309331,-0.004038468882467505,0.0065471834968797715,-0.23831556210238403
ETH/USDT,2025-12-15 14:20:00+00:00,2025-12-15 14:28:00+00:00,prob_floor,-0.3117134442851703,8.0,3142.28,3131.26,0.0024822740175922675,-0.24139160100309331,-0.0035070076504958303,0.0060103600467542595,-0.2387217925052535
ETH/USDT,2025-12-15 14:20:00+00:00,2025-12-15 14:30:00+00:00,prob_floor,-0.3339635156448337,10.0,3142.28,3129.78,0.0024822740175922675,-0.24139160100309331,-0.003978003233320981,0.00648607889372399,-0.23836180178798505
ETH/USDT,2025-12-15 14:20:00+00:00,2025-12-15 14:31:00+00:00,prob_floor,-0.2649632944818095,11.0,3142.28,3132.54,0.0024822740175922675,-0.24139160100309331,-0.0030996601194037687,0.005599290033008408,-0.2390328615117444
ETH/USDT,2025-12-15 14:20:00+00:00,2025-12-15 14:32:00+00:00,prob_floor,-0.5604884117059462,12.0,3142.28,3130.48,0.0024822740175922675,-0.24139160100309331,-0.003755235052255057,0.006261020674145801,-0.23853211009174302
ETH/USDT,2025-12-15 14:20:00+00:00,2025-12-15 14:34:00+00:00,prob_floor,-0.633464480159108,14.0,3142.28,3117.32,0.0024822740175922675,-0.24139160100309331,-0.007943276856295478,0.010509026984717673,-0.23531751632812803
ETH/USDT,2025-12-15 14:20:00+00:00,2025-12-15 14:35:00+00:00,prob_floor,-0.4517138939665348,15.0,3142.28,3125.08,0.0024822740175922675,-0.24139160100309331,-0.005473732449049806,0.007999795205242854,-0.23721632726202202
ETH/USDT,2025-12-15 14:20:00+00:00,2025-12-15 14:36:00+00:00,prob_floor,-0.22046315205426,16.0,3142.28,3134.32,0.0024822740175922675,-0.24139160100309331,-0.0025331924589788724,0.005028203884734017,-0.23946501952576638
ETH/USDT,2025-12-15 14:20:00+00:00,2025-12-15 14:37:00+00:00,prob_floor,-0.2644882747092955,17.0,3142.28,3145.13,0.0024822740175922675,-0.24139160100309331,0.0009069847371971917,0.001573861811753341,-0.24207902376054402
ETH/USDT,2025-12-15 14:20:00+00:00,2025-12-15 14:39:00+00:00,prob_floor,-0.5187184868115318,19.0,3142.28,3127.47,0.0024822740175922675,-0.24139160100309331,-0.004713138230838854,0.007229485814412406,-0.2377992434779549
ETH/USDT,2025-12-15 14:20:00+00:00,2025-12-15 14:40:00+00:00,prob_floor,-0.9023643556631696,20.0,3142.28,3000.0,0.0024822740175922675,-0.24139160100309331,-0.04527922400295337,0.050026666666666664,-0.20541333333333323
ETH/USDT,2025-12-15 14:20:00+00:00,2025-12-15 14:42:00+00:00,prob_floor,-0.4662139406328172,22.0,3142.28,3129.97,0.0024822740175922675,-0.24139160100309331,-0.0039175375841746796,0.006424981709090005,-0.23840803585976855
ETH/USDT,2025-12-15 14:20:00+00:00,2025-12-15 14:43:00+00:00,prob_floor,-0.3739636440340101,23.0,3142.28,3128.18,0.0024822740175922675,-0.24139160100309331,-0.004487187647186253,0.007000875908675264,-0.23797223944913648
ETH/USDT,2025-12-15 14:20:00+00:00,2025-12-15 14:44:00+00:00,prob_floor,-0.5064640702627452,24.0,3142.28,3126.56,0.0024822740175922675,-0.24139160100309331,-0.005002736866224655,0.0075226446957679105,-0.2375774013612404
ETH/USDT,2025-12-15 14:20:00+00:00,2025-12-15 14:45:00+00:00,prob_floor,-0.5677265744871062,25.0,3142.28,3120.58,0.0024822740175922675,-0.24139160100309331,-0.006905813613045431,0.009453370847727127,-0.23611636298380423
ETH/USDT,2025-12-15 14:20:00+00:00,2025-12-15 14:47:00+00:00,prob_floor,-1.317234296663201,27.0,3142.28,3089.57,0.0024822740175922675,-0.24139160100309331,-0.016774444034268088,0.01958524972730835,-0.22844926640276797
ETH/USDT,2025-12-15 14:20:00+00:00,2025-12-15 14:48:00+00:00,prob_floor,-0.8284651121340696,28.0,3142.28,3110.0,0.0024822740175922675,-0.24139160100309331,-0.010272795549728264,0.012887459807073842,-0.23351768488745972
ETH/USDT,2025-12-15 14:20:00+00:00,2025-12-15 14:50:00+00:00,prob_floor,-1.2724665629866114,30.0,3142.28,3092.24,0.0024822740175922675,-0.24139160100309331,-0.015924742543630854,0.018704887072154897,-0.2291154632240705
ETH/USDT,2025-12-15 14:20:00+00:00,2025-12-15 14:51:00+00:00,prob_floor,-1.4859672665876054,31.0,3142.28,3083.71,0.0024822740175922675,-0.24139160100309331,-0.018639331950049076,0.02152277613653686,-0.21788041028501381
ETH/USDT,2025-12-15 14:20:00+00:00,2025-12-15 14:53:00+00:00,prob_floor,-1.7635186772350342,33.0,3142.28,3073.09,0.0024822740175922675,-0.24139160100309331,-0.022019043497078616,0.025052959724576773,-0.2151775574421837
ETH/USDT,2025-12-15 14:20:00+00:00,2025-12-15 14:54:00+00:00,prob_floor,-1.9213177821017924,34.0,3142.28,3066.45,0.0024822740175922675,-0.24139160100309331,-0.02413215881461883,0.027272579040910516,-0.21347812617195783
ETH/USDT,2025-12-15 14:20:00+00:00,2025-12-15 14:56:00+00:00,prob_floor,-2.3090555625239704,36.0,3142.28,3051.7,0.0024822740175922675,-0.24139160100309331,-0.028826202629937625,0.03223776911229814,-0.2096765737130124
ETH/USDT,2025-12-15 14:20:00+00:00,2025-12-15 14:58:00+00:00,prob_floor,-2.220719718066906,38.0,3142.28,3053.31,0.0024822740175922675,-0.24139160100309331,-0.028313835813485788,0.03169347364008246,-0.21009330857331876
ETH/USDT,2025-12-15 14:20:00+00:00,2025-12-15 15:00:00+00:00,prob_floor,-2.744471494548949,40.0,3142.28,3033.37,0.0024822740175922675,-0.24139160100309331,-0.034659546571279565,0.038475359089066075,-0.20490081988019926
ETH/USDT,2025-12-15 14:20:00+00:00,2025-12-15 15:03:00+00:00,prob_floor,-3.0269724629723456,43.0,3142.28,3022.07,0.0024822740175922675,-0.24139160100309331,-0.038255661494201676,0.04235838349210974,-0.20192781768787627
ETH/USDT,2025-12-15 14:20:00+00:00,2025-12-15 15:04:00+00:00,prob_floor,-2.924722111619357,44.0,3142.28,3026.16,0.0024822740175922675,-0.24139160100309331,-0.03695405883625913,0.0409495862743543,-0.20300645041901288
ETH/USDT,2025-12-15 14:20:00+00:00,2025-12-15 15:05:00+00:00,prob_floor,-2.4009703266912443,45.0,3142.28,3047.11,0.0024822740175922675,-0.24139160100309331,-0.030286925417213006,0.03379267568286015,-0.208486073689496
ETH/USDT,2025-12-15 14:20:00+00:00,2025-12-15 15:06:00+00:00,prob_floor,-2.417970384241358,46.0,3142.28,3046.43,0.0024822740175922675,-0.24139160100309331,-0.0305033287931058,0.034023430704135604,-0.2083093982136468
ETH/USDT,2025-12-15 14:20:00+00:00,2025-12-15 15:08:00+00:00,prob_floor,-2.3812202598637837,48.0,3142.28,3047.89,0.0024822740175922675,-0.24139160100309331,-0.03003869801545389,0.0028249050982811497,-0.20868863377615332
ETH/USDT,2025-12-15 14:20:00+00:00,2025-12-15 15:09:00+00:00,prob_floor,-2.4160097267263563,49.0,3142.28,3046.61,0.0024822740175922675,-0.24139160100309331,-0.03044604554654584,0.0022287066608459583,-0.20835617292663
ETH/USDT,2025-12-15 14:20:00+00:00,2025-12-15 15:10:00+00:00,prob_floor,-2.6250225558383495,50.0,3142.28,3038.2,0.0024822740175922675,-0.24139160100309331,-0.033122446121924276,0.005002962280297618,-0.20616483444144562
ETH/USDT,2025-12-15 14:20:00+00:00,2025-12-15 15:12:00+00:00,prob_floor,-2.6384711330349155,52.0,3142.28,3038.9,0.0024822740175922675,-0.24139160100309331,-0.03289967794085824,0.004771463358452133,-0.20634769159893385
ETH/USDT,2025-12-15 14:20:00+00:00,2025-12-15 15:13:00+00:00,prob_floor,-2.9357720513977403,53.0,3142.28,3050.43,0.0024822740175922675,-0.24139160100309331,-0.02923036775844301,0.0009736332254797198,-0.20934753460987465
ETH/USDT,2025-12-15 14:20:00+00:00,2025-12-15 15:15:00+00:00,prob_floor,-2.2814625000000026,55.0,3142.28,3025.34,0.0024822740175922675,-0.24139160100309331,-0.03721501584836495,0.009274990579571263,-0.20279043016652676
ETH/USDT,2025-12-15 14:20:00+00:00,2025-12-15 15:16:00+00:00,prob_floor,-3.086972669588358,56.0,3142.28,3019.66,0.0024822740175922675,-0.24139160100309331,-0.03902262051758609,0.011173443367796354,-0.20129087380698485
ETH/USDT,2025-12-15 14:20:00+00:00,2025-12-15 15:17:00+00:00,prob_floor,-3.08972267906611,57.0,3142.28,3019.56,0.0024822740175922675,-0.24139160100309331,-0.03905444454345264,0.01120693081111157,-0.20126442263111177
ETH/USDT,2025-12-15 14:20:00+00:00,2025-12-15 15:19:00+00:00,prob_floor,-3.254723248998917,59.0,3142.28,3012.95,0.0024822740175922675,-0.24139160100309331,-0.04115801265323282,0.01342538044109598,-0.199512106075441
ETH/USDT,2025-12-15 14:20:00+00:00,2025-12-15 15:20:00+00:00,time_limit,-3.2544625000000047,60.0,3142.28,3006.6,0.0024822740175922675,-0.24139160100309331,-0.04317883829575986,0.015565755338255993,-0.1978214594558637
ETH/USDT,2025-12-15 14:20:00+00:00,2025-12-15 15:22:00+00:00,time_limit,-3.554212499999999,62.0,3142.28,3000.96,0.0024822740175922675,-0.24139160100309331,-0.04497371335463429,0.017474408189379398,-0.19631384623587123
ETH/USDT,,2025-12-15 16:15:00+00:00,dry_run,0.0,,,3005.79,,,,0.003885833674341699,-0.13448045272623832
ETH/USDT,2025-12-15 16:15:00+00:00,2025-12-15 16:16:00+00:00,take_profit,0.1021502845476666,1.0,3005.79,3010.33,0.003885833674341699,-0.13448045272623832,0.0015104182261569399,0.0023718329884099276,-0.13578577763899635
ETH/USDT,2025-12-15 16:15:00+00:00,2025-12-15 16:17:00+00:00,take_profit,0.0194700100185352,2.0,3005.79,3007.59,0.003885833674341699,-0.13448045272623832,0.0005988442306348318,0.0032850222270985885,-0.1349984539116036
ETH/USDT,2025-12-15 16:15:00+00:00,2025-12-15 16:19:00+00:00,take_profit,0.0751098920000061,4.0,3005.79,3009.28,0.003885833674341699,-0.13448045272623832,0.001161092424953214,0.0027215812420244845,-0.13548423543173116
ETH/USDT,,2025-12-15 16:20:00+00:00,dry_run,0.0,,,3011.69,,,,0.0019191882298641438,-0.1361760340539696
ETH/USDT,2025-12-15 16:20:00+00:00,2025-12-15 16:25:00+00:00,prob_floor,-0.0479012476372131,5.0,3011.69,3010.51,0.0019191882298641438,-0.1361760340539696,-0.00039180659364002057,0.0010264041640783983,-0.1358374494686947
ETH/USDT,2025-12-15 16:20:00+00:00,2025-12-15 16:29:00+00:00,gate_close,-0.2236615311774134,9.0,3011.69,3003.72,0.0019191882298641438,-0.1361760340539696,-0.0026463547045015856,0.0032892546575580273,-0.15630285113126385
ETH/USDT,2025-12-15 16:20:00+00:00,2025-12-15 16:31:00+00:00,prob_floor,-7.722685801681729,11.0,3011.69,2996.83,0.0019191882298641438,-0.1361760340539696,-0.004934106763976431,0.005595913014752263,-0.15436311035327321
ETH/USDT,2025-12-15 16:20:00+00:00,2025-12-15 16:34:00+00:00,prob_floor,-0.5393025890786474,14.0,3011.69,2993.64,0.0019191882298641438,-0.1361760340539696,-0.0059933127247492335,0.0066674683662697465,-0.15346200611964023
ETH/USDT,2025-12-15 16:20:00+00:00,2025-12-15 16:35:00+00:00,prob_floor,-0.3461219405983661,15.0,3011.69,2999.0,0.0019191882298641438,-0.1361760340539696,-0.00421358107906189,0.004868289429809991,-0.15497499166388795
ETH/USDT,2025-12-15 16:20:00+00:00,2025-12-15 16:36:00+00:00,prob_floor,-0.5406025934535076,16.0,3011.69,2991.52,0.0019191882298641438,-0.1361760340539696,-0.0066972364353569125,0.007380863240092017,-0.15286209017489438
ETH/USDT,2025-12-15 16:20:00+00:00,2025-12-15 16:38:00+00:00,prob_floor,-0.651635677958121,18.0,3011.69,2987.33,0.0019191882298641438,-0.1361760340539696,-0.008088481882265519,0.00879380583999767,-0.1516739027827525
ETH/USDT,2025-12-15 16:20:00+00:00,2025-12-15 16:39:00+00:00,prob_floor,-0.7402832671702974,19.0,3011.69,2983.85,0.0019191882298641438,-0.1361760340539696,-0.009243979294017657,0.009970340332121186,-0.15068451832364227
ETH/USDT,2025-12-15 16:20:00+00:00,2025-12-15 16:40:00+00:00,prob_floor,-0.6331629053186917,20.0,3011.69,2987.97,0.0019191882298641438,-0.1361760340539696,-0.007875976611138702,0.008577730030756792,-0.1518556076533566
ETH/USDT,2025-12-15 16:20:00+00:00,2025-12-15 16:42:00+00:00,prob_floor,-1.0814044261616331,22.0,3011.69,2970.72,0.0019191882298641438,-0.1361760340539696,-0.013603657746979358,0.014434211234986893,-0.16806700059244895
ETH/USDT,2025-12-15 16:20:00+00:00,2025-12-15 16:43:00+00:00,prob_floor,-0.9953441327991608,23.0,3011.69,2974.03,0.0019191882298641438,-0.1361760340539696,-0.012504607047870042,0.013305178495173209,-0.2256534063207164
ETH/USDT,2025-12-15 16:20:00+00:00,2025-12-15 16:44:00+00:00,prob_floor,-0.9222838842632908,24.0,3011.69,2976.85,0.0019191882298641438,-0.1361760340539696,-0.011568255696967511,0.0123452642894335,-0.2263869526512925
ETH/USDT,2025-12-15 16:20:00+00:00,2025-12-15 16:45:00+00:00,prob_floor,-0.8531236494263991,25.0,3011.69,2979.5,0.0019191882298641438,-0.1361760340539696,-0.010688351058707912,0.011444873300889391,-0.22707501258600438
ETH/USDT,2025-12-15 16:20:00+00:00,2025-12-15 16:47:00+00:00,prob_floor,-1.0457843046604351,27.0,3011.69,2972.09,0.0019191882298641438,-0.1361760340539696,-0.013148763650973394,0.013966602626434454,-0.22514795985316738
ETH/USDT,2025-12-15 16:20:00+00:00,2025-12-15 16:48:00+00:00,prob_floor,-1.062684362293013,28.0,3011.69,2971.44,0.0019191882298641438,-0.1361760340539696,-0.013364589316961606,0.007504778827773562,-0.22497846162130153
ETH/USDT,2025-12-15 16:20:00+00:00,2025-12-15 16:49:00+00:00,prob_floor,-1.223592018514457,29.0,3011.69,2974.28,0.0019191882298641438,-0.1361760340539696,-0.012421597176336174,0.006542759928453101,-0.2257184932151648
ETH/USDT,2025-12-15 16:20:00+00:00,2025-12-15 16:50:00+00:00,prob_floor,-0.9459439646986294,30.0,3011.69,2975.94,0.0019191882298641438,-0.1361760340539696,-0.011870411629350985,0.0058334509432314,-0.2261503928170595
ETH/USDT,2025-12-15 16:20:00+00:00,2025-12-15 16:52:00+00:00,prob_floor,-0.701835019301194,32.0,3011.69,2979.65,0.0019191882298641438,-0.1361760340539696,-0.010638545135787547,0.0045810749584682675,-0.22711392277616504
ETH/USDT,2025-12-15 16:20:00+00:00,2025-12-15 16:54:00+00:00,prob_floor,-0.7106431669463551,34.0,3011.69,2984.99,0.0019191882298641438,-0.1361760340539696,-0.008865454279822993,0.0027839289243851706,-0.22849657787798283
ETH/USDT,2025-12-15 16:20:00+00:00,2025-12-15 16:55:00+00:00,prob_floor,-0.5593226564674572,35.0,3011.69,2990.8,0.0019191882298641438,-0.1361760340539696,-0.006936304865374554,0.0008358967500334824,-0.22999531897819991
ETH/USDT,2025-12-15 16:20:00+00:00,2025-12-15 16:59:00+00:00,prob_floor,-0.6024828018653537,39.0,3011.69,2989.14,0.0019191882298641438,-0.1361760340539696,-0.007487490412359854,0.0013917046374543052,-0.22956770174699082
ETH/USDT,2025-12-15 16:20:00+00:00,2025-12-15 17:05:00+00:00,gate_close,-0.7532833111523327,45.0,3011.69,2982.75,0.0019191882298641438,-0.1361760340539696,-0.009609222728766964,0.000657111725756554,-0.22791719051211135
ETH/USDT,2025-12-15 16:20:00+00:00,2025-12-15 17:06:00+00:00,gate_close,-0.7176631906766858,46.0,3011.69,2983.34,0.0019191882298641438,-0.1361760340539696,-0.009413319431946787,0.00045921685091210307,-0.22806988140808637
ETH/USDT,2025-12-15 16:20:00+00:00,2025-12-15 17:12:00+00:00,prob_floor,-0.9906641168646396,52.0,3011.69,2979.5,0.0019191882298641438,-0.1361760340539696,-0.010688351058707912,0.0014734015774457987,-0.22707501258600438
ETH/USDT,2025-12-15 16:20:00+00:00,2025-12-15 17:15:00+00:00,prob_floor,-1.0413642895914563,55.0,3011.69,2972.27,0.0019191882298641438,-0.1361760340539696,-0.013088996543468956,0.003909469866465676,-0.22519488471774107
ETH/USDT,2025-12-15 16:20:00+00:00,2025-12-15 17:16:00+00:00,prob_floor,-1.0093841806143342,56.0,3011.69,2973.5,0.0019191882298641438,-0.1361760340539696,-0.012680587975522073,0.0034941987556751375,-0.22551538590886167
ETH/USDT,2025-12-15 16:20:00+00:00,2025-12-15 17:17:00+00:00,prob_floor,-1.0382442789555724,57.0,3011.69,2971.88,0.0019191882298641438,-0.1361760340539696,-0.013218491943061905,0.004041212969567942,-0.22509320699355295
ETH/USDT,2025-12-15 16:20:00+00:00,2025-12-15 17:18:00+00:00,prob_floor,-1.0845244368094074,58.0,3011.69,2970.94,0.0019191882298641438,-0.1361760340539696,-0.013530609060029453,0.0043588897789923475,-0.22484802789689462
ETH/USDT,2025-12-15 16:20:00+00:00,2025-12-15 17:19:00+00:00,prob_floor,-1.08712444568321,59.0,3011.69,2970.51,0.0019191882298641438,-0.1361760340539696,-0.013673386039067759,0.004504277043335891,-0.22473581977505552
ETH/USDT,2025-12-15 16:20:00+00:00,2025-12-15 17:20:00+00:00,time_limit,-0.92566084,60.0,3011.69,2976.7,0.0019191882298641438,-0.1361760340539696,-0.011618061619887876,0.0024154264789868485,-0.2263479692276682
ETH/USDT,,2025-12-15 17:25:00+00:00,dry_run,0.0,,,2977.85,,,,0.0020283090148933702,-0.22664674177678534
ETH/USDT,2025-12-15 17:25:00+00:00,2025-12-15 17:29:00+00:00,prob_floor,-0.1049251713846022,4.0,2977.85,2974.43,0.0020283090148933702,-0.22664674177678534,-0.0011484796077707582,0.003180441294634573,-0.22575754010012006
ETH/USDT,2025-12-15 17:25:00+00:00,2025-12-15 17:30:00+00:00,prob_floor,-0.1093451862625067,5.0,2977.85,2974.72,0.0020283090148933702,-0.22664674177678534,-0.001051093910035772,0.003082643072289226,-0.22583301957831325
ETH/USDT,2025-12-15 17:25:00+00:00,2025-12-15 17:31:00+00:00,prob_floor,-0.4112062063774366,6.0,2977.85,2971.73,0.0020283090148933702,-0.22664674177678534,-0.0020551740349580294,0.0010061479340315316,-0.2250540930703665
ETH/USDT,2025-12-15 17:25:00+00:00,2025-12-15 17:33:00+00:00,prob_floor,-0.5942468288516135,8.0,2977.85,2955.62,0.0020283090148933702,-0.22664674177678534,-0.007465117450509595,0.006462265108505116,-0.22083014731257744
ETH/USDT,2025-12-15 17:25:00+00:00,2025-12-15 17:34:00+00:00,prob_floor,-0.5328866198511624,9.0,2977.85,2957.98,0.0020283090148933702,-0.22664674177678534,-0.006672599358597653,0.00565926747307266,-0.22145180156728583
ETH/USDT,2025-12-15 17:25:00+00:00,2025-12-15 17:35:00+00:00,prob_floor,-0.8920850390323409,10.0,2977.85,2959.46,0.0020283090148933702,-0.22664674177678534,-0.006175596487398627,0.005156346090164909,-0.221841146695681
ETH/USDT,2025-12-15 17:25:00+00:00,2025-12-15 17:36:00+00:00,prob_floor,-0.4668463952822582,11.0,2977.85,2960.51,0.0020283090148933702,-0.22664674177678534,-0.0058229930990478795,0.004799848674721385,-0.2221171352233231
ETH/USDT,2025-12-15 17:25:00+00:00,2025-12-15 17:37:00+00:00,prob_floor,-0.6069868722876477,12.0,2977.85,2955.13,0.0020283090148933702,-0.22664674177678534,-0.007629665698406507,0.0066291499866333314,-0.22070095055039884
ETH/USDT,2025-12-15 17:25:00+00:00,2025-12-15 17:38:00+00:00,prob_floor,-0.7965275202147176,13.0,2977.85,2953.11,0.0020283090148933702,-0.22664674177678534,-0.00830800745504301,0.007317709126988037,-0.22016789079986865
ETH/USDT,2025-12-15 17:25:00+00:00,2025-12-15 17:40:00+00:00,prob_floor,-0.6480670124447975,15.0,2977.85,2953.54,0.0020283090148933702,-0.22664674177678534,-0.00816360797219473,0.00717105575004906,-0.2202814250018622
ETH/USDT,2025-12-15 17:25:00+00:00,2025-12-15 17:41:00+00:00,prob_floor,-0.6478048720000043,16.0,2977.85,2793.13,0.0020283090148933702,-0.22664674177678534,-0.06203133132965055,0.0650130856780744,-0.17550203535102205
ETH/USDT,2025-12-15 17:25:00+00:00,2025-12-15 17:42:00+00:00,prob_floor,-15.21868805471036,17.0,2977.85,2960.56,0.0020283090148933702,-0.22664674177678534,-0.005806202461507426,0.004782878914799893,-0.22213027265112006
ETH/USDT,2025-12-15 17:25:00+00:00,2025-12-15 17:45:00+00:00,prob_floor,-0.5711067499944653,20.0,2977.85,2956.27,0.0020283090148933702,-0.22664674177678534,-0.007246839162482921,0.006240972576929682,-0.1887175393316578
ETH/USDT,2025-12-15 17:25:00+00:00,2025-12-15 17:46:00+00:00,prob_floor,-0.6283069450087033,21.0,2977.85,2956.42,0.0020283090148933702,-0.22664674177678534,-0.007196467249861449,0.00618991888838516,-0.18875870140237183
ETH/USDT,2025-12-15 17:25:00+00:00,2025-12-15 17:48:00+00:00,prob_floor,-0.6270069405733548,23.0,2977.85,2952.79,0.0020283090148933702,-0.22664674177678534,-0.008415467535302312,0.007426874244358617,-0.18776140531497332
ETH/USDT,2025-12-15 17:25:00+00:00,2025-12-15 17:49:00+00:00,prob_floor,-0.6441669991322825,24.0,2977.85,2954.37,0.0020283090148933702,-0.22664674177678534,-0.007884883389022268,0.006888101354942,-0.18819579131929987
ETH/USDT,2025-12-15 17:25:00+00:00,2025-12-15 17:50:00+00:00,prob_floor,-0.7663902008257921,25.0,2977.85,2949.15,0.0020283090148933702,-0.22664674177678534,-0.009637825948251244,0.008670294830713798,-0.1867588966312328
ETH/USDT,2025-12-15 17:25:00+00:00,2025-12-15 17:52:00+00:00,prob_floor,-1.0661484474298308,27.0,2977.85,2937.18,0.0020283090148933702,-0.22664674177678534,-0.013657504575448787,0.012780966777657499,-0.18344466461027242
ETH/USDT,2025-12-15 17:25:00+00:00,2025-12-15 17:53:00+00:00,prob_floor,-0.9130079199843694,28.0,2977.85,2943.35,0.0020283090148933702,-0.22664674177678534,-0.011585539902950082,0.010657923794316071,-0.18515636944298164
ETH/USDT,2025-12-15 17:25:00+00:00,2025-12-15 17:54:00+00:00,prob_floor,-0.8992308705733272,29.0,2977.85,2943.9,0.0020283090148933702,-0.22664674177678534,-0.011400842890004426,0.010469105608206686,-0.18530860423248074
ETH/USDT,2025-12-15 17:25:00+00:00,2025-12-15 17:55:00+00:00,prob_floor,-1.1256527697220675,30.0,2977.85,2940.12,0.0020283090148933702,-0.22664674177678534,-0.012670215088066872,0.01176822714719128,-0.18426118661823332
ETH/USDT,2025-12-15 17:25:00+00:00,2025-12-15 17:56:00+00:00,prob_floor,-1.1230886440826937,31.0,2977.85,2935.5,0.0020283090148933702,-0.22664674177678534,-0.014221669996809738,0.013360585930846547,-0.1829773462783172
ETH/USDT,2025-12-15 17:25:00+00:00,2025-12-15 18:00:00+00:00,prob_floor,-1.1605365685504656,35.0,2977.85,2933.85,0.0020283090148933702,-0.22664674177678534,-0.014775761035646484,0.013930500877686214,-0.1825178519692554
ETH/USDT,2025-12-15 17:25:00+00:00,2025-12-15 18:01:00+00:00,prob_floor,-1.1597565645027663,36.0,2977.85,2940.73,0.0020283090148933702,-0.22664674177678534,-0.012465369310072694,0.01155835455822185,-0.1844303965341939
ETH/USDT,2025-12-15 17:25:00+00:00,2025-12-15 18:04:00+00:00,prob_floor,-1.287933555384832,39.0,2977.85,2928.96,0.0020283090148933702,-0.22664674177678534,-0.01641788538710809,0.015623292909428432,-0.18115303725554466
ETH/USDT,2025-12-15 17:25:00+00:00,2025-12-15 18:05:00+00:00,prob_floor,-1.0411883613182524,40.0,2977.85,2938.42,0.0020283090148933702,-0.22664674177678534,-0.013241096764444071,0.012353577773088764,-0.1837892472825533
ETH/USDT,2025-12-15 17:25:00+00:00,2025-12-15 18:06:00+00:00,prob_floor,-1.3382014946611491,41.0,2977.85,2936.06,0.0020283090148933702,-0.22664674177678534,-0.014033614856356125,0.01316730584524839,-0.18313317847727906
ETH/USDT,2025-12-15 17:25:00+00:00,2025-12-15 18:07:00+00:00,prob_floor,-1.1280286611577353,42.0,2977.85,2935.09,0.0020283090148933702,-0.22664674177678534,-0.01435935322464188,0.013502141331270812,-0.18286321714155285
ETH/USDT,2025-12-15 17:25:00+00:00,2025-12-15 18:08:00+00:00,prob_floor,-1.1360886890217572,43.0,2977.85,2939.51,0.0020283090148933702,-0.22664674177678534,-0.012875060866060939,0.011978186840663874,-0.18409190647420837
ETH/USDT,2025-12-15 17:25:00+00:00,2025-12-15 18:10:00+00:00,prob_floor,-0.9228879539494022,45.0,2977.85,2942.97,0.0020283090148933702,-0.22664674177678534,-0.011713148748258018,0.010788421220739641,-0.18505115580518994
ETH/USDT,2025-12-15 17:25:00+00:00,2025-12-15 18:11:00+00:00,prob_floor,-1.247889076130744,46.0,2977.85,2941.99,0.0020283090148933702,-0.22664674177678534,-0.012042245244051952,0.011125122791036057,-0.18477968993776317
ETH/USDT,2025-12-15 17:25:00+00:00,2025-12-15 18:13:00+00:00,prob_floor,-1.326625975982968,48.0,2977.85,2646.61,0.0020283090148933702,-0.22664674177678534,-0.11123461557835346,0.12397368709405598,-0.09379545909673137
ETH/USDT,2025-12-15 17:25:00+00:00,2025-12-15 18:15:00+00:00,prob_floor,-1.2340027568118348,50.0,2977.85,2945.02,0.0020283090148933702,-0.22664674177678534,-0.011024732609097199,0.01008482115571363,-0.17303108298076075
ETH/USDT,2025-12-15 17:25:00+00:00,2025-12-15 18:17:00+00:00,prob_floor,-1.1436287150934186,52.0,2977.85,2935.01,0.0020283090148933702,-0.22664674177678534,-0.01438621824470665,0.013529766508461494,-0.17021066367746618
ETH/USDT,2025-12-15 17:25:00+00:00,2025-12-15 18:18:00+00:00,prob_floor,-1.2224089878059874,53.0,2977.85,2931.45,0.0020283090148933702,-0.22664674177678534,-0.015581711637590923,0.014760613348342888,-0.1692029541694383
ETH/USDT,2025-12-15 17:25:00+00:00,2025-12-15 18:19:00+00:00,prob_floor,-1.1462287240848432,54.0,2977.85,2934.38,0.0020283090148933702,-0.22664674177678534,-0.014597780277717076,0.013747367416626188,-0.17003251112671158
ETH/USDT,2025-12-15 17:25:00+00:00,2025-12-15 18:20:00+00:00,prob_floor,-1.160788774448162,55.0,2977.85,2933.81,0.0020283090148933702,-0.22664674177678534,-0.01478919354567887,0.013944324956285392,-0.1698712595566857
ETH/USDT,2025-12-15 17:25:00+00:00,2025-12-15 18:23:00+00:00,prob_floor,-1.1735288185318595,58.0,2977.85,2933.33,0.0020283090148933702,-0.22664674177678534,-0.014950383666067824,0.014110243307094539,-0.16973542015388654
ETH/USDT,2025-12-15 17:25:00+00:00,2025-12-15 18:25:00+00:00,time_limit,-1.2650448719999985,60.0,2977.85,2930.02,0.0020283090148933702,-0.22664674177678534,-0.016061923871249384,0.015255868560624108,-0.16879748261104022
ETH/USDT,,2025-12-15 19:33:00+00:00,spread_too_wide,0.0,,,2974.72,,,,0.00034961273666112014,-0.11144914479345946
ETH/USDT,,2025-12-15 20:06:00+00:00,dry_run,0.0,,,2933.02,,,,0.014572011101186,-0.09881623718897248
ETH/USDT,2025-12-15 20:06:00+00:00,2025-12-15 20:08:00+00:00,take_profit,0.024125177581599,2.0,2933.02,2933.9,0.014572011101186,-0.09881623718897248,0.00030003204887796286,0.014267698285558517,-0.0990865401002079
ETH/USDT,2025-12-15 20:06:00+00:00,2025-12-15 20:09:00+00:00,prob_floor,-0.0301450074268192,3.0,2933.02,2931.89,0.014572011101186,-0.09881623718897248,-0.0003852684264000761,0.014963044316123941,-0.09846890572292955
ETH/USDT,2025-12-15 20:06:00+00:00,2025-12-15 20:10:00+00:00,prob_floor,-0.0406750433533885,4.0,2933.02,2931.49,0.014572011101186,-0.09881623718897248,-0.0005216466304356349,0.01510153539667547,-0.11572954367915289
ETH/USDT,2025-12-15 20:06:00+00:00,2025-12-15 20:11:00+00:00,prob_floor,-0.1330153588114974,5.0,2933.02,2928.08,0.014572011101186,-0.09881623718897248,-0.0016842708198375744,0.016283708095407246,-0.13091513893063034
ETH/USDT,2025-12-15 20:06:00+00:00,2025-12-15 20:13:00+00:00,prob_floor,-0.2088856185557107,7.0,2933.02,2925.26,0.014572011101186,-0.09881623718897248,-0.002645737158287309,0.017263422738491574,-0.14699548074359203
ETH/USDT,2025-12-15 20:06:00+00:00,2025-12-15 20:15:00+00:00,prob_floor,-0.1853955380833692,9.0,2933.02,2926.14,0.014572011101186,-0.09881623718897248,-0.002345705109409457,0.01695749348971698,-0.14725201118196662
ETH/USDT,2025-12-15 20:06:00+00:00,2025-12-15 20:16:00+00:00,prob_floor,-0.1910655575033477,10.0,2933.02,2925.92,0.014572011101186,-0.09881623718897248,-0.002420713121628837,0.01703395854978962,-0.14718789303877067
ETH/USDT,2025-12-15 20:06:00+00:00,2025-12-15 20:18:00+00:00,prob_floor,-0.3498261023967875,12.0,2933.02,2920.04,0.014572011101186,-0.09881623718897248,-0.00442547272094973,0.019081930384515333,-0.14547060999164385
ETH/USDT,2025-12-15 20:06:00+00:00,2025-12-15 20:20:00+00:00,prob_floor,-0.3376760606182314,14.0,2933.02,2920.5,0.014572011101186,-0.09881623718897248,-0.0042686377863090375,0.018921417565485488,-0.14560520458825532
ETH/USDT,2025-12-15 20:06:00+00:00,2025-12-15 20:21:00+00:00,prob_floor,-0.3282260281326729,15.0,2933.02,2921.3,0.014572011101186,-0.09881623718897248,-0.003995881378238031,0.018642385239448167,-0.1458391811864581
ETH/USDT,2025-12-15 20:06:00+00:00,2025-12-15 20:22:00+00:00,prob_floor,-0.2958259168127894,16.0,2933.02,2922.04,0.014572011101186,-0.09881623718897248,-0.0037435817007726024,0.018384416366648004,-0.14605549547576346
ETH/USDT,2025-12-15 20:06:00+00:00,2025-12-15 20:23:00+00:00,prob_floor,-0.2418257314826643,17.0,2933.02,2924.05,0.014572011101186,-0.09881623718897248,-0.0030582812254944525,0.01768437612215945,-0.14664249927326822
ETH/USDT,2025-12-15 20:06:00+00:00,2025-12-15 20:31:00+00:00,prob_floor,-0.1654154696732976,25.0,2933.02,2926.87,0.014572011101186,-0.09881623718897248,-0.002096814887044829,0.006576991803530774,-0.1474646977829558
ETH/USDT,2025-12-15 20:06:00+00:00,2025-12-15 20:33:00+00:00,gate_close,-0.0387850369043254,27.0,2933.02,2933.9,0.014572011101186,-0.09881623718897248,0.00030003204887796286,0.004165104468454972,-0.14950748150925386
ETH/USDT,2025-12-15 20:06:00+00:00,2025-12-15 20:35:00+00:00,take_profit,0.0484250400000029,29.0,2933.02,2934.78,0.014572011101186,-0.09881623718897248,0.0006000640977559257,0.0038640034346695273,-0.14976250349259568
ETH/USDT,,2025-12-15 20:37:00+00:00,dry_run,0.0,,,2936.5,,,,0.0036403882172655333,-0.1502605142176059
ETH/USDT,2025-12-15 20:37:00+00:00,2025-12-15 20:38:00+00:00,take_profit,0.0626815781413411,1.0,2936.5,2942.34,0.0036403882172655333,-0.1502605142176059,0.0019887621317895565,0.0016483479135653845,-0.15194708973130222
ETH/USDT,2025-12-15 20:37:00+00:00,2025-12-15 20:41:00+00:00,gate_close,-0.0963489623528783,4.0,2936.5,2938.85,0.0036403882172655333,-0.1502605142176059,0.0008002724331686029,0.0028378447351855574,-0.15093999353488596
ETH/USDT,2025-12-15 20:37:00+00:00,2025-12-15 20:49:00+00:00,trailing_prob_drop,-0.3285497554312609,12.0,2936.5,2930.79,0.0036403882172655333,-0.1502605142176059,-0.001944491741869614,0.005595760869936184,-0.14860498363922348
ETH/USDT,2025-12-15 20:37:00+00:00,2025-12-15 20:50:00+00:00,prob_floor,-0.3474498201890614,13.0,2936.5,2932.64,0.0036403882172655333,-0.1502605142176059,-0.001314490039162286,0.004961399967265079,-0.14914206994380474
ETH/USDT,2025-12-15 20:37:00+00:00,2025-12-15 20:52:00+00:00,prob_floor,-0.2540295004017538,15.0,2936.5,2933.54,0.0036403882172655333,-0.1502605142176059,-0.001008002724331658,0.004653081260183933,-0.1494031102354152
ETH/USDT,2025-12-15 20:37:00+00:00,2025-12-15 20:53:00+00:00,trailing_prob_drop,-0.28642961122515,16.0,2936.5,2932.35,0.0036403882172655333,-0.1502605142176059,-0.0014132470628299698,0.005060787423056601,-0.14905792282640196
ETH/USDT,2025-12-15 20:37:00+00:00,2025-12-15 20:57:00+00:00,prob_floor,-0.2888596195405789,20.0,2936.5,2932.25,0.0036403882172655333,-0.1502605142176059,-0.0014473012089222248,0.005095063517776444,-0.14902890271975433
ETH/USDT,2025-12-15 20:37:00+00:00,2025-12-15 20:58:00+00:00,prob_floor,-0.319909725838026,21.0,2936.5,2930.46,0.0036403882172655333,-0.1502605142176059,-0.0020568704239740665,0.005709001317199425,-0.14850910778512583
ETH/USDT,2025-12-15 20:37:00+00:00,2025-12-15 21:00:00+00:00,prob_floor,-0.3450198118613115,23.0,2936.5,2930.23,0.0036403882172655333,-0.1502605142176059,-0.002135194959986375,0.005787941560901455,-0.14844227244960284
ETH/USDT,2025-12-15 20:37:00+00:00,2025-12-15 21:01:00+00:00,prob_floor,-0.3868699553549084,24.0,2936.5,2928.63,0.0036403882172655333,-0.1502605142176059,-0.002680061297462899,0.0063374342269251205,-0.1479770404591908
ETH/USDT,2025-12-15 20:37:00+00:00,2025-12-15 21:02:00+00:00,prob_floor,-0.3649998803490001,25.0,2936.5,2929.44,0.0036403882172655333,-0.1502605142176059,-0.002404222714115445,0.0060591785460701875,-0.1482126276694521
ETH/USDT,2025-12-15 20:37:00+00:00,2025-12-15 21:04:00+00:00,prob_floor,-0.4554501908279034,27.0,2936.5,2927.7,0.0036403882172655333,-0.1502605142176059,-0.0029967648561213256,0.006657102845236906,-0.14770639068210523
ETH/USDT,2025-12-15 20:37:00+00:00,2025-12-15 21:05:00+00:00,prob_floor,-0.4163000563542735,28.0,2936.5,2928.7,0.0036403882172655333,-0.1502605142176059,-0.0026562233951984426,0.006313381363745041,-0.1479974049919759
ETH/USDT,2025-12-15 20:37:00+00:00,2025-12-15 21:06:00+00:00,prob_floor,-0.5164856714224658,29.0,2936.5,2924.01,0.0036403882172655333,-0.1502605142176059,-0.004253362846926567,0.007927469468298698,-0.14663082547597306
ETH/USDT,2025-12-15 20:37:00+00:00,2025-12-15 21:08:00+00:00,prob_floor,-0.5259204332165577,31.0,2936.5,2923.48,0.0036403882172655333,-0.1502605142176059,-0.004433849821215752,0.008110197435932553,-0.14647611750379674
ETH/USDT,2025-12-15 20:37:00+00:00,2025-12-15 21:09:00+00:00,prob_floor,-0.5119021648084179,32.0,2936.5,2924.14,0.0036403882172655333,-0.1502605142176059,-0.004209092457006736,0.007882659516986301,-0.14666876414945917
ETH/USDT,2025-12-15 20:37:00+00:00,2025-12-15 21:10:00+00:00,prob_floor,-0.507558690000001,33.0,2936.5,2763.06,0.0036403882172655333,-0.1502605142176059,-0.0590635109824621,0.06663988476544125,-0.09692152902940931
ETH/USDT,2025-12-15 20:37:00+00:00,2025-12-15 21:11:00+00:00,prob_floor,-0.5558905364325859,34.0,2936.5,2922.37,0.0036403882172655333,-0.1502605142176059,-0.004811850842840193,0.008493106622364799,-0.14615192463651072
ETH/USDT,2025-12-15 20:37:00+00:00,2025-12-15 21:12:00+00:00,prob_floor,-0.5140403923237754,35.0,2936.5,2923.92,0.0036403882172655333,-0.1502605142176059,-0.00428401157840963,0.007958494076445222,-0.1466045582642479
ETH/USDT,2025-12-15 20:37:00+00:00,2025-12-15 21:13:00+00:00,prob_floor,-0.4865002975741933,36.0,2936.5,2924.93,0.0036403882172655333,-0.1502605142176059,-0.003940064702877666,0.007610438540409659,-0.14689924203314253
ETH/USDT,2025-12-15 20:37:00+00:00,2025-12-15 21:14:00+00:00,prob_floor,-0.4929803198622488,37.0,2936.5,2922.84,0.0036403882172655333,-0.1502605142176059,-0.0046517963562062725,0.008330938402375754,-0.11443322248224341
ETH/USDT,2025-12-15 20:37:00+00:00,2025-12-15 21:16:00+00:00,prob_floor,-0.4559901926836432,39.0,2936.5,2926.06,0.0036403882172655333,-0.1502605142176059,-0.0035552528520347293,0.007221314668872214,-0.001008181650410389
ETH/USDT,2025-12-15 20:37:00+00:00,2025-12-15 21:17:00+00:00,prob_floor,-0.4009100035287216,40.0,2936.5,2928.1,0.0036403882172655333,-0.1502605142176059,-0.0028605482717520836,0.006519586079710482,-0.0017041767699189636
ETH/USDT,2025-12-15 20:37:00+00:00,2025-12-15 21:19:00+00:00,trailing_prob_drop,-0.3307097628306071,42.0,2936.5,2930.7,0.0036403882172655333,-0.1502605142176059,-0.0019751404733526767,0.0056266420991573085,-0.002589824956494957
ETH/USDT,2025-12-15 20:37:00+00:00,2025-12-15 21:20:00+00:00,trailing_prob_drop,-0.2332394293378061,43.0,2936.5,2934.31,0.0036403882172655333,-0.1502605142176059,-0.0007457857994210837,0.004389447604377317,-0.0038169109603278795
ETH/USDT,2025-12-15 20:37:00+00:00,2025-12-15 21:21:00+00:00,trailing_prob_drop,-0.1897692808699875,44.0,2936.5,2936.99,0.0036403882172655333,-0.1502605142176059,0.00016686531585219377,0.003472943387617944,-0.0047259268843270474
ETH/USDT,2025-12-15 20:37:00+00:00,2025-12-15 21:27:00+00:00,take_profit,0.0410813100000034,50.0,2936.5,2942.49,0.0036403882172655333,-0.1502605142176059,0.0020398433509278835,0.0015972866517814932,-0.006586258576919413
ETH/USDT,,2025-12-15 21:29:00+00:00,dry_run,0.0,,,2944.6,,,,0.0008795761733342289,-0.007298105005773214
ETH/USDT,2025-12-15 21:29:00+00:00,2025-12-15 21:31:00+00:00,gate_close,-0.1298412801202739,2.0,2944.6,2942.17,0.0008795761733342289,-0.007298105005773214,-0.0008252394213135172,0.011416743424071507,-0.006478211660101207
ETH/USDT,2025-12-15 21:29:00+00:00,2025-12-15 21:36:00+00:00,take_profit,0.0534891059999921,7.0,2944.6,2947.18,0.0008795761733342289,-0.007298105005773214,0.0008761801263328373,0.009697405655575864,-0.008167129255763017
ETH/USDT,,2025-12-15 21:37:00+00:00,dry_run,0.0,,,2944.5,,,,0.010616403464085655,-0.007264391237901124
ETH/USDT,2025-12-15 21:37:00+00:00,2025-12-15 21:38:00+00:00,take_profit,0.0362098782317413,1.0,2944.5,2946.45,0.010616403464085655,-0.007264391237901124,0.0006622516556291647,0.00994756401771646,-0.007921396935294922
ETH/USDT,2025-12-15 21:37:00+00:00,2025-12-15 21:42:00+00:00,trailing_prob_drop,-0.1973409162274836,5.0,2944.5,2937.66,0.010616403464085655,-0.007264391237901124,-0.002322975038206887,0.012969506341782289,-0.004952921713200165
ETH/USDT,2025-12-15 21:37:00+00:00,2025-12-15 21:43:00+00:00,prob_floor,-0.1843808720193034,6.0,2944.5,2938.28,0.010616403464085655,-0.007264391237901124,-0.002112412973340083,0.012755761874293725,-0.0051628844085656045
ETH/USDT,2025-12-15 21:37:00+00:00,2025-12-15 21:45:00+00:00,prob_floor,-1.0658045010082458,8.0,2944.5,2923.11,0.010616403464085655,-0.007264391237901124,-0.007264391237901124,0.018011638289356258,0.0
ETH/USDT,2025-12-15 21:37:00+00:00,2025-12-15 21:46:00+00:00,prob_floor,-0.1168806420016896,9.0,2944.5,2941.18,0.010616403464085655,-0.007264391237901124,-0.0011275258957378353,0.011757185891376976,-0.006143792627448796
ETH/USDT,2025-12-15 21:37:00+00:00,2025-12-15 21:49:00+00:00,trailing_prob_drop,-0.1395607192439732,12.0,2944.5,2937.77,0.010616403464085655,-0.007264391237901124,-0.002285617252504646,0.012931577352890189,-0.0005208031942596225
ETH/USDT,2025-12-15 21:37:00+00:00,2025-12-15 21:51:00+00:00,prob_floor,-0.1444207358016288,14.0,2944.5,2940.09,0.010616403464085655,-0.007264391237901124,-0.001497707590422781,0.012132281664847033,-0.005775333408160943
ETH/USDT,2025-12-15 21:37:00+00:00,2025-12-15 21:52:00+00:00,prob_floor,-0.1071606089113463,15.0,2944.5,2941.14,0.010616403464085655,-0.007264391237901124,-0.0011411105450841452,0.01177094595972994,-0.006130276015422487
ETH/USDT,2025-12-15 21:37:00+00:00,2025-12-15 21:53:00+00:00,prob_floor,-0.0866405390806019,16.0,2944.5,2942.39,0.010616403464085655,-0.007264391237901124,-0.0007165902530141821,0.011341120653618475,-0.006552496439968802
ETH/USDT,2025-12-15 21:37:00+00:00,2025-12-15 21:54:00+00:00,trailing_prob_drop,-0.0974405758291395,17.0,2944.5,2941.5,0.010616403464085655,-0.007264391237901124,-0.0010188487009679115,0.011647118816930258,-0.006251912289648054
ETH/USDT,2025-12-15 21:37:00+00:00,2025-12-15 21:55:00+00:00,trailing_prob_drop,-0.0331803573224155,18.0,2944.5,2942.73,0.010616403464085655,-0.007264391237901124,-0.0006011207335711033,0.011224271339878245,-0.006667278343578831
ETH/USDT,2025-12-15 21:37:00+00:00,2025-12-15 21:56:00+00:00,gate_close,-0.0199503123795694,19.0,2944.5,2946.91,0.010616403464085655,-0.007264391237901124,0.00081847512311084,0.009789915538649163,-0.00807625614626839
ETH/USDT,2025-12-15 21:37:00+00:00,2025-12-15 21:58:00+00:00,take_profit,0.0137996999999975,21.0,2944.5,2945.6,0.010616403464085655,-0.007264391237901124,0.00037357785702152313,0.010239000543183163,-0.007635116784356244
ETH/USDT,,2025-12-15 21:59:00+00:00,dry_run,0.0,,,2946.02,,,,0.01009497559419148,-0.007776593505814611
ETH/USDT,2025-12-15 21:59:00+00:00,2025-12-15 22:05:00+00:00,gate_close,-0.03750452998202,6.0,2946.02,2943.49,0.01009497559419148,-0.007776593505814611,-0.0008587857516243469,0.010963176365471172,-0.006923753775280206
ETH/USDT,2025-12-15 21:59:00+00:00,2025-12-15 22:09:00+00:00,trailing_prob_drop,-0.1158047962360263,10.0,2946.02,2941.5,0.01009497559419148,-0.007776593505814611,-0.001534273358632987,0.011647118816930258,-0.006251912289648054
ETH/USDT,2025-12-15 21:59:00+00:00,2025-12-15 22:11:00+00:00,prob_floor,-0.0372345290648288,12.0,2946.02,2944.49,0.01009497559419148,-0.007776593505814611,-0.0005193447430771325,0.010619835693108204,-0.007261019735166241
ETH/USDT,2025-12-15 21:59:00+00:00,2025-12-15 22:13:00+00:00,trailing_prob_drop,-0.1147247925599879,14.0,2946.02,2941.62,0.01009497559419148,-0.007776593505814611,-0.0014935404376074102,0.011605849837844628,-0.006292451098374285
ETH/USDT,2025-12-15 21:59:00+00:00,2025-12-15 22:15:00+00:00,trailing_prob_drop,-0.1230948210519071,16.0,2946.02,2941.91,0.01009497559419148,-0.007776593505814611,-0.0013951025451287569,0.011506130371085499,-0.006390406232685497
ETH/USDT,2025-12-15 21:59:00+00:00,2025-12-15 22:16:00+00:00,trailing_prob_drop,-0.09393472181571,17.0,2946.02,2942.39,0.01009497559419148,-0.007776593505814611,-0.0012321708610261162,0.011341120653618475,-0.006552496439968802
ETH/USDT,2025-12-15 21:59:00+00:00,2025-12-15 22:19:00+00:00,prob_floor,-0.0971747328383537,20.0,2946.02,2942.27,0.01009497559419148,-0.007776593505814611,-0.001272903782051693,0.011382368035564472,-0.006511978846264865
ETH/USDT,2025-12-15 21:59:00+00:00,2025-12-15 22:20:00+00:00,trailing_prob_drop,-0.1571149369196002,21.0,2946.02,2939.82,0.01009497559419148,-0.007776593505814611,-0.002104534252992063,0.012225238279894635,-0.0056840214707023495
ETH/USDT,2025-12-15 21:59:00+00:00,2025-12-15 22:21:00+00:00,prob_floor,-0.1725049893685827,22.0,2946.02,2939.51,0.01009497559419148,-0.007776593505814611,-0.0022097609656417383,0.01233198730400642,-0.005579161152709178
ETH/USDT,2025-12-15 21:59:00+00:00,2025-12-15 22:22:00+00:00,prob_floor,-0.2373052104297123,23.0,2946.02,2941.0,0.01009497559419148,-0.007776593505814611,-0.0017039938629065388,0.011819109146548934,-0.0060829649778986195
ETH/USDT,2025-12-15 21:59:00+00:00,2025-12-15 22:23:00+00:00,prob_floor,-0.2181351449948443,24.0,2946.02,2937.45,0.01009497559419148,-0.007776593505814611,-0.0029090094432489,0.013041924117857429,-0.004881785221875989
ETH/USDT,2025-12-15 21:59:00+00:00,2025-12-15 22:25:00+00:00,trailing_prob_drop,-0.1460448992057197,26.0,2946.02,2940.46,0.01009497559419148,-0.007776593505814611,-0.0018872920075220234,0.012004924399583894,-0.005900437346537557
ETH/USDT,2025-12-15 21:59:00+00:00,2025-12-15 22:26:00+00:00,trailing_prob_drop,-0.1614349516400878,27.0,2946.02,2939.64,0.01009497559419148,-0.007776593505814611,-0.002165633634530706,0.012287218843123782,-0.00562313752704402
ETH/USDT,2025-12-15 21:59:00+00:00,2025-12-15 22:27:00+00:00,prob_floor,-0.1622449544003345,28.0,2946.02,2940.22,0.01009497559419148,-0.007776593505814611,-0.0019687578495733993,0.012087530865037444,-0.005819292433899448
ETH/USDT,2025-12-15 21:59:00+00:00,2025-12-15 22:28:00+00:00,trailing_prob_drop,-0.1587349424396107,29.0,2946.02,2940.48,0.01009497559419148,-0.007776593505814611,-0.0018805031873511124,0.011998041136141113,-0.005907198824681603
ETH/USDT,2025-12-15 21:59:00+00:00,2025-12-15 22:30:00+00:00,trailing_prob_drop,-0.2321751929158718,31.0,2946.02,2937.84,0.01009497559419148,-0.007776593505814611,-0.0027766274499154697,0.01290744220243445,-0.005013887754268476
ETH/USDT,2025-12-15 21:59:00+00:00,2025-12-15 22:32:00+00:00,trailing_prob_drop,-0.1201248109411676,33.0,2946.02,2940.81,0.01009497559419148,-0.007776593505814611,-0.0017684876545305261,0.011595444792421139,-0.006018749936241963
ETH/USDT,2025-12-15 21:59:00+00:00,2025-12-15 22:33:00+00:00,trailing_prob_drop,-0.1425348872498519,34.0,2946.02,2940.13,0.01009497559419148,-0.007776593505814611,-0.0019993075403424987,0.011829408903687888,-0.005788859676272851
ETH/USDT,2025-12-15 21:59:00+00:00,2025-12-15 22:35:00+00:00,trailing_prob_drop,-0.1306548467916886,36.0,2946.02,2940.6,0.01009497559419148,-0.007776593505814611,-0.0018397702663254245,0.011667686866625893,-0.00594776576208933
ETH/USDT,2025-12-15 21:59:00+00:00,2025-12-15 22:38:00+00:00,trailing_prob_drop,-0.1563049341597102,39.0,2946.02,2940.45,0.01009497559419148,-0.007776593505814611,-0.00189068641760759,0.011719294665782476,-0.005897056572973458
ETH/USDT,2025-12-15 21:59:00+00:00,2025-12-15 22:41:00+00:00,trailing_prob_drop,-0.1317348504692266,42.0,2946.02,2940.99,0.01009497559419148,-0.007776593505814611,-0.0017073882729921053,0.011533531225879745,-0.006079585445717184
ETH/USDT,2025-12-15 21:59:00+00:00,2025-12-15 22:44:00+00:00,trailing_prob_drop,-0.1201248109411676,45.0,2946.02,2941.41,0.01009497559419148,-0.007776593505814611,-0.0015648230494023085,0.011389095705800933,-0.006221506012422551
ETH/USDT,2025-12-15 21:59:00+00:00,2025-12-15 22:47:00+00:00,trailing_prob_drop,-0.0969047319197473,48.0,2946.02,2942.28,0.01009497559419148,-0.007776593505814611,-0.0012695093719661266,0.011090039017360498,-0.0065153554386394585
ETH/USDT,2025-12-15 21:59:00+00:00,2025-12-15 22:56:00+00:00,take_profit,0.082915541999996,57.0,2946.02,2945.5,0.01009497559419148,-0.007776593505814611,-0.00017650932444446266,0.009984722457986761,-0.007601425903921211
ETH/USDT,,2025-12-15 22:58:00+00:00,dry_run,0.0,,,2948.31,,,,0.009022117755595582,-0.008547269452669481
ETH/USDT,2025-12-15 22:58:00+00:00,2025-12-15 22:59:00+00:00,take_profit,0.0696694173608085,1.0,2948.31,2951.49,0.009022117755595582,-0.008547269452669481,0.0010785840023606053,0.007934975215907913,-0.009615482349592752
ETH/USDT,2025-12-15 22:58:00+00:00,2025-12-15 23:00:00+00:00,take_profit,0.0653517153499921,2.0,2948.31,2951.5,0.009022117755595582,-0.008547269452669481,0.0010819757759530368,0.007931560223614964,-0.009618837879044495
ETH/USDT,2025-12-15 22:58:00+00:00,2025-12-15 23:01:00+00:00,take_profit,0.2376091259999965,3.0,2948.31,2957.17,0.009022117755595582,-0.008547269452669481,0.003005111402803573,0.005998978753334994,-0.011517768677485551
ETH/USDT,,2025-12-15 23:05:00+00:00,dry_run,0.0,,,2959.99,,,,0.0050405575694512095,-0.012459501552369967
ETH/USDT,2025-12-15 23:05:00+00:00,2025-12-15 23:06:00+00:00,gate_close,-0.0405540816632139,1.0,2959.99,2960.03,0.0050405575694512095,-0.012459501552369967,1.3513559167677158e-05,0.0053141353297094795,-0.012472846558987616
ETH/USDT,2025-12-15 23:05:00+00:00,2025-12-15 23:07:00+00:00,take_profit,0.0701462920317588,2.0,2959.99,2959.11,0.0050405575694512095,-0.012459501552369967,-0.00029729830168334637,0.005626691809361706,-0.012165820128349436
ETH/USDT,2025-12-15 23:05:00+00:00,2025-12-15 23:09:00+00:00,take_profit,0.0380159999999999,4.0,2959.99,2962.01,0.0050405575694512095,-0.012459501552369967,0.000682434737955262,0.004642118021208619,-0.013132973892728272
ETH/USDT,,2025-12-15 23:11:00+00:00,dry_run,0.0,,,2966.26,,,,0.0032026862109189036,-0.014546937894857503
ETH/USDT,2025-12-15 23:11:00+00:00,2025-12-15 23:13:00+00:00,take_profit,0.0352755681224973,2.0,2966.26,2968.24,0.0032026862109189036,-0.014546937894857503,0.000667507231328246,0.0025334878581249054,-0.015204296148559338
ETH/USDT,2025-12-15 23:11:00+00:00,2025-12-15 23:14:00+00:00,take_profit,0.0357953959999947,3.0,2966.26,2968.25,0.0032026862109189036,-0.014546937894857503,0.0006708784799713818,0.0025301103343722264,-0.015207613913922335
ETH/USDT,,2025-12-15 23:15:00+00:00,dry_run,0.0,,,2965.52,,,,0.003453020043702404,-0.014301033208341196
ETH/USDT,2025-12-15 23:15:00+00:00,2025-12-15 23:18:00+00:00,trailing_prob_drop,-0.0351781173450287,3.0,2965.52,2963.79,0.003453020043702404,-0.014301033208341196,-0.0005833715503520409,0.0040387476845527015,-0.013725668822689774
ETH/USDT,2025-12-15 23:15:00+00:00,2025-12-15 23:20:00+00:00,gate_close,-0.1838986201509108,5.0,2965.52,2958.54,0.003453020043702404,-0.014301033208341196,-0.0023537187407267623,0.005820438459510413,-0.011975501429759228
ETH/USDT,2025-12-15 23:15:00+00:00,2025-12-15 23:21:00+00:00,trailing_prob_drop,-0.2117187144231985,6.0,2965.52,2957.47,0.003453020043702404,-0.014301033208341196,-0.0027145323585746617,0.0061843399933052545,-0.011618038390921903
ETH/USDT,2025-12-15 23:15:00+00:00,2025-12-15 23:22:00+00:00,trailing_prob_drop,-0.1287784335696963,7.0,2965.52,2960.66,0.003453020043702404,-0.014301033208341196,-0.001638835684804052,0.0051002141414415725,-0.012682982848418844
ETH/USDT,2025-12-15 23:15:00+00:00,2025-12-15 23:23:00+00:00,trailing_prob_drop,-0.1721985805240598,8.0,2965.52,2959.38,0.003453020043702404,-0.014301033208341196,-0.0020704631902667137,0.005768100075015603,-0.012255945502098409
ETH/USDT,2025-12-15 23:15:00+00:00,2025-12-15 23:24:00+00:00,trailing_prob_drop,-0.2260187629074437,9.0,2965.52,2956.93,0.003453020043702404,-0.014301033208341196,-0.002896625212441717,0.00680435451633965,-0.011437538257584645
ETH/USDT,2025-12-15 23:15:00+00:00,2025-12-15 23:25:00+00:00,prob_floor,-0.1862386280777323,10.0,2965.52,2958.23,0.003453020043702404,-0.014301033208341196,-0.002458253527205967,0.006770940731450903,-0.01187196397846002
ETH/USDT,2025-12-15 23:15:00+00:00,2025-12-15 23:26:00+00:00,prob_floor,-0.1981986686001127,11.0,2965.52,2956.55,0.003453020043702404,-0.014301033208341196,-0.0030247646281258422,0.007343018044680516,-0.011310480120410582
ETH/USDT,2025-12-15 23:15:00+00:00,2025-12-15 23:28:00+00:00,prob_floor,-0.1831186175087283,13.0,2965.52,2958.57,0.003453020043702404,-0.014301033208341196,-0.002343602471067352,0.006655242228509106,-0.011985520031636887
ETH/USDT,2025-12-15 23:15:00+00:00,2025-12-15 23:29:00+00:00,prob_floor,-0.1490585021864059,14.0,2965.52,2959.88,0.003453020043702404,-0.014301033208341196,-0.001901858695945391,0.006209711204508306,-0.012422800924361765
ETH/USDT,2025-12-15 23:15:00+00:00,2025-12-15 23:30:00+00:00,prob_floor,-0.2070386985595181,15.0,2965.52,2957.66,0.003453020043702404,-0.014301033208341196,-0.0026504626507324325,0.006964965547088031,-0.011681532021936114
ETH/USDT,2025-12-15 23:15:00+00:00,2025-12-15 23:31:00+00:00,prob_floor,-0.1298184370876224,16.0,2965.52,2960.48,0.003453020043702404,-0.014301033208341196,-0.001699533302759737,0.006005782846024932,-0.012622953034643003
ETH/USDT,2025-12-15 23:15:00+00:00,2025-12-15 23:32:00+00:00,prob_floor,-0.0806782709693492,17.0,2965.52,2962.51,0.003453020043702404,-0.014301033208341196,-0.0010149990558147026,0.005316437750421121,-0.013299533166132749
ETH/USDT,2025-12-15 23:15:00+00:00,2025-12-15 23:33:00+00:00,trailing_prob_drop,-0.1760985937316511,18.0,2965.52,2961.17,0.003453020043702404,-0.014301033208341196,-0.001466859100596185,0.005771367398697214,-0.012853027688379925
ETH/USDT,2025-12-15 23:15:00+00:00,2025-12-15 23:35:00+00:00,trailing_prob_drop,-0.1404784731518406,20.0,2965.52,2959.93,0.003453020043702404,-0.014301033208341196,-0.0018849982465133364,0.006192714016885592,-0.01243948336616063
ETH/USDT,2025-12-15 23:15:00+00:00,2025-12-15 23:37:00+00:00,trailing_prob_drop,-1.2114454760673548,22.0,2965.52,2940.35,0.003453020043702404,-0.014301033208341196,-0.008487550244139386,0.012893022939446164,-0.005863247572567842
ETH/USDT,2025-12-15 23:15:00+00:00,2025-12-15 23:38:00+00:00,prob_floor,-0.0484384765900528,23.0,2965.52,2963.78,0.003453020043702404,-0.014301033208341196,-0.000586743640238363,0.004885652781245531,-0.013722341064451471
ETH/USDT,2025-12-15 23:15:00+00:00,2025-12-15 23:40:00+00:00,gate_close,-0.0580581945734388,25.0,2965.52,2963.39,0.003453020043702404,-0.014301033208341196,-0.0007182551458092545,0.005017901794903912,-0.01359254097503193
ETH/USDT,2025-12-15 23:15:00+00:00,2025-12-15 23:42:00+00:00,gate_close,-0.0107380349017041,27.0,2965.52,2965.2,0.003453020043702404,-0.014301033208341196,-0.0001079068763657487,0.0044044246593824,-0.01419465803318487
ETH/USDT,2025-12-15 23:15:00+00:00,2025-12-15 23:44:00+00:00,gate_close,0.0012219479999966,29.0,2965.52,2965.58,0.003453020043702404,-0.014301033208341196,2.0232539318598697e-05,0.004275723467247694,-0.014320975997949792
ETH/USDT,,2025-12-16 00:00:00+00:00,dry_run,0.0,,,2963.54,,,,0.00496703267038745,-0.013642468129331786
ETH/USDT,2025-12-16 00:00:00+00:00,2025-12-16 00:03:00+00:00,take_profit,0.043090268,3.0,2963.54,2965.25,0.00496703267038745,-0.013642468129331786,0.0005770126267909959,0.004387488407385565,-0.014211280667734583
ETH/USDT,,2025-12-16 00:04:00+00:00,dry_run,0.0,,,2966.29,,,,0.004035343813315606,-0.01455690441595392
ETH/USDT,2025-12-16 00:04:00+00:00,2025-12-16 00:05:00+00:00,take_profit,0.0342354606198687,1.0,2966.29,2967.99,0.004035343813315606,-0.01455690441595392,0.0005731064730689628,0.0034602542461397157,-0.015121344748466048
ETH/USDT,2025-12-16 00:04:00+00:00,2025-12-16 00:06:00+00:00,take_profit,0.0597155463787205,2.0,2966.29,2969.19,0.004035343813315606,-0.01455690441595392,0.0009776522187647796,0.003054705155278059,-0.015519384074444531
ETH/USDT,2025-12-16 00:04:00+00:00,2025-12-16 00:07:00+00:00,take_profit,0.102615291999999,3.0,2966.29,2971.81,0.004035343813315606,-0.01455690441595392,0.0018609104302007573,0.0021703944734017266,-0.01638731951235095
ETH/USDT,,2025-12-16 00:08:00+00:00,dry_run,0.0,,,2972.83,,,,0.0018265423855383656,-0.016724804311043617
ETH/USDT,2025-12-16 00:08:00+00:00,2025-12-16 00:20:00+00:00,take_profit,0.035241284000007,12.0,2972.83,2974.78,0.0018265423855383656,-0.016724804311043617,0.0006559406356907438,0.0011698344079225098,-0.01736935168314968
ETH/USDT,,2025-12-16 00:22:00+00:00,dry_run,0.0,,,2973.45,,,,0.0016176495316888584,-0.016929828986530726
ETH/USDT,2025-12-16 00:22:00+00:00,2025-12-16 00:23:00+00:00,take_profit,0.0549982980572506,1.0,2973.45,2976.41,0.0016176495316888584,-0.016929828986530726,0.0009954766348854172,0.0006215541541656489,-0.017907479144338212
ETH/USDT,2025-12-16 00:22:00+00:00,2025-12-16 00:24:00+00:00,take_profit,0.0487582771082313,2.0,2973.45,2977.05,0.0016176495316888584,-0.016929828986530726,0.0012107148262121559,0.0004064426193715054,-0.018118607346198412
ETH/USDT,2025-12-16 00:22:00+00:00,2025-12-16 00:25:00+00:00,take_profit,0.0768380600000047,3.0,2973.45,2977.01,0.0016176495316888584,-0.016929828986530726,0.0011972624392542208,0.0004198843806368924,-0.01810541449306524
ETH/USDT,,2025-12-16 00:27:00+00:00,dry_run,0.0,,,2974.55,,,,0.00011094115076226707,-0.01729337210670523
ETH/USDT,2025-12-16 00:27:00+00:00,2025-12-16 00:34:00+00:00,prob_floor,-0.2549317420391295,7.0,2974.55,2966.78,0.00011094115076226707,-0.01729337210670523,-0.0026121598224941867,0.0,-0.01471966239491973
ETH/USDT,2025-12-16 00:27:00+00:00,2025-12-16 00:35:00+00:00,prob_floor,-0.3439672849683302,8.0,2974.55,2963.78,0.00011094115076226707,-0.01729337210670523,-0.003620715738515079,0.0007456693816678683,-0.013722341064451471
ETH/USDT,2025-12-16 00:27:00+00:00,2025-12-16 00:36:00+00:00,prob_floor,-0.3121319356338984,9.0,2974.55,2963.78,0.00011094115076226707,-0.01729337210670523,-0.003620715738515079,0.0005364770664488816,-0.013722341064451471
ETH/USDT,2025-12-16 00:27:00+00:00,2025-12-16 00:38:00+00:00,prob_floor,-0.5016725791957507,11.0,2974.55,2956.5,0.00011094115076226707,-0.01729337210670523,-0.006068144761392502,0.0023507525790629202,-0.01129375951293754
ETH/USDT,2025-12-16 00:27:00+00:00,2025-12-16 00:39:00+00:00,prob_floor,-0.3594520960069435,12.0,2974.55,2961.96,0.00011094115076226707,-0.01729337210670523,-0.004232572994234518,0.0005030452808274521,-0.013116314872584356
ETH/USDT,2025-12-16 00:27:00+00:00,2025-12-16 00:40:00+00:00,prob_floor,-0.3883121939136807,13.0,2974.55,2960.56,0.00011094115076226707,-0.01729337210670523,-0.00470323242171089,0.0009761666711702865,-0.012649633853054731
ETH/USDT,2025-12-16 00:27:00+00:00,2025-12-16 00:41:00+00:00,prob_floor,-0.4148322839467638,14.0,2974.55,2960.0,0.00011094115076226707,-0.01729337210670523,-0.004891496192701461,0.0011655405405404107,-0.012462837837837748
ETH/USDT,2025-12-16 00:27:00+00:00,2025-12-16 00:42:00+00:00,prob_floor,-0.4234123130883996,15.0,2974.55,2959.51,0.00011094115076226707,-0.01729337210670523,-0.005056226992318114,0.0013313014654452449,-0.012299333335585971
ETH/USDT,2025-12-16 00:27:00+00:00,2025-12-16 00:44:00+00:00,prob_floor,-0.3303319972925413,17.0,2974.55,2962.5,0.00011094115076226707,-0.01729337210670523,-0.0040510329293507175,0.00032067510548516864,-0.013789029535864916
ETH/USDT,2025-12-16 00:27:00+00:00,2025-12-16 00:45:00+00:00,prob_floor,-0.3695921303982362,18.0,2974.55,2961.57,0.00011094115076226707,-0.01729337210670523,-0.004363685263317096,0.0006347984346140034,-0.01347933697329462
ETH/USDT,2025-12-16 00:27:00+00:00,2025-12-16 00:46:00+00:00,prob_floor,-0.5144126225668374,19.0,2974.55,2956.01,0.00011094115076226707,-0.01729337210670523,-0.006232875561009266,0.0025169062350938187,-0.011623776644869355
ETH/USDT,2025-12-16 00:27:00+00:00,2025-12-16 00:48:00+00:00,prob_floor,-0.4397923687404884,21.0,2974.55,2958.93,0.00011094115076226707,-0.01729337210670523,-0.005251214469415677,0.0015275792262743337,-0.012599149016705224
ETH/USDT,2025-12-16 00:27:00+00:00,2025-12-16 00:49:00+00:00,prob_floor,-0.4436967040725384,22.0,2974.55,2958.77,0.00011094115076226707,-0.01729337210670523,-0.0053050041182700625,0.001581738357493201,-0.012545753809860116
ETH/USDT,2025-12-16 00:27:00+00:00,2025-12-16 00:50:00+00:00,prob_floor,-0.5469127332725334,23.0,2974.55,2954.76,0.00011094115076226707,-0.01729337210670523,-0.0066531071926846375,0.0029410172061350437,-0.01120564783603406
ETH/USDT,2025-12-16 00:27:00+00:00,2025-12-16 00:51:00+00:00,prob_floor,-0.6100929487526463,24.0,2974.55,2963.45,0.00011094115076226707,-0.01729337210670523,-0.003731656889277457,0.0,-0.014105181460797311
ETH/USDT,2025-12-16 00:27:00+00:00,2025-12-16 00:53:00+00:00,prob_floor,-0.56511279530863,26.0,2974.55,2954.05,0.00011094115076226707,-0.01729337210670523,-0.006891798759476209,0.003182072070547104,-0.01096799309422658
ETH/USDT,2025-12-16 00:27:00+00:00,2025-12-16 00:54:00+00:00,prob_floor,-0.5367726987223077,27.0,2974.55,2955.64,0.00011094115076226707,-0.01729337210670523,-0.006357264123985296,0.0026424057057017336,-0.011500047367067667
ETH/USDT,2025-12-16 00:27:00+00:00,2025-12-16 00:57:00+00:00,prob_floor,-0.9054220638113748,30.0,2974.55,2952.18,0.00011094115076226707,-0.01729337210670523,-0.007520465280462685,0.0038175179020250027,-0.010341510341510207
ETH/USDT,2025-12-16 00:27:00+00:00,2025-12-16 00:59:00+00:00,prob_floor,-0.9036490071364038,32.0,2974.55,2941.14,0.00011094115076226707,-0.01729337210670523,-0.011231951051419609,0.007585494060126319,-0.006626682170858822
ETH/USDT,2025-12-16 00:27:00+00:00,2025-12-16 01:00:00+00:00,prob_floor,-0.8950539250543879,33.0,2974.55,2941.36,0.00011094115076226707,-0.01729337210670523,-0.01115799028424469,0.007510131367802542,-0.006700981858732025
ETH/USDT,2025-12-16 00:27:00+00:00,2025-12-16 01:01:00+00:00,prob_floor,-0.757513452921717,34.0,2974.55,2946.25,0.00011094115076226707,-0.01729337210670523,-0.009514044141130662,0.005837929571489209,-0.008349596945269377
ETH/USDT,2025-12-16 00:27:00+00:00,2025-12-16 01:02:00+00:00,prob_floor,-0.6555931041536502,35.0,2974.55,2950.57,0.00011094115076226707,-0.01729337210670523,-0.00806172362206048,0.004365258238238523,-0.009801495982132313
ETH/USDT,2025-12-16 00:27:00+00:00,2025-12-16 01:03:00+00:00,prob_floor,-0.6737931663656977,36.0,2974.55,2949.49,0.00011094115076226707,-0.01729337210670523,-0.008424803751828192,0.004733021641029511,-0.00943891994887236
ETH/USDT,2025-12-16 00:27:00+00:00,2025-12-16 01:04:00+00:00,prob_floor,-0.7039532695249308,37.0,2974.55,2948.74,0.00011094115076226707,-0.01729337210670523,-0.008676942730833415,0.004988571389813901,-0.009186974775666767
ETH/USDT,2025-12-16 00:27:00+00:00,2025-12-16 01:05:00+00:00,prob_floor,-0.7218933309254181,38.0,2974.55,2948.02,0.00011094115076226707,-0.01729337210670523,-0.008918996150678371,0.005234021478823125,-0.008944986804702793
ETH/USDT,2025-12-16 00:27:00+00:00,2025-12-16 01:06:00+00:00,prob_floor,-0.6238729957975154,39.0,2974.55,2952.28,0.00011094115076226707,-0.01729337210670523,-0.0074868467499285,0.0037835164686275125,-0.01037503217851965
ETH/USDT,2025-12-16 00:27:00+00:00,2025-12-16 01:17:00+00:00,gate_close,-0.5955328990632283,50.0,2974.55,2952.88,0.00011094115076226707,-0.01729337210670523,-0.007285135566724388,0.003579556229850178,-0.010576115521118368
ETH/USDT,2025-12-16 00:27:00+00:00,2025-12-16 01:28:00+00:00,time_limit,-0.7107109359999944,61.0,2974.55,2948.44,0.00011094115076226707,-0.01729337210670523,-0.008777798322435415,0.005850551478069788,-0.00908616081724567
ETH/USDT,,2025-12-16 01:34:00+00:00,dry_run,0.0,,,2946.01,,,,0.006680221723619262,-0.008268811035943568
ETH/USDT,2025-12-16 01:34:00+00:00,2025-12-16 01:35:00+00:00,trailing_prob_drop,-0.2724142938290773,1.0,2946.01,2937.45,0.006680221723619262,-0.008268811035943568,-0.002905624896045955,0.009613780660096438,-0.005378814958552414
ETH/USDT,2025-12-16 01:34:00+00:00,2025-12-16 01:36:00+00:00,prob_floor,-0.0807138566319895,2.0,2946.01,2941.13,0.006680221723619262,-0.008268811035943568,-0.0016564777444747492,0.008350531938404515,-0.006623304648213479
ETH/USDT,2025-12-16 01:34:00+00:00,2025-12-16 01:38:00+00:00,prob_floor,-0.2629642615582426,4.0,2946.01,2940.06,0.006680221723619262,-0.008268811035943568,-0.0020196808564805213,0.008717509166479731,-0.00626177697053798
ETH/USDT,2025-12-16 01:34:00+00:00,2025-12-16 01:39:00+00:00,prob_floor,-0.5589555695349611,5.0,2946.01,2941.56,0.006680221723619262,-0.008268811035943568,-0.001510517615351037,0.014390323501815239,-0.006768517385332906
ETH/USDT,2025-12-16 01:34:00+00:00,2025-12-16 01:40:00+00:00,prob_floor,-0.1970840367977854,6.0,2946.01,2940.23,0.006680221723619262,-0.008268811035943568,-0.001961975689152462,0.014849178465630164,-0.00631923352934971
ETH/USDT,2025-12-16 01:34:00+00:00,2025-12-16 01:41:00+00:00,prob_floor,-0.2348841657130734,7.0,2946.01,2940.8,0.006680221723619262,-0.008268811035943568,-0.0017684936575231847,0.014652475516865993,-0.006511833514689869
ETH/USDT,2025-12-16 01:34:00+00:00,2025-12-16 01:43:00+00:00,prob_floor,-0.153343887777549,9.0,2946.01,2941.86,0.006680221723619262,-0.008268811035943568,-0.0014086849671250956,0.014286879729150881,-0.0068698034576764044
ETH/USDT,2025-12-16 01:34:00+00:00,2025-12-16 01:44:00+00:00,prob_floor,-0.1114937453499844,10.0,2946.01,2943.4,0.006680221723619262,-0.008268811035943568,-0.0008859440395654339,0.013756200312563527,-0.007389413603315909
ETH/USDT,2025-12-16 01:34:00+00:00,2025-12-16 01:45:00+00:00,prob_floor,-0.0124034087156265,11.0,2946.01,2947.07,0.006680221723619262,-0.008268811035943568,0.00035980869039820007,0.01249376499370558,-0.008625516190657212
ETH/USDT,2025-12-16 01:34:00+00:00,2025-12-16 01:46:00+00:00,take_profit,0.0229665780000014,12.0,2946.01,2947.35,0.006680221723619262,-0.008268811035943568,0.00045485249540888617,0.012397577484859257,-0.008719697355251244
ETH/USDT,,2025-12-16 01:50:00+00:00,dry_run,0.0,,,2947.8,,,,0.012243028699368885,-0.008871022457425881
ETH/USDT,2025-12-16 01:50:00+00:00,2025-12-16 02:10:00+00:00,take_profit,0.0105418260000004,20.0,2947.8,2948.79,0.012243028699368885,-0.008871022457425881,0.0003358436800324771,0.011903187409072924,-0.009203775107756051
ETH/USDT,,2025-12-16 02:14:00+00:00,dry_run,0.0,,,2948.14,,,,0.012126289796278389,-0.008985326341354183
ETH/USDT,2025-12-16 02:14:00+00:00,2025-12-16 02:23:00+00:00,take_profit,0.0118964159999931,9.0,2948.14,2947.99,0.012126289796278389,-0.008985326341354183,-5.087953760674058e-05,0.01217778893415522,-0.008934901407399498
ETH/USDT,,2025-12-16 02:24:00+00:00,dry_run,0.0,,,2949.06,,,,0.011810543020487785,-0.00929448705689262
ETH/USDT,2025-12-16 02:24:00+00:00,2025-12-16 02:25:00+00:00,trailing_prob_drop,-0.0097106355649648,1.0,2949.06,2948.49,0.011810543020487785,-0.00929448705689262,-0.00019328192712264602,0.012006145518553613,-0.009102964568304395
ETH/USDT,2025-12-16 02:24:00+00:00,2025-12-16 02:26:00+00:00,take_profit,0.2719003160802971,2.0,2949.06,2958.86,0.011810543020487785,-0.00929448705689262,0.0033230927821068512,0.008459339069776695,-0.01257578932426684
ETH/USDT,2025-12-16 02:24:00+00:00,2025-12-16 02:28:00+00:00,take_profit,0.4417293419999951,4.0,2949.06,2964.53,0.011810543020487785,-0.00929448705689262,0.005245739320325793,0.006530546157400785,-0.014464350166805584
ETH/USDT,,2025-12-16 02:30:00+00:00,dry_run,0.0,,,2964.28,,,,0.00661543443939161,-0.01438123254213508
ETH/USDT,2025-12-16 02:30:00+00:00,2025-12-16 02:42:00+00:00,trailing_prob_drop,-0.2527941220006779,12.0,2964.28,2954.94,0.00661543443939161,-0.01438123254213508,-0.0031508494474207227,0.0011675363966781038,-0.011265880187076527
ETH/USDT,2025-12-16 02:30:00+00:00,2025-12-16 02:44:00+00:00,prob_floor,-0.2592941440671239,14.0,2964.28,2954.38,0.00661543443939161,-0.01438123254213508,-0.0033397654742467475,0.0013573067784102832,-0.011078466547972843
ETH/USDT,2025-12-16 02:30:00+00:00,2025-12-16 02:45:00+00:00,prob_floor,-0.2517541184704059,15.0,2964.28,2955.08,0.00661543443939161,-0.01438123254213508,-0.0031036204407142165,0.0003350163108952753,-0.011312722498206473
ETH/USDT,2025-12-16 02:30:00+00:00,2025-12-16 02:47:00+00:00,prob_floor,-0.2283540390642418,17.0,2964.28,2955.93,0.00661543443939161,-0.01438123254213508,-0.0028168728999961035,4.736242062586271e-05,-0.011597026993196646
ETH/USDT,2025-12-16 02:30:00+00:00,2025-12-16 02:49:00+00:00,prob_floor,-0.2715141855621476,19.0,2964.28,2953.57,0.00661543443939161,-0.01438123254213508,-0.0036130190130486683,0.00011850066191088082,-0.010807260366268667
ETH/USDT,2025-12-16 02:30:00+00:00,2025-12-16 02:50:00+00:00,prob_floor,-0.3736945330486929,20.0,2964.28,2949.82,0.00661543443939161,-0.01438123254213508,-0.0048780816926876636,0.00138991531686683,-0.009549735238082335
ETH/USDT,2025-12-16 02:30:00+00:00,2025-12-16 02:51:00+00:00,prob_floor,-0.3422344259631524,21.0,2964.28,2951.47,0.00661543443939161,-0.01438123254213508,-0.0043214541136465945,0.0008300948340997927,-0.010103439980755247
ETH/USDT,2025-12-16 02:30:00+00:00,2025-12-16 02:53:00+00:00,prob_floor,-0.4524748015907959,23.0,2964.28,2947.3,0.00661543443939161,-0.01438123254213508,-0.005728203813404997,0.002246123570725622,-0.008702880602585394
ETH/USDT,2025-12-16 02:30:00+00:00,2025-12-16 02:55:00+00:00,prob_floor,-0.4849749125364465,25.0,2964.28,2946.06,0.00661543443939161,-0.01438123254213508,-0.0061465178728056236,0.002667970102441908,-0.008285642519161085
ETH/USDT,2025-12-16 02:30:00+00:00,2025-12-16 02:56:00+00:00,prob_floor,-0.5343750813542656,26.0,2964.28,2943.3,0.00661543443939161,-0.01438123254213508,-0.0070776040050197775,0.0036081948832942246,-0.0073556891924031476
ETH/USDT,2025-12-16 02:30:00+00:00,2025-12-16 02:57:00+00:00,prob_floor,-0.4711948654840146,27.0,2964.28,2944.37,0.00661543443939161,-0.01438123254213508,-0.006716639453762885,0.0032434782313364163,-0.007716421509524896
ETH/USDT,2025-12-16 02:30:00+00:00,2025-12-16 02:58:00+00:00,prob_floor,-0.4592348246597567,28.0,2964.28,2946.1,0.00661543443939161,-0.01438123254213508,-0.006133023870889542,0.0026543566070398317,-0.008299107294389096
ETH/USDT,2025-12-16 02:30:00+00:00,2025-12-16 03:00:00+00:00,prob_floor,-0.4132146676939089,30.0,2964.28,2948.25,0.00661543443939161,-0.01438123254213508,-0.005407721267896459,0.0019231747646908381,-0.009022301365216645
ETH/USDT,2025-12-16 02:30:00+00:00,2025-12-16 03:01:00+00:00,prob_floor,-0.4441547732038567,31.0,2964.28,2950.19,0.00661543443939161,-0.01438123254213508,-0.004753262174963302,0.0012643253485369321,-0.009673953203014007
ETH/USDT,2025-12-16 02:30:00+00:00,2025-12-16 03:03:00+00:00,prob_floor,-0.4139946703527586,33.0,2964.28,2948.79,0.00661543443939161,-0.01438123254213508,-0.005225552242028475,0.0017396966213261145,-0.009203775107756051
ETH/USDT,2025-12-16 02:30:00+00:00,2025-12-16 03:05:00+00:00,prob_floor,-0.5218950386849869,35.0,2964.28,2944.63,0.00661543443939161,-0.01438123254213508,-0.006628928441307913,0.003154895521678469,-0.007804036500341338
ETH/USDT,2025-12-16 02:30:00+00:00,2025-12-16 03:06:00+00:00,prob_floor,-0.48991492940843,36.0,2964.28,2944.7,0.00661543443939161,-0.01438123254213508,-0.0066053139379547154,0.003131049003294084,-0.007827622508234988
ETH/USDT,2025-12-16 02:30:00+00:00,2025-12-16 03:07:00+00:00,prob_floor,-0.5822152450488184,37.0,2964.28,2941.34,0.00661543443939161,-0.01438123254213508,-0.007738810098911086,0.004276962200901568,-0.006694227800934316
ETH/USDT,2025-12-16 02:30:00+00:00,2025-12-16 03:09:00+00:00,trailing_prob_drop,-0.5972952966906174,39.0,2964.28,2941.74,0.00661543443939161,-0.01438123254213508,-0.007603870079749719,0.004140406698076804,-0.006829291507747026
ETH/USDT,2025-12-16 02:30:00+00:00,2025-12-16 03:10:00+00:00,prob_floor,-0.655795497218109,40.0,2964.28,2939.49,0.00661543443939161,-0.01438123254213508,-0.008362907687533006,0.004909014829103109,-0.006069080010477901
ETH/USDT,2025-12-16 02:30:00+00:00,2025-12-16 03:11:00+00:00,trailing_prob_drop,-0.6490354740303755,41.0,2964.28,2939.74,0.00661543443939161,-0.01438123254213508,-0.00827857017555711,0.00482355582466476,-0.006153605420887498
ETH/USDT,2025-12-16 02:30:00+00:00,2025-12-16 03:12:00+00:00,prob_floor,-0.8765362566478027,42.0,2964.28,2934.66,0.00661543443939161,-0.01438123254213508,-0.009992308418907858,0.006562940851751131,-0.004433222247210877
ETH/USDT,2025-12-16 02:30:00+00:00,2025-12-16 03:13:00+00:00,prob_floor,-0.8817362745908235,43.0,2964.28,2931.0,0.00661543443939161,-0.01438123254213508,-0.011227009594235393,0.007819856704196493,-0.0031900375298532513
ETH/USDT,2025-12-16 02:30:00+00:00,2025-12-16 03:14:00+00:00,prob_floor,-0.8359761167761768,44.0,2964.28,2930.8,0.00661543443939161,-0.01438123254213508,-0.011294479603816132,0.007888631090487097,-0.0031220144670397465
ETH/USDT,2025-12-16 02:30:00+00:00,2025-12-16 03:16:00+00:00,prob_floor,-0.8071160173427507,46.0,2964.28,2934.54,0.00661543443939161,-0.01438123254213508,-0.010032790424656324,0.0066041014946125465,-0.0043925112624124685
ETH/USDT,2025-12-16 02:30:00+00:00,2025-12-16 03:17:00+00:00,prob_floor,-0.8068560164472782,47.0,2964.28,2934.49,0.00661543443939161,-0.01438123254213508,-0.010049657927051592,0.006621252756015661,-0.004375547369389499
ETH/USDT,2025-12-16 02:30:00+00:00,2025-12-16 03:18:00+00:00,prob_floor,-0.8952563212541522,48.0,2964.28,2930.28,0.00661543443939161,-0.01438123254213508,-0.011469901628726076,0.00806748843113958,-0.0029451110474084663
ETH/USDT,2025-12-16 02:30:00+00:00,2025-12-16 03:19:00+00:00,prob_floor,-0.8510561687623616,49.0,2964.28,2931.87,0.00661543443939161,-0.01438123254213508,-0.01093351505255924,0.0075207973068383005,-0.0034858298628519524
ETH/USDT,2025-12-16 02:30:00+00:00,2025-12-16 03:20:00+00:00,prob_floor,-0.7096156819747366,50.0,2964.28,2937.42,0.00661543443939161,-0.01438123254213508,-0.009061222286693593,0.005617174254958446,-0.005368656848526943
ETH/USDT,2025-12-16 02:30:00+00:00,2025-12-16 03:21:00+00:00,prob_floor,-0.8112760316708545,51.0,2964.28,2931.64,0.00661543443939161,-0.01438123254213508,-0.011011105563577095,0.007599841726815049,-0.0034076489609909943
ETH/USDT,2025-12-16 02:30:00+00:00,2025-12-16 03:22:00+00:00,prob_floor,-0.8091960245066072,52.0,2964.28,2933.51,0.00661543443939161,-0.01438123254213508,-0.010380260973997024,0.006957535512065682,-0.004042938323032819
ETH/USDT,2025-12-16 02:30:00+00:00,2025-12-16 03:23:00+00:00,prob_floor,-0.7712358938276628,53.0,2964.28,2932.91,0.00661543443939161,-0.01438123254213508,-0.010582671002739352,0.007163533828177471,-0.0038391904286185774
ETH/USDT,2025-12-16 02:30:00+00:00,2025-12-16 03:25:00+00:00,prob_floor,-0.8255760809356514,55.0,2964.28,2932.96,0.00661543443939161,-0.01438123254213508,-0.010565803500344195,0.007146364082701417,-0.003856172603785901
ETH/USDT,2025-12-16 02:30:00+00:00,2025-12-16 03:27:00+00:00,trailing_prob_drop,-0.7205357194933687,57.0,2964.28,2937.0,0.00661543443939161,-0.01438123254213508,-0.009202909306813223,0.005760980592441234,-0.005226421518556346
ETH/USDT,2025-12-16 02:30:00+00:00,2025-12-16 03:30:00+00:00,time_limit,-0.6651533199999943,60.0,2964.28,2939.11,0.00661543443939161,-0.01438123254213508,-0.008491100705736332,0.005038940359496591,-0.007199458339429365
ETH/USDT,,2025-12-16 03:32:00+00:00,dry_run,0.0,,,2933.94,,,,0.0068099552138081165,-0.00545000920264227
ETH/USDT,2025-12-16 03:32:00+00:00,2025-12-16 03:35:00+00:00,take_profit,0.1364366700000088,3.0,2933.94,2939.59,0.0068099552138081165,-0.00545000920264227,0.001925738085986728,0.004874829483023202,-0.0100524222765761
ETH/USDT,,2025-12-16 03:36:00+00:00,dry_run,0.0,,,2936.87,,,,0.005805500413705866,-0.08900291807264193
ETH/USDT,2025-12-16 03:36:00+00:00,2025-12-16 03:38:00+00:00,gate_close,-0.1287195354501433,2.0,2936.87,2934.38,0.005805500413705866,-0.08900291807264193,-0.0008478414093915365,0.0066589875885194605,-0.08822988161042544
ETH/USDT,2025-12-16 03:36:00+00:00,2025-12-16 03:40:00+00:00,trailing_prob_drop,-0.0676993272485257,4.0,2936.87,2934.97,0.005805500413705866,-0.08900291807264193,-0.0006469472601783322,0.00645662476958897,-0.08841316947021594
ETH/USDT,2025-12-16 03:36:00+00:00,2025-12-16 03:41:00+00:00,take_profit,0.0116808479999995,5.0,2936.87,2937.9,0.005805500413705866,-0.08900291807264193,0.0003507135147282625,0.005452874502195337,-0.08932230504782335
ETH/USDT,,2025-12-16 03:42:00+00:00,dry_run,0.0,,,2935.06,,,,0.00642576301676967,-0.088441122157639
ETH/USDT,2025-12-16 03:42:00+00:00,2025-12-16 03:43:00+00:00,take_profit,0.0195207978334897,1.0,2935.06,2936.33,0.00642576301676967,-0.088441122157639,0.0004326998425927542,0.005990471098275885,-0.08883538294401516
ETH/USDT,2025-12-16 03:42:00+00:00,2025-12-16 03:45:00+00:00,prob_floor,-0.0590494698850097,3.0,2935.06,2933.6,0.00642576301676967,-0.088441122157639,-0.0004974344647128426,0.006926643032451718,-0.08798745568584676
ETH/USDT,2025-12-16 03:42:00+00:00,2025-12-16 03:46:00+00:00,take_profit,0.020060675999998,4.0,2935.06,2935.49,0.00642576301676967,-0.088441122157639,0.00014650467111398946,0.0062783385397329194,-0.08857465022875222
ETH/USDT,,2025-12-16 03:47:00+00:00,dry_run,0.0,,,2936.41,,,,0.005963063741099006,-0.08886020685122309
ETH/USDT,2025-12-16 03:47:00+00:00,2025-12-16 03:50:00+00:00,prob_floor,-0.0941568795337886,3.0,2936.41,2933.53,0.005963063741099006,-0.08886020685122309,-0.0009807894674107587,0.00282935575910237,-0.09721393679287416
ETH/USDT,2025-12-16 03:47:00+00:00,2025-12-16 03:52:00+00:00,prob_floor,-0.110896936666422,5.0,2936.41,2932.91,0.005963063741099006,-0.08886020685122309,-0.0011919316444229944,0.0030413480127244874,-0.0970230931054823
ETH/USDT,2025-12-16 03:47:00+00:00,2025-12-16 03:54:00+00:00,take_profit,0.0411133860000034,7.0,2936.41,2938.52,0.005963063741099006,-0.08886020685122309,0.0007185645056377865,0.0011264173801777133,-0.09874698827981432
ETH/USDT,,2025-12-16 03:55:00+00:00,dry_run,0.0,,,2937.29,,,,0.005661681345730196,-0.09836958557037268
ETH/USDT,2025-12-16 03:55:00+00:00,2025-12-16 04:08:00+00:00,prob_floor,-0.1473518130175903,13.0,2937.29,2932.14,0.005661681345730196,-0.09836958557037268,-0.00175331683286295,0.007428021854345435,-0.09678596519947891
ETH/USDT,2025-12-16 03:55:00+00:00,2025-12-16 04:10:00+00:00,prob_floor,-0.1187317152932599,15.0,2937.29,2933.49,0.005661681345730196,-0.09836958557037268,-0.0012937095077435457,0.006964400764959189,-0.0972016267312995
ETH/USDT,2025-12-16 03:55:00+00:00,2025-12-16 04:13:00+00:00,prob_floor,-0.1935219708162247,18.0,2937.29,2929.65,0.005661681345730196,-0.09836958557037268,-0.0026010370103053404,0.008284266038605326,-0.09601829570085174
ETH/USDT,2025-12-16 03:55:00+00:00,2025-12-16 04:15:00+00:00,prob_floor,-0.2955823202885069,20.0,2937.29,2926.94,0.005661681345730196,-0.09836958557037268,-0.003523656159248767,0.009217817925888383,-0.09518131564022503
ETH/USDT,2025-12-16 03:55:00+00:00,2025-12-16 04:16:00+00:00,prob_floor,-0.2569721879746525,21.0,2937.29,2926.53,0.005661681345730196,-0.09836958557037268,-0.003663240606136875,0.009359206978913459,-0.095054552661343
ETH/USDT,2025-12-16 03:55:00+00:00,2025-12-16 04:17:00+00:00,prob_floor,-0.279112263831113,22.0,2937.29,2927.56,0.005661681345730196,-0.09836958557037268,-0.0033125772395643516,0.009004085313366827,-0.09537293855634044
ETH/USDT,2025-12-16 03:55:00+00:00,2025-12-16 04:18:00+00:00,prob_floor,-0.3004423369525572,23.0,2937.29,2927.3,0.005661681345730196,-0.09836958557037268,-0.003401094205883526,0.00909370409592447,-0.09529259044170402
ETH/USDT,2025-12-16 03:55:00+00:00,2025-12-16 04:19:00+00:00,prob_floor,-0.2402321306479532,24.0,2937.29,2928.52,0.005661681345730196,-0.09836958557037268,-0.0029857453639239306,0.008673323043721703,-0.09566948492754024
ETH/USDT,2025-12-16 03:55:00+00:00,2025-12-16 04:20:00+00:00,prob_floor,-0.3339224518051173,25.0,2937.29,2925.53,0.005661681345730196,-0.09836958557037268,-0.004003690476595656,0.009704224533674255,-0.09474522565142052
ETH/USDT,2025-12-16 03:55:00+00:00,2025-12-16 04:21:00+00:00,prob_floor,-0.3107033754997286,26.0,2937.29,2926.4,0.005661681345730196,-0.09836958557037268,-0.003707499089296573,0.009404045926735938,-0.09501435210497544
ETH/USDT,2025-12-16 03:55:00+00:00,2025-12-16 04:22:00+00:00,prob_floor,-0.3719925825219112,27.0,2937.29,2924.11,0.005661681345730196,-0.09836958557037268,-0.004487129292647274,0.010194554924404242,-0.09430561777771707
ETH/USDT,2025-12-16 03:55:00+00:00,2025-12-16 04:23:00+00:00,prob_floor,-0.3385124675586216,28.0,2937.29,2924.11,0.005661681345730196,-0.09836958557037268,-0.004487129292647274,0.010194554924404242,-0.09430561777771707
ETH/USDT,2025-12-16 03:55:00+00:00,2025-12-16 04:24:00+00:00,prob_floor,-0.3528225166842171,29.0,2937.29,2924.82,0.005661681345730196,-0.09836958557037268,-0.0042454098846215205,0.009949330215192731,-0.09452547507197029
ETH/USDT,2025-12-16 03:55:00+00:00,2025-12-16 04:25:00+00:00,prob_floor,-0.3198824036292974,30.0,2937.29,2926.04,0.005661681345730196,-0.09836958557037268,-0.0038300610426618142,0.00952823611433895,-0.09490300884471847
ETH/USDT,2025-12-16 03:55:00+00:00,2025-12-16 04:26:00+00:00,prob_floor,-0.4187027430772741,31.0,2937.29,2922.39,0.005661681345730196,-0.09836958557037268,-0.005072703069836537,0.01078911438925001,-0.09377256286806346
ETH/USDT,2025-12-16 03:55:00+00:00,2025-12-16 04:27:00+00:00,prob_floor,-0.4762129410165702,32.0,2937.29,2922.57,0.005661681345730196,-0.09836958557037268,-0.005011422093153861,0.010726860263398308,-0.09382837707907776
ETH/USDT,2025-12-16 03:55:00+00:00,2025-12-16 04:29:00+00:00,prob_floor,-0.4670329094012476,34.0,2937.29,2920.59,0.005661681345730196,-0.09836958557037268,-0.005685512836662299,0.011412077696629774,-0.09321404236815167
ETH/USDT,2025-12-16 03:55:00+00:00,2025-12-16 04:30:00+00:00,prob_floor,-0.4548828675687937,35.0,2937.29,2921.05,0.005661681345730196,-0.09836958557037268,-0.005528905896251213,0.011252802930453054,-0.0933568408620189
ETH/USDT,2025-12-16 03:55:00+00:00,2025-12-16 04:31:00+00:00,prob_floor,-0.4980830163650434,36.0,2937.29,2919.44,0.005661681345730196,-0.09836958557037268,-0.0060770301876900135,0.01181048420244979,-0.09285684925876203
ETH/USDT,2025-12-16 03:55:00+00:00,2025-12-16 04:32:00+00:00,prob_floor,-0.5102330582434028,37.0,2937.29,2919.29,0.005661681345730196,-0.09836958557037268,-0.006128097668258836,0.011862473409630425,-0.09281023810584077
ETH/USDT,2025-12-16 03:55:00+00:00,2025-12-16 04:33:00+00:00,prob_floor,-0.7273596856163932,38.0,2937.29,2913.84,0.005661681345730196,-0.09836958557037268,-0.00798354946225932,0.013755044889218304,-0.09111344480136185
ETH/USDT,2025-12-16 03:55:00+00:00,2025-12-16 04:35:00+00:00,prob_floor,-0.6938522048344015,40.0,2937.29,2912.29,0.005661681345730196,-0.09836958557037268,-0.008511246761470637,0.01429459291485391,-0.09062971064008052
ETH/USDT,2025-12-16 03:55:00+00:00,2025-12-16 04:36:00+00:00,prob_floor,-13.704825826705305,41.0,2937.29,2908.5,0.005661681345730196,-0.09836958557037268,-0.009801551770509564,0.0156162970603404,-0.08944473096097649
ETH/USDT,2025-12-16 03:55:00+00:00,2025-12-16 04:38:00+00:00,prob_floor,-0.8539442483076908,43.0,2937.29,2907.8,0.005661681345730196,-0.09836958557037268,-0.0100398666798307,0.01586078822477477,-0.0892255313295276
ETH/USDT,2025-12-16 03:55:00+00:00,2025-12-16 04:40:00+00:00,prob_floor,-0.7235337955496941,45.0,2937.29,2911.03,0.005661681345730196,-0.09836958557037268,-0.008940213598248592,0.014733616623669343,-0.09023610199826193
ETH/USDT,2025-12-16 03:55:00+00:00,2025-12-16 04:41:00+00:00,prob_floor,-0.7146237646707446,46.0,2937.29,2911.01,0.005661681345730196,-0.09836958557037268,-0.008947022595657828,0.014740588318143732,-0.09022985149484208
ETH/USDT,2025-12-16 03:55:00+00:00,2025-12-16 04:43:00+00:00,prob_floor,-0.622553445997674,48.0,2937.29,2914.83,0.005661681345730196,-0.09836958557037268,-0.007646504090505157,0.013410730642953395,-0.09142214125695158
ETH/USDT,2025-12-16 03:55:00+00:00,2025-12-16 04:44:00+00:00,prob_floor,-0.6957236991931228,49.0,2937.29,2911.71,0.005661681345730196,-0.09836958557037268,-0.008708707686336692,0.014496635997403695,-0.09044856802360124
ETH/USDT,2025-12-16 03:55:00+00:00,2025-12-16 04:45:00+00:00,prob_floor,-0.7445938685641618,50.0,2937.29,2910.32,0.005661681345730196,-0.09836958557037268,-0.009181933006274456,0.0168916132933834,-0.0900141565188709
ETH/USDT,2025-12-16 03:55:00+00:00,2025-12-16 04:47:00+00:00,prob_floor,-0.8504342361019732,52.0,2937.29,2906.4,0.005661681345730196,-0.09836958557037268,-0.010516496498473082,0.018263143407652116,-0.08878681530415644
ETH/USDT,2025-12-16 03:55:00+00:00,2025-12-16 04:49:00+00:00,prob_floor,-1.295125791218638,54.0,2937.29,2889.93,0.005661681345730196,-0.09836958557037268,-0.01612370586492995,0.024066326866048815,-0.08359372026312051
ETH/USDT,2025-12-16 03:55:00+00:00,2025-12-16 04:51:00+00:00,prob_floor,-0.9300845133473664,56.0,2937.29,2903.45,0.005661681345730196,-0.09836958557037268,-0.01152082361632667,0.019297732008472845,-0.03329487334033632
ETH/USDT,2025-12-16 03:55:00+00:00,2025-12-16 04:52:00+00:00,prob_floor,-0.7402738535836523,57.0,2937.29,2910.68,0.005661681345730196,-0.09836958557037268,-0.009059371052909326,0.016765841658993752,-0.03569612599117722
ETH/USDT,2025-12-16 03:55:00+00:00,2025-12-16 04:53:00+00:00,prob_floor,-0.7265038058442372,58.0,2937.29,2910.98,0.005661681345730196,-0.09836958557037268,-0.008957236091771681,0.016661055726937324,-0.03579550529374986
ETH/USDT,2025-12-16 03:55:00+00:00,2025-12-16 04:55:00+00:00,time_limit,-0.649281366000001,60.0,2937.29,2913.84,0.005661681345730196,-0.09836958557037268,-0.00798354946225932,0.01566317985888044,-0.03674189385827631
ETH/USDT,,2025-12-16 04:56:00+00:00,dry_run,0.0,,,2917.47,,,,0.014399462548029707,-0.03794040727068304
ETH/USDT,2025-12-16 04:56:00+00:00,2025-12-16 05:00:00+00:00,take_profit,0.0647056080000005,4.0,2917.47,2919.99,0.014399462548029707,-0.03794040727068304,0.0008637620952400837,0.013524018917873137,-0.03877068072150913
ETH/USDT,,2025-12-16 05:02:00+00:00,dry_run,0.0,,,2918.26,,,,0.014124855221947286,-0.03820084570942961
ETH/USDT,2025-12-16 05:02:00+00:00,2025-12-16 05:06:00+00:00,take_profit,0.0377013420000005,4.0,2918.26,2920.26,0.014124855221947286,-0.03820084570942961,0.0006853398943205136,0.03328813187866819,-0.038859553601391705
ETH/USDT,,2025-12-16 05:07:00+00:00,dry_run,0.0,,,2920.88,,,,0.03306880118320499,-0.03906356988304893
ETH/USDT,2025-12-16 05:07:00+00:00,2025-12-16 05:10:00+00:00,take_profit,0.0749472479999911,3.0,2920.88,2924.25,0.03306880118320499,-0.03906356988304893,0.0011537618799812854,0.031878259382747576,-0.04017098401299468
ETH/USDT,,2025-12-16 05:13:00+00:00,dry_run,0.0,,,2920.58,,,,0.03317491731094502,-0.03896486314362202
ETH/USDT,2025-12-16 05:13:00+00:00,2025-12-16 05:15:00+00:00,trailing_prob_drop,-0.0508713048467729,2.0,2920.58,2919.02,0.03317491731094502,-0.03896486314362202,-0.0005341404789459547,0.03372707278470166,-0.0384512610396639
ETH/USDT,2025-12-16 05:13:00+00:00,2025-12-16 05:17:00+00:00,take_profit,0.0544288139999975,4.0,2920.58,2926.16,0.03317491731094502,-0.03896486314362202,0.0019105794054605774,0.031204718812368304,-0.04079749569401525
ETH/USDT,,2025-12-16 05:19:00+00:00,dry_run,0.0,,,2923.31,,,,0.0322100632502198,-0.03986234781805542
ETH/USDT,2025-12-16 05:19:00+00:00,2025-12-16 05:24:00+00:00,prob_floor,-0.1397199691155938,5.0,2923.31,2920.08,0.0322100632502198,-0.03986234781805542,-0.0011049118978144756,0.03335182597737041,-0.038800306840908405
ETH/USDT,2025-12-16 05:19:00+00:00,2025-12-16 05:25:00+00:00,prob_floor,-0.2587903782284181,6.0,2923.31,2915.01,0.0322100632502198,-0.03986234781805542,-0.0028392472915974576,0.03514910755023126,-0.03712851756940805
ETH/USDT,2025-12-16 05:19:00+00:00,2025-12-16 05:26:00+00:00,prob_floor,-0.1931801526459108,7.0,2923.31,2916.1,0.0322100632502198,-0.03986234781805542,-0.0024663822858335127,0.034762182366859795,-0.03748842632282834
ETH/USDT,2025-12-16 05:19:00+00:00,2025-12-16 05:31:00+00:00,prob_floor,-0.2474503392119531,12.0,2923.31,2915.54,0.0322100632502198,-0.03986234781805542,-0.0026579459585196474,0.03496093348059026,-0.037303552686637764
ETH/USDT,2025-12-16 05:19:00+00:00,2025-12-16 05:33:00+00:00,prob_floor,-0.234490294635486,14.0,2923.31,2915.91,0.0322100632502198,-0.03986234781805542,-0.0025313771033520505,0.034829607223817005,-0.037425709298297805
ETH/USDT,2025-12-16 05:19:00+00:00,2025-12-16 05:34:00+00:00,prob_floor,-0.2601403828739875,15.0,2923.31,2913.97,0.0322100632502198,-0.03986234781805542,-0.003195008398014676,0.03551855372567325,-0.03678486738024056
ETH/USDT,2025-12-16 05:19:00+00:00,2025-12-16 05:35:00+00:00,prob_floor,-0.1726600821704614,16.0,2923.31,2918.19,0.0322100632502198,-0.03986234781805542,-0.0017514392931300415,0.03402108841439366,-0.038177774579448154
ETH/USDT,2025-12-16 05:19:00+00:00,2025-12-16 05:42:00+00:00,take_profit,0.0104004540000068,23.0,2923.31,2925.16,0.0322100632502198,-0.03986234781805542,0.0006328442758378738,0.031557248150528405,-0.04046958115111643
ETH/USDT,,2025-12-16 05:43:00+00:00,dry_run,0.0,,,2924.56,,,,0.03176888147276857,-0.040272724785950675
ETH/USDT,2025-12-16 05:43:00+00:00,2025-12-16 05:45:00+00:00,take_profit,0.045497532789384,2.0,2924.56,2926.85,0.03176888147276857,-0.040272724785950675,0.0007830237710970689,0.030961614021900674,-0.041023626082648534
ETH/USDT,2025-12-16 05:43:00+00:00,2025-12-16 05:58:00+00:00,trailing_prob_drop,-0.0163326784616189,15.0,2924.56,2924.58,0.03176888147276857,-0.040272724785950675,6.838635555395101e-06,0.03176182562966301,-0.055878108993428155
ETH/USDT,2025-12-16 05:43:00+00:00,2025-12-16 05:59:00+00:00,trailing_prob_drop,-0.0584528225601462,16.0,2924.56,2923.33,0.03176888147276857,-0.040272724785950675,-0.0004205760866592412,0.03220300137172338,-0.055474407610499044
ETH/USDT,2025-12-16 05:43:00+00:00,2025-12-16 06:00:00+00:00,trailing_prob_drop,-0.044682775434074,17.0,2924.56,2924.42,0.03176888147276857,-0.040272724785950675,-4.787044888798775e-05,0.031818275076767266,-0.0558264544764433
ETH/USDT,2025-12-16 05:43:00+00:00,2025-12-16 06:02:00+00:00,take_profit,0.0287573219999901,19.0,2924.56,2926.22,0.03176888147276857,-0.040272724785950675,0.000567606751100902,0.031183574714136242,-0.056407242107565425
ETH/USDT,,2025-12-16 06:03:00+00:00,dry_run,0.0,,,2930.01,,,,0.029849727475332655,-0.05762778966624704
ETH/USDT,2025-12-16 06:03:00+00:00,2025-12-16 06:06:00+00:00,take_profit,0.0262978919999985,3.0,2930.01,2932.42,0.029849727475332655,-0.05762778966624704,0.0008225227900244825,0.006162145940895147,-0.05840227525388597
ETH/USDT,,2025-12-16 06:07:00+00:00,dry_run,0.0,,,2934.66,,,,0.005394151281579385,-0.059120988462036506
ETH/USDT,2025-12-16 06:07:00+00:00,2025-12-16 06:08:00+00:00,take_profit,0.0567830306403568,1.0,2934.66,2935.52,0.005394151281579385,-0.059120988462036506,0.0002930492799848583,0.005099607565269393,-0.05939663160189679
ETH/USDT,2025-12-16 06:07:00+00:00,2025-12-16 06:15:00+00:00,take_profit,0.0405827820000039,8.0,2934.66,2936.76,0.005394151281579385,-0.059120988462036506,0.0007155854511255999,0.004675220310818684,-0.059793786349582656
ETH/USDT,,2025-12-16 06:17:00+00:00,dry_run,0.0,,,2934.41,,,,0.0054798068436243685,-0.14232503297085275
ETH/USDT,2025-12-16 06:17:00+00:00,2025-12-16 06:21:00+00:00,take_profit,0.1121341860000064,4.0,2934.41,2938.69,0.0054798068436243685,-0.14232503297085275,0.001458555552904972,0.004015394614607093,-0.14357417760975133
ETH/USDT,,2025-12-16 06:23:00+00:00,dry_run,0.0,,,2938.01,,,,0.004247773152575851,-0.14337595855698249
ETH/USDT,2025-12-16 06:23:00+00:00,2025-12-16 06:24:00+00:00,take_profit,0.0346249191184124,1.0,2938.01,2939.89,0.004247773152575851,-0.14337595855698249,0.0006398889043943701,0.003605577079414557,-0.14392375224923382
ETH/USDT,2025-12-16 06:23:00+00:00,2025-12-16 06:25:00+00:00,take_profit,0.0332749145292976,2.0,2938.01,2939.99,0.004247773152575851,-0.14337595855698249,0.0006739255482450801,0.0035714407191860253,-0.1439528705879951
ETH/USDT,2025-12-16 06:23:00+00:00,2025-12-16 06:27:00+00:00,take_profit,0.1312847459999951,4.0,2938.01,2943.46,0.004247773152575851,-0.14337595855698249,0.0018549970898669166,0.024630876587417472,-0.14496205146324392
ETH/USDT,,2025-12-16 06:28:00+00:00,dry_run,0.0,,,2942.02,,,,0.025132392029965755,-0.1445435449113195
ETH/USDT,2025-12-16 06:28:00+00:00,2025-12-16 06:29:00+00:00,gate_close,-0.0696148754000658,1.0,2942.02,2942.8,0.025132392029965755,-0.1445435449113195,0.00026512396244759984,0.024860676906347745,-0.14477028680168558
ETH/USDT,2025-12-16 06:28:00+00:00,2025-12-16 06:36:00+00:00,trailing_prob_drop,-0.0385647697450733,8.0,2942.02,2940.17,0.025132392029965755,-0.1445435449113195,-0.0006288196545231051,0.025777421033477577,-0.14400527860633916
ETH/USDT,2025-12-16 06:28:00+00:00,2025-12-16 06:40:00+00:00,take_profit,0.0089553060000019,12.0,2942.02,2942.27,0.025132392029965755,-0.1445435449113195,8.497562898956978e-05,0.025045288161861468,-0.14461623168505955
ETH/USDT,,2025-12-16 06:42:00+00:00,dry_run,0.0,,,2940.8,,,,0.025557671381936764,-0.14418865614798704
ETH/USDT,2025-12-16 06:42:00+00:00,2025-12-16 06:44:00+00:00,prob_floor,-0.0072402892465619,2.0,2940.8,2941.14,0.025557671381936764,-0.14418865614798704,0.00011561479869404145,0.025439115445031524,-0.14428758916610562
ETH/USDT,2025-12-16 06:42:00+00:00,2025-12-16 06:45:00+00:00,take_profit,0.0162496799999891,3.0,2940.8,2941.99,0.025557671381936764,-0.14418865614798704,0.0004046517954297002,0.02514284548893775,-0.14453482166832643
ETH/USDT,,2025-12-16 06:46:00+00:00,dry_run,0.0,,,2943.89,,,,0.024481213632302934,-0.14508694278658507
ETH/USDT,2025-12-16 06:46:00+00:00,2025-12-16 06:52:00+00:00,take_profit,0.090752939999995,6.0,2943.89,2947.86,0.024481213632302934,-0.14508694278658507,0.0013485558223982341,0.02310150414198775,-0.14623828811408957
ETH/USDT,,2025-12-16 06:53:00+00:00,dry_run,0.0,,,2947.95,,,,0.023070269170101243,-0.14626435319459286
ETH/USDT,2025-12-16 06:53:00+00:00,2025-12-16 07:08:00+00:00,trailing_prob_drop,-0.1371493944828061,15.0,2947.95,2944.37,0.023070269170101243,-0.14626435319459286,-0.001214403229362726,0.024314199642028633,-0.14522631326905244
ETH/USDT,2025-12-16 06:53:00+00:00,2025-12-16 07:09:00+00:00,prob_floor,-0.1941195884622086,16.0,2947.95,2944.68,0.023070269170101243,-0.14626435319459286,-0.001109245407825754,0.024206365377562378,-0.14531629922436384
ETH/USDT,2025-12-16 06:53:00+00:00,2025-12-16 07:10:00+00:00,prob_floor,-0.1706295084464814,17.0,2947.95,2941.25,0.023070269170101243,-0.14626435319459286,-0.0022727658203157697,0.0254007649808754,-0.14431959201019973
ETH/USDT,2025-12-16 06:53:00+00:00,2025-12-16 07:12:00+00:00,prob_floor,-0.2038396215859921,19.0,2947.95,2941.02,0.023070269170101243,-0.14626435319459286,-0.0023507861395206664,0.025480955586837162,-0.14425267424226973
ETH/USDT,2025-12-16 06:53:00+00:00,2025-12-16 07:13:00+00:00,prob_floor,-0.2178796694458305,20.0,2947.95,2940.42,0.023070269170101243,-0.14626435319459286,-0.0025543174070116192,0.02569020752137452,-0.14407805687622854
ETH/USDT,2025-12-16 06:53:00+00:00,2025-12-16 07:14:00+00:00,prob_floor,-0.2953718253990169,21.0,2947.95,2937.64,0.023070269170101243,-0.14626435319459286,-0.003497345613053149,0.026660857014474182,-0.14326806552198357
ETH/USDT,2025-12-16 06:53:00+00:00,2025-12-16 07:15:00+00:00,prob_floor,-0.3612501591388867,22.0,2947.95,2935.19,0.023070269170101243,-0.14626435319459286,-0.004328431621974493,0.027517809749965094,-0.14255295227906883
ETH/USDT,2025-12-16 06:53:00+00:00,2025-12-16 07:18:00+00:00,prob_floor,-0.3844702386156172,25.0,2947.95,2934.22,0.023070269170101243,-0.14626435319459286,-0.004657473837751613,0.02785748853187564,-0.02009392615413963
ETH/USDT,2025-12-16 06:53:00+00:00,2025-12-16 07:19:00+00:00,prob_floor,-0.3898702571052797,26.0,2947.95,2934.13,0.023070269170101243,-0.14626435319459286,-0.00468800352787524,0.02788901650574438,-0.020063869017391878
ETH/USDT,2025-12-16 06:53:00+00:00,2025-12-16 07:20:00+00:00,prob_floor,-0.4201103606938755,27.0,2947.95,2933.35,0.023070269170101243,-0.14626435319459286,-0.004952594175613556,0.028162339986704588,-0.019803296572178497
ETH/USDT,2025-12-16 06:53:00+00:00,2025-12-16 07:21:00+00:00,prob_floor,-0.4473804541764626,28.0,2947.95,2931.74,0.023070269170101243,-0.14626435319459286,-0.005498736410047722,0.0287269676028572,-0.019265009857627025
ETH/USDT,2025-12-16 06:53:00+00:00,2025-12-16 07:22:00+00:00,prob_floor,-0.4241603745733585,29.0,2947.95,2932.85,0.023070269170101243,-0.14626435319459286,-0.005122203565189332,0.028337623813014634,-0.019636190054042935
ETH/USDT,2025-12-16 06:53:00+00:00,2025-12-16 07:24:00+00:00,prob_floor,-0.4676305236359013,31.0,2947.95,2931.25,0.023070269170101243,-0.14626435319459286,-0.0056649536118318355,0.028898933901919,-0.019101066098080932
ETH/USDT,2025-12-16 06:53:00+00:00,2025-12-16 07:25:00+00:00,prob_floor,-0.5156906886286544,32.0,2947.95,2929.47,0.023070269170101243,-0.14626435319459286,-0.006268763038721814,0.029524111870065317,-0.01850505381519507
ETH/USDT,2025-12-16 06:53:00+00:00,2025-12-16 07:26:00+00:00,prob_floor,-0.5030006450436864,33.0,2947.95,2929.94,0.023070269170101243,-0.14626435319459286,-0.00610933021252047,0.029358962982177106,-0.018662498208154354
ETH/USDT,2025-12-16 06:53:00+00:00,2025-12-16 07:27:00+00:00,prob_floor,-1.7179306275324375,34.0,2947.95,3015.96,0.023070269170101243,-0.14626435319459286,0.023070269170101243,0.0,-0.046651812358254
ETH/USDT,2025-12-16 06:53:00+00:00,2025-12-16 07:29:00+00:00,prob_floor,-0.4706005338262534,36.0,2947.95,2931.13,0.023070269170101243,-0.14626435319459286,-0.005705659865330004,0.02842589717958588,-0.01906090825040163
ETH/USDT,2025-12-16 06:53:00+00:00,2025-12-16 07:30:00+00:00,prob_floor,-0.4679005245622485,37.0,2947.95,2931.61,0.023070269170101243,-0.14626435319459286,-0.005542834851337219,0.0282575103782563,-0.019221519915677665
ETH/USDT,2025-12-16 06:53:00+00:00,2025-12-16 07:31:00+00:00,prob_floor,-0.3798802229014251,38.0,2947.95,2932.35,0.023070269170101243,-0.14626435319459286,-0.005291812954765107,0.027998022064214645,-0.01946902654867244
ETH/USDT,2025-12-16 06:53:00+00:00,2025-12-16 07:33:00+00:00,trailing_prob_drop,-0.4411704328826867,40.0,2947.95,2932.22,0.023070269170101243,-0.14626435319459286,-0.005335911396054938,0.02804359836574344,-0.019425554699169734
ETH/USDT,2025-12-16 06:53:00+00:00,2025-12-16 07:34:00+00:00,prob_floor,-0.4101203264638953,41.0,2947.95,2932.47,0.023070269170101243,-0.14626435319459286,-0.005251106701266939,0.02795595521863814,-0.01950915098875683
ETH/USDT,2025-12-16 06:53:00+00:00,2025-12-16 07:35:00+00:00,trailing_prob_drop,-0.4179503532920682,42.0,2947.95,2933.38,0.023070269170101243,-0.14626435319459286,-0.004942417612238903,0.027637060319494866,-0.019813321151708863
ETH/USDT,2025-12-16 06:53:00+00:00,2025-12-16 07:36:00+00:00,trailing_prob_drop,-0.4557504828820535,43.0,2947.95,2931.68,0.023070269170101243,-0.14626435319459286,-0.005519089536796806,0.02823295857665231,-0.01924493805599503
ETH/USDT,2025-12-16 06:53:00+00:00,2025-12-16 07:37:00+00:00,trailing_prob_drop,-0.5491708036859995,44.0,2947.95,2927.68,0.023070269170101243,-0.14626435319459286,-0.006875964653403233,0.029637801945567865,-0.017904962290960613
ETH/USDT,2025-12-16 06:53:00+00:00,2025-12-16 07:38:00+00:00,prob_floor,-0.5637508538220721,45.0,2947.95,2928.34,0.023070269170101243,-0.14626435319459286,-0.0066520802591630845,0.029405738404693293,-0.01812631046941271
ETH/USDT,2025-12-16 06:53:00+00:00,2025-12-16 07:40:00+00:00,prob_floor,-0.7789415959501326,47.0,2947.95,2922.78,0.023070269170101243,-0.14626435319459286,-0.008538136671246033,0.03136397539328972,-0.01625849362593146
ETH/USDT,2025-12-16 06:53:00+00:00,2025-12-16 07:42:00+00:00,prob_floor,-0.7562892017545406,49.0,2947.95,2920.78,0.023070269170101243,-0.14626435319459286,-0.009216574229549246,0.032070200425913464,-0.015584878012037895
ETH/USDT,2025-12-16 06:53:00+00:00,2025-12-16 07:43:00+00:00,prob_floor,-0.7414114662284811,50.0,2947.95,2921.11,0.023070269170101243,-0.14626435319459286,-0.009104632032429172,0.031953606676913715,-0.015696088130881747
ETH/USDT,2025-12-16 06:53:00+00:00,2025-12-16 07:45:00+00:00,prob_floor,-0.7190013888276341,52.0,2947.95,2921.55,0.023070269170101243,-0.14626435319459286,-0.00895537576960248,0.03179818931731426,-0.07689069158494644
ETH/USDT,2025-12-16 06:53:00+00:00,2025-12-16 07:47:00+00:00,prob_floor,-0.6304410833841414,54.0,2947.95,2925.22,0.023070269170101243,-0.14626435319459286,-0.007710442850116239,0.030503688611454916,-0.07804883051531164
ETH/USDT,2025-12-16 06:53:00+00:00,2025-12-16 07:48:00+00:00,prob_floor,-0.6547411671266551,55.0,2947.95,2925.52,0.023070269170101243,-0.14626435319459286,-0.007608677216370596,0.0303980147119145,-0.07814337280210015
ETH/USDT,2025-12-16 06:53:00+00:00,2025-12-16 07:49:00+00:00,prob_floor,-0.6274710731524775,56.0,2947.95,2925.56,0.023070269170101243,-0.14626435319459286,-0.007595108465204614,0.03038392649612387,-0.07815597697534837
ETH/USDT,2025-12-16 06:53:00+00:00,2025-12-16 07:50:00+00:00,prob_floor,-0.648531145720891,57.0,2947.95,2925.15,0.023070269170101243,-0.14626435319459286,-0.007734188164656652,0.03052834897355683,-0.07802676785805862
ETH/USDT,2025-12-16 06:53:00+00:00,2025-12-16 07:52:00+00:00,trailing_prob_drop,-0.6010109820316369,59.0,2947.95,2926.3,0.023070269170101243,-0.14626435319459286,-0.00734408656863228,0.030123363974985384,-0.07838909202747513
ETH/USDT,2025-12-16 06:53:00+00:00,2025-12-16 07:53:00+00:00,time_limit,-0.6377289840000054,60.0,2947.95,2925.11,0.023070269170101243,-0.14626435319459286,-0.0077477569158227455,0.030542441138965648,-0.0780141601512423
ETH/USDT,,2025-12-16 07:54:00+00:00,dry_run,0.0,,,2926.86,,,,0.029926269107507508,-0.07856542506303688
ETH/USDT,2025-12-16 07:54:00+00:00,2025-12-16 07:55:00+00:00,take_profit,0.0209150287824154,1.0,2926.86,2928.24,0.029926269107507508,-0.07856542506303688,0.00047149504930188435,0.02944089282299256,-0.07899967215801984
ETH/USDT,2025-12-16 07:54:00+00:00,2025-12-16 08:02:00+00:00,take_profit,0.0468349020000044,8.0,2926.86,2929.19,0.029926269107507508,-0.07856542506303688,0.000796074974546146,0.02910702276055832,-0.07929837258764372
ETH/USDT,,2025-12-16 08:04:00+00:00,dry_run,0.0,,,2927.35,,,,0.029753872956769678,-0.07871966112695783
ETH/USDT,2025-12-16 08:04:00+00:00,2025-12-16 08:06:00+00:00,take_profit,0.0589827286290158,2.0,2927.35,2930.11,0.029753872956769678,-0.07871966112695783,0.0009428322544280388,0.02878390231083472,-0.07958745576104664
ETH/USDT,2025-12-16 08:04:00+00:00,2025-12-16 08:08:00+00:00,take_profit,0.1081224719999916,4.0,2927.35,2931.13,0.029753872956769678,-0.07871966112695783,0.0012912702614993332,0.02842589717958588,-0.07990774888865393
ETH/USDT,,2025-12-16 08:09:00+00:00,dry_run,0.0,,,2931.44,,,,0.028317141063777473,-0.08000504871326042
ETH/USDT,2025-12-16 08:09:00+00:00,2025-12-16 08:12:00+00:00,take_profit,0.0262900620000108,3.0,2931.44,2933.09,0.028317141063777473,-0.08000504871326042,0.0005628633026772967,0.027738664684684,-0.08052258880566243
ETH/USDT,,2025-12-16 08:14:00+00:00,dry_run,0.0,,,2931.25,,,,0.028383795309168347,-0.07994541577825165
ETH/USDT,2025-12-16 08:14:00+00:00,2025-12-16 08:16:00+00:00,trailing_prob_drop,-0.1505592630291043,2.0,2931.25,2925.78,0.028383795309168347,-0.07994541577825165,-0.0018660980810233374,0.03030644819501105,-0.07822529376781584
ETH/USDT,2025-12-16 08:14:00+00:00,2025-12-16 08:17:00+00:00,trailing_prob_drop,-0.1311191965001954,3.0,2931.25,2927.01,0.028383795309168347,-0.07994541577825165,-0.0014464818763325615,0.029873488645409285,-0.07861264566913007
ETH/USDT,2025-12-16 08:14:00+00:00,2025-12-16 08:19:00+00:00,prob_floor,-0.204289447078088,5.0,2931.25,2924.3,0.028383795309168347,-0.07994541577825165,-0.0023710021321960983,0.03082789043531764,-0.07775877987894553
ETH/USDT,2025-12-16 08:14:00+00:00,2025-12-16 08:20:00+00:00,trailing_prob_drop,-0.2342595498474395,6.0,2931.25,2922.48,0.028383795309168347,-0.07994541577825165,-0.0029918976545841858,0.03146984752675808,-0.07718444608688513
ETH/USDT,2025-12-16 08:14:00+00:00,2025-12-16 08:21:00+00:00,prob_floor,-0.1448892436214761,7.0,2931.25,2925.91,0.028383795309168347,-0.07994541577825165,-0.0018217484008529183,0.030260671039095577,-0.07826624879097444
ETH/USDT,2025-12-16 08:14:00+00:00,2025-12-16 08:23:00+00:00,prob_floor,-0.1421892343806939,9.0,2931.25,2926.72,0.028383795309168347,-0.07994541577825165,-0.0015454157782516242,0.004294910343319636,-0.07852134813033018
ETH/USDT,2025-12-16 08:14:00+00:00,2025-12-16 08:24:00+00:00,prob_floor,-0.1934894100631943,10.0,2931.25,2924.2,0.028383795309168347,-0.07994541577825165,-0.002405117270788959,0.005160385746528995,-0.07772724163873879
ETH/USDT,2025-12-16 08:14:00+00:00,2025-12-16 08:25:00+00:00,prob_floor,-0.1681093231180683,11.0,2931.25,2925.63,0.028383795309168347,-0.07994541577825165,-0.0019172707889125729,0.004669079822123834,-0.07817803344920593
ETH/USDT,2025-12-16 08:14:00+00:00,2025-12-16 08:27:00+00:00,prob_floor,-0.1780993573344778,13.0,2931.25,2925.04,0.028383795309168347,-0.07994541577825165,-0.0021185501066097734,0.004871728249870033,-0.07799209583458688
ETH/USDT,2025-12-16 08:14:00+00:00,2025-12-16 08:28:00+00:00,prob_floor,-0.1340892066622221,14.0,2931.25,2926.18,0.028383795309168347,-0.07994541577825165,-0.001729637526652561,0.004480243867431399,-0.07835129759618342
ETH/USDT,2025-12-16 08:14:00+00:00,2025-12-16 08:29:00+00:00,prob_floor,-0.071178991575229,15.0,2931.25,2929.23,0.028383795309168347,-0.07994541577825165,-0.0006891257995735867,0.0034343496413733465,-0.07931094519720205
ETH/USDT,2025-12-16 08:14:00+00:00,2025-12-16 08:30:00+00:00,trailing_prob_drop,-0.0765790100242012,16.0,2931.25,2929.02,0.028383795309168347,-0.07994541577825165,-0.0007607675906183831,0.5387296775030557,-0.07924493516602826
ETH/USDT,2025-12-16 08:14:00+00:00,2025-12-16 08:42:00+00:00,take_profit,0.0260211959999926,28.0,2931.25,2931.81,0.028383795309168347,-0.07994541577825165,0.00019104477611930903,0.5372653753142258,-0.08012115382647578
ETH/USDT,,2025-12-16 08:44:00+00:00,dry_run,0.0,,,2934.3,,,,0.5359608765293256,-0.0809017482874963
ETH/USDT,2025-12-16 08:44:00+00:00,2025-12-16 08:45:00+00:00,take_profit,0.078385102128262,1.0,2934.3,2937.81,0.5359608765293256,-0.0809017482874963,0.0011961967079030522,0.5341257603452914,-0.08199985703636381
ETH/USDT,2025-12-16 08:44:00+00:00,2025-12-16 08:50:00+00:00,take_profit,0.0089947799999896,6.0,2934.3,2935.28,0.5359608765293256,-0.0809017482874963,0.00033398084722091603,0.5354480662832848,-0.051967785015399004
ETH/USDT,,2025-12-16 08:51:00+00:00,dry_run,0.0,,,2935.84,,,,0.5351551855686958,-0.05214861845332186
ETH/USDT,2025-12-16 08:51:00+00:00,2025-12-16 08:59:00+00:00,trailing_prob_drop,-0.1346539398779525,8.0,2935.84,2931.46,0.5351551855686958,-0.05214861845332186,-0.001491906915908281,0.5374489162396896,-0.050732399555170504
ETH/USDT,2025-12-16 08:51:00+00:00,2025-12-16 09:01:00+00:00,prob_floor,-0.1959441494300297,10.0,2935.84,2928.68,0.5351551855686958,-0.05214861845332186,-0.0024388250040875414,0.5389083136430066,-0.049831323326549826
ETH/USDT,2025-12-16 08:51:00+00:00,2025-12-16 09:02:00+00:00,prob_floor,-0.1956741485061624,11.0,2935.84,2929.2,0.5351551855686958,-0.05214861845332186,-0.002261703635075607,0.5386351222176706,-0.050000000000000044
ETH/USDT,2025-12-16 08:51:00+00:00,2025-12-16 09:03:00+00:00,prob_floor,-0.1727240700020483,12.0,2935.84,2929.83,0.5351551855686958,-0.05214861845332186,-0.00204711428415727,0.5383042702136303,-0.05020427806391503
ETH/USDT,2025-12-16 08:51:00+00:00,2025-12-16 09:04:00+00:00,prob_floor,-0.1603040275364514,13.0,2935.84,2930.25,0.5351551855686958,-0.05214861845332186,-0.0019040547168783784,0.538083781247334,-0.050340414640389075
ETH/USDT,2025-12-16 08:51:00+00:00,2025-12-16 09:05:00+00:00,prob_floor,-0.1370839481799853,14.0,2935.84,2930.5,0.5351551855686958,-0.05214861845332186,-0.0018189002125457154,0.5379525678211909,-0.050421429790138306
ETH/USDT,2025-12-16 08:51:00+00:00,2025-12-16 09:06:00+00:00,prob_floor,-0.1740740746186823,15.0,2935.84,2931.36,0.5351551855686958,-0.05214861845332186,-0.001525968717641324,0.5375013645543365,-0.05070001637465216
ETH/USDT,2025-12-16 08:51:00+00:00,2025-12-16 09:07:00+00:00,prob_floor,-0.2053941817687218,16.0,2935.84,2929.75,0.5351551855686958,-0.05214861845332186,-0.002074363725543704,0.5383462752794608,-0.050178342862019054
ETH/USDT,2025-12-16 08:51:00+00:00,2025-12-16 09:08:00+00:00,prob_floor,-0.1778540875460785,17.0,2935.84,2927.76,0.5351551855686958,-0.05214861845332186,-0.0027521935800315367,0.539391890045632,-0.049532748585949804
ETH/USDT,2025-12-16 08:51:00+00:00,2025-12-16 09:10:00+00:00,trailing_prob_drop,-0.1727240700020483,19.0,2935.84,2930.04,0.5351551855686958,-0.05214861845332186,-0.001975584500517824,0.5381940178291083,-0.05027235123069995
ETH/USDT,2025-12-16 08:51:00+00:00,2025-12-16 09:11:00+00:00,trailing_prob_drop,-0.1864941170990402,20.0,2935.84,2929.54,0.5351551855686958,-0.05214861845332186,-0.00214589350918315,0.5384565494924118,-0.05011025621769982
ETH/USDT,2025-12-16 08:51:00+00:00,2025-12-16 09:16:00+00:00,prob_floor,-0.2885544666828592,25.0,2935.84,2925.87,0.5351551855686958,-0.05214861845332186,-0.0033959616327866593,0.5403862782693696,-0.04891878313117126
ETH/USDT,2025-12-16 08:51:00+00:00,2025-12-16 09:17:00+00:00,prob_floor,-0.2188942279802667,26.0,2935.84,2925.75,0.5351551855686958,-0.05214861845332186,-0.0034368357948662,0.5404494574040846,-0.048879774416816235
ETH/USDT,2025-12-16 08:51:00+00:00,2025-12-16 09:19:00+00:00,trailing_prob_drop,-0.2421143075010528,28.0,2935.84,2927.52,0.5351551855686958,-0.05214861845332186,-0.002833941904191062,0.5395180903973329,-0.049454828660436156
ETH/USDT,2025-12-16 08:51:00+00:00,2025-12-16 09:20:00+00:00,trailing_prob_drop,-0.1945941448108299,29.0,2935.84,2929.52,0.5351551855686958,-0.05214861845332186,-0.0021527058695297585,0.5384670526229554,-0.050103771266282626
ETH/USDT,2025-12-16 08:51:00+00:00,2025-12-16 09:21:00+00:00,trailing_prob_drop,-0.1937841420393906,30.0,2935.84,2929.27,0.5351551855686958,-0.05214861845332186,-0.0022378603738624214,0.5385983538560803,-0.050022701901839106
ETH/USDT,2025-12-16 08:51:00+00:00,2025-12-16 09:23:00+00:00,trailing_prob_drop,-0.1762340820056146,32.0,2935.84,2929.91,0.5351551855686958,-0.05214861845332186,-0.0020198648427708354,0.5382622674416622,-0.002713393926775831
ETH/USDT,2025-12-16 08:51:00+00:00,2025-12-16 09:26:00+00:00,trailing_prob_drop,-0.2499443343267343,35.0,2935.84,2927.19,0.5351551855686958,-0.05214861845332186,-0.002946345849910159,0.5396916496708448,-0.0017866964563284515
ETH/USDT,2025-12-16 08:51:00+00:00,2025-12-16 09:27:00+00:00,trailing_prob_drop,-0.2159242178123572,36.0,2935.84,2928.44,0.5351551855686958,-0.05214861845332186,-0.0025205733282468445,0.5390344347160947,-0.0022127822321782453
ETH/USDT,2025-12-16 08:51:00+00:00,2025-12-16 09:28:00+00:00,trailing_prob_drop,-0.2040441771484179,37.0,2935.84,2928.84,0.5351551855686958,-0.05214861845332186,-0.0023843261213145617,0.5388242444107565,-0.002349052867346879
ETH/USDT,2025-12-16 08:51:00+00:00,2025-12-16 09:30:00+00:00,trailing_prob_drop,-0.214304212266569,39.0,2935.84,2928.5,0.5351551855686958,-0.05214861845332186,-0.0025001362472070188,0.5390029025098173,-0.0030390985145979377
ETH/USDT,2025-12-16 08:51:00+00:00,2025-12-16 09:31:00+00:00,trailing_prob_drop,-0.1476139841614632,40.0,2935.84,2930.97,0.5351551855686958,-0.05214861845332186,-0.001658809744400358,0.20249269013330062,-0.003879261814348167
ETH/USDT,2025-12-16 08:51:00+00:00,2025-12-16 09:32:00+00:00,trailing_prob_drop,-0.0968538108005053,41.0,2935.84,2932.86,0.5351551855686958,-0.05214861845332186,-0.0010150416916453464,0.2017177771867733,-0.004521184100161668
ETH/USDT,2025-12-16 08:51:00+00:00,2025-12-16 09:36:00+00:00,gate_close,-0.1870341189463155,45.0,2935.84,2929.01,0.5351551855686958,-0.05214861845332186,-0.002326421058368333,0.20329735985879172,-0.003212689611848507
ETH/USDT,2025-12-16 08:51:00+00:00,2025-12-16 09:40:00+00:00,trailing_prob_drop,-0.1700240607692653,49.0,2935.84,2929.69,0.5351551855686958,-0.05214861845332186,-0.00209480080658353,0.33528803388754436,-0.003444050394410425
ETH/USDT,2025-12-16 08:51:00+00:00,2025-12-16 09:47:00+00:00,trailing_prob_drop,-0.1721840681554413,56.0,2935.84,2930.07,0.5351551855686958,-0.05214861845332186,-0.0019653659599978557,0.3351148607371155,-0.003573293470804484
ETH/USDT,2025-12-16 08:51:00+00:00,2025-12-16 09:52:00+00:00,time_limit,-0.2278035360000098,61.0,2935.84,2926.76,0.5351551855686958,-0.05214861845332186,-0.0030928115973621884,0.3366248001202694,-0.002446391231259226
ETH/USDT,,2025-12-16 10:06:00+00:00,dry_run,0.0,,,2926.97,,,,0.3752481234860625,-0.07414835136677167
ETH/USDT,2025-12-16 10:06:00+00:00,2025-12-16 10:11:00+00:00,take_profit,0.0117351179999995,5.0,2926.97,2927.44,0.3752481234860625,-0.07414835136677167,0.00016057561232263318,0.3750273276309677,-0.07429699669335665
ETH/USDT,,2025-12-16 10:12:00+00:00,dry_run,0.0,,,2927.86,,,,0.37483008067325607,-0.07442978830955038
ETH/USDT,2025-12-16 10:12:00+00:00,2025-12-16 10:18:00+00:00,gate_close,0.0052449120000053,6.0,2927.86,2931.41,0.37483008067325607,-0.07442978830955038,0.001212489668221739,0.3731651321377767,-0.07569736065579347
ETH/USDT,,2025-12-16 10:20:00+00:00,dry_run,0.0,,,2926.75,,,,0.3753514991031006,-0.07422567694541715
ETH/USDT,2025-12-16 10:20:00+00:00,2025-12-16 10:21:00+00:00,take_profit,0.0840958922835698,1.0,2926.75,2929.95,0.3753514991031006,-0.07422567694541715,0.0010933629452463123,0.3738493830952747,-0.07523677878462076
ETH/USDT,2025-12-16 10:20:00+00:00,2025-12-16 10:22:00+00:00,take_profit,0.1121759879491021,2.0,2926.75,2931.03,0.3753514991031006,-0.07422567694541715,0.001462372939267098,0.37334315923071393,-0.07557752735386536
ETH/USDT,2025-12-16 10:20:00+00:00,2025-12-16 10:24:00+00:00,take_profit,0.1205455500000049,4.0,2926.75,2931.8,0.3753514991031006,-0.07422567694541715,0.0017254633979670864,0.37298246810832936,-0.07582031516474519
ETH/USDT,,2025-12-16 10:25:00+00:00,dry_run,0.0,,,2932.24,,,,0.3727764439472896,-0.0759589938067824
ETH/USDT,2025-12-16 10:25:00+00:00,2025-12-16 10:26:00+00:00,take_profit,0.0187259691902561,1.0,2932.24,2933.55,0.3727764439472896,-0.0759589938067824,0.00044675742776867367,0.37216341974740486,-0.0763716316408447
ETH/USDT,2025-12-16 10:25:00+00:00,2025-12-16 10:30:00+00:00,trailing_prob_drop,-0.0981844297507108,5.0,2932.24,2929.56,0.3727764439472896,-0.0759589938067824,-0.0009139770278011605,0.3740322778847336,-0.07511366894687244
ETH/USDT,2025-12-16 10:25:00+00:00,2025-12-16 10:37:00+00:00,take_profit,0.0756958499999965,12.0,2932.24,2935.64,0.3727764439472896,-0.0759589938067824,0.0011595230949716928,0.37118652150808695,-0.07702919976563871
ETH/USDT,,2025-12-16 10:38:00+00:00,dry_run,0.0,,,2935.58,,,,0.37121454704010803,-0.07701033526594392
ETH/USDT,2025-12-16 10:38:00+00:00,2025-12-16 10:40:00+00:00,take_profit,0.1261263390201152,2.0,2935.58,2948.64,0.37121454704010803,-0.07701033526594392,0.0044488653008945,0.3651412176461013,-0.0810984046882629
ETH/USDT,2025-12-16 10:38:00+00:00,2025-12-16 10:41:00+00:00,take_profit,0.1917358560000014,3.0,2935.58,2951.05,0.37121454704010803,-0.07701033526594392,0.00526982742762927,0.3640263634977381,-0.08184883346605443
ETH/USDT,,2025-12-16 10:42:00+00:00,dry_run,0.0,,,2955.01,,,,0.3621984358766974,-0.0830792450786969
ETH/USDT,2025-12-16 10:42:00+00:00,2025-12-16 10:45:00+00:00,take_profit,0.1079729459999916,3.0,2955.01,2959.6,0.3621984358766974,-0.0830792450786969,0.0015532942358909008,0.36008582240843356,-0.0845012839572914
ETH/USDT,,2025-12-16 10:46:00+00:00,dry_run,0.0,,,2964.0,,,,0.3580668016194333,-0.08586032388663956
ETH/USDT,2025-12-16 10:46:00+00:00,2025-12-16 10:59:00+00:00,trailing_prob_drop,-0.4275141964957958,13.0,2964.0,2948.17,0.3580668016194333,-0.08586032388663956,-0.005340755735492531,0.36535884972711874,-0.08095191254235679
ETH/USDT,2025-12-16 10:46:00+00:00,2025-12-16 11:00:00+00:00,prob_floor,-0.460534309147773,14.0,2964.0,2946.99,0.3580668016194333,-0.08586032388663956,-0.005738866396761244,0.36590555108772005,-0.08058391782802099
ETH/USDT,2025-12-16 10:46:00+00:00,2025-12-16 11:03:00+00:00,prob_floor,-0.5707746859499244,17.0,2964.0,2942.37,0.3580668016194333,-0.08586032388663956,-0.0072975708502024395,0.1999136750306727,-0.07914028487239866
ETH/USDT,2025-12-16 10:46:00+00:00,2025-12-16 11:04:00+00:00,prob_floor,-4.533257598538311,18.0,2964.0,2946.73,0.3580668016194333,-0.08586032388663956,-0.005826585695006714,0.19777516094111092,-0.08050279462319243
ETH/USDT,2025-12-16 10:46:00+00:00,2025-12-16 11:06:00+00:00,prob_floor,-0.6310948925846961,20.0,2964.0,2940.34,0.3580668016194333,-0.08586032388663956,-0.007982456140350869,0.05652067447982212,-0.07850452668738983
ETH/USDT,2025-12-16 10:46:00+00:00,2025-12-16 11:08:00+00:00,prob_floor,-0.4886144050227258,22.0,2964.0,2945.82,0.3580668016194333,-0.08586032388663956,-0.006133603238866359,0.05455526814265643,-0.08021875063649508
ETH/USDT,2025-12-16 10:46:00+00:00,2025-12-16 11:09:00+00:00,trailing_prob_drop,-0.4867943988064617,23.0,2964.0,2945.02,0.3580668016194333,-0.08586032388663956,-0.006403508771929856,0.05484173282354621,-0.07996889664586315
ETH/USDT,2025-12-16 10:46:00+00:00,2025-12-16 11:10:00+00:00,trailing_prob_drop,-0.5380145738623663,24.0,2964.0,2944.0,0.3580668016194333,-0.08586032388663956,-0.006747638326585648,0.05520720108695665,-0.07965013586956515
ETH/USDT,2025-12-16 10:46:00+00:00,2025-12-16 11:11:00+00:00,trailing_prob_drop,-0.5767547064207164,25.0,2964.0,2942.43,0.3580668016194333,-0.08586032388663956,-0.007277327935222733,0.05577023072766396,-0.07915906240760173
ETH/USDT,2025-12-16 10:46:00+00:00,2025-12-16 11:12:00+00:00,trailing_prob_drop,-0.5411345845332367,26.0,2964.0,2943.95,0.3580668016194333,-0.08586032388663956,-0.0067645074224021995,0.05522512270928526,-0.07963450466210353
ETH/USDT,2025-12-16 10:46:00+00:00,2025-12-16 11:13:00+00:00,trailing_prob_drop,-0.4945944254496211,27.0,2964.0,2945.12,0.3580668016194333,-0.08586032388663956,-0.006369770580296974,0.05480591622752229,-0.08000013581789522
ETH/USDT,2025-12-16 10:46:00+00:00,2025-12-16 11:15:00+00:00,trailing_prob_drop,-0.4184141654670114,29.0,2964.0,2948.51,0.3580668016194333,-0.08586032388663956,-0.0052260458839406,0.053593170787957334,-0.08105789025643462
ETH/USDT,2025-12-16 10:46:00+00:00,2025-12-16 11:17:00+00:00,trailing_prob_drop,-0.2993337601113308,31.0,2964.0,2952.69,0.3580668016194333,-0.08586032388663956,-0.003815789473684217,0.05210164290866981,-0.08235879824837689
ETH/USDT,2025-12-16 10:46:00+00:00,2025-12-16 11:19:00+00:00,trailing_prob_drop,-0.430374206249194,33.0,2964.0,2948.06,0.3580668016194333,-0.08586032388663956,-0.005377867746288789,0.05375399415208659,-0.0010142263047562272
ETH/USDT,2025-12-16 10:46:00+00:00,2025-12-16 11:20:00+00:00,trailing_prob_drop,-0.3947540848266954,34.0,2964.0,2949.43,0.3580668016194333,-0.08586032388663956,-0.004915654520917689,0.0532645290785001,-0.0014782517299951614
ETH/USDT,2025-12-16 10:46:00+00:00,2025-12-16 11:25:00+00:00,gate_close,-0.3287138600057856,39.0,2964.0,2953.56,0.3580668016194333,-0.08586032388663956,-0.003522267206477747,0.051791736074432215,-0.002874497216917793
ETH/USDT,2025-12-16 10:46:00+00:00,2025-12-16 11:39:00+00:00,trailing_prob_drop,-0.3144138113750361,53.0,2964.0,2953.06,0.3580668016194333,-0.08586032388663956,-0.0036909581646423772,0.0394099679654325,-0.002705668018936236
ETH/USDT,2025-12-16 10:46:00+00:00,2025-12-16 11:40:00+00:00,trailing_prob_drop,-0.3196138290568659,54.0,2964.0,2952.97,0.3580668016194333,-0.08586032388663956,-0.003721322537112104,0.03944164688432328,-0.0026752726915612035
ETH/USDT,2025-12-16 10:46:00+00:00,2025-12-16 11:41:00+00:00,trailing_prob_drop,-0.3198738299410013,55.0,2964.0,2952.31,0.3580668016194333,-0.08586032388663956,-0.003943994601889322,0.03967401797236736,-0.0024523169992309857
ETH/USDT,2025-12-16 10:46:00+00:00,2025-12-16 11:42:00+00:00,trailing_prob_drop,-0.2873737194682231,56.0,2964.0,2953.56,0.3580668016194333,-0.08586032388663956,-0.003522267206477747,0.039234009127967706,-0.002874497216917793
ETH/USDT,2025-12-16 10:46:00+00:00,2025-12-16 11:43:00+00:00,trailing_prob_drop,-0.2790536912022429,57.0,2964.0,2954.17,0.3580668016194333,-0.08586032388663956,-0.0033164642375168585,0.0390194200062961,-0.0030803914466668303
ETH/USDT,2025-12-16 10:46:00+00:00,2025-12-16 11:45:00+00:00,trailing_prob_drop,-0.3016737680647397,59.0,2964.0,2953.21,0.3580668016194333,-0.08586032388663956,-0.003640350877192944,0.03935717405805894,-0.00275632278097393
ETH/USDT,2025-12-16 10:46:00+00:00,2025-12-16 11:47:00+00:00,time_limit,-0.2912728000000033,61.0,2964.0,2953.0,0.3580668016194333,-0.08586032388663956,-0.003711201079622084,0.03943108703013887,-0.002685404673213654
ETH/USDT,,2025-12-16 11:53:00+00:00,dry_run,0.0,,,2956.26,,,,0.011095099889725457,-0.0037851880416471806
ETH/USDT,2025-12-16 11:53:00+00:00,2025-12-16 11:55:00+00:00,take_profit,0.0226463279096903,2.0,2956.26,2957.71,0.011095099889725457,-0.0037851880416471806,0.000490484598783647,0.010599416440421727,-0.00427357651696747
ETH/USDT,2025-12-16 11:53:00+00:00,2025-12-16 11:56:00+00:00,take_profit,0.0318261959999995,3.0,2956.26,2957.23,0.011095099889725457,-0.0037851880416471806,0.00032811728332404755,0.010763450932122165,-0.0041119561210997135
ETH/USDT,,2025-12-16 11:57:00+00:00,dry_run,0.0,,,2957.6,,,,0.010637002975385501,-0.004236543143088856
ETH/USDT,2025-12-16 11:57:00+00:00,2025-12-16 12:00:00+00:00,take_profit,0.0369499860000009,3.0,2957.6,2959.38,0.010637002975385501,-0.004236543143088856,0.0006018393291860047,0.45546364441200526,-0.004835472294872578
ETH/USDT,,2025-12-16 12:01:00+00:00,dry_run,0.0,,,2957.89,,,,0.456196815973549,-0.004334170641910218
ETH/USDT,2025-12-16 12:01:00+00:00,2025-12-16 12:04:00+00:00,take_profit,0.0083273940000024,3.0,2957.89,2958.79,0.456196815973549,-0.004334170641910218,0.0003042709499001539,0.4557538723599852,-0.004637030678081189
ETH/USDT,,2025-12-16 12:05:00+00:00,dry_run,0.0,,,2958.87,,,,0.45571451263489116,-0.004663942653783226
ETH/USDT,2025-12-16 12:05:00+00:00,2025-12-16 12:07:00+00:00,take_profit,0.0253335929211917,2.0,2958.87,2960.17,0.45571451263489116,-0.004663942653783226,0.00043935691666074916,0.45507521527479855,-0.004817290898833537
ETH/USDT,2025-12-16 12:05:00+00:00,2025-12-16 12:10:00+00:00,prob_trailing,0.0034634520000068,5.0,2958.87,2958.31,0.45571451263489116,-0.004663942653783226,-0.00018926144102304754,0.4559900754146795,-0.004191582356142587
ETH/USDT,,2025-12-16 12:11:00+00:00,dry_run,0.0,,,2958.59,,,,0.45585228098519903,-0.004285825342477456
ETH/USDT,2025-12-16 12:11:00+00:00,2025-12-16 12:12:00+00:00,take_profit,0.0539538515223555,1.0,2958.59,2962.26,0.45585228098519903,-0.004285825342477456,0.0012404557576413122,0.45404859802988273,-0.00551943448583192
ETH/USDT,2025-12-16 12:11:00+00:00,2025-12-16 12:14:00+00:00,take_profit,0.0115636139999995,3.0,2958.59,2959.02,0.45585228098519903,-0.004285825342477456,0.00014533950293893483,0.45564071888665847,-0.004430520915708613
ETH/USDT,,2025-12-16 12:15:00+00:00,dry_run,0.0,,,2957.01,,,,0.4566301771045753,-0.0037537918370247336
ETH/USDT,2025-12-16 12:15:00+00:00,2025-12-16 12:16:00+00:00,take_profit,0.0550423872950187,1.0,2957.01,2959.7,0.4566301771045753,-0.0037537918370247336,0.0009097027064499663,0.45530628104199766,-0.004659256005676293
ETH/USDT,2025-12-16 12:15:00+00:00,2025-12-16 12:17:00+00:00,take_profit,0.0693524355933707,2.0,2957.01,2960.59,0.4566301771045753,-0.0037537918370247336,0.0012106824123014892,0.4548687930446298,-0.004958471115554808
ETH/USDT,2025-12-16 12:15:00+00:00,2025-12-16 12:20:00+00:00,prob_floor,-0.1018281433008898,5.0,2957.01,2955.52,0.4566301771045753,-0.0037537918370247336,-0.0005038873727177817,0.4573645246860114,-0.003901174750974512
ETH/USDT,2025-12-16 12:15:00+00:00,2025-12-16 12:21:00+00:00,prob_floor,-0.0867080920682375,6.0,2957.01,2953.6,0.4566301771045753,-0.0037537918370247336,-0.0011531919066896101,0.45831189057421473,-0.013942307692307643
ETH/USDT,2025-12-16 12:15:00+00:00,2025-12-16 12:23:00+00:00,prob_floor,-0.204428491464865,8.0,2957.01,2950.0,0.4566301771045753,-0.0037537918370247336,-0.002370637907886719,0.460091525423729,-0.012738983050847419
ETH/USDT,2025-12-16 12:15:00+00:00,2025-12-16 12:25:00+00:00,prob_floor,-0.1628483502588035,10.0,2957.01,2951.59,0.4566301771045753,-0.0037537918370247336,-0.001832932590691283,0.4593049847709201,-0.013270813358223887
ETH/USDT,2025-12-16 12:15:00+00:00,2025-12-16 12:27:00+00:00,prob_floor,-0.1687883704220584,12.0,2957.01,2950.9,0.4566301771045753,-0.0037537918370247336,-0.0020662764075873863,0.45964620963096015,-0.013040089464231297
ETH/USDT,2025-12-16 12:15:00+00:00,2025-12-16 12:28:00+00:00,prob_floor,-0.1806684107576243,13.0,2957.01,2950.9,0.4566301771045753,-0.0037537918370247336,-0.0020662764075873863,0.45964620963096015,-0.013040089464231297
ETH/USDT,2025-12-16 12:15:00+00:00,2025-12-16 12:29:00+00:00,prob_floor,-0.2052384942170772,14.0,2957.01,2950.6,0.4566301771045753,-0.0037537918370247336,-0.002167730241020571,0.45979461804378796,-0.012939741069612931
ETH/USDT,2025-12-16 12:15:00+00:00,2025-12-16 12:31:00+00:00,prob_floor,-0.1663583621731042,16.0,2957.01,2951.29,0.4566301771045753,-0.0037537918370247336,-0.001934386424124468,0.45945332380077875,-0.08192349786025765
ETH/USDT,2025-12-16 12:15:00+00:00,2025-12-16 12:33:00+00:00,prob_floor,-0.1976784685317799,18.0,2957.01,2949.68,0.4566301771045753,-0.0037537918370247336,-0.0024788553302154126,0.4602499254156385,-0.08142239158145959
ETH/USDT,2025-12-16 12:15:00+00:00,2025-12-16 12:34:00+00:00,prob_floor,-0.1363882604770933,19.0,2957.01,2952.22,0.4566301771045753,-0.0037537918370247336,-0.0016198795404819277,0.4589935709398354,-0.08221270772503386
ETH/USDT,2025-12-16 12:15:00+00:00,2025-12-16 12:37:00+00:00,prob_floor,-0.2025384850431927,22.0,2957.01,2949.25,0.4566301771045753,-0.0037537918370247336,-0.0026242724914694593,0.46046282953293227,-0.10597609561752996
ETH/USDT,2025-12-16 12:15:00+00:00,2025-12-16 12:57:00+00:00,gate_close,-0.1536683191032776,42.0,2957.01,2952.36,0.4566301771045753,-0.0037537918370247336,-0.001572534418213034,0.45892438591499696,-0.15653240119768608
ETH/USDT,2025-12-16 12:15:00+00:00,2025-12-16 13:01:00+00:00,prob_floor,-0.1814784135082322,46.0,2957.01,2950.91,0.4566301771045753,-0.0037537918370247336,-0.0020628946131397985,0.20133789237896105,-0.15611794327851414
ETH/USDT,2025-12-16 12:15:00+00:00,2025-12-16 13:03:00+00:00,prob_floor,-0.1390882696357469,48.0,2957.01,2952.47,0.4566301771045753,-0.0037537918370247336,-0.001535334679287681,0.2007031400827104,-0.15656382622008014
ETH/USDT,2025-12-16 12:15:00+00:00,2025-12-16 13:06:00+00:00,prob_floor,-0.2422286199620079,51.0,2957.01,2948.62,0.4566301771045753,-0.0037537918370247336,-0.0028373255416790366,0.20227089282443989,-0.15546255536488263
ETH/USDT,2025-12-16 12:15:00+00:00,2025-12-16 13:07:00+00:00,prob_floor,-0.2254885630410597,52.0,2957.01,2949.27,0.4566301771045753,-0.0037537918370247336,-0.0026175089025739506,0.20200592010904383,-0.15564868594601378
ETH/USDT,2025-12-16 12:15:00+00:00,2025-12-16 13:08:00+00:00,prob_floor,-0.2365586006796577,53.0,2957.01,2948.9,0.4566301771045753,-0.0037537918370247336,-0.0027426352971413603,0.20215673641018683,-0.15554274475228058
ETH/USDT,2025-12-16 12:15:00+00:00,2025-12-16 13:09:00+00:00,prob_floor,-0.1906584446854758,54.0,2957.01,2950.56,0.4566301771045753,-0.0037537918370247336,-0.0021812574188116995,0.1993248739222384,-0.15601784068109115
ETH/USDT,2025-12-16 12:15:00+00:00,2025-12-16 13:15:00+00:00,time_limit,-0.1161378540000009,60.0,2957.01,2953.28,0.4566301771045753,-0.0037537918370247336,-0.0012614093290181927,0.19822028388774493,-0.1567951565716763
ETH/USDT,,2025-12-16 13:17:00+00:00,dry_run,0.0,,,2953.88,,,,0.19797689818137498,-0.15696643059298288
ETH/USDT,2025-12-16 13:17:00+00:00,2025-12-16 13:23:00+00:00,take_profit,0.0358842959999896,6.0,2953.88,2956.75,0.19797689818137498,-0.15696643059298288,0.0009716034503770565,0.19681406950198688,-0.1577847298554157
ETH/USDT,,2025-12-16 13:24:00+00:00,dry_run,0.0,,,2959.21,,,,0.195819154436488,-0.15848486589326216
ETH/USDT,2025-12-16 13:24:00+00:00,2025-12-16 13:25:00+00:00,take_profit,0.015880050986265,1.0,2959.21,2960.47,0.195819154436488,-0.15848486589326216,0.00042578931539161147,0.19531020412299394,-0.15884302154725438
ETH/USDT,2025-12-16 13:24:00+00:00,2025-12-16 13:29:00+00:00,take_profit,0.2070399420000059,5.0,2959.21,2967.53,0.195819154436488,-0.15848486589326216,0.0028115611936969653,0.1924664620071237,-0.1608442037654212
ETH/USDT,,2025-12-16 13:30:00+00:00,dry_run,0.0,,,2958.67,,,,0.196037408700531,-0.15833127722929563
ETH/USDT,2025-12-16 13:30:00+00:00,2025-12-16 13:31:00+00:00,take_profit,0.012644803857186,1.0,2958.67,2960.01,0.196037408700531,-0.15833127722929563,0.0004529062044771326,0.19549596116229329,-0.15871230164762973
ETH/USDT,2025-12-16 13:30:00+00:00,2025-12-16 13:33:00+00:00,trailing_prob_drop,-0.3316078876489273,3.0,2958.67,2946.73,0.196037408700531,-0.15833127722929563,-0.004035597075713104,0.2008836914138723,-0.1549208783974101
ETH/USDT,2025-12-16 13:30:00+00:00,2025-12-16 13:35:00+00:00,prob_floor,-0.6045788207852566,5.0,2958.67,2936.89,0.196037408700531,-0.15833127722929563,-0.007361415771275692,0.20490723179962478,-0.1520894551719677
ETH/USDT,2025-12-16 13:30:00+00:00,2025-12-16 13:37:00+00:00,prob_floor,-0.6601990117083042,7.0,2958.67,2933.57,0.196037408700531,-0.15833127722929563,-0.00848354159132314,0.022314108748044292,-0.15112985202330276
ETH/USDT,2025-12-16 13:30:00+00:00,2025-12-16 13:38:00+00:00,prob_floor,-0.7218067448628332,8.0,2958.67,2932.95,0.196037408700531,-0.15833127722929563,-0.008693095208320067,0.022530217016996756,-0.1509504082919927
ETH/USDT,2025-12-16 13:30:00+00:00,2025-12-16 13:39:00+00:00,prob_floor,-1.238066791672546,9.0,2958.67,2926.04,0.196037408700531,-0.15833127722929563,-0.011028604068720083,0.02494497682875152,-0.14894533225793227
ETH/USDT,2025-12-16 13:30:00+00:00,2025-12-16 13:40:00+00:00,prob_floor,-0.3953281048997272,10.0,2958.67,2944.63,0.196037408700531,-0.15833127722929563,-0.004745375455863621,0.018474307468170803,-0.15431819957006498
ETH/USDT,2025-12-16 13:30:00+00:00,2025-12-16 13:41:00+00:00,prob_floor,-0.42448820443578,11.0,2958.67,2943.56,0.196037408700531,-0.15833127722929563,-0.005107024440035635,0.018844528394189375,-0.08087485901425484
ETH/USDT,2025-12-16 13:30:00+00:00,2025-12-16 13:43:00+00:00,prob_floor,-0.4636383381870873,13.0,2958.67,2942.31,0.196037408700531,-0.15833127722929563,-0.005529511571077617,0.019277370501408875,-0.08048438131943947
ETH/USDT,2025-12-16 13:30:00+00:00,2025-12-16 13:44:00+00:00,prob_floor,-1.6717846692956555,14.0,2958.67,2931.01,0.196037408700531,-0.15833127722929563,-0.009348795235697094,0.02320701737626285,-0.07693934855220563
ETH/USDT,2025-12-16 13:30:00+00:00,2025-12-16 13:45:00+00:00,prob_floor,-0.7430892967371465,15.0,2958.67,2931.76,0.196037408700531,-0.15833127722929563,-0.009095302957071838,0.022945261549376372,-0.0771754850328813
ETH/USDT,2025-12-16 13:30:00+00:00,2025-12-16 13:46:00+00:00,prob_floor,-0.7946594743691852,16.0,2958.67,2929.85,0.196037408700531,-0.15833127722929563,-0.009740863293304147,0.023612130313838797,-0.07657388603512127
ETH/USDT,2025-12-16 13:30:00+00:00,2025-12-16 13:48:00+00:00,prob_floor,-0.8624498609317058,18.0,2958.67,2927.43,0.196037408700531,-0.15833127722929563,-0.010558798379001422,0.024458313264535958,-0.07581052322344162
ETH/USDT,2025-12-16 13:30:00+00:00,2025-12-16 13:49:00+00:00,prob_floor,-0.7090691796824222,19.0,2958.67,2933.02,0.196037408700531,-0.15833127722929563,-0.008669435928981617,0.022505813120947016,-0.07757192245535316
ETH/USDT,2025-12-16 13:30:00+00:00,2025-12-16 13:50:00+00:00,prob_floor,-0.5980987985592311,20.0,2958.67,2937.13,0.196037408700531,-0.15833127722929563,-0.007280298242115513,0.021074994978090844,-0.07886269930169931
ETH/USDT,2025-12-16 13:30:00+00:00,2025-12-16 13:51:00+00:00,prob_floor,-0.6032288161545509,21.0,2958.67,2937.18,0.196037408700531,-0.15833127722929563,-0.007263398756873984,0.021057613084659588,-0.078878379942666
ETH/USDT,2025-12-16 13:30:00+00:00,2025-12-16 13:52:00+00:00,gate_close,-0.7228392270496088,22.0,2958.67,2932.44,0.196037408700531,-0.15833127722929563,-0.008865469957785144,0.02270805199765391,-0.07738947770457372
ETH/USDT,2025-12-16 13:30:00+00:00,2025-12-16 13:53:00+00:00,prob_floor,-0.8173395525634518,23.0,2958.67,2932.33,0.196037408700531,-0.15833127722929563,-0.008902648825316883,0.02274641667206634,-0.07735486797188584
ETH/USDT,2025-12-16 13:30:00+00:00,2025-12-16 13:55:00+00:00,trailing_prob_drop,-0.7096091815396721,25.0,2958.67,2932.99,0.196037408700531,-0.15833127722929563,-0.008679575620126667,0.022516271790902875,-0.0775624874275056
ETH/USDT,2025-12-16 13:30:00+00:00,2025-12-16 13:56:00+00:00,gate_close,-0.79438947343859,26.0,2958.67,2934.04,0.196037408700531,-0.15833127722929563,-0.008324686430051353,0.022150345598560328,-0.07789259860124609
ETH/USDT,2025-12-16 13:30:00+00:00,2025-12-16 13:57:00+00:00,prob_floor,-1.080896773795625,27.0,2958.67,2929.86,0.196037408700531,-0.15833127722929563,-0.009737483396255686,0.023608636590144227,-0.07657703781068037
ETH/USDT,2025-12-16 13:30:00+00:00,2025-12-16 13:59:00+00:00,prob_floor,-1.077886817999998,29.0,2958.67,2914.36,0.196037408700531,-0.15833127722929563,-0.014976323821176418,0.029052690813763604,-0.07166582028301238
ETH/USDT,2025-12-16 13:30:00+00:00,2025-12-16 14:00:00+00:00,prob_floor,-1.1718823805609893,30.0,2958.67,2915.95,0.196037408700531,-0.15833127722929563,-0.014438920190491089,0.028491572214887295,-0.07217201941048368
ETH/USDT,2025-12-16 13:30:00+00:00,2025-12-16 14:01:00+00:00,prob_floor,-1.8166130428551743,31.0,2958.67,2892.0,0.196037408700531,-0.15833127722929563,-0.022533773621255526,0.037008990318118995,-0.06448824343015214
ETH/USDT,2025-12-16 13:30:00+00:00,2025-12-16 14:02:00+00:00,prob_floor,-1.474791838923304,32.0,2958.67,2904.65,0.196037408700531,-0.15833127722929563,-0.018258203855110566,0.032492727178834,-0.06856247740691657
ETH/USDT,2025-12-16 13:30:00+00:00,2025-12-16 14:03:00+00:00,prob_floor,-1.561192142242505,33.0,2958.67,2901.45,0.196037408700531,-0.15833127722929563,-0.019339770910578147,0.03363146013200313,-0.06753519791828222
ETH/USDT,2025-12-16 13:30:00+00:00,2025-12-16 14:04:00+00:00,prob_floor,-1.6311223882317896,34.0,2958.67,2898.87,0.196037408700531,-0.15833127722929563,-0.0202117843490488,0.02940111146757185,-0.06670530241093942
ETH/USDT,2025-12-16 13:30:00+00:00,2025-12-16 14:05:00+00:00,prob_floor,-1.1937248927698147,35.0,2958.67,2915.07,0.196037408700531,-0.15833127722929563,-0.014736351130744563,0.02368039189453408,-0.07189192712353398
ETH/USDT,2025-12-16 13:30:00+00:00,2025-12-16 14:07:00+00:00,gate_close,-1.0458595770712535,37.0,2958.67,2924.51,0.196037408700531,-0.15833127722929563,-0.011545728317115422,0.02037606299858763,-0.07488775897500788
ETH/USDT,2025-12-16 13:30:00+00:00,2025-12-16 14:09:00+00:00,prob_floor,-1.0230802639511425,39.0,2958.67,2921.38,0.196037408700531,-0.15833127722929563,-0.012603636093244552,0.021469305602146882,-0.07389658312167535
ETH/USDT,2025-12-16 13:30:00+00:00,2025-12-16 14:10:00+00:00,prob_floor,-1.041710328551421,40.0,2958.67,2920.7,0.196037408700531,-0.15833127722929563,-0.01283346909253158,0.021707125004279737,-0.0736809668914985
ETH/USDT,2025-12-16 13:30:00+00:00,2025-12-16 14:11:00+00:00,prob_floor,-1.1302706360546937,41.0,2958.67,2917.42,0.196037408700531,-0.15833127722929563,-0.013942075324385628,0.022855810956255773,-0.07263952396295359
ETH/USDT,2025-12-16 13:30:00+00:00,2025-12-16 14:12:00+00:00,prob_floor,-1.07411044097248,42.0,2958.67,2919.49,0.196037408700531,-0.15833127722929563,-0.013242436635380161,0.02213057760088244,-0.0732970484570935
ETH/USDT,2025-12-16 13:30:00+00:00,2025-12-16 14:15:00+00:00,prob_floor,-2.15129226567378,45.0,2958.67,2972.1,0.196037408700531,-0.15833127722929563,0.004539201735915155,0.004037549207630997,-0.019938763837017537
ETH/USDT,2025-12-16 13:30:00+00:00,2025-12-16 14:17:00+00:00,prob_floor,-1.0004001853485236,47.0,2958.67,2927.07,0.196037408700531,-0.15833127722929563,-0.010680474672741469,0.019483647469995535,-0.004861516806909272
ETH/USDT,2025-12-16 13:30:00+00:00,2025-12-16 14:18:00+00:00,prob_floor,-0.9391099731601356,48.0,2958.67,2922.23,0.196037408700531,-0.15833127722929563,-0.012316344844136018,0.021172186994179,-0.003213299432282879
ETH/USDT,2025-12-16 13:30:00+00:00,2025-12-16 14:20:00+00:00,gate_close,-0.8753897529079577,50.0,2958.67,2926.86,0.196037408700531,-0.15833127722929563,-0.010751452510756487,0.019556794653656118,-0.004790116370444797
ETH/USDT,2025-12-16 13:30:00+00:00,2025-12-16 14:21:00+00:00,gate_close,-0.6299589078722498,51.0,2958.67,2929.64,0.196037408700531,-0.15833127722929563,-0.009811841131319166,0.018589314728089557,-0.005734492975245975
ETH/USDT,2025-12-16 13:30:00+00:00,2025-12-16 14:23:00+00:00,gate_close,-0.588108764301199,53.0,2958.67,2937.5,0.196037408700531,-0.15833127722929563,-0.007155242051327115,0.015863829787233996,-0.008394893617021282
ETH/USDT,2025-12-16 13:30:00+00:00,2025-12-16 14:24:00+00:00,gate_close,-0.7128491926835552,54.0,2958.67,2932.88,0.196037408700531,-0.15833127722929563,-0.008716754487658296,0.0174640626278606,-0.006832874171462833
ETH/USDT,2025-12-16 13:30:00+00:00,2025-12-16 14:25:00+00:00,gate_close,-0.8141185269132624,55.0,2958.67,2929.27,0.196037408700531,-0.15833127722929563,-0.009936897322107563,0.01871797410276277,-0.0056089059731604385
ETH/USDT,2025-12-16 13:30:00+00:00,2025-12-16 14:26:00+00:00,gate_close,-0.8311096000604237,56.0,2958.67,2928.5,0.196037408700531,-0.15833127722929563,-0.010197149394829408,0.018985828922656545,-0.005347447498719404
ETH/USDT,2025-12-16 13:30:00+00:00,2025-12-16 14:30:00+00:00,time_limit,-0.3561768179999975,60.0,2958.67,2946.07,0.196037408700531,-0.15833127722929563,-0.0042586702809032095,0.012908722467558364,-0.010770280407458088
ETH/USDT,,2025-12-16 14:32:00+00:00,dry_run,0.0,,,2936.13,,,,0.1935575059687411,-0.007421333524060603
ETH/USDT,2025-12-16 14:32:00+00:00,2025-12-16 14:35:00+00:00,trailing_prob_drop,-0.0736352975518228,3.0,2936.13,2934.01,0.1935575059687411,-0.007421333524060603,-0.0007220388743004458,0.19441992358580906,-0.006704135296062397
ETH/USDT,2025-12-16 14:32:00+00:00,2025-12-16 14:36:00+00:00,take_profit,0.1402048979999931,4.0,2936.13,2941.92,0.1935575059687411,-0.007421333524060603,0.0019719835293396937,0.1912084625006798,-0.009374830042965132
ETH/USDT,,2025-12-16 14:37:00+00:00,dry_run,0.0,,,2943.88,,,,0.19041537019171972,-0.010034376401211964
ETH/USDT,2025-12-16 14:37:00+00:00,2025-12-16 14:41:00+00:00,trailing_prob_drop,-0.2429677781525754,4.0,2943.88,2935.5,0.19041537019171972,-0.010034376401211964,-0.0028465834205199103,0.19381366036450354,-0.007208312042241483
ETH/USDT,2025-12-16 14:37:00+00:00,2025-12-16 14:42:00+00:00,trailing_prob_drop,-0.3145444289608657,5.0,2943.88,2933.26,0.19041537019171972,-0.010034376401211964,-0.00360748400070654,0.1947253226785215,-0.006450161254031417
ETH/USDT,2025-12-16 14:37:00+00:00,2025-12-16 14:43:00+00:00,trailing_prob_drop,-0.3663582003498948,6.0,2943.88,2930.93,0.19041537019171972,-0.010034376401211964,-0.004398956479204408,0.19567509288860552,-0.005660319420798032
ETH/USDT,2025-12-16 14:37:00+00:00,2025-12-16 14:44:00+00:00,trailing_prob_drop,-0.1889675937967535,7.0,2943.88,2937.49,0.19041537019171972,-0.010034376401211964,-0.0021706047800862383,0.19300491235714845,-0.007880877892350147
ETH/USDT,2025-12-16 14:37:00+00:00,2025-12-16 14:46:00+00:00,gate_close,-0.9584482307246524,9.0,2943.88,2914.34,0.19041537019171972,-0.010034376401211964,-0.010034376401211964,0.2024815224030141,0.0
ETH/USDT,2025-12-16 14:37:00+00:00,2025-12-16 14:48:00+00:00,gate_close,-0.2826579138143535,11.0,2943.88,2934.03,0.19041537019171972,-0.010034376401211964,-0.003345924426267355,0.19441178174728946,-0.006390527704215665
ETH/USDT,2025-12-16 14:37:00+00:00,2025-12-16 14:49:00+00:00,gate_close,-0.1360474133714418,12.0,2943.88,2939.45,0.19041537019171972,-0.010034376401211964,-0.0015048167724228678,0.1922094269336101,-0.008222626681862133
ETH/USDT,2025-12-16 14:37:00+00:00,2025-12-16 14:50:00+00:00,take_profit,0.0497129940000078,13.0,2943.88,2946.33,0.19041537019171972,-0.010034376401211964,0.0008322350095790743,0.18942548865877207,-0.010538534380059139
ETH/USDT,,2025-12-16 15:14:00+00:00,dry_run,0.0,,,2938.01,,,,0.19279376176391505,-0.007736529147279958
ETH/USDT,2025-12-16 15:14:00+00:00,2025-12-16 15:17:00+00:00,prob_floor,-0.2831661654877415,3.0,2938.01,2928.12,0.19279376176391505,-0.007736529147279958,-0.0033662240768412843,0.19682253459557675,-0.004385066185811914
ETH/USDT,2025-12-16 15:14:00+00:00,2025-12-16 15:21:00+00:00,prob_floor,-0.4122266084586721,7.0,2938.01,2929.31,0.19279376176391505,-0.007736529147279958,-0.002961188015017102,0.1963363385916821,-0.004789523812774976
ETH/USDT,2025-12-16 15:14:00+00:00,2025-12-16 15:23:00+00:00,prob_floor,-0.3552564127428447,9.0,2938.01,2925.45,0.19279376176391505,-0.007736529147279958,-0.004275002467656774,0.19791485070672898,-0.0034763882479617036
ETH/USDT,2025-12-16 15:14:00+00:00,2025-12-16 15:24:00+00:00,prob_floor,-0.2604860877928229,10.0,2938.01,2928.96,0.19279376176391505,-0.007736529147279958,-0.0030803162684946983,0.19647929640555017,-0.004670599803343056
ETH/USDT,2025-12-16 15:14:00+00:00,2025-12-16 15:25:00+00:00,prob_floor,-0.2602152540000049,11.0,2938.01,2923.27,0.19279376176391505,-0.007736529147279958,-0.005017001303603497,0.19880818398574207,-0.002733240514902757
ETH/USDT,2025-12-16 15:14:00+00:00,2025-12-16 15:26:00+00:00,prob_floor,-0.4297766688072221,12.0,2938.01,2922.7,0.19279376176391505,-0.007736529147279958,-0.005211010173552966,0.19904198172922305,-0.002538748417558967
ETH/USDT,2025-12-16 15:14:00+00:00,2025-12-16 15:27:00+00:00,prob_floor,-0.5615371227442619,13.0,2938.01,2917.82,0.19279376176391505,-0.007736529147279958,-0.006871998393470413,0.20104735727358092,-0.0008705129171778792
ETH/USDT,2025-12-16 15:14:00+00:00,2025-12-16 15:29:00+00:00,prob_floor,-0.3387863562140789,15.0,2938.01,2926.07,0.19279376176391505,-0.007736529147279958,-0.00406397527578195,0.19766102656464124,-0.002306848434931452
ETH/USDT,2025-12-16 15:14:00+00:00,2025-12-16 15:30:00+00:00,prob_floor,-0.3150262747058876,16.0,2938.01,2926.95,0.19279376176391505,-0.007736529147279958,-0.0037644528098952357,0.19730094466936587,-0.0026068091357897005
ETH/USDT,2025-12-16 15:14:00+00:00,2025-12-16 15:35:00+00:00,take_profit,0.015454745999996,21.0,2938.01,2938.94,0.19279376176391505,-0.007736529147279958,0.0003165407878120696,0.013072740511885339,-0.006675876336366127
ETH/USDT,,2025-12-16 15:36:00+00:00,dry_run,0.0,,,2931.75,,,,0.015049032148034325,-0.004239788522213628
ETH/USDT,2025-12-16 15:36:00+00:00,2025-12-16 15:37:00+00:00,take_profit,0.049508774065616,1.0,2931.75,2933.98,0.015049032148034325,-0.004239788522213628,0.0007606378442910344,0.014277534270853875,-0.004996625743870053
ETH/USDT,2025-12-16 15:36:00+00:00,2025-12-16 15:40:00+00:00,take_profit,0.0991885500000059,4.0,2931.75,2936.01,0.015049032148034325,-0.004239788522213628,0.0014530570478383797,0.013576248037302285,-0.005684585542964804
ETH/USDT,,2025-12-16 15:41:00+00:00,dry_run,0.0,,,2932.81,,,,0.014682164886235416,-0.004654239449538133
ETH/USDT,2025-12-16 15:41:00+00:00,2025-12-16 15:44:00+00:00,take_profit,0.1666828260000059,3.0,2932.81,2939.3,0.014682164886235416,-0.004654239449538133,0.0022128948005497584,0.0124417378287347,-0.0068519715578539975
ETH/USDT,,2025-12-16 15:45:00+00:00,dry_run,0.0,,,2948.01,,,,0.009450442841102857,-0.009786262597481166
ETH/USDT,2025-12-16 15:45:00+00:00,2025-12-16 15:46:00+00:00,gate_close,-0.0126792956363259,1.0,2948.01,2951.77,0.009450442841102857,-0.009786262597481166,0.001275436650486128,0.00816459276976178,-0.011047608722901892
ETH/USDT,2025-12-16 15:45:00+00:00,2025-12-16 15:48:00+00:00,take_profit,0.0766906919999955,3.0,2948.01,2951.58,0.009450442841102857,-0.009786262597481166,0.0012109863942115773,0.00822949064568812,-0.010983947580617826
ETH/USDT,,2025-12-16 15:49:00+00:00,dry_run,0.0,,,2948.25,,,,0.009368269312303834,-0.009866870177223874
ETH/USDT,2025-12-16 15:49:00+00:00,2025-12-16 15:50:00+00:00,take_profit,0.1290699422578543,1.0,2948.25,2943.97,0.009368269312303834,-0.009866870177223874,-0.001451708640719085,0.010835708244309572,-0.008427395659602488
ETH/USDT,2025-12-16 15:49:00+00:00,2025-12-16 15:52:00+00:00,take_profit,0.158229449999995,3.0,2948.25,2954.71,0.009368269312303834,-0.009866870177223874,0.0021911303315527153,0.007161447316318625,-0.012031637622643254
ETH/USDT,,2025-12-16 15:53:00+00:00,dry_run,0.0,,,2962.97,,,,0.004353739659868294,-0.014785839883630247
ETH/USDT,2025-12-16 15:53:00+00:00,2025-12-16 15:54:00+00:00,take_profit,0.0446527078576236,1.0,2962.97,2965.31,0.004353739659868294,-0.014785839883630247,0.0007897481243481774,0.003561179101004619,-0.015563296923424619
ETH/USDT,2025-12-16 15:53:00+00:00,2025-12-16 15:55:00+00:00,take_profit,0.2495333964099809,2.0,2962.97,2969.27,0.004353739659868294,-0.014785839883630247,0.0021262449501682212,0.2122440869304576,-0.016876201894741816
ETH/USDT,2025-12-16 15:53:00+00:00,2025-12-16 15:57:00+00:00,take_profit,0.0410125040000018,4.0,2962.97,2965.16,0.004353739659868294,-0.014785839883630247,0.0007391232445823626,0.21392437507588125,-0.016029489133807195
ETH/USDT,,2025-12-16 15:59:00+00:00,dry_run,0.0,,,2962.58,,,,0.21498153636357498,-0.015172586056747761
ETH/USDT,2025-12-16 15:59:00+00:00,2025-12-16 16:07:00+00:00,trailing_prob_drop,-0.3011188964702584,8.0,2962.58,2952.04,0.21498153636357498,-0.015172586056747761,-0.003557709833996059,0.2193195214156991,-0.01412921234129616
ETH/USDT,2025-12-16 15:59:00+00:00,2025-12-16 16:08:00+00:00,prob_floor,-0.3715891362516658,9.0,2962.58,2949.43,0.21498153636357498,-0.015172586056747761,-0.004438698701807242,0.22039851767968743,-0.013256798771287936
ETH/USDT,2025-12-16 15:59:00+00:00,2025-12-16 16:09:00+00:00,prob_floor,-0.3567390856877525,10.0,2962.58,2950.26,0.21498153636357498,-0.015172586056747761,-0.004158537490970615,0.22005518157721693,-0.013534400357934628
ETH/USDT,2025-12-16 15:59:00+00:00,2025-12-16 16:10:00+00:00,prob_floor,-0.3426990378991895,11.0,2962.58,2950.49,0.21498153636357498,-0.015172586056747761,-0.00408090245664261,0.21996007442831544,-0.013611298462289256
ETH/USDT,2025-12-16 15:59:00+00:00,2025-12-16 16:11:00+00:00,prob_floor,-0.473919485196498,12.0,2962.58,2945.64,0.21498153636357498,-0.015172586056747761,-0.005717989050084693,0.22196874023981206,-0.01198720821281618
ETH/USDT,2025-12-16 15:59:00+00:00,2025-12-16 16:12:00+00:00,prob_floor,-0.4906595423652979,13.0,2962.58,2946.23,0.21498153636357498,-0.015172586056747761,-0.005518838309851559,0.22172403376518468,-0.012185063623681769
ETH/USDT,2025-12-16 15:59:00+00:00,2025-12-16 16:14:00+00:00,prob_floor,-0.4123592751696718,15.0,2962.58,2947.91,0.21498153636357498,-0.015172586056747761,-0.004951765015628329,0.22102777900275128,-0.01274801469515685
ETH/USDT,2025-12-16 15:59:00+00:00,2025-12-16 16:15:00+00:00,prob_floor,-0.4496194022523334,16.0,2962.58,2946.63,0.21498153636357498,-0.015172586056747761,-0.005383820858845922,0.22155818681001693,-0.012319157817574755
ETH/USDT,2025-12-16 15:59:00+00:00,2025-12-16 16:16:00+00:00,prob_floor,-0.5127996180126353,17.0,2962.58,2943.82,0.21498153636357498,-0.015172586056747761,-0.0063323184521598685,0.222724215475131,-0.01137637491422716
ETH/USDT,2025-12-16 15:59:00+00:00,2025-12-16 16:17:00+00:00,prob_floor,-0.7750828181382535,18.0,2962.58,2948.01,0.21498153636357498,-0.015172586056747761,-0.004918010652876781,0.2209863602905009,-0.012781503454873056
ETH/USDT,2025-12-16 15:59:00+00:00,2025-12-16 16:19:00+00:00,prob_floor,-0.4490794004097059,20.0,2962.58,2946.91,0.21498153636357498,-0.015172586056747761,-0.005289308643142143,0.22144212072984937,-0.012413002093718428
ETH/USDT,2025-12-16 15:59:00+00:00,2025-12-16 16:20:00+00:00,prob_floor,-0.5165796309322417,21.0,2962.58,2944.05,0.21498153636357498,-0.015172586056747761,-0.006254683417831641,0.22262869176814237,-0.01145360982320287
ETH/USDT,2025-12-16 15:59:00+00:00,2025-12-16 16:21:00+00:00,prob_floor,-0.3718591371712028,22.0,2962.58,2949.41,0.21498153636357498,-0.015172586056747761,-0.004445449574357552,0.22040679322305157,-0.013250107648648313
ETH/USDT,2025-12-16 15:59:00+00:00,2025-12-16 16:22:00+00:00,gate_close,-0.4080392604431238,23.0,2962.58,2956.93,0.21498153636357498,-0.015172586056747761,-0.0019071214954533566,0.2173030812362824,-0.015759588492118448
ETH/USDT,2025-12-16 15:59:00+00:00,2025-12-16 16:24:00+00:00,trailing_prob_drop,-0.3121889341090146,25.0,2962.58,2951.63,0.21498153636357498,-0.015172586056747761,-0.0036961027212766284,0.2194888925779992,-0.013992268678662323
ETH/USDT,2025-12-16 15:59:00+00:00,2025-12-16 16:25:00+00:00,trailing_prob_drop,-0.2109385902413468,26.0,2962.58,2954.82,0.21498153636357498,-0.015172586056747761,-0.002619338549507466,0.21817234213928427,-0.015056754726176291
ETH/USDT,2025-12-16 15:59:00+00:00,2025-12-16 16:26:00+00:00,trailing_prob_drop,-0.2179586140546628,27.0,2962.58,2955.12,0.21498153636357498,-0.015172586056747761,-0.0025180754612533773,0.2180486748423076,-0.015156744903760289
ETH/USDT,2025-12-16 15:59:00+00:00,2025-12-16 16:29:00+00:00,trailing_prob_drop,-0.3761791518843476,30.0,2962.58,2949.25,0.21498153636357498,-0.015172586056747761,-0.004499456554759695,0.22047300161057892,-0.013196575400525545
ETH/USDT,2025-12-16 15:59:00+00:00,2025-12-16 16:30:00+00:00,trailing_prob_drop,-0.5125296170898718,31.0,2962.58,2944.21,0.21498153636357498,-0.015172586056747761,-0.006200676437429498,0.22256224929607593,-0.011507331338457605
ETH/USDT,2025-12-16 15:59:00+00:00,2025-12-16 16:31:00+00:00,trailing_prob_drop,-0.4236993138344149,32.0,2962.58,2947.49,0.21498153636357498,-0.015172586056747761,-0.005093533339184164,0.22120176828420113,-0.01260733709020212
ETH/USDT,2025-12-16 15:59:00+00:00,2025-12-16 16:32:00+00:00,trailing_prob_drop,-0.4191092981830714,33.0,2962.58,2947.66,0.21498153636357498,-0.015172586056747761,-0.005036150922506755,0.22113133807834018,-0.012664282854874642
ETH/USDT,2025-12-16 15:59:00+00:00,2025-12-16 16:33:00+00:00,trailing_prob_drop,-0.5225196512369876,34.0,2962.58,2944.28,0.21498153636357498,-0.015172586056747761,-0.006177048383503525,0.22253318298531388,-0.011530832665371582
ETH/USDT,2025-12-16 15:59:00+00:00,2025-12-16 16:35:00+00:00,prob_floor,-0.6394300514895099,36.0,2962.58,2939.51,0.21498153636357498,-0.015172586056747761,-0.007787131486744592,0.22451701133862434,-0.021483172365462266
ETH/USDT,2025-12-16 15:59:00+00:00,2025-12-16 16:37:00+00:00,prob_floor,-0.69316023583503,38.0,2962.58,2937.51,0.21498153636357498,-0.015172586056747761,-0.00846221874177222,0.22535072221030727,-0.020816950410381563
ETH/USDT,2025-12-16 15:59:00+00:00,2025-12-16 16:39:00+00:00,prob_floor,-0.8251906898875649,40.0,2962.58,2932.42,0.21498153636357498,-0.015172586056747761,-0.010180315805817908,0.22747764644900803,-0.019117316073413715
ETH/USDT,2025-12-16 15:59:00+00:00,2025-12-16 16:40:00+00:00,prob_floor,-0.99124126308946,41.0,2962.58,2926.48,0.21498153636357498,-0.015172586056747761,-0.012185324953250198,0.2299691096470846,-0.01712637708099829
ETH/USDT,2025-12-16 15:59:00+00:00,2025-12-16 16:41:00+00:00,prob_floor,-0.9701811902573132,42.0,2962.58,2928.23,0.21498153636357498,-0.015172586056747761,-0.011594623605100884,0.22923404240787093,-0.017713772483718748
ETH/USDT,2025-12-16 15:59:00+00:00,2025-12-16 16:43:00+00:00,prob_floor,-0.9037609608099602,44.0,2962.58,2930.04,0.21498153636357498,-0.015172586056747761,-0.010983669639300864,0.2284746965911728,-0.01832056900247092
ETH/USDT,2025-12-16 15:59:00+00:00,2025-12-16 16:44:00+00:00,prob_floor,-0.810888749673532,45.0,2962.58,2933.18,0.21498153636357498,-0.015172586056747761,-0.009923782648907364,0.22715960152462533,-0.019371467144873367
ETH/USDT,2025-12-16 15:59:00+00:00,2025-12-16 16:45:00+00:00,prob_floor,-1.994877093988388,46.0,2962.58,2932.64,0.21498153636357498,-0.015172586056747761,-0.010106056207764835,0.22738556386054887,-0.019190899667194006
ETH/USDT,2025-12-16 15:59:00+00:00,2025-12-16 16:46:00+00:00,prob_floor,-0.6991002562302917,47.0,2962.58,2937.47,0.21498153636357498,-0.015172586056747761,-0.00847572048687295,0.22536740800757116,-0.020803616717787632
ETH/USDT,2025-12-16 15:59:00+00:00,2025-12-16 16:47:00+00:00,prob_floor,-0.8486807708286237,48.0,2962.58,2931.75,0.21498153636357498,-0.015172586056747761,-0.010406470036252169,0.22775816491856404,-0.01889315255393531
ETH/USDT,2025-12-16 15:59:00+00:00,2025-12-16 16:48:00+00:00,prob_floor,-0.7895505671720877,49.0,2962.58,2933.95,0.21498153636357498,-0.015172586056747761,-0.009663874055721777,0.2268375398353757,-0.019628828030470724
ETH/USDT,2025-12-16 15:59:00+00:00,2025-12-16 16:49:00+00:00,prob_floor,-0.6910002284193375,50.0,2962.58,2937.59,0.21498153636357498,-0.015172586056747761,-0.008435215251571204,0.22531735197900304,-0.0208436167062116
ETH/USDT,2025-12-16 15:59:00+00:00,2025-12-16 16:50:00+00:00,prob_floor,-0.5360249769619082,51.0,2962.58,2943.4,0.21498153636357498,-0.015172586056747761,-0.006474086775715704,0.2228986885914248,-0.022776381055921724
ETH/USDT,2025-12-16 15:59:00+00:00,2025-12-16 16:52:00+00:00,trailing_prob_drop,-0.5732798248739651,53.0,2962.58,2941.95,0.21498153636357498,-0.015172586056747761,-0.006963525035610929,0.22350141912676968,-0.022294736484304578
ETH/USDT,2025-12-16 15:59:00+00:00,2025-12-16 16:54:00+00:00,trailing_prob_drop,-0.5978479319999926,55.0,2962.58,2941.0,0.21498153636357498,-0.015172586056747761,-0.0072841914817489695,0.22389663379802793,-0.02197891873512403
ETH/USDT,2025-12-16 15:59:00+00:00,2025-12-16 16:55:00+00:00,trailing_prob_drop,-0.6464500755606862,56.0,2962.58,2939.64,0.21498153636357498,-0.015172586056747761,-0.0077432508151679125,0.22446285939774935,-0.02152644541508475
ETH/USDT,2025-12-16 15:59:00+00:00,2025-12-16 16:57:00+00:00,prob_floor,-0.5616697851395337,58.0,2962.58,2942.39,0.21498153636357498,-0.015172586056747761,-0.006815005839504784,0.019538538399056726,-0.02244094086779791
ETH/USDT,2025-12-16 15:59:00+00:00,2025-12-16 16:58:00+00:00,gate_close,-0.6113499552473962,59.0,2962.58,2940.54,0.21498153636357498,-0.015172586056747761,-0.007439461550405424,0.020179966944846806,-0.02182592312976528
ETH/USDT,2025-12-16 15:59:00+00:00,2025-12-16 16:59:00+00:00,time_limit,-0.674257932000003,60.0,2962.58,2938.21,0.21498153636357498,-0.015172586056747761,-0.008225938202512606,0.02098896947461215,-0.021050231263252117
ETH/USDT,,2025-12-16 17:19:00+00:00,dry_run,0.0,,,2949.67,,,,0.017022243166184614,-0.02485362769394539
ETH/USDT,2025-12-16 17:19:00+00:00,2025-12-16 17:22:00+00:00,prob_floor,-0.2078977350578986,3.0,2949.67,2941.95,0.017022243166184614,-0.02485362769394539,-0.0026172419287582294,0.19906524584034413,-0.022294736484304578
ETH/USDT,2025-12-16 17:19:00+00:00,2025-12-16 17:23:00+00:00,prob_floor,-0.1908876771202865,4.0,2949.67,2943.18,0.017022243166184614,-0.02485362769394539,-0.0022002461292280895,0.1985641381091201,-0.022703334488546334
ETH/USDT,2025-12-16 17:19:00+00:00,2025-12-16 17:24:00+00:00,prob_floor,-0.3887983527585374,5.0,2949.67,2935.67,0.017022243166184614,-0.02485362769394539,-0.004746293653188349,0.2016302922331188,-0.020203224476865622
ETH/USDT,2025-12-16 17:19:00+00:00,2025-12-16 17:25:00+00:00,prob_floor,-0.4751986487757028,6.0,2949.67,2932.46,0.017022243166184614,-0.02485362769394539,-0.005834550983669362,0.2029456497275326,-0.019130695729865033
ETH/USDT,2025-12-16 17:19:00+00:00,2025-12-16 17:27:00+00:00,prob_floor,-0.5802290094927639,8.0,2949.67,2928.57,0.017022243166184614,-0.02485362769394539,-0.007153342577305266,0.20454351441147045,-0.017827813574543216
ETH/USDT,2025-12-16 17:19:00+00:00,2025-12-16 17:28:00+00:00,prob_floor,-0.5148887849752789,9.0,2949.67,2930.99,0.017022243166184614,-0.02485362769394539,-0.006332911817254261,0.20354897150792062,-0.018638753458728896
ETH/USDT,2025-12-16 17:19:00+00:00,2025-12-16 17:29:00+00:00,prob_floor,-0.4784386598889122,10.0,2949.67,2932.34,0.017022243166184614,-0.02485362769394539,-0.0058752335006966305,0.20299487781089498,-0.019090555665441267
ETH/USDT,2025-12-16 17:19:00+00:00,2025-12-16 17:30:00+00:00,prob_floor,-0.4579185895206095,11.0,2949.67,2933.11,0.017022243166184614,-0.02485362769394539,-0.00561418734977126,0.20267906761082943,-0.019348064000327292
ETH/USDT,2025-12-16 17:19:00+00:00,2025-12-16 17:31:00+00:00,prob_floor,-0.3931183675440649,12.0,2949.67,2933.35,0.017022243166184614,-0.02485362769394539,-0.005532822315716723,0.20258066715530032,-0.019428298702848235
ETH/USDT,2025-12-16 17:19:00+00:00,2025-12-16 17:33:00+00:00,prob_floor,-0.39338836846822,14.0,2949.67,2935.49,0.017022243166184614,-0.02485362769394539,-0.0048073174287294185,0.20170397446422927,-0.020143144756071263
ETH/USDT,2025-12-16 17:19:00+00:00,2025-12-16 17:35:00+00:00,prob_floor,-0.2956480343370824,16.0,2949.67,2939.12,0.017022243166184614,-0.02485362769394539,-0.0035766712886526886,0.20021979367974096,-0.021353330248509717
ETH/USDT,2025-12-16 17:19:00+00:00,2025-12-16 17:36:00+00:00,prob_floor,-0.3447882022227264,17.0,2949.67,2937.29,0.017022243166184614,-0.02485362769394539,-0.004197079673319393,0.200967558531844,-0.01870772038171231
ETH/USDT,2025-12-16 17:19:00+00:00,2025-12-16 17:38:00+00:00,prob_floor,-0.5003087349268927,19.0,2949.67,2931.8,0.017022243166184614,-0.02485362769394539,-0.006058304827319616,0.20321645405552902,-0.01687018214066449
ETH/USDT,2025-12-16 17:19:00+00:00,2025-12-16 17:39:00+00:00,prob_floor,-0.4608885997032445,20.0,2949.67,2932.99,0.017022243166184614,-0.02485362769394539,-0.005654869866798751,0.2027282738775109,-0.017269066720309145
ETH/USDT,2025-12-16 17:19:00+00:00,2025-12-16 17:40:00+00:00,prob_floor,-0.506518756241534,21.0,2949.67,2931.86,0.017022243166184614,-0.02485362769394539,-0.006037963568806037,0.2031918304421083,-0.016890301719727385
ETH/USDT,2025-12-16 17:19:00+00:00,2025-12-16 17:41:00+00:00,trailing_prob_drop,-0.5453988897657858,22.0,2949.67,2930.16,0.017022243166184614,-0.02485362769394539,-0.00661429922669321,0.20388988997187885,-0.016319927922024635
ETH/USDT,2025-12-16 17:19:00+00:00,2025-12-16 17:42:00+00:00,trailing_prob_drop,-0.5580889333750519,23.0,2949.67,2929.4,0.017022243166184614,-0.02485362769394539,-0.006871955167866206,0.20420222571174995,-0.01606472315149854
ETH/USDT,2025-12-16 17:19:00+00:00,2025-12-16 17:43:00+00:00,trailing_prob_drop,-0.7360195463093123,24.0,2949.67,2922.81,0.017022243166184614,-0.02485362769394539,-0.009106103394617038,0.20691731587068607,-0.013846264382563311
ETH/USDT,2025-12-16 17:19:00+00:00,2025-12-16 17:44:00+00:00,prob_floor,-0.6812718732747777,25.0,2949.67,2925.4,0.017022243166184614,-0.02485362769394539,-0.008228039068777226,0.20584877281739256,-0.014719354618171865
ETH/USDT,2025-12-16 17:19:00+00:00,2025-12-16 17:45:00+00:00,prob_floor,-0.5713189788548951,26.0,2949.67,2928.7,0.017022243166184614,-0.02485362769394539,-0.007109269850525735,0.2044900467784343,-0.015829548946631466
ETH/USDT,2025-12-16 17:19:00+00:00,2025-12-16 17:46:00+00:00,trailing_prob_drop,-0.5764489964940396,27.0,2949.67,2928.71,0.017022243166184614,-0.02485362769394539,-0.00710587964077336,0.20448593408019233,-0.015832909369654202
ETH/USDT,2025-12-16 17:19:00+00:00,2025-12-16 17:47:00+00:00,prob_floor,-1.4387246332584505,28.0,2949.67,2958.59,0.017022243166184614,-0.02485362769394539,0.003024067099031358,0.1923213422610095,-0.02577241185835144
ETH/USDT,2025-12-16 17:19:00+00:00,2025-12-16 17:48:00+00:00,gate_close,-1.4135133361008418,29.0,2949.67,2927.44,0.017022243166184614,-0.02485362769394539,-0.007536436279312553,0.20500847156559998,-0.015405951958024744
ETH/USDT,2025-12-16 17:19:00+00:00,2025-12-16 17:50:00+00:00,prob_floor,-0.7038894354233224,31.0,2949.67,2924.72,0.017022243166184614,-0.02485362769394539,-0.008458573331932118,0.20612913372904096,-0.014490275992231627
ETH/USDT,2025-12-16 17:19:00+00:00,2025-12-16 17:51:00+00:00,prob_floor,-0.6952494056206273,32.0,2949.67,2924.31,0.017022243166184614,-0.02485362769394539,-0.00859757193177546,0.20629823787491763,-0.014352103573150532
ETH/USDT,2025-12-16 17:19:00+00:00,2025-12-16 17:52:00+00:00,prob_floor,-0.6277491730114424,33.0,2949.67,2926.81,0.017022243166184614,-0.02485362769394539,-0.007750019493706128,0.20526785134668812,-0.015194016693943158
ETH/USDT,2025-12-16 17:19:00+00:00,2025-12-16 17:53:00+00:00,prob_floor,-0.6766193413807635,34.0,2949.67,2925.48,0.017022243166184614,-0.02485362769394539,-0.00820091739075901,0.20581579774942926,-0.014746298043397998
ETH/USDT,2025-12-16 17:19:00+00:00,2025-12-16 17:54:00+00:00,prob_floor,-0.6763493404499556,35.0,2949.67,2925.02,0.017022243166184614,-0.02485362769394539,-0.00835686703936378,0.20600542902270758,-0.01459135322151639
ETH/USDT,2025-12-16 17:19:00+00:00,2025-12-16 17:55:00+00:00,prob_floor,-0.655829269728575,36.0,2949.67,2925.77,0.017022243166184614,-0.02485362769394539,-0.008102601307942936,0.20569627824470138,-0.014843955608267123
ETH/USDT,2025-12-16 17:19:00+00:00,2025-12-16 17:56:00+00:00,prob_floor,-0.7465495826697754,37.0,2949.67,2922.42,0.017022243166184614,-0.02485362769394539,-0.009238321574955854,0.20707838024650815,-0.013714661137002815
ETH/USDT,2025-12-16 17:19:00+00:00,2025-12-16 17:57:00+00:00,prob_floor,-0.7354795444449364,38.0,2949.67,2922.12,0.017022243166184614,-0.02485362769394539,-0.009340027867524192,0.20720230517569438,-0.01361340396698274
ETH/USDT,2025-12-16 17:19:00+00:00,2025-12-16 17:58:00+00:00,prob_floor,-0.7659896498222298,39.0,2949.67,2921.7,0.017022243166184614,-0.02485362769394539,-0.00948241667711991,0.20737584283122845,-0.013471608994763185
ETH/USDT,2025-12-16 17:19:00+00:00,2025-12-16 18:00:00+00:00,prob_floor,-0.9284456859337576,41.0,2949.67,2916.91,0.017022243166184614,-0.02485362769394539,-0.011106327148460715,0.20935853351663236,-0.011851582667960159
ETH/USDT,2025-12-16 17:19:00+00:00,2025-12-16 18:01:00+00:00,prob_floor,-0.9331202285152796,42.0,2949.67,2916.6,0.017022243166184614,-0.02485362769394539,-0.011211423650781316,0.20948707399026278,-0.011746554206953252
ETH/USDT,2025-12-16 17:19:00+00:00,2025-12-16 18:02:00+00:00,prob_floor,-0.815399820650487,43.0,2949.67,2915.51,0.017022243166184614,-0.02485362769394539,-0.011580956513779439,0.20993925591062967,-0.011377083254730747
ETH/USDT,2025-12-16 17:19:00+00:00,2025-12-16 18:03:00+00:00,trailing_prob_drop,-0.9605266891031828,44.0,2949.67,2919.86,0.017022243166184614,-0.02485362769394539,-0.010106215271538876,0.2081366914852083,-0.012849931161083017
ETH/USDT,2025-12-16 17:19:00+00:00,2025-12-16 18:05:00+00:00,trailing_prob_drop,-0.6320691878865109,46.0,2949.67,2926.65,0.017022243166184614,-0.02485362769394539,-0.00780426284974256,0.20533374335844745,-0.015140177335861815
ETH/USDT,2025-12-16 17:19:00+00:00,2025-12-16 18:07:00+00:00,trailing_prob_drop,-0.5613289445115675,48.0,2949.67,2929.27,0.017022243166184614,-0.02485362769394539,-0.006916027894645849,0.20425566779436521,-0.01602105644068308
ETH/USDT,2025-12-16 17:19:00+00:00,2025-12-16 18:20:00+00:00,time_limit,-0.6439470840000059,61.0,2949.67,2926.22,0.017022243166184614,-0.02485362769394539,-0.00795004186909054,0.20551086384482375,-0.0029184408554380203
ETH/USDT,,2025-12-16 18:22:00+00:00,dry_run,0.0,,,2926.44,,,,0.2054202375582619,-0.002993398121950319
ETH/USDT,2025-12-16 18:22:00+00:00,2025-12-16 18:23:00+00:00,take_profit,0.0508843750326312,1.0,2926.44,2929.5,0.2054202375582619,-0.002993398121950319,0.0010456390699962181,0.027762416794674838,-0.00403481822836671
ETH/USDT,2025-12-16 18:22:00+00:00,2025-12-16 18:25:00+00:00,take_profit,0.1113641459999887,3.0,2926.44,2931.73,0.2054202375582619,-0.002993398121950319,0.0018076570850589224,0.026980656472458175,-0.008377306232156378
ETH/USDT,,2025-12-16 18:29:00+00:00,dry_run,0.0,,,2929.78,,,,0.027664193215872768,-0.0077173030056865155
ETH/USDT,2025-12-16 18:29:00+00:00,2025-12-16 18:30:00+00:00,take_profit,0.1024395924237336,1.0,2929.78,2934.17,0.027664193215872768,-0.0077173030056865155,0.0014984060236604702,0.02612663887913791,-0.009201920815767317
ETH/USDT,2025-12-16 18:29:00+00:00,2025-12-16 18:31:00+00:00,take_profit,0.3986305966063527,2.0,2929.78,2945.14,0.027664193215872768,-0.0077173030056865155,0.005242714470028442,0.02230454239866364,-0.012892426166497994
ETH/USDT,2025-12-16 18:29:00+00:00,2025-12-16 18:32:00+00:00,take_profit,0.4663991879999911,3.0,2929.78,2947.64,0.027664193215872768,-0.0077173030056865155,0.006096020861634521,0.021437488974230146,-0.01372962777001252
ETH/USDT,,2025-12-16 18:33:00+00:00,dry_run,0.0,,,2946.5,,,,0.021832682844052265,-0.013348040047513998
ETH/USDT,2025-12-16 18:33:00+00:00,2025-12-16 18:43:00+00:00,take_profit,0.0734588459999985,10.0,2946.5,2949.66,0.021832682844052265,-0.013348040047513998,0.0010724588494823717,0.020737983360794132,-0.015137337862668798
ETH/USDT,,2025-12-16 18:45:00+00:00,dry_run,0.0,,,2956.26,,,,0.018459134176290304,-0.017336093577696166
ETH/USDT,2025-12-16 18:45:00+00:00,2025-12-16 18:47:00+00:00,gate_close,-0.0921041144276118,2.0,2956.26,2953.18,0.018459134176290304,-0.017336093577696166,-0.0010418569408645606,0.1945055838113492,-0.016311230605652094
ETH/USDT,2025-12-16 18:45:00+00:00,2025-12-16 18:51:00+00:00,take_profit,0.0747561420000034,6.0,2956.26,2959.63,0.018459134176290304,-0.017336093577696166,0.0011399538606211568,0.19190236617415013,-0.018455009578900006
ETH/USDT,,2025-12-16 18:53:00+00:00,dry_run,0.0,,,2964.55,,,,0.18992427181191074,-0.02008399251151105
ETH/USDT,2025-12-16 18:53:00+00:00,2025-12-16 18:57:00+00:00,gate_close,-0.3495174665132748,4.0,2964.55,2958.16,0.18992427181191074,-0.02008399251151105,-0.0021554704761262977,0.1924946588419829,-0.017967249912107408
ETH/USDT,2025-12-16 18:53:00+00:00,2025-12-16 18:59:00+00:00,trailing_prob_drop,-0.3463974558980904,6.0,2964.55,2951.58,0.18992427181191074,-0.02008399251151105,-0.004375031623686687,0.1951531044389785,-0.015777990093441385
ETH/USDT,2025-12-16 18:53:00+00:00,2025-12-16 19:00:00+00:00,trailing_prob_drop,-0.3866975930773994,7.0,2964.55,2950.01,0.18992427181191074,-0.02008399251151105,-0.0049046229613263215,0.1957891668163836,-0.01525418557903191
ETH/USDT,2025-12-16 18:53:00+00:00,2025-12-16 19:01:00+00:00,prob_floor,-0.4124376807705785,8.0,2964.55,2949.43,0.18992427181191074,-0.02008399251151105,-0.005100268168862221,0.22953248593796105,-0.015060537120731632
ETH/USDT,2025-12-16 18:53:00+00:00,2025-12-16 19:03:00+00:00,trailing_prob_drop,-0.5731182295222929,10.0,2964.55,2943.63,0.18992427181191074,-0.02008399251151105,-0.007056720244219217,0.23195510305303313,-0.013119855416611426
ETH/USDT,2025-12-16 18:53:00+00:00,2025-12-16 19:04:00+00:00,prob_floor,-0.6503384940634483,11.0,2964.55,2940.28,0.18992427181191074,-0.02008399251151105,-0.008186739977399604,0.23335872774021515,-0.011995456215054379
ETH/USDT,2025-12-16 18:53:00+00:00,2025-12-16 19:05:00+00:00,prob_floor,-0.5965183096298625,12.0,2964.55,2941.89,0.18992427181191074,-0.02008399251151105,-0.007643655866826471,0.2326837509220263,-0.012536158727892488
ETH/USDT,2025-12-16 18:53:00+00:00,2025-12-16 19:06:00+00:00,prob_floor,-0.635518443251473,13.0,2964.55,2940.84,0.18992427181191074,-0.02008399251151105,-0.00799784115633062,0.23312386937065588,-0.012183593803131054
ETH/USDT,2025-12-16 18:53:00+00:00,2025-12-16 19:07:00+00:00,prob_floor,-0.7675988967975953,14.0,2964.55,2935.77,0.18992427181191074,-0.02008399251151105,-0.009708050125651568,0.23525344287869965,-0.010477660034675651
ETH/USDT,2025-12-16 18:53:00+00:00,2025-12-16 19:08:00+00:00,prob_floor,-1.5572163170741518,15.0,2964.55,2938.75,0.18992427181191074,-0.02008399251151105,-0.008702838542105962,0.23400085070182897,-0.011481071884304472
ETH/USDT,2025-12-16 18:53:00+00:00,2025-12-16 19:10:00+00:00,prob_floor,-0.8562592021263766,17.0,2964.55,2932.35,0.18992427181191074,-0.02008399251151105,-0.010861682211465551,0.23669411905127302,-0.00932358006377132
ETH/USDT,2025-12-16 18:53:00+00:00,2025-12-16 19:12:00+00:00,prob_floor,-0.9987396942916976,19.0,2964.55,2926.88,0.18992427181191074,-0.02008399251151105,-0.012706818910121265,0.23900535724047445,-0.007472120483244971
ETH/USDT,2025-12-16 18:53:00+00:00,2025-12-16 19:13:00+00:00,prob_floor,-1.011479738388941,20.0,2964.55,2926.38,0.18992427181191074,-0.02008399251151105,-0.012875478571790056,0.23921705315099207,-0.007302537606189152
ETH/USDT,2025-12-16 18:53:00+00:00,2025-12-16 19:14:00+00:00,prob_floor,-1.0229197779990689,21.0,2964.55,2926.38,0.18992427181191074,-0.02008399251151105,-0.012875478571790056,0.23921705315099207,-0.007302537606189152
ETH/USDT,2025-12-16 18:53:00+00:00,2025-12-16 19:15:00+00:00,prob_floor,-1.098840041168449,22.0,2964.55,2923.02,0.18992427181191074,-0.02008399251151105,-0.014008871498203845,0.24064152828239282,-0.006161435775328128
ETH/USDT,2025-12-16 18:53:00+00:00,2025-12-16 19:16:00+00:00,prob_floor,-1.1123600880893905,23.0,2964.55,2923.68,0.18992427181191074,-0.02008399251151105,-0.01378624074480117,0.2403614622667325,-0.0063857877743116465
ETH/USDT,2025-12-16 18:53:00+00:00,2025-12-16 19:17:00+00:00,prob_floor,-1.1048200619198838,24.0,2964.55,2922.5,0.18992427181191074,-0.02008399251151105,-0.01418427754633933,0.24086227544910188,-0.0059846022241231145
ETH/USDT,2025-12-16 18:53:00+00:00,2025-12-16 19:19:00+00:00,prob_floor,-1.1279601422496768,26.0,2964.55,2922.0,0.18992427181191074,-0.02008399251151105,-0.01435293720800801,0.2410746064339493,-0.005814510609171708
ETH/USDT,2025-12-16 18:53:00+00:00,2025-12-16 19:20:00+00:00,prob_floor,-1.1115800853819422,27.0,2964.55,2922.53,0.18992427181191074,-0.02008399251151105,-0.014174157966639123,0.24084953790038077,-0.005994805870256248
ETH/USDT,2025-12-16 18:53:00+00:00,2025-12-16 19:21:00+00:00,prob_floor,-1.036179823925733,28.0,2964.55,2925.43,0.18992427181191074,-0.02008399251151105,-0.013195931928960625,0.239619474743884,-0.006980170436482691
ETH/USDT,2025-12-16 18:53:00+00:00,2025-12-16 19:22:00+00:00,prob_floor,-0.9116393932055114,29.0,2964.55,2930.22,0.18992427181191074,-0.02008399251151105,-0.01158017237017439,0.2375930817481282,-0.008603449570339317
ETH/USDT,2025-12-16 18:53:00+00:00,2025-12-16 19:23:00+00:00,prob_floor,-0.9436195036735608,30.0,2964.55,2929.0,0.18992427181191074,-0.02008399251151105,-0.011991701944645938,0.23810856947763748,-0.008190508706042987
ETH/USDT,2025-12-16 18:53:00+00:00,2025-12-16 19:25:00+00:00,prob_floor,-0.996139685294073,32.0,2964.55,2926.98,0.18992427181191074,-0.02008399251151105,-0.012673086977787573,0.23896302673745629,-0.007506030106116168
ETH/USDT,2025-12-16 18:53:00+00:00,2025-12-16 19:26:00+00:00,prob_floor,-0.8931972338429105,33.0,2964.55,2931.0,0.18992427181191074,-0.02008399251151105,-0.011317063297971108,0.23726373251450017,-0.008867280791538645
ETH/USDT,2025-12-16 18:53:00+00:00,2025-12-16 19:27:00+00:00,trailing_prob_drop,-0.9750796124359248,34.0,2964.55,2927.78,0.18992427181191074,-0.02008399251151105,-0.012403231519117597,0.23862448681253356,-0.007777223698501978
ETH/USDT,2025-12-16 18:53:00+00:00,2025-12-16 19:29:00+00:00,trailing_prob_drop,-0.9220394291198816,36.0,2964.55,2929.82,0.18992427181191074,-0.02008399251151105,-0.011715100099509157,0.23776204681516266,-0.008468097016198883
ETH/USDT,2025-12-16 18:53:00+00:00,2025-12-16 19:41:00+00:00,prob_floor,-0.609518354155259,48.0,2964.55,2941.84,0.18992427181191074,-0.02008399251151105,-0.007660521832993261,0.2327047018192696,-0.005306202920621117
ETH/USDT,2025-12-16 18:53:00+00:00,2025-12-16 19:53:00+00:00,time_limit,-0.3713563360000014,60.0,2964.55,2951.0,0.18992427181191074,-0.02008399251151105,-0.0045706768312223645,0.2288783463232802,-0.00839376482548293
ETH/USDT,,2025-12-16 19:54:00+00:00,dry_run,0.0,,,2950.76,,,,0.22897829711667494,-0.00831311255405398
ETH/USDT,2025-12-16 19:54:00+00:00,2025-12-16 20:03:00+00:00,trailing_prob_drop,-0.1152944397713229,9.0,2950.76,2947.1,0.22897829711667494,-0.00831311255405398,-0.0012403584161370107,0.20065148790336274,-0.007081537782905212
ETH/USDT,2025-12-16 19:54:00+00:00,2025-12-16 20:05:00+00:00,trailing_prob_drop,-0.1314944948202973,11.0,2950.76,2946.46,0.22897829711667494,-0.00831311255405398,-0.0014572516910897892,0.20091228117809168,-0.006865866158033751
ETH/USDT,2025-12-16 19:54:00+00:00,2025-12-16 20:07:00+00:00,prob_floor,-0.084514335240046,13.0,2950.76,2948.23,0.22897829711667494,-0.00831311255405398,-0.000857406227548263,0.20019130122141093,-0.007462104381272816
ETH/USDT,2025-12-16 19:54:00+00:00,2025-12-16 20:08:00+00:00,prob_floor,-0.0067538679596314,14.0,2950.76,2952.37,0.22897829711667494,-0.00831311255405398,0.0005456221448032483,0.19850831704698257,-0.00885390381286899
ETH/USDT,2025-12-16 19:54:00+00:00,2025-12-16 20:10:00+00:00,take_profit,0.0386058959999995,16.0,2950.76,2952.78,0.22897829711667494,-0.00831311255405398,0.000684569399070023,0.19834190153008335,-0.00899152662914282
ETH/USDT,,2025-12-16 20:12:00+00:00,dry_run,0.0,,,2944.58,,,,0.20167901704147972,-0.006231788574261876
ETH/USDT,2025-12-16 20:12:00+00:00,2025-12-16 20:15:00+00:00,take_profit,0.1247692680000009,3.0,2944.58,2949.79,0.20167901704147972,-0.006231788574261876,0.0017693525052808745,0.19955657860390064,-0.0065191081399015305
ETH/USDT,,2025-12-16 20:16:00+00:00,dry_run,0.0,,,2948.41,,,,0.19963302254435455,-0.006054110520585687
ETH/USDT,2025-12-16 20:16:00+00:00,2025-12-16 20:20:00+00:00,take_profit,0.033500573999998,4.0,2948.41,2936.39,0.19963302254435455,-0.006054110520585687,-0.004076773583049809,0.204543674375679,-0.0019854310905567107
ETH/USDT,,2025-12-16 20:23:00+00:00,dry_run,0.0,,,2950.6,,,,0.19874262861790837,-0.006459703111231563
ETH/USDT,2025-12-16 20:23:00+00:00,2025-12-16 20:25:00+00:00,take_profit,0.0426569057937444,2.0,2950.6,2952.8,0.19874262861790837,-0.006459703111231563,0.0007456110621568701,0.20028786236792184,-0.007199945814142628
ETH/USDT,2025-12-16 20:23:00+00:00,2025-12-16 20:26:00+00:00,take_profit,0.0342867059999911,3.0,2950.6,2952.48,0.19874262861790837,-0.006459703111231563,0.0006371585440250183,0.2004179537202624,-0.00680106215791465
ETH/USDT,,2025-12-16 20:27:00+00:00,dry_run,0.0,,,2950.25,,,,0.201325311414287,-0.006050334717396799
ETH/USDT,2025-12-16 20:27:00+00:00,2025-12-16 20:30:00+00:00,take_profit,0.052646489999999,3.0,2950.25,2953.19,0.201325311414287,-0.006050334717396799,0.0009965257181594467,0.20012935165024937,-0.007039845048913196
ETH/USDT,,2025-12-16 20:31:00+00:00,dry_run,0.0,,,2951.63,,,,0.20076364584992024,-0.006515044229798428
ETH/USDT,2025-12-16 20:31:00+00:00,2025-12-16 20:33:00+00:00,take_profit,0.044807408979893,2.0,2951.63,2954.63,0.20076364584992024,-0.006515044229798428,0.0010163875553508284,0.19954444380514658,-0.007523784704006942
ETH/USDT,2025-12-16 20:31:00+00:00,2025-12-16 20:34:00+00:00,take_profit,0.0491272020000083,3.0,2951.63,2954.79,0.20076364584992024,-0.006515044229798428,0.0010705948916360786,0.1994794892361218,-0.0075775266601010305
ETH/USDT,,2025-12-16 20:36:00+00:00,dry_run,0.0,,,2956.93,,,,0.19861139763200364,-0.008295766216988465
ETH/USDT,2025-12-16 20:36:00+00:00,2025-12-16 20:37:00+00:00,take_profit,-0.0157951204088135,1.0,2956.93,2960.48,0.19861139763200364,-0.008295766216988465,0.001200569509592686,0.19717410690158355,-0.009484948386748071
ETH/USDT,2025-12-16 20:36:00+00:00,2025-12-16 20:38:00+00:00,take_profit,0.0545028174785859,2.0,2956.93,2960.28,0.19861139763200364,-0.008295766216988465,0.0011329317907424752,0.1972549893928952,-0.00941802802437608
ETH/USDT,2025-12-16 20:36:00+00:00,2025-12-16 20:39:00+00:00,take_profit,0.024532578,3.0,2956.93,2958.44,0.19861139763200364,-0.008295766216988465,0.0005106647773198691,0.19799962142210092,-0.008801936155541368
ETH/USDT,,2025-12-16 20:40:00+00:00,dry_run,0.0,,,2961.8,,,,0.19664055641839417,-0.009926396110473412
ETH/USDT,2025-12-16 20:40:00+00:00,2025-12-16 20:50:00+00:00,trailing_prob_drop,-0.3313547875952073,10.0,2961.8,2950.14,0.19664055641839417,-0.009926396110473412,-0.003936795192112985,0.20137010446961856,-0.006013273946321118
ETH/USDT,2025-12-16 20:40:00+00:00,2025-12-16 20:51:00+00:00,prob_floor,-0.3378348096489679,11.0,2961.8,2949.42,0.19664055641839417,-0.009926396110473412,-0.0041798906070633635,0.20166337788446542,-0.005770626089197206
ETH/USDT,2025-12-16 20:40:00+00:00,2025-12-16 20:52:00+00:00,prob_floor,-0.245494495721532,12.0,2961.8,2953.32,0.19664055641839417,-0.009926396110473412,-0.0028631237760821104,0.20007652404751264,-0.007083553424620415
ETH/USDT,2025-12-16 20:40:00+00:00,2025-12-16 20:53:00+00:00,prob_floor,-0.2776246048710812,13.0,2961.8,2952.13,0.19664055641839417,-0.009926396110473412,-0.0032649064757918067,0.20056027342969318,-0.006683310016835309
ETH/USDT,2025-12-16 20:40:00+00:00,2025-12-16 20:54:00+00:00,prob_floor,-0.2527845204788396,14.0,2961.8,2953.05,0.19664055641839417,-0.009926396110473412,-0.002954284556688447,0.20018624811635433,-0.006992770186756148
ETH/USDT,2025-12-16 20:40:00+00:00,2025-12-16 20:56:00+00:00,prob_floor,-0.2530545213958451,16.0,2961.8,2953.04,0.19664055641839417,-0.009926396110473412,-0.002957660881896196,0.20019031235608065,-0.0069894075258039035
ETH/USDT,2025-12-16 20:40:00+00:00,2025-12-16 20:58:00+00:00,prob_floor,-0.3321647903517465,18.0,2961.8,2950.29,0.19664055641839417,-0.009926396110473412,-0.0038861503139983045,0.20130902385867144,-0.0060638106762385124
ETH/USDT,2025-12-16 20:40:00+00:00,2025-12-16 20:59:00+00:00,prob_floor,-0.3567348739928663,19.0,2961.8,2949.19,0.19664055641839417,-0.009926396110473412,-0.004257546086839148,0.20175709262543284,-0.005693088610771113
ETH/USDT,2025-12-16 20:40:00+00:00,2025-12-16 21:00:00+00:00,prob_floor,-0.4358451436499358,20.0,2961.8,2945.76,0.19664055641839417,-0.009926396110473412,-0.005415625633060972,0.20315640106458077,-0.00453533213839552
ETH/USDT,2025-12-16 20:40:00+00:00,2025-12-16 21:01:00+00:00,prob_floor,-0.4147850718117418,21.0,2961.8,2945.95,0.19664055641839417,-0.009926396110473412,-0.0053514754541158505,0.20307880310256454,-0.004599534954768281
ETH/USDT,2025-12-16 20:40:00+00:00,2025-12-16 21:03:00+00:00,prob_floor,-0.4566352146044889,23.0,2961.8,2945.5,0.19664055641839417,-0.009926396110473412,-0.005503410088459781,0.203262603972161,-0.00444746223052106
ETH/USDT,2025-12-16 20:40:00+00:00,2025-12-16 21:04:00+00:00,prob_floor,-0.4909253317144741,24.0,2961.8,2944.55,0.19664055641839417,-0.009926396110473412,-0.005824160983185944,0.20365081251804185,-0.004126267171554288
ETH/USDT,2025-12-16 20:40:00+00:00,2025-12-16 21:05:00+00:00,prob_floor,-0.5041553769256384,25.0,2961.8,2942.62,0.19664055641839417,-0.009926396110473412,-0.006475791748261295,0.20444026072003862,-0.0034730954047752505
ETH/USDT,2025-12-16 20:40:00+00:00,2025-12-16 21:06:00+00:00,prob_floor,-0.6091857363818106,26.0,2961.8,2939.85,0.19664055641839417,-0.009926396110473412,-0.007411033830778679,0.20557511437658382,-0.0025341428984471115
ETH/USDT,2025-12-16 20:40:00+00:00,2025-12-16 21:07:00+00:00,prob_floor,-0.5986557003008923,27.0,2961.8,2940.23,0.19664055641839417,-0.009926396110473412,-0.007282733472888214,0.20541930393200536,-0.0005917904381630423
ETH/USDT,2025-12-16 20:40:00+00:00,2025-12-16 21:08:00+00:00,prob_floor,-0.5916356762522804,28.0,2961.8,2938.49,0.19664055641839417,-0.009926396110473412,-0.007870214059018332,0.2061330819570597,0.0
ETH/USDT,2025-12-16 20:40:00+00:00,2025-12-16 21:11:00+00:00,prob_floor,-0.4436751703687396,31.0,2961.8,2946.64,0.19664055641839417,-0.009926396110473412,-0.005118509014788386,0.2027970841365081,-0.002110878831482532
ETH/USDT,2025-12-16 20:40:00+00:00,2025-12-16 21:13:00+00:00,prob_floor,-0.5743556170737443,33.0,2961.8,2941.57,0.19664055641839417,-0.009926396110473412,-0.006830305895063837,0.20487018836879622,-0.0003909476911989618
ETH/USDT,2025-12-16 20:40:00+00:00,2025-12-16 21:14:00+00:00,prob_floor,-0.5260254516955036,34.0,2961.8,2942.93,0.19664055641839417,-0.009926396110473412,-0.0063711256668242955,0.20431338835786117,-0.0008528915060840303
ETH/USDT,2025-12-16 20:40:00+00:00,2025-12-16 21:15:00+00:00,prob_floor,-0.527915458159046,35.0,2961.8,2942.75,0.19664055641839417,-0.009926396110473412,-0.00643189952056189,0.20438705292668424,-0.0007917763996261318
ETH/USDT,2025-12-16 20:40:00+00:00,2025-12-16 21:16:00+00:00,prob_floor,-0.418565084702964,36.0,2961.8,2943.39,0.19664055641839417,-0.009926396110473412,-0.0062158147072727266,0.20412517539299935,-0.0010090405960473392
ETH/USDT,2025-12-16 20:40:00+00:00,2025-12-16 21:20:00+00:00,trailing_prob_drop,-0.4701352606987276,40.0,2961.8,2944.99,0.19664055641839417,-0.009926396110473412,-0.005675602674049651,0.20347097952794413,-0.0446045657200872
ETH/USDT,2025-12-16 20:40:00+00:00,2025-12-16 21:21:00+00:00,trailing_prob_drop,-0.4272051141732675,41.0,2961.8,2946.57,0.19664055641839417,-0.009926396110473412,-0.005142143291241852,0.2028256583077952,-0.04511686469352505
ETH/USDT,2025-12-16 20:40:00+00:00,2025-12-16 21:24:00+00:00,gate_close,-0.4755352791408009,44.0,2961.8,2944.79,0.19664055641839417,-0.009926396110473412,-0.005743129178202522,0.20355271513418627,-0.04453967855093233
ETH/USDT,2025-12-16 20:40:00+00:00,2025-12-16 21:37:00+00:00,gate_close,-0.1658442255196263,57.0,2961.8,2956.22,0.19664055641839417,-0.009926396110473412,-0.0018839894658654321,0.19611192671722666,-0.04823389328263783
ETH/USDT,2025-12-16 20:40:00+00:00,2025-12-16 21:40:00+00:00,time_limit,-0.1963537200000078,60.0,2961.8,2954.88,0.19664055641839417,-0.009926396110473412,-0.002336417043689698,0.19665434806151172,-0.047802279618800125
ETH/USDT,,2025-12-16 21:41:00+00:00,dry_run,0.0,,,2955.5,,,,0.1964033158518017,-0.048002030113347915
ETH/USDT,2025-12-16 21:41:00+00:00,2025-12-16 21:43:00+00:00,take_profit,0.0321004638828658,2.0,2955.5,2957.71,0.1964033158518017,-0.048002030113347915,0.0007477584165116458,0.19550936366310423,-0.04871336270290183
ETH/USDT,2025-12-16 21:41:00+00:00,2025-12-16 21:49:00+00:00,trailing_prob_drop,-0.0483598082992239,8.0,2955.5,2954.32,0.1964033158518017,-0.048002030113347915,-0.0003992556251056767,0.19688117739445943,-0.04762178775488102
ETH/USDT,2025-12-16 21:41:00+00:00,2025-12-16 21:52:00+00:00,trailing_prob_drop,-0.0515998192710626,11.0,2955.5,2954.19,0.1964033158518017,-0.048002030113347915,-0.0004432414143122898,0.1969338465027637,-0.04757987807148489
ETH/USDT,2025-12-16 21:41:00+00:00,2025-12-16 21:53:00+00:00,prob_floor,-0.0996599821249821,12.0,2955.5,2952.82,0.1964033158518017,-0.048002030113347915,-0.0009067839621045293,0.1974891798348697,-0.04713799012469433
ETH/USDT,2025-12-16 21:41:00+00:00,2025-12-16 21:55:00+00:00,trailing_prob_drop,-0.1058700031822296,14.0,2955.5,2952.19,0.1964033158518017,-0.048002030113347915,-0.0011199458636440562,0.1977447251023816,-0.04693464851517004
ETH/USDT,2025-12-16 21:41:00+00:00,2025-12-16 21:56:00+00:00,trailing_prob_drop,-0.1323300929411992,15.0,2955.5,2951.2,0.1964033158518017,-0.048002030113347915,-0.0014549145660632812,0.19814651667118466,-0.04661493629709934
ETH/USDT,2025-12-16 21:41:00+00:00,2025-12-16 21:58:00+00:00,prob_floor,-0.1272000755342905,17.0,2955.5,2951.39,0.1964033158518017,-0.048002030113347915,-0.0013906276433768294,0.19806938425623177,-0.046676311839506046
ETH/USDT,2025-12-16 21:41:00+00:00,2025-12-16 21:59:00+00:00,prob_floor,-0.1317900911087881,18.0,2955.5,2951.23,0.1964033158518017,-0.048002030113347915,-0.0014447639993232508,0.19813433720855356,-0.046624627697604004
ETH/USDT,2025-12-16 21:41:00+00:00,2025-12-16 22:00:00+00:00,prob_floor,-0.0667198704848339,19.0,2955.5,2953.52,0.1964033158518017,-0.048002030113347915,-0.0006699374048384499,0.19720536850943948,-0.04736382350551205
ETH/USDT,2025-12-16 21:41:00+00:00,2025-12-16 22:01:00+00:00,prob_floor,-0.0407997827016797,20.0,2955.5,2954.6,0.1964033158518017,-0.048002030113347915,-0.00030451700219935596,0.19814526501049223,-0.0477120422392201
ETH/USDT,2025-12-16 21:41:00+00:00,2025-12-16 22:06:00+00:00,trailing_prob_drop,-0.0626698567649524,25.0,2955.5,2953.79,0.1964033158518017,-0.048002030113347915,-0.0005785823041786209,0.19847382515344703,-0.04745090206141933
ETH/USDT,2025-12-16 21:41:00+00:00,2025-12-16 22:07:00+00:00,trailing_prob_drop,-0.0389097763030763,26.0,2955.5,2953.58,0.1964033158518017,-0.048002030113347915,-0.0006496362713585002,0.19855903682988107,-0.04738317567155781
ETH/USDT,2025-12-16 21:41:00+00:00,2025-12-16 22:10:00+00:00,trailing_prob_drop,-0.0804899171428659,29.0,2955.5,2952.89,0.1964033158518017,-0.048002030113347915,-0.0008830993063779768,0.1988391033868515,-0.047160578280938226
ETH/USDT,2025-12-16 21:41:00+00:00,2025-12-16 22:12:00+00:00,trailing_prob_drop,-0.2994606612684362,31.0,2955.5,2952.58,0.1964033158518017,-0.048002030113347915,-0.000987988496024439,0.1989649730066585,-0.04706053688638401
ETH/USDT,2025-12-16 21:41:00+00:00,2025-12-16 22:14:00+00:00,prob_floor,-0.2557205122994441,33.0,2955.5,2946.64,0.1964033158518017,-0.048002030113347915,-0.0029978007105396776,0.2013819129584884,-0.045139548774197014
ETH/USDT,2025-12-16 21:41:00+00:00,2025-12-16 22:15:00+00:00,prob_floor,-0.17121022494011,34.0,2955.5,2949.26,0.1964033158518017,-0.048002030113347915,-0.002111317881914987,0.2003146552016437,-0.04598780711093631
ETH/USDT,2025-12-16 21:41:00+00:00,2025-12-16 22:16:00+00:00,prob_floor,-0.1803902561253381,35.0,2955.5,2949.43,0.1964033158518017,-0.048002030113347915,-0.0020537980037219628,0.20024547115883418,-0.046042794709486135
ETH/USDT,2025-12-16 21:41:00+00:00,2025-12-16 22:17:00+00:00,prob_floor,-0.1604101882608359,36.0,2955.5,2950.16,0.1964033158518017,-0.048002030113347915,-0.001806800879715853,0.19994847737071897,-0.04627884589310405
ETH/USDT,2025-12-16 21:41:00+00:00,2025-12-16 22:18:00+00:00,prob_floor,-0.1814702597946597,37.0,2955.5,2949.57,0.1964033158518017,-0.048002030113347915,-0.002006428692268636,0.20018850205284155,-0.046088073854833045
ETH/USDT,2025-12-16 21:41:00+00:00,2025-12-16 22:20:00+00:00,prob_floor,-0.1301700856116794,39.0,2955.5,2951.29,0.1964033158518017,-0.048002030113347915,-0.0014244628658433012,0.19948903699738074,-0.046644009907531925
ETH/USDT,2025-12-16 21:41:00+00:00,2025-12-16 22:22:00+00:00,trailing_prob_drop,-0.1161300379796316,41.0,2955.5,2951.81,0.1964033158518017,-0.048002030113347915,-0.0012485197090170708,0.19927773129029314,-0.0014364068148017273
ETH/USDT,2025-12-16 21:41:00+00:00,2025-12-16 22:23:00+00:00,trailing_prob_drop,-0.1242300654576283,42.0,2955.5,2951.51,0.1964033158518017,-0.048002030113347915,-0.001350025376416819,0.19939962934226885,-0.001334909927460881
ETH/USDT,2025-12-16 21:41:00+00:00,2025-12-16 22:24:00+00:00,trailing_prob_drop,-0.127470076450369,43.0,2955.5,2951.39,0.1964033158518017,-0.048002030113347915,-0.0013906276433768294,0.1994483955017805,-0.0012943053950849048
ETH/USDT,2025-12-16 21:41:00+00:00,2025-12-16 22:25:00+00:00,trailing_prob_drop,-0.0367497689907368,44.0,2955.5,2954.75,0.1964033158518017,-0.048002030113347915,-0.0002537641684994263,0.19808444030797867,-0.0024299856163803035
ETH/USDT,2025-12-16 21:41:00+00:00,2025-12-16 22:27:00+00:00,trailing_prob_drop,-0.0605098494482554,46.0,2955.5,2953.87,0.1964033158518017,-0.048002030113347915,-0.0005515141262054657,0.19844136674938295,-0.0021327952821212914
ETH/USDT,2025-12-16 21:41:00+00:00,2025-12-16 22:28:00+00:00,trailing_prob_drop,-0.0029996547868094,47.0,2955.5,2953.98,0.1964033158518017,-0.048002030113347915,-0.0005142953814921691,0.19839673931441637,-0.0021699537573036665
ETH/USDT,2025-12-16 21:41:00+00:00,2025-12-16 22:30:00+00:00,take_profit,0.0464102999999985,49.0,2955.5,2957.81,0.1964033158518017,-0.048002030113347915,0.0007815936389781175,0.19684496299627097,-0.0034620208870751457
ETH/USDT,,2025-12-16 22:32:00+00:00,dry_run,0.0,,,2956.0,,,,0.1975778078484438,-0.0028518267929633634
ETH/USDT,2025-12-16 22:32:00+00:00,2025-12-16 22:41:00+00:00,take_profit,0.0202176000000039,9.0,2956.0,2957.16,0.1975778078484438,-0.0028518267929633634,0.0003924221921514093,0.19710803608867966,-0.0032429763692189972
ETH/USDT,,2025-12-16 22:43:00+00:00,dry_run,0.0,,,2958.14,,,,0.19671144705794852,-0.0035731912620767803
ETH/USDT,2025-12-16 22:43:00+00:00,2025-12-16 22:46:00+00:00,prob_floor,-0.1334243522515997,3.0,2958.14,2952.8,0.19671144705794852,-0.0035731912620767803,-0.0018051883954105508,0.19887564345705755,-0.0017712002167434848
ETH/USDT,2025-12-16 22:43:00+00:00,2025-12-16 22:55:00+00:00,prob_floor,-0.1012942433609006,12.0,2958.14,2954.99,0.19671144705794852,-0.0035731912620767803,-0.0010648583231355202,0.19798713362820197,-0.002511006805437477
ETH/USDT,2025-12-16 22:43:00+00:00,2025-12-16 22:57:00+00:00,prob_floor,-0.1628544520688614,14.0,2958.14,2953.23,0.19671144705794852,-0.0035731912620767803,-0.0016598267830461033,0.19870108322074476,-0.00191654561276966
ETH/USDT,2025-12-16 22:43:00+00:00,2025-12-16 22:59:00+00:00,prob_floor,-0.1204643083187353,16.0,2958.14,2954.29,0.19671144705794852,-0.0035731912620767803,-0.001301493506054463,0.19827098896858475,-0.002274658208909708
ETH/USDT,2025-12-16 22:43:00+00:00,2025-12-16 23:03:00+00:00,prob_floor,-0.2092946097286659,20.0,2958.14,2950.14,0.19671144705794852,-0.0035731912620767803,-0.002704402090502822,0.005291274312405614,-0.0005016711071339497
ETH/USDT,2025-12-16 22:43:00+00:00,2025-12-16 23:05:00+00:00,prob_floor,-0.2465547363560671,22.0,2958.14,2949.62,0.19671144705794852,-0.0035731912620767803,-0.0028801882263854717,0.2019853404845371,-0.034099307707433524
ETH/USDT,2025-12-16 22:43:00+00:00,2025-12-16 23:07:00+00:00,prob_floor,-0.26977481532877,24.0,2958.14,2948.8,0.19671144705794852,-0.0035731912620767803,-0.0031573894406619063,0.20231958762886593,-0.033830710797612684
ETH/USDT,2025-12-16 22:43:00+00:00,2025-12-16 23:08:00+00:00,prob_floor,-0.2454747326840405,25.0,2958.14,2950.21,0.19671144705794852,-0.0035731912620767803,-0.00268073857221085,0.20174496052823354,-0.03429247409506442
ETH/USDT,2025-12-16 22:43:00+00:00,2025-12-16 23:09:00+00:00,prob_floor,-0.1957945638783886,26.0,2958.14,2951.5,0.19671144705794852,-0.0035731912620767803,-0.0022446537351172857,0.20121971878705747,-0.03471455192275119
ETH/USDT,2025-12-16 22:43:00+00:00,2025-12-16 23:10:00+00:00,prob_floor,-0.1642044566494197,27.0,2958.14,2953.0,0.19671144705794852,-0.0035731912620767803,-0.0017375783431480274,0.20060954961056554,-0.03520487639688452
ETH/USDT,2025-12-16 22:43:00+00:00,2025-12-16 23:11:00+00:00,prob_floor,-0.2368347033114257,28.0,2958.14,2949.56,0.19671144705794852,-0.0035731912620767803,-0.002900471242064273,0.20200979129090446,-0.06797624052401041
ETH/USDT,2025-12-16 22:43:00+00:00,2025-12-16 23:12:00+00:00,prob_floor,-0.2273846711923798,29.0,2958.14,2950.32,0.19671144705794852,-0.0035731912620767803,-0.002643553043466418,0.2017001545595054,-0.06821632907616804
ETH/USDT,2025-12-16 22:43:00+00:00,2025-12-16 23:13:00+00:00,prob_floor,-0.2025445868015853,30.0,2958.14,2951.25,0.19671144705794852,-0.0035731912620767803,-0.002329166300445551,0.2013214739517155,-0.06850995340957222
ETH/USDT,2025-12-16 22:43:00+00:00,2025-12-16 23:15:00+00:00,prob_floor,-0.1291043376057292,32.0,2958.14,2953.96,0.19671144705794852,-0.0035731912620767803,-0.0014130500922876488,0.20021936654524786,-0.06936451407602007
ETH/USDT,2025-12-16 22:43:00+00:00,2025-12-16 23:40:00+00:00,take_profit,0.0288460440000083,57.0,2958.14,2959.8,0.19671144705794852,-0.0035731912620767803,0.0005611634337794325,0.19785120616257856,-0.0712007568078925
ETH/USDT,,2025-12-16 23:41:00+00:00,dry_run,0.0,,,2958.73,,,,0.19828439904959216,-0.07086486431678463
ETH/USDT,2025-12-16 23:41:00+00:00,2025-12-16 23:42:00+00:00,take_profit,0.0142630678057999,1.0,2958.73,2959.89,0.19828439904959216,-0.07086486431678463,0.00039206010687009574,0.19781478365750083,-0.07122899837493957
ETH/USDT,2025-12-16 23:41:00+00:00,2025-12-16 23:44:00+00:00,take_profit,0.0677228579999975,3.0,2958.73,2961.84,0.19828439904959216,-0.07086486431678463,0.0010511266658330687,0.1970261729195364,-0.0718404775409881
ETH/USDT,,2025-12-16 23:45:00+00:00,dry_run,0.0,,,2964.1,,,,0.196113491447657,-0.07254815964373673
ETH/USDT,2025-12-16 23:45:00+00:00,2025-12-16 23:56:00+00:00,gate_close,0.0009655880000028,11.0,2964.1,2963.5,0.196113491447657,-0.07254815964373673,-0.00020242232043454766,0.19635566053652775,-0.07236038468027672
ETH/USDT,,2025-12-16 23:57:00+00:00,dry_run,0.0,,,2963.97,,,,0.19616595309669127,-0.07250748151971842
ETH/USDT,2025-12-16 23:57:00+00:00,2025-12-16 23:59:00+00:00,gate_close,-0.1789580834367139,2.0,2963.97,2962.48,0.19616595309669127,-0.07250748151971842,-0.0005027041434292334,0.19676757311441762,-0.07204099268180719
ETH/USDT,2025-12-16 23:57:00+00:00,2025-12-17 00:00:00+00:00,prob_floor,-0.2260182429314748,3.0,2963.97,2958.27,0.19616595309669127,-0.07250748151971842,-0.0019230963876152307,0.1984707278240323,-0.07072038725336094
ETH/USDT,2025-12-16 23:57:00+00:00,2025-12-17 00:01:00+00:00,prob_floor,-0.211198192682802,4.0,2963.97,2956.82,0.19616595309669127,-0.07250748151971842,-0.002412305117797997,0.19905844792716487,-0.07026467624001465
ETH/USDT,2025-12-16 23:57:00+00:00,2025-12-17 00:03:00+00:00,prob_floor,-0.2278382491037186,6.0,2963.97,2956.76,0.19616595309669127,-0.07250748151971842,-0.0024325482376675867,0.19908277979951028,-0.07024580960240268
ETH/USDT,2025-12-16 23:57:00+00:00,2025-12-17 00:05:00+00:00,trailing_prob_drop,-0.200797531999991,8.0,2963.97,2955.97,0.19616595309669127,-0.07250748151971842,-0.0026990826492845343,0.19940324157552358,-0.06999732744243004
ETH/USDT,2025-12-16 23:57:00+00:00,2025-12-17 00:09:00+00:00,prob_floor,-0.2190009411888857,12.0,2963.97,2957.18,0.19616595309669127,-0.07250748151971842,-0.0022908463985802374,0.0009637560107942367,-0.07037785998823198
ETH/USDT,2025-12-16 23:57:00+00:00,2025-12-17 00:10:00+00:00,prob_floor,-0.1833780984085827,13.0,2963.97,2957.55,0.19616595309669127,-0.07250748151971842,-0.00216601382605075,0.0008385318929520214,-0.07049415901675382
ETH/USDT,2025-12-16 23:57:00+00:00,2025-12-17 00:11:00+00:00,prob_floor,-0.199238152145346,14.0,2963.97,2957.86,0.19616595309669127,-0.07250748151971842,-0.002061424373390963,0.0007336385089220521,-0.07059157634235569
ETH/USDT,2025-12-16 23:57:00+00:00,2025-12-17 00:12:00+00:00,prob_floor,-0.3450986473884662,15.0,2963.97,2958.87,0.19616595309669127,-0.07250748151971842,-0.0017206651889188906,0.0003920415564051538,-0.009848354270380222
ETH/USDT,2025-12-16 23:57:00+00:00,2025-12-17 00:14:00+00:00,prob_floor,-0.3692787296695167,17.0,2963.97,2951.15,0.19616595309669127,-0.07250748151971842,-0.0043252799454783775,0.003008996492892546,-0.007258187486234191
ETH/USDT,2025-12-16 23:57:00+00:00,2025-12-17 00:15:00+00:00,prob_floor,-0.3021985015334517,18.0,2963.97,2954.2,0.19616595309669127,-0.07250748151971842,-0.0032962546854388153,0.001973461512423169,-0.008283122334303616
ETH/USDT,2025-12-16 23:57:00+00:00,2025-12-17 00:17:00+00:00,prob_floor,-0.3053185121355916,20.0,2963.97,2953.78,0.19616595309669127,-0.07250748151971842,-0.0034379565245260535,0.0037782096161527168,-0.00814210943265925
ETH/USDT,2025-12-16 23:57:00+00:00,2025-12-17 00:18:00+00:00,trailing_prob_drop,-0.3513386686173179,21.0,2963.97,2952.01,0.19616595309669127,-0.07250748151971842,-0.004035128560680334,0.006622606291984079,-0.007547399907182006
ETH/USDT,2025-12-16 23:57:00+00:00,2025-12-17 00:19:00+00:00,prob_floor,-0.3723987402901896,22.0,2963.97,2951.2,0.19616595309669127,-0.07250748151971842,-0.004308410678920516,0.007322445107075026,-0.007275006776904291
ETH/USDT,2025-12-16 23:57:00+00:00,2025-12-17 00:20:00+00:00,prob_floor,-0.4532590158446012,23.0,2963.97,2951.42,0.19616595309669127,-0.07250748151971842,-0.004234185906065058,0.007247358898428535,-0.0073490048857838275
ETH/USDT,2025-12-16 23:57:00+00:00,2025-12-17 00:21:00+00:00,prob_floor,-0.3957988199729004,24.0,2963.97,2949.98,0.19616595309669127,-0.07250748151971842,-0.004720020782936318,0.007739035518884885,-0.006864453318327635
ETH/USDT,2025-12-16 23:57:00+00:00,2025-12-17 00:25:00+00:00,trailing_prob_drop,-0.2917984661991942,28.0,2963.97,2954.4,0.19616595309669127,-0.07250748151971842,-0.003228777619206591,0.006231383698889648,-0.008350257243433523
ETH/USDT,2025-12-16 23:57:00+00:00,2025-12-17 00:26:00+00:00,trailing_prob_drop,-0.317278552785121,29.0,2963.97,2953.31,0.19616595309669127,-0.07250748151971842,-0.0035965276301715976,0.007154684066352779,-0.00798426172667277
ETH/USDT,2025-12-16 23:57:00+00:00,2025-12-17 00:27:00+00:00,prob_floor,-0.3700587323245892,30.0,2963.97,2951.47,0.19616595309669127,-0.07250748151971842,-0.004217316639507196,0.007782562587456576,-0.007365821099316494
ETH/USDT,2025-12-16 23:57:00+00:00,2025-12-17 00:32:00+00:00,prob_floor,-0.4511790087491021,35.0,2963.97,2948.16,0.19616595309669127,-0.07250748151971842,-0.005334062085648572,0.008914034516444236,-0.006251356778465111
ETH/USDT,2025-12-16 23:57:00+00:00,2025-12-17 00:33:00+00:00,prob_floor,-0.4514390096360006,36.0,2963.97,2947.4,0.19616595309669127,-0.07250748151971842,-0.0055904749373305584,0.009174187419420443,-0.005995114338060659
ETH/USDT,2025-12-16 23:57:00+00:00,2025-12-17 00:35:00+00:00,trailing_prob_drop,-0.4415589759373978,38.0,2963.97,2948.53,0.19616595309669127,-0.07250748151971842,-0.005209229513119085,0.008787429668343227,-0.006376058578342447
ETH/USDT,2025-12-16 23:57:00+00:00,2025-12-17 00:36:00+00:00,trailing_prob_drop,-0.3957988199729004,39.0,2963.97,2948.53,0.19616595309669127,-0.07250748151971842,-0.005209229513119085,0.008787429668343227,-0.006376058578342447
ETH/USDT,2025-12-16 23:57:00+00:00,2025-12-17 00:39:00+00:00,prob_floor,-0.4641790531023019,42.0,2963.97,2947.67,0.19616595309669127,-0.07250748151971842,-0.005499380897917239,0.00908174931386485,-0.006086162969396236
ETH/USDT,2025-12-16 23:57:00+00:00,2025-12-17 00:40:00+00:00,prob_floor,-0.4951191587234648,43.0,2963.97,2947.92,0.19616595309669127,-0.07250748151971842,-0.0054150345651270415,0.008996173573231347,-0.006170452386767611
ETH/USDT,2025-12-16 23:57:00+00:00,2025-12-17 00:41:00+00:00,prob_floor,-0.4945991569476148,44.0,2963.97,2945.8,0.19616595309669127,-0.07250748151971842,-0.006130291467187465,0.009722316518433027,-0.005455224387263313
ETH/USDT,2025-12-16 23:57:00+00:00,2025-12-17 00:43:00+00:00,prob_floor,-0.5263192653186228,46.0,2963.97,2945.92,0.19616595309669127,-0.07250748151971842,-0.006089805227448175,0.00968118618292424,-0.005495736476211155
ETH/USDT,2025-12-16 23:57:00+00:00,2025-12-17 00:45:00+00:00,prob_floor,-0.4878391338637469,48.0,2963.97,2946.75,0.19616595309669127,-0.07250748151971842,-0.005809775402584982,0.009396793077118826,-0.003359633494527947
ETH/USDT,2025-12-16 23:57:00+00:00,2025-12-17 00:46:00+00:00,prob_floor,-0.4685990681858196,49.0,2963.97,2947.5,0.19616595309669127,-0.07250748151971842,-0.005556736404214502,0.009139949109414847,-0.0036132315521628655
ETH/USDT,2025-12-16 23:57:00+00:00,2025-12-17 00:48:00+00:00,trailing_prob_drop,-0.5190392404386327,51.0,2963.97,2945.56,0.19616595309669127,-0.07250748151971842,-0.006211263946666046,0.009804587243172902,-0.002956992897785171
ETH/USDT,2025-12-16 23:57:00+00:00,2025-12-17 00:49:00+00:00,prob_floor,-0.4657390584256956,52.0,2963.97,2948.0,0.19616595309669127,-0.07250748151971842,-0.005388043738634218,0.008968792401628178,-0.0037822252374491994
ETH/USDT,2025-12-16 23:57:00+00:00,2025-12-17 00:51:00+00:00,prob_floor,-0.4184188970457174,54.0,2963.97,2949.2,0.19616595309669127,-0.07250748151971842,-0.004983181341241649,0.008558253085582557,-0.05109521226095204
ETH/USDT,2025-12-16 23:57:00+00:00,2025-12-17 00:57:00+00:00,time_limit,-0.4046375319999948,60.0,2963.97,2949.84,0.19616595309669127,-0.07250748151971842,-0.004767254729298731,0.008339435359205893,-0.051301087516611
ETH/USDT,,2025-12-17 00:59:00+00:00,dry_run,0.0,,,2949.67,,,,0.008397549556391048,-0.051246410615424676
ETH/USDT,2025-12-17 00:59:00+00:00,2025-12-17 01:00:00+00:00,take_profit,0.0191718483153439,1.0,2949.67,2951.0,0.008397549556391048,-0.051246410615424676,0.00045089789705277106,0.007943070145713271,-0.0516740088105726
ETH/USDT,2025-12-17 00:59:00+00:00,2025-12-17 01:01:00+00:00,take_profit,0.1177254343034171,2.0,2949.67,2954.72,0.008397549556391048,-0.051246410615424676,0.00171205592489998,0.006674067255103777,-0.052867953647045995
ETH/USDT,2025-12-17 00:59:00+00:00,2025-12-17 01:02:00+00:00,take_profit,0.079651727999999,3.0,2949.67,2953.23,0.008397549556391048,-0.051246410615424676,0.001206914671810777,0.007181966863400335,-0.052390094913027374
ETH/USDT,,2025-12-17 01:03:00+00:00,dry_run,0.0,,,2954.13,,,,0.006875120593880402,-0.05267879206399173
ETH/USDT,2025-12-17 01:03:00+00:00,2025-12-17 01:16:00+00:00,prob_trailing,0.0048243599999995,13.0,2954.13,2957.38,0.006875120593880402,-0.05267879206399173,0.0011001546986761923,0.005768619521333118,-0.053719846620995604
ETH/USDT,,2025-12-17 01:20:00+00:00,dry_run,0.0,,,2967.21,,,,0.002436632392045057,-0.05685475581438448
ETH/USDT,2025-12-17 01:20:00+00:00,2025-12-17 01:31:00+00:00,gate_close,-0.0500096592767736,11.0,2967.21,2966.53,0.002436632392045057,-0.05685475581438448,-0.0002291715112849868,6.741883614846955e-05,-0.05663856424846536
ETH/USDT,2025-12-17 01:20:00+00:00,2025-12-17 01:33:00+00:00,trailing_prob_drop,-0.2192702314715985,13.0,2967.21,2959.4,0.002436632392045057,-0.05685475581438448,-0.002632102210494036,0.0011387443400689978,-0.05436574981415143
ETH/USDT,2025-12-17 01:20:00+00:00,2025-12-17 01:34:00+00:00,prob_floor,-0.2400703019611116,14.0,2967.21,2958.59,0.002436632392045057,-0.05685475581438448,-0.0029050859224658554,0.0008111972257054401,-0.05410685495455603
ETH/USDT,2025-12-17 01:20:00+00:00,2025-12-17 01:36:00+00:00,gate_close,-0.190151302628884,16.0,2967.21,2960.54,0.002436632392045057,-0.05685475581438448,-0.0022479029121632577,0.0001519992974254869,-0.054729880359664085
ETH/USDT,2025-12-17 01:20:00+00:00,2025-12-17 01:38:00+00:00,gate_close,-0.20549018479325,18.0,2967.21,2959.92,0.002436632392045057,-0.05685475581438448,-0.0024568534077467064,2.702775750695885e-05,-0.054531879239979375
ETH/USDT,2025-12-17 01:20:00+00:00,2025-12-17 01:40:00+00:00,prob_floor,-0.2855704562899425,20.0,2967.21,2956.87,0.002436632392045057,-0.05685475581438448,-0.003484755039245724,0.0005918420491939358,-0.0535566325201986
ETH/USDT,2025-12-17 01:20:00+00:00,2025-12-17 01:41:00+00:00,prob_floor,-0.2613903742524711,21.0,2967.21,2957.77,0.002436632392045057,-0.05685475581438448,-0.00318143980372132,0.00028737866703631987,-0.05384461942612162
ETH/USDT,2025-12-17 01:20:00+00:00,2025-12-17 01:43:00+00:00,trailing_prob_drop,-0.2754304218808464,23.0,2967.21,2956.79,0.002436632392045057,-0.05685475581438448,-0.0035117163935144413,0.0006189144308523797,-0.05353102519962516
ETH/USDT,2025-12-17 01:20:00+00:00,2025-12-17 01:44:00+00:00,prob_floor,-0.3250905904838735,24.0,2967.21,2955.33,0.002436632392045057,-0.05685475581438448,-0.004003761108920534,0.0011132428527440563,-0.0530634480751726
ETH/USDT,2025-12-17 01:20:00+00:00,2025-12-17 01:45:00+00:00,gate_close,-0.3126105480919318,25.0,2967.21,2955.89,0.002436632392045057,-0.05685475581438448,-0.0038150316290387343,0.0009235797001918566,-0.05324284733193718
ETH/USDT,2025-12-17 01:20:00+00:00,2025-12-17 01:46:00+00:00,prob_floor,-0.3152105569224721,26.0,2967.21,2955.7,0.002436632392045057,-0.05685475581438448,-0.003879064845427216,0.0009879216429271587,-0.05318198734648294
ETH/USDT,2025-12-17 01:20:00+00:00,2025-12-17 01:47:00+00:00,prob_floor,-0.3193705710525416,27.0,2967.21,2955.55,0.002436632392045057,-0.05685475581438448,-0.003929617384681228,0.0010387237569995378,-0.05313393446228276
ETH/USDT,2025-12-17 01:20:00+00:00,2025-12-17 01:48:00+00:00,trailing_prob_drop,-0.2551535629988251,28.0,2967.21,2955.55,0.002436632392045057,-0.05685475581438448,-0.003929617384681228,0.0010387237569995378,-0.05313393446228276
ETH/USDT,2025-12-17 01:20:00+00:00,2025-12-17 01:49:00+00:00,trailing_prob_drop,-0.2749104201165342,29.0,2967.21,2957.26,0.002436632392045057,-0.05685475581438448,-0.0033533184371850044,0.0004598851639692203,-0.0536814483677458
ETH/USDT,2025-12-17 01:20:00+00:00,2025-12-17 01:50:00+00:00,trailing_prob_drop,-0.2611303733706104,30.0,2967.21,2958.51,0.002436632392045057,-0.05685475581438448,-0.002932047276734684,3.38007983735622e-06,-0.0540812773997722
BTC/USDT,,2025-12-15 01:51:00+00:00,dry_run,0.0,,,89338.0,,,,0.008425977747431146,-0.0019372495466655204
BTC/USDT,2025-12-15 01:51:00+00:00,2025-12-15 01:59:00+00:00,gate_close,-0.0613090518684456,8.0,89338.0,89257.41,0.008425977747431146,-0.0019372495466655204,-0.0009020797421029902,0.009336479738768944,-0.0005319446307036069
BTC/USDT,2025-12-15 01:51:00+00:00,2025-12-15 02:01:00+00:00,take_profit,0.008565954,10.0,89338.0,89336.29,0.008425977747431146,-0.0019372495466655204,-1.9140791152727488e-05,0.008445280187928228,-0.0011257463232465792
BTC/USDT,,2025-12-15 02:02:00+00:00,dry_run,0.0,,,89375.46,,,,0.008003315451467152,-0.0014371954001692888
BTC/USDT,2025-12-15 02:02:00+00:00,2025-12-15 02:03:00+00:00,take_profit,0.0285197131873412,1.0,89375.46,89402.91,0.008003315451467152,-0.0014371954001692888,0.00030713128637316345,0.0076938211519064215,-0.0017437911137345719
BTC/USDT,2025-12-15 02:02:00+00:00,2025-12-15 02:04:00+00:00,take_profit,0.0119397113352322,2.0,89375.46,89477.84,0.008003315451467152,-0.0014371954001692888,0.0011455045937664998,0.006849964192251479,-0.002579744884320001
BTC/USDT,2025-12-15 02:02:00+00:00,2025-12-15 02:05:00+00:00,take_profit,0.0316497089999965,3.0,89375.46,89444.69,0.008003315451467152,-0.0014371954001692888,0.0007745974118622545,0.007223123027202627,-0.002210080889094801
BTC/USDT,,2025-12-15 02:06:00+00:00,dry_run,0.0,,,89484.09,,,,0.006779640939523324,-0.0026494095207315604
BTC/USDT,2025-12-15 02:06:00+00:00,2025-12-15 02:07:00+00:00,take_profit,0.0526227238695248,1.0,89484.09,89522.82,0.006779640939523324,-0.0026494095207315604,0.0004328143695713216,0.006344080760637194,-0.0030808904366508294
BTC/USDT,2025-12-15 02:06:00+00:00,2025-12-15 02:08:00+00:00,take_profit,0.0278877211126074,2.0,89484.09,89645.99,0.006779640939523324,-0.0026494095207315604,0.0018092601712775824,0.004961404297057603,-0.0044506173672688165
BTC/USDT,2025-12-15 02:06:00+00:00,2025-12-15 02:10:00+00:00,take_profit,0.0063177169999967,4.0,89484.09,89553.38,0.006779640939523324,-0.0026494095207315604,0.0007743275927598603,0.006000666864835136,-0.0034210880706011526
BTC/USDT,,2025-12-15 02:12:00+00:00,dry_run,0.0,,,89503.1,,,,0.00656580610057067,-0.0028612416776626626
BTC/USDT,2025-12-15 02:12:00+00:00,2025-12-15 02:14:00+00:00,take_profit,0.0201270212468095,2.0,89503.1,89529.8,0.00656580610057067,-0.0028612416776626626,0.0002983136896934635,0.006265623289675615,-0.0031586131098250148
BTC/USDT,2025-12-15 02:12:00+00:00,2025-12-15 02:15:00+00:00,take_profit,0.0482770179999959,3.0,89503.1,89587.99,0.00656580610057067,-0.0028612416776626626,0.0009484587684671641,0.005612024558202311,-0.003806090526196737
BTC/USDT,,2025-12-15 02:23:00+00:00,dry_run,0.0,,,89809.99,,,,0.003126266910841391,-0.006268567672705561
BTC/USDT,2025-12-15 02:23:00+00:00,2025-12-15 02:25:00+00:00,gate_close,-0.0531394179219173,2.0,89809.99,89672.01,0.003126266910841391,-0.006268567672705561,-0.0015363546972894104,0.004669796071260057,-0.00473949452008493
BTC/USDT,2025-12-15 02:23:00+00:00,2025-12-15 02:31:00+00:00,prob_floor,-0.0960044227096056,8.0,89809.99,89581.87,0.003126266910841391,-0.006268567672705561,-0.002540029232828256,0.0023300473633784957,-0.0037380331533601874
BTC/USDT,2025-12-15 02:23:00+00:00,2025-12-15 02:32:00+00:00,prob_floor,-0.1059494238216912,9.0,89809.99,89606.03,0.003126266910841391,-0.006268567672705561,-0.002271016843449214,0.0020597944133895485,-0.0040066499988896664
BTC/USDT,2025-12-15 02:23:00+00:00,2025-12-15 02:33:00+00:00,prob_floor,-0.072854420122791,10.0,89809.99,89600.2,0.003126266910841391,-0.006268567672705561,-0.0023359316708532196,0.002124995256707063,-0.003941843879812779
BTC/USDT,2025-12-15 02:23:00+00:00,2025-12-15 02:35:00+00:00,prob_floor,-0.068384419623615,12.0,89809.99,89675.34,0.003126266910841391,-0.006268567672705561,-0.0014992764167995887,0.001285303183684805,-0.0047764524784629225
BTC/USDT,2025-12-15 02:23:00+00:00,2025-12-15 02:36:00+00:00,prob_floor,-0.088169421833816,13.0,89809.99,89645.05,0.003126266910841391,-0.006268567672705561,-0.001836544019212183,0.0016236256212696087,-0.004440178236277514
BTC/USDT,2025-12-15 02:23:00+00:00,2025-12-15 02:37:00+00:00,prob_floor,-0.0795144208667091,14.0,89809.99,89635.76,0.003126266910841391,-0.006268567672705561,-0.0019399846275454102,0.0017274355681260456,-0.004437068420014567
BTC/USDT,2025-12-15 02:23:00+00:00,2025-12-15 02:38:00+00:00,prob_floor,-0.1183694252112251,15.0,89809.99,89653.08,0.003126266910841391,-0.006268567672705561,-0.001747133030523651,0.0015339127222400162,-0.004764588121233593
BTC/USDT,2025-12-15 02:23:00+00:00,2025-12-15 02:39:00+00:00,prob_floor,-0.1262023916369752,16.0,89809.99,89575.36,0.003126266910841391,-0.006268567672705561,-0.0026125156009927375,0.0024028929384152242,-0.003901072795018612
BTC/USDT,2025-12-15 02:23:00+00:00,2025-12-15 02:40:00+00:00,prob_floor,-0.1620494301042473,17.0,89809.99,89564.27,0.003126266910841391,-0.006268567672705561,-0.002735998523104133,0.0025270121667937406,-0.0037777341343819826
BTC/USDT,2025-12-15 02:23:00+00:00,2025-12-15 02:41:00+00:00,prob_floor,-0.2097044354534551,18.0,89809.99,89488.0,0.003126266910841391,-0.006268567672705561,-0.0035852358963630593,0.003381458966565498,-0.002928660826032603
BTC/USDT,2025-12-15 02:23:00+00:00,2025-12-15 02:42:00+00:00,prob_floor,-0.1790544320117248,19.0,89809.99,89392.7,0.003126266910841391,-0.006268567672705561,-0.004646365064732816,0.0023334120123901236,-0.0018657004431010815
BTC/USDT,2025-12-15 02:23:00+00:00,2025-12-15 02:43:00+00:00,prob_floor,-0.1805194321761353,20.0,89809.99,89454.0,0.003126266910841391,-0.006268567672705561,-0.0039638129343962936,0.0016465445927515976,-0.0025496903436402762
BTC/USDT,2025-12-15 02:23:00+00:00,2025-12-15 02:44:00+00:00,prob_floor,-0.2104744355399916,21.0,89809.99,89430.84,0.003126266910841391,-0.006268567672705561,-0.004221690705009662,0.0019059420665175075,-0.0022913795733104925
BTC/USDT,2025-12-15 02:23:00+00:00,2025-12-15 02:45:00+00:00,prob_floor,-0.2180544363919044,22.0,89809.99,89391.16,0.003126266910841391,-0.006268567672705561,-0.004663512377631962,0.002280203098382394,-0.001848504930465178
BTC/USDT,2025-12-15 02:23:00+00:00,2025-12-15 02:46:00+00:00,prob_floor,-0.2575694408377287,23.0,89809.99,89375.32,0.003126266910841391,-0.006268567672705561,-0.004839884738880418,0.002457837353757153,-0.0016716024065704937
BTC/USDT,2025-12-15 02:23:00+00:00,2025-12-15 02:47:00+00:00,prob_floor,-0.2825494436522888,24.0,89809.99,89296.97,0.003126266910841391,-0.006268567672705561,-0.005712282119171852,0.0033374032735937753,-0.0007956596959560747
BTC/USDT,2025-12-15 02:23:00+00:00,2025-12-15 02:48:00+00:00,prob_floor,-0.2487844398486537,25.0,89809.99,89247.01,0.003126266910841391,-0.006268567672705561,-0.006268567672705561,0.0038990661984084074,-0.00023631043773897353
BTC/USDT,2025-12-15 02:23:00+00:00,2025-12-15 02:49:00+00:00,prob_floor,-0.2467544396201655,26.0,89809.99,89313.49,0.003126266910841391,-0.006268567672705561,-0.005528338217162698,0.0031518195067732346,-0.0009804789847536188
BTC/USDT,2025-12-15 02:23:00+00:00,2025-12-15 02:50:00+00:00,prob_floor,-0.2509844400963062,27.0,89809.99,89313.74,0.003126266910841391,-0.006268567672705561,-0.00552555456247128,0.003149011563058579,-0.000983275361663316
BTC/USDT,2025-12-15 02:23:00+00:00,2025-12-15 02:51:00+00:00,prob_floor,-0.2483944398047616,28.0,89809.99,89304.07,0.003126266910841391,-0.006268567672705561,-0.0056332263259354365,0.0032576342825136884,-0.0008751000934225095
BTC/USDT,2025-12-15 02:23:00+00:00,2025-12-15 02:52:00+00:00,prob_floor,-0.242139439100766,29.0,89809.99,89326.98,0.003126266910841391,-0.006268567672705561,-0.0053781322100137086,0.0030003253216441816,-0.0011313491175901635
BTC/USDT,2025-12-15 02:23:00+00:00,2025-12-15 02:53:00+00:00,prob_floor,-0.2405494389218506,30.0,89809.99,89327.82,0.003126266910841391,-0.006268567672705561,-0.005368779130250467,0.0029908935424596272,-0.0011407420443039218
BTC/USDT,2025-12-15 02:23:00+00:00,2025-12-15 02:54:00+00:00,prob_floor,-0.2636544415230639,31.0,89809.99,89331.0,0.003126266910841391,-0.006268567672705561,-0.005333371042575585,0.0029551891280743536,-0.0011762993809539823
BTC/USDT,2025-12-15 02:23:00+00:00,2025-12-15 02:55:00+00:00,prob_floor,-0.2785944432064577,32.0,89809.99,89284.79,0.003126266910841391,-0.006268567672705561,-0.005847901775738018,0.0034742759657049316,-0.0006593508255996472
BTC/USDT,2025-12-15 02:23:00+00:00,2025-12-15 02:56:00+00:00,prob_floor,-0.2730044425764678,33.0,89809.99,89254.92,0.003126266910841391,-0.006268567672705561,-0.006180492838268936,0.0038100980875901413,-0.0003249120608701528
BTC/USDT,2025-12-15 02:23:00+00:00,2025-12-15 02:57:00+00:00,prob_floor,-0.2389594387429553,34.0,89809.99,89260.17,0.003126266910841391,-0.006268567672705561,-0.00612203608974915,0.0037510571624499445,-0.0003837097778326415
BTC/USDT,2025-12-15 02:23:00+00:00,2025-12-15 02:58:00+00:00,prob_floor,-0.2523044402449108,35.0,89809.99,89334.18,0.003126266910841391,-0.006268567672705561,-0.0052979629549008145,0.002919487255605979,-0.0012118541861579901
BTC/USDT,2025-12-15 02:23:00+00:00,2025-12-15 02:59:00+00:00,prob_floor,-0.2469394396409786,36.0,89809.99,89303.98,0.003126266910841391,-0.006268567672705561,-0.005634228441624423,0.0032586453593670406,-0.0008740931815133246
BTC/USDT,2025-12-15 02:23:00+00:00,2025-12-15 03:00:00+00:00,prob_floor,-0.263229441475182,37.0,89809.99,89301.44,0.003126266910841391,-0.006268567672705561,-0.005662510373289242,0.003287181035378728,-0.0008456750529443058
BTC/USDT,2025-12-15 02:23:00+00:00,2025-12-15 03:01:00+00:00,prob_floor,-0.1880544330218574,38.0,89809.99,89285.66,0.003126266910841391,-0.006268567672705561,-0.005838214657411744,0.003464498106414915,-0.0006690884068057956
BTC/USDT,2025-12-15 02:23:00+00:00,2025-12-15 03:07:00+00:00,trailing_prob_drop,-0.2756744428773517,44.0,89809.99,89278.5,0.003126266910841391,-0.006268567672705561,-0.005917938527774114,0.0028486141680248434,-0.0005889435866418546
BTC/USDT,2025-12-15 02:23:00+00:00,2025-12-15 03:08:00+00:00,trailing_prob_drop,-0.2247394371434921,45.0,89809.99,89260.76,0.003126266910841391,-0.006268567672705561,-0.006115466664677438,0.003047923858143342,-0.0003903170889425489
BTC/USDT,2025-12-15 02:23:00+00:00,2025-12-15 03:23:00+00:00,time_limit,-0.1847844130000002,60.0,89809.99,89433.91,0.003126266910841391,-0.006268567672705561,-0.004187507425398862,0.0021411341626458302,-0.002325627941348052
BTC/USDT,,2025-12-15 03:24:00+00:00,dry_run,0.0,,,89452.96,,,,0.0019277170928719833,-0.0025380937645888
BTC/USDT,2025-12-15 03:24:00+00:00,2025-12-15 03:31:00+00:00,prob_floor,-0.1008495202953334,7.0,89452.96,89309.94,0.0019277170928719833,-0.0025380937645888,-0.0015988291499801077,0.20977642578194544,-0.0009407687430985634
BTC/USDT,2025-12-15 03:24:00+00:00,2025-12-15 03:32:00+00:00,prob_floor,-0.0800645179630794,8.0,89452.96,89266.38,0.0019277170928719833,-0.0025380937645888,-0.0020857890001627633,0.21036676966176948,-0.00045325014860020385
BTC/USDT,2025-12-15 03:24:00+00:00,2025-12-15 03:33:00+00:00,prob_floor,-0.0825045182367447,9.0,89452.96,89305.53,0.0019277170928719833,-0.0025380937645888,-0.0016481288042341502,0.20983616580070685,-0.000891434158668547
BTC/USDT,2025-12-15 03:24:00+00:00,2025-12-15 03:34:00+00:00,prob_floor,-0.0974745199164801,10.0,89452.96,89285.72,0.0019277170928719833,-0.0025380937645888,-0.0018695859812800641,0.210104594553306,-0.000669759957135363
BTC/USDT,2025-12-15 03:24:00+00:00,2025-12-15 03:35:00+00:00,prob_floor,-0.1063095209083542,11.0,89452.96,89268.06,0.0019277170928719833,-0.0025380937645888,-0.002067008179494678,0.21034399089663203,-0.0004720613397445339
BTC/USDT,2025-12-15 03:24:00+00:00,2025-12-15 03:36:00+00:00,prob_floor,-0.1120895215574663,12.0,89452.96,89250.39,0.0019277170928719833,-0.0025380937645888,-0.0022645421683084033,0.2105836176178053,-0.0002741724714032667
BTC/USDT,2025-12-15 03:24:00+00:00,2025-12-15 03:37:00+00:00,prob_floor,-0.1185445222825848,13.0,89452.96,89238.83,0.0019277170928719833,-0.0025380937645888,-0.0023937721010015567,0.21074043664624464,-0.0001446679657275407
BTC/USDT,2025-12-15 03:24:00+00:00,2025-12-15 03:38:00+00:00,prob_floor,-0.1119695215440001,14.0,89452.96,89225.92,0.0019277170928719833,-0.0025380937645888,-0.0025380937645888,0.21091561734527375,0.0
BTC/USDT,2025-12-15 03:24:00+00:00,2025-12-15 03:39:00+00:00,prob_floor,-0.1021745204440957,15.0,89452.96,89239.07,0.0019277170928719833,-0.0025380937645888,-0.0023910891266203382,0.21073718047487477,-7.989773985772608e-05
BTC/USDT,2025-12-15 03:24:00+00:00,2025-12-15 03:40:00+00:00,prob_floor,-0.113499521715843,16.0,89452.96,89258.66,0.0019277170928719833,-0.0025380937645888,-0.0021720913427571986,0.21047145453449545,-0.0002537568903678844
BTC/USDT,2025-12-15 03:24:00+00:00,2025-12-15 03:41:00+00:00,prob_floor,-0.1085345211582223,17.0,89452.96,89236.01,0.0019277170928719833,-0.0025380937645888,-0.0024252970499804016,0.21077869797181648,0.0
BTC/USDT,2025-12-15 03:24:00+00:00,2025-12-15 03:42:00+00:00,prob_floor,-0.0952795196701162,18.0,89452.96,89250.59,0.0019277170928719833,-0.0025380937645888,-0.002262306356324184,0.21058090484331804,-0.00016336026462127062
BTC/USDT,2025-12-15 03:24:00+00:00,2025-12-15 03:43:00+00:00,prob_floor,-0.0980245199782255,19.0,89452.96,89272.45,0.0019277170928719833,-0.0025380937645888,-0.00201793210643908,0.21028447186113963,-0.00037682398097060865
BTC/USDT,2025-12-15 03:24:00+00:00,2025-12-15 03:44:00+00:00,prob_floor,-0.0915995192571315,20.0,89452.96,89266.96,0.0019277170928719833,-0.0025380937645888,-0.0020793051454082168,0.21035890546737557,-1.1202353045192126e-07
BTC/USDT,2025-12-15 03:24:00+00:00,2025-12-15 03:45:00+00:00,prob_floor,-0.0713395169846892,21.0,89452.96,89266.96,0.0019277170928719833,-0.0025380937645888,-0.0020793051454082168,0.21035890546737557,0.0
BTC/USDT,2025-12-15 03:24:00+00:00,2025-12-15 03:47:00+00:00,gate_close,-0.0754195174421538,23.0,89452.96,89361.99,0.0019277170928719833,-0.0025380937645888,-0.0010169590810633622,0.2090717764902057,-0.001051229946871124
BTC/USDT,2025-12-15 03:24:00+00:00,2025-12-15 04:03:00+00:00,take_profit,0.0077904900000005,39.0,89452.96,89369.23,0.0019277170928719833,-0.0025380937645888,-0.0009360226872314747,0.20897382689769173,-0.0010779996649853407
BTC/USDT,,2025-12-15 04:05:00+00:00,dry_run,0.0,,,89490.02,,,,0.20734200305240735,-0.0024263040727894314
BTC/USDT,2025-12-15 04:05:00+00:00,2025-12-15 04:06:00+00:00,trailing_prob_drop,-0.0053278645952861,1.0,89490.02,89378.64,0.20734200305240735,-0.0024263040727894314,-0.0012446080579712193,0.20884654320092588,-0.0011831685959866611
BTC/USDT,2025-12-15 04:05:00+00:00,2025-12-15 04:07:00+00:00,take_profit,0.0117271373118512,2.0,89490.02,89385.88,0.20734200305240735,-0.0024263040727894314,-0.0011637051818739197,0.20874863009683398,-0.001264069895603237
BTC/USDT,2025-12-15 04:05:00+00:00,2025-12-15 04:08:00+00:00,take_profit,0.0295921350000061,3.0,89490.02,89395.81,0.20734200305240735,-0.0024263040727894314,-0.0010527430880002964,0.20861436346960782,-0.0013750085154997649
BTC/USDT,,2025-12-15 04:09:00+00:00,dry_run,0.0,,,89455.71,,,,0.20780506912303287,-0.00204369290680273
BTC/USDT,2025-12-15 04:09:00+00:00,2025-12-15 04:10:00+00:00,gate_close,-0.0173075069325903,1.0,89455.71,89625.4,0.20780506912303287,-0.00204369290680273,0.0018969163622979401,0.20551830173142882,-0.003933148415516063
BTC/USDT,2025-12-15 04:09:00+00:00,2025-12-15 04:15:00+00:00,take_profit,0.0216074939999976,6.0,89455.71,89529.89,0.20780506912303287,-0.00204369290680273,0.0008292371722273817,0.20680434210295573,-0.0028705497125038892
BTC/USDT,,2025-12-15 04:17:00+00:00,dry_run,0.0,,,89545.49,,,,0.20659410094243702,-0.0030442627540483436
BTC/USDT,2025-12-15 04:17:00+00:00,2025-12-15 04:20:00+00:00,trailing_prob_drop,-0.0344788038515264,3.0,89545.49,89486.98,0.20659410094243702,-0.0030442627540483436,-0.000653410908801888,0.2073830181776164,-0.0023924150753550366
BTC/USDT,2025-12-15 04:17:00+00:00,2025-12-15 04:23:00+00:00,trailing_prob_drop,-0.1223539636155724,6.0,89545.49,89384.56,0.20659410094243702,-0.0030442627540483436,-0.0017971871056823296,0.20876648047492763,-0.001249320911799523
BTC/USDT,2025-12-15 04:17:00+00:00,2025-12-15 04:24:00+00:00,prob_floor,-0.1312038146899551,7.0,89545.49,89336.0,0.20659410094243702,-0.0030442627540483436,-0.0023394813072105114,0.2094235246709053,-0.0007064341362944537
BTC/USDT,2025-12-15 04:17:00+00:00,2025-12-15 04:26:00+00:00,prob_floor,-0.1369888153396872,9.0,89545.49,89281.96,0.20659410094243702,-0.0030442627540483436,-0.0029429734540511454,0.005517239988906963,-0.00010158827158368577
BTC/USDT,2025-12-15 04:17:00+00:00,2025-12-15 04:27:00+00:00,prob_floor,-0.119843813414587,10.0,89545.49,89281.95,0.20659410094243702,-0.0030442627540483436,-0.002943085129133882,0.005517352611586146,-0.00010147627823986483
BTC/USDT,2025-12-15 04:17:00+00:00,2025-12-15 04:28:00+00:00,prob_floor,-0.1046688117119397,11.0,89545.49,89296.34,0.20659410094243702,-0.0030442627540483436,-0.0027823846851472434,0.005355314674711176,0.0
BTC/USDT,2025-12-15 04:17:00+00:00,2025-12-15 04:29:00+00:00,prob_floor,-0.1020138114141645,12.0,89545.49,89324.0,0.20659410094243702,-0.0030442627540483436,-0.0024734914064349356,0.005043997134029032,-0.00014587344946481728
BTC/USDT,2025-12-15 04:17:00+00:00,2025-12-15 04:30:00+00:00,prob_floor,-0.0618588069148064,13.0,89545.49,89351.9,0.20659410094243702,-0.0030442627540483436,-0.002161917925738166,0.004730173616901423,-0.0004016702498771396
BTC/USDT,2025-12-15 04:17:00+00:00,2025-12-15 04:31:00+00:00,prob_floor,-0.0037588004190223,14.0,89545.49,89441.48,0.20659410094243702,-0.0030442627540483436,-0.0011615325350278205,0.0037238873954232865,-0.0010014369171886806
BTC/USDT,2025-12-15 04:17:00+00:00,2025-12-15 04:32:00+00:00,prob_floor,-0.0149638016704703,15.0,89545.49,89548.41,0.20659410094243702,-0.0030442627540483436,3.260912414448924e-05,0.0025253379708249923,-0.0012976221465015314
BTC/USDT,2025-12-15 04:17:00+00:00,2025-12-15 04:33:00+00:00,trailing_prob_drop,-0.0290688032467086,16.0,89545.49,89526.01,0.20659410094243702,-0.0030442627540483436,-0.00021754306107446553,0.002776176443024969,-0.0003573263233779267
BTC/USDT,2025-12-15 04:17:00+00:00,2025-12-15 04:34:00+00:00,trailing_prob_drop,-0.0236788026442471,17.0,89545.49,89494.02,0.20659410094243702,-0.0030442627540483436,-0.0005747916505901562,0.0031346228496607065,0.0
BTC/USDT,2025-12-15 04:17:00+00:00,2025-12-15 04:35:00+00:00,trailing_prob_drop,-0.0079688008891478,18.0,89545.49,89508.57,0.20659410094243702,-0.0030442627540483436,-0.0004123044052805058,0.0029715590361905075,-0.0001225580969509421
BTC/USDT,2025-12-15 04:17:00+00:00,2025-12-15 04:36:00+00:00,trailing_prob_drop,-0.0180938020201581,19.0,89545.49,89539.99,0.20659410094243702,-0.0030442627540483436,-6.142129547781483e-05,0.002619611639447239,-0.0004734197535648521
BTC/USDT,2025-12-15 04:17:00+00:00,2025-12-15 04:37:00+00:00,trailing_prob_drop,-0.0092138010281952,20.0,89545.49,89519.75,0.20659410094243702,-0.0030442627540483436,-0.00028745166283650203,0.0028462992803264253,-5.9875055504532426e-05
BTC/USDT,2025-12-15 04:17:00+00:00,2025-12-15 04:40:00+00:00,take_profit,0.0242061990000034,23.0,89545.49,89602.28,0.20659410094243702,-0.0030442627540483436,0.0006342027945795969,0.0019226073265099508,-0.000627327786748233
BTC/USDT,,2025-12-15 04:41:00+00:00,dry_run,0.0,,,89649.99,,,,0.0013894033897827729,-0.001159174697063503
BTC/USDT,2025-12-15 04:41:00+00:00,2025-12-15 04:43:00+00:00,take_profit,0.0197538802031848,2.0,89649.99,89630.48,0.0013894033897827729,-0.001159174697063503,-0.00021762411797265901,0.0016247821053732014,-0.0009417555278069534
BTC/USDT,2025-12-15 04:41:00+00:00,2025-12-15 04:44:00+00:00,take_profit,0.0128888769999985,3.0,89649.99,89663.17,0.0013894033897827729,-0.001159174697063503,0.00014701619040891067,0.0012596030231810662,-0.0014403907423750084
BTC/USDT,,2025-12-15 04:45:00+00:00,dry_run,0.0,,,89654.94,,,,0.0013515150420042588,-0.001354972743275451
BTC/USDT,2025-12-15 04:45:00+00:00,2025-12-15 04:51:00+00:00,take_profit,0.0263527489999997,6.0,89654.94,89749.39,0.0013515150420042588,-0.001354972743275451,0.0010534835001840825,0.0002977179009238107,-0.0034156221006070853
BTC/USDT,,2025-12-15 04:52:00+00:00,dry_run,0.0,,,89743.16,,,,0.00036715890102367865,-0.0033464388818045254
BTC/USDT,2025-12-15 04:52:00+00:00,2025-12-15 04:58:00+00:00,trailing_prob_drop,-0.0571414013706671,6.0,89743.16,89685.24,0.00036715890102367865,-0.0033464388818045254,-0.0006453973762456933,0.0010132102004745125,-0.0027027858764721024
BTC/USDT,2025-12-15 04:52:00+00:00,2025-12-15 04:59:00+00:00,trailing_prob_drop,-0.067821402563296,7.0,89743.16,89667.64,0.00036715890102367865,-0.0033464388818045254,-0.0008415126010717922,0.0012096894710287298,-0.002507035983103867
BTC/USDT,2025-12-15 04:52:00+00:00,2025-12-15 05:00:00+00:00,trailing_prob_drop,-0.0846314044416069,8.0,89743.16,89646.29,0.00036715890102367865,-0.0033464388818045254,-0.0010794137402784232,0.001448135778959747,-0.0022694748438557566
BTC/USDT,2025-12-15 04:52:00+00:00,2025-12-15 05:01:00+00:00,trailing_prob_drop,-0.1134614076662944,9.0,89743.16,89612.67,0.00036715890102367865,-0.0033464388818045254,-0.001454038391338175,0.0018238492391757788,-0.0018951561202227296
BTC/USDT,2025-12-15 04:52:00+00:00,2025-12-15 05:02:00+00:00,prob_floor,-0.0992764060791683,10.0,89743.16,89555.0,0.00036715890102367865,-0.0033464388818045254,-0.002096650039958514,0.0024689855396125004,-0.0012524147172129352
BTC/USDT,2025-12-15 04:52:00+00:00,2025-12-15 05:03:00+00:00,trailing_prob_drop,-0.1179264081660803,11.0,89743.16,89583.38,0.00036715890102367865,-0.0033464388818045254,-0.0017804142399264755,0.002151403530431528,-0.0015688177874065845
BTC/USDT,2025-12-15 04:52:00+00:00,2025-12-15 05:04:00+00:00,prob_floor,-0.0919664052616449,12.0,89743.16,89554.86,0.00036715890102367865,-0.0033464388818045254,-0.002098210047428717,0.0024705526869228667,-0.0012508533875214
BTC/USDT,2025-12-15 04:52:00+00:00,2025-12-15 05:05:00+00:00,prob_floor,-0.0829514042538236,13.0,89743.16,89598.0,0.00036715890102367865,-0.0033464388818045254,-0.0016175048883948495,0.0019878791937320006,-0.001731735083372432
BTC/USDT,2025-12-15 04:52:00+00:00,2025-12-15 05:06:00+00:00,prob_floor,-0.0795814038771943,14.0,89743.16,89629.67,0.00036715890102367865,-0.0033464388818045254,-0.0012646089128129923,0.0016338339748434016,-0.0020844660032777185
BTC/USDT,2025-12-15 04:52:00+00:00,2025-12-15 05:07:00+00:00,prob_floor,-0.076921403579934,15.0,89743.16,89622.77,0.00036715890102367865,-0.0033464388818045254,-0.0013414949952731403,0.0017109491259865717,-0.002007637121682393
BTC/USDT,2025-12-15 04:52:00+00:00,2025-12-15 05:08:00+00:00,prob_floor,-0.0867864046825027,16.0,89743.16,89628.09,0.00036715890102367865,-0.0033464388818045254,-0.0012822147114053273,0.001651491178714215,-0.002066874347093628
BTC/USDT,2025-12-15 04:52:00+00:00,2025-12-15 05:09:00+00:00,prob_floor,-0.0726014030972584,17.0,89743.16,89608.36,0.00036715890102367865,-0.0033464388818045254,-0.0015020643355995178,0.0018720351538628055,-0.0018471490829651271
BTC/USDT,2025-12-15 04:52:00+00:00,2025-12-15 05:10:00+00:00,prob_floor,-0.0709814029162762,18.0,89743.16,89636.73,0.00036715890102367865,-0.0033464388818045254,-0.0011859399646726443,0.0015549429346652932,-0.0021630641813907836
BTC/USDT,2025-12-15 04:52:00+00:00,2025-12-15 05:11:00+00:00,prob_floor,-0.059236401604578,19.0,89743.16,89639.96,0.00036715890102367865,-0.0033464388818045254,-0.0011499483637527064,0.0015188538682970876,-0.002199019276670877
BTC/USDT,2025-12-15 04:52:00+00:00,2025-12-15 05:12:00+00:00,prob_floor,-0.0668964024599764,20.0,89743.16,89666.71,0.00036715890102367865,-0.0033464388818045254,-0.0008518755078381623,0.0012200737598155875,-0.002496690243235289
BTC/USDT,2025-12-15 04:52:00+00:00,2025-12-15 05:13:00+00:00,trailing_prob_drop,-0.0648664022332544,21.0,89743.16,89648.13,0.00036715890102367865,-0.0033464388818045254,-0.00105891078495568,0.001427581367285491,-0.002289952952727603
BTC/USDT,2025-12-15 04:52:00+00:00,2025-12-15 05:14:00+00:00,trailing_prob_drop,-0.0583914015102244,22.0,89743.16,89652.2,0.00036715890102367865,-0.0033464388818045254,-0.001013559139214637,0.0013821188994804778,-0.002335246653177525
BTC/USDT,2025-12-15 04:52:00+00:00,2025-12-15 05:15:00+00:00,trailing_prob_drop,-0.0420863996904496,23.0,89743.16,89665.14,0.00036715890102367865,-0.0033464388818045254,-0.0008693698773255543,0.0012376047146080982,-0.002479224367463284
BTC/USDT,2025-12-15 04:52:00+00:00,2025-12-15 05:29:00+00:00,gate_close,-0.0592314016040078,37.0,89743.16,89704.75,0.00036715890102367865,-0.0033464388818045254,-0.0004279991923619164,0.0007954985661293712,-0.002919689314111018
BTC/USDT,2025-12-15 04:52:00+00:00,2025-12-15 05:30:00+00:00,trailing_prob_drop,-0.0718514030134699,38.0,89743.16,89663.47,0.00036715890102367865,-0.0033464388818045254,-0.0008879785378629323,0.0012562529645574472,-0.0024606453441965437
BTC/USDT,2025-12-15 04:52:00+00:00,2025-12-15 05:31:00+00:00,prob_floor,-0.0794514038626543,39.0,89743.16,89638.22,0.00036715890102367865,-0.0033464388818045254,-0.0011693370280253523,0.001538294714018118,-0.002179650599933858
BTC/USDT,2025-12-15 04:52:00+00:00,2025-12-15 05:32:00+00:00,trailing_prob_drop,-0.070371402848147,40.0,89743.16,89623.03,0.00036715890102367865,-0.0033464388818045254,-0.0013385978385428432,0.0017080431223983616,-0.002010532337503035
BTC/USDT,2025-12-15 04:52:00+00:00,2025-12-15 05:33:00+00:00,trailing_prob_drop,-0.0909614051492746,41.0,89743.16,89640.74,0.00036715890102367865,-0.0033464388818045254,-0.001141256893561593,0.0015101392514162981,-0.002207701542847662
BTC/USDT,2025-12-15 04:52:00+00:00,2025-12-15 05:34:00+00:00,prob_floor,-0.0759164034676464,42.0,89743.16,89600.01,0.00036715890102367865,-0.0033464388818045254,-0.0015951076382869633,0.001965401566361491,-0.0017541292685123722
BTC/USDT,2025-12-15 04:52:00+00:00,2025-12-15 05:35:00+00:00,prob_floor,-0.0909614051492746,43.0,89743.16,89630.1,0.00036715890102367865,-0.0033464388818045254,-0.00125981746129733,0.0016290286410480803,-0.002089253498545829
BTC/USDT,2025-12-15 04:52:00+00:00,2025-12-15 05:36:00+00:00,prob_floor,-0.093731405459008,44.0,89743.16,89630.09,0.00036715890102367865,-0.0033464388818045254,-0.0012599288904023842,0.001629140392473083,-0.002089142161968205
BTC/USDT,2025-12-15 04:52:00+00:00,2025-12-15 05:37:00+00:00,prob_floor,-0.093731405459008,45.0,89743.16,89594.47,0.00036715890102367865,-0.0033464388818045254,-0.001656839362465079,0.0020273572688136454,-0.001692403560175193
BTC/USDT,2025-12-15 04:52:00+00:00,2025-12-15 05:38:00+00:00,prob_floor,-0.0904614050933695,46.0,89743.16,89594.46,0.00036715890102367865,-0.0033464388818045254,-0.0016569507915700221,0.0020274691091390906,-0.0016922921350271958
BTC/USDT,2025-12-15 04:52:00+00:00,2025-12-15 05:39:00+00:00,prob_floor,-0.0809664040319667,47.0,89743.16,89601.01,0.00036715890102367865,-0.0033464388818045254,-0.0015839647277854363,0.0019542190428434303,-0.0017652702798773845
BTC/USDT,2025-12-15 04:52:00+00:00,2025-12-15 05:40:00+00:00,prob_floor,-0.0809664040319667,48.0,89743.16,89620.0,0.00036715890102367865,-0.0033464388818045254,-0.0013723608573623647,0.0017419102878821757,-0.0019767908948895574
BTC/USDT,2025-12-15 04:52:00+00:00,2025-12-15 05:41:00+00:00,prob_floor,-0.0865814046595986,49.0,89743.16,89620.0,0.00036715890102367865,-0.0033464388818045254,-0.0013723608573623647,0.0017419102878821757,-0.0019767908948895574
BTC/USDT,2025-12-15 04:52:00+00:00,2025-12-15 05:42:00+00:00,prob_floor,-0.1305791371143012,50.0,89743.16,89590.39,0.00036715890102367865,-0.0033464388818045254,-0.0017023024373111761,0.002072990194595725,-0.0016469400345282548
BTC/USDT,2025-12-15 04:52:00+00:00,2025-12-15 05:43:00+00:00,prob_floor,-0.124231408872,51.0,89743.16,89572.5,0.00036715890102367865,-0.0033464388818045254,-0.0019016491061826235,0.002273130704178117,-0.0014475424935108672
BTC/USDT,2025-12-15 04:52:00+00:00,2025-12-15 05:44:00+00:00,prob_floor,-0.121506408566881,52.0,89743.16,89534.02,0.00036715890102367865,-0.0033464388818045254,-0.0023304283022794747,0.0013848367358015867,-0.0010183838500718023
BTC/USDT,2025-12-15 04:52:00+00:00,2025-12-15 05:45:00+00:00,prob_floor,-0.1237214088149046,53.0,89743.16,89540.47,0.00036715890102367865,-0.0033464388818045254,-0.002258556529544986,0.0013127025131762782,-0.0010903449579838798
BTC/USDT,2025-12-15 04:52:00+00:00,2025-12-15 05:46:00+00:00,prob_floor,-0.1282414093210725,54.0,89743.16,89534.49,0.00036715890102367865,-0.0033464388818045254,-0.002325191134343818,0.0013795800925429091,-0.0010236278779273134
BTC/USDT,2025-12-15 04:52:00+00:00,2025-12-15 05:47:00+00:00,prob_floor,-0.1188956942374675,55.0,89743.16,89525.45,0.00036715890102367865,-0.0033464388818045254,-0.002425923045277334,0.001565253232460817,-0.0009227543676127992
BTC/USDT,2025-12-15 04:52:00+00:00,2025-12-15 05:48:00+00:00,prob_floor,-0.126401409115016,56.0,89743.16,89580.0,0.00036715890102367865,-0.0033464388818045254,-0.0018180772774215592,0.0015481134181736245,-0.0015311453449431411
BTC/USDT,2025-12-15 04:52:00+00:00,2025-12-15 05:49:00+00:00,prob_floor,-0.1136664076892479,57.0,89743.16,89535.21,0.00036715890102367865,-0.0033464388818045254,-0.0023171682387826964,0.0026563851249132853,-0.0006485716624778926
BTC/USDT,2025-12-15 04:52:00+00:00,2025-12-15 05:50:00+00:00,trailing_prob_drop,-0.1136664076892479,58.0,89743.16,89555.03,0.00036715890102367865,-0.0033464388818045254,-0.002096315752643463,0.003718049114605826,-0.0008697445581783425
BTC/USDT,2025-12-15 04:52:00+00:00,2025-12-15 05:51:00+00:00,prob_floor,-0.1289614094017133,59.0,89743.16,89554.6,0.00036715890102367865,-0.0033464388818045254,-0.002101107204159014,0.0037228685070336276,-0.0008649471942256959
BTC/USDT,2025-12-15 04:52:00+00:00,2025-12-15 05:52:00+00:00,time_limit,-0.1441313960000061,60.0,89743.16,89541.34,0.00036715890102367865,-0.0033464388818045254,-0.0022488621974087186,0.003999716778864348,-0.0007169872597394544
BTC/USDT,,2025-12-15 05:58:00+00:00,dry_run,0.0,,,89603.34,,,,0.0035170563954423084,-0.0014084296411271957
BTC/USDT,2025-12-15 05:58:00+00:00,2025-12-15 06:08:00+00:00,gate_close,-0.0574915304204119,10.0,89603.34,89578.0,0.0035170563954423084,-0.0014084296411271957,-0.0002828019580519703,0.0038009332648640815,-0.0011259461028377826
BTC/USDT,2025-12-15 05:58:00+00:00,2025-12-15 06:11:00+00:00,prob_floor,-0.0665965314388219,13.0,89603.34,89477.16,0.0035170563954423084,-0.0014084296411271957,-0.0014082064351618184,0.0049322083982101805,-2.2352072870379658e-07
BTC/USDT,2025-12-15 05:58:00+00:00,2025-12-15 06:12:00+00:00,prob_floor,-0.0499265295745496,14.0,89603.34,89477.15,0.0035170563954423084,-0.0014084296411271957,-0.0014083180381445626,0.004932320709812421,-1.1176037673088501e-07
BTC/USDT,2025-12-15 05:58:00+00:00,2025-12-15 06:13:00+00:00,prob_floor,-0.0675065315406344,15.0,89603.34,89533.34,0.0035170563954423084,-0.0014084296411271957,-0.0007812208785966668,0.004301637803303171,-0.0006274757537246822
BTC/USDT,2025-12-15 05:58:00+00:00,2025-12-15 06:14:00+00:00,prob_floor,-0.0575215304237584,16.0,89603.34,89498.18,0.0035170563954423084,-0.0014084296411271957,-0.0011736169656175743,0.004696184883312693,-0.00023486511122339238
BTC/USDT,2025-12-15 05:58:00+00:00,2025-12-15 06:15:00+00:00,prob_floor,-0.0607915307894672,17.0,89603.34,89518.14,0.0035170563954423084,-0.0014084296411271957,-0.0009508574122347735,0.004472166200057304,-0.0004577843105318946
BTC/USDT,2025-12-15 05:58:00+00:00,2025-12-15 06:18:00+00:00,prob_floor,-0.0323565276111275,20.0,89603.34,89540.9,0.0035170563954423084,-0.0014084296411271957,-0.000696849023708257,0.004216843922721258,-0.000711853465846235
BTC/USDT,2025-12-15 05:58:00+00:00,2025-12-15 06:33:00+00:00,gate_close,0.0032484749999991,35.0,89603.34,89602.98,0.0035170563954423084,-0.0014084296411271957,-4.017707375680857e-06,0.0035210882495202434,-0.0009707266432432693
BTC/USDT,,2025-12-15 06:41:00+00:00,dry_run,0.0,,,89593.9,,,,0.0036227912837816234,-0.0008694788372868301
BTC/USDT,2025-12-15 06:41:00+00:00,2025-12-15 06:44:00+00:00,take_profit,0.0047604000000011,3.0,89593.9,89604.49,0.0036227912837816234,-0.0008694788372868301,0.00011820001138485026,0.0035041770786261583,-0.0009875621188180084
BTC/USDT,,2025-12-15 06:45:00+00:00,dry_run,0.0,,,89623.45,,,,0.0032918839879518824,-0.0011989049740888102
BTC/USDT,2025-12-15 06:45:00+00:00,2025-12-15 06:47:00+00:00,take_profit,0.0253650038272428,2.0,89623.45,89665.57,0.0032918839879518824,-0.0011989049740888102,0.000469966286725354,0.002820592118022436,-0.0016680873160122012
BTC/USDT,2025-12-15 06:45:00+00:00,2025-12-15 06:48:00+00:00,take_profit,0.0525549999999968,3.0,89623.45,89718.68,0.0032918839879518824,-0.0011989049740888102,0.0010625567304092254,0.0022269609851595096,-0.0022590613236841417
BTC/USDT,,2025-12-15 06:51:00+00:00,dry_run,0.0,,,89876.1,,,,0.0004715380395898805,-0.0040066269008113276
BTC/USDT,2025-12-15 06:51:00+00:00,2025-12-15 06:53:00+00:00,gate_close,-0.0643899551692145,2.0,89876.1,89850.95,0.0004715380395898805,-0.0040066269008113276,-0.00027982967663275904,0.000751578030059763,-0.003727840384547987
BTC/USDT,2025-12-15 06:51:00+00:00,2025-12-15 06:54:00+00:00,gate_close,-0.0775749566398961,3.0,89876.1,89788.71,0.0004715380395898805,-0.0040066269008113276,-0.000972338586120225,0.001445170556520825,-0.0030372415418375986
BTC/USDT,2025-12-15 06:51:00+00:00,2025-12-15 07:00:00+00:00,gate_close,-0.0657399553197488,9.0,89876.1,89815.46,0.0004715380395898805,-0.0040066269008113276,-0.0006747066238966815,0.0011469072251035772,-0.003334169863406622
BTC/USDT,2025-12-15 06:51:00+00:00,2025-12-15 07:02:00+00:00,trailing_prob_drop,-0.1288399623663559,11.0,89876.1,89740.01,0.0004715380395898805,-0.0040066269008113276,-0.0015141956537946255,0.0019886336094681045,-0.002496210998862103
BTC/USDT,2025-12-15 06:51:00+00:00,2025-12-15 07:03:00+00:00,prob_floor,-0.1487199645905516,12.0,89876.1,89659.81,0.0004715380395898805,-0.0040066269008113276,-0.002406535219040551,0.0015314553979091095,-0.0016039516479010585
BTC/USDT,2025-12-15 06:51:00+00:00,2025-12-15 07:04:00+00:00,prob_floor,-0.1543949652258237,13.0,89876.1,89611.59,0.0004715380395898805,-0.0040066269008113276,-0.002943051601037583,0.0020703795122929414,-0.0010667146961681473
BTC/USDT,2025-12-15 06:51:00+00:00,2025-12-15 07:05:00+00:00,prob_floor,-0.1520399649621868,14.0,89876.1,89608.7,0.0004715380395898805,-0.0040066269008113276,-0.0029752069793861358,0.002102697617530458,-0.0010344977663998556
BTC/USDT,2025-12-15 06:51:00+00:00,2025-12-15 07:06:00+00:00,prob_floor,-0.1610781771719936,15.0,89876.1,89608.7,0.0004715380395898805,-0.0040066269008113276,-0.0029752069793861358,0.002255249769274492,-0.0010344977663998556
BTC/USDT,2025-12-15 06:51:00+00:00,2025-12-15 07:07:00+00:00,prob_floor,-0.1474199644450365,16.0,89876.1,89597.24,0.0004715380395898805,-0.0040066269008113276,-0.003102715849931159,0.002383443954300235,-0.0009067243589200302
BTC/USDT,2025-12-15 06:51:00+00:00,2025-12-15 07:08:00+00:00,prob_floor,-0.1523849650007953,17.0,89876.1,89599.16,0.0004715380395898805,-0.0040066269008113276,-0.003081353107222129,0.002361964107699066,-0.0009281337012534419
BTC/USDT,2025-12-15 06:51:00+00:00,2025-12-15 07:10:00+00:00,prob_floor,-0.1804949681496414,19.0,89876.1,89556.49,0.0004715380395898805,-0.0040066269008113276,-0.0035561178110754543,0.0031450540323765264,-0.0004521168705919898
BTC/USDT,2025-12-15 06:51:00+00:00,2025-12-15 07:11:00+00:00,prob_floor,-0.17326496733938,20.0,89876.1,89516.0,0.0004715380395898805,-0.0040066269008113276,-0.0040066269008113276,0.003598797980249202,0.0
BTC/USDT,2025-12-15 06:51:00+00:00,2025-12-15 07:12:00+00:00,prob_floor,-0.1827399684012964,21.0,89876.1,89570.96,0.0004715380395898805,-0.0040066269008113276,-0.0033951183907623417,0.00298299806097857,-0.00044858288891858056
BTC/USDT,2025-12-15 06:51:00+00:00,2025-12-15 07:13:00+00:00,prob_floor,-0.1766599677198177,22.0,89876.1,89552.01,0.0004715380395898805,-0.0040066269008113276,-0.003605964210730228,0.0031952381638336025,-0.00023706893904440474
BTC/USDT,2025-12-15 06:51:00+00:00,2025-12-15 07:14:00+00:00,prob_floor,-0.1487499645939083,23.0,89876.1,89568.0,0.0004715380395898805,-0.0040066269008113276,-0.003428052619105726,0.0030161441586280535,-0.00041555019649874847
BTC/USDT,2025-12-15 06:51:00+00:00,2025-12-15 07:15:00+00:00,prob_floor,-0.168279966780851,24.0,89876.1,89619.99,0.0004715380395898805,-0.0040066269008113276,-0.002849589601685021,0.0024342783345545627,-0.0009954252393914453
BTC/USDT,2025-12-15 06:51:00+00:00,2025-12-15 07:16:00+00:00,prob_floor,-0.1655899664795117,25.0,89876.1,89619.99,0.0004715380395898805,-0.0040066269008113276,-0.002849589601685021,0.0024342783345545627,-0.0009954252393914453
BTC/USDT,2025-12-15 06:51:00+00:00,2025-12-15 07:17:00+00:00,prob_floor,-0.1718249671780195,26.0,89876.1,89586.3,0.0004715380395898805,-0.0040066269008113276,-0.0032244389776592275,0.0028112557388795256,-0.0006197376161310997
BTC/USDT,2025-12-15 06:51:00+00:00,2025-12-15 07:18:00+00:00,prob_floor,-0.1729699673063264,27.0,89876.1,89573.84,0.0004715380395898805,-0.0040066269008113276,-0.0033630742766987964,0.0029507499064458376,-0.0004807207104217115
BTC/USDT,2025-12-15 06:51:00+00:00,2025-12-15 07:19:00+00:00,trailing_prob_drop,-0.1729699673063264,28.0,89876.1,89571.55,0.0004715380395898805,-0.0040066269008113276,-0.0033885537979507774,0.0029763914993097274,-0.00045516684706248256
BTC/USDT,2025-12-15 06:51:00+00:00,2025-12-15 07:20:00+00:00,trailing_prob_drop,-0.1592449657688796,29.0,89876.1,89571.55,0.0004715380395898805,-0.0040066269008113276,-0.0033885537979507774,0.0029763914993097274,-0.00045516684706248256
BTC/USDT,2025-12-15 06:51:00+00:00,2025-12-15 07:21:00+00:00,trailing_prob_drop,-0.1580649656367432,30.0,89876.1,89598.99,0.0004715380395898805,-0.0040066269008113276,-0.0030832446000661484,0.0026692265169505625,-0.0007612809028316736
BTC/USDT,2025-12-15 06:51:00+00:00,2025-12-15 07:22:00+00:00,trailing_prob_drop,-0.1442849640941785,31.0,89876.1,89598.99,0.0004715380395898805,-0.0040066269008113276,-0.0030832446000661484,0.0026692265169505625,-0.0007612809028316736
BTC/USDT,2025-12-15 06:51:00+00:00,2025-12-15 07:23:00+00:00,trailing_prob_drop,-0.1567199654861523,32.0,89876.1,89628.91,0.0004715380395898805,-0.0040066269008113276,-0.002750341859515504,0.0023345146114126525,-0.0010948476334254886
BTC/USDT,2025-12-15 06:51:00+00:00,2025-12-15 07:24:00+00:00,trailing_prob_drop,-0.1448299641551673,33.0,89876.1,89604.04,0.0004715380395898805,-0.0040066269008113276,-0.0030270561361698256,0.003453527318634464,-0.0008175970637037677
BTC/USDT,2025-12-15 06:51:00+00:00,2025-12-15 07:30:00+00:00,trailing_prob_drop,-0.1507399648166501,39.0,89876.1,89628.3,0.0004715380395898805,-0.0040066269008113276,-0.0027571289808970834,0.0031819191036759342,-0.001088049198746388
BTC/USDT,2025-12-15 06:51:00+00:00,2025-12-15 07:31:00+00:00,trailing_prob_drop,-0.1337449629149451,40.0,89876.1,89628.3,0.0004715380395898805,-0.0040066269008113276,-0.0027571289808970834,0.0031819191036759342,-0.001088049198746388
BTC/USDT,2025-12-15 06:51:00+00:00,2025-12-15 07:32:00+00:00,gate_close,-0.1409749637237928,41.0,89876.1,89650.0,0.0004715380395898805,-0.0040066269008113276,-0.0025156854825699737,0.002939096486335835,-0.0013298382598996294
BTC/USDT,2025-12-15 06:51:00+00:00,2025-12-15 07:36:00+00:00,gate_close,-0.112624960553685,45.0,89876.1,89729.46,0.0004715380395898805,-0.0040066269008113276,-0.0016315794744097278,0.0020509429121717826,-0.0022142114752502495
BTC/USDT,2025-12-15 06:51:00+00:00,2025-12-15 07:37:00+00:00,gate_close,-0.1257149620169089,46.0,89876.1,89692.24,0.0004715380395898805,-0.0040066269008113276,-0.00204570514296909,0.002466768585554391,-0.0018001557325361128
BTC/USDT,2025-12-15 06:51:00+00:00,2025-12-15 07:38:00+00:00,trailing_prob_drop,-0.1687399668323834,47.0,89876.1,89666.05,0.0004715380395898805,-0.0040066269008113276,-0.002337106305235759,0.0027595728818210485,-0.0015085977357093272
BTC/USDT,2025-12-15 06:51:00+00:00,2025-12-15 07:39:00+00:00,trailing_prob_drop,-0.1391649635212872,48.0,89876.1,89594.54,0.0004715380395898805,-0.0040066269008113276,-0.0031327572068660103,0.003559926754465259,-0.000711650509059969
BTC/USDT,2025-12-15 06:51:00+00:00,2025-12-15 07:40:00+00:00,trailing_prob_drop,-0.1563999654503225,49.0,89876.1,89638.63,0.0004715380395898805,-0.0040066269008113276,-0.0026421929745504835,0.003066311923776599,-0.0012031643053893593
BTC/USDT,2025-12-15 06:51:00+00:00,2025-12-15 07:41:00+00:00,prob_floor,-0.1562199654301679,50.0,89876.1,89604.68,0.0004715380395898805,-0.0040066269008113276,-0.003019935221933445,0.0034463601677949818,-0.0008247337081053185
BTC/USDT,2025-12-15 06:51:00+00:00,2025-12-15 07:42:00+00:00,trailing_prob_drop,-0.1562199654301679,51.0,89876.1,89605.05,0.0004715380395898805,-0.0040066269008113276,-0.0030158184433903834,0.003442216705419998,-0.000828859534144577
BTC/USDT,2025-12-15 06:51:00+00:00,2025-12-15 07:43:00+00:00,trailing_prob_drop,-0.1506049648015362,52.0,89876.1,89605.05,0.0004715380395898805,-0.0040066269008113276,-0.0030158184433903834,0.003442216705419998,-0.000828859534144577
BTC/USDT,2025-12-15 06:51:00+00:00,2025-12-15 07:44:00+00:00,trailing_prob_drop,-0.1491749646414675,53.0,89876.1,89631.92,0.0004715380395898805,-0.0040066269008113276,-0.0027168513097476366,0.0031414031965397715,-0.0011283926529744859
BTC/USDT,2025-12-15 06:51:00+00:00,2025-12-15 07:45:00+00:00,trailing_prob_drop,-0.1340399629479555,54.0,89876.1,89619.14,0.0004715380395898805,-0.0040066269008113276,-0.002859047065905229,0.003284454637703549,-0.0009859500994988668
BTC/USDT,2025-12-15 06:51:00+00:00,2025-12-15 07:46:00+00:00,trailing_prob_drop,-0.1400549636208639,55.0,89876.1,89637.36,0.0004715380395898805,-0.0040066269008113276,-0.0026563235387383477,0.003080523567405402,-0.001189013152551599
BTC/USDT,2025-12-15 06:51:00+00:00,2025-12-15 07:47:00+00:00,trailing_prob_drop,-0.1322849627516425,56.0,89876.1,89637.38,0.0004715380395898805,-0.0040066269008113276,-0.0026561010101684435,0.0030802997588730285,-0.0011892360084598819
BTC/USDT,2025-12-15 06:51:00+00:00,2025-12-15 07:48:00+00:00,trailing_prob_drop,-0.1400449636197357,57.0,89876.1,89652.92,0.0004715380395898805,-0.0040066269008113276,-0.002483196311366509,0.002906430710789998,-0.0013623649960313733
BTC/USDT,2025-12-15 06:51:00+00:00,2025-12-15 07:49:00+00:00,trailing_prob_drop,-0.1321149627326302,58.0,89876.1,89637.4,0.0004715380395898805,-0.0040066269008113276,-0.0026558784815986503,0.003080075950440353,-0.0011894588642686887
BTC/USDT,2025-12-15 06:51:00+00:00,2025-12-15 07:50:00+00:00,trailing_prob_drop,-0.1380149633926243,59.0,89876.1,89653.26,0.0004715380395898805,-0.0040066269008113276,-0.00247941332567847,0.0029026272998886604,-0.001366152218000738
BTC/USDT,2025-12-15 06:51:00+00:00,2025-12-15 07:51:00+00:00,time_limit,-0.1344599490000011,60.0,89876.1,89641.45,0.0004715380395898805,-0.0040066269008113276,-0.00261081644619654,0.003034756800565086,-0.0012345851165950217
BTC/USDT,,2025-12-15 07:54:00+00:00,dry_run,0.0,,,89679.19,,,,0.0026126462560600583,-0.001654898979350783
BTC/USDT,2025-12-15 07:54:00+00:00,2025-12-15 07:55:00+00:00,take_profit,0.0108324022071296,1.0,89679.19,89722.07,0.0026126462560600583,-0.001654898979350783,0.0004781488325218408,0.002133477303856157,-0.0021320283849893817
BTC/USDT,2025-12-15 07:54:00+00:00,2025-12-15 07:56:00+00:00,take_profit,0.0083274019281871,2.0,89679.19,89765.62,0.0026126462560600583,-0.001654898979350783,0.000963768740551707,0.0017027677188661272,-0.002616146359820104
BTC/USDT,2025-12-15 07:54:00+00:00,2025-12-15 07:58:00+00:00,take_profit,0.0047423999999965,4.0,89679.19,89749.86,0.0026126462560600583,-0.001654898979350783,0.0007880312032255699,0.0018786658831557723,-0.002441006593213668
BTC/USDT,,2025-12-15 07:59:00+00:00,dry_run,0.0,,,89753.44,,,,0.001838703898145777,-0.002480796279229036
BTC/USDT,2025-12-15 07:59:00+00:00,2025-12-15 08:00:00+00:00,gate_close,-0.0078213848709805,1.0,89753.44,89713.85,0.001838703898145777,-0.002480796279229036,-0.00044109729944608045,0.00228080725551294,-0.0020405990825275167
BTC/USDT,2025-12-15 07:59:00+00:00,2025-12-15 08:04:00+00:00,take_profit,0.0306286149999985,5.0,89753.44,89672.58,0.001838703898145777,-0.002480796279229036,-0.0009009125444106036,0.002753461537517987,-0.0015813083553523066
BTC/USDT,,2025-12-15 08:06:00+00:00,dry_run,0.0,,,89810.78,,,,0.002062335946753757,-0.0031176658303156968
BTC/USDT,2025-12-15 08:06:00+00:00,2025-12-15 08:07:00+00:00,take_profit,0.0084829959450541,1.0,89810.78,89770.05,0.002062335946753757,-0.0031176658303156968,-0.00045350903310270585,0.002516986455950443,-0.0026653655645730856
BTC/USDT,2025-12-15 08:06:00+00:00,2025-12-15 08:08:00+00:00,trailing_prob_drop,-0.0134270064949215,2.0,89810.78,89804.99,0.002062335946753757,-0.0031176658303156968,-6.44688755625511e-05,0.002126941943871863,-0.003053393803618354
BTC/USDT,2025-12-15 08:06:00+00:00,2025-12-15 08:09:00+00:00,gate_close,-0.0523770108384102,3.0,89810.78,89761.17,0.002062335946753757,-0.0031176658303156968,-0.0005523835780070208,0.0026161646511515535,-0.0019290078326741344
BTC/USDT,2025-12-15 08:06:00+00:00,2025-12-15 08:10:00+00:00,prob_floor,-0.0477020103166929,4.0,89810.78,89683.28,0.002062335946753757,-0.0031176658303156968,-0.0014196514048758768,0.0034869375874744257,-0.0010621823822678511
BTC/USDT,2025-12-15 08:06:00+00:00,2025-12-15 08:11:00+00:00,trailing_prob_drop,-0.0470020102385708,5.0,89810.78,89692.63,0.002062335946753757,-0.0031176658303156968,-0.0013155436351849348,0.0033823291835684,-0.0011663165635794615
BTC/USDT,2025-12-15 08:06:00+00:00,2025-12-15 08:12:00+00:00,prob_floor,-0.0611420118168749,6.0,89810.78,89700.22,0.002062335946753757,-0.0031176658303156968,-0.0012310326221417478,0.0032974278100990073,-0.0012508330525833333
BTC/USDT,2025-12-15 08:06:00+00:00,2025-12-15 08:13:00+00:00,trailing_prob_drop,-0.0400220094598424,7.0,89810.78,89665.75,0.002062335946753757,-0.0031176658303156968,-0.0016148395548952754,0.0036831231546048393,-0.0008668861856393484
BTC/USDT,2025-12-15 08:06:00+00:00,2025-12-15 08:14:00+00:00,prob_floor,-0.0404020095022219,8.0,89810.78,89709.2,0.002062335946753757,-0.0031176658303156968,-0.0011310446251552309,0.003196996517637052,-0.0013508090586026311
BTC/USDT,2025-12-15 08:06:00+00:00,2025-12-15 08:15:00+00:00,trailing_prob_drop,-0.0211020073501948,9.0,89810.78,89707.23,0.002062335946753757,-0.0031176658303156968,-0.0011529796311756657,0.0032190270505509933,-0.00010824099685158295
BTC/USDT,2025-12-15 08:06:00+00:00,2025-12-15 08:16:00+00:00,trailing_prob_drop,-0.0340120087895078,10.0,89810.78,89730.98,0.002062335946753757,-0.0031176658303156968,-0.0008885347616399697,0.0029534949913621045,-0.0002646800469581212
BTC/USDT,2025-12-15 08:06:00+00:00,2025-12-15 08:17:00+00:00,trailing_prob_drop,-0.0119170063266843,11.0,89810.78,89720.0,0.002062335946753757,-0.0031176658303156968,-0.0010107918002716376,0.003076237182345176,0.0
BTC/USDT,2025-12-15 08:06:00+00:00,2025-12-15 08:20:00+00:00,trailing_prob_drop,-0.0119170063266843,14.0,89810.78,89787.73,0.002062335946753757,-0.0031176658303156968,-0.0002566507049599487,0.002319581974062679,-0.0003088395262915711
BTC/USDT,2025-12-15 08:06:00+00:00,2025-12-15 08:21:00+00:00,trailing_prob_drop,-0.0095270060604285,15.0,89810.78,89769.45,0.002062335946753757,-0.0031176658303156968,-0.00046018974559625114,0.0025236870672595835,-0.0001052696657938279
BTC/USDT,2025-12-15 08:06:00+00:00,2025-12-15 08:22:00+00:00,trailing_prob_drop,-0.0017870051983628,16.0,89810.78,89760.0,0.002062335946753757,-0.0031176658303156968,-0.0005654109673693952,0.002629233511586504,0.0
BTC/USDT,2025-12-15 08:06:00+00:00,2025-12-15 08:23:00+00:00,take_profit,0.0107379940000037,17.0,89810.78,89784.45,0.002062335946753757,-0.0031176658303156968,-0.0002931719332579519,0.002356198651325414,-0.00017230155110381506
BTC/USDT,,2025-12-15 08:25:00+00:00,dry_run,0.0,,,89835.08,,,,0.0017912824255290616,-0.0007244386046074691
BTC/USDT,2025-12-15 08:25:00+00:00,2025-12-15 08:26:00+00:00,take_profit,0.0173359329287551,1.0,89835.08,89880.38,0.0017912824255290616,-0.0007244386046074691,0.0005042573569256081,0.0012863764038379966,-0.0012280766948248312
BTC/USDT,2025-12-15 08:25:00+00:00,2025-12-15 08:27:00+00:00,take_profit,0.02065093329727,2.0,89835.08,89893.36,0.0017912824255290616,-0.0007244386046074691,0.0006487443435236884,0.001141797347434803,-0.0013722926810166847
BTC/USDT,2025-12-15 08:25:00+00:00,2025-12-15 08:31:00+00:00,take_profit,0.0159309300000008,6.0,89835.08,89864.81,0.0017912824255290616,-0.0007244386046074691,0.0003309397620616661,0.0014598595378991774,-0.0010550292155516727
BTC/USDT,,2025-12-15 08:32:00+00:00,dry_run,0.0,,,89882.01,,,,0.0012682181896022104,-0.0012461893097405197
BTC/USDT,2025-12-15 08:32:00+00:00,2025-12-15 08:34:00+00:00,gate_close,-0.0352200029185505,2.0,89882.01,89854.9,0.0012682181896022104,-0.0012461893097405197,-0.00030161764295211224,0.0015703094655941108,-0.0009448566522247681
BTC/USDT,2025-12-15 08:32:00+00:00,2025-12-15 08:40:00+00:00,trailing_prob_drop,-0.0420000036737153,8.0,89882.01,89820.18,0.0012682181896022104,-0.0012461893097405197,-0.0006879018393113334,0.0019574665737700503,-0.0005586717817754883
BTC/USDT,2025-12-15 08:32:00+00:00,2025-12-15 08:41:00+00:00,trailing_prob_drop,-0.0294200022727309,9.0,89882.01,89833.99,0.0012682181896022104,-0.0012461893097405197,-0.0005342559651256851,0.0018034376520512652,-0.0007123139025663194
BTC/USDT,2025-12-15 08:32:00+00:00,2025-12-15 08:42:00+00:00,trailing_prob_drop,-0.0294200022727309,10.0,89882.01,89859.15,0.0012682181896022104,-0.0012461893097405197,-0.0002543334311282397,0.0015229389550202033,-0.0009921082048961472
BTC/USDT,2025-12-15 08:32:00+00:00,2025-12-15 08:45:00+00:00,trailing_prob_drop,-0.0290000022259574,13.0,89882.01,89816.71,0.0012682181896022104,-0.0012461893097405197,-0.0007265080075533614,0.0019961764353202405,-0.0005200591293090806
BTC/USDT,2025-12-15 08:32:00+00:00,2025-12-15 08:46:00+00:00,trailing_prob_drop,-0.0506450046369497,14.0,89882.01,89860.0,0.0012682181896022104,-0.0012461893097405197,-0.00024487658876337637,0.0015134653906077045,-0.0010015579790785267
BTC/USDT,2025-12-15 08:32:00+00:00,2025-12-15 08:47:00+00:00,prob_floor,-0.0492900044859411,15.0,89882.01,89816.71,0.0012682181896022104,-0.0012461893097405197,-0.0007265080075533614,0.0019961764353202405,-0.0005200591293090806
BTC/USDT,2025-12-15 08:32:00+00:00,2025-12-15 08:48:00+00:00,prob_floor,-0.0482750043728383,16.0,89882.01,89819.42,0.0012682181896022104,-0.0012461893097405197,-0.000696357368955125,0.0019659445585376023,-0.0005502150871158351
BTC/USDT,2025-12-15 08:32:00+00:00,2025-12-15 08:56:00+00:00,prob_floor,-0.0646450061976119,24.0,89882.01,89815.0,0.0012682181896022104,-0.0012461893097405197,-0.000745532949251948,0.0020152535767967716,-0.0005010298947837333
BTC/USDT,2025-12-15 08:32:00+00:00,2025-12-15 08:58:00+00:00,trailing_prob_drop,-0.0739950072404447,26.0,89882.01,89784.0,0.0012682181896022104,-0.0012461893097405197,-0.00109042955314409,0.0023612224895304124,-0.00015592978704448424
BTC/USDT,2025-12-15 08:32:00+00:00,2025-12-15 08:59:00+00:00,prob_floor,-0.0590000055682022,27.0,89882.01,89770.01,0.0012682181896022104,-0.0012461893097405197,-0.0012460780527716597,0.0025174331605846145,-1.1139577682506285e-07
BTC/USDT,2025-12-15 08:32:00+00:00,2025-12-15 09:00:00+00:00,trailing_prob_drop,-0.0546550050838706,28.0,89882.01,89799.99,0.0012682181896022104,-0.0012461893097405197,-0.0009125296597171095,0.0021827396640021757,-0.00033396440244592984
BTC/USDT,2025-12-15 08:32:00+00:00,2025-12-15 09:01:00+00:00,prob_floor,-0.0172650009197962,29.0,89882.01,89780.35,0.0012682181896022104,-0.0012461893097405197,-0.0011310383468281504,0.0024019732602957866,0.0
BTC/USDT,2025-12-15 08:32:00+00:00,2025-12-15 09:18:00+00:00,trailing_prob_drop,-0.0257750018669333,46.0,89882.01,89836.59,0.0012682181896022104,-0.0012461893097405197,-0.0005053291531864623,0.0013720467350777366,-0.004000931023762089
BTC/USDT,2025-12-15 08:32:00+00:00,2025-12-15 09:19:00+00:00,trailing_prob_drop,-0.0349550028890397,47.0,89882.01,89866.44,0.0012682181896022104,-0.0012461893097405197,-0.00017322710072897873,0.0010394314050941045,-0.0043317616676481485
BTC/USDT,2025-12-15 08:32:00+00:00,2025-12-15 09:25:00+00:00,take_profit,0.0080549999999982,53.0,89882.01,89927.68,0.0012682181896022104,-0.0012461893097405197,0.0005081105774114025,0.0007540503658052256,-0.0050098034331585994
BTC/USDT,,2025-12-15 09:26:00+00:00,dry_run,0.0,,,89916.19,,,,0.0009320902053344682,-0.00488265795069831
BTC/USDT,2025-12-15 09:26:00+00:00,2025-12-15 09:27:00+00:00,gate_close,-0.0274566760535719,1.0,89916.19,89916.73,0.0009320902053344682,-0.00488265795069831,6.005592541269422e-06,0.0009260790511398387,-0.004888634184094465
BTC/USDT,2025-12-15 09:26:00+00:00,2025-12-15 09:28:00+00:00,gate_close,-0.0214816753886122,2.0,89916.19,89879.83,0.0009320902053344682,-0.00488265795069831,-0.0004043765644429209,0.0013370074242462504,-0.004480093030883592
BTC/USDT,2025-12-15 09:26:00+00:00,2025-12-15 09:42:00+00:00,prob_floor,-0.0435966778507,16.0,89916.19,89844.86,0.0009320902053344682,-0.00488265795069831,-0.0007932942888261296,0.0017267543184997791,-0.004092610306254518
BTC/USDT,2025-12-15 09:26:00+00:00,2025-12-15 09:53:00+00:00,gate_close,-0.0008616730951697,27.0,89916.19,89927.4,0.0009320902053344682,-0.00488265795069831,0.00012467165256890844,0.0008073179031085065,-0.00500670540902981
BTC/USDT,2025-12-15 09:26:00+00:00,2025-12-15 10:07:00+00:00,prob_floor,-0.0633466800515284,41.0,89916.19,89792.01,0.0009320902053344682,-0.00488265795069831,-0.001381063855130038,0.0023163530919956266,-0.0035064367085667625
BTC/USDT,2025-12-15 09:26:00+00:00,2025-12-15 10:08:00+00:00,prob_floor,-0.0713666809457742,42.0,89916.19,89829.35,0.0009320902053344682,-0.00488265795069831,-0.000965788252371369,0.0018997131783764498,-0.003920656222047736
BTC/USDT,2025-12-15 09:26:00+00:00,2025-12-15 10:09:00+00:00,prob_floor,-0.0694016807266515,43.0,89916.19,89792.01,0.0009320902053344682,-0.00488265795069831,-0.001381063855130038,0.0023163530919956266,-0.0035064367085667625
BTC/USDT,2025-12-15 09:26:00+00:00,2025-12-15 10:10:00+00:00,prob_floor,-0.0490966784633945,44.0,89916.19,89795.94,0.0009320902053344682,-0.00488265795069831,-0.0013373564871910215,0.002272485816173786,-0.0035500491447608695
BTC/USDT,2025-12-15 09:26:00+00:00,2025-12-15 10:11:00+00:00,prob_floor,-0.0561466792489652,45.0,89916.19,89836.55,0.0009320902053344682,-0.00488265795069831,-0.0008857136851549985,0.001819415371583144,-0.001229900302271214
BTC/USDT,2025-12-15 09:26:00+00:00,2025-12-15 10:17:00+00:00,prob_floor,-0.0773666816150029,51.0,89916.19,89800.11,0.0009320902053344682,-0.00488265795069831,-0.0012909799670115518,0.0022259438212268723,-0.0008246092348884737
BTC/USDT,2025-12-15 09:26:00+00:00,2025-12-15 10:18:00+00:00,prob_floor,-0.071276680935748,52.0,89916.19,89780.0,0.0009320902053344682,-0.00488265795069831,-0.0015146326818340494,0.002450434395188328,-0.0006008019603475079
BTC/USDT,2025-12-15 09:26:00+00:00,2025-12-15 10:20:00+00:00,prob_floor,-0.0991566840469244,54.0,89916.19,89736.43,0.0009320902053344682,-0.00488265795069831,-0.001999195028170253,0.0029371571835430377,-0.00011556064799989052
BTC/USDT,2025-12-15 09:26:00+00:00,2025-12-15 10:21:00+00:00,prob_floor,-0.0733916811716277,55.0,89916.19,89732.61,0.0009320902053344682,-0.00488265795069831,-0.0020416790346655667,0.002979853143689981,0.0
BTC/USDT,2025-12-15 09:26:00+00:00,2025-12-15 10:24:00+00:00,prob_floor,-0.0743766812814909,58.0,89916.19,89772.53,0.0009320902053344682,-0.00488265795069831,-0.0015977100453211657,0.0025338486060269005,-0.00013779270785840847
BTC/USDT,2025-12-15 09:26:00+00:00,2025-12-15 10:26:00+00:00,time_limit,-0.0359766740000005,60.0,89916.19,89778.41,0.0009320902053344682,-0.00488265795069831,-0.0015323158154276761,0.0024681880643686593,-0.00020327827146859878
BTC/USDT,,2025-12-15 10:30:00+00:00,dry_run,0.0,,,89884.98,,,,0.0008973690598808037,-0.0012003117762278137
BTC/USDT,2025-12-15 10:30:00+00:00,2025-12-15 10:42:00+00:00,prob_floor,-0.0724553270639179,12.0,89884.98,89792.75,0.0008973690598808037,-0.0012003117762278137,-0.001026089119672724,0.0019254338462737497,-0.0022216715714798996
BTC/USDT,2025-12-15 10:30:00+00:00,2025-12-15 10:43:00+00:00,prob_floor,-0.0721053270248859,13.0,89884.98,89826.29,0.0008973690598808037,-0.0012003117762278137,-0.0006529455755567293,0.0015513275679090999,-0.0026080337950057375
BTC/USDT,2025-12-15 10:30:00+00:00,2025-12-15 10:46:00+00:00,prob_floor,-0.0676053265232694,16.0,89884.98,89859.13,0.0008973690598808037,-0.0012003117762278137,-0.00028758976193787866,0.0011852997018777511,-0.0030574522588857622
BTC/USDT,2025-12-15 10:30:00+00:00,2025-12-15 10:47:00+00:00,prob_floor,-0.0544053250524433,17.0,89884.98,89835.99,0.0008973690598808037,-0.0012003117762278137,-0.0005450298815218302,0.0014431855206358257,-0.002800659290335683
BTC/USDT,2025-12-15 10:30:00+00:00,2025-12-15 10:48:00+00:00,prob_floor,-0.0597403256467984,18.0,89884.98,89843.99,0.0008973690598808037,-0.0012003117762278137,-0.000456027247266344,0.0013540137743213165,-0.002889453150956567
BTC/USDT,2025-12-15 10:30:00+00:00,2025-12-15 10:56:00+00:00,gate_close,-0.0585503255142096,26.0,89884.98,89854.11,0.0008973690598808037,-0.0012003117762278137,-0.0003434389149332695,0.0012412342629624096,-0.0030017547333115457
BTC/USDT,2025-12-15 10:30:00+00:00,2025-12-15 11:00:00+00:00,prob_floor,-0.0594803256178273,30.0,89884.98,89838.23,0.0008973690598808037,-0.0012003117762278137,-0.000520109143930414,0.001418215830832903,-0.002825523165360666
BTC/USDT,2025-12-15 10:30:00+00:00,2025-12-15 11:16:00+00:00,prob_floor,-0.0923453292823017,46.0,89884.98,89799.99,0.0008973690598808037,-0.0012003117762278137,-0.0009455417356714069,0.0003851893524708938,-0.004103118497006619
BTC/USDT,2025-12-15 10:30:00+00:00,2025-12-15 11:22:00+00:00,prob_floor,-0.0837903283278987,52.0,89884.98,89803.36,0.0008973690598808037,-0.0012003117762278137,-0.0009080493759913155,0.0003476484621511844,-0.004140490957131204
BTC/USDT,2025-12-15 10:30:00+00:00,2025-12-15 11:30:00+00:00,time_limit,-0.0786653199999982,60.0,89884.98,89803.62,0.0008973690598808037,-0.0012003117762278137,-0.0009051567903780589,0.00034475224940822,-0.017423017023144416
BTC/USDT,,2025-12-15 11:56:00+00:00,dry_run,0.0,,,89658.12,,,,0.0011648693949861677,-0.016472796886662366
BTC/USDT,2025-12-15 11:56:00+00:00,2025-12-15 12:01:00+00:00,prob_floor,-0.080145248951348,5.0,89658.12,89561.07,0.0011648693949861677,-0.016472796886662366,-0.0010824451817637026,0.0022497498075892963,-0.015407028969171677
BTC/USDT,2025-12-15 11:56:00+00:00,2025-12-15 12:02:00+00:00,prob_floor,-0.0875252497772737,6.0,89658.12,89510.07,0.0011648693949861677,-0.016472796886662366,-0.0016512726343134165,0.002820799939045937,-0.014846039110460008
BTC/USDT,2025-12-15 11:56:00+00:00,2025-12-15 12:03:00+00:00,prob_floor,-0.0813102490817122,7.0,89658.12,89495.31,0.0011648693949861677,-0.016472796886662366,-0.001815897991169102,0.0029861900025822674,-0.014683562747589751
BTC/USDT,2025-12-15 11:56:00+00:00,2025-12-15 12:04:00+00:00,prob_floor,-0.0543202460632643,8.0,89658.12,89507.74,0.0011648693949861677,-0.016472796886662366,-0.0016772602414593107,0.002846904636403469,-0.014820394303330708
BTC/USDT,2025-12-15 11:56:00+00:00,2025-12-15 12:05:00+00:00,prob_floor,-0.066840247462994,9.0,89658.12,89561.72,0.0011648693949861677,-0.016472796886662366,-0.0010751954201135838,0.0022424759149333173,-0.015414174716608886
BTC/USDT,2025-12-15 11:56:00+00:00,2025-12-15 12:06:00+00:00,prob_floor,-0.0726952481178428,10.0,89658.12,89536.68,0.0011648693949861677,-0.016472796886662366,-0.0013544785458361464,0.0025227649718528866,-0.015138823552537262
BTC/USDT,2025-12-15 11:56:00+00:00,2025-12-15 12:07:00+00:00,prob_floor,-0.0968502508212861,11.0,89658.12,89524.97,0.0011648693949861677,-0.016472796886662366,-0.0014850857903332404,0.0026538964492253125,-0.015010002237364706
BTC/USDT,2025-12-15 11:56:00+00:00,2025-12-15 12:08:00+00:00,prob_floor,-0.1031202515234919,12.0,89658.12,89476.65,0.0011648693949861677,-0.016472796886662366,-0.0020240219179256114,0.003195358789136682,-0.014478078917795845
BTC/USDT,2025-12-15 11:56:00+00:00,2025-12-15 12:10:00+00:00,prob_floor,-0.1051002517452958,14.0,89658.12,89465.92,0.0011648693949861677,-0.016472796886662366,-0.0021436987525501605,0.0033156759579513473,-0.014359881393943064
BTC/USDT,2025-12-15 11:56:00+00:00,2025-12-15 12:11:00+00:00,prob_floor,-0.1172002531011253,15.0,89658.12,89482.63,0.0011648693949861677,-0.016472796886662366,-0.0019573241107441186,0.0031283166353066605,-0.014543939980306897
BTC/USDT,2025-12-15 11:56:00+00:00,2025-12-15 12:12:00+00:00,prob_floor,-0.1179502531851886,16.0,89658.12,89445.5,0.0011648693949861677,-0.016472796886662366,-0.002371452803159313,0.0035447283541374386,-0.014134864246943657
BTC/USDT,2025-12-15 11:56:00+00:00,2025-12-15 12:13:00+00:00,prob_floor,-0.1079802520679296,17.0,89658.12,89445.5,0.0011648693949861677,-0.016472796886662366,-0.002371452803159313,0.0035447283541374386,-0.014134864246943657
BTC/USDT,2025-12-15 11:56:00+00:00,2025-12-15 12:14:00+00:00,prob_floor,-0.0731202481653866,18.0,89658.12,89440.01,0.0011648693949861677,-0.016472796886662366,-0.0024326854054044222,0.0036063278615465766,-0.014074349946964437
BTC/USDT,2025-12-15 11:56:00+00:00,2025-12-15 12:15:00+00:00,prob_floor,-0.0251802428084657,19.0,89658.12,89517.03,0.0011648693949861677,-0.016472796886662366,-0.001573644417259712,0.002742830051443823,-0.014922635391276917
BTC/USDT,2025-12-15 11:56:00+00:00,2025-12-15 12:30:00+00:00,gate_close,-0.0013752401527002,34.0,89658.12,89590.81,0.0011648693949861677,-0.016472796886662366,-0.0007507407025710844,0.0019170493044988746,-0.015733868239387494
BTC/USDT,2025-12-15 11:56:00+00:00,2025-12-15 12:31:00+00:00,gate_close,-0.0078852408786993,35.0,89658.12,89667.6,0.0011648693949861677,-0.016472796886662366,0.00010573498529753422,0.0010590224339670495,-0.016576779126462715
BTC/USDT,2025-12-15 11:56:00+00:00,2025-12-15 12:32:00+00:00,take_profit,0.0047897589999973,36.0,89658.12,89660.01,0.0011648693949861677,-0.016472796886662366,2.108007618262242e-05,0.0011437652081458527,-0.016493529277991303
BTC/USDT,,2025-12-15 12:34:00+00:00,dry_run,0.0,,,89709.97,,,,0.0005862224678037098,-0.0037595598348768577
BTC/USDT,2025-12-15 12:34:00+00:00,2025-12-15 12:42:00+00:00,take_profit,0.0177519200000011,8.0,89709.97,89699.12,0.0005862224678037098,-0.0037595598348768577,-0.00012094530853157259,0.0007072533153056337,-0.004729366352758002
BTC/USDT,,2025-12-15 13:43:00+00:00,dry_run,0.0,,,89508.93,,,,0.0051023959285403375,-0.006470862739617167
BTC/USDT,2025-12-15 13:43:00+00:00,2025-12-15 13:44:00+00:00,take_profit,0.0136679875272241,1.0,89508.93,89477.67,0.0051023959285403375,-0.006470862739617167,-0.00034923889716920176,0.0054535394138002236,-0.006123762498509433
BTC/USDT,2025-12-15 13:43:00+00:00,2025-12-15 13:45:00+00:00,take_profit,0.0148229876561752,2.0,89508.93,89482.93,0.0051023959285403375,-0.006470862739617167,-0.0002904738108253646,0.005394436681946058,-0.006182184691538306
BTC/USDT,2025-12-15 13:43:00+00:00,2025-12-15 13:46:00+00:00,take_profit,0.0095279850000058,3.0,89508.93,89524.69,0.0051023959285403375,-0.006470862739617167,0.0001760718176389009,0.005309261612634453,-0.006645764425433964
BTC/USDT,,2025-12-15 13:47:00+00:00,dry_run,0.0,,,89507.11,,,,0.005506713377294803,-0.007876357531820699
BTC/USDT,2025-12-15 13:47:00+00:00,2025-12-15 13:48:00+00:00,gate_close,-0.0177004119758528,1.0,89507.11,89554.04,0.005506713377294803,-0.007876357531820699,0.0005243158895420486,0.004979786506560835,-0.00839627112300012
BTC/USDT,2025-12-15 13:47:00+00:00,2025-12-15 13:54:00+00:00,gate_close,-0.0534854159765296,7.0,89507.11,89438.77,0.005506713377294803,-0.007876357531820699,-0.0007635147643577644,0.006275019211467114,-0.015412555427584795
BTC/USDT,2025-12-15 13:47:00+00:00,2025-12-15 13:58:00+00:00,prob_floor,-0.0700154178266924,11.0,89507.11,89432.01,0.005506713377294803,-0.007876357531820699,-0.0008390394908293075,0.006351081676460257,-0.017403500156152107
BTC/USDT,2025-12-15 13:47:00+00:00,2025-12-15 14:05:00+00:00,take_profit,0.0136395890000011,18.0,89507.11,89548.13,0.005506713377294803,-0.007876357531820699,0.0004582876153638171,0.00504611319074999,-0.023304339241924987
BTC/USDT,,2025-12-15 14:07:00+00:00,dry_run,0.0,,,89615.18,,,,0.004294138560007488,-0.02403510208873083
BTC/USDT,2025-12-15 14:07:00+00:00,2025-12-15 14:15:00+00:00,take_profit,0.0067640419999985,8.0,89615.18,89545.83,0.004294138560007488,-0.02403510208873083,-0.0007738644278791895,0.005071927972525314,-0.02495682936882715
BTC/USDT,,2025-12-15 14:18:00+00:00,dry_run,0.0,,,89684.0,,,,0.0035234824494894124,-0.029836537174969924
BTC/USDT,2025-12-15 14:18:00+00:00,2025-12-15 14:20:00+00:00,take_profit,0.0072465288086394,2.0,89684.0,89657.85,0.0035234824494894124,-0.029836537174969924,-0.00029157932295609257,0.003816174490019586,-0.02955357506342171
BTC/USDT,2025-12-15 14:18:00+00:00,2025-12-15 14:23:00+00:00,prob_floor,-0.1153284848938884,5.0,89684.0,89493.36,0.0035234824494894124,-0.029836537174969924,-0.0021256857410463237,0.0056612021271744695,-0.029775505132447866
BTC/USDT,2025-12-15 14:18:00+00:00,2025-12-15 14:24:00+00:00,prob_floor,-0.1340284869909374,6.0,89684.0,89433.75,0.0035234824494894124,-0.029836537174969924,-0.002790352794255435,0.006331502369071984,-0.07727026989251828
BTC/USDT,2025-12-15 14:18:00+00:00,2025-12-15 14:25:00+00:00,prob_floor,-0.1282534863431275,7.0,89684.0,89384.61,0.0035234824494894124,-0.029836537174969924,-0.003338276615672764,0.006884742239184227,-0.07676299085491345
BTC/USDT,2025-12-15 14:18:00+00:00,2025-12-15 14:26:00+00:00,prob_floor,-0.130568486602794,8.0,89684.0,89307.16,0.0035234824494894124,-0.029836537174969924,-0.004201864323625126,0.007757944603769662,-0.07596233045592327
BTC/USDT,2025-12-15 14:18:00+00:00,2025-12-15 14:27:00+00:00,prob_floor,-0.1090084841855465,9.0,89684.0,89391.54,0.0035234824494894124,-0.029836537174969924,-0.0032610053075242673,0.006806684390939122,-0.07683456398670385
BTC/USDT,2025-12-15 14:18:00+00:00,2025-12-15 14:28:00+00:00,prob_floor,-0.1249984859780754,10.0,89684.0,89419.08,0.0035234824494894124,-0.029836537174969924,-0.002953927121894684,0.006496600054485047,-0.0771188878257304
BTC/USDT,2025-12-15 14:18:00+00:00,2025-12-15 14:29:00+00:00,prob_floor,-0.1408684877584396,11.0,89684.0,89402.67,0.0035234824494894124,-0.029836537174969924,-0.0031369029035279716,0.006681344080663454,-0.07694949155321651
BTC/USDT,2025-12-15 14:18:00+00:00,2025-12-15 14:30:00+00:00,prob_floor,-0.1378384874184121,12.0,89684.0,89370.93,0.0035234824494894124,-0.029836537174969924,-0.003490812185005243,0.00703886599367376,-0.07662167105120199
BTC/USDT,2025-12-15 14:18:00+00:00,2025-12-15 14:31:00+00:00,prob_floor,-0.1773384918545593,13.0,89684.0,89376.99,0.0035234824494894124,-0.029836537174969924,-0.003423241603853433,0.006970586053524519,-0.07668427858221682
BTC/USDT,2025-12-15 14:18:00+00:00,2025-12-15 14:32:00+00:00,prob_floor,-0.2539685004831196,14.0,89684.0,89298.0,0.0035234824494894124,-0.029836537174969924,-0.004304000713616696,0.00786131828260439,-0.07586754462585954
BTC/USDT,2025-12-15 14:18:00+00:00,2025-12-15 14:33:00+00:00,prob_floor,-0.291843504758815,15.0,89684.0,89144.74,0.0035234824494894124,-0.029836537174969924,-0.006012889701618951,0.009594060176741692,-0.07427875161226571
BTC/USDT,2025-12-15 14:18:00+00:00,2025-12-15 14:34:00+00:00,prob_floor,-0.3367618369498186,16.0,89684.0,89061.83,0.0035234824494894124,-0.029836537174969924,-0.006937357834173263,0.010533917841122342,-0.07341697335435404
BTC/USDT,2025-12-15 14:18:00+00:00,2025-12-15 14:35:00+00:00,prob_floor,-0.1255784860431287,17.0,89684.0,89268.35,0.0035234824494894124,-0.029836537174969924,-0.004634605949779158,0.008196073972466023,-0.07556059902529855
BTC/USDT,2025-12-15 14:18:00+00:00,2025-12-15 14:36:00+00:00,take_profit,0.0846265270000037,18.0,89684.0,89401.51,0.0035234824494894124,-0.029836537174969924,-0.0031498372061906643,0.006694405944597692,-0.07693751481378786
BTC/USDT,,2025-12-15 15:57:00+00:00,spread_too_wide,0.0,,,86916.0,,,,0.01107068894104657,-0.05130470799392517
BTC/USDT,,2025-12-15 16:28:00+00:00,dry_run,0.0,,,87000.9,,,,0.0008912551479354214,-0.0586465197486461
BTC/USDT,2025-12-15 16:28:00+00:00,2025-12-15 16:31:00+00:00,prob_floor,-0.0871550100448159,3.0,87000.9,86749.96,0.0008912551479354214,-0.0586465197486461,-0.0028843379781127165,0.003786514714243072,-0.05592348399930103
BTC/USDT,2025-12-15 16:28:00+00:00,2025-12-15 16:32:00+00:00,prob_floor,-0.0797600091908905,4.0,87000.9,86743.09,0.0008912551479354214,-0.0586465197486461,-0.002963302678477997,0.0038660139960429163,-0.05584871371310374
BTC/USDT,2025-12-15 16:28:00+00:00,2025-12-15 16:33:00+00:00,prob_floor,-0.1632000188427834,5.0,87000.9,86757.88,0.0008912551479354214,-0.0586465197486461,-0.0027933044370803684,0.0036948805111420846,-0.05600966736393276
BTC/USDT,2025-12-15 16:28:00+00:00,2025-12-15 16:34:00+00:00,prob_floor,-0.3905304868052002,6.0,87000.9,86678.61,0.0008912551479354214,-0.0586465197486461,-0.00370444443678164,0.00461278739933646,-0.055146361945582645
BTC/USDT,2025-12-15 16:28:00+00:00,2025-12-15 16:35:00+00:00,prob_floor,-0.1695350195771009,7.0,87000.9,86432.18,0.0008912551479354214,-0.0586465197486461,-0.0065369438706955885,0.0074770762463702845,-0.05245245462974535
BTC/USDT,2025-12-15 16:28:00+00:00,2025-12-15 16:36:00+00:00,prob_floor,-0.2552850295379562,8.0,87000.9,86578.33,0.0008912551479354214,-0.0586465197486461,-0.00485707619116571,0.005776387694241825,-0.05405197813355833
BTC/USDT,2025-12-15 16:28:00+00:00,2025-12-15 16:37:00+00:00,prob_floor,-0.2416150279473807,9.0,87000.9,86406.84,0.0008912551479354214,-0.0586465197486461,-0.006828205225463124,0.007772532822633016,-0.052174573216657305
BTC/USDT,2025-12-15 16:28:00+00:00,2025-12-15 16:38:00+00:00,prob_floor,-0.2862050331393767,10.0,87000.9,86434.17,0.0008912551479354214,-0.0586465197486461,-0.006514070544097805,0.004966438620281899,-0.05247427030305252
BTC/USDT,2025-12-15 16:28:00+00:00,2025-12-15 16:39:00+00:00,prob_floor,-0.2220250256697297,11.0,87000.9,86345.0,0.0008912551479354214,-0.0586465197486461,-0.007539002470089318,0.0028735885112050052,-0.05149574381840283
BTC/USDT,2025-12-15 16:28:00+00:00,2025-12-15 16:40:00+00:00,prob_floor,-0.3326200385552821,12.0,87000.9,86473.35,0.0008912551479354214,-0.0586465197486461,-0.006063730375202914,0.001385051001262072,-0.05290358243320048
BTC/USDT,2025-12-15 16:28:00+00:00,2025-12-15 16:41:00+00:00,prob_floor,-0.3831600444657842,13.0,87000.9,86252.17,0.0008912551479354214,-0.0586465197486461,-0.008606002926406453,0.0039529440244807645,-0.05047490399371968
BTC/USDT,2025-12-15 16:28:00+00:00,2025-12-15 16:42:00+00:00,prob_floor,-0.3168850367179475,14.0,87000.9,86151.09,0.0008912551479354214,-0.0586465197486461,-0.00976782998796566,0.0051308694991554216,-0.04936083803466662
BTC/USDT,2025-12-15 16:28:00+00:00,2025-12-15 16:43:00+00:00,prob_floor,-0.2654050307161305,15.0,87000.9,86283.64,0.0008912551479354214,-0.0586465197486461,-0.00824428253041054,0.003586774966841899,-0.05082122172870773
BTC/USDT,2025-12-15 16:28:00+00:00,2025-12-15 16:44:00+00:00,prob_floor,-0.216585025037622,16.0,87000.9,86386.59,0.0008912551479354214,-0.0586465197486461,-0.007060961438329905,0.0023907645851051207,-0.051952392147901594
BTC/USDT,2025-12-15 16:28:00+00:00,2025-12-15 16:45:00+00:00,prob_floor,-0.3318619023777007,17.0,87000.9,86484.23,0.0008912551479354214,-0.0586465197486461,-0.005938674197623173,0.001259073475013972,-0.06241045332773376
BTC/USDT,2025-12-15 16:28:00+00:00,2025-12-15 16:46:00+00:00,prob_floor,-0.3245763037021513,18.0,87000.9,86257.38,0.0008912551479354214,-0.0586465197486461,-0.008546118488429344,0.0038923046352670188,-0.05994466792290698
BTC/USDT,2025-12-15 16:28:00+00:00,2025-12-15 16:47:00+00:00,prob_floor,-0.3476000403057137,19.0,87000.9,86271.37,0.0008912551479354214,-0.0586465197486461,-0.008385315554206851,0.003729510728762042,-0.0600971098523182
BTC/USDT,2025-12-15 16:28:00+00:00,2025-12-15 16:48:00+00:00,prob_floor,-0.3285650380816621,20.0,87000.9,86222.21,0.0008912551479354214,-0.0586465197486461,-0.008950367180109442,0.004301791846903269,-0.059561219783162644
BTC/USDT,2025-12-15 16:28:00+00:00,2025-12-15 16:49:00+00:00,prob_floor,-0.3537250410217736,21.0,87000.9,86260.27,0.0008912551479354214,-0.0586465197486461,-0.008512900441259741,0.010626676684410974,-0.0599761628383495
BTC/USDT,2025-12-15 16:28:00+00:00,2025-12-15 16:50:00+00:00,prob_floor,-0.3101400359307741,22.0,87000.9,86209.96,0.0008912551479354214,-0.0586465197486461,-0.009091170321226416,0.011216453412111305,-0.0594275881812264
BTC/USDT,2025-12-15 16:28:00+00:00,2025-12-15 16:51:00+00:00,prob_floor,-0.2693900311802139,23.0,87000.9,86297.13,0.0008912551479354214,-0.0586465197486461,-0.008089226663172355,0.010195008802726058,-0.060377674205387755
BTC/USDT,2025-12-15 16:28:00+00:00,2025-12-15 16:52:00+00:00,prob_floor,-0.2870250332349565,24.0,87000.9,86270.67,0.0008912551479354214,-0.0586465197486461,-0.00839336144798497,0.01050484480994518,-0.060089483482624995
BTC/USDT,2025-12-15 16:28:00+00:00,2025-12-15 16:55:00+00:00,prob_floor,-0.3156674870607859,27.0,87000.9,86511.56,0.0008912551479354214,-0.0586465197486461,-0.005624539516257854,0.007691110875818197,-0.06270664868371334
BTC/USDT,2025-12-15 16:28:00+00:00,2025-12-15 16:56:00+00:00,gate_close,-0.3308900383532205,28.0,87000.9,86286.76,0.0008912551479354214,-0.0586465197486461,-0.00820842083242812,0.010316414708351429,-0.060264749771575477
BTC/USDT,2025-12-15 16:28:00+00:00,2025-12-15 17:00:00+00:00,prob_floor,-0.2790289249624469,32.0,87000.9,86418.85,0.0008912551479354214,-0.0586465197486461,-0.0066901606764986354,0.008772160240502869,-0.061701121919581214
BTC/USDT,2025-12-15 16:28:00+00:00,2025-12-15 17:05:00+00:00,prob_floor,-0.3123700361909909,37.0,87000.9,86033.76,0.0008912551479354214,-0.0586465197486461,-0.011116436726516632,0.01328745831868794,-0.41883279308029775
BTC/USDT,2025-12-15 16:28:00+00:00,2025-12-15 17:09:00+00:00,prob_floor,-0.4291482681847285,41.0,87000.9,86228.21,0.0008912551479354214,-0.0586465197486461,-0.008881402376297087,0.011002431802770607,-0.42014336143589204
BTC/USDT,2025-12-15 16:28:00+00:00,2025-12-15 17:10:00+00:00,prob_floor,-0.3366472087611876,42.0,87000.9,86325.72,0.0008912551479354214,-0.0586465197486461,-0.007760609373006377,0.009860444836139015,-0.42079834376128
BTC/USDT,2025-12-15 16:28:00+00:00,2025-12-15 17:11:00+00:00,prob_floor,-0.3015100349239438,43.0,87000.9,86089.18,0.0008912551479354214,-0.0586465197486461,-0.010479431821969643,0.01263515345366284,-0.41920692007985205
BTC/USDT,2025-12-15 16:28:00+00:00,2025-12-15 17:15:00+00:00,prob_floor,-0.3943800457798124,47.0,87000.9,86184.39,0.0008912551479354214,-0.0586465197486461,-0.00938507532680688,0.011516470674097556,-0.419848536376483
BTC/USDT,2025-12-15 16:28:00+00:00,2025-12-15 17:17:00+00:00,prob_floor,-0.3777000438265863,49.0,87000.9,86144.84,0.0008912551479354214,-0.0586465197486461,-0.009839668325270168,0.011980868500074848,-0.41958218275174697
BTC/USDT,2025-12-15 16:28:00+00:00,2025-12-15 17:18:00+00:00,prob_floor,-0.3897000452316321,50.0,87000.9,86174.71,0.0008912551479354214,-0.0586465197486461,-0.009496338543624083,0.01163009425851258,-0.419783367997409
BTC/USDT,2025-12-15 16:28:00+00:00,2025-12-15 17:19:00+00:00,prob_floor,-0.3337460439234345,51.0,87000.9,86138.0,0.0008912551479354214,-0.0586465197486461,-0.009918288201616221,0.012061227332884394,-0.41953609324572194
BTC/USDT,2025-12-15 16:28:00+00:00,2025-12-15 17:27:00+00:00,prob_floor,-0.3630100421076391,59.0,87000.9,86193.46,0.0008912551479354214,-0.0586465197486461,-0.009280823531710447,0.011410030412980054,-0.4199095847875234
BTC/USDT,2025-12-15 16:28:00+00:00,2025-12-15 17:28:00+00:00,time_limit,-0.3614900009999956,60.0,87000.9,86208.0,0.0008912551479354214,-0.0586465197486461,-0.009113698823805194,0.011239444135114907,-0.42000742390497403
BTC/USDT,,2025-12-15 17:29:00+00:00,dry_run,0.0,,,86194.42,,,,0.011398765720565196,-0.41991604560944895
BTC/USDT,2025-12-15 17:29:00+00:00,2025-12-15 17:30:00+00:00,prob_floor,-0.0384882544674285,1.0,86194.42,86186.01,0.011398765720565196,-0.41991604560944895,-9.757012112854291e-05,0.011497457650029297,-0.41985944122485774
BTC/USDT,2025-12-15 17:29:00+00:00,2025-12-15 17:31:00+00:00,prob_floor,-0.1174732636618695,2.0,86194.42,86123.4,0.011398765720565196,-0.41991604560944895,-0.0008239512488164014,0.014026849845686584,-0.419437690569578
BTC/USDT,2025-12-15 17:29:00+00:00,2025-12-15 17:32:00+00:00,prob_floor,-0.1923989900791275,3.0,86194.42,85908.38,0.011398765720565196,-0.41991604560944895,-0.003318544286277425,0.01656485665309937,-0.4179846017350112
BTC/USDT,2025-12-15 17:29:00+00:00,2025-12-15 17:33:00+00:00,prob_floor,-0.1988732731728522,4.0,86194.42,85817.67,0.011398765720565196,-0.41991604560944895,-0.0043709325963328105,0.01763937426872575,-0.417369406556948
BTC/USDT,2025-12-15 17:29:00+00:00,2025-12-15 17:34:00+00:00,prob_floor,-0.3162716015882952,5.0,86194.42,85802.02,0.011398765720565196,-0.41991604560944895,-0.004552498874056954,0.01782498826950696,-0.4172631366953832
BTC/USDT,2025-12-15 17:29:00+00:00,2025-12-15 17:35:00+00:00,prob_floor,-0.1858782716520534,6.0,86194.42,85887.48,0.011398765720565196,-0.41991604560944895,-0.0035610193792127154,0.01681222920965908,-0.41784297315510943
BTC/USDT,2025-12-15 17:29:00+00:00,2025-12-15 17:36:00+00:00,prob_floor,-0.1984432731225148,7.0,86194.42,85828.01,0.011398765720565196,-0.41991604560944895,-0.00425097123456486,0.017516775700613385,-0.41743959809856945
BTC/USDT,2025-12-15 17:29:00+00:00,2025-12-15 17:37:00+00:00,prob_floor,-0.2243182761533187,8.0,86194.42,85802.67,0.011398765720565196,-0.41991604560944895,-0.004544957782649961,0.017817277714085256,-0.4172675512312146
BTC/USDT,2025-12-15 17:29:00+00:00,2025-12-15 17:38:00+00:00,prob_floor,-0.2392882779084646,9.0,86194.42,85751.13,0.011398765720565196,-0.41991604560944895,-0.005142908322835704,0.01842902828219284,-0.4169173047632142
BTC/USDT,2025-12-15 17:29:00+00:00,2025-12-15 17:39:00+00:00,prob_floor,-0.2153182750987112,10.0,86194.42,85721.19,0.011398765720565196,-0.41991604560944895,-0.005490262594724737,0.0187847368894436,-0.4167136503821284
BTC/USDT,2025-12-15 17:29:00+00:00,2025-12-15 17:40:00+00:00,prob_floor,-0.1816382711560601,11.0,86194.42,85769.13,0.011398765720565196,-0.41991604560944895,-0.004934078099255057,0.018215294943530358,-0.41703967383136575
BTC/USDT,2025-12-15 17:29:00+00:00,2025-12-15 17:41:00+00:00,prob_floor,-0.1406382663648583,12.0,86194.42,85836.48,0.011398765720565196,-0.41991604560944895,-0.004152705012691049,0.01741637122118722,-0.4174970828253908
BTC/USDT,2025-12-15 17:29:00+00:00,2025-12-15 17:42:00+00:00,prob_floor,-0.138298266091674,13.0,86194.42,85965.38,0.011398765720565196,-0.41991604560944895,-0.002657248578272209,0.04332860507334457,-0.41837051147799265
BTC/USDT,2025-12-15 17:29:00+00:00,2025-12-15 17:43:00+00:00,prob_floor,-0.1787332708162858,14.0,86194.42,85923.16,0.011398765720565196,-0.41991604560944895,-0.0031470714693595525,0.04384126468346827,-0.4180847166235506
BTC/USDT,2025-12-15 17:29:00+00:00,2025-12-15 17:44:00+00:00,prob_floor,-0.1547432680121049,15.0,86194.42,85848.92,0.011398765720565196,-0.41991604560944895,-0.0040083801248387285,0.044743952515651886,-0.4175814908329656
BTC/USDT,2025-12-15 17:29:00+00:00,2025-12-15 17:46:00+00:00,prob_floor,-0.1998582732881637,17.0,86194.42,85957.16,0.011398765720565196,-0.41991604560944895,-0.0027526143803739966,0.043428377577853894,-0.4183148908130515
BTC/USDT,2025-12-15 17:29:00+00:00,2025-12-15 17:48:00+00:00,prob_floor,-0.1683332696002534,19.0,86194.42,85868.04,0.011398765720565196,-0.41991604560944895,-0.0037865560206797877,0.044511322256802544,-0.41771117635851474
BTC/USDT,2025-12-15 17:29:00+00:00,2025-12-15 17:50:00+00:00,prob_floor,-0.2864182834421859,21.0,86194.42,85796.41,0.011398765720565196,-0.41991604560944895,-0.004617584293739596,0.045383367439266964,-0.41722503307539327
BTC/USDT,2025-12-15 17:29:00+00:00,2025-12-15 17:51:00+00:00,prob_floor,-0.275878282203582,22.0,86194.42,85626.93,0.011398765720565196,-0.41991604560944895,-0.006583836865541981,0.04745247785947715,-0.41607155599295687
BTC/USDT,2025-12-15 17:29:00+00:00,2025-12-15 17:52:00+00:00,prob_floor,-0.2043482738138591,23.0,86194.42,85606.48,0.011398765720565196,-0.41991604560944895,-0.0068210912028876525,0.04770269727244947,-0.41593206495583046
BTC/USDT,2025-12-15 17:29:00+00:00,2025-12-15 17:53:00+00:00,prob_floor,-0.2018732735240694,24.0,86194.42,85791.07,0.011398765720565196,-0.41991604560944895,-0.004679537260068423,0.04544843653307962,-0.4171887586901528
BTC/USDT,2025-12-15 17:29:00+00:00,2025-12-15 17:54:00+00:00,prob_floor,-0.2048032738671393,25.0,86194.42,85796.01,0.011398765720565196,-0.41991604560944895,-0.004622224965374788,0.045388241248048855,-0.4172223160494293
BTC/USDT,2025-12-15 17:29:00+00:00,2025-12-15 17:56:00+00:00,prob_floor,-0.2446732785401116,27.0,86194.42,85683.01,0.011398765720565196,-0.41991604560944895,-0.005933214702297462,0.04676691446764081,-0.4164537403622959
BTC/USDT,2025-12-15 17:29:00+00:00,2025-12-15 17:57:00+00:00,prob_floor,-0.2459032786844232,28.0,86194.42,85710.42,0.011398765720565196,-0.41991604560944895,-0.005615212678500514,0.04643216075711676,-0.41664035714677394
BTC/USDT,2025-12-15 17:29:00+00:00,2025-12-15 17:59:00+00:00,prob_floor,-0.2749932820996074,30.0,86194.42,85724.92,0.011398765720565196,-0.41991604560944895,-0.005446988331727298,0.04625516127632423,-0.4167390299110224
BTC/USDT,2025-12-15 17:29:00+00:00,2025-12-15 18:00:00+00:00,prob_floor,-0.2234132760472532,31.0,86194.42,85649.77,0.011398765720565196,-0.41991604560944895,-0.00631885451517622,0.04717315644863951,-0.41622727066284015
BTC/USDT,2025-12-15 17:29:00+00:00,2025-12-15 18:01:00+00:00,prob_floor,-0.2283082766209936,32.0,86194.42,85752.93,0.011398765720565196,-0.41991604560944895,-0.005122025300477784,0.04591341660279147,-0.4169295439817624
BTC/USDT,2025-12-15 17:29:00+00:00,2025-12-15 18:02:00+00:00,prob_floor,-0.2233732760425644,33.0,86194.42,85678.49,0.011398765720565196,-0.41991604560944895,-0.005985654291774223,0.04682213703812943,-0.4164229551664601
BTC/USDT,2025-12-15 17:29:00+00:00,2025-12-15 18:03:00+00:00,prob_floor,-0.4720668814240044,34.0,86194.42,85753.01,0.011398765720565196,-0.41991604560944895,-0.005121097166150723,0.04591244085776114,-0.41693008793510566
BTC/USDT,2025-12-15 17:29:00+00:00,2025-12-15 18:05:00+00:00,prob_floor,-0.2170532753019822,36.0,86194.42,85769.07,0.011398765720565196,-0.41991604560944895,-0.004934774200000325,0.045716596903755624,-0.07892227349556213
BTC/USDT,2025-12-15 17:29:00+00:00,2025-12-15 18:07:00+00:00,gate_close,-0.1557982681353573,38.0,86194.42,85825.36,0.011398765720565196,-0.41991604560944895,-0.00428171568414748,0.045030746157079804,-0.0795263777512848
BTC/USDT,2025-12-15 17:29:00+00:00,2025-12-15 18:08:00+00:00,gate_close,-0.1931082724980683,39.0,86194.42,85888.16,0.011398765720565196,-0.41991604560944895,-0.0035531302374329776,0.04426663698465538,-0.08019941281778542
BTC/USDT,2025-12-15 17:29:00+00:00,2025-12-15 18:10:00+00:00,gate_close,-0.1333482655139158,41.0,86194.42,85956.18,0.011398765720565196,-0.41991604560944895,-0.002763984025880184,0.04344027386977878,-0.08092728178474196
BTC/USDT,2025-12-15 17:29:00+00:00,2025-12-15 18:24:00+00:00,prob_floor,-0.2608782804419151,55.0,86194.42,85750.38,0.011398765720565196,-0.41991604560944895,-0.005151609582151551,0.045944519429534925,-0.07872151703584296
BTC/USDT,2025-12-15 17:29:00+00:00,2025-12-15 18:25:00+00:00,prob_floor,-0.3108782863189415,56.0,86194.42,85678.01,0.011398765720565196,-0.41991604560944895,-0.0059912230977364755,0.04682800172412982,-0.07794333691923983
BTC/USDT,2025-12-15 17:29:00+00:00,2025-12-15 18:27:00+00:00,prob_floor,-0.2710832816403107,58.0,86194.42,85581.99,0.011398765720565196,-0.41991604560944895,-0.007105216323748054,0.0480025061347602,-0.0769088215873458
BTC/USDT,2025-12-15 17:29:00+00:00,2025-12-15 18:28:00+00:00,prob_floor,-0.299074403635134,59.0,86194.42,85699.8,0.011398765720565196,-0.41991604560944895,-0.0057384225104130104,0.04656183561688598,-0.07817777871126896
BTC/USDT,2025-12-15 17:29:00+00:00,2025-12-15 18:30:00+00:00,time_limit,-0.3559532509999991,61.0,86194.42,85494.07,0.011398765720565196,-0.41991604560944895,-0.00812523594914838,0.049080246150405404,-0.07595953731059957
BTC/USDT,,2025-12-15 18:47:00+00:00,dry_run,0.0,,,85811.67,,,,0.04519734903189754,-0.29555443915728474
BTC/USDT,2025-12-15 18:47:00+00:00,2025-12-15 18:48:00+00:00,gate_close,-0.0267142141102149,1.0,85811.67,85892.11,0.04519734903189754,-0.29555443915728474,0.000937401637795876,0.0442184969026842,-0.2962141691477832
BTC/USDT,2025-12-15 18:47:00+00:00,2025-12-15 18:49:00+00:00,take_profit,0.0043007895011488,2.0,85811.67,85855.89,0.04519734903189754,-0.29555443915728474,0.0005153145254019886,0.04465902106425079,-0.295917263218633
BTC/USDT,2025-12-15 18:47:00+00:00,2025-12-15 18:50:00+00:00,gate_close,-0.061360015710716,3.0,85811.67,85917.91,0.04519734903189754,-0.29555443915728474,0.0012380600447468026,0.04390493204501844,-0.29642550662603406
BTC/USDT,2025-12-15 18:47:00+00:00,2025-12-15 18:51:00+00:00,gate_close,-0.0232792137099914,4.0,85811.67,85802.04,0.04519734903189754,-0.29555443915728474,-0.00011222249840847631,0.045314656854312796,-0.29547537564374915
BTC/USDT,2025-12-15 18:47:00+00:00,2025-12-15 18:52:00+00:00,trailing_prob_drop,-0.0040042114653684,5.0,85811.67,85862.75,0.04519734903189754,-0.29555443915728474,0.0005952570320564288,0.04457555808543301,-0.2959735158727155
BTC/USDT,2025-12-15 18:47:00+00:00,2025-12-15 18:53:00+00:00,take_profit,0.0205407880000046,6.0,85811.67,85901.31,0.04519734903189754,-0.29555443915728474,0.0010446131627550592,0.04410666147000564,-0.2962895443620126
BTC/USDT,,2025-12-15 18:55:00+00:00,dry_run,0.0,,,85999.98,,,,0.042908730909007264,-0.2970969295574254
BTC/USDT,2025-12-15 18:55:00+00:00,2025-12-15 18:56:00+00:00,take_profit,0.1253950165332835,1.0,85999.98,86195.26,0.042908730909007264,-0.2970969295574254,0.0022706982024880418,0.040545965056547395,-0.2986893942891987
BTC/USDT,2025-12-15 18:55:00+00:00,2025-12-15 18:57:00+00:00,take_profit,0.1061750143112727,2.0,85999.98,86230.81,0.042908730909007264,-0.2970969295574254,0.0026840703916442,0.04011698370918704,-0.2989785205543123
BTC/USDT,2025-12-15 18:55:00+00:00,2025-12-15 18:58:00+00:00,take_profit,0.0841000009999971,3.0,85999.98,86229.56,0.042908730909007264,-0.2970969295574254,0.0026695355045431857,0.04013206144157544,-0.29896835841444624
BTC/USDT,,2025-12-15 18:59:00+00:00,dry_run,0.0,,,86193.81,,,,0.0405634696969539,-0.29867759645385206
BTC/USDT,2025-12-15 18:59:00+00:00,2025-12-15 19:00:00+00:00,take_profit,0.1601019915234918,1.0,86193.81,86080.27,0.0405634696969539,-0.29867759645385206,-0.0013172639659390084,0.04193597441086094,-0.29775255119436783
BTC/USDT,2025-12-15 18:59:00+00:00,2025-12-15 19:01:00+00:00,take_profit,0.1988519959860153,2.0,86193.81,86417.71,0.0405634696969539,-0.29867759645385206,0.002597634331282128,0.03786746952679021,-0.3004946555515068
BTC/USDT,2025-12-15 18:59:00+00:00,2025-12-15 19:04:00+00:00,take_profit,0.1295719720000003,5.0,86193.81,86501.43,0.0405634696969539,-0.29867759645385206,0.0035689337784232666,0.03686297440400721,-0.3011716684914919
BTC/USDT,,2025-12-15 19:25:00+00:00,dry_run,0.0,,,86250.01,,,,0.00874852072480925,-0.2991345740133826
BTC/USDT,2025-12-15 19:25:00+00:00,2025-12-15 19:29:00+00:00,gate_close,-0.0489800056823544,4.0,86250.01,86123.53,0.00874852072480925,-0.2991345740133826,-0.0014664346125872196,0.01022995690028039,-0.29810529131817975
BTC/USDT,2025-12-15 19:25:00+00:00,2025-12-15 19:30:00+00:00,take_profit,0.0102399990000052,5.0,86250.01,86168.48,0.00874852072480925,-0.2991345740133826,-0.0009452752527217001,0.009702967953014952,-0.2984714364231561
BTC/USDT,,2025-12-15 19:33:00+00:00,dry_run,0.0,,,86225.06,,,,0.009040411221517441,-0.06854422600575749
BTC/USDT,2025-12-15 19:33:00+00:00,2025-12-15 19:34:00+00:00,take_profit,0.0134424775576444,1.0,86225.06,86309.17,0.009040411221517441,-0.06854422600575749,0.0009754704722733099,0.00805708130433902,-0.0694519481533653
BTC/USDT,2025-12-15 19:33:00+00:00,2025-12-15 19:35:00+00:00,take_profit,0.0104024772056331,2.0,86225.06,86319.41,0.009040411221517441,-0.06854422600575749,0.001094229450231854,0.007937496329041283,-0.06956233829679792
BTC/USDT,2025-12-15 19:33:00+00:00,2025-12-15 19:38:00+00:00,trailing_prob_drop,-0.0153875257827867,5.0,86225.06,86255.01,0.009040411221517441,-0.06854422600575749,0.0003473468154153725,0.008690045946316838,-0.06886765186161348
BTC/USDT,2025-12-15 19:33:00+00:00,2025-12-15 19:39:00+00:00,prob_floor,-0.0293325274001538,6.0,86225.06,86261.74,0.009040411221517441,-0.06854422600575749,0.0004253983702651176,0.008611349597167806,-0.06894029728591144
BTC/USDT,2025-12-15 19:33:00+00:00,2025-12-15 19:40:00+00:00,prob_floor,-0.026197527036472,7.0,86225.06,86233.86,0.009040411221517441,-0.06854422600575749,0.00010205849668309952,0.008305090367055179,-0.0909711104199672
BTC/USDT,2025-12-15 19:33:00+00:00,2025-12-15 19:41:00+00:00,prob_floor,-0.04025752866799,8.0,86225.06,86221.86,0.009040411221517441,-0.06854422600575749,-3.711218061197563e-05,0.008445422077417497,-0.09084459555848123
BTC/USDT,2025-12-15 19:33:00+00:00,2025-12-15 19:42:00+00:00,trailing_prob_drop,-0.0337925279176676,9.0,86225.06,86212.0,0.009040411221517441,-0.06854422600575749,-0.00015146408712263248,0.0055201132092979055,-0.09074061615552353
BTC/USDT,2025-12-15 19:33:00+00:00,2025-12-15 19:43:00+00:00,trailing_prob_drop,-0.0452625292490263,10.0,86225.06,86224.93,0.009040411221517441,-0.06854422600575749,-1.5076823374204906e-06,0.005369328800846729,-0.0908769656293138
BTC/USDT,2025-12-15 19:33:00+00:00,2025-12-15 19:44:00+00:00,trailing_prob_drop,-0.0676725318523004,11.0,86225.06,86217.15,0.009040411221517441,-0.06854422600575749,-9.17366714503487e-05,0.005460050581583831,-0.09079492885116225
BTC/USDT,2025-12-15 19:33:00+00:00,2025-12-15 19:45:00+00:00,trailing_prob_drop,-0.1235425383542901,12.0,86225.06,86157.17,0.009040411221517441,-0.06854422600575749,-0.0007873581067963098,0.006160021272750615,-0.09016196794764719
BTC/USDT,2025-12-15 19:33:00+00:00,2025-12-15 19:46:00+00:00,prob_floor,-0.2707785917679673,13.0,86225.06,86045.44,0.009040411221517441,-0.06854422600575749,-0.002083153087976908,0.007466520015470879,-0.08898054330363114
BTC/USDT,2025-12-15 19:33:00+00:00,2025-12-15 19:47:00+00:00,prob_floor,-0.0969525352577114,14.0,86225.06,85975.5,0.009040411221517441,-0.06854422600575749,-0.0028942861854778235,0.008286081499962128,-0.11184465341870642
BTC/USDT,2025-12-15 19:33:00+00:00,2025-12-15 19:48:00+00:00,prob_floor,-0.0835575336992409,15.0,86225.06,86098.61,0.009040411221517441,-0.06854422600575749,-0.001466511011995797,0.0068443613665771785,-0.11533182707595402
BTC/USDT,2025-12-15 19:33:00+00:00,2025-12-15 19:49:00+00:00,prob_floor,-0.0926525347573066,16.0,86225.06,86125.41,0.009040411221517441,-0.06854422600575749,-0.0011556964993703067,0.006531057442861421,-0.11560711292985437
BTC/USDT,2025-12-15 19:33:00+00:00,2025-12-15 19:50:00+00:00,prob_floor,-0.1102575368066818,17.0,86225.06,86107.22,0.009040411221517441,-0.06854422600575749,-0.0013666560510365855,0.004719464871819179,-0.1154202864753967
BTC/USDT,2025-12-15 19:33:00+00:00,2025-12-15 19:51:00+00:00,prob_floor,-0.0932625348282883,18.0,86225.06,86061.05,0.009040411221517441,-0.06854422600575749,-0.001902115231929069,0.00525847639553545,-0.11494572748066645
BTC/USDT,2025-12-15 19:33:00+00:00,2025-12-15 19:52:00+00:00,prob_floor,-0.0483125296031751,19.0,86225.06,86106.0,0.009040411221517441,-0.06854422600575749,-0.0013808050698950192,0.0047337003228580254,-0.11540775323438557
BTC/USDT,2025-12-15 19:33:00+00:00,2025-12-15 19:53:00+00:00,prob_floor,-0.0346075280122325,20.0,86225.06,86195.89,0.009040411221517441,-0.06854422600575749,-0.0003383007213911826,0.0036859066018113396,-0.11633025658183938
BTC/USDT,2025-12-15 19:33:00+00:00,2025-12-15 19:54:00+00:00,trailing_prob_drop,-0.054127530278523,21.0,86225.06,86195.49,0.009040411221517441,-0.06854422600575749,-0.0003429397439675963,0.003690564320708578,-0.12239480279072612
BTC/USDT,2025-12-15 19:33:00+00:00,2025-12-15 19:55:00+00:00,trailing_prob_drop,-0.052157530049711,22.0,86225.06,86184.26,0.009040411221517441,-0.06854422600575749,-0.00047318030280296686,0.003821347424692201,-0.12858856129878005
BTC/USDT,2025-12-15 19:33:00+00:00,2025-12-15 19:56:00+00:00,trailing_prob_drop,-0.054257530293613,23.0,86225.06,86188.21,0.009040411221517441,-0.06854422600575749,-0.00042736995485992413,0.003775342358310896,-0.12862849802774656
BTC/USDT,2025-12-15 19:33:00+00:00,2025-12-15 19:57:00+00:00,trailing_prob_drop,-0.0337025279072127,24.0,86225.06,86184.01,0.009040411221517441,-0.06854422600575749,-0.00047607969191321153,0.003824259279650688,-0.1285860335345269
BTC/USDT,2025-12-15 19:33:00+00:00,2025-12-15 19:58:00+00:00,trailing_prob_drop,-0.0572375306397853,25.0,86225.06,86200.0,0.009040411221517441,-0.06854422600575749,-0.0002906347644175966,0.0036380510440836566,-0.12874767981438517
BTC/USDT,2025-12-15 19:33:00+00:00,2025-12-15 19:59:00+00:00,trailing_prob_drop,-0.1303075391427259,26.0,86225.06,86178.05,0.009040411221517441,-0.06854422600575749,-0.00054520112830303,0.0038936829041733567,-0.1285257672922514
BTC/USDT,2025-12-15 19:33:00+00:00,2025-12-15 20:00:00+00:00,prob_floor,-0.1812575450887312,27.0,86225.06,86031.91,0.009040411221517441,-0.06854422600575749,-0.002240068026627018,0.005598969033699275,-0.12704541838022665
BTC/USDT,2025-12-15 19:33:00+00:00,2025-12-15 20:01:00+00:00,prob_floor,-0.1074925364847018,28.0,86225.06,85930.01,0.009040411221517441,-0.06854422600575749,-0.003421859027990304,0.006791457373274135,-0.12601022622946279
BTC/USDT,2025-12-15 19:33:00+00:00,2025-12-15 20:02:00+00:00,trailing_prob_drop,-0.1553925420684573,29.0,86225.06,86077.53,0.009040411221517441,-0.06854422600575749,-0.001710987501777339,0.005066014324528245,-0.12750807324513147
BTC/USDT,2025-12-15 19:33:00+00:00,2025-12-15 20:03:00+00:00,prob_floor,-0.0674325318244156,30.0,86225.06,85976.54,0.009040411221517441,-0.06854422600575749,-0.0028822247267790146,0.006246587731955966,-0.12648322437725446
BTC/USDT,2025-12-15 19:33:00+00:00,2025-12-15 20:04:00+00:00,trailing_prob_drop,-0.0723825323997839,31.0,86225.06,86157.66,0.009040411221517441,-0.06854422600575749,-0.0007816753041400837,0.004131263546387043,-0.1283195249267448
BTC/USDT,2025-12-15 19:33:00+00:00,2025-12-15 20:05:00+00:00,trailing_prob_drop,-0.1907425461972166,32.0,86225.06,86147.75,0.009040411221517441,-0.06854422600575749,-0.0008966070884728339,0.004246773711443552,-0.12821925122826772
BTC/USDT,2025-12-15 19:33:00+00:00,2025-12-15 20:06:00+00:00,prob_floor,-0.1898725460955192,33.0,86225.06,85915.35,0.009040411221517441,-0.06854422600575749,-0.003591879205418813,0.0069632492913083155,-0.1258610946705101
BTC/USDT,2025-12-15 19:33:00+00:00,2025-12-15 20:07:00+00:00,prob_floor,-0.1641775430938723,34.0,86225.06,85912.78,0.009040411221517441,-0.06854422600575749,-0.003621684925472879,0.0069933716497128096,-0.12583494562741426
BTC/USDT,2025-12-15 19:33:00+00:00,2025-12-15 20:08:00+00:00,prob_floor,-0.1905119737722501,35.0,86225.06,85964.17,0.009040411221517441,-0.06854422600575749,-0.0030256864999571587,0.006391383759070779,-0.12635752779326548
BTC/USDT,2025-12-15 19:33:00+00:00,2025-12-15 20:09:00+00:00,prob_floor,-0.1929625464567409,36.0,86225.06,85915.73,0.009040411221517441,-0.06854422600575749,-0.003587472133971259,0.006958795554667496,-0.12586496093323074
BTC/USDT,2025-12-15 19:33:00+00:00,2025-12-15 20:10:00+00:00,prob_floor,-0.2259325503140618,37.0,86225.06,85906.59,0.009040411221517441,-0.06854422600575749,-0.0036934737998443046,0.00706593056481486,-0.1257719576577303
BTC/USDT,2025-12-15 19:33:00+00:00,2025-12-15 20:11:00+00:00,prob_floor,-0.2398925519490953,38.0,86225.06,85840.65,0.009040411221517441,-0.06854422600575749,-0.004458216671580195,0.007839525912257228,-0.125100404062644
BTC/USDT,2025-12-15 19:33:00+00:00,2025-12-15 20:13:00+00:00,prob_floor,-0.2566625539146415,40.0,86225.06,85779.19,0.009040411221517441,-0.06854422600575749,-0.005171002490459209,0.008561633654969203,-0.12447354655598875
BTC/USDT,2025-12-15 19:33:00+00:00,2025-12-15 20:14:00+00:00,prob_floor,-0.248305115397222,41.0,86225.06,85814.33,0.009040411221517441,-0.06854422600575749,-0.0047634643571137225,0.008148639044318173,-0.12483206476121189
BTC/USDT,2025-12-15 19:33:00+00:00,2025-12-15 20:15:00+00:00,prob_floor,-0.247322552819752,42.0,86225.06,85797.74,0.009040411221517441,-0.06854422600575749,-0.0049558678184740135,0.008343576415882348,-0.12466284076946554
BTC/USDT,2025-12-15 19:33:00+00:00,2025-12-15 20:16:00+00:00,prob_floor,-0.2975475587130882,43.0,86225.06,85797.88,0.009040411221517441,-0.06854422600575749,-0.004954244160572219,0.008341931059368868,-0.12466426909382855
BTC/USDT,2025-12-15 19:33:00+00:00,2025-12-15 20:17:00+00:00,prob_floor,-0.2837075570877358,44.0,86225.06,85697.42,0.009040411221517441,-0.06854422600575749,-0.006119334680660171,0.009523974000617663,-0.12363814453223909
BTC/USDT,2025-12-15 19:33:00+00:00,2025-12-15 20:18:00+00:00,prob_floor,-0.2761775562038661,45.0,86225.06,85725.1,0.009040411221517441,-0.06854422600575749,-0.005798314318366304,0.00919800618488642,-0.12392111528595484
BTC/USDT,2025-12-15 19:33:00+00:00,2025-12-15 20:19:00+00:00,prob_floor,-0.3175675610660622,46.0,86225.06,85740.17,0.009040411221517441,-0.06854422600575749,-0.005623539142796785,0.009020625921315695,-0.12407509805497241
BTC/USDT,2025-12-15 19:33:00+00:00,2025-12-15 20:20:00+00:00,prob_floor,-0.3135975605992868,47.0,86225.06,85657.39,0.009040411221517441,-0.06854422600575749,-0.006583584865003211,0.009995751680036191,-0.12322859708893774
BTC/USDT,2025-12-15 19:33:00+00:00,2025-12-15 20:21:00+00:00,prob_floor,-0.3157725608550054,48.0,86225.06,85662.75,0.009040411221517441,-0.06854422600575749,-0.00652142196247818,0.00993255528219672,-0.12328345751216252
BTC/USDT,2025-12-15 19:33:00+00:00,2025-12-15 20:22:00+00:00,prob_floor,-0.2806375567273422,49.0,86225.06,85665.32,0.009040411221517441,-0.06854422600575749,-0.006491616242424114,0.009902256829251277,-0.12330975942189915
BTC/USDT,2025-12-15 19:33:00+00:00,2025-12-15 20:23:00+00:00,prob_floor,-0.2267525504100728,50.0,86225.06,85725.9,0.009040411221517441,-0.06854422600575749,-0.005789036273213366,0.009188588279621657,-0.1239292909144144
BTC/USDT,2025-12-15 19:33:00+00:00,2025-12-15 20:25:00+00:00,trailing_prob_drop,-0.2364875515501952,52.0,86225.06,85819.54,0.009040411221517441,-0.06854422600575749,-0.004703041088054971,0.008087435565373724,-0.12488519514320395
BTC/USDT,2025-12-15 19:33:00+00:00,2025-12-15 20:27:00+00:00,trailing_prob_drop,-0.2408875520656611,54.0,86225.06,85865.83,0.009040411221517441,-0.06854422600575749,-0.004166190200389441,0.007543978786439309,-0.12535696679342645
BTC/USDT,2025-12-15 19:33:00+00:00,2025-12-15 20:28:00+00:00,trailing_prob_drop,-0.2718275556934063,55.0,86225.06,85830.08,0.009040411221517441,-0.06854422600575749,-0.004580802843164089,0.00796364165103891,-0.1249926599159642
BTC/USDT,2025-12-15 19:33:00+00:00,2025-12-15 20:30:00+00:00,prob_floor,-0.2582925541057824,57.0,86225.06,85713.44,0.009040411221517441,-0.06854422600575749,-0.0059335418264713224,0.009335292108215487,-0.12380193817912344
BTC/USDT,2025-12-15 19:33:00+00:00,2025-12-15 20:31:00+00:00,trailing_prob_drop,-0.2269175504293935,58.0,86225.06,85775.93,0.009040411221517441,-0.06854422600575749,-0.005208810524457763,0.008599965048470049,-0.12444027129755397
BTC/USDT,2025-12-15 19:33:00+00:00,2025-12-15 20:32:00+00:00,trailing_prob_drop,-0.1832675453236026,59.0,86225.06,85838.68,0.009040411221517441,-0.06854422600575749,-0.004481063857769474,0.007862655856311074,-0.12508032509353584
BTC/USDT,2025-12-15 19:33:00+00:00,2025-12-15 20:33:00+00:00,time_limit,-0.1745325249999988,60.0,86225.06,85924.71,0.009040411221517441,-0.06854422600575749,-0.0034833260771287566,0.006853558190653253,-0.1259563168732255
BTC/USDT,,2025-12-15 20:37:00+00:00,dry_run,0.0,,,85927.79,,,,0.0034167060505105873,-0.12598764613869384
BTC/USDT,2025-12-15 20:37:00+00:00,2025-12-15 20:38:00+00:00,take_profit,0.0278662062379898,1.0,85927.79,85987.97,0.0034167060505105873,-0.12598764613869384,0.0007003554961673153,0.002714449474734648,-0.12659933709331672
BTC/USDT,2025-12-15 20:37:00+00:00,2025-12-15 20:50:00+00:00,trailing_prob_drop,-0.0542838033177342,13.0,85927.79,85896.63,0.0034167060505105873,-0.12598764613869384,-0.0003626300641502711,0.0037807071127238245,-0.12567058800793474
BTC/USDT,2025-12-15 20:37:00+00:00,2025-12-15 20:51:00+00:00,trailing_prob_drop,-0.036538801250526,14.0,85927.79,85868.98,0.0034167060505105873,-0.12598764613869384,-0.0006844118765302332,0.00410392670321702,-0.125389052018552
BTC/USDT,2025-12-15 20:37:00+00:00,2025-12-15 20:52:00+00:00,trailing_prob_drop,-0.9696110309043308,15.0,85927.79,85920.0,0.0034167060505105873,-0.12598764613869384,-9.065751603754002e-05,0.003507681564245857,-0.1259084031657356
BTC/USDT,2025-12-15 20:37:00+00:00,2025-12-15 20:55:00+00:00,trailing_prob_drop,-0.0454788022917847,18.0,85927.79,85918.41,0.0034167060505105873,-0.12598764613869384,-0.0001091614249590922,0.0035262524062071865,-0.1258922272886568
BTC/USDT,2025-12-15 20:37:00+00:00,2025-12-15 20:56:00+00:00,trailing_prob_drop,-0.0454288022859497,19.0,85927.79,85853.97,0.0034167060505105873,-0.12598764613869384,-0.0008590934318221111,0.005275003590399008,-0.12523614225410895
BTC/USDT,2025-12-15 20:37:00+00:00,2025-12-15 20:57:00+00:00,trailing_prob_drop,-0.0491738027222706,20.0,85927.79,85914.33,0.0034167060505105873,-0.12598764613869384,-0.00015664315351282543,0.004568853647581195,-0.12585071663830705
BTC/USDT,2025-12-15 20:37:00+00:00,2025-12-15 20:58:00+00:00,trailing_prob_drop,-0.0775988060363939,21.0,85927.79,85906.84,0.0034167060505105873,-0.12598764613869384,-0.0002438093659804519,0.0046564394639589946,-0.12577450177424754
BTC/USDT,2025-12-15 20:37:00+00:00,2025-12-15 20:59:00+00:00,prob_floor,-0.0973338083399253,22.0,85927.79,85850.0,0.0034167060505105873,-0.12598764613869384,-0.0009052950157334427,0.005321607454863209,-0.12519569015725107
BTC/USDT,2025-12-15 20:37:00+00:00,2025-12-15 21:00:00+00:00,prob_floor,-0.1180638107618894,23.0,85927.79,85810.53,0.0034167060505105873,-0.12598764613869384,-0.0013646341887763036,0.005784022077476969,-0.12479330916613618
BTC/USDT,2025-12-15 20:37:00+00:00,2025-12-15 21:02:00+00:00,prob_floor,-0.1424188136103454,25.0,85927.79,85750.0,0.0034167060505105873,-0.12598764613869384,-0.002069062872442018,0.00649399416909624,-0.023552419825072834
BTC/USDT,2025-12-15 20:37:00+00:00,2025-12-15 21:03:00+00:00,prob_floor,-0.1655988163243979,26.0,85927.79,85720.36,0.0034167060505105873,-0.12598764613869384,-0.0024140036651704166,0.0068420151291945785,-0.023214788178677725
BTC/USDT,2025-12-15 20:37:00+00:00,2025-12-15 21:04:00+00:00,prob_floor,-0.1525938148013362,27.0,85927.79,85700.0,0.0034167060505105873,-0.12598764613869384,-0.00265094680079625,0.007081213535589326,-0.022982730455075817
BTC/USDT,2025-12-15 20:37:00+00:00,2025-12-15 21:06:00+00:00,prob_floor,-0.2937141692225999,29.0,85927.79,85656.33,0.0034167060505105873,-0.12598764613869384,-0.0031591642238208983,0.0075946517904748045,-0.0020102425588395256
BTC/USDT,2025-12-15 20:37:00+00:00,2025-12-15 21:07:00+00:00,prob_floor,-0.2169488223472475,30.0,85927.79,85509.18,0.0034167060505105873,-0.12598764613869384,-0.004871648624967584,0.009328589047398195,-0.0002928340559457121
BTC/USDT,2025-12-15 20:37:00+00:00,2025-12-15 21:08:00+00:00,prob_floor,-0.2177307155527806,31.0,85927.79,85571.3,0.0034167060505105873,-0.12598764613869384,-0.004148716032380095,0.008595872681611771,-0.00101856580418902
BTC/USDT,2025-12-15 20:37:00+00:00,2025-12-15 21:09:00+00:00,prob_floor,-0.3281306618225955,32.0,85927.79,85575.45,0.0034167060505105873,-0.12598764613869384,-0.004100419666326793,0.008546960606108378,-0.0010670116254135609
BTC/USDT,2025-12-15 20:37:00+00:00,2025-12-15 21:10:00+00:00,prob_floor,-0.2025938206620851,33.0,85927.79,85509.18,0.0034167060505105873,-0.12598764613869384,-0.004871648624967584,0.009328589047398195,-0.0002928340559457121
BTC/USDT,2025-12-15 20:37:00+00:00,2025-12-15 21:11:00+00:00,prob_floor,-0.1876088189041816,34.0,85927.79,85600.0,0.0034167060505105873,-0.12598764613869384,-0.003814714657504825,0.008257710280373809,-0.0013535046728971878
BTC/USDT,2025-12-15 20:37:00+00:00,2025-12-15 21:12:00+00:00,prob_floor,-0.1772238176866282,35.0,85927.79,85629.97,0.0034167060505105873,-0.12598764613869384,-0.003465933430849222,0.007904825845437058,-0.0017030252375423993
BTC/USDT,2025-12-15 20:37:00+00:00,2025-12-15 21:13:00+00:00,prob_floor,-0.3087041709227922,36.0,85927.79,85650.74,0.0034167060505105873,-0.12598764613869384,-0.0032242188470108513,0.0076604125078194585,-0.0019451087054239702
BTC/USDT,2025-12-15 20:37:00+00:00,2025-12-15 21:14:00+00:00,prob_floor,-0.1803538180535434,37.0,85927.79,85598.5,0.0034167060505105873,-0.12598764613869384,-0.003832171175355392,0.008275378657336185,-0.0013360047197088498
BTC/USDT,2025-12-15 20:37:00+00:00,2025-12-15 21:15:00+00:00,prob_floor,-0.1493638144231989,38.0,85927.79,85644.48,0.0034167060505105873,-0.12598764613869384,-0.0032970707148408662,0.00773406528943843,-0.0018721580188237885
BTC/USDT,2025-12-15 20:37:00+00:00,2025-12-15 21:16:00+00:00,prob_floor,-0.1449438139058464,39.0,85927.79,85706.46,0.0034167060505105873,-0.12598764613869384,-0.0025757673972528483,0.0070053062511272746,-0.0018130488646946885
BTC/USDT,2025-12-15 20:37:00+00:00,2025-12-15 21:17:00+00:00,trailing_prob_drop,-0.1176038107081216,40.0,85927.79,85729.86,0.0034167060505105873,-0.12598764613869384,-0.002303445718783048,0.006730443745038173,-0.0020855043971842457
BTC/USDT,2025-12-15 20:37:00+00:00,2025-12-15 21:18:00+00:00,trailing_prob_drop,-0.1082638096166215,41.0,85927.79,85769.99,0.0034167060505105873,-0.12598764613869384,-0.001836425677885889,0.0062594154435600124,-0.0025524078993129917
BTC/USDT,2025-12-15 20:37:00+00:00,2025-12-15 21:20:00+00:00,trailing_prob_drop,-0.0458588023360433,43.0,85927.79,85852.81,0.0034167060505105873,-0.12598764613869384,-0.0008725931389600428,0.00528870283919658,-0.003514619964098964
BTC/USDT,2025-12-15 20:37:00+00:00,2025-12-15 21:25:00+00:00,take_profit,0.0063312020000002,48.0,85927.79,85986.03,0.0034167060505105873,-0.12598764613869384,0.000677778399747142,0.003731187496387456,-0.0016981828327229387
BTC/USDT,,2025-12-15 21:26:00+00:00,dry_run,0.0,,,86017.84,,,,0.0033600006696286044,-0.0020673618402879956
BTC/USDT,2025-12-15 21:26:00+00:00,2025-12-15 21:27:00+00:00,take_profit,0.023841203769029,1.0,86017.84,86037.99,0.0033600006696286044,-0.0020673618402879956,0.00023425373155161466,0.003125014891677491,-0.0023010765360744756
BTC/USDT,2025-12-15 21:26:00+00:00,2025-12-15 21:28:00+00:00,take_profit,0.0212712034707564,2.0,86017.84,86103.88,0.0033600006696286044,-0.0020673618402879956,0.0010002576209773295,0.0023573850562830234,-0.0030645541176542723
BTC/USDT,2025-12-15 21:26:00+00:00,2025-12-15 21:29:00+00:00,take_profit,0.0409762000000017,3.0,86017.84,86097.77,0.0033600006696286044,-0.0020673618402879956,0.0009292258443132084,0.0024285181834557967,-0.002993805762913637
BTC/USDT,,2025-12-15 21:30:00+00:00,dry_run,0.0,,,86147.48,,,,0.00185008313650048,-0.003569111946164938
BTC/USDT,2025-12-15 21:30:00+00:00,2025-12-15 21:31:00+00:00,gate_close,-0.0257996109965271,1.0,86147.48,86103.79,0.00185008313650048,-0.003569111946164938,-0.0005071535464531429,0.0023584327704970764,-0.0030635120707229735
BTC/USDT,2025-12-15 21:30:00+00:00,2025-12-15 21:33:00+00:00,gate_close,-0.0366646122598142,3.0,86147.48,86001.07,0.00185008313650048,-0.003569111946164938,-0.0016995273686472023,0.0035556534354745928,-0.001872767396963959
BTC/USDT,2025-12-15 21:30:00+00:00,2025-12-15 21:35:00+00:00,take_profit,0.0277803909999994,5.0,86147.48,86027.81,0.00185008313650048,-0.003569111946164938,-0.001389129432456948,0.003243718513815441,-0.002183015004101563
BTC/USDT,,2025-12-15 21:39:00+00:00,dry_run,0.0,,,86146.14,,,,0.0018656668772389917,-0.003553612500803882
BTC/USDT,2025-12-15 21:39:00+00:00,2025-12-15 21:40:00+00:00,gate_close,-0.018862504190812,1.0,86146.14,86075.03,0.0018656668772389917,-0.003553612500803882,-0.0008254577628202808,0.0026933478849788806,-0.0027304085749375595
BTC/USDT,2025-12-15 21:39:00+00:00,2025-12-15 21:41:00+00:00,trailing_prob_drop,-0.0401675066683843,2.0,86146.14,86057.22,0.0018656668772389917,-0.003553612500803882,-0.001032199469413242,0.0029008606134384163,-0.0025240183217631884
BTC/USDT,2025-12-15 21:39:00+00:00,2025-12-15 21:42:00+00:00,trailing_prob_drop,-0.0383875064613014,3.0,86146.14,86011.92,0.0018656668772389917,-0.003553612500803882,-0.00155805007630061,0.003429059600111195,-0.0019986764625182785
BTC/USDT,2025-12-15 21:39:00+00:00,2025-12-15 21:43:00+00:00,trailing_prob_drop,-0.0383275064543089,4.0,86146.14,86035.74,0.0018656668772389917,-0.003553612500803882,-0.0012815432008909111,0.0031512485392697354,-0.0022749847912043597
BTC/USDT,2025-12-15 21:39:00+00:00,2025-12-15 21:44:00+00:00,prob_floor,-0.0027075023137801,5.0,86146.14,86015.52,0.0018656668772389917,-0.003553612500803882,-0.0015162606240975984,0.0033870631718555533,-0.00204044572421358
BTC/USDT,2025-12-15 21:39:00+00:00,2025-12-15 21:45:00+00:00,take_profit,0.019392497,6.0,86146.14,86086.85,0.0018656668772389917,-0.003553612500803882,-0.0006882490614203984,0.0025556748794965944,-0.002867336881300808
BTC/USDT,,2025-12-15 21:47:00+00:00,dry_run,0.0,,,86100.76,,,,0.002393707093874653,-0.0030284285527792942
BTC/USDT,2025-12-15 21:47:00+00:00,2025-12-15 21:50:00+00:00,take_profit,0.0063067960000008,3.0,86100.76,86101.5,0.002393707093874653,-0.0030284285527792942,8.594581511367494e-06,0.002385092013495793,-0.0030369970325720974
BTC/USDT,,2025-12-15 21:52:00+00:00,dry_run,0.0,,,86146.44,,,,0.0018621779379390802,-0.003557082567776537
BTC/USDT,2025-12-15 21:52:00+00:00,2025-12-15 21:54:00+00:00,take_profit,0.0060284346999291,2.0,86146.44,86151.9,0.0018621779379390802,-0.003557082567776537,6.338044845488611e-05,0.001798683488118069,-0.0036202335642046
BTC/USDT,2025-12-15 21:52:00+00:00,2025-12-15 21:55:00+00:00,take_profit,0.0619734330000037,3.0,86146.44,86194.97,0.0018621779379390802,-0.003557082567776537,0.0005633430702418618,0.0012981035900354598,-0.004118105731691801
BTC/USDT,,2025-12-15 21:58:00+00:00,dry_run,0.0,,,86233.76,,,,0.00024688706604014676,-0.004566077137306834
BTC/USDT,2025-12-15 21:58:00+00:00,2025-12-15 21:59:00+00:00,gate_close,-0.0127464254776421,1.0,86233.76,86214.24,0.00024688706604014676,-0.004566077137306834,-0.000226361462146496,0.0005228834586954445,-0.0043406982419610385
BTC/USDT,2025-12-15 21:58:00+00:00,2025-12-15 22:02:00+00:00,prob_floor,-0.0839514337519518,4.0,86233.76,86006.1,0.00024688706604014676,-0.004566077137306834,-0.002640033323375812,0.003754849946689731,-0.0019311420934098322
BTC/USDT,2025-12-15 21:58:00+00:00,2025-12-15 22:03:00+00:00,trailing_prob_drop,-0.08447143381249,5.0,86233.76,86057.88,0.00024688706604014676,-0.004566077137306834,-0.0020395724365954715,0.003150902625070451,-0.0025316682214343578
BTC/USDT,2025-12-15 21:58:00+00:00,2025-12-15 22:04:00+00:00,trailing_prob_drop,-0.097011435272564,6.0,86233.76,86062.57,0.00024688706604014676,-0.004566077137306834,-0.001985185384471122,0.0034269253172429792,-0.002586025492847921
BTC/USDT,2025-12-15 21:58:00+00:00,2025-12-15 22:05:00+00:00,trailing_prob_drop,-0.0912364346000475,7.0,86233.76,86037.48,0.00024688706604014676,-0.004566077137306834,-0.0022761387187569815,0.003719541762497114,-0.00229516252684292
BTC/USDT,2025-12-15 21:58:00+00:00,2025-12-15 22:06:00+00:00,trailing_prob_drop,-0.0971014352830353,8.0,86233.76,86050.01,0.00024688706604014676,-0.004566077137306834,-0.002130835997409819,0.0036039507723475417,-0.0024404413201114528
BTC/USDT,2025-12-15 21:58:00+00:00,2025-12-15 22:07:00+00:00,prob_floor,-0.0979664353837798,9.0,86233.76,86037.31,0.00024688706604014676,-0.004566077137306834,-0.0022781101044416774,0.0037520931326189277,-0.0022931911748519385
BTC/USDT,2025-12-15 21:58:00+00:00,2025-12-15 22:08:00+00:00,prob_floor,-0.0934764348608755,10.0,86233.76,86035.58,0.00024688706604014676,-0.004566077137306834,-0.002298171852879838,0.0039839331588162885,-0.0022731293262625574
BTC/USDT,2025-12-15 21:58:00+00:00,2025-12-15 22:09:00+00:00,prob_floor,-0.0876514341826676,11.0,86233.76,86044.56,0.00024688706604014676,-0.004566077137306834,-0.0021940363031832666,0.003933543271068096,-0.002377256621452939
BTC/USDT,2025-12-15 21:58:00+00:00,2025-12-15 22:10:00+00:00,prob_floor,-0.078311433095562,12.0,86233.76,86056.21,0.00024688706604014676,-0.004566077137306834,-0.002058938401850785,0.004674735268959562,-0.0025123114299364646
BTC/USDT,2025-12-15 21:58:00+00:00,2025-12-15 22:11:00+00:00,prob_floor,-0.0756114327813964,13.0,86233.76,86062.01,0.00024688706604014676,-0.004566077137306834,-0.001991679360844323,0.00460702695649351,-0.0025795353838470314
BTC/USDT,2025-12-15 21:58:00+00:00,2025-12-15 22:12:00+00:00,prob_floor,-0.088236434250764,14.0,86233.76,86085.81,0.00024688706604014676,-0.004566077137306834,-0.0017156853649892279,0.004329284930931099,-0.002855290552531309
BTC/USDT,2025-12-15 21:58:00+00:00,2025-12-15 22:13:00+00:00,prob_floor,-0.0931114348183744,15.0,86233.76,86055.05,0.00024688706604014676,-0.004566077137306834,-0.002072390210052233,0.004688278026681703,-0.0024988655517602654
BTC/USDT,2025-12-15 21:58:00+00:00,2025-12-15 22:14:00+00:00,prob_floor,-0.1015964358066222,16.0,86233.76,86048.28,0.00024688706604014676,-0.004566077137306834,-0.0021508977458479794,0.004767323646678312,-0.002420385392944535
BTC/USDT,2025-12-15 21:58:00+00:00,2025-12-15 22:15:00+00:00,prob_floor,-0.0950864350483645,17.0,86233.76,86028.32,0.00024688706604014676,-0.004566077137306834,-0.0023823616180018714,0.005000446364638922,-0.0021889303429383222
BTC/USDT,2025-12-15 21:58:00+00:00,2025-12-15 22:16:00+00:00,prob_floor,-0.0898314344364688,18.0,86233.76,86041.33,0.00024688706604014676,-0.004566077137306834,-0.0022314926311921557,0.004848483862348374,-0.002339805765438574
BTC/USDT,2025-12-15 21:58:00+00:00,2025-12-15 22:18:00+00:00,trailing_prob_drop,-0.0842764337897926,20.0,86233.76,86012.31,0.00024688706604014676,-0.004566077137306834,-0.0025680197639531555,0.0051875132757159825,-0.0020032016347427684
BTC/USDT,2025-12-15 21:58:00+00:00,2025-12-15 22:19:00+00:00,trailing_prob_drop,-0.1118664370032706,21.0,86233.76,86062.95,0.00024688706604014676,-0.004566077137306834,-0.001980778757646684,0.0045960543997156655,-0.002590429447282494
BTC/USDT,2025-12-15 21:58:00+00:00,2025-12-15 22:20:00+00:00,trailing_prob_drop,-0.1118664370032706,22.0,86233.76,86012.86,0.00024688706604014676,-0.004566077137306834,-0.0025616417514439105,0.00518108571206688,-0.0020095832181374895
BTC/USDT,2025-12-15 21:58:00+00:00,2025-12-15 22:21:00+00:00,trailing_prob_drop,-0.1082514365819882,23.0,86233.76,86012.86,0.00024688706604014676,-0.004566077137306834,-0.0025616417514439105,0.00518108571206688,-0.0020095832181374895
BTC/USDT,2025-12-15 21:58:00+00:00,2025-12-15 22:22:00+00:00,trailing_prob_drop,-0.1957514467989826,24.0,86233.76,86015.0,0.00024688706604014676,-0.004566077137306834,-0.0025368254845897775,0.005156077428355443,-0.002034412602453073
BTC/USDT,2025-12-15 21:58:00+00:00,2025-12-15 22:23:00+00:00,prob_floor,-0.1609114427258909,25.0,86233.76,85840.01,0.00024688706604014676,-0.004566077137306834,-0.004566077137306834,0.0072051482752624185,0.0
BTC/USDT,2025-12-15 21:58:00+00:00,2025-12-15 22:24:00+00:00,prob_floor,-0.122611438255891,26.0,86233.76,85909.68,0.00024688706604014676,-0.004566077137306834,-0.003758156898180043,0.006388337146640666,-0.000810967984050226
BTC/USDT,2025-12-15 21:58:00+00:00,2025-12-15 22:25:00+00:00,prob_floor,-0.1167514375726727,27.0,86233.76,85986.29,0.00024688706604014676,-0.004566077137306834,-0.002869757737572809,0.005491689430954683,-0.0008718831804463978
BTC/USDT,2025-12-15 21:58:00+00:00,2025-12-15 22:26:00+00:00,prob_floor,-0.1201114379643931,28.0,86233.76,85998.0,0.00024688706604014676,-0.004566077137306834,-0.0027339640530575915,0.005354775692457903,-0.0008801367473662003
BTC/USDT,2025-12-15 21:58:00+00:00,2025-12-15 22:27:00+00:00,trailing_prob_drop,-0.113786437227065,29.0,86233.76,85991.29,0.00024688706604014676,-0.004566077137306834,-0.002811775805670602,0.0054332246905473,-0.0008021742667192466
BTC/USDT,2025-12-15 21:58:00+00:00,2025-12-15 22:28:00+00:00,trailing_prob_drop,-0.1099914367847532,30.0,86233.76,86003.94,0.00024688706604014676,-0.004566077137306834,-0.002665081517957635,0.005285339253062071,-0.0009491425625384187
BTC/USDT,2025-12-15 21:58:00+00:00,2025-12-15 22:29:00+00:00,trailing_prob_drop,-0.1409264403924486,31.0,86233.76,86011.52,0.00024688706604014676,-0.004566077137306834,-0.002577180909193677,0.005196745738245356,-0.0010371866466259982
BTC/USDT,2025-12-15 21:58:00+00:00,2025-12-15 22:30:00+00:00,prob_floor,-0.1087114366355908,32.0,86233.76,85951.95,0.00024688706604014676,-0.004566077137306834,-0.0032679776458778287,0.00589340905005642,-0.0003448438342585902
BTC/USDT,2025-12-15 21:58:00+00:00,2025-12-15 22:31:00+00:00,trailing_prob_drop,-0.084206433781645,33.0,86233.76,86019.83,0.00024688706604014676,-0.004566077137306834,-0.0024808149383720446,0.005099638071826007,-0.0011336920800704142
BTC/USDT,2025-12-15 21:58:00+00:00,2025-12-15 22:32:00+00:00,trailing_prob_drop,-0.0918814346751466,34.0,86233.76,86059.94,0.00024688706604014676,-0.004566077137306834,-0.002015683880651764,0.00463119077238483,-0.0015992342081577737
BTC/USDT,2025-12-15 21:58:00+00:00,2025-12-15 22:33:00+00:00,trailing_prob_drop,-0.081111433421411,35.0,86233.76,86047.74,0.00024688706604014676,-0.004566077137306834,-0.0021571597944933796,0.0047736291505156014,-0.0014576791906447673
BTC/USDT,2025-12-15 21:58:00+00:00,2025-12-15 22:34:00+00:00,trailing_prob_drop,-0.0742964326283966,36.0,86233.76,86066.32,0.00024688706604014676,-0.004566077137306834,-0.0019416989355444114,0.004556718586318009,-0.001673244539792229
BTC/USDT,2025-12-15 21:58:00+00:00,2025-12-15 22:40:00+00:00,trailing_prob_drop,-0.065761431635606,42.0,86233.76,86028.89,0.00024688706604014676,-0.004566077137306834,-0.002375751677765159,0.004993787552065365,-0.0012388861462702128
BTC/USDT,2025-12-15 21:58:00+00:00,2025-12-15 22:41:00+00:00,trailing_prob_drop,-0.0750464327156564,43.0,86233.76,86099.98,0.00024688706604014676,-0.004566077137306834,-0.0015513645699781753,0.004163996321485897,-0.0020635312574984743
BTC/USDT,2025-12-15 21:58:00+00:00,2025-12-15 22:43:00+00:00,trailing_prob_drop,-0.0927914347811122,45.0,86233.76,86011.99,0.00024688706604014676,-0.004566077137306834,-0.0025717306075948576,0.005191252986938233,-0.000320187917986825
BTC/USDT,2025-12-15 21:58:00+00:00,2025-12-15 22:44:00+00:00,trailing_prob_drop,-0.0927914347811122,46.0,86233.76,86031.76,0.00024688706604014676,-0.004566077137306834,-0.00234247004885324,0.005040115417840996,-0.0005499131948479841
BTC/USDT,2025-12-15 21:58:00+00:00,2025-12-15 22:47:00+00:00,trailing_prob_drop,-0.1075264364975155,49.0,86233.76,86045.93,0.00024688706604014676,-0.004566077137306834,-0.0021781492538421876,0.004909471023208267,-0.0007145021269454599
BTC/USDT,2025-12-15 21:58:00+00:00,2025-12-15 22:48:00+00:00,trailing_prob_drop,-0.1075314364980882,50.0,86233.76,86016.45,0.00024688706604014676,-0.004566077137306834,-0.002520010724338051,0.0052538787638876094,-0.00037202186325990816
BTC/USDT,2025-12-15 21:58:00+00:00,2025-12-15 22:49:00+00:00,trailing_prob_drop,-0.1245314384797827,51.0,86233.76,86016.45,0.00024688706604014676,-0.004566077137306834,-0.002520010724338051,0.0052538787638876094,-0.00037202186325990816
BTC/USDT,2025-12-15 21:58:00+00:00,2025-12-15 22:50:00+00:00,prob_floor,-0.0976464353465093,52.0,86233.76,85988.6,0.00024688706604014676,-0.004566077137306834,-0.002842970085033869,0.00557946053314029,-4.826221150255883e-05
BTC/USDT,2025-12-15 21:58:00+00:00,2025-12-15 22:51:00+00:00,trailing_prob_drop,-0.0957514351258103,53.0,86233.76,86027.21,0.00024688706604014676,-0.004566077137306834,-0.002395233606884206,0.005128144920659272,-0.0004970520373729359
BTC/USDT,2025-12-15 21:58:00+00:00,2025-12-15 22:52:00+00:00,trailing_prob_drop,-0.0553464304246525,54.0,86233.76,86038.01,0.00024688706604014676,-0.004566077137306834,-0.002269992633975426,0.005001975289758542,-2.080475826893302e-05
BTC/USDT,2025-12-15 21:58:00+00:00,2025-12-15 22:54:00+00:00,gate_close,-0.0280764272567301,56.0,86233.76,86173.86,0.00024688706604014676,-0.004566077137306834,-0.0006946235441895876,0.0034176257161973034,-0.0010868725156329972
BTC/USDT,2025-12-15 21:58:00+00:00,2025-12-15 22:56:00+00:00,trailing_prob_drop,-0.0237514267546733,58.0,86233.76,86163.88,0.00024688706604014676,-0.004566077137306834,-0.0008103554802665336,0.003533847361562481,-0.0009711726073617921
BTC/USDT,2025-12-15 21:58:00+00:00,2025-12-15 22:58:00+00:00,time_limit,0.0139085749999988,60.0,86233.76,86215.67,0.00024688706604014676,-0.004566077137306834,-0.00020977862962245908,0.0029310217040590114,-0.001571292086461784
BTC/USDT,,2025-12-15 22:59:00+00:00,dry_run,0.0,,,86259.31,,,,0.0024236224472464762,-0.0020764135488678948
BTC/USDT,2025-12-15 22:59:00+00:00,2025-12-15 23:00:00+00:00,take_profit,0.0206580403945336,1.0,86259.31,86219.62,0.0024236224472464762,-0.0020764135488678948,-0.00046012424629882087,0.0028850741861308205,-0.0016170333388154656
BTC/USDT,2025-12-15 22:59:00+00:00,2025-12-15 23:01:00+00:00,take_profit,0.0303530415172087,2.0,86259.31,86278.2,0.0024236224472464762,-0.0020764135488678948,0.00021899085443655153,0.002204148904358272,-0.0022949018407893984
BTC/USDT,2025-12-15 22:59:00+00:00,2025-12-15 23:02:00+00:00,take_profit,0.0275730369999997,3.0,86259.31,86297.6,0.0024236224472464762,-0.0020764135488678948,0.00044389411415424185,0.0019788499332540344,-0.0019216061628597458
BTC/USDT,,2025-12-15 23:05:00+00:00,dry_run,0.0,,,86313.2,,,,0.0022212129778527157,-0.0021019959867087934
BTC/USDT,2025-12-15 23:05:00+00:00,2025-12-15 23:07:00+00:00,take_profit,0.0093107590783637,2.0,86313.2,86342.27,0.0022212129778527157,-0.0021019959867087934,0.00033679668926667183,0.0019289509066648947,-0.002437971575220299
BTC/USDT,2025-12-15 23:05:00+00:00,2025-12-15 23:08:00+00:00,take_profit,0.0125607570000069,3.0,86313.2,86378.34,0.0022212129778527157,-0.0021019959867087934,0.0007546933725084415,0.0015105638751566897,-0.002854535060525465
BTC/USDT,,2025-12-15 23:09:00+00:00,dry_run,0.0,,,86383.02,,,,0.0014563047228495218,-0.002908557723497074
BTC/USDT,2025-12-15 23:09:00+00:00,2025-12-15 23:11:00+00:00,gate_close,-0.0213031644642987,2.0,86383.02,86398.19,0.0014563047228495218,-0.002908557723497074,0.00017561321657888485,0.0012804666394052866,-0.0030836294139957587
BTC/USDT,2025-12-15 23:09:00+00:00,2025-12-15 23:16:00+00:00,trailing_prob_drop,-0.0604681690023952,7.0,86383.02,86307.75,0.0014563047228495218,-0.002908557723497074,-0.0008713518003885534,0.00232968649976395,-0.002975051487265068
BTC/USDT,2025-12-15 23:09:00+00:00,2025-12-15 23:17:00+00:00,trailing_prob_drop,-0.0605831690157451,8.0,86383.02,86327.76,0.0014563047228495218,-0.002908557723497074,-0.0006397090539321804,0.0020973554740677525,-0.003206152922304417
BTC/USDT,2025-12-15 23:09:00+00:00,2025-12-15 23:19:00+00:00,trailing_prob_drop,-0.0972931732768823,10.0,86383.02,86335.2,0.0014563047228495218,-0.002908557723497074,-0.0005535810162692334,0.002010998989983248,-0.0032920523726127637
BTC/USDT,2025-12-15 23:09:00+00:00,2025-12-15 23:20:00+00:00,prob_floor,-0.1368931778816111,11.0,86383.02,86254.34,0.0014563047228495218,-0.002908557723497074,-0.001489644608396512,0.002950344295719054,-0.002357678465802371
BTC/USDT,2025-12-15 23:09:00+00:00,2025-12-15 23:21:00+00:00,prob_floor,-0.1048531741553057,12.0,86383.02,86165.64,0.0014563047228495218,-0.002908557723497074,-0.002516466777846005,0.003982794069654849,-0.0013306928376555227
BTC/USDT,2025-12-15 23:09:00+00:00,2025-12-15 23:22:00+00:00,prob_floor,-0.1107481748404995,13.0,86383.02,86245.75,0.0014563047228495218,-0.002908557723497074,-0.0015890854475798522,0.003050237258067856,-0.0022583141778000915
BTC/USDT,2025-12-15 23:09:00+00:00,2025-12-15 23:23:00+00:00,prob_floor,-0.138323178048052,14.0,86383.02,86227.43,0.0014563047228495218,-0.002908557723497074,-0.0018011641639759102,0.00326334670997408,-0.0020463325881334704
BTC/USDT,2025-12-15 23:09:00+00:00,2025-12-15 23:24:00+00:00,prob_floor,-0.1187381757694832,15.0,86383.02,86172.29,0.0014563047228495218,-0.002908557723497074,-0.0024394840560102438,0.003905315734327175,-0.0015878654263451475
BTC/USDT,2025-12-15 23:09:00+00:00,2025-12-15 23:25:00+00:00,prob_floor,-0.1344631775988037,16.0,86383.02,86211.46,0.0014563047228495218,-0.002908557723497074,-0.0019860384598732184,0.0034491934134974755,-0.002041491931583095
BTC/USDT,2025-12-15 23:09:00+00:00,2025-12-15 23:26:00+00:00,prob_floor,-0.1179181756741274,17.0,86383.02,86180.01,0.0014563047228495218,-0.002908557723497074,-0.0023501146405857654,0.003815385957834261,-0.0016773031240073788
BTC/USDT,2025-12-15 23:09:00+00:00,2025-12-15 23:27:00+00:00,prob_floor,-0.125513176557474,18.0,86383.02,86224.01,0.0014563047228495218,-0.002908557723497074,-0.0018407552780628222,0.003303140273805516,-0.004453515905836425
BTC/USDT,2025-12-15 23:09:00+00:00,2025-12-15 23:28:00+00:00,prob_floor,-0.1123931750317226,19.0,86383.02,86197.9,0.0014563047228495218,-0.002908557723497074,-0.002143013754323575,0.0036070484315744444,-0.004151957298263675
BTC/USDT,2025-12-15 23:09:00+00:00,2025-12-15 23:29:00+00:00,prob_floor,-0.1244631764353237,20.0,86383.02,86224.14,0.0014563047228495218,-0.002908557723497074,-0.001839250352673516,0.003301627595241996,-0.004455016889701735
BTC/USDT,2025-12-15 23:09:00+00:00,2025-12-15 23:30:00+00:00,prob_floor,-0.1005381736538849,21.0,86383.02,86210.77,0.0014563047228495218,-0.002908557723497074,-0.0019940261407855875,0.0034572246599815504,-0.004300622764418005
BTC/USDT,2025-12-15 23:09:00+00:00,2025-12-15 23:31:00+00:00,trailing_prob_drop,-0.0746781706509609,22.0,86383.02,86247.85,0.0014563047228495218,-0.002908557723497074,-0.0015647751143684774,0.003025814556536721,-0.004728697584925445
BTC/USDT,2025-12-15 23:09:00+00:00,2025-12-15 23:32:00+00:00,trailing_prob_drop,-0.0561981685072284,23.0,86383.02,86299.57,0.0014563047228495218,-0.002908557723497074,-0.0009660463364211669,0.002424693425471247,-0.005325171376867943
BTC/USDT,2025-12-15 23:09:00+00:00,2025-12-15 23:33:00+00:00,trailing_prob_drop,-0.0356131661214736,24.0,86383.02,86336.54,0.0014563047228495218,-0.002908557723497074,-0.0005380687084106661,0.0019954471189140843,-0.005751099129059356
BTC/USDT,2025-12-15 23:09:00+00:00,2025-12-15 23:39:00+00:00,trailing_prob_drop,-0.0027431623166037,30.0,86383.02,86436.44,0.0014563047228495218,-0.002908557723497074,0.0006184085714993071,0.0008373783094259846,-0.006900214770529711
BTC/USDT,2025-12-15 23:09:00+00:00,2025-12-15 23:40:00+00:00,take_profit,0.0044418369999991,31.0,86383.02,86443.44,0.0014563047228495218,-0.002908557723497074,0.0006994430155371489,0.0007563326956909755,-0.006980633810963699
BTC/USDT,,2025-12-15 23:42:00+00:00,dry_run,0.0,,,86430.01,,,,0.0009118360624973398,-0.006826332659223389
BTC/USDT,2025-12-15 23:42:00+00:00,2025-12-15 23:43:00+00:00,take_profit,0.0089016750299238,1.0,86430.01,86433.27,0.0009118360624973398,-0.006826332659223389,3.771838045607545e-05,0.0008740847129815599,-0.006863792148555814
BTC/USDT,2025-12-15 23:42:00+00:00,2025-12-15 23:48:00+00:00,trailing_prob_drop,-0.0261483290252114,6.0,86430.01,86389.48,0.0009118360624973398,-0.006826332659223389,-0.0004689343435225757,0.0013814182004570075,-0.006360380916750508
BTC/USDT,2025-12-15 23:42:00+00:00,2025-12-15 23:49:00+00:00,trailing_prob_drop,-0.0383883304428944,7.0,86430.01,86398.27,0.0009118360624973398,-0.006826332659223389,-0.00036723355695544857,0.0012795395092981554,-0.006461471971603294
BTC/USDT,2025-12-15 23:42:00+00:00,2025-12-15 23:50:00+00:00,trailing_prob_drop,-0.042323330898818,8.0,86430.01,86373.8,0.0009118360624973398,-0.006826332659223389,-0.0006503528114828461,0.0015632055090779584,-0.0061799990274830074
BTC/USDT,2025-12-15 23:42:00+00:00,2025-12-15 23:51:00+00:00,trailing_prob_drop,-0.0522633320509071,9.0,86430.01,86365.92,0.0009118360624973398,-0.006826332659223389,-0.0007415248476773106,0.0016545878281619686,-0.006089323196001417
BTC/USDT,2025-12-15 23:42:00+00:00,2025-12-15 23:52:00+00:00,trailing_prob_drop,-0.0262283290344763,10.0,86430.01,86364.39,0.0009118360624973398,-0.006826332659223389,-0.000759227032369858,0.0016723327751171357,-0.006071715437346414
BTC/USDT,2025-12-15 23:42:00+00:00,2025-12-15 23:53:00+00:00,trailing_prob_drop,-0.0222883285783016,11.0,86430.01,86398.11,0.0009118360624973398,-0.006826332659223389,-0.00036908476581221095,0.0012813937712294887,-0.006459632045191843
BTC/USDT,2025-12-15 23:42:00+00:00,2025-12-15 23:54:00+00:00,trailing_prob_drop,-0.0043783265057447,12.0,86430.01,86406.0,0.0009118360624973398,-0.006826332659223389,-0.00027779702906427506,0.0011899636599310703,-0.006550355299400512
BTC/USDT,2025-12-15 23:42:00+00:00,2025-12-15 23:55:00+00:00,trailing_prob_drop,-0.0018533262136779,13.0,86430.01,86431.58,0.0009118360624973398,-0.006826332659223389,1.8164986906876734e-05,0.000893654842362146,-0.006844373318178443
BTC/USDT,2025-12-15 23:42:00+00:00,2025-12-15 23:57:00+00:00,trailing_prob_drop,-0.0102683271871455,15.0,86430.01,86441.47,0.0009118360624973398,-0.006826332659223389,0.00013259283436406477,0.0007791399197631943,-0.006958002912259675
BTC/USDT,2025-12-15 23:42:00+00:00,2025-12-15 23:58:00+00:00,trailing_prob_drop,-0.0092533270697157,16.0,86430.01,86435.31,0.0009118360624973398,-0.006826332659223389,6.132129337954595e-05,0.000850462617650205,-0.006887231618652234
BTC/USDT,2025-12-15 23:42:00+00:00,2025-12-15 23:59:00+00:00,trailing_prob_drop,-0.0358283301463094,17.0,86430.01,86426.31,0.0009118360624973398,-0.006826332659223389,-4.280920481203321e-05,0.0009546861366638293,-0.006783813864088439
BTC/USDT,2025-12-15 23:42:00+00:00,2025-12-16 00:00:00+00:00,trailing_prob_drop,-0.0752783347204598,18.0,86430.01,86378.92,0.0009118360624973398,-0.006826332659223389,-0.0005911141280672272,0.0015038391311215094,-0.00679205065309918
BTC/USDT,2025-12-15 23:42:00+00:00,2025-12-16 00:01:00+00:00,prob_floor,-0.0515133319639611,19.0,86430.01,86304.18,0.0009118360624973398,-0.006826332659223389,-0.0014558600652713194,0.0023711481877239926,-0.006629574604613442
BTC/USDT,2025-12-15 23:42:00+00:00,2025-12-16 00:02:00+00:00,prob_floor,-0.0100833271657498,20.0,86430.01,86347.55,0.0009118360624973398,-0.006826332659223389,-0.0009540667645415724,0.0018676847229597282,-0.007128517253819022
BTC/USDT,2025-12-15 23:42:00+00:00,2025-12-16 00:03:00+00:00,prob_trailing,0.0022266729999953,21.0,86430.01,86430.4,0.0009118360624973398,-0.006826332659223389,4.512321588379109e-06,0.0009073196467910272,-0.008080258797830253
BTC/USDT,,2025-12-16 00:07:00+00:00,dry_run,0.0,,,86490.0,,,,0.00021759741010529687,-0.00876378772112374
BTC/USDT,2025-12-16 00:07:00+00:00,2025-12-16 00:10:00+00:00,prob_floor,-0.0594440428789508,3.0,86490.0,86354.65,0.00021759741010529687,-0.00876378772112374,-0.0015649208000925174,0.0007279283744419107,-0.007210150235105961
BTC/USDT,2025-12-16 00:07:00+00:00,2025-12-16 00:11:00+00:00,prob_floor,-0.0813190454153697,4.0,86490.0,86381.88,0.00021759741010529687,-0.00876378772112374,-0.0012500867152271944,0.00041085005327490265,-0.007523105540189645
BTC/USDT,2025-12-16 00:07:00+00:00,2025-12-16 00:12:00+00:00,prob_floor,-0.1088040486059033,5.0,86490.0,86345.17,0.00021759741010529687,-0.00876378772112374,-0.0016745288472655995,0.0008361787926296493,-0.007101149954305441
BTC/USDT,2025-12-16 00:07:00+00:00,2025-12-16 00:13:00+00:00,prob_floor,-0.0922390466825103,6.0,86490.0,86290.08,0.00021759741010529687,-0.00876378772112374,-0.002311481096080481,0.0014751405955353292,-0.006467255564023056
BTC/USDT,2025-12-16 00:07:00+00:00,2025-12-16 00:14:00+00:00,prob_floor,-0.1598540545427549,7.0,86490.0,86345.03,0.00021759741010529687,-0.00876378772112374,-0.0016761475315065777,0.0008378015503613945,-0.0070995400661739705
BTC/USDT,2025-12-16 00:07:00+00:00,2025-12-16 00:15:00+00:00,prob_floor,-0.1042740480797677,8.0,86490.0,86187.98,0.00021759741010529687,-0.00876378772112374,-0.0034919643889467222,0.0026615080200278474,-0.005290296860420596
BTC/USDT,2025-12-16 00:07:00+00:00,2025-12-16 00:16:00+00:00,prob_floor,-0.1282140508615324,9.0,86490.0,86299.13,0.00021759741010529687,-0.00876378772112374,-0.00220684472193311,0.0013701180996841256,-0.006571445158253586
BTC/USDT,2025-12-16 00:07:00+00:00,2025-12-16 00:17:00+00:00,prob_floor,-0.1063490483207665,10.0,86490.0,86267.57,0.00021759741010529687,-0.00876378772112374,-0.0025717423979649823,0.001736457860120444,-0.0062080107275538365
BTC/USDT,2025-12-16 00:07:00+00:00,2025-12-16 00:18:00+00:00,prob_floor,-0.0999340475758128,11.0,86490.0,86294.98,0.00021759741010529687,-0.00876378772112374,-0.0022548271476471315,0.001418274852140966,-0.006523670322421959
BTC/USDT,2025-12-16 00:07:00+00:00,2025-12-16 00:19:00+00:00,prob_floor,-0.0692690440178371,12.0,86490.0,86307.81,0.00021759741010529687,-0.00876378772112374,-0.0021064862989941258,0.0012694100336920755,-0.006671354539061869
BTC/USDT,2025-12-16 00:07:00+00:00,2025-12-16 00:20:00+00:00,prob_floor,-0.0644940434642614,13.0,86490.0,86369.14,0.00021759741010529687,-0.00876378772112374,-0.0013973869811538808,0.0005584170457177962,-0.007376708856890235
BTC/USDT,2025-12-16 00:07:00+00:00,2025-12-16 00:21:00+00:00,prob_floor,-0.0748590446660479,14.0,86490.0,86378.69,0.00021759741010529687,-0.00876378772112374,-0.0012869695918602542,0.00044779563107510967,-0.0074864529665823465
BTC/USDT,2025-12-16 00:07:00+00:00,2025-12-16 00:22:00+00:00,prob_floor,-0.0655140435825129,15.0,86490.0,86357.96,0.00021759741010529687,-0.00876378772112374,-0.0015266504798241431,0.0006879504796082347,-0.007248202713449947
BTC/USDT,2025-12-16 00:07:00+00:00,2025-12-16 00:23:00+00:00,prob_floor,-0.0554040424107906,16.0,86490.0,86376.65,0.00021759741010529687,-0.00876378772112374,-0.0013105561336571592,0.0004714237007339417,-0.007463012283990933
BTC/USDT,2025-12-16 00:07:00+00:00,2025-12-16 00:27:00+00:00,prob_floor,-0.067749043841618,20.0,86490.0,86371.24,0.00021759741010529687,-0.00876378772112374,-0.0013731067175395406,1.099903162216087e-05,-0.007400843151030401
BTC/USDT,2025-12-16 00:07:00+00:00,2025-12-16 00:35:00+00:00,prob_floor,-0.1614540547290524,28.0,86490.0,86184.01,0.00021759741010529687,-0.00876378772112374,-0.003537865649208105,0.0005093752309739408,-0.0056161229907959465
BTC/USDT,2025-12-16 00:07:00+00:00,2025-12-16 00:36:00+00:00,prob_floor,-0.1795490568369421,29.0,86490.0,86200.89,0.00021759741010529687,-0.00876378772112374,-0.0033426985778702845,0.00017215599514108781,-0.005837526735512744
BTC/USDT,2025-12-16 00:07:00+00:00,2025-12-16 00:37:00+00:00,prob_floor,-0.2064690599761334,30.0,86490.0,86148.58,0.00021759741010529687,-0.00876378772112374,-0.0039475083824719315,0.0004612960538641353,-0.005233864562828594
BTC/USDT,2025-12-16 00:07:00+00:00,2025-12-16 00:38:00+00:00,prob_floor,-0.1728340560545152,31.0,86490.0,86094.75,0.00021759741010529687,-0.00876378772112374,-0.004569892473118231,0.0009145737690161582,-0.0046118956150055235
BTC/USDT,2025-12-16 00:07:00+00:00,2025-12-16 00:39:00+00:00,prob_floor,-0.1841040573678339,32.0,86490.0,86162.01,0.00021759741010529687,-0.00876378772112374,-0.0037922303156434634,0.00013323737456927276,-0.005388917923339953
BTC/USDT,2025-12-16 00:07:00+00:00,2025-12-16 00:40:00+00:00,prob_floor,-0.1906490581308575,33.0,86490.0,86139.47,0.00021759741010529687,-0.00876378772112374,-0.004052838478436849,0.00039494090223679557,-0.0051286593706694195
BTC/USDT,2025-12-16 00:07:00+00:00,2025-12-16 00:41:00+00:00,prob_floor,-0.1896990580200937,34.0,86490.0,86126.38,0.00021759741010529687,-0.00876378772112374,-0.004204185454965814,0.0005469868813712253,-0.004977452901190116
BTC/USDT,2025-12-16 00:07:00+00:00,2025-12-16 00:42:00+00:00,prob_floor,-0.1751990563300499,35.0,86490.0,86128.29,0.00021759741010529687,-0.00876378772112374,-0.004182101977107222,0.000524798530192605,-0.004999518741170772
BTC/USDT,2025-12-16 00:07:00+00:00,2025-12-16 00:43:00+00:00,prob_floor,-0.1839590573509427,36.0,86490.0,86172.07,0.00021759741010529687,-0.00876378772112374,-0.0036759162909005827,1.6478657179685996e-05,-0.005505031966854257
BTC/USDT,2025-12-16 00:07:00+00:00,2025-12-16 00:44:00+00:00,prob_floor,-0.2025790595222709,37.0,86490.0,86139.76,0.00021759741010529687,-0.00876378772112374,-0.004049485489652005,0.00039157295074909726,-0.00558836012545183
BTC/USDT,2025-12-16 00:07:00+00:00,2025-12-16 00:45:00+00:00,prob_floor,-0.2384040637052427,38.0,86490.0,86102.52,0.00021759741010529687,-0.00876378772112374,-0.004480055497745328,0.0008242499754942401,-0.005643040412754541
BTC/USDT,2025-12-16 00:07:00+00:00,2025-12-16 00:46:00+00:00,prob_floor,-0.199509059164139,39.0,86490.0,86051.6,0.00021759741010529687,-0.00876378772112374,-0.005068794080240413,0.0014164756959778035,-0.005054641633624568
BTC/USDT,2025-12-16 00:07:00+00:00,2025-12-16 00:47:00+00:00,prob_floor,-0.2058390599026256,40.0,86490.0,86108.66,0.00021759741010529687,-0.00876378772112374,-0.004409064631749282,0.0007528859466632287,-0.005713943289792245
BTC/USDT,2025-12-16 00:07:00+00:00,2025-12-16 00:48:00+00:00,prob_floor,-0.2047490597754569,41.0,86490.0,86106.18,0.00021759741010529687,-0.00876378772112374,-0.0044377384668748965,0.0007817092803328318,-0.005685306211470453
BTC/USDT,2025-12-16 00:07:00+00:00,2025-12-16 00:49:00+00:00,prob_floor,-0.2538390655095864,42.0,86490.0,86098.38,0.00021759741010529687,-0.00876378772112374,-0.004527922303156351,0.0008723741375853411,-0.005595227227271904
BTC/USDT,2025-12-16 00:07:00+00:00,2025-12-16 00:50:00+00:00,prob_floor,-0.2861690692931775,43.0,86490.0,86039.28,0.00021759741010529687,-0.00876378772112374,-0.005211238293444387,0.0015598689342821714,-0.004912174997280361
BTC/USDT,2025-12-16 00:07:00+00:00,2025-12-16 00:51:00+00:00,prob_floor,-0.2699240977808631,44.0,86490.0,85935.35,0.00021759741010529687,-0.00876378772112374,-0.006412880101745788,0.0027711529655722877,-0.0037087182399327956
BTC/USDT,2025-12-16 00:07:00+00:00,2025-12-16 00:52:00+00:00,prob_floor,-0.262274066496184,45.0,86490.0,85967.85,0.00021759741010529687,-0.00876378772112374,-0.006037114117238951,0.0023920570306223965,-0.004085364470555075
BTC/USDT,2025-12-16 00:07:00+00:00,2025-12-16 00:53:00+00:00,prob_floor,-0.2554690657002066,46.0,86490.0,85983.14,0.00021759741010529687,-0.00876378772112374,-0.0058603306740663275,0.0022138061019869593,-0.004262463548086237
BTC/USDT,2025-12-16 00:07:00+00:00,2025-12-16 00:54:00+00:00,prob_floor,-0.2892290696515748,47.0,86490.0,85991.34,0.00021759741010529687,-0.00876378772112374,-0.005765522025667713,0.002118236557309139,-0.004357415525795938
BTC/USDT,2025-12-16 00:07:00+00:00,2025-12-16 00:55:00+00:00,prob_floor,-0.2979940706784703,48.0,86490.0,85940.15,0.00021759741010529687,-0.00876378772112374,-0.0063573823563418674,0.0027151453656995006,-0.003764363920705227
BTC/USDT,2025-12-16 00:07:00+00:00,2025-12-16 00:56:00+00:00,prob_floor,-0.3084390719027401,49.0,86490.0,85910.12,0.00021759741010529687,-0.00876378772112374,-0.0067045901260262,0.003065645816814344,-0.003416128390927642
BTC/USDT,2025-12-16 00:07:00+00:00,2025-12-16 00:57:00+00:00,prob_floor,-0.3086590719285342,50.0,86490.0,85890.81,0.00021759741010529687,-0.00876378772112374,-0.006927852930974754,0.003291155363420284,-0.003192076078919248
BTC/USDT,2025-12-16 00:07:00+00:00,2025-12-16 00:58:00+00:00,prob_floor,-0.3329990747838052,51.0,86490.0,85896.37,0.00021759741010529687,-0.00876378772112374,-0.006863568042548285,0.0032262131682632145,-0.003256598619941653
BTC/USDT,2025-12-16 00:07:00+00:00,2025-12-16 00:59:00+00:00,prob_floor,-0.3577240776875445,52.0,86490.0,85841.69,0.00021759741010529687,-0.00876378772112374,-0.00749577985894323,0.003865254749760849,-0.0026216865022112845
BTC/USDT,2025-12-16 00:07:00+00:00,2025-12-16 01:00:00+00:00,prob_floor,-0.3427740759313826,53.0,86490.0,85792.23,0.00021759741010529687,-0.00876378772112374,-0.00806763787721132,0.004443992189036239,-0.002046688843500122
BTC/USDT,2025-12-16 00:07:00+00:00,2025-12-16 01:01:00+00:00,prob_floor,-0.2788440684354218,54.0,86490.0,85822.13,0.00021759741010529687,-0.00876378772112374,-0.0077219331714648565,0.0040940489358629595,-0.0023943707759293
BTC/USDT,2025-12-16 00:07:00+00:00,2025-12-16 01:02:00+00:00,prob_floor,-0.2742640678992736,55.0,86490.0,85949.99,0.00021759741010529687,-0.00876378772112374,-0.006243611978263286,0.002600349342681607,-0.003878418135941697
BTC/USDT,2025-12-16 00:07:00+00:00,2025-12-16 01:03:00+00:00,prob_floor,-0.2713690675604159,56.0,86490.0,85951.9,0.00021759741010529687,-0.00876378772112374,-0.006221528500404694,0.002578069827426921,-0.0039005536817684483
BTC/USDT,2025-12-16 00:07:00+00:00,2025-12-16 01:04:00+00:00,prob_floor,-0.2615890664160509,57.0,86490.0,85972.88,0.00021759741010529687,-0.00876378772112374,-0.0059789571048675105,0.002333410256815771,-0.004143632271013886
BTC/USDT,2025-12-16 00:07:00+00:00,2025-12-16 01:07:00+00:00,time_limit,-0.2638340369999977,60.0,86490.0,86036.1,0.00021759741010529687,-0.00876378772112374,-0.005248005549774448,0.001596887818020587,-0.004875395328240217
BTC/USDT,,2025-12-16 01:12:00+00:00,dry_run,0.0,,,86120.26,,,,0.0006180891697262769,-0.005847869014793949
BTC/USDT,2025-12-16 01:12:00+00:00,2025-12-16 01:14:00+00:00,take_profit,0.0123898674386672,2.0,86120.26,86115.86,0.0006180891697262769,-0.005847869014793949,-5.109134598513254e-05,0.0006692147067914878,-0.005797073849114431
BTC/USDT,2025-12-16 01:12:00+00:00,2025-12-16 01:17:00+00:00,trailing_prob_drop,-0.0674351418405366,5.0,86120.26,86042.79,0.0006180891697262769,-0.005847869014793949,-0.0008995560394267077,0.001519011645252366,-0.004952768267974528
BTC/USDT,2025-12-16 01:12:00+00:00,2025-12-16 01:18:00+00:00,trailing_prob_drop,-0.1092901467197318,6.0,86120.26,85983.71,0.0006180891697262769,-0.005847869014793949,-0.0015855734759739892,0.0022071622636428145,-0.004269064454185623
BTC/USDT,2025-12-16 01:12:00+00:00,2025-12-16 01:19:00+00:00,prob_floor,-0.0993601455612945,7.0,86120.26,85903.99,0.0006180891697262769,-0.005847869014793949,-0.002511255771870502,0.003137223311746151,-0.0033450134271993948
BTC/USDT,2025-12-16 01:12:00+00:00,2025-12-16 01:20:00+00:00,trailing_prob_drop,-0.0675301418516015,8.0,86120.26,85919.86,0.0006180891697262769,-0.005847869014793949,-0.002326978576237426,0.0029519368397481482,-0.003529102584664323
BTC/USDT,2025-12-16 01:12:00+00:00,2025-12-16 01:21:00+00:00,trailing_prob_drop,-0.043830139093006,9.0,86120.26,85975.81,0.0006180891697262769,-0.005847869014793949,-0.001677305665356732,0.002299251382452905,-0.004177570411956544
BTC/USDT,2025-12-16 01:12:00+00:00,2025-12-16 01:22:00+00:00,trailing_prob_drop,-0.0474401395130092,10.0,86120.26,86030.93,0.0006180891697262769,-0.005847869014793949,-0.0010372704401960808,0.0016570784484140066,-0.0048155936475403616
BTC/USDT,2025-12-16 01:12:00+00:00,2025-12-16 01:23:00+00:00,trailing_prob_drop,-0.0291651373875716,11.0,86120.26,86030.75,0.0006180891697262769,-0.005847869014793949,-0.0010393605407136297,0.00165917419062378,-0.004813511447941621
BTC/USDT,2025-12-16 01:12:00+00:00,2025-12-16 01:24:00+00:00,trailing_prob_drop,-0.0618201411866999,12.0,86120.26,86060.26,0.0006180891697262769,-0.005847869014793949,-0.0006967001725262101,0.0013157059948460947,-0.005154760164563732
BTC/USDT,2025-12-16 01:12:00+00:00,2025-12-16 01:25:00+00:00,prob_floor,-0.0710251422586674,13.0,86120.26,85994.94,0.0006180891697262769,-0.005847869014793949,-0.0014551744270162592,0.002076284953510088,-0.004399096039836792
BTC/USDT,2025-12-16 01:12:00+00:00,2025-12-16 01:26:00+00:00,prob_floor,-0.1038001460792097,14.0,86120.26,85985.57,0.0006180891697262769,-0.005847869014793949,-0.0015639757706257251,0.0021854829827840927,-0.004290603644309221
BTC/USDT,2025-12-16 01:12:00+00:00,2025-12-16 01:27:00+00:00,prob_floor,-0.1124651470902516,15.0,86120.26,85883.72,0.0006180891697262769,-0.005847869014793949,-0.0027466243134890433,0.003703379406481133,-0.003109786115459423
BTC/USDT,2025-12-16 01:12:00+00:00,2025-12-16 01:28:00+00:00,prob_floor,-0.1039901461013625,16.0,86120.26,85878.36,0.0006180891697262769,-0.005847869014793949,-0.0028088628622346956,0.003908202252581594,-0.0030475663484956783
BTC/USDT,2025-12-16 01:12:00+00:00,2025-12-16 01:29:00+00:00,prob_floor,-0.0885801443043034,17.0,86120.26,85892.94,0.0006180891697262769,-0.005847869014793949,-0.002639564720310794,0.003737792652108496,-0.003216795233694447
BTC/USDT,2025-12-16 01:12:00+00:00,2025-12-16 01:30:00+00:00,prob_floor,-0.1016101458237333,18.0,86120.26,85941.43,0.0006180891697262769,-0.005847869014793949,-0.0020765148642143405,0.0031714622388760993,-0.00377920171912427
BTC/USDT,2025-12-16 01:12:00+00:00,2025-12-16 01:31:00+00:00,prob_floor,-0.0658201416524624,19.0,86120.26,85925.12,0.0006180891697262769,-0.005847869014793949,-0.0022659011944460294,0.0033618806700532744,-0.003590102638204029
BTC/USDT,2025-12-16 01:12:00+00:00,2025-12-16 01:32:00+00:00,trailing_prob_drop,-0.0610251410941417,20.0,86120.26,85986.94,0.0006180891697262769,-0.005847869014793949,-0.0015480677833531464,0.0026405172692505197,-0.004306467935712099
BTC/USDT,2025-12-16 01:12:00+00:00,2025-12-16 01:33:00+00:00,trailing_prob_drop,-0.1284706503086315,21.0,86120.26,86018.85,0.0006180891697262769,-0.005847869014793949,-0.001177539408264594,0.0022685725279982805,-0.004675835587199861
BTC/USDT,2025-12-16 01:12:00+00:00,2025-12-16 01:34:00+00:00,trailing_prob_drop,-0.3771562518673991,22.0,86120.26,85902.97,0.0006180891697262769,-0.005847869014793949,-0.002523099674803464,0.0036205965870563794,-0.0033331792835568086
BTC/USDT,2025-12-16 01:12:00+00:00,2025-12-16 01:35:00+00:00,trailing_prob_drop,-0.186850155786369,23.0,86120.26,86034.81,0.0006180891697262769,-0.005847869014793949,-0.0009922171623726328,0.0020826453850482096,-0.004860474498636025
BTC/USDT,2025-12-16 01:12:00+00:00,2025-12-16 01:36:00+00:00,prob_floor,-0.1469251511151191,24.0,86120.26,85744.88,0.0006180891697262769,-0.005847869014793949,-0.00435878851271454,0.005470997218726126,-0.00149559950401712
BTC/USDT,2025-12-16 01:12:00+00:00,2025-12-16 01:37:00+00:00,prob_floor,-0.1943101566601599,25.0,86120.26,85824.74,0.0006180891697262769,-0.005847869014793949,-0.0034314805830821804,0.0045354055252599945,-0.0024247087727851113
BTC/USDT,2025-12-16 01:12:00+00:00,2025-12-16 01:38:00+00:00,prob_floor,-0.165610153300189,26.0,86120.26,85761.13,0.0006180891697262769,-0.005847869014793949,-0.004170098882655404,0.005280480795903708,-0.0016847958976287103
BTC/USDT,2025-12-16 01:12:00+00:00,2025-12-16 01:39:00+00:00,prob_floor,-0.1670401534674962,27.0,86120.26,85772.62,0.0006180891697262769,-0.005847869014793949,-0.004036680799616721,0.005145814596779319,-0.0018185290364221007
BTC/USDT,2025-12-16 01:12:00+00:00,2025-12-16 01:40:00+00:00,prob_floor,-0.1526551517849887,28.0,86120.26,85784.5,0.0006180891697262769,-0.005847869014793949,-0.0038987341654564966,0.00500661541420655,-0.0019567637510272684
BTC/USDT,2025-12-16 01:12:00+00:00,2025-12-16 01:41:00+00:00,prob_floor,-0.1808251550808943,29.0,86120.26,85813.28,0.0006180891697262769,-0.005847869014793949,-0.0035645503160347536,0.0046695569729999775,-0.002291486818823407
BTC/USDT,2025-12-16 01:12:00+00:00,2025-12-16 01:42:00+00:00,prob_floor,-0.1545751520095042,30.0,86120.26,85756.93,0.0006180891697262769,-0.005847869014793949,-0.004218867894732359,0.005329715044603445,-0.0016359027777695934
BTC/USDT,2025-12-16 01:12:00+00:00,2025-12-16 01:43:00+00:00,trailing_prob_drop,-0.1420751505482581,31.0,86120.26,85809.44,0.0006180891697262769,-0.005847869014793949,-0.0036091391270763884,0.004714516258351065,-0.0022468390424177365
BTC/USDT,2025-12-16 01:12:00+00:00,2025-12-16 01:44:00+00:00,prob_floor,-0.1492093197616612,32.0,86120.26,85834.44,0.0006180891697262769,-0.005847869014793949,-0.003318847388523838,0.004421884735311465,-0.002537443012385232
BTC/USDT,2025-12-16 01:12:00+00:00,2025-12-16 01:45:00+00:00,prob_floor,-0.1079851465674592,33.0,86120.26,85616.64,0.0006180891697262769,-0.005847869014793949,-0.005847869014793949,0.006977031567695358,0.0
BTC/USDT,2025-12-16 01:12:00+00:00,2025-12-16 01:46:00+00:00,prob_floor,-0.131290149288168,34.0,86120.26,85885.44,0.0006180891697262769,-0.005847869014793949,-0.002726652241876515,0.003825444685385593,-0.0031297505141733017
BTC/USDT,2025-12-16 01:12:00+00:00,2025-12-16 01:47:00+00:00,prob_floor,-0.1732901541988636,35.0,86120.26,85863.23,0.0006180891697262769,-0.005847869014793949,-0.0029845474224067248,0.004085101387404144,-0.0011298200638386602
BTC/USDT,2025-12-16 01:12:00+00:00,2025-12-16 01:48:00+00:00,prob_floor,-0.1719401540408789,36.0,86120.26,85796.83,0.0006180891697262769,-0.005847869014793949,-0.003755562280002289,0.004862184302147243,-0.0003567730882364506
BTC/USDT,2025-12-16 01:12:00+00:00,2025-12-16 01:50:00+00:00,prob_floor,-0.1032951460202865,38.0,86120.26,85911.99,0.0006180891697262769,-0.005847869014793949,-0.0024183624155337258,0.003515225290439572,-0.0015342445216320888
BTC/USDT,2025-12-16 01:12:00+00:00,2025-12-16 01:52:00+00:00,trailing_prob_drop,-0.1022901459030538,40.0,86120.26,85860.21,0.0006180891697262769,-0.005847869014793949,-0.0030196146644237976,0.004120418526812442,-5.706950868167304e-05
BTC/USDT,2025-12-16 01:12:00+00:00,2025-12-16 02:02:00+00:00,trailing_prob_drop,-0.1145601473347461,50.0,86120.26,85885.84,0.0006180891697262769,-0.005847869014793949,-0.002722007574059826,0.0038207695238239303,-0.0008188777102255962
BTC/USDT,2025-12-16 01:12:00+00:00,2025-12-16 02:05:00+00:00,trailing_prob_drop,-0.0667301417584463,53.0,86120.26,85929.46,0.0006180891697262769,-0.005847869014793949,-0.002215506548633117,0.0033112043296907867,-0.0013260877003068439
BTC/USDT,2025-12-16 01:12:00+00:00,2025-12-16 02:06:00+00:00,trailing_prob_drop,-0.100140145652269,54.0,86120.26,85976.54,0.0006180891697262769,-0.005847869014793949,-0.0016688291465910554,0.0027617999049509567,-0.0018729527845618987
BTC/USDT,2025-12-16 01:12:00+00:00,2025-12-16 02:08:00+00:00,trailing_prob_drop,-0.1010401457572465,56.0,86120.26,85905.37,0.0006180891697262769,-0.005847869014793949,-0.0024952316679025532,0.0035925577178703705,-0.001157436374466414
BTC/USDT,2025-12-16 01:12:00+00:00,2025-12-16 02:09:00+00:00,trailing_prob_drop,-0.0492001397177991,57.0,86120.26,85916.51,0.0006180891697262769,-0.005847869014793949,-0.0023658776692034866,0.003462431143909539,-0.0012869470605822997
BTC/USDT,2025-12-16 01:12:00+00:00,2025-12-16 02:10:00+00:00,gate_close,-0.0686001419762172,58.0,86120.26,86006.0,0.0006180891697262769,-0.005847869014793949,-0.001326749361880597,0.002418319652117251,-0.002717252284724303
BTC/USDT,2025-12-16 01:12:00+00:00,2025-12-16 02:12:00+00:00,time_limit,-0.0638501350000052,60.0,86120.26,86013.83,0.0006180891697262769,-0.005847869014793949,-0.0012358299893659996,0.002327067635518709,-0.003076365742578857
BTC/USDT,,2025-12-16 02:13:00+00:00,dry_run,0.0,,,85990.88,,,,0.0025945774714712933,-0.003083466525752643
BTC/USDT,2025-12-16 02:13:00+00:00,2025-12-16 02:15:00+00:00,gate_close,-0.02163821251619,2.0,85990.88,85991.16,0.0025945774714712933,-0.003083466525752643,3.2561592577806664e-06,0.002591312874486107,-0.0032067249703341405
BTC/USDT,2025-12-16 02:13:00+00:00,2025-12-16 02:21:00+00:00,prob_floor,-0.0383632144632982,8.0,85990.88,85900.01,0.0025945774714712933,-0.003083466525752643,-0.0010567399705644354,0.04412246284953869,-0.0022835852987675986
BTC/USDT,2025-12-16 02:13:00+00:00,2025-12-16 02:26:00+00:00,take_profit,0.1012317890000017,13.0,85990.88,86149.0,0.0025945774714712933,-0.003083466525752643,0.001838799649451106,0.04110471392587267,-0.005792406179990439
BTC/USDT,,2025-12-16 02:28:00+00:00,dry_run,0.0,,,86205.75,,,,0.04041934557729632,-0.006875527444515139
BTC/USDT,2025-12-16 02:28:00+00:00,2025-12-16 02:32:00+00:00,gate_close,-0.0394355785762687,4.0,86205.75,86130.54,0.04041934557729632,-0.006875527444515139,-0.0008724476035532058,0.0413278495641618,-0.0062495834810741835
BTC/USDT,2025-12-16 02:28:00+00:00,2025-12-16 02:41:00+00:00,trailing_prob_drop,-0.0625655812646796,13.0,86205.75,86091.19,0.04041934557729632,-0.006875527444515139,-0.0013289136745517904,0.04180381291047319,-0.008602390093573997
BTC/USDT,2025-12-16 02:28:00+00:00,2025-12-16 02:42:00+00:00,prob_floor,-0.0239905767827044,14.0,86205.75,86097.87,0.04041934557729632,-0.006875527444515139,-0.001251424643947785,0.04172298339087832,-0.008679308791262663
BTC/USDT,2025-12-16 02:28:00+00:00,2025-12-16 02:43:00+00:00,trailing_prob_drop,-0.049330579726022,15.0,86205.75,86175.02,0.04041934557729632,-0.006875527444515139,-0.00035647274108741023,0.040790358969455376,-0.009566809500015205
BTC/USDT,2025-12-16 02:28:00+00:00,2025-12-16 02:44:00+00:00,trailing_prob_drop,-0.0470105794564042,16.0,86205.75,86130.18,0.04041934557729632,-0.006875527444515139,-0.0008766236590947996,0.04133220202256638,-0.00905118275614869
BTC/USDT,2025-12-16 02:28:00+00:00,2025-12-16 02:45:00+00:00,trailing_prob_drop,-0.0523755800799307,17.0,86205.75,86118.24,0.04041934557729632,-0.006875527444515139,-0.0010151295012222894,0.04147657917765146,-0.008913791085372824
BTC/USDT,2025-12-16 02:28:00+00:00,2025-12-16 02:46:00+00:00,trailing_prob_drop,-0.0398755786273852,18.0,86205.75,86118.26,0.04041934557729632,-0.006875527444515139,-0.0010148974981367687,0.041476337306397104,-0.008914021254028959
BTC/USDT,2025-12-16 02:28:00+00:00,2025-12-16 02:47:00+00:00,trailing_prob_drop,-0.0546855803484511,19.0,86205.75,86143.25,0.04041934557729632,-0.006875527444515139,-0.0007250096426282271,0.04117420691696694,-0.009201533492177227
BTC/USDT,2025-12-16 02:28:00+00:00,2025-12-16 02:48:00+00:00,trailing_prob_drop,-0.0480355795755221,20.0,86205.75,86112.22,0.04041934557729632,-0.006875527444515139,-0.0010849624300003358,0.041549387531758075,-0.008844505460432805
BTC/USDT,2025-12-16 02:28:00+00:00,2025-12-16 02:49:00+00:00,trailing_prob_drop,-0.0821205835398114,21.0,86205.75,86115.87,0.04041934557729632,-0.006875527444515139,-0.0010426218668708742,0.041505241716770724,-0.008886515342642287
BTC/USDT,2025-12-16 02:28:00+00:00,2025-12-16 02:50:00+00:00,prob_floor,-0.0710555822521876,22.0,86205.75,86066.93,0.04041934557729632,-0.006875527444515139,-0.0016103334174345507,0.04209746995739261,-0.008322941227251746
BTC/USDT,2025-12-16 02:28:00+00:00,2025-12-16 02:51:00+00:00,trailing_prob_drop,-0.0806955833739394,23.0,86205.75,86080.9,0.04041934557729632,-0.006875527444515139,-0.001448279262114216,0.04192834879746865,-0.008483879699213048
BTC/USDT,2025-12-16 02:28:00+00:00,2025-12-16 02:52:00+00:00,prob_floor,-0.1386505901284526,24.0,86205.75,86061.62,0.04041934557729632,-0.006875527444515139,-0.0016719302366722255,0.04216176734762844,-0.008261754775241159
BTC/USDT,2025-12-16 02:28:00+00:00,2025-12-16 02:53:00+00:00,prob_floor,-0.1448205908486142,25.0,86205.75,85945.71,0.04041934557729632,-0.006875527444515139,-0.003016504119504715,0.04356727054788423,-0.006924254858095891
BTC/USDT,2025-12-16 02:28:00+00:00,2025-12-16 02:54:00+00:00,prob_floor,-0.1639555930834022,26.0,86205.75,85939.19,0.04041934557729632,-0.006875527444515139,-0.0030921371254237773,0.043646443491031306,-0.006848912585748046
BTC/USDT,2025-12-16 02:28:00+00:00,2025-12-16 02:55:00+00:00,prob_floor,-0.1820305951962029,27.0,86205.75,85895.1,0.04041934557729632,-0.006875527444515139,-0.0036035879277194205,0.044182147759301627,-0.006339127610306083
BTC/USDT,2025-12-16 02:28:00+00:00,2025-12-16 02:56:00+00:00,prob_floor,-0.1786655948027308,28.0,86205.75,85828.0,0.04041934557729632,-0.006875527444515139,-0.004381958280045173,0.04499848534277873,-0.005562287365428409
BTC/USDT,2025-12-16 02:28:00+00:00,2025-12-16 02:57:00+00:00,prob_floor,-0.1666605933994819,29.0,86205.75,85861.93,0.04041934557729632,-0.006875527444515139,-0.003988365045255238,0.04458553400791265,-0.005955258634414373
BTC/USDT,2025-12-16 02:28:00+00:00,2025-12-16 02:58:00+00:00,prob_floor,-0.1396205902416597,30.0,86205.75,85888.82,0.04041934557729632,-0.006875527444515139,-0.0036764368966106797,0.044258496041743145,-0.006266473331453359
BTC/USDT,2025-12-16 02:28:00+00:00,2025-12-16 02:59:00+00:00,prob_floor,-0.1191505878537456,31.0,86205.75,85943.77,0.04041934557729632,-0.006875527444515139,-0.0030390084188118838,0.04359082688599769,-0.0069018382600622985
BTC/USDT,2025-12-16 02:28:00+00:00,2025-12-16 03:00:00+00:00,prob_floor,-0.1033755860150665,32.0,86205.75,85984.71,0.04041934557729632,-0.006875527444515139,-0.002564098102504686,0.0430939407715627,-0.007374683243102198
BTC/USDT,2025-12-16 02:28:00+00:00,2025-12-16 03:01:00+00:00,prob_floor,-0.1427255906040586,33.0,86205.75,86016.25,0.04041934557729632,-0.006875527444515139,-0.0021982292364488565,0.042711464403528465,-0.007738654033394798
BTC/USDT,2025-12-16 02:28:00+00:00,2025-12-16 03:02:00+00:00,prob_floor,-0.1335405895321552,34.0,86205.75,85937.56,0.04041934557729632,-0.006875527444515139,-0.003111045376903543,0.04366623860393526,-0.006830075231365584
BTC/USDT,2025-12-16 02:28:00+00:00,2025-12-16 03:03:00+00:00,prob_floor,-0.1557955921301406,35.0,86205.75,85955.92,0.04041934557729632,-0.006875527444515139,-0.0028980665442850384,0.04344331373569155,-0.007042214195368879
BTC/USDT,2025-12-16 02:28:00+00:00,2025-12-16 03:04:00+00:00,prob_floor,-0.1745455943210548,36.0,86205.75,85912.36,0.04041934557729632,-0.006875527444515139,-0.003403369264811218,0.043972369051437976,-0.0065387564722932945
BTC/USDT,2025-12-16 02:28:00+00:00,2025-12-16 03:05:00+00:00,prob_floor,-0.1520255916898623,37.0,86205.75,85873.91,0.04041934557729632,-0.006875527444515139,-0.0038493951969560403,0.04443980715446627,-0.0060939347003065025
BTC/USDT,2025-12-16 02:28:00+00:00,2025-12-16 03:06:00+00:00,prob_floor,-0.2085305982970416,38.0,86205.75,85888.82,0.04041934557729632,-0.006875527444515139,-0.0036764368966106797,0.044258496041743145,-0.006266473331453359
BTC/USDT,2025-12-16 02:28:00+00:00,2025-12-16 03:07:00+00:00,prob_floor,-0.1875105958371294,39.0,86205.75,85805.94,0.04041934557729632,-0.006875527444515139,-0.004637857683507218,0.04526714584095237,-0.005306625625218886
BTC/USDT,2025-12-16 02:28:00+00:00,2025-12-16 03:08:00+00:00,prob_floor,-0.196960596942733,40.0,86205.75,85827.97,0.04041934557729632,-0.006875527444515139,-0.0043823062846736205,0.04499885060779141,-0.0055619397732463716
BTC/USDT,2025-12-16 02:28:00+00:00,2025-12-16 03:09:00+00:00,prob_floor,-0.2253556002677822,41.0,86205.75,85829.08,0.04041934557729632,-0.006875527444515139,-0.004369430113420503,0.04498533597237686,-0.005574800522153978
BTC/USDT,2025-12-16 02:28:00+00:00,2025-12-16 03:10:00+00:00,prob_floor,-0.2085805983029061,42.0,86205.75,85772.3,0.04041934557729632,-0.006875527444515139,-0.005028086873555382,0.04567710088221966,-0.004916505678406624
BTC/USDT,2025-12-16 02:28:00+00:00,2025-12-16 03:11:00+00:00,prob_floor,-0.2368956016203545,43.0,86205.75,85805.85,0.04041934557729632,-0.006875527444515139,-0.004638901697392561,0.04526824220026948,-0.005305582311695534
BTC/USDT,2025-12-16 02:28:00+00:00,2025-12-16 03:12:00+00:00,prob_floor,-0.2386406018249492,44.0,86205.75,85749.22,0.04041934557729632,-0.006875527444515139,-0.005295818434385202,0.045958552159425015,-0.004648672022905864
BTC/USDT,2025-12-16 02:28:00+00:00,2025-12-16 03:13:00+00:00,prob_floor,-0.2431556023543863,45.0,86205.75,85745.72,0.04041934557729632,-0.006875527444515139,-0.0053364189743723145,0.04600124647620896,-0.004608043410213258
BTC/USDT,2025-12-16 02:28:00+00:00,2025-12-16 03:14:00+00:00,prob_floor,-0.2293756007388672,46.0,86205.75,85736.76,0.04041934557729632,-0.006875527444515139,-0.005440356356739562,0.0461105598112177,-0.004504019046206009
BTC/USDT,2025-12-16 02:28:00+00:00,2025-12-16 03:15:00+00:00,prob_floor,-0.2177505993767991,47.0,86205.75,85764.26,0.04041934557729632,-0.006875527444515139,-0.005121352113983124,0.045775128241064555,-0.004823221234579456
BTC/USDT,2025-12-16 02:28:00+00:00,2025-12-16 03:16:00+00:00,prob_floor,-0.2172005993123725,48.0,86205.75,85796.08,0.04041934557729632,-0.006875527444515139,-0.004752235204728228,0.04538727177278967,-0.005192311816577089
BTC/USDT,2025-12-16 02:28:00+00:00,2025-12-16 03:18:00+00:00,prob_floor,-0.2488556030229502,50.0,86205.75,85716.01,0.04041934557729632,-0.006875527444515139,-0.005681059558092172,0.00813488635320292,-0.0042630309086947316
BTC/USDT,2025-12-16 02:28:00+00:00,2025-12-16 03:19:00+00:00,prob_floor,-0.2132755988526816,51.0,86205.75,85725.29,0.04041934557729632,-0.006875527444515139,-0.005573410126354705,0.008025752960415966,-0.004370822192610646
BTC/USDT,2025-12-16 02:28:00+00:00,2025-12-16 03:20:00+00:00,prob_floor,-0.2498356031379008,52.0,86205.75,85796.46,0.04041934557729632,-0.006875527444515139,-0.004747827146101002,0.007189574022051781,-0.005196717906542969
BTC/USDT,2025-12-16 02:28:00+00:00,2025-12-16 03:21:00+00:00,prob_floor,-0.2447006025355798,53.0,86205.75,85705.4,0.04041934557729632,-0.006875527444515139,-0.005804137195024817,0.00825968958782064,-0.004139762488711174
BTC/USDT,2025-12-16 02:28:00+00:00,2025-12-16 03:22:00+00:00,prob_floor,-0.2609256044392257,54.0,86205.75,85733.61,0.04041934557729632,-0.006875527444515139,-0.005476896842728007,0.007927929315002524,-0.0044674428150173195
BTC/USDT,2025-12-16 02:28:00+00:00,2025-12-16 03:23:00+00:00,prob_floor,-0.2608806044339312,55.0,86205.75,85701.16,0.04041934557729632,-0.006875527444515139,-0.005853321849180526,0.00830957247253128,-0.00409049305750353
BTC/USDT,2025-12-16 02:28:00+00:00,2025-12-16 03:24:00+00:00,prob_floor,-0.278840606542803,56.0,86205.75,85701.25,0.04041934557729632,-0.006875527444515139,-0.005852277835295183,0.008308513586441357,-0.0040915389215442355
BTC/USDT,2025-12-16 02:28:00+00:00,2025-12-16 03:25:00+00:00,prob_floor,-0.2854106073147121,57.0,86205.75,85665.32,0.04041934557729632,-0.006875527444515139,-0.0062690713786492935,0.008731421303276532,-0.003673832071134475
BTC/USDT,2025-12-16 02:28:00+00:00,2025-12-16 03:26:00+00:00,prob_floor,-0.2878056075961437,58.0,86205.75,85667.61,0.04041934557729632,-0.006875527444515139,-0.006242507025343458,0.00870445667855102,-0.003700465088263716
BTC/USDT,2025-12-16 02:28:00+00:00,2025-12-16 03:27:00+00:00,prob_floor,-0.3074106099011686,59.0,86205.75,85647.39,0.04041934557729632,-0.006875527444515139,-0.006477062144926493,0.008942595915649054,-0.0034652544578415156
BTC/USDT,2025-12-16 02:28:00+00:00,2025-12-16 03:28:00+00:00,time_limit,-0.2617155750000012,60.0,86205.75,85613.05,0.04041934557729632,-0.006875527444515139,-0.006875411442972212,0.009347289928346214,-0.003065537321705003
BTC/USDT,,2025-12-16 03:43:00+00:00,dry_run,0.0,,,85760.49,,,,0.007612013410837504,-0.0028593586627129186
BTC/USDT,2025-12-16 03:43:00+00:00,2025-12-16 03:44:00+00:00,take_profit,0.0184274801472415,1.0,85760.49,85775.23,0.007612013410837504,-0.0028593586627129186,0.0001718740179772471,0.007438860845957684,-0.003030711780079076
BTC/USDT,2025-12-16 03:43:00+00:00,2025-12-16 03:45:00+00:00,take_profit,0.0285474813253093,2.0,85760.49,85829.26,0.007612013410837504,-0.0028593586627129186,0.0008018844108748091,0.006804672439212567,-0.0036583095322036963
BTC/USDT,2025-12-16 03:43:00+00:00,2025-12-16 03:46:00+00:00,take_profit,0.0391124770000023,3.0,85760.49,85836.21,0.007612013410837504,-0.0028593586627129186,0.000882924059785628,0.006723153317230501,-0.003738981485785553
BTC/USDT,,2025-12-16 03:47:00+00:00,dry_run,0.0,,,85870.61,,,,0.006319857282951702,-0.004138086360397253
BTC/USDT,2025-12-16 03:47:00+00:00,2025-12-16 04:00:00+00:00,take_profit,0.0083598159999997,13.0,85870.61,85875.93,0.006319857282951702,-0.004138086360397253,6.195367658379247e-05,0.0005004894852376207,-0.006721441037086828
BTC/USDT,,2025-12-16 04:01:00+00:00,dry_run,0.0,,,85877.73,,,,0.00047951896259967874,-0.00674226018782742
BTC/USDT,2025-12-16 04:01:00+00:00,2025-12-16 04:02:00+00:00,prob_floor,-0.0142225126563546,1.0,85877.73,85825.12,0.00047951896259967874,-0.00674226018782742,-0.0006126151681000724,0.0010928035987600726,-0.006133402435091195
BTC/USDT,2025-12-16 04:01:00+00:00,2025-12-16 04:07:00+00:00,prob_floor,-0.0040675114731052,6.0,85877.73,85812.54,0.00047951896259967874,-0.00674226018782742,-0.0007591025053875766,0.0013069185459375632,-0.005987702962760411
BTC/USDT,2025-12-16 04:01:00+00:00,2025-12-16 04:09:00+00:00,take_profit,0.0091824879999994,8.0,85877.73,85827.11,0.00047951896259967874,-0.00674226018782742,-0.0005894426878771952,0.0011369368023692594,-0.006156446372247659
BTC/USDT,,2025-12-16 04:53:00+00:00,dry_run,0.0,,,85741.2,,,,0.005083903654252708,-0.0015311192285621944
BTC/USDT,2025-12-16 04:53:00+00:00,2025-12-16 04:55:00+00:00,trailing_prob_drop,-0.0049749845793436,2.0,85741.2,85615.22,0.005083903654252708,-0.0015311192285621944,-0.0014693053048009386,0.006562851792006219,-6.190488093127389e-05
BTC/USDT,2025-12-16 04:53:00+00:00,2025-12-16 04:56:00+00:00,take_profit,0.0164950149999997,3.0,85741.2,85805.01,0.005083903654252708,-0.0015311192285621944,0.0007442163160766846,0.004336460073834925,-0.0022736434620774792
BTC/USDT,,2025-12-16 04:57:00+00:00,spread_threshold,0.0,,,85800.0,,,,0.004395104895104973,-0.002215384615384619
BTC/USDT,,2025-12-16 04:58:00+00:00,dry_run,0.0,,,85804.91,,,,0.004337630562167183,-0.0022724806773878337
BTC/USDT,2025-12-16 04:58:00+00:00,2025-12-16 04:59:00+00:00,take_profit,0.0050161495847328,1.0,85804.91,85838.51,0.004337630562167183,-0.0022724806773878337,0.0003915859826668644,0.0039444999686040205,-0.0026630238572407094
BTC/USDT,2025-12-16 04:58:00+00:00,2025-12-16 05:02:00+00:00,take_profit,0.0085511479999947,4.0,85804.91,85830.65,0.004337630562167183,-0.0022724806773878337,0.0002999828331500254,0.00403643686724986,-0.002538953159506474
BTC/USDT,,2025-12-16 05:04:00+00:00,dry_run,0.0,,,85877.72,,,,0.0034861195662856392,-0.003085666456911107
BTC/USDT,2025-12-16 05:04:00+00:00,2025-12-16 05:07:00+00:00,take_profit,0.0058458609999976,3.0,85877.72,85892.7,0.0034861195662856392,-0.003085666456911107,0.00017443406741590728,0.004357064104400177,-0.0032595319509108878
BTC/USDT,,2025-12-16 05:08:00+00:00,dry_run,0.0,,,85897.02,,,,0.004306552194709434,-0.003309660800805525
BTC/USDT,2025-12-16 05:08:00+00:00,2025-12-16 05:15:00+00:00,trailing_prob_drop,-0.0256773859883126,7.0,85897.02,85860.24,0.004306552194709434,-0.003309660800805525,-0.0004281871478195587,0.0050509991586324965,-0.002882707991498812
BTC/USDT,2025-12-16 05:08:00+00:00,2025-12-16 05:16:00+00:00,take_profit,0.0055476159999994,8.0,85897.02,85916.0,0.004306552194709434,-0.003309660800805525,0.00022096226388290674,0.004398715023976818,-0.003529843102565322
BTC/USDT,,2025-12-16 05:18:00+00:00,dry_run,0.0,,,85947.9,,,,0.004025927335048474,-0.00389968806684049
BTC/USDT,2025-12-16 05:18:00+00:00,2025-12-16 05:22:00+00:00,prob_floor,-0.0428632569874236,4.0,85947.9,85867.65,0.004025927335048474,-0.00389968806684049,-0.0009337051865141444,0.006199657263241898,-0.0029687548221012383
BTC/USDT,2025-12-16 05:18:00+00:00,2025-12-16 05:35:00+00:00,prob_floor,-0.0547895889001698,17.0,85947.9,85847.0,0.004025927335048474,-0.00389968806684049,-0.0011739670195548557,0.006907638007152217,-0.0027289247148998275
BTC/USDT,2025-12-16 05:18:00+00:00,2025-12-16 05:39:00+00:00,take_profit,0.0063817470000032,21.0,85947.9,85958.68,0.004025927335048474,-0.00389968806684049,0.0001254248213160558,0.005746714584263124,-0.00011866166395291255
BTC/USDT,,2025-12-16 05:40:00+00:00,dry_run,0.0,,,86010.23,,,,0.005143922996136752,-0.0007179378546017245
BTC/USDT,2025-12-16 05:40:00+00:00,2025-12-16 05:41:00+00:00,take_profit,0.0055535006455937,1.0,86010.23,86065.0,0.005143922996136752,-0.0007179378546017245,0.0006367847173529562,0.004567826642653872,-0.0011479695578923144
BTC/USDT,2025-12-16 05:40:00+00:00,2025-12-16 05:42:00+00:00,take_profit,0.0060335007013387,2.0,86010.23,86093.34,0.005143922996136752,-0.0007179378546017245,0.0009662804064121122,0.0042371454052079205,-0.0014767692831989532
BTC/USDT,2025-12-16 05:40:00+00:00,2025-12-16 05:44:00+00:00,take_profit,0.0440434990000014,4.0,86010.23,86082.41,0.005143922996136752,-0.0007179378546017245,0.0008392024995167446,0.004364654753508779,-0.001349985438372392
BTC/USDT,,2025-12-16 05:46:00+00:00,dry_run,0.0,,,86156.35,,,,0.0035397274838129267,-0.002207034072358116
BTC/USDT,2025-12-16 05:46:00+00:00,2025-12-16 05:51:00+00:00,trailing_prob_drop,-0.0856027189484643,5.0,86156.35,86043.66,0.0035397274838129267,-0.002207034072358116,-0.0013079709156667008,0.006086793611522312,-0.0009002406452724987
BTC/USDT,2025-12-16 05:46:00+00:00,2025-12-16 05:54:00+00:00,trailing_prob_drop,-0.0953677200859132,8.0,86156.35,85993.42,0.0035397274838129267,-0.002207034072358116,-0.001891096825712868,0.006844593458429582,-0.00031653584657986844
BTC/USDT,2025-12-16 05:46:00+00:00,2025-12-16 05:55:00+00:00,trailing_prob_drop,-0.1039627210875071,9.0,86156.35,85995.92,0.0035397274838129267,-0.002207034072358116,-0.0018620798118770265,0.006815323331618384,-0.00034559779115106437
BTC/USDT,2025-12-16 05:46:00+00:00,2025-12-16 05:56:00+00:00,prob_floor,-0.0965277202210778,10.0,86156.35,85977.47,0.0035397274838129267,-0.002207034072358116,-0.002076225373985885,0.0070313769409589,-0.00013108085176272155
BTC/USDT,2025-12-16 05:46:00+00:00,2025-12-16 05:57:00+00:00,prob_floor,-0.0858527189775785,11.0,86156.35,86001.29,0.0035397274838129267,-0.002207034072358116,-0.001799751266157501,0.006752456852681998,-0.0004080171355568263
BTC/USDT,2025-12-16 05:46:00+00:00,2025-12-16 05:58:00+00:00,trailing_prob_drop,-0.0831177186590877,12.0,86156.35,86022.65,0.0035397274838129267,-0.002207034072358116,-0.0015518298999436242,0.006502473476462267,-0.0002481904475157837
BTC/USDT,2025-12-16 05:46:00+00:00,2025-12-16 05:59:00+00:00,prob_floor,-0.0717277173331608,13.0,86156.35,86022.66,0.0035397274838129267,-0.002207034072358116,-0.001551713831888235,0.006502356472120052,0.0
BTC/USDT,2025-12-16 05:46:00+00:00,2025-12-16 06:00:00+00:00,prob_floor,-0.0626227162737352,14.0,86156.35,86050.75,0.0035397274838129267,-0.002207034072358116,-0.0012256786644281314,0.006173798601406766,-0.00026310055403355737
BTC/USDT,2025-12-16 05:46:00+00:00,2025-12-16 06:01:00+00:00,prob_floor,-0.0471777144776402,15.0,86156.35,86069.11,0.0035397274838129267,-0.002207034072358116,-0.001012577714817331,0.005959164675921391,-0.0002116903497666467
BTC/USDT,2025-12-16 05:46:00+00:00,2025-12-16 06:02:00+00:00,prob_floor,-0.0222677115835872,16.0,86156.35,86100.0,0.0035397274838129267,-0.002207034072358116,-0.0006540434918610449,0.04169721254355396,-0.00035888501742153966
BTC/USDT,2025-12-16 05:46:00+00:00,2025-12-16 06:03:00+00:00,trailing_prob_drop,-0.0224877116091335,17.0,86156.35,86154.66,0.0035397274838129267,-0.002207034072358116,-1.961550135309853e-05,0.04103631771049887,-0.0006344404353751942
BTC/USDT,2025-12-16 05:46:00+00:00,2025-12-16 06:05:00+00:00,take_profit,0.0102772899999967,19.0,86156.35,86169.61,0.0035397274838129267,-0.002207034072358116,0.00015390624138555964,0.0408557030721155,-0.00023476954346202117
BTC/USDT,,2025-12-16 06:08:00+00:00,dry_run,0.0,,,86262.57,,,,0.039734035283205626,-0.0009108237790736995
BTC/USDT,2025-12-16 06:08:00+00:00,2025-12-16 06:09:00+00:00,gate_close,-0.0360293951763363,1.0,86262.57,86293.91,0.039734035283205626,-0.0009108237790736995,0.0003633093704487056,0.03935642735391176,-0.0012736704131265375
BTC/USDT,2025-12-16 06:08:00+00:00,2025-12-16 06:10:00+00:00,gate_close,-0.0403393956764891,2.0,86262.57,86220.01,0.039734035283205626,-0.0009108237790736995,-0.0004933773709734357,0.04024726974631543,-0.00041765246837710546
BTC/USDT,2025-12-16 06:08:00+00:00,2025-12-16 06:12:00+00:00,gate_close,-0.0427693959585153,4.0,86262.57,86184.0,0.039734035283205626,-0.0009108237790736995,-0.0009108237790736995,0.04068191311612379,0.0
BTC/USDT,2025-12-16 06:08:00+00:00,2025-12-16 06:20:00+00:00,take_profit,0.0137006080000017,12.0,86262.57,86269.25,0.039734035283205626,-0.0009108237790736995,7.743798961690196e-05,0.03965352660420729,-0.0007036110781071248
BTC/USDT,,2025-12-16 06:22:00+00:00,dry_run,0.0,,,86366.22,,,,0.0384862276014859,-0.003115106809120638
BTC/USDT,2025-12-16 06:22:00+00:00,2025-12-16 06:25:00+00:00,take_profit,0.0059431979999944,3.0,86366.22,86391.49,0.0384862276014859,-0.003115106809120638,0.000292591246901841,0.03818246449968621,-0.0034067012850457212
BTC/USDT,,2025-12-16 06:26:00+00:00,dry_run,0.0,,,86410.98,,,,0.03794830240323632,-0.00363148294348703
BTC/USDT,2025-12-16 06:26:00+00:00,2025-12-16 06:28:00+00:00,gate_close,-0.0164932189075147,2.0,86410.98,86391.72,0.03794830240323632,-0.00363148294348703,-0.00022288834127326407,0.038179700554636486,-0.0034093545075848386
BTC/USDT,2025-12-16 06:26:00+00:00,2025-12-16 06:30:00+00:00,gate_close,-0.0107432182421003,4.0,86410.98,86367.76,0.03794830240323632,-0.00363148294348703,-0.0005001679184751806,0.03846771063646903,-0.0031328819920767303
BTC/USDT,2025-12-16 06:26:00+00:00,2025-12-16 06:32:00+00:00,gate_close,-0.0250532198984547,6.0,86410.98,86392.53,0.03794830240323632,-0.00363148294348703,-0.00021351453252815844,0.038169966778377695,-0.0034186983527395576
BTC/USDT,2025-12-16 06:26:00+00:00,2025-12-16 06:34:00+00:00,gate_close,-0.0296032204253227,8.0,86410.98,86374.53,0.03794830240323632,-0.00363148294348703,-0.0004218213935311965,0.0383863159660609,-0.0032110160252102338
BTC/USDT,2025-12-16 06:26:00+00:00,2025-12-16 06:36:00+00:00,gate_close,0.0015417820000049,10.0,86410.98,86443.19,0.03794830240323632,-0.00363148294348703,0.0003727535551616423,0.03756154764765163,-0.004008297241228642
BTC/USDT,,2025-12-16 06:37:00+00:00,dry_run,0.0,,,86452.55,,,,0.0374492134702793,-0.004531965800893101
BTC/USDT,2025-12-16 06:37:00+00:00,2025-12-16 06:45:00+00:00,take_profit,0.0095471420000023,8.0,86452.55,86434.59,0.0374492134702793,-0.004531965800893101,-0.00020774401680467847,0.03766478212021385,-0.0066473387563936726
BTC/USDT,,2025-12-16 06:47:00+00:00,dry_run,0.0,,,86447.6,,,,0.03750861793734006,-0.00679683415155552
BTC/USDT,2025-12-16 06:47:00+00:00,2025-12-16 06:49:00+00:00,take_profit,0.006736800779672,2.0,86447.6,86434.57,0.03750861793734006,-0.00679683415155552,-0.00015072714569286383,0.03766502222432533,-0.00664710890561504
BTC/USDT,2025-12-16 06:47:00+00:00,2025-12-16 06:50:00+00:00,take_profit,0.051126799000004,3.0,86447.6,86462.79,0.03750861793734006,-0.00679683415155552,0.00017571338012833948,0.037326345818819995,-0.006971322577029926
BTC/USDT,,2025-12-16 06:54:00+00:00,dry_run,0.0,,,86555.76,,,,0.03621214809967599,-0.008037939936059613
BTC/USDT,2025-12-16 06:54:00+00:00,2025-12-16 06:55:00+00:00,take_profit,0.0087479940111528,1.0,86555.76,86520.07,0.03621214809967599,-0.008037939936059613,-0.0004123353546890973,0.03663959125322025,-0.007628750184783817
BTC/USDT,2025-12-16 06:54:00+00:00,2025-12-16 06:56:00+00:00,take_profit,0.0150629947403501,2.0,86555.76,86554.9,0.03621214809967599,-0.008037939936059613,-9.935791679294148e-06,0.03622244379001094,-0.00802808390974974
BTC/USDT,2025-12-16 06:54:00+00:00,2025-12-16 06:58:00+00:00,gate_close,-0.0146970086979105,4.0,86555.76,86528.55,0.03621214809967599,-0.008037939936059613,-0.0003143638274332172,0.03653799815205505,-0.007726004885092896
BTC/USDT,2025-12-16 06:54:00+00:00,2025-12-16 07:01:00+00:00,take_profit,0.0070879919999979,7.0,86555.76,86531.32,0.03621214809967599,-0.008037939936059613,-0.00028236133562908883,0.036504816984185506,-0.007757769094473677
BTC/USDT,,2025-12-16 07:03:00+00:00,dry_run,0.0,,,86549.77,,,,0.0007580609399655547,-0.007969287497817779
BTC/USDT,2025-12-16 07:03:00+00:00,2025-12-16 07:05:00+00:00,take_profit,0.0177360170484608,2.0,86549.77,86560.0,0.0007580609399655547,-0.007969287497817779,0.00011819788775868645,0.0006397874306840468,-0.008086529574861334
BTC/USDT,2025-12-16 07:03:00+00:00,2025-12-16 07:06:00+00:00,take_profit,0.0062410139999967,3.0,86549.77,86587.39,0.0007580609399655547,-0.007969287497817779,0.00043466320014484694,0.0003232572317979354,-0.01094535820978082
BTC/USDT,,2025-12-16 07:58:00+00:00,dry_run,0.0,,,86048.01,,,,0.042326603485658865,-0.004745606551505244
BTC/USDT,2025-12-16 07:58:00+00:00,2025-12-16 08:02:00+00:00,take_profit,0.0227428490000011,4.0,86048.01,86018.57,0.042326603485658865,-0.004745606551505244,-0.0003421345827752109,0.0426833415156751,-0.004404979064404402
BTC/USDT,,2025-12-16 08:07:00+00:00,dry_run,0.0,,,86111.87,,,,0.04155362088873482,-0.002281915373571586
BTC/USDT,2025-12-16 08:07:00+00:00,2025-12-16 08:15:00+00:00,gate_close,-0.0392723225590309,8.0,86111.87,86104.03,0.04155362088873482,-0.002281915373571586,-9.104435892515195e-05,0.0416484571047373,-0.0021910704992553764
BTC/USDT,2025-12-16 08:07:00+00:00,2025-12-16 08:24:00+00:00,take_profit,0.0105226809999994,17.0,86111.87,86178.21,0.04155362088873482,-0.002281915373571586,0.0007703932105993516,0.040751832742870864,-0.000835245939780016
BTC/USDT,,2025-12-16 08:30:00+00:00,dry_run,0.0,,,86254.88,,,,0.0028026240370397915,-0.0017233807524862366
BTC/USDT,2025-12-16 08:30:00+00:00,2025-12-16 08:39:00+00:00,prob_floor,-0.0408788787421243,9.0,86254.88,86121.19,0.0028026240370397915,-0.0017233807524862366,-0.0015499412902783005,0.004359322020515366,-0.00017370870049526754
BTC/USDT,2025-12-16 08:30:00+00:00,2025-12-16 08:44:00+00:00,take_profit,0.0544961250000026,14.0,86254.88,86259.56,0.0028026240370397915,-0.0017233807524862366,5.425779967449529e-05,0.0027482171251511645,-0.00067772198235172
BTC/USDT,,2025-12-16 08:47:00+00:00,dry_run,0.0,,,86320.67,,,,0.002038329869311628,-0.001754967842580557
BTC/USDT,2025-12-16 08:47:00+00:00,2025-12-16 09:00:00+00:00,prob_floor,-0.0463685513737029,13.0,86320.67,86271.5,0.002038329869311628,-0.001754967842580557,-0.0005696202311682441,0.002609436488295591,-0.0011860231942183441
BTC/USDT,2025-12-16 08:47:00+00:00,2025-12-16 09:02:00+00:00,prob_floor,-0.0332485498518426,15.0,86320.67,86265.96,0.002038329869311628,-0.001754967842580557,-0.0006337995291277876,0.0026738240668739977,-0.0011218793600629162
BTC/USDT,2025-12-16 08:47:00+00:00,2025-12-16 09:11:00+00:00,gate_close,-0.006438546744911,24.0,86320.67,86340.53,0.002038329869311628,-0.001754967842580557,0.00023007235694527672,0.0018078415779934076,-0.0019845836016990637
BTC/USDT,2025-12-16 08:47:00+00:00,2025-12-16 09:19:00+00:00,take_profit,0.0075164530000014,32.0,86320.67,86334.64,0.002038329869311628,-0.001754967842580557,0.00016183841019778988,0.0018761878198598758,-0.003203349200274652
BTC/USDT,,2025-12-16 09:23:00+00:00,dry_run,0.0,,,86337.1,,,,0.001847641396340416,-0.003231750892721763
BTC/USDT,2025-12-16 09:23:00+00:00,2025-12-16 09:25:00+00:00,prob_floor,-0.0522750060616112,2.0,86337.1,86241.01,0.001847641396340416,-0.003231750892721763,-0.0011129630251653921,0.002963903136106616,-0.0021211486275496405
BTC/USDT,2025-12-16 09:23:00+00:00,2025-12-16 09:26:00+00:00,prob_floor,-0.045115005230394,3.0,86337.1,86212.74,0.001847641396340416,-0.003231750892721763,-0.0014404004767359924,0.0032761979261997087,-0.0017939343999506807
BTC/USDT,2025-12-16 09:23:00+00:00,2025-12-16 09:27:00+00:00,prob_floor,-0.0395800045880346,4.0,86337.1,86227.06,0.001847641396340416,-0.003231750892721763,-0.0012745389872952373,0.003109580681516899,-0.001959709631755957
BTC/USDT,2025-12-16 09:23:00+00:00,2025-12-16 09:28:00+00:00,prob_floor,-0.0219700025453826,5.0,86337.1,86238.12,0.001847641396340416,-0.003231750892721763,-0.0011464364682159944,0.002980932330157504,-0.002087707848918763
BTC/USDT,2025-12-16 09:23:00+00:00,2025-12-16 09:29:00+00:00,prob_floor,-0.0191250022155281,6.0,86337.1,86273.34,0.001847641396340416,-0.003231750892721763,-0.0007385005982365467,0.0025714780487229305,-0.0024950929221008167
BTC/USDT,2025-12-16 09:23:00+00:00,2025-12-16 09:31:00+00:00,take_profit,0.0233599990000052,8.0,86337.1,86322.97,0.001847641396340416,-0.003231750892721763,-0.0001636608132541406,0.001995065739744506,-0.0030685922877768945
BTC/USDT,,2025-12-16 09:32:00+00:00,dry_run,0.0,,,86363.99,,,,0.0015191516742105726,-0.0035421012855011424
BTC/USDT,2025-12-16 09:32:00+00:00,2025-12-16 09:35:00+00:00,prob_floor,-0.0494329027263933,3.0,86363.99,86235.56,0.0015191516742105726,-0.0035421012855011424,-0.0014870781213328632,0.0030107069519813567,-0.002058083695403612
BTC/USDT,2025-12-16 09:32:00+00:00,2025-12-16 09:36:00+00:00,prob_floor,-0.033302900856196,4.0,86363.99,86297.41,0.0015191516742105726,-0.0035421012855011424,-0.0007709231590620202,0.0023475791451910144,-0.0027733161400788076
BTC/USDT,2025-12-16 09:32:00+00:00,2025-12-16 09:44:00+00:00,take_profit,0.0127421020000046,12.0,86363.99,86374.26,0.0015191516742105726,-0.0035421012855011424,0.00011891530254670712,0.03838956189031317,-0.0036605812889163314
BTC/USDT,,2025-12-16 09:46:00+00:00,dry_run,0.0,,,86358.76,,,,0.04216410703442253,-0.0034817544855900717
BTC/USDT,2025-12-16 09:46:00+00:00,2025-12-16 09:47:00+00:00,take_profit,0.0044154805117893,1.0,86358.76,86349.36,0.04216410703442253,-0.0034817544855900717,-0.00010884825117907226,0.04227755712375858,-0.0033732734093222527
BTC/USDT,2025-12-16 09:46:00+00:00,2025-12-16 10:06:00+00:00,take_profit,0.0101404789999941,20.0,86358.76,86368.59,0.04216410703442253,-0.0034817544855900717,0.00011382747969057583,0.04204549362216059,-0.0035951727358289887
BTC/USDT,,2025-12-16 10:07:00+00:00,dry_run,0.0,,,86382.77,,,,0.04187443861779383,-0.0037587356830535157
BTC/USDT,2025-12-16 10:07:00+00:00,2025-12-16 10:12:00+00:00,take_profit,0.0263070999999997,5.0,86382.77,86388.0,0.04187443861779383,-0.0037587356830535157,6.054448126624479e-05,0.041811362689262443,-0.0038190489419827056
BTC/USDT,,2025-12-16 10:14:00+00:00,dry_run,0.0,,,86460.98,,,,0.04093199036143247,-0.0012557109577059355
BTC/USDT,2025-12-16 10:14:00+00:00,2025-12-16 10:15:00+00:00,take_profit,0.0118245803674742,1.0,86460.98,86454.21,0.04093199036143247,-0.0012557109577059355,-7.830121749707875e-05,0.04101350298614714,-0.001177501940044401
BTC/USDT,2025-12-16 10:14:00+00:00,2025-12-16 10:17:00+00:00,take_profit,0.008739578000002,3.0,86460.98,86458.12,0.04093199036143247,-0.0012557109577059355,-3.3078505471517694e-05,0.04096642397498362,-0.0012226728964265243
BTC/USDT,,2025-12-16 10:19:00+00:00,dry_run,0.0,,,86446.01,,,,0.0411122502935648,-0.001082756740305224
BTC/USDT,2025-12-16 10:19:00+00:00,2025-12-16 10:23:00+00:00,take_profit,0.0087953990000023,4.0,86446.01,86448.01,0.0411122502935648,-0.001082756740305224,2.3135827784237506e-05,0.04108816385709746,-0.0006538033669021281
BTC/USDT,,2025-12-16 10:25:00+00:00,dry_run,0.0,,,86469.46,,,,0.04082990688273047,-0.0009017056426627867
BTC/USDT,2025-12-16 10:25:00+00:00,2025-12-16 10:35:00+00:00,take_profit,0.0094980539999967,10.0,86469.46,86486.8,0.04082990688273047,-0.0009017056426627867,0.00020053322872604085,0.04062122774804933,-0.00047371390778705447
BTC/USDT,,2025-12-16 10:36:00+00:00,dry_run,0.0,,,86500.0,,,,0.040462427745664664,-0.00021121387283240534
BTC/USDT,2025-12-16 10:36:00+00:00,2025-12-16 10:38:00+00:00,take_profit,0.1053026021365811,2.0,86500.0,86512.1,0.040462427745664664,-0.00021121387283240534,0.0001398843930635607,0.04031690364700413,-0.00035104915959749405
BTC/USDT,2025-12-16 10:36:00+00:00,2025-12-16 10:39:00+00:00,take_profit,0.1462875890000023,3.0,86500.0,86752.03,0.040462427745664664,-0.00021121387283240534,0.0029136416184971647,0.03743970025831089,-0.0026376328023677287
BTC/USDT,,2025-12-16 10:45:00+00:00,dry_run,0.0,,,87242.64,,,,0.03160564604647442,-0.004872731957675791
BTC/USDT,2025-12-16 10:45:00+00:00,2025-12-16 10:46:00+00:00,gate_close,-0.0584692707075564,1.0,87242.64,87326.99,0.03160564604647442,-0.004872731957675791,0.0009668437360448312,0.030609207989420018,-0.005833935190025508
BTC/USDT,2025-12-16 10:45:00+00:00,2025-12-16 10:47:00+00:00,gate_close,-0.0987154325683526,2.0,87242.64,87143.18,0.03160564604647442,-0.004872731957675791,-0.0011400388617309742,0.03278305886932298,-0.003736953368008722
BTC/USDT,2025-12-16 10:45:00+00:00,2025-12-16 10:49:00+00:00,gate_close,-0.1484042810610776,4.0,87242.64,87031.33,0.03160564604647442,-0.004872731957675791,-0.0024220954340675727,0.034110360027819864,-0.0024565866108217094
BTC/USDT,2025-12-16 10:45:00+00:00,2025-12-16 10:50:00+00:00,gate_close,-0.1930142862125911,5.0,87242.64,86970.59,0.03160564604647442,-0.004872731957675791,-0.0031183146222993896,0.03483257961110775,-0.0017599052737252707
BTC/USDT,2025-12-16 10:45:00+00:00,2025-12-16 10:51:00+00:00,gate_close,-0.1486292810870324,6.0,87242.64,86874.08,0.03160564604647442,-0.004872731957675791,-0.004224539743409861,0.03598219399848612,-0.0006509421452290942
BTC/USDT,2025-12-16 10:45:00+00:00,2025-12-16 10:52:00+00:00,gate_close,-0.1565742820037475,7.0,87242.64,86970.71,0.03160564604647442,-0.004872731957675791,-0.003116939148104514,0.03483115177512053,-0.0017612826203213805
BTC/USDT,2025-12-16 10:45:00+00:00,2025-12-16 10:58:00+00:00,gate_close,-0.1400542800980046,13.0,87242.64,87053.39,0.03160564604647442,-0.004872731957675791,-0.002169237427936621,0.03384830849206444,-0.0027093718004548295
BTC/USDT,2025-12-16 10:45:00+00:00,2025-12-16 10:59:00+00:00,gate_close,-0.1395642800415097,14.0,87242.64,86982.74,0.03160564604647442,-0.004872731957675791,-0.0029790478600830728,0.03468803121170927,-0.00189934232929434
BTC/USDT,2025-12-16 10:45:00+00:00,2025-12-16 11:01:00+00:00,trailing_prob_drop,-0.1818592849234334,16.0,87242.64,86994.01,0.03160564604647442,-0.004872731957675791,-0.0028498679086281786,0.003850609944294092,-0.0020286454205294957
BTC/USDT,2025-12-16 10:45:00+00:00,2025-12-16 11:02:00+00:00,prob_floor,-0.1630592827522532,17.0,87242.64,86896.4,0.03160564604647442,-0.004872731957675791,-0.0039687015431904005,0.00497822694611072,-0.0009076325371361049
BTC/USDT,2025-12-16 10:45:00+00:00,2025-12-16 11:03:00+00:00,prob_floor,-0.1142642771257637,18.0,87242.64,86933.99,0.03160564604647442,-0.004872731957675791,-0.0035378342516915184,0.004543677334952756,-0.0013396371200724566
BTC/USDT,2025-12-16 10:45:00+00:00,2025-12-16 11:04:00+00:00,prob_floor,-0.1812542848535306,19.0,87242.64,87031.58,0.03160564604647442,-0.004872731957675791,-0.002419229862828498,0.0034172653190944757,-0.0024594520747526216
BTC/USDT,2025-12-16 10:45:00+00:00,2025-12-16 11:05:00+00:00,prob_floor,-0.1875892855855647,20.0,87242.64,86897.6,0.03160564604647442,-0.004872731957675791,-0.003954946801242976,0.005519945314945485,-0.0009214293605347423
BTC/USDT,2025-12-16 10:45:00+00:00,2025-12-16 11:06:00+00:00,prob_floor,-0.1818692849245982,21.0,87242.64,86885.87,0.03160564604647442,-0.004872731957675791,-0.004089399403777838,0.005655695224091151,-0.0007865490671843389
BTC/USDT,2025-12-16 10:45:00+00:00,2025-12-16 11:07:00+00:00,prob_floor,-0.1624742826847236,22.0,87242.64,86918.02,0.03160564604647442,-0.004872731957675791,-0.0037208869424399937,0.005283714470255996,-0.0011561469071661445
BTC/USDT,2025-12-16 10:45:00+00:00,2025-12-16 11:08:00+00:00,trailing_prob_drop,-0.1607293174447174,23.0,87242.64,86935.17,0.03160564604647442,-0.004872731957675791,-0.003524308755443406,0.0050853986942225315,-0.0013531922695958487
BTC/USDT,2025-12-16 10:45:00+00:00,2025-12-16 11:09:00+00:00,trailing_prob_drop,-0.1889992857485107,24.0,87242.64,86938.69,0.03160564604647442,-0.004872731957675791,-0.0034839615123980483,0.005044704492326746,-0.0013936257838713662
BTC/USDT,2025-12-16 10:45:00+00:00,2025-12-16 11:11:00+00:00,prob_floor,-0.1914392860305419,26.0,87242.64,86877.24,0.03160564604647442,-0.004872731957675791,-0.004188318922948575,0.005755592604000714,-0.0006872916312720134
BTC/USDT,2025-12-16 10:45:00+00:00,2025-12-16 11:12:00+00:00,prob_floor,-0.1735542839640723,27.0,87242.64,86879.11,0.03160564604647442,-0.004872731957675791,-0.004166884450080843,0.005733944558133697,-0.0007088009994578037
BTC/USDT,2025-12-16 10:45:00+00:00,2025-12-16 11:13:00+00:00,prob_floor,-0.1502199399303086,28.0,87242.64,86913.15,0.03160564604647442,-0.004872731957675791,-0.0037767082701761767,0.005340043480186907,-0.0011001787416518027
BTC/USDT,2025-12-16 10:45:00+00:00,2025-12-16 11:14:00+00:00,prob_floor,-0.1420092803234668,29.0,87242.64,86967.05,0.03160564604647442,-0.004872731957675791,-0.003158891111043838,0.0047169588942019836,-0.0017192718391620954
BTC/USDT,2025-12-16 10:45:00+00:00,2025-12-16 11:15:00+00:00,trailing_prob_drop,-0.1248842783492782,30.0,87242.64,86976.1,0.03160564604647442,-0.004872731957675791,-0.0030551574321913133,0.00461241651442168,-0.0018231445190116657
BTC/USDT,2025-12-16 10:45:00+00:00,2025-12-16 11:16:00+00:00,trailing_prob_drop,-0.0882492741311608,31.0,87242.64,87010.35,0.03160564604647442,-0.004872731957675791,-0.002662574172445864,0.0042169695903993,-0.0022160582045700483
BTC/USDT,2025-12-16 10:45:00+00:00,2025-12-16 11:18:00+00:00,gate_close,-0.1413592802484969,33.0,87242.64,87044.76,0.03160564604647442,-0.004872731957675791,-0.00226815694710758,0.0038199887046619363,-0.0008283094812369107
BTC/USDT,2025-12-16 10:45:00+00:00,2025-12-16 11:19:00+00:00,trailing_prob_drop,-0.1344042794465517,34.0,87242.64,86977.39,0.03160564604647442,-0.004872731957675791,-0.0030403710845980925,0.004597516664963219,-5.438194914786365e-05
BTC/USDT,2025-12-16 10:45:00+00:00,2025-12-16 11:20:00+00:00,trailing_prob_drop,-0.1325692792350114,35.0,87242.64,86991.31,0.03160564604647442,-0.004872731957675791,-0.002880816078009607,0.004436765005608079,-0.00021438923037253588
BTC/USDT,2025-12-16 10:45:00+00:00,2025-12-16 11:22:00+00:00,trailing_prob_drop,-0.0985842753203999,37.0,87242.64,87027.58,0.03160564604647442,-0.004872731957675791,-0.0024650790026528036,0.004018151487149346,-0.0003745938931084547
BTC/USDT,2025-12-16 10:45:00+00:00,2025-12-16 11:26:00+00:00,trailing_prob_drop,-0.104969276055401,41.0,87242.64,87022.31,0.03160564604647442,-0.004872731957675791,-0.0025254852443713505,0.004078954006162316,-0.00025637103864517563
BTC/USDT,2025-12-16 10:45:00+00:00,2025-12-16 11:30:00+00:00,gate_close,-0.0151492657357031,45.0,87242.64,87164.02,0.03160564604647442,-0.004872731957675791,-0.000901164843246316,0.0024465370000144038,-0.0018686609451927794
BTC/USDT,2025-12-16 10:45:00+00:00,2025-12-16 11:31:00+00:00,gate_close,-0.0055042646300737,46.0,87242.64,87229.81,0.03160564604647442,-0.004872731957675791,-0.00014706111598639104,0.0016904771430776844,-0.0026214662166522684
BTC/USDT,2025-12-16 10:45:00+00:00,2025-12-16 11:32:00+00:00,take_profit,0.0270857350000049,47.0,87242.64,87249.11,0.03160564604647442,-0.004872731957675791,7.416098366586077e-05,0.0014688975050862751,-0.002842092028216725
BTC/USDT,,2025-12-16 11:35:00+00:00,dry_run,0.0,,,87173.39,,,,0.002338787100054418,-0.0019759470177769245
BTC/USDT,2025-12-16 11:35:00+00:00,2025-12-16 11:39:00+00:00,trailing_prob_drop,-0.0771004448528087,4.0,87173.39,87104.01,0.002338787100054418,-0.0019759470177769245,-0.000795885074562408,0.0031371690006005704,-0.00118100188498782
BTC/USDT,2025-12-16 11:35:00+00:00,2025-12-16 11:40:00+00:00,trailing_prob_drop,-0.0828154455103015,5.0,87173.39,87067.63,0.002338787100054418,-0.0019759470177769245,-0.0012132142618291875,0.003556315935095533,-0.0007636592382267438
BTC/USDT,2025-12-16 11:35:00+00:00,2025-12-16 11:42:00+00:00,trailing_prob_drop,-0.0564754424813634,7.0,87173.39,87074.02,0.002338787100054418,-0.0019759470177769245,-0.0011399120763800896,0.003482669113014314,-0.000836989035305824
BTC/USDT,2025-12-16 11:35:00+00:00,2025-12-16 11:43:00+00:00,trailing_prob_drop,-0.046915441382912,8.0,87173.39,87108.88,0.002338787100054418,-0.0019759470177769245,-0.0007400194027098461,0.0030810865666048848,-0.0012368429028132288
BTC/USDT,2025-12-16 11:35:00+00:00,2025-12-16 11:44:00+00:00,trailing_prob_drop,-0.0590204427738549,9.0,87173.39,87127.99,0.002338787100054418,-0.0019759470177769245,-0.0005208011297942461,0.0028610782826505865,-0.0014559041244955884
BTC/USDT,2025-12-16 11:35:00+00:00,2025-12-16 11:45:00+00:00,trailing_prob_drop,-0.0501504417545585,10.0,87173.39,87103.79,0.002338787100054418,-0.0019759470177769245,-0.0007984087804776552,0.004210953392498773,-0.0011784791453964827
BTC/USDT,2025-12-16 11:35:00+00:00,2025-12-16 11:46:00+00:00,prob_floor,-0.0614704430554663,11.0,87173.39,87121.53,0.002338787100054418,-0.0019759470177769245,-0.0005949063125800791,0.004006472338123679,-0.0013818627840902487
BTC/USDT,2025-12-16 11:35:00+00:00,2025-12-16 11:47:00+00:00,prob_floor,-0.1103404486794393,12.0,87173.39,87098.89,0.002338787100054418,-0.0019759470177769245,-0.0008546185940456752,0.004267448184471778,-0.001122287551540535
BTC/USDT,2025-12-16 11:35:00+00:00,2025-12-16 11:48:00+00:00,prob_floor,-0.1037554479209077,13.0,87173.39,87056.23,0.002338787100054418,-0.0019759470177769245,-0.0013439881138039844,0.004759567465763226,-0.0006328093922743916
BTC/USDT,2025-12-16 11:35:00+00:00,2025-12-16 11:49:00+00:00,prob_floor,-0.1014104476508293,14.0,87173.39,87014.32,0.002338787100054418,-0.0019759470177769245,-0.0018247540906690674,0.005243504747264538,-0.00015146932137155567
BTC/USDT,2025-12-16 11:35:00+00:00,2025-12-16 11:50:00+00:00,prob_floor,-0.075985444724537,15.0,87173.39,87019.01,0.002338787100054418,-0.0019759470177769245,-0.0017709532691111418,0.005189325872588135,-5.3896269332276425e-05
BTC/USDT,2025-12-16 11:35:00+00:00,2025-12-16 11:51:00+00:00,prob_floor,-0.0135604375542232,16.0,87173.39,87067.13,0.002338787100054418,-0.0019759470177769245,-0.0012189499570911533,0.004633780853922742,-0.0005527918515288999
BTC/USDT,2025-12-16 11:35:00+00:00,2025-12-16 11:52:00+00:00,trailing_prob_drop,-0.0092604370610577,17.0,87173.39,87194.71,0.002338787100054418,-0.0019759470177769245,0.00024457004597389087,0.0031638387237022947,-0.0014318529186002626
BTC/USDT,2025-12-16 11:35:00+00:00,2025-12-16 11:54:00+00:00,take_profit,0.0493945630000052,19.0,87173.39,87170.99,0.002338787100054418,-0.0019759470177769245,-2.7531337257746813e-05,0.003436808507050193,-0.0011249155252224252
BTC/USDT,,2025-12-16 11:56:00+00:00,dry_run,0.0,,,87309.0,,,,0.00185066831598113,-0.0027038449644367635
BTC/USDT,2025-12-16 11:56:00+00:00,2025-12-16 11:59:00+00:00,gate_close,-0.0104403421950235,3.0,87309.0,87249.83,0.00185066831598113,-0.0027038449644367635,-0.0006777079109827611,0.0025300908895753427,-0.0020275111137753044
BTC/USDT,2025-12-16 11:56:00+00:00,2025-12-16 12:00:00+00:00,gate_close,-0.0306003445054476,4.0,87309.0,87295.53,0.00185066831598113,-0.0027038449644367635,-0.0001542796275297853,0.002005257313862474,-0.0025499587435920956
BTC/USDT,2025-12-16 11:56:00+00:00,2025-12-16 12:02:00+00:00,gate_close,-0.0320703446740015,6.0,87309.0,87234.81,0.00185066831598113,-0.0027038449644367635,-0.0008497405765729438,0.002702705491076429,-0.0018556812355068342
BTC/USDT,2025-12-16 11:56:00+00:00,2025-12-16 12:05:00+00:00,gate_close,-0.0144403426532734,9.0,87309.0,87312.88,0.00185066831598113,-0.0027038449644367635,4.443986301527758e-05,0.001806148187987855,-0.002748162699478196
BTC/USDT,2025-12-16 11:56:00+00:00,2025-12-16 12:10:00+00:00,trailing_prob_drop,-0.0517253469287684,14.0,87309.0,87244.89,0.00185066831598113,-0.0027038449644367635,-0.0007342885613167427,0.002586856376344926,-0.0019710036885828286
BTC/USDT,2025-12-16 11:56:00+00:00,2025-12-16 12:11:00+00:00,prob_floor,-0.0134203425364004,15.0,87309.0,87217.45,0.00185066831598113,-0.0027038449644367635,-0.001048574602847352,0.00290228618240973,-0.0016570078579458691
BTC/USDT,2025-12-16 11:56:00+00:00,2025-12-16 12:12:00+00:00,trailing_prob_drop,-0.0189456399762664,16.0,87309.0,87294.06,0.00185066831598113,-0.0027038449644367635,-0.00017111637975464333,0.0020221307154233426,-0.0025331620502013763
BTC/USDT,2025-12-16 11:56:00+00:00,2025-12-16 12:13:00+00:00,trailing_prob_drop,-0.0384503454056724,17.0,87309.0,87294.06,0.00185066831598113,-0.0027038449644367635,-0.00017111637975464333,0.0020221307154233426,-0.0025331620502013763
BTC/USDT,2025-12-16 11:56:00+00:00,2025-12-16 12:14:00+00:00,trailing_prob_drop,-0.0600053478792349,18.0,87309.0,87243.99,0.00185066831598113,-0.0027038449644367635,-0.000744596776964479,0.002597198958919744,-0.0019607081244222835
BTC/USDT,2025-12-16 11:56:00+00:00,2025-12-16 12:15:00+00:00,prob_floor,-0.0400803455926509,19.0,87309.0,87200.89,0.00185066831598113,-0.0027038449644367635,-0.0012382457707681427,0.0030927436635108663,-0.0014674162155914328
BTC/USDT,2025-12-16 11:56:00+00:00,2025-12-16 12:16:00+00:00,trailing_prob_drop,-0.0264503440296612,20.0,87309.0,87240.74,0.00185066831598113,-0.0027038449644367635,-0.0007818208890262301,0.0026345489504100428,-0.0019235279297264984
BTC/USDT,2025-12-16 11:56:00+00:00,2025-12-16 12:17:00+00:00,trailing_prob_drop,-0.0604503479303267,21.0,87309.0,87266.28,0.00185066831598113,-0.0027038449644367635,-0.0004892966360856565,0.002341110449534556,-0.00352828148512796
BTC/USDT,2025-12-16 11:56:00+00:00,2025-12-16 12:18:00+00:00,prob_floor,-0.038325345391335,22.0,87309.0,87199.99,0.00185066831598113,-0.0027038449644367635,-0.00124855398641599,0.003103096686134954,-0.0027707571984812995
BTC/USDT,2025-12-16 11:56:00+00:00,2025-12-16 12:19:00+00:00,prob_floor,-0.0560053474200267,23.0,87309.0,87244.24,0.00185066831598113,-0.0027038449644367635,-0.0007417333837289597,0.0025943259979110955,-0.003276548686767189
BTC/USDT,2025-12-16 11:56:00+00:00,2025-12-16 12:20:00+00:00,prob_floor,-0.0729303493636304,24.0,87309.0,87207.05,0.00185066831598113,-0.0027038449644367635,-0.0011676917614449334,0.0030218887119790594,-0.0028514896444725712
BTC/USDT,2025-12-16 11:56:00+00:00,2025-12-16 12:21:00+00:00,prob_floor,-0.0691053489242606,25.0,87309.0,87175.04,0.00185066831598113,-0.0027038449644367635,-0.0015343206313209734,0.003390190586663344,-0.002485344428863945
BTC/USDT,2025-12-16 11:56:00+00:00,2025-12-16 12:22:00+00:00,prob_floor,-0.091055351446709,26.0,87309.0,87182.69,0.00185066831598113,-0.0027038449644367635,-0.0014467007983139935,0.003302146332029965,-0.0025728731242405933
BTC/USDT,2025-12-16 11:56:00+00:00,2025-12-16 12:23:00+00:00,prob_floor,-0.0943053518204098,27.0,87309.0,87138.79,0.00185066831598113,-0.0027038449644367635,-0.0019495126504713856,0.0038076039384986604,-0.0020703753173527684
BTC/USDT,2025-12-16 11:56:00+00:00,2025-12-16 12:24:00+00:00,prob_floor,-0.0599453478723485,28.0,87309.0,87133.9,0.00185066831598113,-0.0027038449644367635,-0.0020055206221581967,0.00386393814577346,-0.002014370985345404
BTC/USDT,2025-12-16 11:56:00+00:00,2025-12-16 12:25:00+00:00,prob_floor,-0.0862453508937437,29.0,87309.0,87201.01,0.00185066831598113,-0.0027038449644367635,-0.0012368713420152222,0.0037884882296661537,-0.0027824219008470985
BTC/USDT,2025-12-16 11:56:00+00:00,2025-12-16 12:26:00+00:00,prob_floor,-0.0734053494181979,30.0,87309.0,87148.4,0.00185066831598113,-0.0027038449644367635,-0.0018394438144979652,0.008298718048753706,-0.0021804186881226872
BTC/USDT,2025-12-16 11:56:00+00:00,2025-12-16 12:27:00+00:00,prob_floor,-0.0885053511535337,31.0,87309.0,87174.08,0.00185066831598113,-0.0027038449644367635,-0.0015453160613453365,0.008001690410727624,-0.0024743593508528283
BTC/USDT,2025-12-16 11:56:00+00:00,2025-12-16 12:28:00+00:00,prob_floor,-0.0870903509908657,32.0,87309.0,87143.88,0.00185066831598113,-0.0027038449644367635,-0.0018912139641961145,0.008351016732328187,-0.0021286635389656805
BTC/USDT,2025-12-16 11:56:00+00:00,2025-12-16 12:29:00+00:00,prob_floor,-0.071875349242434,33.0,87309.0,87146.72,0.00185066831598113,-0.0027038449644367635,-0.0018586858170406284,0.00831815586404172,-0.0021611828878929096
BTC/USDT,2025-12-16 11:56:00+00:00,2025-12-16 12:30:00+00:00,trailing_prob_drop,-0.0725303493176771,34.0,87309.0,87177.17,0.00185066831598113,-0.0027038449644367635,-0.001509924520954331,0.007965961730576954,-0.006962258582149383
BTC/USDT,2025-12-16 11:56:00+00:00,2025-12-16 12:31:00+00:00,trailing_prob_drop,-0.0586453477230941,35.0,87309.0,87175.83,0.00185066831598113,-0.0027038449644367635,-0.0015252723086967013,0.007981455410289717,-0.006946994367590165
BTC/USDT,2025-12-16 11:56:00+00:00,2025-12-16 12:32:00+00:00,prob_floor,-0.0875753510466203,36.0,87309.0,87203.6,0.00185066831598113,-0.0027038449644367635,-0.0012072065880951444,0.007660463558843755,-0.007263232251879526
BTC/USDT,2025-12-16 11:56:00+00:00,2025-12-16 12:33:00+00:00,trailing_prob_drop,-0.0709303491338796,37.0,87309.0,87151.28,0.00185066831598113,-0.0027038449644367635,-0.001806457524424765,0.00826539782318747,-0.0066672572106800665
BTC/USDT,2025-12-16 11:56:00+00:00,2025-12-16 12:34:00+00:00,prob_floor,-0.0650503484585442,38.0,87309.0,87179.04,0.00185066831598113,-0.0027038449644367635,-0.0014885063395526643,0.013076881782593697,-0.0069835593509631755
BTC/USDT,2025-12-16 11:56:00+00:00,2025-12-16 12:35:00+00:00,prob_floor,-0.0847853507259074,39.0,87309.0,87190.79,0.00185066831598113,-0.0027038449644367635,-0.0013539268574832564,0.012940357576757933,-0.007117380172837029
BTC/USDT,2025-12-16 11:56:00+00:00,2025-12-16 12:36:00+00:00,trailing_prob_drop,-0.0765203497760826,40.0,87309.0,87151.33,0.00185066831598113,-0.0027038449644367635,-0.0018058848457775944,0.013398992304535229,-0.00666782710028635
BTC/USDT,2025-12-16 11:56:00+00:00,2025-12-16 12:37:00+00:00,trailing_prob_drop,-0.0680253488002126,41.0,87309.0,87167.85,0.00185066831598113,-0.0027038449644367635,-0.0016166718207744069,0.028109790478943575,-0.006856082833292421
BTC/USDT,2025-12-16 11:56:00+00:00,2025-12-16 12:38:00+00:00,trailing_prob_drop,-0.1084453534469443,42.0,87309.0,87184.84,0.00185066831598113,-0.0027038449644367635,-0.0014220756164885495,0.027909439301603278,-0.007049620094502607
BTC/USDT,2025-12-16 11:56:00+00:00,2025-12-16 12:39:00+00:00,prob_floor,-0.1040403529401289,43.0,87309.0,87104.01,0.00185066831598113,-0.0027038449644367635,-0.0023478679173969397,0.028863309507794144,-0.006128190883519569
BTC/USDT,2025-12-16 11:56:00+00:00,2025-12-16 12:40:00+00:00,prob_floor,-0.0896603512863181,44.0,87309.0,87082.25,0.00185066831598113,-0.0027038449644367635,-0.0025970976646164656,0.02912040054086784,-0.005879843481306435
BTC/USDT,2025-12-16 11:56:00+00:00,2025-12-16 12:41:00+00:00,trailing_prob_drop,-0.0604503479303267,45.0,87309.0,87141.57,0.00185066831598113,-0.0027038449644367635,-0.0019176717176923042,0.02841984600461056,-0.00655657225363282
BTC/USDT,2025-12-16 11:56:00+00:00,2025-12-16 12:42:00+00:00,trailing_prob_drop,-0.0682253488231734,46.0,87309.0,87200.0,0.00185066831598113,-0.0027038449644367635,-0.0012484394506866447,0.027730733944954178,-0.007222247706421991
BTC/USDT,2025-12-16 11:56:00+00:00,2025-12-16 12:43:00+00:00,trailing_prob_drop,-0.0381136000878999,47.0,87309.0,87184.45,0.00185066831598113,-0.0027038449644367635,-0.001426542509936013,0.027914037422957838,-0.007045178354626258
BTC/USDT,2025-12-16 11:56:00+00:00,2025-12-16 12:44:00+00:00,take_profit,0.0396996580000002,48.0,87309.0,87249.2,0.00185066831598113,-0.0027038449644367635,-0.0006849236619363985,0.02715119450951975,-0.007782077084947492
BTC/USDT,,2025-12-16 12:47:00+00:00,dry_run,0.0,,,87398.29,,,,0.025399009522955263,-0.009474670499846072
BTC/USDT,2025-12-16 12:47:00+00:00,2025-12-16 12:50:00+00:00,gate_close,-0.1091442185146257,3.0,87398.29,87288.01,0.025399009522955263,-0.009474670499846072,-0.001261809584603979,0.02669450248665317,-0.017035443928667737
BTC/USDT,2025-12-16 12:47:00+00:00,2025-12-16 12:51:00+00:00,gate_close,-0.1153092192234213,4.0,87398.29,87200.14,0.025399009522955263,-0.009474670499846072,-0.0022672068297903136,0.02772908392119544,-0.016044928368234235
BTC/USDT,2025-12-16 12:47:00+00:00,2025-12-16 12:53:00+00:00,trailing_prob_drop,-0.0832642155413709,6.0,87398.29,87235.98,0.025399009522955263,-0.009474670499846072,-0.001857130156665554,0.02730685205806127,-0.016449176131224652
BTC/USDT,2025-12-16 12:47:00+00:00,2025-12-16 12:57:00+00:00,trailing_prob_drop,-0.1010342175825175,10.0,87398.29,87209.61,0.025399009522955263,-0.009474670499846072,-0.002158852307064474,0.027617483898850104,-0.01615177501653775
BTC/USDT,2025-12-16 12:47:00+00:00,2025-12-16 12:59:00+00:00,trailing_prob_drop,-0.130084220922932,12.0,87398.29,87226.65,0.025399009522955263,-0.009474670499846072,-0.0019638828173869083,0.027416735596288433,-0.016343972856919242
BTC/USDT,2025-12-16 12:47:00+00:00,2025-12-16 13:00:00+00:00,prob_floor,-0.1113142187641022,13.0,87398.29,87186.82,0.025399009522955263,-0.009474670499846072,-0.0024196125576368965,0.027886095627756458,-0.015894604253257616
BTC/USDT,2025-12-16 12:47:00+00:00,2025-12-16 13:01:00+00:00,prob_floor,-0.1091392185140535,14.0,87398.29,87186.93,0.025399009522955263,-0.009474670499846072,-0.002418353951776364,0.02788479878807526,-0.015895845856712554
BTC/USDT,2025-12-16 12:47:00+00:00,2025-12-16 13:02:00+00:00,prob_floor,-0.0836892155901793,15.0,87398.29,87191.29,0.025399009522955263,-0.009474670499846072,-0.002368467392210971,0.027833399414092908,-0.01594505597978868
BTC/USDT,2025-12-16 12:47:00+00:00,2025-12-16 13:03:00+00:00,prob_floor,-0.0802192151917831,16.0,87398.29,87242.19,0.025399009522955263,-0.009474670499846072,-0.0017860761348991172,0.027233727168013422,-0.0288324949201757
BTC/USDT,2025-12-16 12:47:00+00:00,2025-12-16 13:04:00+00:00,prob_floor,-0.0922492165732323,17.0,87398.29,87249.13,0.025399009522955263,-0.009474670499846072,-0.0017066695469669657,0.02715201859319394,-0.02908510377123541
BTC/USDT,2025-12-16 12:47:00+00:00,2025-12-16 13:05:00+00:00,prob_floor,-0.1317763148476075,18.0,87398.29,87225.06,0.025399009522955263,-0.009474670499846072,-0.001982075393008209,0.02743546407420072,-0.6560621454430642
BTC/USDT,2025-12-16 12:47:00+00:00,2025-12-16 13:06:00+00:00,prob_floor,-0.132779221233051,19.0,87398.29,87131.5,0.025399009522955263,-0.009474670499846072,-0.0030525768868017167,0.02853870299489847,-0.6556928320986095
BTC/USDT,2025-12-16 12:47:00+00:00,2025-12-16 13:07:00+00:00,trailing_prob_drop,-0.1359792216013288,20.0,87398.29,87144.01,0.025399009522955263,-0.009474670499846072,-0.0029094390748377608,0.02839105062987124,-0.6557422592786355
BTC/USDT,2025-12-16 12:47:00+00:00,2025-12-16 13:08:00+00:00,prob_floor,-0.1318042211208601,21.0,87398.29,87137.6,0.025399009522955263,-0.009474670499846072,-0.0029827814708959233,0.028466700941958356,-0.6557169350544427
BTC/USDT,2025-12-16 12:47:00+00:00,2025-12-16 13:09:00+00:00,prob_floor,-0.1575692240874904,22.0,87398.29,87145.96,0.025399009522955263,-0.009474670499846072,-0.0028871274254906876,0.02836803909211616,-0.655749962476746
BTC/USDT,2025-12-16 12:47:00+00:00,2025-12-16 13:10:00+00:00,prob_floor,-0.1368942217066448,23.0,87398.29,87097.83,0.025399009522955263,-0.009474670499846072,-0.0034378246988584493,0.028936312190556146,-0.6555597309370395
BTC/USDT,2025-12-16 12:47:00+00:00,2025-12-16 13:11:00+00:00,prob_floor,-0.1264742205075811,24.0,87398.29,87135.77,0.025399009522955263,-0.009474670499846072,-0.003003720095667628,0.02848830049932416,-0.655709704522035
BTC/USDT,2025-12-16 12:47:00+00:00,2025-12-16 13:12:00+00:00,trailing_prob_drop,-0.102459217746275,25.0,87398.29,87162.94,0.025399009522955263,-0.009474670499846072,-0.0026928444481006952,0.02816770521967249,-0.7668665145989798
BTC/USDT,2025-12-16 12:47:00+00:00,2025-12-16 13:13:00+00:00,trailing_prob_drop,-0.101714217660659,26.0,87398.29,87194.57,0.025399009522955263,-0.009474670499846072,-0.002330938053822229,0.027794735383178004,-0.7669510842246254
BTC/USDT,2025-12-16 12:47:00+00:00,2025-12-16 13:16:00+00:00,gate_close,-0.0196092082432807,29.0,87398.29,87320.68,0.025399009522955263,-0.009474670499846072,-0.000888003644007207,0.026310376877504815,-0.7672876574025763
BTC/USDT,2025-12-16 12:47:00+00:00,2025-12-16 13:17:00+00:00,trailing_prob_drop,-0.0802992152009545,30.0,87398.29,87370.34,0.025399009522955263,-0.009474670499846072,-0.0003198003073057176,0.025727037344709824,-0.7674199276321919
BTC/USDT,2025-12-16 12:47:00+00:00,2025-12-16 13:19:00+00:00,trailing_prob_drop,-0.051224211865297,32.0,87398.29,87307.12,0.025399009522955263,-0.009474670499846072,-0.0010431554210041938,0.02646977703536657,-0.7672515139658713
BTC/USDT,2025-12-16 12:47:00+00:00,2025-12-16 13:21:00+00:00,gate_close,-0.0357092100871402,34.0,87398.29,87306.01,0.025399009522955263,-0.009474670499846072,-0.0010558558983247979,0.026482827470869497,-0.7672485548245762
BTC/USDT,2025-12-16 12:47:00+00:00,2025-12-16 13:23:00+00:00,take_profit,0.0077307929999938,36.0,87398.29,87373.66,0.025399009522955263,-0.009474670499846072,-0.0002818132940586304,0.02568806205439933,-0.7674287651450106
BTC/USDT,,2025-12-16 13:24:00+00:00,dry_run,0.0,,,87425.01,,,,0.025085613373106774,-0.7675653683082221
BTC/USDT,2025-12-16 13:24:00+00:00,2025-12-16 13:25:00+00:00,gate_close,-0.0764567587472892,1.0,87425.01,87435.32,0.025085613373106774,-0.7675653683082221,0.0001179296405000585,0.0249647396498347,-0.767592776008597
BTC/USDT,2025-12-16 13:24:00+00:00,2025-12-16 13:26:00+00:00,trailing_prob_drop,-0.0932767606758929,2.0,87425.01,87382.12,0.025085613373106774,-0.7675653683082221,-0.0004905918798293607,0.025588758890262575,-0.7674512817954062
BTC/USDT,2025-12-16 13:24:00+00:00,2025-12-16 13:27:00+00:00,gate_close,-0.0965717610538743,3.0,87425.01,87348.48,0.025085613373106774,-0.7675653683082221,-0.000875378796067583,0.025983737782271588,-0.7673617216922378
BTC/USDT,2025-12-16 13:24:00+00:00,2025-12-16 13:28:00+00:00,gate_close,-0.0527067560266093,4.0,87425.01,87341.88,0.025085613373106774,-0.7675653683082221,-0.0009508720673865323,0.026061266370726033,-0.7673441423518707
BTC/USDT,2025-12-16 13:24:00+00:00,2025-12-16 13:29:00+00:00,gate_close,-0.0763317587329621,5.0,87425.01,87429.62,0.025085613373106774,-0.7675653683082221,5.273090617885501e-05,0.025031562529952645,-0.7675776241507168
BTC/USDT,2025-12-16 13:24:00+00:00,2025-12-16 13:31:00+00:00,gate_close,-0.0962017610114392,7.0,87425.01,87532.06,0.025085613373106774,-0.7675653683082221,0.001224477984046013,0.023831953686455076,-0.7678496313236545
BTC/USDT,2025-12-16 13:24:00+00:00,2025-12-16 13:32:00+00:00,trailing_prob_drop,-0.1437517664723513,8.0,87425.01,87342.62,0.025085613373106774,-0.7675653683082221,-0.0009424076702994055,0.02605257318820975,-0.7673461135010605
BTC/USDT,2025-12-16 13:24:00+00:00,2025-12-16 13:33:00+00:00,prob_floor,-0.2971545924869108,9.0,87425.01,87247.52,0.025085613373106774,-0.7675653683082221,-0.0020301970797600433,0.027170972882667455,-0.7670925202229244
BTC/USDT,2025-12-16 13:24:00+00:00,2025-12-16 13:35:00+00:00,prob_floor,-0.2505167787773565,11.0,87425.01,87070.56,0.025085613373106774,-0.7675653683082221,-0.0040543318210658486,0.029258569142084356,-0.7666191649623019
BTC/USDT,2025-12-16 13:24:00+00:00,2025-12-16 13:36:00+00:00,prob_floor,-0.287181783017055,12.0,87425.01,87033.99,0.025085613373106774,-0.7675653683082221,-0.004472633174419927,0.029691043694538122,-0.7665211028472899
BTC/USDT,2025-12-16 13:24:00+00:00,2025-12-16 13:38:00+00:00,prob_floor,-0.2271417760781538,14.0,87425.01,86893.6,0.025085613373106774,-0.7675653683082221,-0.006078466562371432,0.011161811686936751,-0.7661438817128075
BTC/USDT,2025-12-16 13:24:00+00:00,2025-12-16 13:39:00+00:00,prob_floor,-0.1254587818404087,15.0,87425.01,87080.74,0.025085613373106774,-0.7675653683082221,-0.003937889169243314,0.00898878443155171,-0.7666464478827351
BTC/USDT,2025-12-16 13:24:00+00:00,2025-12-16 13:40:00+00:00,prob_floor,-0.1935717722067606,16.0,87425.01,87289.56,0.025085613373106774,-0.7675653683082221,-0.0015493278182067138,0.006575013094349602,-0.7672046920616853
BTC/USDT,2025-12-16 13:24:00+00:00,2025-12-16 13:41:00+00:00,prob_floor,-0.1893167717164898,17.0,87425.01,87147.89,0.025085613373106774,-0.7675653683082221,-0.003169802325444393,0.008211329040783477,-0.7668262536247292
BTC/USDT,2025-12-16 13:24:00+00:00,2025-12-16 13:42:00+00:00,prob_floor,-0.2149867746757145,18.0,87425.01,87156.39,0.025085613373106774,-0.7675653683082221,-0.0030725761426849685,0.008113002385711443,-0.7668489940898194
BTC/USDT,2025-12-16 13:24:00+00:00,2025-12-16 13:43:00+00:00,prob_floor,-0.3248267873775305,19.0,87425.01,87105.05,0.025085613373106774,-0.7675653683082221,-0.003659822286551595,0.008707187470760935,-0.7667115741280213
BTC/USDT,2025-12-16 13:24:00+00:00,2025-12-16 13:44:00+00:00,prob_floor,-0.3180767865951142,20.0,87425.01,86885.38,0.025085613373106774,-0.7675653683082221,-0.006172490000286968,0.01125747507808561,-0.7661217571932125
BTC/USDT,2025-12-16 13:24:00+00:00,2025-12-16 13:45:00+00:00,prob_floor,-0.3500317903012683,21.0,87425.01,86898.88,0.025085613373106774,-0.7675653683082221,-0.006018071945316228,0.01110037321539692,-0.7661580908752794
BTC/USDT,2025-12-16 13:24:00+00:00,2025-12-16 13:46:00+00:00,prob_floor,-0.2675167807422352,22.0,87425.01,86834.96,0.025085613373106774,-0.7675653683082221,-0.006749212839666674,0.011844653351599455,-0.7659859577294675
BTC/USDT,2025-12-16 13:24:00+00:00,2025-12-16 13:47:00+00:00,prob_floor,-0.3439667895974376,23.0,87425.01,86999.99,0.025085613373106774,-0.7675653683082221,-0.004861537905457403,0.009925288497159679,-0.7664298582103286
BTC/USDT,2025-12-16 13:24:00+00:00,2025-12-16 13:48:00+00:00,prob_floor,-0.2675217807428253,24.0,87425.01,86847.09,0.025085613373106774,-0.7675653683082221,-0.006610465357681949,0.011703328228959808,-0.766018642651124
BTC/USDT,2025-12-16 13:24:00+00:00,2025-12-16 13:49:00+00:00,prob_floor,-0.2318167766177653,25.0,87425.01,86999.98,0.025085613373106774,-0.7675653683082221,-0.004861652289201879,0.009925404580552799,-0.7664298313631797
BTC/USDT,2025-12-16 13:24:00+00:00,2025-12-16 13:51:00+00:00,prob_floor,-0.3011817846378091,27.0,87425.01,87019.34,0.025085613373106774,-0.7675653683082221,-0.0046402053599993165,0.009700717104956347,-0.7664817958858341
BTC/USDT,2025-12-16 13:24:00+00:00,2025-12-16 13:52:00+00:00,prob_floor,-0.3058267069864736,28.0,87425.01,86932.67,0.025085613373106774,-0.7675653683082221,-0.005631569272911641,0.010707366977225075,-0.7662489832648647
BTC/USDT,2025-12-16 13:24:00+00:00,2025-12-16 13:53:00+00:00,trailing_prob_drop,-0.3425117894286051,29.0,87425.01,86959.67,0.025085613373106774,-0.7675653683082221,-0.005322733162970161,0.010393553701388392,-0.7663215603279083
BTC/USDT,2025-12-16 13:24:00+00:00,2025-12-16 13:55:00+00:00,prob_floor,-0.3016667846939759,31.0,87425.01,86931.7,0.025085613373106774,-0.7675653683082221,-0.0056426644961207195,0.010718644637111696,-0.7662463750277517
BTC/USDT,2025-12-16 13:24:00+00:00,2025-12-16 13:56:00+00:00,prob_floor,-0.3630517918129074,32.0,87425.01,86950.3,0.025085613373106774,-0.7675653683082221,-0.005429910731494236,0.010502436449328023,-0.7662963785058821
BTC/USDT,2025-12-16 13:24:00+00:00,2025-12-16 13:58:00+00:00,prob_floor,-0.4693397267597252,34.0,87425.01,86597.45,0.025085613373106774,-0.7675653683082221,-0.009465941153452562,0.014619830029637182,-0.7653441296481593
BTC/USDT,2025-12-16 13:24:00+00:00,2025-12-16 13:59:00+00:00,prob_floor,-0.6411649954566669,35.0,87425.01,86478.98,0.025085613373106774,-0.7675653683082221,-0.010821045373629379,0.01600978642440065,-0.7650226679361852
BTC/USDT,2025-12-16 13:24:00+00:00,2025-12-16 14:00:00+00:00,prob_floor,-0.6548843962933077,36.0,87425.01,86500.0,0.025085613373106774,-0.7675653683082221,-0.010580610742852548,0.01576289017341037,-0.7650797687861272
BTC/USDT,2025-12-16 13:24:00+00:00,2025-12-16 14:01:00+00:00,prob_floor,-0.5778168168788427,37.0,87425.01,86236.79,0.025085613373106774,-0.7675653683082221,-0.01359130527980501,0.018863178928622215,-0.7643627505151803
BTC/USDT,2025-12-16 13:24:00+00:00,2025-12-16 14:02:00+00:00,prob_floor,-0.6660892902354956,38.0,87425.01,86379.39,0.025085613373106774,-0.7675653683082221,-0.011960193084335935,0.01718118176106609,-0.7647517538616562
BTC/USDT,2025-12-16 13:24:00+00:00,2025-12-16 14:06:00+00:00,prob_floor,-0.3621817917118687,42.0,87425.01,86845.76,0.025085613373106774,-0.7675653683082221,-0.006625678395690171,0.011718821966668402,-0.7660150593419874
BTC/USDT,2025-12-16 13:24:00+00:00,2025-12-16 14:07:00+00:00,trailing_prob_drop,-0.3179217865771516,43.0,87425.01,86810.67,0.025085613373106774,-0.7675653683082221,-0.0070270509548697735,0.012127771851087044,-0.7659204795908153
BTC/USDT,2025-12-16 13:24:00+00:00,2025-12-16 14:08:00+00:00,prob_floor,-0.3659124112988903,44.0,87425.01,86899.19,0.025085613373106774,-0.7675653683082221,-0.006014526049239133,0.011096766264449665,-0.7661589250716836
BTC/USDT,2025-12-16 13:24:00+00:00,2025-12-16 14:09:00+00:00,prob_floor,-0.3479417900587052,45.0,87425.01,86824.21,0.025085613373106774,-0.7675653683082221,-0.00687217536492124,0.011969933270916,-0.7659569836569777
BTC/USDT,2025-12-16 13:24:00+00:00,2025-12-16 14:10:00+00:00,prob_floor,-0.4024367963910803,46.0,87425.01,86839.15,0.025085613373106774,-0.7675653683082221,-0.0067012860507537075,0.01179583171875831,-0.7659972489366835
BTC/USDT,2025-12-16 13:24:00+00:00,2025-12-16 14:11:00+00:00,prob_floor,-0.4020267963433677,47.0,87425.01,86745.75,0.025085613373106774,-0.7675653683082221,-0.007769630223662505,0.012885242216477577,-0.7657452958790488
BTC/USDT,2025-12-16 13:24:00+00:00,2025-12-16 14:13:00+00:00,prob_floor,-0.3535167907057921,49.0,87425.01,86726.99,0.025085613373106774,-0.7675653683082221,-0.007984214128199607,0.01310434041352071,-0.7656946240149693
BTC/USDT,2025-12-16 13:24:00+00:00,2025-12-16 14:14:00+00:00,prob_floor,-0.3632326090354297,50.0,87425.01,86827.99,0.025085613373106774,-0.7675653683082221,-0.006828938309529353,0.011925877818892205,-0.7659671725672793
BTC/USDT,2025-12-16 13:24:00+00:00,2025-12-16 14:15:00+00:00,prob_floor,-0.3607878782942085,51.0,87425.01,86836.31,0.025085613373106774,-0.7675653683082221,-0.006733771034169722,0.011828922716776047,-0.765989595826907
BTC/USDT,2025-12-16 13:24:00+00:00,2025-12-16 14:16:00+00:00,trailing_prob_drop,-0.265406780498275,52.0,87425.01,86924.44,0.025085613373106774,-0.7675653683082221,-0.005725707094571542,0.010803060681207732,-0.7662268517346791
BTC/USDT,2025-12-16 13:24:00+00:00,2025-12-16 14:17:00+00:00,gate_close,-0.3385117889645439,53.0,87425.01,87004.21,0.025085613373106774,-0.7675653683082221,-0.004813267965310897,0.009876303686913612,-0.7664411871563457
BTC/USDT,2025-12-16 13:24:00+00:00,2025-12-16 14:18:00+00:00,gate_close,-0.3191017867138968,54.0,87425.01,86858.0,0.025085613373106774,-0.7675653683082221,-0.006485672692516653,0.011576250892260997,-0.7660480324207327
BTC/USDT,2025-12-16 13:24:00+00:00,2025-12-16 14:19:00+00:00,gate_close,-0.2881267831264227,55.0,87425.01,86896.82,0.025085613373106774,-0.7675653683082221,-0.006041634996667322,0.011124342639926343,-0.7661525473544372
BTC/USDT,2025-12-16 13:24:00+00:00,2025-12-16 14:20:00+00:00,gate_close,-0.2913267834968165,56.0,87425.01,86958.78,0.025085613373106774,-0.7675653683082221,-0.005332913316223764,0.0104038948108518,-0.7663191686911891
BTC/USDT,2025-12-16 13:24:00+00:00,2025-12-16 14:21:00+00:00,gate_close,-0.2765648295489142,57.0,87425.01,86952.38,0.025085613373106774,-0.7675653683082221,-0.005406118912654301,0.01047826407971808,-0.7663019689627817
BTC/USDT,2025-12-16 13:24:00+00:00,2025-12-16 14:22:00+00:00,gate_close,-0.2428167778878901,58.0,87425.01,87044.58,0.025085613373106774,-0.7675653683082221,-0.004351500789076201,0.009407937863563642,-0.7665495083094203
BTC/USDT,2025-12-16 13:24:00+00:00,2025-12-16 14:24:00+00:00,time_limit,-0.3576767509999956,60.0,87425.01,86940.83,0.025085613373106774,-0.7675653683082221,-0.005538232137462629,0.010612505079604206,-0.7662709224193052
BTC/USDT,,2025-12-16 14:38:00+00:00,dry_run,0.0,,,87261.05,,,,0.006903882087139657,-0.7671286329926124
BTC/USDT,2025-12-16 14:38:00+00:00,2025-12-16 14:39:00+00:00,trailing_prob_drop,-0.0466767213516361,1.0,87261.05,87273.57,0.006903882087139657,-0.7671286329926124,0.0001434775309259173,0.006759434729208369,-0.7671620400082179
BTC/USDT,2025-12-16 14:38:00+00:00,2025-12-16 14:40:00+00:00,trailing_prob_drop,-0.0536667221541461,2.0,87261.05,87191.28,0.006903882087139657,-0.7671286329926124,-0.0007995548987779211,0.007709601235353025,-0.7669422905593312
BTC/USDT,2025-12-16 14:38:00+00:00,2025-12-16 14:41:00+00:00,gate_close,-0.0832667255553334,3.0,87261.05,87177.3,0.006903882087139657,-0.7671286329926124,-0.000959763835067351,0.00787120041570466,-0.7669049167615882
BTC/USDT,2025-12-16 14:38:00+00:00,2025-12-16 14:42:00+00:00,gate_close,-0.1223367300517563,4.0,87261.05,87118.11,0.006903882087139657,-0.7671286329926124,-0.0016380733442927786,0.00855597073903458,-0.7667465467283439
BTC/USDT,2025-12-16 14:38:00+00:00,2025-12-16 14:43:00+00:00,gate_close,-0.0600767228903062,5.0,87261.05,87039.97,0.006903882087139657,-0.7671286329926124,-0.002533547327243979,0.009461400319876079,-0.7665371437972692
BTC/USDT,2025-12-16 14:38:00+00:00,2025-12-16 14:44:00+00:00,gate_close,-0.1826817370125291,6.0,87261.05,87164.49,0.006903882087139657,-0.7671286329926124,-0.001106564727332504,0.00801932071190925,-0.7668706602883812
BTC/USDT,2025-12-16 14:38:00+00:00,2025-12-16 14:46:00+00:00,prob_floor,-0.2090286488838458,8.0,87261.05,86971.5,0.006903882087139657,-0.7671286329926124,-0.003318204399328284,0.010256118383608515,-0.7663533456362142
BTC/USDT,2025-12-16 14:38:00+00:00,2025-12-16 14:48:00+00:00,trailing_prob_drop,-0.0056417166456471,10.0,87261.05,87138.27,0.006903882087139657,-0.7671286329926124,-0.0014070424318753938,0.008322634819350805,-0.7668005114170846
BTC/USDT,2025-12-16 14:38:00+00:00,2025-12-16 14:49:00+00:00,take_profit,0.112543283000004,11.0,87261.05,87273.36,0.006903882087139657,-0.7671286329926124,0.00014107095892157417,0.006761857226535106,-0.7671614797459385
BTC/USDT,,2025-12-16 15:58:00+00:00,dry_run,0.0,,,87898.15,,,,0.023912334901246668,-0.7688165223045081
BTC/USDT,2025-12-16 15:58:00+00:00,2025-12-16 15:59:00+00:00,gate_close,0.0001652670194427,1.0,87898.15,87947.34,0.023912334901246668,-0.7688165223045081,0.0005596249750421389,0.023339648476008445,-0.7689458259908714
BTC/USDT,2025-12-16 15:58:00+00:00,2025-12-16 16:02:00+00:00,gate_close,-0.0575997395546477,4.0,87898.15,87819.99,0.023912334901246668,-0.7688165223045081,-0.0008892109788429803,0.006153610356821826,-0.7686107684594362
BTC/USDT,2025-12-16 15:58:00+00:00,2025-12-16 16:03:00+00:00,gate_close,-0.1025397446811307,5.0,87898.15,87849.74,0.023912334901246668,-0.7688165223045081,-0.00055075106813951,0.004931261037312007,-0.7686891275944585
BTC/USDT,2025-12-16 15:58:00+00:00,2025-12-16 16:04:00+00:00,gate_close,-0.0939197436969974,6.0,87898.15,87759.86,0.023912334901246668,-0.7688165223045081,-0.0015732981865943518,0.005960469854897177,-0.7684522286156792
BTC/USDT,2025-12-16 15:58:00+00:00,2025-12-16 16:05:00+00:00,gate_close,-0.1265071171923484,7.0,87898.15,87777.1,0.023912334901246668,-0.7688165223045081,-0.00137716209044203,0.005762892599550318,-0.7684977061215283
BTC/USDT,2025-12-16 15:58:00+00:00,2025-12-16 16:08:00+00:00,gate_close,-0.0674697406796605,10.0,87898.15,87745.99,0.023912334901246668,-0.7688165223045081,-0.0017310944542062723,0.006119481927322257,-0.7684156278822543
BTC/USDT,2025-12-16 15:58:00+00:00,2025-12-16 16:11:00+00:00,gate_close,-0.1190297465648415,13.0,87898.15,87707.42,0.023912334901246668,-0.7688165223045081,-0.0021698977737301117,0.00656193056414156,-0.7683137869065126
BTC/USDT,2025-12-16 15:58:00+00:00,2025-12-16 16:12:00+00:00,trailing_prob_drop,-0.1385497487965252,14.0,87898.15,87726.88,0.023912334901246668,-0.7688165223045081,-0.0019485051733169056,0.006338650137791113,-0.7683651806607051
BTC/USDT,2025-12-16 15:58:00+00:00,2025-12-16 16:13:00+00:00,trailing_prob_drop,-0.1040947448587038,15.0,87898.15,87687.85,0.023912334901246668,-0.7688165223045081,-0.002392541822552441,0.0067865730543055225,-0.7682620796381712
BTC/USDT,2025-12-16 15:58:00+00:00,2025-12-16 16:14:00+00:00,prob_floor,-0.1555447507411275,16.0,87898.15,87756.75,0.023912334901246668,-0.7688165223045081,-0.0016086800461669881,0.005996119956584556,-0.7684440228244551
BTC/USDT,2025-12-16 15:58:00+00:00,2025-12-16 16:15:00+00:00,prob_floor,-0.1793947534726673,17.0,87898.15,87653.86,0.023912334901246668,-0.7688165223045081,-0.002779239381033527,0.007176979998370747,-0.7681722174014927
BTC/USDT,2025-12-16 15:58:00+00:00,2025-12-16 16:16:00+00:00,prob_floor,-0.2187919723965784,18.0,87898.15,87606.15,0.023912334901246668,-0.7688165223045081,-0.0033220266865684467,0.007725485025880108,-0.7680459648095481
BTC/USDT,2025-12-16 15:58:00+00:00,2025-12-16 16:17:00+00:00,prob_floor,-0.1234747470728522,19.0,87898.15,87699.53,0.023912334901246668,-0.7688165223045081,-0.002259660755089765,0.006652487191208367,-0.7682929429610399
BTC/USDT,2025-12-16 15:58:00+00:00,2025-12-16 16:18:00+00:00,prob_floor,-0.0963097439698203,20.0,87898.15,87717.99,0.023912334901246668,-0.7688165223045081,-0.002049644958397767,0.006440640055705771,-0.7683417050481891
BTC/USDT,2025-12-16 15:58:00+00:00,2025-12-16 16:20:00+00:00,trailing_prob_drop,-0.1034497447850572,22.0,87898.15,87758.05,0.023912334901246668,-0.7688165223045081,-0.0015938902013294953,0.0059812176774665105,-0.768447452968702
BTC/USDT,2025-12-16 15:58:00+00:00,2025-12-16 16:21:00+00:00,take_profit,0.0426152660000034,23.0,87898.15,87892.76,0.023912334901246668,-0.7688165223045081,-6.132097205691078e-05,0.004439387271488515,-0.7688023450395687
BTC/USDT,,2025-12-16 16:26:00+00:00,dry_run,0.0,,,87987.32,,,,0.0005380320709846842,-0.7690508132308156
BTC/USDT,2025-12-16 16:26:00+00:00,2025-12-16 16:27:00+00:00,gate_close,-0.0531427340809022,1.0,87987.32,88027.23,0.0005380320709846842,-0.7690508132308156,0.0004535880851921359,8.440570037260287e-05,-0.7691555215357793
BTC/USDT,2025-12-16 16:26:00+00:00,2025-12-16 16:28:00+00:00,gate_close,-0.1008127344734965,2.0,87987.32,87938.58,0.0005380320709846842,-0.7690508132308156,-0.0005539434545795974,0.001092580753521366,-0.7689228095336541
BTC/USDT,2025-12-16 16:26:00+00:00,2025-12-16 16:29:00+00:00,trailing_prob_drop,-0.1438977393933559,3.0,87987.32,87843.23,0.0005380320709846842,-0.7690508132308156,-0.0016376223301267645,0.0021792231455970423,-0.7686719853083727
BTC/USDT,2025-12-16 16:26:00+00:00,2025-12-16 16:30:00+00:00,gate_close,-0.120567736728104,4.0,87987.32,87757.07,0.0005380320709846842,-0.7690508132308156,-0.0026168543376476894,0.0031631639479303697,-0.7684448671770834
BTC/USDT,2025-12-16 16:26:00+00:00,2025-12-16 16:32:00+00:00,gate_close,-0.1401327389630473,6.0,87987.32,87857.62,0.0005380320709846842,-0.7690508132308156,-0.0014740760373200823,0.00201507848721616,-0.7687098739984078
BTC/USDT,2025-12-16 16:26:00+00:00,2025-12-16 16:33:00+00:00,trailing_prob_drop,-0.1780427432992184,7.0,87987.32,87764.6,0.0005380320709846842,-0.7690508132308156,-0.0025312738244556154,0.0030770948651277497,-0.7684647340727355
BTC/USDT,2025-12-16 16:26:00+00:00,2025-12-16 16:34:00+00:00,prob_floor,-0.1884277444883754,8.0,87987.32,87688.77,0.0005380320709846842,-0.7690508132308156,-0.003393102551594973,0.003944518779314565,-0.7682645109516304
BTC/USDT,2025-12-16 16:26:00+00:00,2025-12-16 16:35:00+00:00,prob_floor,-0.2466677511677143,9.0,87987.32,87668.01,0.0005380320709846842,-0.7690508132308156,-0.0036290456397581883,0.004182255306125926,-0.7682096354188945
BTC/USDT,2025-12-16 16:26:00+00:00,2025-12-16 16:37:00+00:00,prob_floor,-0.2157960132431058,11.0,87987.32,87663.99,0.0005380320709846842,-0.7690508132308156,-0.0036747340412232044,0.004228304004871397,-0.004351843898503849
BTC/USDT,2025-12-16 16:26:00+00:00,2025-12-16 16:38:00+00:00,prob_floor,-0.2272477489385303,12.0,87987.32,87677.22,0.0005380320709846842,-0.7690508132308156,-0.003524371466252285,0.0040767715947198635,-0.004503450269066511
BTC/USDT,2025-12-16 16:26:00+00:00,2025-12-16 16:39:00+00:00,prob_floor,-0.3305112021407129,13.0,87987.32,87590.36,0.0005380320709846842,-0.7690508132308156,-0.004511559165570778,0.005072476012200511,-0.0036480041867621438
BTC/USDT,2025-12-16 16:26:00+00:00,2025-12-16 16:40:00+00:00,prob_floor,-0.3051227578896096,14.0,87987.32,87412.71,0.0005380320709846842,-0.7690508132308156,-0.006530600091013139,0.007115098021786448,-0.0016231049237577233
BTC/USDT,2025-12-16 16:26:00+00:00,2025-12-16 16:41:00+00:00,prob_floor,-0.288772756007679,15.0,87987.32,87434.62,0.0005380320709846842,-0.7690508132308156,-0.00628158693775438,0.006862727830234894,-0.0018732854331613424
BTC/USDT,2025-12-16 16:26:00+00:00,2025-12-16 16:42:00+00:00,prob_floor,-0.2809027551023074,16.0,87987.32,87467.31,0.0005380320709846842,-0.7690508132308156,-0.0059100561308153,0.006486423327755286,-0.002279594513653116
BTC/USDT,2025-12-16 16:26:00+00:00,2025-12-16 16:43:00+00:00,prob_floor,-0.2547077520911909,17.0,87987.32,87483.52,0.0005380320709846842,-0.7690508132308156,-0.005725825039335275,0.006299929403846605,-0.003670634194874789
BTC/USDT,2025-12-16 16:26:00+00:00,2025-12-16 16:44:00+00:00,prob_floor,-0.2610477528196547,18.0,87987.32,87535.44,0.0005380320709846842,-0.7690508132308156,-0.00513574001344741,0.005703061525708986,-0.0042932325467262
BTC/USDT,2025-12-16 16:26:00+00:00,2025-12-16 16:45:00+00:00,prob_floor,-0.2261277488100253,19.0,87987.32,87550.69,0.0005380320709846842,-0.7690508132308156,-0.004962419585003874,0.0055278833325014265,-0.0044666695373845045
BTC/USDT,2025-12-16 16:26:00+00:00,2025-12-16 16:46:00+00:00,prob_floor,-0.2845927555267653,20.0,87987.32,87592.6,0.0005380320709846842,-0.7690508132308156,-0.004486100951819005,0.005046773357566758,-0.004942997467822674
BTC/USDT,2025-12-16 16:26:00+00:00,2025-12-16 16:47:00+00:00,prob_floor,-0.2595277526449793,21.0,87987.32,87457.33,0.0005380320709846842,-0.7690508132308156,-0.006023481565298305,0.006601276302397929,-0.003403945672706854
BTC/USDT,2025-12-16 16:26:00+00:00,2025-12-16 16:48:00+00:00,prob_floor,-0.2393877503318261,22.0,87987.32,87525.81,0.0005380320709846842,-0.7690508132308156,-0.005245187602031853,0.00581371369199557,-0.004183680219583152
BTC/USDT,2025-12-16 16:26:00+00:00,2025-12-16 16:49:00+00:00,prob_floor,-0.1588977411084686,23.0,87987.32,87566.08,0.0005380320709846842,-0.7690508132308156,-0.004787508018200826,0.005351158804870471,-0.004689487070792753
BTC/USDT,2025-12-16 16:26:00+00:00,2025-12-16 16:50:00+00:00,trailing_prob_drop,-0.228192749046959,24.0,87987.32,87729.78,0.0005380320709846842,-0.7690508132308156,-0.002927012665006834,0.003475216739401432,-0.006546693722473629
BTC/USDT,2025-12-16 16:26:00+00:00,2025-12-16 16:51:00+00:00,prob_floor,-0.1825827438190116,25.0,87987.32,87588.48,0.0005380320709846842,-0.7690508132308156,-0.00453292588068388,0.005094048897754666,-0.004944029169132724
BTC/USDT,2025-12-16 16:26:00+00:00,2025-12-16 16:52:00+00:00,trailing_prob_drop,-0.1921327449127692,26.0,87987.32,87679.69,0.0005380320709846842,-0.7690508132308156,-0.0034962992394813597,0.004048486029090581,-0.0059791497894210455
BTC/USDT,2025-12-16 16:26:00+00:00,2025-12-16 16:53:00+00:00,trailing_prob_drop,-0.2042527463015293,27.0,87987.32,87660.59,0.0005380320709846842,-0.7690508132308156,-0.0037133759728107396,0.004267253962128237,-0.005762566736089658
BTC/USDT,2025-12-16 16:26:00+00:00,2025-12-16 16:54:00+00:00,trailing_prob_drop,-0.2325954373435962,28.0,87987.32,87636.35,0.0005380320709846842,-0.7690508132308156,-0.003988870214480911,0.0045450318275463975,-0.005487563094537906
BTC/USDT,2025-12-16 16:26:00+00:00,2025-12-16 16:55:00+00:00,trailing_prob_drop,-0.1974827455256963,29.0,87987.32,87585.77,0.0005380320709846842,-0.7690508132308156,-0.004563725773213734,0.005125147612448977,-0.004913241043607908
BTC/USDT,2025-12-16 16:26:00+00:00,2025-12-16 16:56:00+00:00,gate_close,-0.2065408745073771,30.0,87987.32,87649.9,0.0005380320709846842,-0.7690508132308156,-0.0038348707518311986,0.002310441882991343,-0.005641307063670276
BTC/USDT,2025-12-16 16:26:00+00:00,2025-12-16 16:57:00+00:00,gate_close,-0.1957427453263419,31.0,87987.32,87684.21,0.0005380320709846842,-0.7690508132308156,-0.0034449282010180493,0.0019182473104335518,-0.006030390192259261
BTC/USDT,2025-12-16 16:26:00+00:00,2025-12-16 16:58:00+00:00,trailing_prob_drop,-0.2312377493963716,32.0,87987.32,87653.37,0.0005380320709846842,-0.7690508132308156,-0.0037954332510640176,0.002270762664344783,-0.005812326439930349
BTC/USDT,2025-12-16 16:26:00+00:00,2025-12-16 16:59:00+00:00,trailing_prob_drop,-0.2423077506670653,33.0,87987.32,87582.39,0.0005380320709846842,-0.7690508132308156,-0.004602140399321275,0.003083039866804249,-0.005420267704500881
BTC/USDT,2025-12-16 16:26:00+00:00,2025-12-16 17:01:00+00:00,trailing_prob_drop,-0.166967742031677,35.0,87987.32,87669.52,0.0005380320709846842,-0.7690508132308156,-0.0036118840760237525,0.002086129820261462,-0.006771566674483975
BTC/USDT,2025-12-16 16:26:00+00:00,2025-12-16 17:03:00+00:00,gate_close,-0.1634327416272242,37.0,87987.32,87763.99,0.0005380320709846842,-0.7690508132308156,-0.0025382066415933213,0.0010074747057420286,-0.007840687279600744
BTC/USDT,2025-12-16 16:26:00+00:00,2025-12-16 17:04:00+00:00,gate_close,-0.1729927427211733,38.0,87987.32,87717.99,0.0005380320709846842,-0.7690508132308156,-0.003061009245423074,0.0015324108543754988,-0.007320391176314112
BTC/USDT,2025-12-16 16:26:00+00:00,2025-12-16 17:05:00+00:00,trailing_prob_drop,-0.1298177377844944,39.0,87987.32,87698.88,0.0005380320709846842,-0.7690508132308156,-0.00327819963149234,0.0017506494951817775,-0.007104081602866574
BTC/USDT,2025-12-16 16:26:00+00:00,2025-12-16 17:06:00+00:00,gate_close,-0.140877739048177,40.0,87987.32,87785.23,0.0005380320709846842,-0.7690508132308156,-0.002296808221912139,0.0007652768011203737,-0.008080744334781564
BTC/USDT,2025-12-16 16:26:00+00:00,2025-12-16 17:07:00+00:00,trailing_prob_drop,-0.1475327398088793,41.0,87987.32,87763.11,0.0005380320709846842,-0.7690508132308156,-0.0025482080827101683,0.0010175117996615857,-0.007830738906130397
BTC/USDT,2025-12-16 16:26:00+00:00,2025-12-16 17:09:00+00:00,trailing_prob_drop,-0.1727927426982711,43.0,87987.32,87719.07,0.0005380320709846842,-0.7690508132308156,-0.003048734749507065,0.0013576295325519183,-0.007332613079459316
BTC/USDT,2025-12-16 16:26:00+00:00,2025-12-16 17:11:00+00:00,gate_close,-0.1255527372973581,45.0,87987.32,87782.46,0.0005380320709846842,-0.7690508132308156,-0.0023282900308817522,0.0006345231154378794,-0.008049444046111298
BTC/USDT,2025-12-16 16:26:00+00:00,2025-12-16 17:14:00+00:00,gate_close,-0.1160077362075055,48.0,87987.32,87790.03,0.0005380320709846842,-0.7690508132308156,-0.0022422549067298014,0.0005482399311174113,-0.008134978425226591
BTC/USDT,2025-12-16 16:26:00+00:00,2025-12-16 17:17:00+00:00,trailing_prob_drop,-0.1790746629999208,51.0,87987.32,87729.9,0.0005380320709846842,-0.7690508132308156,-0.0029256488321273144,0.0007246104235842932,-0.015018824824831523
BTC/USDT,2025-12-16 16:26:00+00:00,2025-12-16 17:18:00+00:00,trailing_prob_drop,-0.1415527391253242,52.0,87987.32,87793.47,0.0005380320709846842,-0.7690508132308156,-0.0022031583641825003,0.0,-0.01573203565139869
BTC/USDT,2025-12-16 16:26:00+00:00,2025-12-16 17:21:00+00:00,prob_floor,-0.2231227484652837,55.0,87987.32,87673.19,0.0005380320709846842,-0.7690508132308156,-0.003570173520457298,0.0,-0.014381705513395793
BTC/USDT,2025-12-16 16:26:00+00:00,2025-12-16 17:22:00+00:00,prob_floor,-0.2267277488788781,56.0,87987.32,87598.61,0.0005380320709846842,-0.7690508132308156,-0.004417795655101253,0.0007449889901220974,-0.01354256648592933
BTC/USDT,2025-12-16 16:26:00+00:00,2025-12-16 17:23:00+00:00,prob_floor,-0.2935977565628959,57.0,87987.32,87591.41,0.0005380320709846842,-0.7690508132308156,-0.004499625627874648,0.0002475128554271233,-0.0134614798414594
BTC/USDT,2025-12-16 16:26:00+00:00,2025-12-16 17:24:00+00:00,prob_floor,-0.3038277577405086,58.0,87987.32,87457.67,0.0005380320709846842,-0.7690508132308156,-0.0060196173721396296,0.0013058888945933766,-0.01195286817039598
BTC/USDT,2025-12-16 16:26:00+00:00,2025-12-16 17:25:00+00:00,prob_floor,-0.3157127591093164,59.0,87987.32,87437.2,0.0005380320709846842,-0.7690508132308156,-0.006252264530843821,0.0012208762403187468,-0.011721555585036958
BTC/USDT,2025-12-16 16:26:00+00:00,2025-12-16 17:26:00+00:00,time_limit,-0.3635827240000061,60.0,87987.32,87413.43,0.0005380320709846842,-0.7690508132308156,-0.0065224170937359105,0.001493134407378971,-0.011452816804008115
BTC/USDT,,2025-12-16 18:06:00+00:00,dry_run,0.0,,,87399.99,,,,0.007261671311403983,-0.011300802208329852
BTC/USDT,2025-12-16 18:06:00+00:00,2025-12-16 18:07:00+00:00,gate_close,-0.0169175774900779,1.0,87399.99,87473.39,0.007261671311403983,-0.011300802208329852,0.0008398170297272411,0.006416465624574652,-0.012130431894773919
BTC/USDT,2025-12-16 18:06:00+00:00,2025-12-16 18:12:00+00:00,take_profit,0.018022660000004,6.0,87399.99,87430.38,0.007261671311403983,-0.011300802208329852,0.0003477117102645977,0.006911556372052763,-0.011644465001753423
BTC/USDT,,2025-12-16 18:14:00+00:00,dry_run,0.0,,,87502.79,,,,0.006078320474124377,-0.012462345486355275
BTC/USDT,2025-12-16 18:14:00+00:00,2025-12-16 18:16:00+00:00,gate_close,-0.0662631005780434,2.0,87502.79,87482.45,0.006078320474124377,-0.012462345486355275,-0.00023244973103142552,0.006312237483060867,-0.0021554037409788895
BTC/USDT,2025-12-16 18:14:00+00:00,2025-12-16 18:17:00+00:00,gate_close,-0.0751431015954097,3.0,87502.79,87415.94,0.006078320474124377,-0.012462345486355275,-0.0009925397807314384,0.007077885337616996,-0.0013961984507631087
BTC/USDT,2025-12-16 18:14:00+00:00,2025-12-16 18:18:00+00:00,gate_close,-0.0660881005579877,4.0,87502.79,87398.17,0.006078320474124377,-0.012462345486355275,-0.0011956190196906746,0.0072826467648008375,-0.0011931599940822046
BTC/USDT,2025-12-16 18:14:00+00:00,2025-12-16 18:21:00+00:00,trailing_prob_drop,-0.1074981053057989,7.0,87502.79,87335.61,0.006078320474124377,-0.012462345486355275,-0.0019105676516142367,0.008004180654374471,-0.00047769747071102486
BTC/USDT,2025-12-16 18:14:00+00:00,2025-12-16 18:22:00+00:00,trailing_prob_drop,-0.0914481034645483,8.0,87502.79,87333.46,0.006078320474124377,-0.012462345486355275,-0.0019351382967329744,0.00802899598847917,-0.0003815261641987311
BTC/USDT,2025-12-16 18:14:00+00:00,2025-12-16 18:23:00+00:00,prob_floor,-0.0606836736231973,9.0,87502.79,87365.56,0.006078320474124377,-0.012462345486355275,-0.0015682928510050154,0.0076586242908534,-0.0007488076537253141
BTC/USDT,2025-12-16 18:14:00+00:00,2025-12-16 18:24:00+00:00,trailing_prob_drop,-0.0404180976193473,10.0,87502.79,87428.07,0.006078320474124377,-0.012462345486355275,-0.0008539156294329331,0.006938160707425034,-0.0014632600262136641
BTC/USDT,2025-12-16 18:14:00+00:00,2025-12-16 18:25:00+00:00,trailing_prob_drop,-0.0742281014905587,11.0,87502.79,87477.04,0.006078320474124377,-0.012462345486355275,-0.0002942763310747054,0.006374472661626607,-0.002022244922781913
BTC/USDT,2025-12-16 18:14:00+00:00,2025-12-16 18:26:00+00:00,prob_floor,-0.0670481006679526,12.0,87502.79,87443.75,0.006078320474124377,-0.012462345486355275,-0.0006747213431708143,0.006757601315131145,-0.0016423129154456984
BTC/USDT,2025-12-16 18:14:00+00:00,2025-12-16 18:27:00+00:00,trailing_prob_drop,-0.0891081031962045,13.0,87502.79,87414.36,0.006078320474124377,-0.012462345486355275,-0.0010105963478420632,0.007096088102687137,-0.001306650303222523
BTC/USDT,2025-12-16 18:14:00+00:00,2025-12-16 18:28:00+00:00,prob_floor,-0.0759381016865108,14.0,87502.79,87370.25,0.006078320474124377,-0.012462345486355275,-0.001514694560024843,0.0076045335797940705,-0.000802447057207667
BTC/USDT,2025-12-16 18:14:00+00:00,2025-12-16 18:29:00+00:00,prob_floor,-0.0294130963605615,15.0,87502.79,87401.32,0.006078320474124377,-0.012462345486355275,-0.0011596201675396767,0.007246343647899112,-0.0011576484199552484
BTC/USDT,2025-12-16 18:14:00+00:00,2025-12-16 18:30:00+00:00,take_profit,0.0710569059999976,16.0,87502.79,87489.63,0.006078320474124377,-0.012462345486355275,-0.00015039520454129818,0.006229652588541024,-0.0021658566849580563
BTC/USDT,,2025-12-16 18:32:00+00:00,dry_run,0.0,,,87706.7,,,,0.00373928103554233,-0.004635449743292108
BTC/USDT,2025-12-16 18:32:00+00:00,2025-12-16 18:38:00+00:00,take_profit,0.0075206270000055,6.0,87706.7,87626.62,0.00373928103554233,-0.004635449743292108,-0.0009130431312545095,0.004656575821365694,-0.0075966641187347195
BTC/USDT,,2025-12-16 18:40:00+00:00,dry_run,0.0,,,87831.79,,,,0.002309755955104853,-0.0099148611226072
BTC/USDT,2025-12-16 18:40:00+00:00,2025-12-16 18:41:00+00:00,trailing_prob_drop,-0.0128201694576542,1.0,87831.79,87901.68,0.002309755955104853,-0.0099148611226072,0.0007957255567716537,0.0015128266035417948,-0.010702070768158212
BTC/USDT,2025-12-16 18:40:00+00:00,2025-12-16 18:43:00+00:00,gate_close,-0.0064401687318257,3.0,87831.79,87849.61,0.002309755955104853,-0.0099148611226072,0.00020288781544830492,0.002106440768490536,-0.010115696586473266
BTC/USDT,2025-12-16 18:40:00+00:00,2025-12-16 18:44:00+00:00,take_profit,0.016534830999997,4.0,87831.79,87906.41,0.002309755955104853,-0.0099148611226072,0.0008495784954400953,0.0011167558770741604,-0.010755302144633161
BTC/USDT,,2025-12-16 18:45:00+00:00,dry_run,0.0,,,87950.0,,,,0.0006205798749290281,-0.012302330869812472
BTC/USDT,2025-12-16 18:45:00+00:00,2025-12-16 18:46:00+00:00,gate_close,0.0026073452973981,1.0,87950.0,87855.21,0.0006205798749290281,-0.012302330869812472,-0.001077771461057364,0.0017001837455057345,-0.011236669970967172
BTC/USDT,2025-12-16 18:45:00+00:00,2025-12-16 18:47:00+00:00,trailing_prob_drop,-0.0171676569540453,2.0,87950.0,87849.36,0.0006205798749290281,-0.012302330869812472,-0.0011442865264355007,0.0017668882277570575,-0.011170826970168135
BTC/USDT,2025-12-16 18:45:00+00:00,2025-12-16 18:48:00+00:00,trailing_prob_drop,-0.0136226565502892,3.0,87950.0,87809.81,0.0006205798749290281,-0.012302330869812472,-0.0015939738487777966,0.0022180893000451896,-0.01072545311281281
BTC/USDT,2025-12-16 18:45:00+00:00,2025-12-16 18:49:00+00:00,take_profit,0.0051423440000029,4.0,87950.0,87816.89,0.0006205798749290281,-0.012302330869812472,-0.0015134735645253583,0.0021372881685972622,-0.010805210706049895
BTC/USDT,,2025-12-16 18:53:00+00:00,dry_run,0.0,,,87995.37,,,,5.318461641801164e-05,-0.012811583154886397
BTC/USDT,2025-12-16 18:53:00+00:00,2025-12-16 18:54:00+00:00,trailing_prob_drop,-0.0342842799037454,1.0,87995.37,87842.77,5.318461641801164e-05,-0.012811583154886397,-0.001734182150719854,0.0017373086026317708,-0.011096644607177186
BTC/USDT,2025-12-16 18:53:00+00:00,2025-12-16 18:55:00+00:00,trailing_prob_drop,-0.0278392791693039,2.0,87995.37,87807.63,5.318461641801164e-05,-0.012811583154886397,-0.0021335213432250866,0.0015647842903856457,-0.010700892393975425
BTC/USDT,2025-12-16 18:53:00+00:00,2025-12-16 18:56:00+00:00,prob_floor,-0.0680992837606903,3.0,87995.37,87804.67,5.318461641801164e-05,-0.012811583154886397,-0.002167159476686109,0.001598548232115693,-0.010667541942814718
BTC/USDT,2025-12-16 18:53:00+00:00,2025-12-16 18:57:00+00:00,prob_floor,-0.0520842819332807,4.0,87995.37,87724.16,5.318461641801164e-05,-0.012811583154886397,-0.003082093978353573,0.0025177784546468462,-0.009759569085643127
BTC/USDT,2025-12-16 18:53:00+00:00,2025-12-16 18:58:00+00:00,prob_floor,-0.043284280929704,5.0,87995.37,87756.18,5.318461641801164e-05,-0.012811583154886397,-0.0027182111967937184,0.002151985193521444,-0.010120882654646057
BTC/USDT,2025-12-16 18:53:00+00:00,2025-12-16 18:59:00+00:00,prob_floor,-0.0531242820518969,6.0,87995.37,87760.1,5.318461641801164e-05,-0.012811583154886397,-0.0026736633984264513,0.0021072218468300985,-0.010165097806406509
BTC/USDT,2025-12-16 18:53:00+00:00,2025-12-16 19:01:00+00:00,trailing_prob_drop,-0.0551742822857541,8.0,87995.37,87752.77,5.318461641801164e-05,-0.012811583154886397,-0.0027569632356791995,0.002190927990079361,-0.010082416771573288
BTC/USDT,2025-12-16 18:53:00+00:00,2025-12-16 19:02:00+00:00,prob_floor,-0.1226326600811772,9.0,87995.37,87663.94,5.318461641801164e-05,-0.012811583154886397,-0.003766448166534153,0.003206449539000733,-0.009079331821043035
BTC/USDT,2025-12-16 18:53:00+00:00,2025-12-16 19:03:00+00:00,prob_floor,-0.1480342929017457,10.0,87995.37,87620.38,5.318461641801164e-05,-0.012811583154886397,-0.004261474211654459,0.003705188222192124,-0.008586700947884607
BTC/USDT,2025-12-16 18:53:00+00:00,2025-12-16 19:04:00+00:00,prob_floor,-0.1300892908467192,11.0,87995.37,87564.28,5.318461641801164e-05,-0.012811583154886397,-0.004899007754612494,0.004348234234324844,-0.00795153000744142
BTC/USDT,2025-12-16 18:53:00+00:00,2025-12-16 19:05:00+00:00,prob_floor,-0.1486892929767858,12.0,87995.37,87600.17,5.318461641801164e-05,-0.012811583154886397,-0.004491145386399276,0.003936750351055229,-0.008357974647766109
BTC/USDT,2025-12-16 18:53:00+00:00,2025-12-16 19:06:00+00:00,prob_floor,-0.199219929842346,13.0,87995.37,87589.17,5.318461641801164e-05,-0.012811583154886397,-0.004616151963449888,0.004062831055483329,-0.008233437992391068
BTC/USDT,2025-12-16 18:53:00+00:00,2025-12-16 19:07:00+00:00,prob_floor,-0.1865442973175378,14.0,87995.37,87490.74,5.318461641801164e-05,-0.012811583154886397,-0.005734733543366954,0.005192435222287406,-0.007117667538301897
BTC/USDT,2025-12-16 18:53:00+00:00,2025-12-16 19:08:00+00:00,prob_floor,-0.1699192954102643,15.0,87995.37,87514.55,5.318461641801164e-05,-0.012811583154886397,-0.005464151125223915,0.004918953476878984,-0.007387800085814411
BTC/USDT,2025-12-16 18:53:00+00:00,2025-12-16 19:09:00+00:00,prob_floor,-0.2018242990717864,16.0,87995.37,87520.51,5.318461641801164e-05,-0.012811583154886397,-0.00539642028893117,0.004850520180926798,-0.0074553953124816275
BTC/USDT,2025-12-16 18:53:00+00:00,2025-12-16 19:10:00+00:00,prob_floor,-0.2098292999912953,17.0,87995.37,87456.7,5.318461641801164e-05,-0.012811583154886397,-0.0061215720781673255,0.005583677408363297,-0.006731216704952359
BTC/USDT,2025-12-16 18:53:00+00:00,2025-12-16 19:11:00+00:00,prob_floor,-0.2251743017548887,18.0,87995.37,87427.96,5.318461641801164e-05,-0.012811583154886397,-0.006448180171297557,0.005914240707434848,-0.00640470165379603
BTC/USDT,2025-12-16 18:53:00+00:00,2025-12-16 19:12:00+00:00,prob_floor,-0.2436443038792869,19.0,87995.37,87410.01,5.318461641801164e-05,-0.012811583154886397,-0.006652168176575657,0.006120809275734107,-0.006200662830263992
BTC/USDT,2025-12-16 18:53:00+00:00,2025-12-16 19:13:00+00:00,prob_floor,-0.2628843060941426,20.0,87995.37,87373.07,5.318461641801164e-05,-0.012811583154886397,-0.007071962990779945,0.006546181792627781,-0.00578049964365468
BTC/USDT,2025-12-16 18:53:00+00:00,2025-12-16 19:14:00+00:00,prob_floor,-0.2689543067933119,21.0,87995.37,87334.59,5.318461641801164e-05,-0.012811583154886397,-0.007509258725771573,0.006989670415811222,-0.005342442209896436
BTC/USDT,2025-12-16 18:53:00+00:00,2025-12-16 19:15:00+00:00,prob_floor,-0.2512643047562387,22.0,87995.37,87322.45,5.318461641801164e-05,-0.012811583154886397,-0.007647220529898302,0.007129667113096261,-0.005204159984059098
BTC/USDT,2025-12-16 18:53:00+00:00,2025-12-16 19:16:00+00:00,prob_floor,-0.2560443053065246,23.0,87995.37,87357.83,5.318461641801164e-05,-0.012811583154886397,-0.007245153921166425,0.006721778688870694,-0.005607053197177692
BTC/USDT,2025-12-16 18:53:00+00:00,2025-12-16 19:17:00+00:00,prob_floor,-0.256034305305364,24.0,87995.37,87348.27,5.318461641801164e-05,-0.012811583154886397,-0.007353796000857726,0.006831961297000921,-0.005498219941848959
BTC/USDT,2025-12-16 18:53:00+00:00,2025-12-16 19:18:00+00:00,prob_floor,-0.2799043080550852,25.0,87995.37,87381.19,5.318461641801164e-05,-0.012811583154886397,-0.006979685408448066,0.006452647303155201,-0.005872888661736075
BTC/USDT,2025-12-16 18:53:00+00:00,2025-12-16 19:19:00+00:00,prob_floor,-0.2672193065934465,26.0,87995.37,87300.54,5.318461641801164e-05,-0.012811583154886397,-0.007896210902914591,0.007382428562297649,-0.004954493981365937
BTC/USDT,2025-12-16 18:53:00+00:00,2025-12-16 19:20:00+00:00,prob_floor,-0.2387343033143605,27.0,87995.37,87325.91,5.318461641801164e-05,-0.012811583154886397,-0.007607900279298696,0.0070897629351929226,-0.005243575474907836
BTC/USDT,2025-12-16 18:53:00+00:00,2025-12-16 19:21:00+00:00,prob_floor,-0.2051792994571164,28.0,87995.37,87382.88,5.318461641801164e-05,-0.012811583154886397,-0.006960479852519352,0.00643318233502943,-0.005892115251866392
BTC/USDT,2025-12-16 18:53:00+00:00,2025-12-16 19:22:00+00:00,trailing_prob_drop,-0.2225493014531111,29.0,87995.37,87435.64,5.318461641801164e-05,-0.012811583154886397,-0.006360902852047712,0.006714424461238044,-0.006491975125932692
BTC/USDT,2025-12-16 18:53:00+00:00,2025-12-16 19:23:00+00:00,prob_floor,-0.2135093004141231,30.0,87995.37,87415.26,5.318461641801164e-05,-0.012811583154886397,-0.006592505946619753,0.006949129934521903,-0.00626034859359792
BTC/USDT,2025-12-16 18:53:00+00:00,2025-12-16 19:24:00+00:00,prob_floor,-0.2544143051188539,31.0,87995.37,87433.33,5.318461641801164e-05,-0.012811583154886397,-0.0063871542332283315,0.006741021987839213,-0.006465726514133796
BTC/USDT,2025-12-16 18:53:00+00:00,2025-12-16 19:26:00+00:00,trailing_prob_drop,-0.2142243004962951,33.0,87995.37,87431.9,5.318461641801164e-05,-0.012811583154886397,-0.0064034050882449955,0.006757487827669495,-0.0064494766784205515
BTC/USDT,2025-12-16 18:53:00+00:00,2025-12-16 19:27:00+00:00,prob_floor,-0.2548443051683579,34.0,87995.37,87335.6,5.318461641801164e-05,-0.012811583154886397,-0.007497780849151425,0.007867582062755618,-0.005353945012114281
BTC/USDT,2025-12-16 18:53:00+00:00,2025-12-16 19:28:00+00:00,trailing_prob_drop,-0.2255643017997267,35.0,87995.37,87339.76,5.318461641801164e-05,-0.012811583154886397,-0.007450505634557847,0.007819577246376719,-0.0054013200860638655
BTC/USDT,2025-12-16 18:53:00+00:00,2025-12-16 19:29:00+00:00,trailing_prob_drop,-0.1963992984488083,36.0,87995.37,87409.22,5.318461641801164e-05,-0.012811583154886397,-0.0066611459216546764,0.007018710383183802,-0.006191680923362641
BTC/USDT,2025-12-16 18:53:00+00:00,2025-12-16 19:31:00+00:00,gate_close,-0.2051992994594251,38.0,87995.37,87481.24,5.318461641801164e-05,-0.012811583154886397,-0.0058426937690015945,0.006189669922374241,-0.007009845768075618
BTC/USDT,2025-12-16 18:53:00+00:00,2025-12-16 19:35:00+00:00,trailing_prob_drop,-0.1320392910699449,42.0,87995.37,87585.93,5.318461641801164e-05,-0.012811583154886397,-0.0046529720825084775,0.004986988206895804,-0.008196750322797208
BTC/USDT,2025-12-16 18:53:00+00:00,2025-12-16 19:38:00+00:00,trailing_prob_drop,-0.2216543013502382,45.0,87995.37,87449.91,5.318461641801164e-05,-0.012811583154886397,-0.006198735228910235,0.00655014967997114,-0.006654094898439711
BTC/USDT,2025-12-16 18:53:00+00:00,2025-12-16 19:39:00+00:00,trailing_prob_drop,-0.217708450825419,46.0,87995.37,87417.41,5.318461641801164e-05,-0.012811583154886397,-0.006568072842923378,0.006924364380047399,-0.006284789265662449
BTC/USDT,2025-12-16 18:53:00+00:00,2025-12-16 19:41:00+00:00,gate_close,-0.1516792933193668,48.0,87995.37,87539.59,5.318461641801164e-05,-0.012811583154886397,-0.005179590698919712,0.005518988608468556,-0.007671728871474048
BTC/USDT,2025-12-16 18:53:00+00:00,2025-12-16 19:45:00+00:00,trailing_prob_drop,-0.1174892894048061,52.0,87995.37,87568.6,5.318461641801164e-05,-0.012811583154886397,-0.004849914262534338,0.005185877129473271,-0.00800047048828012
BTC/USDT,2025-12-16 18:53:00+00:00,2025-12-16 19:46:00+00:00,trailing_prob_drop,-0.1181792894837348,53.0,87995.37,87625.37,5.318461641801164e-05,-0.012811583154886397,-0.004204766682610717,0.004534645616903088,-0.0030884890985337643
BTC/USDT,2025-12-16 18:53:00+00:00,2025-12-16 19:47:00+00:00,gate_close,-0.0971042870737288,54.0,87995.37,87612.43,5.318461641801164e-05,-0.012811583154886397,-0.004351819874159335,0.0047439615588793504,-0.002941249318161643
BTC/USDT,2025-12-16 18:53:00+00:00,2025-12-16 19:51:00+00:00,gate_close,-0.052454281975473,58.0,87995.37,87791.24,5.318461641801164e-05,-0.012811583154886397,-0.0023197811430304416,0.0026975356538989637,-0.004972022265547271
BTC/USDT,2025-12-16 18:53:00+00:00,2025-12-16 19:53:00+00:00,time_limit,-0.0819692770000049,60.0,87995.37,87670.62,5.318461641801164e-05,-0.012811583154886397,-0.0036905350815616966,0.004077078501326881,-0.0036030314374415617
BTC/USDT,,2025-12-16 19:55:00+00:00,dry_run,0.0,,,87625.14,,,,0.004598223751768105,-0.0030858723877644767
BTC/USDT,2025-12-16 19:55:00+00:00,2025-12-16 19:59:00+00:00,trailing_prob_drop,-0.0106725142171237,4.0,87625.14,87590.0,0.004598223751768105,-0.0030858723877644767,-0.00040102646340989256,0.005001255851124542,-0.0026859230505764664
BTC/USDT,2025-12-16 19:55:00+00:00,2025-12-16 20:01:00+00:00,take_profit,0.004937485999997,6.0,87625.14,87650.29,0.004598223751768105,-0.0030858723877644767,0.00028701808636188986,0.004309968626458716,-0.0033719226713339046
BTC/USDT,,2025-12-16 20:26:00+00:00,dry_run,0.0,,,87598.61,,,,0.004902475050688526,-0.0010846062511722376
BTC/USDT,2025-12-16 20:26:00+00:00,2025-12-16 20:30:00+00:00,gate_close,-0.0213198634333721,4.0,87598.61,87606.15,0.004902475050688526,-0.0010846062511722376,8.607442515340402e-05,0.004815986092300717,-0.0011705799193320043
BTC/USDT,2025-12-16 20:26:00+00:00,2025-12-16 20:32:00+00:00,take_profit,0.0119251380000049,6.0,87598.61,87555.17,0.004902475050688526,-0.0010846062511722376,-0.0004958982796645639,0.005401051702600856,-0.0005890000556220132
BTC/USDT,,2025-12-16 20:34:00+00:00,dry_run,0.0,,,87647.93,,,,0.0043370105831364025,-0.0016467017532528772
BTC/USDT,2025-12-16 20:34:00+00:00,2025-12-16 20:36:00+00:00,take_profit,0.0307130045000557,2.0,87647.93,87713.2,0.0043370105831364025,-0.0016467017532528772,0.0007446838733100591,0.0035896535527149,-0.0023896061254177203
BTC/USDT,2025-12-16 20:34:00+00:00,2025-12-16 20:37:00+00:00,take_profit,0.0062329999999999,3.0,87647.93,87761.84,0.0043370105831364025,-0.0016467017532528772,0.001299631377489563,0.003033436855927274,-0.0029425089537775673
BTC/USDT,,2025-12-16 20:38:00+00:00,dry_run,0.0,,,87729.4,,,,0.0034043319571319675,-0.0025738235984742452
BTC/USDT,2025-12-16 20:38:00+00:00,2025-12-16 20:40:00+00:00,take_profit,0.0297099287710073,2.0,87729.4,87777.78,0.0034043319571319675,-0.0025738235984742452,0.0005514684928884517,0.00285129106705595,-0.0031235695411754305
BTC/USDT,2025-12-16 20:38:00+00:00,2025-12-16 20:41:00+00:00,take_profit,0.0229399199999991,3.0,87729.4,87734.7,0.0034043319571319675,-0.0025738235984742452,6.0413042834106534e-05,0.0033437169101848685,-0.002634077508670951
BTC/USDT,,2025-12-16 20:42:00+00:00,dry_run,0.0,,,87764.23,,,,0.0030061221980755004,-0.0029696608743674524
BTC/USDT,2025-12-16 20:42:00+00:00,2025-12-16 20:47:00+00:00,trailing_prob_drop,-0.0414116477203125,5.0,87764.23,87737.07,0.0030061221980755004,-0.0029696608743674524,-0.0003094654849702394,0.0033166140606244454,-0.020765908868395133
BTC/USDT,2025-12-16 20:42:00+00:00,2025-12-16 20:48:00+00:00,trailing_prob_drop,-0.0646466503730124,6.0,87764.23,87734.31,0.0030061221980755004,-0.0029696608743674524,-0.0003409133766683059,0.0033481770130749933,-0.020735103518794373
BTC/USDT,2025-12-16 20:42:00+00:00,2025-12-16 20:49:00+00:00,trailing_prob_drop,-0.084486652640354,7.0,87764.23,87654.71,0.0030061221980755004,-0.0029696608743674524,-0.0012478888039009206,0.0030022345633222702,-0.019845824599727724
BTC/USDT,2025-12-16 20:42:00+00:00,2025-12-16 20:50:00+00:00,trailing_prob_drop,-0.0779866518973004,8.0,87764.23,87615.04,0.0030061221980755004,-0.0029696608743674524,-0.001699895276241814,0.00345637004788224,-0.01940203417130193
BTC/USDT,2025-12-16 20:42:00+00:00,2025-12-16 20:51:00+00:00,prob_floor,-0.0511316488296785,9.0,87764.23,87628.77,0.0030061221980755004,-0.0029696608743674524,-0.0015434534092076957,0.0032991447900043713,-0.019555677889807166
BTC/USDT,2025-12-16 20:42:00+00:00,2025-12-16 20:52:00+00:00,prob_floor,-0.0407704097646382,10.0,87764.23,87681.74,0.0030061221980755004,-0.0029696608743674524,-0.0009399045602062062,0.00269303506066354,-0.020147980639982688
BTC/USDT,2025-12-16 20:42:00+00:00,2025-12-16 20:53:00+00:00,trailing_prob_drop,-0.0411716476929141,11.0,87764.23,87711.69,0.0030061221980755004,-0.0029696608743674524,-0.0005986493586281894,0.002350655881787178,-0.020482560534405336
BTC/USDT,2025-12-16 20:42:00+00:00,2025-12-16 20:54:00+00:00,trailing_prob_drop,-0.0273016461107605,12.0,87764.23,87701.67,0.0030061221980755004,-0.0029696608743674524,-0.0007128188784883971,0.002465175406580089,-0.02037064972651026
BTC/USDT,2025-12-16 20:42:00+00:00,2025-12-16 20:55:00+00:00,trailing_prob_drop,-0.0331716467802235,13.0,87764.23,87733.27,0.0030061221980755004,-0.0029696608743674524,-0.0003527633068732827,0.0021041048623855474,-0.020723495203130993
BTC/USDT,2025-12-16 20:42:00+00:00,2025-12-16 20:56:00+00:00,trailing_prob_drop,-0.041316647709471,14.0,87764.23,87717.67,0.0030061221980755004,-0.0029696608743674524,-0.0005305122599491563,0.0022823223644676816,-0.02054933743680143
BTC/USDT,2025-12-16 20:42:00+00:00,2025-12-16 20:57:00+00:00,prob_floor,-0.0531816490637183,15.0,87764.23,87701.37,0.0030061221980755004,-0.0029696608743674524,-0.0007162371275860613,0.0024686045383328636,-0.020367298709244697
BTC/USDT,2025-12-16 20:42:00+00:00,2025-12-16 20:58:00+00:00,prob_floor,-0.0858116527918468,16.0,87764.23,87670.65,0.0030061221980755004,-0.0029696608743674524,-0.0010662658351814347,0.002819871872741908,-0.020024033128532626
BTC/USDT,2025-12-16 20:42:00+00:00,2025-12-16 20:59:00+00:00,prob_floor,-0.1215266568788364,17.0,87764.23,87612.38,0.0030061221980755004,-0.0029696608743674524,-0.0017302037515738444,0.0034868359928128534,-0.019372262230520354
BTC/USDT,2025-12-16 20:42:00+00:00,2025-12-16 21:00:00+00:00,prob_floor,-0.1050766549955718,18.0,87764.23,87540.96,0.0030061221980755004,-0.0029696608743674524,-0.0025439749200784068,0.0043055273782695025,-0.01857222036404449
BTC/USDT,2025-12-16 20:42:00+00:00,2025-12-16 21:01:00+00:00,prob_floor,-0.0820216523585355,19.0,87764.23,87572.1,0.0030061221980755004,-0.0029696608743674524,-0.0021891606637464145,0.003948403658242672,-0.018921208923846744
BTC/USDT,2025-12-16 20:42:00+00:00,2025-12-16 21:02:00+00:00,prob_floor,-0.0758469487713885,20.0,87764.23,87612.99,0.0030061221980755004,-0.0029696608743674524,-0.0017232533117420568,0.0034798492780578894,-0.01937908979022407
BTC/USDT,2025-12-16 20:42:00+00:00,2025-12-16 21:03:00+00:00,prob_floor,-0.0926966535792022,21.0,87764.23,87633.1,0.0030061221980755004,-0.0029696608743674524,-0.0014941166805655381,0.0032495712236584318,-0.01960412218670804
BTC/USDT,2025-12-16 20:42:00+00:00,2025-12-16 21:04:00+00:00,trailing_prob_drop,-0.0901116532835591,22.0,87764.23,87598.62,0.0030061221980755004,-0.0029696608743674524,-0.0018869874435176737,0.0036444638054800027,-0.019218225127290767
BTC/USDT,2025-12-16 20:42:00+00:00,2025-12-16 21:05:00+00:00,trailing_prob_drop,-0.1434194143921521,23.0,87764.23,87591.77,0.0030061221980755004,-0.0029696608743674524,-0.0019650374645797664,0.0037229525102642214,-0.019141524369241547
BTC/USDT,2025-12-16 20:42:00+00:00,2025-12-16 21:06:00+00:00,prob_floor,-0.1300416578542113,24.0,87764.23,87531.25,0.0030061221980755004,-0.0029696608743674524,-0.002654612249204491,0.004416936808282701,-0.01846334880399847
BTC/USDT,2025-12-16 20:42:00+00:00,2025-12-16 21:07:00+00:00,prob_floor,-0.1234916571038802,25.0,87764.23,87523.93,0.0030061221980755004,-0.0029696608743674524,-0.002738017527186276,0.004500940485647753,-0.018381258702619863
BTC/USDT,2025-12-16 20:42:00+00:00,2025-12-16 21:08:00+00:00,prob_floor,-0.0802666521579145,26.0,87764.23,87503.6,0.0030061221980755004,-0.0029696608743674524,-0.0029696608743674524,0.004734319502283313,-0.018153195982793857
BTC/USDT,2025-12-16 20:42:00+00:00,2025-12-16 21:09:00+00:00,prob_floor,-0.0741416514578583,27.0,87764.23,87623.48,0.0030061221980755004,-0.0029696608743674524,-0.0016037285349623787,0.0033597159117624287,-0.7680918402236478
BTC/USDT,2025-12-16 20:42:00+00:00,2025-12-16 21:10:00+00:00,prob_floor,-0.0376916472958641,28.0,87764.23,87635.73,0.0030061221980755004,-0.0029696608743674524,-0.0014641500301432187,0.0032194631116782,-0.7681242570809874
BTC/USDT,2025-12-16 20:42:00+00:00,2025-12-16 21:11:00+00:00,prob_floor,-0.0617816500457686,29.0,87764.23,87708.63,0.0030061221980755004,-0.0029696608743674524,-0.000633515499423809,0.0023856261350791996,-0.7683169831748597
BTC/USDT,2025-12-16 20:42:00+00:00,2025-12-16 21:12:00+00:00,trailing_prob_drop,-0.0705966510527813,30.0,87764.23,87687.6,0.0030061221980755004,-0.0029696608743674524,-0.0008731347611662388,0.002626026941095372,-0.7682614189463505
BTC/USDT,2025-12-16 20:42:00+00:00,2025-12-16 21:13:00+00:00,trailing_prob_drop,-0.0670816506511887,31.0,87764.23,87659.54,0.0030061221980755004,-0.0029696608743674524,-0.0011928549934295818,0.0029469696053618932,-0.7681872389474095
BTC/USDT,2025-12-16 20:42:00+00:00,2025-12-16 21:23:00+00:00,gate_close,-0.0599666498384756,41.0,87764.23,87615.74,0.0030061221980755004,-0.0029696608743674524,-0.0016919193616805606,0.003448353001412663,-0.7680713533892427
BTC/USDT,2025-12-16 20:42:00+00:00,2025-12-16 21:26:00+00:00,trailing_prob_drop,-0.0340066468754692,44.0,87764.23,87716.0,0.0030061221980755004,-0.0029696608743674524,-0.0005495405132591724,0.0023014045328104693,-0.7683364494504994
BTC/USDT,2025-12-16 20:42:00+00:00,2025-12-16 21:32:00+00:00,take_profit,0.0079983560000014,50.0,87764.23,87792.4,0.0030061221980755004,-0.0029696608743674524,0.00032097359026561634,0.0014291669893977677,-0.7685380511297105
BTC/USDT,,2025-12-16 21:33:00+00:00,dry_run,0.0,,,87792.4,,,,0.0014291669893977677,-0.7685380511297105
BTC/USDT,2025-12-16 21:33:00+00:00,2025-12-16 21:35:00+00:00,gate_close,-0.0280467421938568,2.0,87792.4,87776.59,0.0014291669893977677,-0.7685380511297105,-0.0001800839252600328,0.0016095407670768669,-0.7684963610456956
BTC/USDT,2025-12-16 21:33:00+00:00,2025-12-16 21:36:00+00:00,take_profit,0.023728260000002,3.0,87792.4,87778.89,0.0014291669893977677,-0.7685380511297105,-0.00015388575776487112,0.0015832963939279576,-0.768502426950261
BTC/USDT,,2025-12-16 21:38:00+00:00,dry_run,0.0,,,87886.9,,,,0.00035238471262499793,-0.768786929565157
BTC/USDT,2025-12-16 21:38:00+00:00,2025-12-16 21:41:00+00:00,take_profit,0.0193149919999985,3.0,87886.9,87844.13,0.00035238471262499793,-0.768786929565157,-0.0004866481807868084,0.0008394414060448607,-0.7686743553610241
BTC/USDT,,2025-12-16 21:44:00+00:00,dry_run,0.0,,,87876.56,,,,0.000624967568143342,-0.7687597238672065
BTC/USDT,2025-12-16 21:44:00+00:00,2025-12-16 21:45:00+00:00,gate_close,-0.018500030104043,1.0,87876.56,87900.29,0.000624967568143342,-0.7687597238672065,0.0002700378804085801,0.0003548338691488073,-0.7688221506436441
BTC/USDT,2025-12-16 21:44:00+00:00,2025-12-16 21:53:00+00:00,trailing_prob_drop,-0.068190035765941,9.0,87876.56,87803.87,0.000624967568143342,-0.7687597238672065,-0.0008271830394818158,0.004042874192219603,-0.7685682874798115
BTC/USDT,2025-12-16 21:44:00+00:00,2025-12-16 21:54:00+00:00,prob_floor,-0.0726950362798917,10.0,87876.56,87781.5,0.000624967568143342,-0.7687597238672065,-0.0010817446654716179,0.0042987417622164514,-0.7685093100482447
BTC/USDT,2025-12-16 21:44:00+00:00,2025-12-16 21:55:00+00:00,prob_floor,-0.0749450365366226,11.0,87876.56,87772.49,0.000624967568143342,-0.7687597238672065,-0.0011842748509954815,0.004401834789009573,-0.7684855471230223
BTC/USDT,2025-12-16 21:44:00+00:00,2025-12-16 21:56:00+00:00,prob_floor,-0.0589450347115522,12.0,87876.56,87767.99,0.000624967568143342,-0.7687597238672065,-0.0012354830457631527,0.004453332017743561,-0.7684736770205174
BTC/USDT,2025-12-16 21:44:00+00:00,2025-12-16 21:57:00+00:00,trailing_prob_drop,-0.0722350362274086,13.0,87876.56,87800.0,0.000624967568143342,-0.7687597238672065,-0.000871222086981982,0.0040871298405467105,-0.7685580865603645
BTC/USDT,2025-12-16 21:44:00+00:00,2025-12-16 21:58:00+00:00,prob_floor,-0.0697050359387675,14.0,87876.56,87782.39,0.000624967568143342,-0.7687597238672065,-0.0010716168225064493,0.004288559470754905,-0.7685116570647028
BTC/USDT,2025-12-16 21:44:00+00:00,2025-12-16 21:59:00+00:00,prob_floor,-0.0497700336656001,15.0,87876.56,87778.47,0.000624967568143342,-0.7687597238672065,-0.001116224849948555,0.004333408864383381,-0.7685013192870644
BTC/USDT,2025-12-16 21:44:00+00:00,2025-12-16 22:00:00+00:00,prob_floor,-0.0214400304386854,16.0,87876.56,87818.35,0.000624967568143342,-0.7687597238672065,-0.0006624064483178316,0.0038773217670338145,-0.7686064472857894
BTC/USDT,2025-12-16 21:44:00+00:00,2025-12-16 22:01:00+00:00,trailing_prob_drop,-0.0164000298650433,17.0,87876.56,87875.01,0.000624967568143342,-0.7687597238672065,-1.7638378197792903e-05,0.0032300423066808914,-0.7687556450918185
BTC/USDT,2025-12-16 21:44:00+00:00,2025-12-16 22:02:00+00:00,trailing_prob_drop,-0.0313200315635835,18.0,87876.56,87885.09,0.000624967568143342,-0.7687597238672065,9.706797808206602e-05,0.003114976613211695,-0.7687821677146829
BTC/USDT,2025-12-16 21:44:00+00:00,2025-12-16 22:03:00+00:00,trailing_prob_drop,-0.0313200315635835,19.0,87876.56,87855.24,0.000624967568143342,-0.7687597238672065,-0.00024261304721073795,0.003455798424772283,-0.7687036083448182
BTC/USDT,2025-12-16 21:44:00+00:00,2025-12-16 22:04:00+00:00,trailing_prob_drop,-0.0589400347109847,20.0,87876.56,87855.25,0.000624967568143342,-0.7687597238672065,-0.00024249925122232785,0.0034556842078306005,-0.7687036346718039
BTC/USDT,2025-12-16 21:44:00+00:00,2025-12-16 22:05:00+00:00,prob_floor,-0.0589400347109847,21.0,87876.56,87800.01,0.000624967568143342,-0.7687597238672065,-0.0008711082909936829,0.004087015479838918,-0.7685581129204883
BTC/USDT,2025-12-16 21:44:00+00:00,2025-12-16 22:06:00+00:00,prob_floor,-0.0589400347109847,22.0,87876.56,87800.01,0.000624967568143342,-0.7687597238672065,-0.0008711082909936829,0.004087015479838918,-0.7685581129204883
BTC/USDT,2025-12-16 21:44:00+00:00,2025-12-16 22:07:00+00:00,trailing_prob_drop,-0.0535900341010324,23.0,87876.56,87800.01,0.000624967568143342,-0.7687597238672065,-0.0008711082909936829,0.004087015479838918,-0.7685581129204883
BTC/USDT,2025-12-16 21:44:00+00:00,2025-12-16 22:08:00+00:00,trailing_prob_drop,-0.0740900364390731,24.0,87876.56,87810.71,0.000624967568143342,-0.7687597238672065,-0.000749346583434618,0.003964664446967747,-0.7685863148128514
BTC/USDT,2025-12-16 21:44:00+00:00,2025-12-16 22:10:00+00:00,trailing_prob_drop,-0.0810550372339231,26.0,87876.56,87755.77,0.000624967568143342,-0.7687597238672065,-0.0013745417435547802,0.004593202247555883,-0.015033313478988397
BTC/USDT,2025-12-16 21:44:00+00:00,2025-12-16 22:11:00+00:00,trailing_prob_drop,-0.0810550372339231,27.0,87876.56,87755.78,0.000624967568143342,-0.7687597238672065,-0.0013744279475664811,0.004593087771540549,-0.015033425718511073
BTC/USDT,2025-12-16 21:44:00+00:00,2025-12-16 22:12:00+00:00,trailing_prob_drop,-0.1399950439704019,28.0,87876.56,87755.78,0.000624967568143342,-0.7687597238672065,-0.0013744279475664811,0.004593087771540549,-0.015033425718511073
BTC/USDT,2025-12-16 21:44:00+00:00,2025-12-16 22:13:00+00:00,prob_floor,-0.1399950439704019,29.0,87876.56,87637.89,0.000624967568143342,-0.7687597238672065,-0.0027159688544931004,0.005944460780605398,-0.01370845418574096
BTC/USDT,2025-12-16 21:44:00+00:00,2025-12-16 22:14:00+00:00,prob_floor,-0.1026900397045681,30.0,87876.56,87637.9,0.000624967568143342,-0.7687597238672065,-0.0027158550585048014,0.005944345996424127,-0.013708566727409055
BTC/USDT,2025-12-16 21:44:00+00:00,2025-12-16 22:15:00+00:00,prob_floor,-0.116710041306903,31.0,87876.56,87712.51,0.000624967568143342,-0.7687597238672065,-0.001866823189255462,0.005088669791800671,-0.01454752577482965
BTC/USDT,2025-12-16 21:44:00+00:00,2025-12-16 22:16:00+00:00,prob_floor,-0.1026350396982839,32.0,87876.56,87684.47,0.000624967568143342,-0.7687597238672065,-0.0021859071406526986,0.005410080028994901,-0.01423239485851946
BTC/USDT,2025-12-16 21:44:00+00:00,2025-12-16 22:17:00+00:00,prob_floor,-0.1118450407507708,33.0,87876.56,87712.61,0.000624967568143342,-0.7687597238672065,-0.0018656852293716941,0.005087523903347657,-0.01454864927631283
BTC/USDT,2025-12-16 21:44:00+00:00,2025-12-16 22:18:00+00:00,prob_floor,-0.1006450394709408,34.0,87876.56,87694.2,0.000624967568143342,-0.7687597238672065,-0.002075183643966083,0.005298526014263283,-0.01434176946707999
BTC/USDT,2025-12-16 21:44:00+00:00,2025-12-16 22:19:00+00:00,prob_floor,-0.0899350382477058,35.0,87876.56,87716.6,0.000624967568143342,-0.7687597238672065,-0.0018202806300109398,0.0050418050859244445,-0.01459347489528795
BTC/USDT,2025-12-16 21:44:00+00:00,2025-12-16 22:20:00+00:00,prob_floor,-0.0899350382477058,36.0,87876.56,87738.02,0.000624967568143342,-0.7687597238672065,-0.0015765296229164338,0.00479643830576526,-0.014834047998803834
BTC/USDT,2025-12-16 21:44:00+00:00,2025-12-16 22:21:00+00:00,prob_floor,-0.0899350382477058,37.0,87876.56,87738.02,0.000624967568143342,-0.7687597238672065,-0.0015765296229164338,0.00479643830576526,-0.014834047998803834
BTC/USDT,2025-12-16 21:44:00+00:00,2025-12-16 22:22:00+00:00,prob_floor,-0.0899350382477058,38.0,87876.56,87738.02,0.000624967568143342,-0.7687597238672065,-0.0015765296229164338,0.00479643830576526,-0.014834047998803834
BTC/USDT,2025-12-16 21:44:00+00:00,2025-12-16 22:23:00+00:00,prob_floor,-0.0899350382477058,39.0,87876.56,87738.01,0.000624967568143342,-0.7687597238672065,-0.001576643418904955,0.004796552828130185,-0.014833935713837176
BTC/USDT,2025-12-16 21:44:00+00:00,2025-12-16 22:24:00+00:00,prob_floor,-0.0339450318625415,40.0,87876.56,87738.02,0.000624967568143342,-0.7687597238672065,-0.0015765296229164338,0.00479643830576526,-0.014834047998803834
BTC/USDT,2025-12-16 21:44:00+00:00,2025-12-16 22:25:00+00:00,trailing_prob_drop,-0.0472400333772543,41.0,87876.56,87850.0,0.000624967568143342,-0.7687597238672065,-0.00030224214511809233,0.003515651678998255,-0.01608981217985206
BTC/USDT,2025-12-16 21:44:00+00:00,2025-12-16 22:29:00+00:00,gate_close,-0.0124050294104325,45.0,87876.56,87859.76,0.000624967568143342,-0.7687597238672065,-0.00019117726046635752,0.0034041750170954455,-0.016199110946808815
BTC/USDT,2025-12-16 21:44:00+00:00,2025-12-16 22:32:00+00:00,gate_close,-0.0429800328918031,48.0,87876.56,87835.09,0.000624967568143342,-0.7687597238672065,-0.0004719119637819347,0.0036859983862942425,-0.01592279349858927
BTC/USDT,2025-12-16 21:44:00+00:00,2025-12-16 22:40:00+00:00,trailing_prob_drop,-0.0268850310585703,56.0,87876.56,87830.6,0.000624967568143342,-0.7687597238672065,-0.0005230063625611958,0.003737307954175373,-0.015872486354414184
BTC/USDT,2025-12-16 21:44:00+00:00,2025-12-16 22:41:00+00:00,trailing_prob_drop,-0.0226250305735761,57.0,87876.56,87848.17,0.000624967568143342,-0.7687597238672065,-0.00032306681099036894,0.0035365563107347953,-0.016069315957293218
BTC/USDT,2025-12-16 21:44:00+00:00,2025-12-16 22:42:00+00:00,trailing_prob_drop,-0.016745133369181,58.0,87876.56,87872.64,0.000624967568143342,-0.7687597238672065,-4.460802744210568e-05,0.0032571002760359846,-0.016343312321104753
BTC/USDT,2025-12-16 21:44:00+00:00,2025-12-16 22:44:00+00:00,time_limit,-0.0438300289999935,60.0,87876.56,87883.86,0.000624967568143342,-0.7687597238672065,8.307107151206417e-05,0.003129015953555081,-0.01646889428843934
BTC/USDT,,2025-12-16 23:21:00+00:00,dry_run,0.0,,,87783.75,,,,0.008066868868099153,-0.021598986144929944
BTC/USDT,2025-12-16 23:21:00+00:00,2025-12-16 23:25:00+00:00,prob_floor,-0.0372218922445612,4.0,87783.75,87662.0,0.008066868868099153,-0.021598986144929944,-0.0013869309524826567,0.009466929798544355,-0.020240126850858853
BTC/USDT,2025-12-16 23:21:00+00:00,2025-12-16 23:28:00+00:00,prob_floor,-0.0346218919478014,7.0,87783.75,87609.06,0.008066868868099153,-0.021598986144929944,-0.001990003844675181,0.010076925833926387,-0.019648082059092853
BTC/USDT,2025-12-16 23:21:00+00:00,2025-12-16 23:29:00+00:00,prob_floor,-0.035056891997441,8.0,87783.75,87667.21,0.008066868868099153,-0.021598986144929944,-0.001327580560183339,0.009406937896164314,-0.020298353283970116
BTC/USDT,2025-12-16 23:21:00+00:00,2025-12-16 23:30:00+00:00,prob_floor,-0.0392618924774359,9.0,87783.75,87666.34,0.008066868868099153,-0.021598986144929944,-0.0013374912782833093,0.009416955241886571,-0.020288630733300672
BTC/USDT,2025-12-16 23:21:00+00:00,2025-12-16 23:31:00+00:00,prob_floor,-0.0305018914775995,10.0,87783.75,87657.93,0.008066868868099153,-0.021598986144929944,-0.0014332948865821704,0.009513799835337178,-0.020194636127045085
BTC/USDT,2025-12-16 23:21:00+00:00,2025-12-16 23:34:00+00:00,prob_floor,0.0003181110000037,13.0,87783.75,87700.0,0.008066868868099153,-0.021598986144929944,-0.0009540490124880785,0.00902953249714944,-0.02066465222348912
BTC/USDT,,2025-12-16 23:40:00+00:00,dry_run,0.0,,,87756.95,,,,0.008374721318368472,-0.02130019331802202
BTC/USDT,2025-12-16 23:40:00+00:00,2025-12-16 23:43:00+00:00,take_profit,0.0105090580000034,3.0,87756.95,87778.46,0.008374721318368472,-0.02130019331802202,0.0002451087919532746,0.008127620375203648,-0.021540022461091213
BTC/USDT,,2025-12-16 23:44:00+00:00,dry_run,0.0,,,87798.0,,,,0.007903255199435133,-0.021757784915373835
BTC/USDT,2025-12-16 23:44:00+00:00,2025-12-16 23:45:00+00:00,gate_close,-0.04011287756887,1.0,87798.0,87828.74,0.007903255199435133,-0.021757784915373835,0.0003501218706576381,0.0075504897371860835,-0.022100169033507644
BTC/USDT,2025-12-16 23:44:00+00:00,2025-12-16 23:46:00+00:00,gate_close,-0.0241828757531816,2.0,87798.0,87766.1,0.007903255199435133,-0.021757784915373835,-0.00036333401672017374,0.00826959384090209,-0.021402227055776657
BTC/USDT,2025-12-16 23:44:00+00:00,2025-12-16 23:53:00+00:00,take_profit,0.0048421259999999,9.0,87798.0,87827.96,0.007903255199435133,-0.021757784915373835,0.0003412378414087147,0.007559437791792023,-0.02209148430636443
BTC/USDT,,2025-12-16 23:54:00+00:00,dry_run,0.0,,,87843.26,,,,0.007383947271538016,-0.02226181041095232
BTC/USDT,2025-12-16 23:54:00+00:00,2025-12-17 00:00:00+00:00,prob_floor,-0.0851893165048483,6.0,87843.26,87760.06,0.007383947271538016,-0.02226181041095232,-0.0009471415336816946,0.00833898700616209,-0.021334876024469374
BTC/USDT,2025-12-16 23:54:00+00:00,2025-12-17 00:02:00+00:00,prob_floor,-0.0970691960698294,8.0,87843.26,87688.22,0.007383947271538016,-0.02226181041095232,-0.0017649618194952588,0.00916508511633607,-0.020533088709064895
BTC/USDT,2025-12-16 23:54:00+00:00,2025-12-17 00:03:00+00:00,prob_floor,-0.0989141962807228,9.0,87843.26,87665.31,0.007383947271538016,-0.02226181041095232,-0.0020257672586376785,0.0007893658278286253,-0.020277119877862626
BTC/USDT,2025-12-16 23:54:00+00:00,2025-12-17 00:04:00+00:00,prob_floor,-0.1142241980314115,10.0,87843.26,87661.61,0.007383947271538016,-0.02226181041095232,-0.0020678877354960434,0.0008316069029532525,-0.02023576797186355
BTC/USDT,2025-12-16 23:54:00+00:00,2025-12-17 00:05:00+00:00,prob_floor,-0.0743091934697107,11.0,87843.26,87630.99,0.007383947271538016,-0.02226181041095232,-0.0024164631412813,0.00118131724861259,-0.01989341898339847
BTC/USDT,2025-12-16 23:54:00+00:00,2025-12-17 00:06:00+00:00,trailing_prob_drop,-0.0992541963195994,12.0,87843.26,87710.82,0.007383947271538016,-0.02226181041095232,-0.0015076853932787238,0.00027009210494188807,-0.020785462956565692
BTC/USDT,2025-12-16 23:54:00+00:00,2025-12-17 00:07:00+00:00,prob_floor,-0.0737241934029164,13.0,87843.26,87660.94,0.007383947271538016,-0.02226181041095232,-0.002075514956981217,0.0008392563438173184,-0.020228279550732586
BTC/USDT,2025-12-16 23:54:00+00:00,2025-12-17 00:08:00+00:00,prob_floor,-0.0791341940207006,14.0,87843.26,87712.0,0.007383947271538016,-0.02226181041095232,-0.0014942523763348259,0.00025663535206121857,-0.020798636446552332
BTC/USDT,2025-12-16 23:54:00+00:00,2025-12-17 00:09:00+00:00,prob_floor,-0.0728641933047244,15.0,87843.26,87701.18,0.007383947271538016,-0.02226181041095232,-0.0016174263113641896,0.0003800404966045612,-0.02067782896421677
BTC/USDT,2025-12-16 23:54:00+00:00,2025-12-17 00:10:00+00:00,prob_floor,-0.0791341940207006,16.0,87843.26,87704.94,0.007383947271538016,-0.02226181041095232,-0.0015746227997457396,0.00024947283471155046,-0.020719813501953177
BTC/USDT,2025-12-16 23:54:00+00:00,2025-12-17 00:11:00+00:00,prob_floor,-0.0663141925570092,17.0,87843.26,87701.18,0.007383947271538016,-0.02226181041095232,-0.0016174263113641896,0.0002923563856269684,-0.02067782896421677
BTC/USDT,2025-12-16 23:54:00+00:00,2025-12-17 00:12:00+00:00,prob_floor,-0.136719200605927,18.0,87843.26,87726.81,0.007383947271538016,-0.02226181041095232,-0.0013256566297744632,1.1399023858160717e-07,-0.020963944773553123
BTC/USDT,2025-12-16 23:54:00+00:00,2025-12-17 00:13:00+00:00,prob_floor,-0.1594392032088852,19.0,87843.26,87586.0,0.007383947271538016,-0.02226181041095232,-0.0029286253720546274,0.001607791199506936,-0.01938997099993145
BTC/USDT,2025-12-16 23:54:00+00:00,2025-12-17 00:14:00+00:00,prob_floor,-0.1393892009116776,20.0,87843.26,87540.57,0.007383947271538016,-0.02226181041095232,-0.0034457965244002464,0.00408896126675895,-0.01888107422649865
BTC/USDT,2025-12-16 23:54:00+00:00,2025-12-17 00:15:00+00:00,prob_floor,-0.1667192040434922,21.0,87843.26,87580.66,0.007383947271538016,-0.02226181041095232,-0.0029894154656827654,0.005377442919475506,-0.019330180886967474
BTC/USDT,2025-12-16 23:54:00+00:00,2025-12-17 00:16:00+00:00,prob_floor,-0.1433592013663683,22.0,87843.26,87526.01,0.007383947271538016,-0.02226181041095232,-0.0036115462927946984,0.006005186344036462,-0.018717864552491137
BTC/USDT,2025-12-16 23:54:00+00:00,2025-12-17 00:17:00+00:00,prob_floor,-0.1505792021934972,23.0,87843.26,87572.72,0.007383947271538016,-0.02226181041095232,-0.003079803732238484,0.005468597983481649,-0.0192412660015584
BTC/USDT,2025-12-16 23:54:00+00:00,2025-12-17 00:18:00+00:00,prob_floor,-0.1565292028753351,24.0,87843.26,87558.29,0.007383947271538016,-0.02226181041095232,-0.0032440735919864183,0.0056343037306918475,-0.019079632551069592
BTC/USDT,2025-12-16 23:54:00+00:00,2025-12-17 00:19:00+00:00,prob_floor,-0.1727192047315709,25.0,87843.26,87546.39,0.007383947271538016,-0.02226181041095232,-0.0033795421526933156,0.005770997524854993,-0.018946298071228163
BTC/USDT,2025-12-16 23:54:00+00:00,2025-12-17 00:23:00+00:00,prob_floor,-0.1530588298987635,29.0,87843.26,87523.76,0.007383947271538016,-0.02226181041095232,-0.003637160096289671,0.006031048026273078,-0.005118267313927061
BTC/USDT,2025-12-16 23:54:00+00:00,2025-12-17 00:25:00+00:00,prob_floor,-0.1234741990897375,31.0,87843.26,87612.49,0.007383947271538016,-0.02226181041095232,-0.0026270655255734576,0.005012184906512562,-0.0061258389072152974
BTC/USDT,2025-12-16 23:54:00+00:00,2025-12-17 00:26:00+00:00,trailing_prob_drop,-0.1583842030879502,32.0,87843.26,87542.67,0.007383947271538016,-0.02226181041095232,-0.0034218903078050422,0.005813736318528884,-0.0053331706698003245
BTC/USDT,2025-12-16 23:54:00+00:00,2025-12-17 00:27:00+00:00,prob_floor,-0.1660942578770079,33.0,87843.26,87483.03,0.007383947271538016,-0.02226181041095232,-0.004100826859112394,0.006499431946972889,-0.0046550742469712025
BTC/USDT,2025-12-16 23:54:00+00:00,2025-12-17 00:28:00+00:00,prob_floor,-0.1776992053028301,34.0,87843.26,87527.32,0.007383947271538016,-0.02226181041095232,-0.0035966333672041717,0.005990129710357728,-0.005158732153572321
BTC/USDT,2025-12-16 23:54:00+00:00,2025-12-17 00:29:00+00:00,prob_floor,-0.1816942057611728,35.0,87843.26,87496.06,0.007383947271538016,-0.02226181041095232,-0.003952494477094781,0.0063495430537099384,-0.004803302000112919
BTC/USDT,2025-12-16 23:54:00+00:00,2025-12-17 00:31:00+00:00,trailing_prob_drop,-0.1778942053252006,37.0,87843.26,87491.49,0.007383947271538016,-0.02226181041095232,-0.004004518957971159,0.006402108365053394,-0.004751319242591645
BTC/USDT,2025-12-16 23:54:00+00:00,2025-12-17 00:33:00+00:00,prob_floor,-0.2030842082167165,39.0,87843.26,87447.38,0.007383947271538016,-0.02226181041095232,-0.004506663345599793,0.006909755329433498,-0.004249298263710233
BTC/USDT,2025-12-16 23:54:00+00:00,2025-12-17 00:34:00+00:00,prob_floor,-0.1896442066735537,40.0,87843.26,87453.28,0.007383947271538016,-0.02226181041095232,-0.004439498260879637,0.0068418245719314985,-0.004316476180195927
BTC/USDT,2025-12-16 23:54:00+00:00,2025-12-17 00:35:00+00:00,trailing_prob_drop,-0.1599198752148571,41.0,87843.26,87480.16,0.007383947271538016,-0.02226181041095232,-0.004133498688459358,0.006532452615541473,-0.00462241952918252
BTC/USDT,2025-12-16 23:54:00+00:00,2025-12-17 00:37:00+00:00,prob_floor,-0.2104492090627776,43.0,87843.26,87460.0,0.007383947271538016,-0.02226181041095232,-0.00436299836777454,0.0067644637548593956,-0.004392979647839135
BTC/USDT,2025-12-16 23:54:00+00:00,2025-12-17 00:38:00+00:00,prob_floor,-0.1943342072119375,44.0,87843.26,87438.54,0.007383947271538016,-0.02226181041095232,-0.004607297133553567,0.007011553486597544,-0.004148628282219735
BTC/USDT,2025-12-16 23:54:00+00:00,2025-12-17 00:39:00+00:00,prob_floor,-0.1896842066781314,45.0,87843.26,87478.53,0.007383947271538016,-0.02226181041095232,-0.0041520544661024505,0.006551207479138066,-0.004603872515919094
BTC/USDT,2025-12-16 23:54:00+00:00,2025-12-17 00:40:00+00:00,prob_floor,-0.2105642090759883,46.0,87843.26,87492.96,0.007383947271538016,-0.02226181041095232,-0.003987784606354405,0.0063851994491899156,-0.00476804076579429
BTC/USDT,2025-12-16 23:54:00+00:00,2025-12-17 00:41:00+00:00,prob_floor,-0.2089142088864113,47.0,87843.26,87438.31,0.007383947271538016,-0.02226181041095232,-0.004609915433466338,0.007014202355923871,-0.004146008768925236
BTC/USDT,2025-12-16 23:54:00+00:00,2025-12-17 00:42:00+00:00,trailing_prob_drop,-0.2052642084671128,48.0,87843.26,87441.5,0.007383947271538016,-0.02226181041095232,-0.004573600752066698,0.006977464933698441,-0.004182339049536021
BTC/USDT,2025-12-16 23:54:00+00:00,2025-12-17 00:43:00+00:00,trailing_prob_drop,-0.2122692092718922,49.0,87843.26,87448.92,0.007383947271538016,-0.02226181041095232,-0.004489132120096606,0.0068920233663263275,-0.004266833712754936
BTC/USDT,2025-12-16 23:54:00+00:00,2025-12-17 00:44:00+00:00,trailing_prob_drop,-0.1901292067292253,50.0,87843.26,87434.9,0.007383947271538016,-0.02226181041095232,-0.00464873457565218,0.007053476357838928,-0.0041071700202093275
BTC/USDT,2025-12-16 23:54:00+00:00,2025-12-17 00:45:00+00:00,trailing_prob_drop,-0.1797592055391581,51.0,87843.26,87479.19,0.007383947271538016,-0.02226181041095232,-0.004144541083743847,0.006543613401084114,-0.004611382432782141
BTC/USDT,2025-12-16 23:54:00+00:00,2025-12-17 00:50:00+00:00,trailing_prob_drop,-0.1824692058501014,56.0,87843.26,87465.79,0.007383947271538016,-0.02226181041095232,-0.0042970855134475405,0.0066978186557282715,-0.0044588861542324
BTC/USDT,2025-12-16 23:54:00+00:00,2025-12-17 00:51:00+00:00,trailing_prob_drop,-0.1597242032415427,57.0,87843.26,87494.51,0.007383947271538016,-0.02226181041095232,-0.003970139541724649,0.0063673709356164565,-0.004785671695286986
BTC/USDT,2025-12-16 23:54:00+00:00,2025-12-17 00:54:00+00:00,time_limit,-0.1691291860000011,60.0,87843.26,87511.18,0.007383947271538016,-0.02226181041095232,-0.0037803697176084228,0.006175668068925555,-0.0049752500194831795
BTC/USDT,,2025-12-17 00:56:00+00:00,dry_run,0.0,,,87535.65,,,,0.005894398453658578,-0.005253402470879021
BTC/USDT,2025-12-17 00:56:00+00:00,2025-12-17 01:00:00+00:00,take_profit,0.0237000500000017,4.0,87535.65,87549.49,0.005894398453658578,-0.005253402470879021,0.0001581070112577354,0.005735384637877372,-0.005410654019800787
BTC/USDT,,2025-12-17 01:05:00+00:00,dry_run,0.0,,,87670.42,,,,0.004348102815065813,-0.006782561324560787
BTC/USDT,2025-12-17 01:05:00+00:00,2025-12-17 01:10:00+00:00,trailing_prob_drop,-0.0261357059815184,5.0,87670.42,87668.68,0.004348102815065813,-0.006782561324560787,-1.9847059019473257e-05,0.004368036566764877,-0.006762848488194417
BTC/USDT,2025-12-17 01:05:00+00:00,2025-12-17 01:14:00+00:00,trailing_prob_drop,-0.0239657057337804,9.0,87670.42,87631.28,0.004348102815065813,-0.006782561324560787,-0.00044644476438004954,0.0047966890361523795,-0.006338946549679592
BTC/USDT,2025-12-17 01:05:00+00:00,2025-12-17 01:15:00+00:00,take_profit,0.0127092960000058,10.0,87670.42,87626.66,0.004348102815065813,-0.006782561324560787,-0.0004991421279834096,0.004849665615464405,-0.006286557082057054
BTC/USDT,,2025-12-17 01:22:00+00:00,dry_run,0.0,,,87745.45,,,,0.001799865406126644,-0.0036151162253996727
BTC/USDT,2025-12-17 01:22:00+00:00,2025-12-17 01:23:00+00:00,take_profit,0.0149519427036849,1.0,87745.45,87720.13,0.001799865406126644,-0.0036151162253996727,-0.000288561971019452,0.0020890301918157217,-0.0033275144485079844
BTC/USDT,2025-12-17 01:22:00+00:00,2025-12-17 01:24:00+00:00,take_profit,0.0259169439518818,2.0,87745.45,87778.07,0.001799865406126644,-0.0036151162253996727,0.0003717571680355025,0.0014275775259127155,-0.003985391795467863
BTC/USDT,2025-12-17 01:22:00+00:00,2025-12-17 01:26:00+00:00,take_profit,0.0069719399999953,4.0,87745.45,87732.35,0.001799865406126644,-0.0036151162253996727,-0.0001492954905353283,0.0019494519410456768,-0.0034663382435327073
BTC/USDT,,2025-12-17 01:27:00+00:00,dry_run,0.0,,,87762.09,,,,0.0016099206388544562,-0.0038040342931667803
BTC/USDT,2025-12-17 01:27:00+00:00,2025-12-17 01:29:00+00:00,take_profit,0.0324447386937389,2.0,87762.09,87760.47,0.0016099206388544562,-0.0038040342931667803,-1.8458995222125907e-05,0.0016284096928833591,-0.0037856451771508537
BTC/USDT,2025-12-17 01:27:00+00:00,2025-12-17 01:30:00+00:00,take_profit,0.0410647339999965,3.0,87762.09,87811.68,0.0016099206388544562,-0.0038040342931667803,0.0005650503537459883,0.0010442802142038854,-0.004366617288269481
SOL/USDT,,2025-12-15 01:52:00+00:00,dry_run,0.0,,,131.15,,,,0.015935951200914955,-0.0010674799847504302
SOL/USDT,2025-12-15 01:52:00+00:00,2025-12-15 01:53:00+00:00,prob_floor,-0.0168723430270147,1.0,131.15,131.18,0.015935951200914955,-0.0010674799847504302,0.0002287457110179414,0.01570361335569448,-0.0012959292575088766
SOL/USDT,2025-12-15 01:52:00+00:00,2025-12-15 01:59:00+00:00,gate_close,-0.0108718856750943,7.0,131.15,131.13,0.015935951200914955,-0.0010674799847504302,-0.0001524971406786646,0.016090902158163667,-0.0004575611988103523
SOL/USDT,2025-12-15 01:52:00+00:00,2025-12-15 02:00:00+00:00,take_profit,0.0341280000000044,8.0,131.15,131.2,0.015935951200914955,-0.0010674799847504302,0.00038124285169649497,0.015548780487804947,-0.0005335365853658125
SOL/USDT,,2025-12-15 02:06:00+00:00,dry_run,0.0,,,131.9,,,,0.010159211523881773,-0.004473085670962829
SOL/USDT,2025-12-15 02:06:00+00:00,2025-12-15 02:07:00+00:00,take_profit,0.0100847042226943,1.0,131.9,131.95,0.010159211523881773,-0.004473085670962829,0.0003790750568610779,0.009776430466085895,-0.006896551724137945
SOL/USDT,2025-12-15 02:06:00+00:00,2025-12-15 02:08:00+00:00,gate_close,-0.0139171136837264,2.0,131.9,132.02,0.010159211523881773,-0.004473085670962829,0.000909780136467031,0.009241024087259575,-0.007498863808513945
SOL/USDT,2025-12-15 02:06:00+00:00,2025-12-15 02:09:00+00:00,gate_close,0.0010830000000003,3.0,131.9,131.95,0.010159211523881773,-0.004473085670962829,0.0003790750568610779,0.009776430466085895,-0.006972338006820622
SOL/USDT,,2025-12-15 02:12:00+00:00,dry_run,0.0,,,131.81,,,,0.010848949245125583,-0.0059176086791593585
SOL/USDT,2025-12-15 02:12:00+00:00,2025-12-15 02:13:00+00:00,gate_close,-0.0319190784487783,1.0,131.81,131.95,0.010848949245125583,-0.0059176086791593585,0.0010621348911310502,0.009776430466085895,-0.006972338006820622
SOL/USDT,2025-12-15 02:12:00+00:00,2025-12-15 02:15:00+00:00,take_profit,0.0550823999999938,3.0,131.81,132.0,0.010848949245125583,-0.0059176086791593585,0.0014414687808208537,0.00939393939393951,-0.007348484848484826
SOL/USDT,,2025-12-15 02:23:00+00:00,dry_run,0.0,,,132.99,,,,0.00030077449432286407,-0.014737950221821228
SOL/USDT,2025-12-15 02:23:00+00:00,2025-12-15 02:25:00+00:00,gate_close,-0.0109660870269225,2.0,132.99,132.59,0.00030077449432286407,-0.014737950221821228,-0.0030077449432288628,0.002187193604344051,-0.011765593181989664
SOL/USDT,2025-12-15 02:23:00+00:00,2025-12-15 02:26:00+00:00,take_profit,0.0100338000000006,3.0,132.99,132.77,0.00030077449432286407,-0.014737950221821228,-0.0016542597187758634,0.0008285004142500885,-0.013105370189048782
SOL/USDT,,2025-12-15 02:29:00+00:00,dry_run,0.0,,,132.74,,,,0.0006026819346089951,-0.012882326352267603
SOL/USDT,2025-12-15 02:29:00+00:00,2025-12-15 02:30:00+00:00,gate_close,-0.0499654283742463,1.0,132.74,132.7,0.0006026819346089951,-0.012882326352267603,-0.0003013409673046086,0.0009042954031650563,-0.012584777694046645
SOL/USDT,2025-12-15 02:29:00+00:00,2025-12-15 02:31:00+00:00,gate_close,-0.0409647490781541,2.0,132.74,132.58,0.0006026819346089951,-0.012882326352267603,-0.0012053638692179902,0.0018102277869964656,-0.011691054457686034
SOL/USDT,2025-12-15 02:29:00+00:00,2025-12-15 02:32:00+00:00,trailing_prob_drop,-0.0589661079778167,3.0,132.74,132.62,0.0006026819346089951,-0.012882326352267603,-0.0009040229019136037,0.0015080681646808536,-0.011989141909214296
SOL/USDT,2025-12-15 02:29:00+00:00,2025-12-15 02:34:00+00:00,take_profit,0.0040373999999976,5.0,132.74,132.75,0.0006026819346089951,-0.012882326352267603,7.533524182612439e-05,0.0005273069679849751,-0.012956685499058374
SOL/USDT,,2025-12-15 02:35:00+00:00,dry_run,0.0,,,132.78,,,,0.0003012501882813101,-0.013179695737309816
SOL/USDT,2025-12-15 02:35:00+00:00,2025-12-15 02:36:00+00:00,prob_floor,-0.0619705326094268,1.0,132.78,132.61,0.0003012501882813101,-0.013179695737309816,-0.0012803133001957345,0.001281954603725044,-0.011914636905210885
SOL/USDT,2025-12-15 02:35:00+00:00,2025-12-15 02:37:00+00:00,prob_floor,-0.0649707591267376,2.0,132.78,132.61,0.0003012501882813101,-0.013179695737309816,-0.0012803133001957345,0.00015081818867335173,-0.011914636905210885
SOL/USDT,2025-12-15 02:35:00+00:00,2025-12-15 02:38:00+00:00,prob_floor,-0.1519773430223299,3.0,132.78,132.6,0.0003012501882813101,-0.013179695737309816,-0.0013556258472662286,0.0002262443438914019,-0.011840120663650033
SOL/USDT,2025-12-15 02:35:00+00:00,2025-12-15 02:39:00+00:00,prob_floor,-0.1459768880341496,4.0,132.78,132.31,0.0003012501882813101,-0.013179695737309816,-0.0035396897123061155,0.002267402312750466,-0.009674249867734908
SOL/USDT,2025-12-15 02:35:00+00:00,2025-12-15 02:40:00+00:00,prob_floor,-0.1819796200279799,5.0,132.78,132.34,0.0003012501882813101,-0.013179695737309816,-0.0033137520710950774,0.0006045035514581354,-0.009898745655130714
SOL/USDT,2025-12-15 02:35:00+00:00,2025-12-15 02:41:00+00:00,prob_floor,-0.2089816722800341,6.0,132.78,132.21,0.0003012501882813101,-0.013179695737309816,-0.004292815183009391,0.0010589214129035351,-0.00892519476590281
SOL/USDT,2025-12-15 02:35:00+00:00,2025-12-15 02:42:00+00:00,prob_floor,-0.2509848702352632,7.0,132.78,132.12,0.0003012501882813101,-0.013179695737309816,-0.004970628106642505,0.0010596427490159321,-0.008250075688767788
SOL/USDT,2025-12-15 02:35:00+00:00,2025-12-15 02:43:00+00:00,prob_floor,-0.2449844129692032,8.0,132.78,131.98,0.0003012501882813101,-0.013179695737309816,-0.006025003765627424,0.0006061524473406354,-0.007198060312168408
SOL/USDT,2025-12-15 02:35:00+00:00,2025-12-15 02:44:00+00:00,prob_floor,-0.2599855563942349,9.0,132.78,132.01,0.0003012501882813101,-0.013179695737309816,-0.0057990661244163855,0.00037875918491026006,-0.007423680024240542
SOL/USDT,2025-12-15 02:35:00+00:00,2025-12-15 02:45:00+00:00,prob_floor,-0.2599855563942349,10.0,132.78,131.96,0.0003012501882813101,-0.013179695737309816,-0.006175628859767968,0.0005304637769021348,-0.007047590178842156
SOL/USDT,2025-12-15 02:35:00+00:00,2025-12-15 02:46:00+00:00,prob_floor,-0.2989885333586276,11.0,132.78,131.95,0.0003012501882813101,-0.013179695737309816,-0.006250941406838462,7.578628268301024e-05,-0.006972338006820622
SOL/USDT,2025-12-15 02:35:00+00:00,2025-12-15 02:47:00+00:00,prob_floor,-0.3259905977758471,12.0,132.78,131.92,0.0003012501882813101,-0.013179695737309816,-0.0064768790480495,0.00022741055184960501,-0.006746513038204838
SOL/USDT,2025-12-15 02:35:00+00:00,2025-12-15 02:48:00+00:00,prob_floor,-0.2899878458458233,13.0,132.78,131.73,0.0003012501882813101,-0.013179695737309816,-0.007907817442386,0.0010627799286420103,-0.0053138996432094965
SOL/USDT,2025-12-15 02:35:00+00:00,2025-12-15 02:49:00+00:00,prob_floor,-0.3019887625990941,14.0,132.78,131.86,0.0003012501882813101,-0.013179695737309816,-0.006928754330471354,7.583801001054269e-05,-0.0062945548308813715
SOL/USDT,2025-12-15 02:35:00+00:00,2025-12-15 02:50:00+00:00,prob_floor,-0.3139896799089302,15.0,132.78,131.87,0.0003012501882813101,-0.013179695737309816,-0.006853441783401082,0.0,-0.006369909759611714
SOL/USDT,2025-12-15 02:35:00+00:00,2025-12-15 02:51:00+00:00,prob_floor,-0.3139896799089302,16.0,132.78,131.8,0.0003012501882813101,-0.013179695737309816,-0.00738062961289343,7.587253414254036e-05,-0.005842185128983379
SOL/USDT,2025-12-15 02:35:00+00:00,2025-12-15 02:52:00+00:00,prob_floor,-0.3199901387727197,17.0,132.78,131.8,0.0003012501882813101,-0.013179695737309816,-0.00738062961289343,7.587253414254036e-05,-0.005842185128983379
SOL/USDT,2025-12-15 02:35:00+00:00,2025-12-15 02:53:00+00:00,prob_floor,-0.3409917458936053,18.0,132.78,131.78,0.0003012501882813101,-0.013179695737309816,-0.007531254707034196,0.00022765214751863105,-0.005691303687964777
SOL/USDT,2025-12-15 02:35:00+00:00,2025-12-15 02:54:00+00:00,prob_floor,-0.3619933547239991,19.0,132.78,131.67,0.0003012501882813101,-0.013179695737309816,-0.008359692724808077,7.59474443685626e-05,-0.0048606364395836765
SOL/USDT,2025-12-15 02:35:00+00:00,2025-12-15 02:55:00+00:00,prob_floor,-0.3709940447467355,20.0,132.78,131.62,0.0003012501882813101,-0.013179695737309816,-0.008736255460159659,0.00045585777237500125,-0.004482601428354327
SOL/USDT,2025-12-15 02:35:00+00:00,2025-12-15 02:56:00+00:00,prob_floor,-0.3499924351828601,21.0,132.78,131.56,0.0003012501882813101,-0.013179695737309816,-0.009188130742581735,0.0007601094557616594,-0.00402858011553664
SOL/USDT,2025-12-15 02:35:00+00:00,2025-12-15 02:57:00+00:00,prob_floor,-0.3559928948835785,22.0,132.78,131.65,0.0003012501882813101,-0.013179695737309816,-0.00851031781894862,7.595898214951546e-05,-0.004709456893277619
SOL/USDT,2025-12-15 02:35:00+00:00,2025-12-15 02:58:00+00:00,prob_floor,-0.3829949652666473,23.0,132.78,131.64,0.0003012501882813101,-0.013179695737309816,-0.008585630366019115,0.0001519295047098801,-0.004633849893649233
SOL/USDT,2025-12-15 02:35:00+00:00,2025-12-15 02:59:00+00:00,prob_floor,-0.4069968079869119,24.0,132.78,131.54,0.0003012501882813101,-0.013179695737309816,-0.009338755836722501,0.0008362475292686966,-0.003877147635700129
SOL/USDT,2025-12-15 02:35:00+00:00,2025-12-15 03:00:00+00:00,prob_floor,-0.449000038149637,25.0,132.78,131.47,0.0003012501882813101,-0.013179695737309816,-0.00986594366621485,0.0013691336426562284,-0.0033467711264927313
SOL/USDT,2025-12-15 02:35:00+00:00,2025-12-15 03:01:00+00:00,prob_floor,-0.358993124786321,26.0,132.78,131.33,0.0003012501882813101,-0.013179695737309816,-0.010920319325199546,0.0024366100662451817,-0.0022843219371050383
SOL/USDT,2025-12-15 02:35:00+00:00,2025-12-15 03:02:00+00:00,prob_floor,-0.4219979608263883,27.0,132.78,131.63,0.0003012501882813101,-0.013179695737309816,-0.008660942913089387,0.00015194104687399346,-0.004558231406214364
SOL/USDT,2025-12-15 02:35:00+00:00,2025-12-15 03:03:00+00:00,prob_floor,-0.4189977301883302,28.0,132.78,131.46,0.0003012501882813101,-0.013179695737309816,-0.009941256213285121,0.0014453065571276014,-0.003270956945078396
SOL/USDT,2025-12-15 02:35:00+00:00,2025-12-15 03:04:00+00:00,prob_floor,-0.4310298136986377,29.0,132.78,131.42,0.0003012501882813101,-0.013179695737309816,-0.010242506401566653,0.0017501141378786222,-0.002967584842489601
SOL/USDT,2025-12-15 02:35:00+00:00,2025-12-15 03:05:00+00:00,prob_floor,-0.455000500163735,30.0,132.78,131.4,0.0003012501882813101,-0.013179695737309816,-0.010393131495707197,0.0019025875190259445,-0.002815829528158287
SOL/USDT,2025-12-15 02:35:00+00:00,2025-12-15 03:06:00+00:00,prob_floor,-0.527006055331321,31.0,132.78,131.32,0.0003012501882813101,-0.013179695737309816,-0.010995631872269929,0.002512945476698336,-0.0022083460249771036
SOL/USDT,2025-12-15 02:35:00+00:00,2025-12-15 03:07:00+00:00,prob_floor,-0.5300062872381766,32.0,132.78,131.07,0.0003012501882813101,-0.013179695737309816,-0.012878445549028505,0.004425116350042169,-0.00030518043793381633
SOL/USDT,2025-12-15 02:35:00+00:00,2025-12-15 03:08:00+00:00,prob_floor,-0.4970037382075997,33.0,132.78,131.07,0.0003012501882813101,-0.013179695737309816,-0.012878445549028505,0.004425116350042169,-0.00030518043793381633
SOL/USDT,2025-12-15 02:35:00+00:00,2025-12-15 03:09:00+00:00,prob_floor,-0.4760021183221032,34.0,132.78,131.17,0.0003012501882813101,-0.013179695737309816,-0.01212532007832512,0.0036593733323169175,-0.0008386063886558492
SOL/USDT,2025-12-15 02:35:00+00:00,2025-12-15 03:10:00+00:00,prob_floor,-0.527006055331321,35.0,132.78,131.26,0.0003012501882813101,-0.013179695737309816,-0.011447507154692005,0.002971202194118616,-0.0014475087612372262
SOL/USDT,2025-12-15 02:35:00+00:00,2025-12-15 03:11:00+00:00,prob_floor,-0.4940035066895468,36.0,132.78,131.07,0.0003012501882813101,-0.013179695737309816,-0.012878445549028505,0.004425116350042169,0.0
SOL/USDT,2025-12-15 02:35:00+00:00,2025-12-15 03:12:00+00:00,prob_floor,-0.5180053598230256,37.0,132.78,131.11,0.0003012501882813101,-0.013179695737309816,-0.012577195360746973,0.004118678971855694,-0.0003050873312486768
SOL/USDT,2025-12-15 02:35:00+00:00,2025-12-15 03:13:00+00:00,prob_floor,-0.4970037382075997,38.0,132.78,131.15,0.0003012501882813101,-0.013179695737309816,-0.012275945172465663,0.0038124285169653938,-0.0003049942813572182
SOL/USDT,2025-12-15 02:35:00+00:00,2025-12-15 03:14:00+00:00,prob_floor,-0.4730018870509301,39.0,132.78,131.15,0.0003012501882813101,-0.013179695737309816,-0.012275945172465663,0.0038124285169653938,-0.0003049942813572182
SOL/USDT,2025-12-15 02:35:00+00:00,2025-12-15 03:15:00+00:00,prob_floor,-0.449000038149637,40.0,132.78,131.21,0.0003012501882813101,-0.013179695737309816,-0.011824069890043587,0.0033534029418489375,-0.0007621370322383747
SOL/USDT,2025-12-15 02:35:00+00:00,2025-12-15 03:17:00+00:00,prob_floor,-0.4069968079869119,42.0,132.78,131.46,0.0003012501882813101,-0.013179695737309816,-0.009941256213285121,0.0014453065571276014,-0.0026624068157613534
SOL/USDT,2025-12-15 02:35:00+00:00,2025-12-15 03:23:00+00:00,gate_close,-0.4369991145434411,48.0,132.78,131.4,0.0003012501882813101,-0.013179695737309816,-0.010393131495707197,0.0014459665144597178,-0.0022070015220699846
SOL/USDT,2025-12-15 02:35:00+00:00,2025-12-15 03:25:00+00:00,gate_close,-0.3949958863465243,50.0,132.78,131.51,0.0003012501882813101,-0.013179695737309816,-0.009564693477933539,0.00060831875902978,-0.004562390692722906
SOL/USDT,2025-12-15 02:35:00+00:00,2025-12-15 03:30:00+00:00,gate_close,-0.4249981914995583,55.0,132.78,131.58,0.0003012501882813101,-0.013179695737309816,-0.009037505648440969,7.599939200475525e-05,-0.005243958048335773
SOL/USDT,2025-12-15 02:35:00+00:00,2025-12-15 03:31:00+00:00,gate_close,-0.4459998071953339,56.0,132.78,131.4,0.0003012501882813101,-0.013179695737309816,-0.010393131495707197,0.0014459665144597178,-0.0038812785388129267
SOL/USDT,2025-12-15 02:35:00+00:00,2025-12-15 03:32:00+00:00,prob_floor,-0.4159974995853419,57.0,132.78,131.33,0.0003012501882813101,-0.013179695737309816,-0.010920319325199546,0.0019797456788241963,-0.0033503388410874857
SOL/USDT,2025-12-15 02:35:00+00:00,2025-12-15 03:34:00+00:00,prob_floor,-0.455000500163735,59.0,132.78,131.34,0.0003012501882813101,-0.013179695737309816,-0.010845006778129274,0.0019034566773259431,-0.003426222019186964
SOL/USDT,2025-12-15 02:35:00+00:00,2025-12-15 03:35:00+00:00,time_limit,-0.4789667999999979,60.0,132.78,131.27,0.0003012501882813101,-0.013179695737309816,-0.01137219460762151,0.002437723775424727,-0.0028947969833169607
SOL/USDT,,2025-12-15 03:50:00+00:00,dry_run,0.0,,,131.21,,,,0.0033534029418489375,-0.0024388385031630655
SOL/USDT,2025-12-15 03:50:00+00:00,2025-12-15 03:54:00+00:00,take_profit,0.0101292000000006,4.0,131.21,131.23,0.0033534029418489375,-0.0024388385031630655,0.0001524274064474973,0.005791358683228109,-0.0025908709898651017
SOL/USDT,,2025-12-15 03:55:00+00:00,dry_run,0.0,,,131.25,,,,0.00563809523809522,-0.002742857142857269
SOL/USDT,2025-12-15 03:55:00+00:00,2025-12-15 03:59:00+00:00,prob_floor,-0.0288756577657486,4.0,131.25,131.13,0.00563809523809522,-0.002742857142857269,-0.0009142857142857563,0.006558377182948272,-0.0018302447952414092
SOL/USDT,2025-12-15 03:55:00+00:00,2025-12-15 04:00:00+00:00,prob_floor,-0.0258754290026303,5.0,131.25,131.21,0.00563809523809522,-0.002742857142857269,-0.00030476190476180776,0.0059446688514595,-0.0024388385031630655
SOL/USDT,2025-12-15 03:55:00+00:00,2025-12-15 04:02:00+00:00,prob_floor,-0.010874285709929,7.0,131.25,131.12,0.00563809523809522,-0.002742857142857269,-0.0009904761904762083,0.0066351433801099535,-0.0017541183648567271
SOL/USDT,2025-12-15 03:55:00+00:00,2025-12-15 04:03:00+00:00,take_profit,0.0551255999999938,8.0,131.25,131.25,0.00563809523809522,-0.002742857142857269,0.0,0.00563809523809522,-0.002742857142857269
SOL/USDT,,2025-12-15 04:07:00+00:00,dry_run,0.0,,,131.3,,,,0.005255140898705157,-0.003122619954303296
SOL/USDT,2025-12-15 04:07:00+00:00,2025-12-15 04:08:00+00:00,take_profit,0.0101201118727895,1.0,131.3,131.35,0.005255140898705157,-0.003122619954303296,0.000380807311500142,0.004872478111914935,-0.0035020936429387417
SOL/USDT,2025-12-15 04:07:00+00:00,2025-12-15 04:09:00+00:00,take_profit,0.0221210240730159,2.0,131.3,131.43,0.005255140898705157,-0.003122619954303296,0.000990099009900991,0.004260823251921231,-0.004108650992924123
SOL/USDT,2025-12-15 04:07:00+00:00,2025-12-15 04:10:00+00:00,take_profit,0.0221183999999982,3.0,131.3,131.5,0.005255140898705157,-0.003122619954303296,0.0015232292460014563,0.0037262357414449276,-0.004638783269962032
SOL/USDT,,2025-12-15 04:11:00+00:00,dry_run,0.0,,,131.5,,,,0.0037262357414449276,-0.004638783269962032
SOL/USDT,2025-12-15 04:11:00+00:00,2025-12-15 04:15:00+00:00,take_profit,0.019111200000001,4.0,131.5,131.47,0.0037262357414449276,-0.004638783269962032,-0.00022813688212930394,0.003955274967673228,-0.004411652848558711
SOL/USDT,,2025-12-15 04:16:00+00:00,dry_run,0.0,,,131.58,,,,0.003115975072199406,-0.005243958048335773
SOL/USDT,2025-12-15 04:16:00+00:00,2025-12-15 04:19:00+00:00,trailing_prob_drop,-0.0348917120030531,3.0,131.58,131.37,0.003115975072199406,-0.005243958048335773,-0.0015959872321021917,0.004719494557357207,-0.0036538022379539736
SOL/USDT,2025-12-15 04:16:00+00:00,2025-12-15 04:20:00+00:00,trailing_prob_drop,-0.0258910269674125,4.0,131.58,131.42,0.003115975072199406,-0.005243958048335773,-0.0012159902720779714,0.004337239385177494,-0.004032871709024555
SOL/USDT,2025-12-15 04:16:00+00:00,2025-12-15 04:23:00+00:00,trailing_prob_drop,-0.1248985795996145,7.0,131.58,131.26,0.003115975072199406,-0.005243958048335773,-0.0024319805441558318,0.005561481030016857,-0.0028188328508303995
SOL/USDT,2025-12-15 04:16:00+00:00,2025-12-15 04:24:00+00:00,prob_floor,-0.1909036358427823,8.0,131.58,131.07,0.003115975072199406,-0.005243958048335773,-0.00387596899224818,0.007019150072480551,-0.001373311970702784
SOL/USDT,2025-12-15 04:16:00+00:00,2025-12-15 04:25:00+00:00,prob_floor,-0.1759024852048505,9.0,131.58,130.91,0.003115975072199406,-0.005243958048335773,-0.00509195926432604,0.008479107783973872,-0.00015277671682845106
SOL/USDT,2025-12-15 04:16:00+00:00,2025-12-15 04:26:00+00:00,prob_floor,-0.1909036358427823,10.0,131.58,130.95,0.003115975072199406,-0.005243958048335773,-0.004787961696306575,0.009011072928598818,-0.00045819014891179677
SOL/USDT,2025-12-15 04:16:00+00:00,2025-12-15 04:27:00+00:00,prob_floor,-0.1699020251956456,11.0,131.58,130.91,0.003115975072199406,-0.005243958048335773,-0.00509195926432604,0.00931937972652963,-0.00015277671682845106
SOL/USDT,2025-12-15 04:16:00+00:00,2025-12-15 04:28:00+00:00,prob_floor,-0.1609013354452092,12.0,131.58,130.97,0.003115975072199406,-0.005243958048335773,-0.004635962912296843,0.008856990150416078,-0.00022906009009693307
SOL/USDT,2025-12-15 04:16:00+00:00,2025-12-15 04:29:00+00:00,prob_floor,-0.1729022551826772,13.0,131.58,130.99,0.003115975072199406,-0.005243958048335773,-0.004483964128286999,0.008702954424001819,-0.0002290251164210888
SOL/USDT,2025-12-15 04:16:00+00:00,2025-12-15 04:30:00+00:00,prob_floor,-0.11889812078235,14.0,131.58,130.99,0.003115975072199406,-0.005243958048335773,-0.004483964128286999,0.008702954424001819,-0.00015268341094742954
SOL/USDT,2025-12-15 04:16:00+00:00,2025-12-15 04:31:00+00:00,prob_floor,-0.0948962869117903,15.0,131.58,131.09,0.003115975072199406,-0.005243958048335773,-0.0037239702082384474,0.00793348081470735,-0.0009154016324662839
SOL/USDT,2025-12-15 04:16:00+00:00,2025-12-15 04:32:00+00:00,prob_floor,-0.067894226478312,16.0,131.58,131.19,0.003115975072199406,-0.005243958048335773,-0.0029639762881897846,0.0071651802728867064,0.0
SOL/USDT,2025-12-15 04:16:00+00:00,2025-12-15 04:33:00+00:00,prob_floor,-0.0708944552758782,17.0,131.58,131.33,0.003115975072199406,-0.005243958048335773,-0.0018999848001215458,0.006091525165613287,-0.0007614406457018275
SOL/USDT,2025-12-15 04:16:00+00:00,2025-12-15 04:34:00+00:00,trailing_prob_drop,-0.0708944552758782,18.0,131.58,131.3,0.003115975072199406,-0.005243958048335773,-0.0021279829761361446,0.00632140137090631,-0.0003046458492004245
SOL/USDT,2025-12-15 04:16:00+00:00,2025-12-15 04:35:00+00:00,trailing_prob_drop,-0.0558933116364126,19.0,131.58,131.32,0.003115975072199406,-0.005243958048335773,-0.001975984192126634,0.006168138897350017,-0.000380749314651152
SOL/USDT,2025-12-15 04:16:00+00:00,2025-12-15 04:36:00+00:00,trailing_prob_drop,-0.0528930830129722,20.0,131.58,131.35,0.003115975072199406,-0.005243958048335773,-0.0017479860161120353,0.005938332698895987,-0.0005329272934906371
SOL/USDT,2025-12-15 04:16:00+00:00,2025-12-15 04:37:00+00:00,trailing_prob_drop,-0.0138901140727729,21.0,131.58,131.37,0.003115975072199406,-0.005243958048335773,-0.0015959872321021917,0.005785186876760218,-0.00015224175991479516
SOL/USDT,2025-12-15 04:16:00+00:00,2025-12-15 04:38:00+00:00,gate_close,-0.0138901140727729,22.0,131.58,131.49,0.003115975072199406,-0.005243958048335773,-0.0006839945280437965,0.004867290288234738,-0.0009126169290440966
SOL/USDT,2025-12-15 04:16:00+00:00,2025-12-15 04:40:00+00:00,take_profit,0.0161100000000037,24.0,131.58,131.52,0.003115975072199406,-0.005243958048335773,-0.00045599635202919764,0.004638077858880596,-0.0005322384428225746
SOL/USDT,,2025-12-15 04:41:00+00:00,dry_run,0.0,,,131.52,,,,0.004638077858880596,-0.0005322384428225746
SOL/USDT,2025-12-15 04:41:00+00:00,2025-12-15 04:42:00+00:00,take_profit,0.0071132824951567,1.0,131.52,131.47,0.004638077858880596,-0.0005322384428225746,-0.00038017031630177556,0.005020156689738986,-0.00015212596029523517
SOL/USDT,2025-12-15 04:41:00+00:00,2025-12-15 04:43:00+00:00,take_profit,0.0371155603980721,2.0,131.52,131.5,0.004638077858880596,-0.0005322384428225746,-0.00015206812652079904,0.004790874524714717,-0.00038022813688221024
SOL/USDT,2025-12-15 04:41:00+00:00,2025-12-15 04:44:00+00:00,take_profit,0.0341118000000044,3.0,131.52,131.6,0.004638077858880596,-0.0005322384428225746,0.00060827250608253,0.004027355623100304,-0.00022796352583587254
SOL/USDT,,2025-12-15 04:45:00+00:00,dry_run,0.0,,,131.62,,,,0.0038747910651875106,-0.00037988147697931574
SOL/USDT,2025-12-15 04:45:00+00:00,2025-12-15 04:47:00+00:00,gate_close,-0.0409017662296159,2.0,131.62,131.57,0.0038747910651875106,-0.00037988147697931574,-0.00037988147697931574,0.0042562894276811924,0.0
SOL/USDT,2025-12-15 04:45:00+00:00,2025-12-15 04:50:00+00:00,take_profit,0.0911004000000037,5.0,131.62,131.61,0.0038747910651875106,-0.00037988147697931574,-7.597629539579653e-05,0.003951067548058518,-0.00015196413646390017
SOL/USDT,,2025-12-15 04:53:00+00:00,dry_run,0.0,,,131.89,,,,0.0018196982333764655,-0.0016680567139282232
SOL/USDT,2025-12-15 04:53:00+00:00,2025-12-15 04:55:00+00:00,take_profit,0.0040866503315334,2.0,131.89,131.89,0.0018196982333764655,-0.0016680567139282232,0.0,0.0018196982333764655,-0.0016680567139282232
SOL/USDT,2025-12-15 04:53:00+00:00,2025-12-15 05:01:00+00:00,gate_close,-0.0649185852734735,8.0,131.89,131.79,0.0018196982333764655,-0.0016680567139282232,-0.0007582075972401014,0.00257986190151005,-0.0009105394946505863
SOL/USDT,2025-12-15 04:53:00+00:00,2025-12-15 05:03:00+00:00,gate_close,-0.0649185852734735,10.0,131.89,131.84,0.0018196982333764655,-0.0016680567139282232,-0.0003791037986199397,0.0021996359223299677,-0.0012894417475729503
SOL/USDT,2025-12-15 04:53:00+00:00,2025-12-15 05:04:00+00:00,gate_close,-0.0379165343827111,11.0,131.89,131.74,0.0018196982333764655,-0.0016680567139282232,-0.0011373113958600412,0.0029603764991648074,-0.0005313496280554553
SOL/USDT,2025-12-15 04:53:00+00:00,2025-12-15 05:05:00+00:00,gate_close,-0.0349163066787955,12.0,131.89,131.83,0.0018196982333764655,-0.0016680567139282232,-0.0004549245583438388,0.0022756580444509567,-0.0012136842903741618
SOL/USDT,2025-12-15 04:53:00+00:00,2025-12-15 05:06:00+00:00,prob_floor,-0.0379165343827111,13.0,131.89,131.86,0.0018196982333764655,-0.0016680567139282232,-0.0002274622791718084,0.002047626270286429,-0.0009100561201274004
SOL/USDT,2025-12-15 04:53:00+00:00,2025-12-15 05:07:00+00:00,trailing_prob_drop,-0.0229153962085256,14.0,131.89,131.82,0.0018196982333764655,-0.0016680567139282232,-0.000530745318068071,0.0023516917008041816,-0.0006068881808525273
SOL/USDT,2025-12-15 04:53:00+00:00,2025-12-15 05:08:00+00:00,trailing_prob_drop,-0.0289158513746225,15.0,131.89,131.88,0.0018196982333764655,-0.0016680567139282232,-7.582075972389912e-05,0.0018956627236881296,-0.0010615711252652815
SOL/USDT,2025-12-15 04:53:00+00:00,2025-12-15 05:09:00+00:00,trailing_prob_drop,-0.0229153962085256,16.0,131.89,131.86,0.0018196982333764655,-0.0016680567139282232,-0.0002274622791718084,0.002047626270286429,-0.0009100561201274004
SOL/USDT,2025-12-15 04:53:00+00:00,2025-12-15 05:10:00+00:00,trailing_prob_drop,-0.0529176734205964,17.0,131.89,131.88,0.0018196982333764655,-0.0016680567139282232,-7.582075972389912e-05,0.0018956627236881296,-0.0010615711252652815
SOL/USDT,2025-12-15 04:53:00+00:00,2025-12-15 05:11:00+00:00,trailing_prob_drop,-0.0439169898941546,18.0,131.89,131.83,0.0018196982333764655,-0.0016680567139282232,-0.0004549245583438388,0.0022756580444509567,-0.0009102632177805381
SOL/USDT,2025-12-15 04:53:00+00:00,2025-12-15 05:12:00+00:00,trailing_prob_drop,-0.0409167621211502,19.0,131.89,131.8,0.0018196982333764655,-0.0016680567139282232,-0.0006823868375158693,0.0025037936267069405,-0.0006828528072837514
SOL/USDT,2025-12-15 04:53:00+00:00,2025-12-15 05:13:00+00:00,prob_floor,-0.0259156237743067,20.0,131.89,131.82,0.0018196982333764655,-0.0016680567139282232,-0.000530745318068071,0.0023516917008041816,-0.0008344712486723083
SOL/USDT,2025-12-15 04:53:00+00:00,2025-12-15 05:14:00+00:00,trailing_prob_drop,-0.0229153962085256,21.0,131.89,131.87,0.0018196982333764655,-0.0016680567139282232,-0.00015164151944790927,0.0019716387351178533,-0.0012133161446878926
SOL/USDT,2025-12-15 04:53:00+00:00,2025-12-15 05:15:00+00:00,take_profit,0.0040853999999976,22.0,131.89,131.88,0.0018196982333764655,-0.0016680567139282232,-7.582075972389912e-05,0.0018956627236881296,-0.001289050652107937
SOL/USDT,,2025-12-15 05:17:00+00:00,dry_run,0.0,,,131.95,,,,0.0013641530882910757,-0.001818870784387916
SOL/USDT,2025-12-15 05:17:00+00:00,2025-12-15 05:18:00+00:00,take_profit,0.0040890507106201,1.0,131.95,131.89,0.0013641530882910757,-0.001818870784387916,-0.00045471769609706225,0.0018196982333764655,-0.0013647736750320716
SOL/USDT,2025-12-15 05:17:00+00:00,2025-12-15 05:23:00+00:00,take_profit,0.0160877999999952,6.0,131.95,131.83,0.0013641530882910757,-0.001818870784387916,-0.0009094353921937914,0.0022756580444509567,-0.0009102632177805381
SOL/USDT,,2025-12-15 05:25:00+00:00,dry_run,0.0,,,132.02,,,,0.0008332070898346977,-0.0023481290713528447
SOL/USDT,2025-12-15 05:25:00+00:00,2025-12-15 05:26:00+00:00,take_profit,0.0070802763220687,1.0,132.02,132.13,0.0008332070898346977,-0.0023481290713528447,0.0008332070898346977,0.0,-0.0031786876560961908
SOL/USDT,2025-12-15 05:25:00+00:00,2025-12-15 05:27:00+00:00,take_profit,0.016080957211524,2.0,132.02,132.11,0.0008332070898346977,-0.0023481290713528447,0.0006817148916831162,0.00015138899401989647,-0.0030277798804027034
SOL/USDT,2025-12-15 05:25:00+00:00,2025-12-15 05:29:00+00:00,gate_close,-0.0589247263337466,4.0,132.02,131.99,0.0008332070898346977,-0.0023481290713528447,-0.0002272382972277054,0.0009849231002347913,-0.0021213728312751146
SOL/USDT,2025-12-15 05:25:00+00:00,2025-12-15 05:40:00+00:00,prob_floor,-0.0649251819484994,15.0,132.02,131.78,0.0008332070898346977,-0.0023481290713528447,-0.001817906377821643,0.0033388981636059967,-0.0005311883442099541
SOL/USDT,2025-12-15 05:25:00+00:00,2025-12-15 05:41:00+00:00,prob_floor,-0.0979276903025131,16.0,132.02,131.78,0.0008332070898346977,-0.0023481290713528447,-0.001817906377821643,0.0036424343602974307,-0.0005311883442099541
SOL/USDT,2025-12-15 05:25:00+00:00,2025-12-15 05:42:00+00:00,prob_floor,-0.0859267776892402,17.0,132.02,131.74,0.0008332070898346977,-0.0023481290713528447,-0.0021208907741251393,0.0039471686655532245,-0.00022772126916659197
SOL/USDT,2025-12-15 05:25:00+00:00,2025-12-15 05:43:00+00:00,prob_floor,-0.0949274620972309,18.0,132.02,131.78,0.0008332070898346977,-0.0023481290713528447,-0.001817906377821643,0.0037942024586432588,-0.0005311883442099541
SOL/USDT,2025-12-15 05:25:00+00:00,2025-12-15 05:44:00+00:00,prob_floor,-0.0949274620972309,19.0,132.02,131.75,0.0008332070898346977,-0.0023481290713528447,-0.0020451446750493485,0.0040227703984820895,-0.00030360531309292504
SOL/USDT,2025-12-15 05:25:00+00:00,2025-12-15 05:45:00+00:00,prob_floor,-0.0949274620972309,20.0,132.02,131.75,0.0008332070898346977,-0.0023481290713528447,-0.0020451446750493485,0.004554079696394542,-0.00030360531309292504
SOL/USDT,2025-12-15 05:25:00+00:00,2025-12-15 05:46:00+00:00,prob_floor,-0.0979276903025131,21.0,132.02,131.75,0.0008332070898346977,-0.0023481290713528447,-0.0020451446750493485,0.004554079696394542,-0.00030360531309292504
SOL/USDT,2025-12-15 05:25:00+00:00,2025-12-15 05:47:00+00:00,prob_floor,-0.0709256377015091,22.0,132.02,131.75,0.0008332070898346977,-0.0023481290713528447,-0.0020451446750493485,0.004554079696394542,-0.00030360531309292504
SOL/USDT,2025-12-15 05:25:00+00:00,2025-12-15 05:55:00+00:00,gate_close,-0.0499240431707169,30.0,132.02,131.85,0.0008332070898346977,-0.0023481290713528447,-0.0012876836842903305,0.006143344709897525,-0.0010618126659081017
SOL/USDT,2025-12-15 05:25:00+00:00,2025-12-15 05:56:00+00:00,gate_close,-0.0439235879013014,31.0,132.02,131.88,0.0008332070898346977,-0.0023481290713528447,-0.0010604453870626251,0.005914467697907266,-0.001289050652107937
SOL/USDT,2025-12-15 05:25:00+00:00,2025-12-15 06:00:00+00:00,gate_close,-0.0349229052559788,35.0,132.02,131.95,0.0008332070898346977,-0.0023481290713528447,-0.0005302226935314236,0.005380826070481293,-0.001818870784387916
SOL/USDT,2025-12-15 05:25:00+00:00,2025-12-15 06:01:00+00:00,gate_close,-0.0469238155187431,36.0,132.02,131.96,0.0008332070898346977,-0.0023481290713528447,-0.0004544765944554108,0.0053046377690209034,-0.0018945134889359894
SOL/USDT,2025-12-15 05:25:00+00:00,2025-12-15 06:03:00+00:00,gate_close,-0.0289224503315252,38.0,132.02,131.94,0.0008332070898346977,-0.0023481290713528447,-0.0006059687926073254,0.005457025920873049,-0.0017432166136122085
SOL/USDT,2025-12-15 05:25:00+00:00,2025-12-15 06:05:00+00:00,gate_close,-0.0229219955449602,40.0,132.02,132.11,0.0008332070898346977,-0.0023481290713528447,0.0006817148916831162,0.004163197335553592,-0.0030277798804027034
SOL/USDT,2025-12-15 05:25:00+00:00,2025-12-15 06:06:00+00:00,take_profit,0.0160787999999952,41.0,132.02,132.05,0.0008332070898346977,-0.0023481290713528447,0.0002272382972277054,0.004619462324876755,-0.0025747822794396358
SOL/USDT,,2025-12-15 06:07:00+00:00,dry_run,0.0,,,132.1,,,,0.004239212717638274,-0.0029523088569264333
SOL/USDT,2025-12-15 06:07:00+00:00,2025-12-15 06:08:00+00:00,gate_close,-0.0319154791216245,1.0,132.1,131.9,0.004239212717638274,-0.0029523088569264333,-0.0015140045420135584,0.005761940864291049,-0.0014404852160727621
SOL/USDT,2025-12-15 06:07:00+00:00,2025-12-15 06:09:00+00:00,gate_close,-0.0469166179003666,2.0,132.1,131.86,0.004239212717638274,-0.0029523088569264333,-0.0018168054504161812,0.006067040800849188,-0.0011375701501592506
SOL/USDT,2025-12-15 06:07:00+00:00,2025-12-15 06:10:00+00:00,trailing_prob_drop,-0.0679182136430896,3.0,132.1,131.8,0.004239212717638274,-0.0029523088569264333,-0.002271006813020282,0.006525037936266909,-0.0006828528072837514
SOL/USDT,2025-12-15 06:07:00+00:00,2025-12-15 06:11:00+00:00,prob_floor,-0.0529170736538636,4.0,132.1,131.72,0.004239212717638274,-0.0029523088569264333,-0.002876608629825861,0.007136349832979061,-7.591861524436361e-05
SOL/USDT,2025-12-15 06:07:00+00:00,2025-12-15 06:12:00+00:00,trailing_prob_drop,-0.0229147962689062,5.0,132.1,131.72,0.004239212717638274,-0.0029523088569264333,-0.002876608629825861,0.007136349832979061,0.0
SOL/USDT,2025-12-15 06:07:00+00:00,2025-12-15 06:13:00+00:00,trailing_prob_drop,-0.0319154791216245,6.0,132.1,131.86,0.004239212717638274,-0.0029523088569264333,-0.0018168054504161812,0.006067040800849188,-0.000530866070074465
SOL/USDT,2025-12-15 06:07:00+00:00,2025-12-15 06:14:00+00:00,trailing_prob_drop,-0.0469166179003666,7.0,132.1,131.84,0.004239212717638274,-0.0029523088569264333,-0.001968205904617659,0.0062196601941746366,-0.00037924757281559973
SOL/USDT,2025-12-15 06:07:00+00:00,2025-12-15 06:15:00+00:00,prob_floor,-0.0319154791216245,8.0,132.1,131.79,0.004239212717638274,-0.0029523088569264333,-0.0023467070401211876,0.006601411336216723,0.0
SOL/USDT,2025-12-15 06:07:00+00:00,2025-12-15 06:16:00+00:00,prob_floor,-0.0319154791216245,9.0,132.1,131.79,0.004239212717638274,-0.0029523088569264333,-0.0023467070401211876,0.006601411336216723,0.0
SOL/USDT,2025-12-15 06:07:00+00:00,2025-12-15 06:17:00+00:00,take_profit,0.0100860000000006,10.0,132.1,131.79,0.004239212717638274,-0.0029523088569264333,-0.0023467070401211876,0.006601411336216723,0.0
SOL/USDT,,2025-12-15 06:19:00+00:00,dry_run,0.0,,,131.95,,,,0.005380826070481293,-0.0008336491095111143
SOL/USDT,2025-12-15 06:19:00+00:00,2025-12-15 06:22:00+00:00,prob_floor,-0.0409215608097476,3.0,131.95,131.95,0.005380826070481293,-0.0008336491095111143,0.0,0.005380826070481293,-0.0008336491095111143
SOL/USDT,2025-12-15 06:19:00+00:00,2025-12-15 06:32:00+00:00,take_profit,0.0040805999999976,13.0,131.95,131.96,0.005380826070481293,-0.0008336491095111143,7.578628268301024e-05,0.0053046377690209034,-0.0006062443164596143
SOL/USDT,,2025-12-15 06:34:00+00:00,dry_run,0.0,,,132.03,,,,0.0047716428084525475,-0.0011361054305839557
SOL/USDT,2025-12-15 06:34:00+00:00,2025-12-15 06:35:00+00:00,take_profit,0.0010882233086899,1.0,132.03,131.88,0.0047716428084525475,-0.0011361054305839557,-0.0011361054305839557,0.005914467697907266,0.0
SOL/USDT,2025-12-15 06:34:00+00:00,2025-12-15 06:36:00+00:00,take_profit,0.0550923095719252,2.0,132.03,131.91,0.0047716428084525475,-0.0011361054305839557,-0.0009088843444672312,0.005685694791903506,-0.00022742779167617133
SOL/USDT,2025-12-15 06:34:00+00:00,2025-12-15 06:37:00+00:00,take_profit,0.0910872000000037,3.0,132.03,132.11,0.0047716428084525475,-0.0011361054305839557,0.0006059228963115615,0.004163197335553592,-0.001740973431231696
SOL/USDT,,2025-12-15 06:40:00+00:00,dry_run,0.0,,,132.2,,,,0.0034795763993948903,-0.002723146747352412
SOL/USDT,2025-12-15 06:40:00+00:00,2025-12-15 06:42:00+00:00,take_profit,0.0040680474012535,2.0,132.2,132.24,0.0034795763993948903,-0.002723146747352412,0.000302571860817169,0.0031760435571686063,-0.003024803387779884
SOL/USDT,2025-12-15 06:40:00+00:00,2025-12-15 06:44:00+00:00,take_profit,0.0310667999999986,4.0,132.2,132.23,0.0034795763993948903,-0.002723146747352412,0.00022692889561271024,0.0032519095515390894,-0.0029494063374422286
SOL/USDT,,2025-12-15 06:46:00+00:00,dry_run,0.0,,,132.35,,,,0.0023422742727616797,-0.0038534189648657957
SOL/USDT,2025-12-15 06:46:00+00:00,2025-12-15 06:48:00+00:00,take_profit,0.0130609254728799,2.0,132.35,132.36,0.0023422742727616797,-0.0038534189648657957,7.555723460539454e-05,0.002266545784224805,-0.003928679359323173
SOL/USDT,2025-12-15 06:46:00+00:00,2025-12-15 06:49:00+00:00,take_profit,0.0580589999999996,3.0,132.35,132.43,0.0023422742727616797,-0.0038534189648657957,0.0006044578768418241,0.0017367665936720567,-0.004455183870724189
SOL/USDT,,2025-12-15 06:52:00+00:00,dry_run,0.0,,,132.65,,,,0.0,-0.00610629476064839
SOL/USDT,2025-12-15 06:52:00+00:00,2025-12-15 06:53:00+00:00,gate_close,-0.052957857873081,1.0,132.65,132.57,0.0,-0.00610629476064839,-0.0006030908405579849,0.0006034547786075706,-0.005506524854793637
SOL/USDT,2025-12-15 06:52:00+00:00,2025-12-15 07:00:00+00:00,gate_close,-0.0259558185988613,8.0,132.65,132.52,0.0,-0.00610629476064839,-0.0009800226159064618,0.0007546030787806135,-0.005131300935707905
SOL/USDT,2025-12-15 06:52:00+00:00,2025-12-15 07:01:00+00:00,gate_close,-0.0559580846301949,9.0,132.65,132.53,0.0,-0.00610629476064839,-0.0009046362608368108,0.0006790915264469621,-0.0052063683694257845
SOL/USDT,2025-12-15 06:52:00+00:00,2025-12-15 07:03:00+00:00,prob_floor,-0.1549655868740887,11.0,132.65,132.2,0.0,-0.00610629476064839,-0.0033923859781380683,0.0015885022692889716,-0.002723146747352412
SOL/USDT,2025-12-15 06:52:00+00:00,2025-12-15 07:04:00+00:00,prob_floor,-0.1429646755155458,12.0,132.65,132.12,0.0,-0.00610629476064839,-0.003995476818695831,0.0021949742658189386,-0.0021192854980320863
SOL/USDT,2025-12-15 06:52:00+00:00,2025-12-15 07:05:00+00:00,prob_floor,-0.1429646755155458,13.0,132.65,132.15,0.0,-0.00610629476064839,-0.003769317753486656,0.0029511918274687243,-0.0023458191449110544
SOL/USDT,2025-12-15 06:52:00+00:00,2025-12-15 07:06:00+00:00,prob_floor,-0.1549655868740887,14.0,132.65,132.15,0.0,-0.00610629476064839,-0.003769317753486656,0.003329549754067296,-0.0023458191449110544
SOL/USDT,2025-12-15 06:52:00+00:00,2025-12-15 07:07:00+00:00,prob_floor,-0.1309637647085513,15.0,132.65,132.11,0.0,-0.00610629476064839,-0.004070863173765482,0.0036333358564830665,-0.002043751419271933
SOL/USDT,2025-12-15 06:52:00+00:00,2025-12-15 07:08:00+00:00,prob_floor,-0.1429646755155458,16.0,132.65,132.11,0.0,-0.00610629476064839,-0.004070863173765482,0.0036333358564830665,-0.002043751419271933
SOL/USDT,2025-12-15 06:52:00+00:00,2025-12-15 07:09:00+00:00,prob_floor,-0.1699667268486591,17.0,132.65,132.14,0.0,-0.00610629476064839,-0.0038447041085565292,0.003405479037384751,-0.0022703193582562786
SOL/USDT,2025-12-15 06:52:00+00:00,2025-12-15 07:10:00+00:00,prob_floor,-0.1759671830802445,18.0,132.65,132.08,0.0,-0.00610629476064839,-0.004297022238974657,0.0038612961841306692,-0.00181708055723806
SOL/USDT,2025-12-15 06:52:00+00:00,2025-12-15 07:11:00+00:00,prob_floor,-0.172966954947189,19.0,132.65,132.03,0.0,-0.00610629476064839,-0.004673954014323467,0.004241460274180042,-0.0014390668787396255
SOL/USDT,2025-12-15 06:52:00+00:00,2025-12-15 07:12:00+00:00,prob_floor,-0.2029692378339476,20.0,132.65,132.04,0.0,-0.00610629476064839,-0.004598567659253816,0.0041654044229022524,-0.0015146925174188697
SOL/USDT,2025-12-15 06:52:00+00:00,2025-12-15 07:13:00+00:00,prob_floor,-0.2029692378339476,21.0,132.65,131.95,0.0,-0.00610629476064839,-0.005277044854881341,0.004850322091701553,-0.0008336491095111143
SOL/USDT,2025-12-15 06:52:00+00:00,2025-12-15 07:14:00+00:00,prob_floor,-0.1699667268486591,22.0,132.65,131.94,0.0,-0.00610629476064839,-0.005352431209951103,0.0049264817341216904,-0.0007579202667878926
SOL/USDT,2025-12-15 06:52:00+00:00,2025-12-15 07:15:00+00:00,prob_floor,-0.1789674112478676,23.0,132.65,132.05,0.0,-0.00610629476064839,-0.004523181304183943,0.004089360090874683,-0.0015903067020068828
SOL/USDT,2025-12-15 06:52:00+00:00,2025-12-15 07:16:00+00:00,prob_floor,-0.1789674112478676,24.0,132.65,132.05,0.0,-0.00610629476064839,-0.004523181304183943,0.004089360090874683,-0.0015903067020068828
SOL/USDT,2025-12-15 06:52:00+00:00,2025-12-15 07:17:00+00:00,prob_floor,-0.1909683242641335,25.0,132.65,132.05,0.0,-0.00610629476064839,-0.004523181304183943,0.004089360090874683,-0.0015903067020068828
SOL/USDT,2025-12-15 06:52:00+00:00,2025-12-15 07:18:00+00:00,prob_floor,-0.184967867686831,26.0,132.65,131.97,0.0,-0.00610629476064839,-0.005126272144741817,0.00469803743274988,-0.0009850723649313942
SOL/USDT,2025-12-15 06:52:00+00:00,2025-12-15 07:19:00+00:00,trailing_prob_drop,-0.172966954947189,27.0,132.65,131.98,0.0,-0.00610629476064839,-0.005050885789672166,0.004621912410971429,-0.0010607667828458345
SOL/USDT,2025-12-15 06:52:00+00:00,2025-12-15 07:20:00+00:00,prob_floor,-0.1519653589827014,28.0,132.65,131.98,0.0,-0.00610629476064839,-0.005050885789672166,0.004621912410971429,-0.0010607667828458345
SOL/USDT,2025-12-15 06:52:00+00:00,2025-12-15 07:21:00+00:00,trailing_prob_drop,-0.1339639923586287,29.0,132.65,132.14,0.0,-0.00610629476064839,-0.0038447041085565292,0.003405479037384751,-0.0022703193582562786
SOL/USDT,2025-12-15 06:52:00+00:00,2025-12-15 07:34:00+00:00,gate_close,-0.1279635370929326,42.0,132.65,132.12,0.0,-0.00610629476064839,-0.003995476818695831,0.004314259763851025,-0.0021192854980320863
SOL/USDT,2025-12-15 06:52:00+00:00,2025-12-15 07:35:00+00:00,gate_close,-0.1009614901009191,43.0,132.65,132.2,0.0,-0.00610629476064839,-0.0033923859781380683,0.0037065052950076005,-0.002723146747352412
SOL/USDT,2025-12-15 06:52:00+00:00,2025-12-15 07:36:00+00:00,gate_close,-0.1399644477620968,44.0,132.65,132.23,0.0,-0.00610629476064839,-0.0031662269129288934,0.0034787869621115686,-0.0029494063374422286
SOL/USDT,2025-12-15 06:52:00+00:00,2025-12-15 07:37:00+00:00,gate_close,-0.184967867686831,45.0,132.65,132.19,0.0,-0.00610629476064839,-0.0034677723332077193,0.0037824343747636657,-0.0026477040623344994
SOL/USDT,2025-12-15 06:52:00+00:00,2025-12-15 07:38:00+00:00,prob_floor,-0.1969687809798038,46.0,132.65,132.03,0.0,-0.00610629476064839,-0.004673954014323467,0.004998863894569494,-0.0014390668787396255
SOL/USDT,2025-12-15 06:52:00+00:00,2025-12-15 07:39:00+00:00,prob_floor,-0.1429646755155458,47.0,132.65,131.96,0.0,-0.00610629476064839,-0.005201658499811468,0.00553197938769312,-0.0009093664746893104
SOL/USDT,2025-12-15 06:52:00+00:00,2025-12-15 07:40:00+00:00,prob_floor,-0.1279635370929326,48.0,132.65,132.14,0.0,-0.00610629476064839,-0.0038447041085565292,0.0041622521568034365,-0.0011351596791280283
SOL/USDT,2025-12-15 06:52:00+00:00,2025-12-15 07:41:00+00:00,trailing_prob_drop,-0.1369642200431299,49.0,132.65,132.19,0.0,-0.00610629476064839,-0.0034677723332077193,0.0037824343747636657,-0.0003782434374764998
SOL/USDT,2025-12-15 06:52:00+00:00,2025-12-15 07:47:00+00:00,trailing_prob_drop,-0.1399644477620968,55.0,132.65,132.18,0.0,-0.00610629476064839,-0.0035431586882773702,0.003858374943259024,-0.000302617642608749
SOL/USDT,2025-12-15 06:52:00+00:00,2025-12-15 07:48:00+00:00,trailing_prob_drop,-0.1339639923586287,56.0,132.65,132.15,0.0,-0.00610629476064839,-0.003769317753486656,0.004086265607264439,-7.567158531984752e-05
SOL/USDT,2025-12-15 06:52:00+00:00,2025-12-15 07:51:00+00:00,trailing_prob_drop,-0.0979612628292949,59.0,132.65,132.26,0.0,-0.00610629476064839,-0.0029400678477197184,0.003251171934069319,-0.0009073037955542596
SOL/USDT,2025-12-15 06:52:00+00:00,2025-12-15 07:52:00+00:00,time_limit,-0.088954800000003,60.0,132.65,132.29,0.0,-0.00610629476064839,-0.0027139087825104324,0.0030236601406001817,-0.0011338725527251237
SOL/USDT,,2025-12-15 07:53:00+00:00,dry_run,0.0,,,132.31,,,,0.0028720429294837313,-0.0012848613105586049
SOL/USDT,2025-12-15 07:53:00+00:00,2025-12-15 07:54:00+00:00,take_profit,0.0130651264911483,1.0,132.31,132.31,0.0028720429294837313,-0.0012848613105586049,0.0,0.0028720429294837313,-0.0012848613105586049
SOL/USDT,2025-12-15 07:53:00+00:00,2025-12-15 07:55:00+00:00,take_profit,0.016065352974508,2.0,132.31,132.33,0.0028720429294837313,-0.0012848613105586049,0.00015116015418348283,0.002720471548401715,-0.0014358044283233617
SOL/USDT,2025-12-15 07:53:00+00:00,2025-12-15 07:56:00+00:00,take_profit,0.0130631999999979,3.0,132.31,132.4,0.0028720429294837313,-0.0012848613105586049,0.0006802206938252287,0.0021903323262839614,-0.0019637462235650993
SOL/USDT,,2025-12-15 07:58:00+00:00,dry_run,0.0,,,132.29,,,,0.0030236601406001817,-0.0011338725527251237
SOL/USDT,2025-12-15 07:58:00+00:00,2025-12-15 08:00:00+00:00,gate_close,-0.0289410474012453,2.0,132.29,132.32,0.0030236601406001817,-0.0011338725527251237,0.00022677451054509135,0.0027962515114874353,-0.0013603385731559836
SOL/USDT,2025-12-15 07:58:00+00:00,2025-12-15 08:04:00+00:00,take_profit,0.0400601999999989,6.0,132.29,132.23,0.0030236601406001817,-0.0011338725527251237,-0.00045354902109007167,0.0034787869621115686,-0.0006806322317174374
SOL/USDT,,2025-12-15 08:07:00+00:00,dry_run,0.0,,,132.46,,,,0.0018118677336553812,-0.0024158236448741377
SOL/USDT,2025-12-15 08:07:00+00:00,2025-12-15 08:08:00+00:00,gate_close,-0.0709586192634499,1.0,132.46,132.56,0.0018118677336553812,-0.0024158236448741377,0.000754944889023168,0.001056125528062557,-0.003168376584188448
SOL/USDT,2025-12-15 08:07:00+00:00,2025-12-15 08:09:00+00:00,gate_close,-0.1009608906066827,2.0,132.46,132.38,0.0018118677336553812,-0.0024158236448741377,-0.0006039559112185344,0.002417283577579754,-0.001812962683184871
SOL/USDT,2025-12-15 08:07:00+00:00,2025-12-15 08:19:00+00:00,gate_close,-0.0499570313639583,12.0,132.46,132.43,0.0018118677336553812,-0.0024158236448741377,-0.0002264834667069504,0.002038812957788849,-0.0020388129577890712
SOL/USDT,2025-12-15 08:07:00+00:00,2025-12-15 08:25:00+00:00,take_profit,0.0100458000000006,18.0,132.46,132.53,0.0018118677336553812,-0.0024158236448741377,0.0005284614223162176,0.0012827284388439164,-0.0027918207198370792
SOL/USDT,,2025-12-15 08:26:00+00:00,dry_run,0.0,,,132.63,,,,0.0005277840609212436,-0.0035436929804719686
SOL/USDT,2025-12-15 08:26:00+00:00,2025-12-15 08:27:00+00:00,take_profit,0.0040422433593199,1.0,132.63,132.64,0.0005277840609212436,-0.0035436929804719686,7.539772298859049e-05,0.00045235223160444704,-0.003618817852834688
SOL/USDT,2025-12-15 08:26:00+00:00,2025-12-15 08:36:00+00:00,trailing_prob_drop,-0.0679631897859777,10.0,132.63,132.46,0.0005277840609212436,-0.0035436929804719686,-0.0012817612908089249,0.0018118677336553812,-0.002264834667069393
SOL/USDT,2025-12-15 08:26:00+00:00,2025-12-15 08:37:00+00:00,trailing_prob_drop,-0.049961829654778,11.0,132.63,132.47,0.0005277840609212436,-0.0035436929804719686,-0.0012063635678202234,0.0017362421680380269,-0.00234015248735564
SOL/USDT,2025-12-15 08:26:00+00:00,2025-12-15 08:38:00+00:00,trailing_prob_drop,-0.0739636434368979,12.0,132.63,132.48,0.0005277840609212436,-0.0035436929804719686,-0.0011309658448315218,0.0016606280193236511,-0.0024154589371979673
SOL/USDT,2025-12-15 08:26:00+00:00,2025-12-15 08:39:00+00:00,prob_floor,-0.0709634165943259,13.0,132.63,132.44,0.0005277840609212436,-0.0035436929804719686,-0.00143255673678655,0.0019631531259438617,-0.0021141649048626032
SOL/USDT,2025-12-15 08:26:00+00:00,2025-12-15 08:40:00+00:00,prob_floor,-0.0619627362720413,14.0,132.63,132.43,0.0005277840609212436,-0.0035436929804719686,-0.0015079544597752514,0.002038812957788849,-0.0020388129577890712
SOL/USDT,2025-12-15 08:26:00+00:00,2025-12-15 08:41:00+00:00,prob_floor,-0.049961829654778,15.0,132.63,132.43,0.0005277840609212436,-0.0035436929804719686,-0.0015079544597752514,0.002038812957788849,-0.0020388129577890712
SOL/USDT,2025-12-15 08:26:00+00:00,2025-12-15 08:42:00+00:00,prob_floor,-0.049961829654778,16.0,132.63,132.43,0.0005277840609212436,-0.0035436929804719686,-0.0015079544597752514,0.002038812957788849,-0.0020388129577890712
SOL/USDT,2025-12-15 08:26:00+00:00,2025-12-15 08:43:00+00:00,prob_floor,-0.049961829654778,17.0,132.63,132.43,0.0005277840609212436,-0.0035436929804719686,-0.0015079544597752514,0.002038812957788849,-0.0020388129577890712
SOL/USDT,2025-12-15 08:26:00+00:00,2025-12-15 08:44:00+00:00,prob_floor,-0.049961829654778,18.0,132.63,132.43,0.0005277840609212436,-0.0035436929804719686,-0.0015079544597752514,0.002038812957788849,-0.0020388129577890712
SOL/USDT,2025-12-15 08:26:00+00:00,2025-12-15 08:45:00+00:00,prob_floor,-0.049961829654778,19.0,132.63,132.43,0.0005277840609212436,-0.0035436929804719686,-0.0015079544597752514,0.002038812957788849,-0.0020388129577890712
SOL/USDT,2025-12-15 08:26:00+00:00,2025-12-15 08:46:00+00:00,trailing_prob_drop,-0.0709634165943259,20.0,132.63,132.58,0.0005277840609212436,-0.0035436929804719686,-0.0003769886149437296,0.0009051138934981218,-0.0031678986272440923
SOL/USDT,2025-12-15 08:26:00+00:00,2025-12-15 08:47:00+00:00,trailing_prob_drop,-0.0979654594114707,21.0,132.63,132.52,0.0005277840609212436,-0.0035436929804719686,-0.0008293749528762717,0.0013582855418048378,-0.00271657108361012
SOL/USDT,2025-12-15 08:26:00+00:00,2025-12-15 08:48:00+00:00,prob_floor,-0.0979654594114707,22.0,132.63,132.37,0.0005277840609212436,-0.0035436929804719686,-0.0019603407977077936,0.0024930120117849786,-0.0015864621893179054
SOL/USDT,2025-12-15 08:26:00+00:00,2025-12-15 08:49:00+00:00,prob_floor,-0.0739636434368979,23.0,132.63,132.37,0.0005277840609212436,-0.0035436929804719686,-0.0019603407977077936,0.0024930120117849786,-0.0015864621893179054
SOL/USDT,2025-12-15 08:26:00+00:00,2025-12-15 08:50:00+00:00,prob_floor,-0.0739636434368979,24.0,132.63,132.44,0.0005277840609212436,-0.0035436929804719686,-0.00143255673678655,0.0019631531259438617,-0.0021141649048626032
SOL/USDT,2025-12-15 08:26:00+00:00,2025-12-15 08:51:00+00:00,trailing_prob_drop,-0.0949652322946151,25.0,132.63,132.44,0.0005277840609212436,-0.0035436929804719686,-0.00143255673678655,0.003926306251887723,-0.0021141649048626032
SOL/USDT,2025-12-15 08:26:00+00:00,2025-12-15 08:52:00+00:00,trailing_prob_drop,-0.1159668228335997,26.0,132.63,132.37,0.0005277840609212436,-0.0035436929804719686,-0.0019603407977077936,0.004457203293797729,-0.0015864621893179054
SOL/USDT,2025-12-15 08:26:00+00:00,2025-12-15 08:53:00+00:00,prob_floor,-0.1099663682221898,27.0,132.63,132.37,0.0005277840609212436,-0.0035436929804719686,-0.0019603407977077936,0.004457203293797729,-0.0015864621893179054
SOL/USDT,2025-12-15 08:26:00+00:00,2025-12-15 08:54:00+00:00,trailing_prob_drop,-0.0979654594114707,28.0,132.63,132.37,0.0005277840609212436,-0.0035436929804719686,-0.0019603407977077936,0.004457203293797729,-0.0015864621893179054
SOL/USDT,2025-12-15 08:26:00+00:00,2025-12-15 08:55:00+00:00,trailing_prob_drop,-0.0859645511498783,29.0,132.63,132.37,0.0005277840609212436,-0.0035436929804719686,-0.0019603407977077936,0.004457203293797729,-0.0015864621893179054
SOL/USDT,2025-12-15 08:26:00+00:00,2025-12-15 08:56:00+00:00,trailing_prob_drop,-0.0889647781638395,30.0,132.63,132.37,0.0005277840609212436,-0.0035436929804719686,-0.0019603407977077936,0.004457203293797729,-0.0015864621893179054
SOL/USDT,2025-12-15 08:26:00+00:00,2025-12-15 08:57:00+00:00,trailing_prob_drop,-0.0889647781638395,31.0,132.63,132.37,0.0005277840609212436,-0.0035436929804719686,-0.0019603407977077936,0.004457203293797729,-0.0015864621893179054
SOL/USDT,2025-12-15 08:26:00+00:00,2025-12-15 08:58:00+00:00,trailing_prob_drop,-0.0919650052120712,32.0,132.63,132.37,0.0005277840609212436,-0.0035436929804719686,-0.0019603407977077936,0.004457203293797729,-0.0015864621893179054
SOL/USDT,2025-12-15 08:26:00+00:00,2025-12-15 08:59:00+00:00,trailing_prob_drop,-0.0859645511498783,33.0,132.63,132.37,0.0005277840609212436,-0.0035436929804719686,-0.0019603407977077936,0.004457203293797729,-0.0015864621893179054
SOL/USDT,2025-12-15 08:26:00+00:00,2025-12-15 09:00:00+00:00,gate_close,-0.106966140967993,34.0,132.63,132.41,0.0005277840609212436,-0.0035436929804719686,-0.0016587499057528765,0.004153764821388295,-0.001888074918812821
SOL/USDT,2025-12-15 08:26:00+00:00,2025-12-15 09:01:00+00:00,prob_floor,-0.0859645511498783,35.0,132.63,132.4,0.0005277840609212436,-0.0035436929804719686,-0.001734147628741578,0.004229607250755274,-0.0018126888217523396
SOL/USDT,2025-12-15 08:26:00+00:00,2025-12-15 09:02:00+00:00,prob_floor,-0.0949652322946151,36.0,132.63,132.4,0.0005277840609212436,-0.0035436929804719686,-0.001734147628741578,0.004229607250755274,-0.0018126888217523396
SOL/USDT,2025-12-15 08:26:00+00:00,2025-12-15 09:03:00+00:00,gate_close,-0.0589625095663949,37.0,132.63,132.43,0.0005277840609212436,-0.0035436929804719686,-0.0015079544597752514,0.004002114324548778,-0.0020388129577890712
SOL/USDT,2025-12-15 08:26:00+00:00,2025-12-15 09:05:00+00:00,gate_close,-0.0319604707546054,39.0,132.63,132.52,0.0005277840609212436,-0.0035436929804719686,-0.0008293749528762717,0.003320253546634344,-0.00271657108361012
SOL/USDT,2025-12-15 08:26:00+00:00,2025-12-15 09:07:00+00:00,gate_close,-0.0619627362720413,41.0,132.63,132.55,0.0005277840609212436,-0.0035436929804719686,-0.0006031817839100562,0.003093172387778065,-0.002942285929837918
SOL/USDT,2025-12-15 08:26:00+00:00,2025-12-15 09:11:00+00:00,prob_floor,-0.1579700089660651,45.0,132.63,132.28,0.0005277840609212436,-0.0035436929804719686,-0.0026389203046067733,0.005140610825521641,-0.000907166616268551
SOL/USDT,2025-12-15 08:26:00+00:00,2025-12-15 09:12:00+00:00,prob_floor,-0.1489693256552816,46.0,132.63,132.17,0.0005277840609212436,-0.0035436929804719686,-0.003468295257483267,0.005977150639328244,-7.566013467497079e-05
SOL/USDT,2025-12-15 08:26:00+00:00,2025-12-15 09:13:00+00:00,prob_floor,-0.1219672775824909,47.0,132.63,132.19,0.0005277840609212436,-0.0035436929804719686,-0.003317499811505642,0.005824948937136032,-0.00022694606248585547
SOL/USDT,2025-12-15 08:26:00+00:00,2025-12-15 09:14:00+00:00,prob_floor,-0.106966140967993,48.0,132.63,132.29,0.0005277840609212436,-0.0035436929804719686,-0.0025635225816180718,0.00506463073550556,-0.0008315065386649279
SOL/USDT,2025-12-15 08:26:00+00:00,2025-12-15 09:15:00+00:00,trailing_prob_drop,-0.1189670501908712,49.0,132.63,132.33,0.0005277840609212436,-0.0035436929804719686,-0.0022619316896628217,0.00476082520970289,-0.001133529811834122
SOL/USDT,2025-12-15 08:26:00+00:00,2025-12-15 09:16:00+00:00,trailing_prob_drop,-0.1099663682221898,50.0,132.63,132.33,0.0005277840609212436,-0.0035436929804719686,-0.0022619316896628217,0.00476082520970289,-0.001133529811834122
SOL/USDT,2025-12-15 08:26:00+00:00,2025-12-15 09:17:00+00:00,trailing_prob_drop,-0.1489693256552816,51.0,132.63,132.34,0.0005277840609212436,-0.0035436929804719686,-0.00218653396667412,0.00468490252380227,-0.0012090071029167149
SOL/USDT,2025-12-15 08:26:00+00:00,2025-12-15 09:18:00+00:00,trailing_prob_drop,-0.1399686426545653,52.0,132.63,132.2,0.0005277840609212436,-0.0035436929804719686,-0.0032421020885169405,0.005748865355521993,-0.00015128593040836247
SOL/USDT,2025-12-15 08:26:00+00:00,2025-12-15 09:19:00+00:00,prob_floor,-0.1399686426545653,53.0,132.63,132.2,0.0005277840609212436,-0.0035436929804719686,-0.0032421020885169405,0.005748865355521993,-0.00015128593040836247
SOL/USDT,2025-12-15 08:26:00+00:00,2025-12-15 09:20:00+00:00,prob_floor,-0.1369684150565387,54.0,132.63,132.23,0.0005277840609212436,-0.0035436929804719686,-0.003015908919550725,0.005520683657264103,-0.0003781290176206875
SOL/USDT,2025-12-15 08:26:00+00:00,2025-12-15 09:21:00+00:00,prob_floor,-0.1309679599637054,55.0,132.63,132.23,0.0005277840609212436,-0.0035436929804719686,-0.003015908919550725,0.005520683657264103,-0.0003781290176206875
SOL/USDT,2025-12-15 08:26:00+00:00,2025-12-15 09:22:00+00:00,prob_floor,-0.1309679599637054,56.0,132.63,132.23,0.0005277840609212436,-0.0035436929804719686,-0.003015908919550725,0.005520683657264103,-0.0003781290176206875
SOL/USDT,2025-12-15 08:26:00+00:00,2025-12-15 09:23:00+00:00,prob_floor,-0.1129665955107113,57.0,132.63,132.25,0.0005277840609212436,-0.0035436929804719686,-0.0028651134735731,0.005368620037807137,-0.0005293005671076489
SOL/USDT,2025-12-15 08:26:00+00:00,2025-12-15 09:24:00+00:00,prob_floor,-0.0649629630118883,58.0,132.63,132.25,0.0005277840609212436,-0.0035436929804719686,-0.0028651134735731,0.005368620037807137,0.0
SOL/USDT,2025-12-15 08:26:00+00:00,2025-12-15 09:25:00+00:00,gate_close,-0.028960244390812,59.0,132.63,132.43,0.0005277840609212436,-0.0035436929804719686,-0.0015079544597752514,0.004002114324548778,-0.0006040927282339181
SOL/USDT,2025-12-15 08:26:00+00:00,2025-12-15 09:26:00+00:00,time_limit,-0.0259590000000006,60.0,132.63,132.59,0.0005277840609212436,-0.0035436929804719686,-0.0003015908919550281,0.002790557357266854,-0.0017346707896522817
SOL/USDT,,2025-12-15 09:27:00+00:00,dry_run,0.0,,,132.6,,,,0.002714932126697045,-0.0018099547511311043
SOL/USDT,2025-12-15 09:27:00+00:00,2025-12-15 09:28:00+00:00,take_profit,0.0010510185220032,1.0,132.6,132.55,0.002714932126697045,-0.0018099547511311043,-0.00037707390648555883,0.003093172387778065,-0.0014334213504337834
SOL/USDT,2025-12-15 09:27:00+00:00,2025-12-15 09:30:00+00:00,take_profit,0.025050000000004,3.0,132.6,132.46,0.002714932126697045,-0.0018099547511311043,-0.0010558069381597646,0.003774724445115396,-0.000754944889023057
SOL/USDT,,2025-12-15 09:32:00+00:00,dry_run,0.0,,,132.63,,,,0.0024881248586292593,-0.002035738520696495
SOL/USDT,2025-12-15 09:32:00+00:00,2025-12-15 09:40:00+00:00,take_profit,0.0130476000000064,8.0,132.63,132.55,0.0024881248586292593,-0.002035738520696495,-0.0006031817839100562,0.003093172387778065,-0.0014334213504337834
SOL/USDT,,2025-12-15 09:41:00+00:00,dry_run,0.0,,,132.61,,,,0.002639318301787208,-0.00188522735841945
SOL/USDT,2025-12-15 09:41:00+00:00,2025-12-15 09:48:00+00:00,take_profit,0.0070494000000034,7.0,132.61,132.48,0.002639318301787208,-0.00188522735841945,-0.0009803182263782295,0.0036231884057973396,-0.0009057971014491129
SOL/USDT,,2025-12-15 09:49:00+00:00,dry_run,0.0,,,132.56,,,,0.0030175015087507973,-0.0015087507543752876
SOL/USDT,2025-12-15 09:49:00+00:00,2025-12-15 09:50:00+00:00,take_profit,0.0100396945961304,1.0,132.56,132.67,0.0030175015087507973,-0.0015087507543752876,0.0008298129149062472,0.0021858747267657908,-0.0023366247079217306
SOL/USDT,2025-12-15 09:49:00+00:00,2025-12-15 09:51:00+00:00,gate_close,-0.0139621130411792,2.0,132.56,132.78,0.0030175015087507973,-0.0015087507543752876,0.0016596258298129385,0.0013556258472662286,-0.0031631269769543113
SOL/USDT,2025-12-15 09:49:00+00:00,2025-12-15 09:52:00+00:00,gate_close,-0.0139621130411792,3.0,132.56,132.7,0.0030175015087507973,-0.0015087507543752876,0.001056125528062557,0.001959306706857733,-0.0025621703089674375
SOL/USDT,2025-12-15 09:49:00+00:00,2025-12-15 09:53:00+00:00,take_profit,0.025038000000004,4.0,132.56,132.7,0.0030175015087507973,-0.0015087507543752876,0.001056125528062557,0.001959306706857733,-0.0025621703089674375
SOL/USDT,,2025-12-15 09:56:00+00:00,dry_run,0.0,,,132.76,,,,0.0015064778547757562,-0.0030129557095508464
SOL/USDT,2025-12-15 09:56:00+00:00,2025-12-15 09:57:00+00:00,gate_close,-0.0229645912882875,1.0,132.76,132.71,0.0015064778547757562,-0.0030129557095508464,-0.000376619463693717,0.0018838067967750227,-0.0026373295154848986
SOL/USDT,2025-12-15 09:56:00+00:00,2025-12-15 10:00:00+00:00,gate_close,-0.0259648174473298,4.0,132.76,132.66,0.0015064778547757562,-0.0030129557095508464,-0.0007532389273877671,0.002261420171868034,-0.0022614201718678117
SOL/USDT,2025-12-15 09:56:00+00:00,2025-12-15 10:01:00+00:00,gate_close,-0.0529668544138096,5.0,132.76,132.73,0.0015064778547757562,-0.0030129557095508464,-0.00022597167821636344,0.001732841106004912,-0.0027876139531377575
SOL/USDT,2025-12-15 09:56:00+00:00,2025-12-15 10:08:00+00:00,prob_floor,-0.1069709366536975,12.0,132.76,132.44,0.0015064778547757562,-0.0030129557095508464,-0.002410364567640766,0.003926306251887723,-0.00045303533675633556
SOL/USDT,2025-12-15 09:56:00+00:00,2025-12-15 10:09:00+00:00,prob_floor,-0.1069709366536975,13.0,132.76,132.44,0.0015064778547757562,-0.0030129557095508464,-0.002410364567640766,0.003926306251887723,-0.00045303533675633556
SOL/USDT,2025-12-15 09:56:00+00:00,2025-12-15 10:10:00+00:00,prob_floor,-0.0889695746744614,14.0,132.76,132.41,0.0015064778547757562,-0.0030129557095508464,-0.0026363362458571293,0.004153764821388295,-0.0002265689902575252
SOL/USDT,2025-12-15 09:56:00+00:00,2025-12-15 10:11:00+00:00,prob_floor,-0.0769686673735103,15.0,132.76,132.47,0.0015064778547757562,-0.0030129557095508464,-0.0021843928894245135,0.0036989507058202697,-0.0006793991092323148
SOL/USDT,2025-12-15 09:56:00+00:00,2025-12-15 10:12:00+00:00,prob_floor,-0.0799688941473848,16.0,132.76,132.51,0.0015064778547757562,-0.0030129557095508464,-0.0018830973184694733,0.0033959701154631095,-0.0009810580333559082
SOL/USDT,2025-12-15 09:56:00+00:00,2025-12-15 10:13:00+00:00,prob_floor,-0.0889695746744614,17.0,132.76,132.5,0.0015064778547757562,-0.0030129557095508464,-0.00195842121120815,0.0034716981132076885,-0.0009056603773585081
SOL/USDT,2025-12-15 09:56:00+00:00,2025-12-15 10:14:00+00:00,prob_floor,-0.0889695746744614,18.0,132.76,132.47,0.0015064778547757562,-0.0030129557095508464,-0.0021843928894245135,0.0036989507058202697,-0.0006793991092323148
SOL/USDT,2025-12-15 09:56:00+00:00,2025-12-15 10:15:00+00:00,prob_floor,-0.1069709366536975,19.0,132.76,132.48,0.0015064778547757562,-0.0030129557095508464,-0.0021090689966857257,0.0036231884057973396,-0.0007548309178743162
SOL/USDT,2025-12-15 09:56:00+00:00,2025-12-15 10:16:00+00:00,prob_floor,-0.1069709366536975,20.0,132.76,132.43,0.0015064778547757562,-0.0030129557095508464,-0.0024856884603795537,0.004002114324548778,-0.0003775579551461572
SOL/USDT,2025-12-15 09:56:00+00:00,2025-12-15 10:18:00+00:00,prob_floor,-0.103970709571462,22.0,132.76,132.4,0.0015064778547757562,-0.0030129557095508464,-0.002711660138595806,0.004229607250755274,-0.00015105740181275973
SOL/USDT,2025-12-15 09:56:00+00:00,2025-12-15 10:19:00+00:00,prob_floor,-0.1099711637702428,23.0,132.76,132.4,0.0015064778547757562,-0.0030129557095508464,-0.002711660138595806,0.004229607250755274,-0.00015105740181275973
SOL/USDT,2025-12-15 09:56:00+00:00,2025-12-15 10:20:00+00:00,prob_floor,-0.1009704825234942,24.0,132.76,132.43,0.0015064778547757562,-0.0030129557095508464,-0.0024856884603795537,0.004002114324548778,-0.0001510231820585073
SOL/USDT,2025-12-15 09:56:00+00:00,2025-12-15 10:27:00+00:00,take_profit,0.0550362000000023,31.0,132.76,132.72,0.0015064778547757562,-0.0030129557095508464,-0.0003012955709550402,0.001808318264014508,-0.0021850512356841323
SOL/USDT,,2025-12-15 10:31:00+00:00,dry_run,0.0,,,132.92,,,,0.0003009328919651999,-0.0036864279265722555
SOL/USDT,2025-12-15 10:31:00+00:00,2025-12-15 10:35:00+00:00,gate_close,-0.1039832986315808,4.0,132.92,132.64,0.0003009328919651999,-0.0036864279265722555,-0.002106530243755622,0.00218636911942105,-0.0015832328106150095
SOL/USDT,2025-12-15 10:31:00+00:00,2025-12-15 10:40:00+00:00,trailing_prob_drop,-0.1459864758519128,9.0,132.92,132.47,0.0003009328919651999,-0.0036864279265722555,-0.0033854950346071666,0.0024911300671850434,-0.00030195515965869557
SOL/USDT,2025-12-15 10:31:00+00:00,2025-12-15 10:41:00+00:00,trailing_prob_drop,-0.1459864758519128,10.0,132.92,132.47,0.0003009328919651999,-0.0036864279265722555,-0.0033854950346071666,0.0024911300671850434,-0.00022646636974410495
SOL/USDT,2025-12-15 10:31:00+00:00,2025-12-15 10:42:00+00:00,prob_floor,-0.1399860215522849,11.0,132.92,132.5,0.0003009328919651999,-0.0036864279265722555,-0.0031597953656333777,0.0022641509433962703,-0.0020377358490566433
SOL/USDT,2025-12-15 10:31:00+00:00,2025-12-15 10:43:00+00:00,prob_floor,-0.1429862486849518,12.0,132.92,132.47,0.0003009328919651999,-0.0036864279265722555,-0.0033854950346071666,0.0024911300671850434,-0.0022646636974410495
SOL/USDT,2025-12-15 10:31:00+00:00,2025-12-15 10:44:00+00:00,prob_floor,-0.1459864758519128,13.0,132.92,132.47,0.0003009328919651999,-0.0036864279265722555,-0.0033854950346071666,0.0024911300671850434,-0.0026421076470143356
SOL/USDT,2025-12-15 10:31:00+00:00,2025-12-15 10:45:00+00:00,prob_floor,-0.148986703053184,14.0,132.92,132.5,0.0003009328919651999,-0.0036864279265722555,-0.0031597953656333777,0.0022641509433962703,-0.0029433962264150404
SOL/USDT,2025-12-15 10:31:00+00:00,2025-12-15 10:46:00+00:00,prob_floor,-0.1579873848627921,15.0,132.92,132.49,0.0003009328919651999,-0.0036864279265722555,-0.0032350285886245667,0.0023397992301306125,-0.002868140991772905
SOL/USDT,2025-12-15 10:31:00+00:00,2025-12-15 10:47:00+00:00,prob_floor,-0.1429862486849518,16.0,132.92,132.52,0.0003009328919651999,-0.0036864279265722555,-0.0030093289196507778,0.0021128886205856734,-0.0030938726230003155
SOL/USDT,2025-12-15 10:31:00+00:00,2025-12-15 10:48:00+00:00,prob_floor,-0.1519869302887306,17.0,132.92,132.44,0.0003009328919651999,-0.0036864279265722555,-0.0036111947035810665,0.0027182120205377913,-0.002491694352159346
SOL/USDT,2025-12-15 10:31:00+00:00,2025-12-15 10:49:00+00:00,prob_floor,-0.1519869302887306,18.0,132.92,132.45,0.0003009328919651999,-0.0036864279265722555,-0.0035359614805897666,0.002642506606266748,-0.002642506606266526
SOL/USDT,2025-12-15 10:31:00+00:00,2025-12-15 10:51:00+00:00,prob_floor,-0.1429862486849518,20.0,132.92,132.45,0.0003009328919651999,-0.0036864279265722555,-0.0035359614805897666,0.002642506606266748,-0.002642506606266526
SOL/USDT,2025-12-15 10:31:00+00:00,2025-12-15 10:52:00+00:00,prob_floor,-0.127985113364257,21.0,132.92,132.45,0.0003009328919651999,-0.0036864279265722555,-0.0035359614805897666,0.002642506606266748,-0.002642506606266526
SOL/USDT,2025-12-15 10:31:00+00:00,2025-12-15 10:53:00+00:00,trailing_prob_drop,-0.1129839788997466,22.0,132.92,132.45,0.0003009328919651999,-0.0036864279265722555,-0.0035359614805897666,0.002642506606266748,-0.002642506606266526
SOL/USDT,2025-12-15 10:31:00+00:00,2025-12-15 10:54:00+00:00,trailing_prob_drop,-0.1069835253534353,23.0,132.92,132.45,0.0003009328919651999,-0.0036864279265722555,-0.0035359614805897666,0.002642506606266748,-0.002642506606266526
SOL/USDT,2025-12-15 10:31:00+00:00,2025-12-15 10:55:00+00:00,trailing_prob_drop,-0.1219846594757756,24.0,132.92,132.45,0.0003009328919651999,-0.0036864279265722555,-0.0035359614805897666,0.002642506606266748,-0.002642506606266526
SOL/USDT,2025-12-15 10:31:00+00:00,2025-12-15 11:00:00+00:00,gate_close,-0.1249848864028925,29.0,132.92,132.57,0.0003009328919651999,-0.0036864279265722555,-0.0026331628046945,0.0017349324884967654,-0.003545296824319255
SOL/USDT,2025-12-15 10:31:00+00:00,2025-12-15 11:01:00+00:00,gate_close,-0.1459864758519128,30.0,132.92,132.53,0.0003009328919651999,-0.0036864279265722555,-0.002934095696659589,0.0020372745793406644,-0.0033200030181845808
SOL/USDT,2025-12-15 10:31:00+00:00,2025-12-15 11:02:00+00:00,trailing_prob_drop,-0.1399860215522849,31.0,132.92,132.53,0.0003009328919651999,-0.0036864279265722555,-0.002934095696659589,0.0020372745793406644,-0.00445182222892937
SOL/USDT,2025-12-15 10:31:00+00:00,2025-12-15 11:05:00+00:00,gate_close,-0.1099837521094823,34.0,132.92,132.46,0.0003009328919651999,-0.0036864279265722555,-0.0034607282575983556,0.0025668126226785493,-0.004982636267552465
SOL/USDT,2025-12-15 10:31:00+00:00,2025-12-15 11:07:00+00:00,gate_close,-0.1189844325828641,36.0,132.92,132.62,0.0003009328919651999,-0.0036864279265722555,-0.002256996689738111,0.0013572613482129015,-0.006183079475192255
SOL/USDT,2025-12-15 10:31:00+00:00,2025-12-15 11:08:00+00:00,gate_close,-0.0949826186710864,37.0,132.92,132.61,0.0003009328919651999,-0.0036864279265722555,-0.0023322299127293,0.0014327727923988398,-0.006108136641278961
SOL/USDT,2025-12-15 10:31:00+00:00,2025-12-15 11:10:00+00:00,gate_close,-0.1069835253534353,39.0,132.92,132.69,0.0003009328919651999,-0.0036864279265722555,-0.0017303641287992333,0.0008289999246364754,-0.006707363026603241
SOL/USDT,2025-12-15 10:31:00+00:00,2025-12-15 11:12:00+00:00,trailing_prob_drop,-0.1129839788997466,41.0,132.92,132.53,0.0003009328919651999,-0.0036864279265722555,-0.002934095696659589,0.0020372745793406644,-0.005508186825624262
SOL/USDT,2025-12-15 10:31:00+00:00,2025-12-15 11:13:00+00:00,trailing_prob_drop,-0.1249848864028925,42.0,132.92,132.53,0.0003009328919651999,-0.0036864279265722555,-0.002934095696659589,0.0020372745793406644,-0.005508186825624262
SOL/USDT,2025-12-15 10:31:00+00:00,2025-12-15 11:14:00+00:00,trailing_prob_drop,-0.1189844325828641,43.0,132.92,132.6,0.0003009328919651999,-0.0036864279265722555,-0.002407463135720711,0.0015082956259429015,-0.006033182503770607
SOL/USDT,2025-12-15 10:31:00+00:00,2025-12-15 11:16:00+00:00,gate_close,-0.1309853403598853,45.0,132.92,132.56,0.0003009328919651999,-0.0036864279265722555,-0.002708396027685689,0.0018105009052504784,-0.005733252866626404
SOL/USDT,2025-12-15 10:31:00+00:00,2025-12-15 11:21:00+00:00,trailing_prob_drop,-0.1219846594757756,50.0,132.92,132.57,0.0003009328919651999,-0.0036864279265722555,-0.0026331628046945,0.0017349324884967654,-0.005808252244097312
SOL/USDT,2025-12-15 10:31:00+00:00,2025-12-15 11:22:00+00:00,trailing_prob_drop,-0.1129839788997466,51.0,132.92,132.6,0.0003009328919651999,-0.0036864279265722555,-0.002407463135720711,0.0015082956259429015,-0.006033182503770607
SOL/USDT,2025-12-15 10:31:00+00:00,2025-12-15 11:23:00+00:00,trailing_prob_drop,-0.1009830719439196,52.0,132.92,132.6,0.0003009328919651999,-0.0036864279265722555,-0.002407463135720711,0.0015082956259429015,-0.006033182503770607
SOL/USDT,2025-12-15 10:31:00+00:00,2025-12-15 11:25:00+00:00,trailing_prob_drop,-0.088982165534908,54.0,132.92,132.69,0.0003009328919651999,-0.0036864279265722555,-0.0017303641287992333,0.0008289999246364754,-0.006707363026603241
SOL/USDT,2025-12-15 10:31:00+00:00,2025-12-15 11:26:00+00:00,trailing_prob_drop,-0.0769812596722515,55.0,132.92,132.69,0.0003009328919651999,-0.0036864279265722555,-0.0017303641287992333,0.0008289999246364754,-0.006707363026603241
SOL/USDT,2025-12-15 10:31:00+00:00,2025-12-15 11:30:00+00:00,gate_close,-0.0589799019015664,59.0,132.92,132.7,0.0003009328919651999,-0.0036864279265722555,-0.0016551309058080443,0.0007535795026376579,-0.006782215523737589
SOL/USDT,2025-12-15 10:31:00+00:00,2025-12-15 11:31:00+00:00,time_limit,-0.0709764000000023,60.0,132.92,132.78,0.0003009328919651999,-0.0036864279265722555,-0.0010532651218777556,0.00015062509414076608,-0.00738062961289343
SOL/USDT,,2025-12-15 11:32:00+00:00,dry_run,0.0,,,132.73,,,,0.0008287500941761561,-0.007006705341670916
SOL/USDT,2025-12-15 11:32:00+00:00,2025-12-15 11:33:00+00:00,gate_close,-0.016967738919216,1.0,132.73,132.78,0.0008287500941761561,-0.007006705341670916,0.00037670458826188913,0.0004518752824220762,-0.00738062961289343
SOL/USDT,2025-12-15 11:32:00+00:00,2025-12-15 11:38:00+00:00,gate_close,-0.0349690953622348,6.0,132.73,132.76,0.0008287500941761561,-0.007006705341670916,0.00022602275295713348,0.0006025911419103025,-0.007231093702922409
SOL/USDT,2025-12-15 11:32:00+00:00,2025-12-15 11:41:00+00:00,prob_floor,-0.1819802190584183,9.0,132.73,132.45,0.0008287500941761561,-0.007006705341670916,-0.002109545694266579,0.005058512646281654,-0.004907512268780501
SOL/USDT,2025-12-15 11:32:00+00:00,2025-12-15 11:42:00+00:00,prob_floor,-0.1999815868119355,10.0,132.73,132.23,0.0008287500941761561,-0.007006705341670916,-0.0037670458826188913,0.006730696513650658,-0.0032519095515388674
SOL/USDT,2025-12-15 11:32:00+00:00,2025-12-15 11:43:00+00:00,prob_floor,-0.2149827275555295,11.0,132.73,132.17,0.0008287500941761561,-0.007006705341670916,-0.004219091388533158,0.0071877127941288865,-0.0027994249829762508
SOL/USDT,2025-12-15 11:32:00+00:00,2025-12-15 11:44:00+00:00,prob_floor,-0.1699793079121522,12.0,132.73,132.12,0.0008287500941761561,-0.007006705341670916,-0.004595795976794936,0.007568876778686118,-0.0024220405691794955
SOL/USDT,2025-12-15 11:32:00+00:00,2025-12-15 11:45:00+00:00,prob_floor,-0.2029818148915977,13.0,132.73,132.31,0.0008287500941761561,-0.007006705341670916,-0.0031643185413997577,0.006121986244425948,-0.0038545839316755925
SOL/USDT,2025-12-15 11:32:00+00:00,2025-12-15 11:46:00+00:00,prob_floor,-0.2149827275555295,14.0,132.73,132.16,0.0008287500941761561,-0.007006705341670916,-0.004294432306185425,0.007263922518159882,-0.0027239709443097615
SOL/USDT,2025-12-15 11:32:00+00:00,2025-12-15 11:47:00+00:00,prob_floor,-0.2029818148915977,15.0,132.73,132.11,0.0008287500941761561,-0.007006705341670916,-0.004671136894447203,0.007645144198016762,-0.002346529407312059
SOL/USDT,2025-12-15 11:32:00+00:00,2025-12-15 11:48:00+00:00,prob_floor,-0.2179829558078852,16.0,132.73,132.12,0.0008287500941761561,-0.007006705341670916,-0.004595795976794936,0.007568876778686118,-0.0024220405691794955
SOL/USDT,2025-12-15 11:32:00+00:00,2025-12-15 11:49:00+00:00,prob_floor,-0.1789799912201827,17.0,132.73,132.1,0.0008287500941761561,-0.007006705341670916,-0.004746477812099692,0.007721423164269492,-0.002271006813020282
SOL/USDT,2025-12-15 11:32:00+00:00,2025-12-15 11:50:00+00:00,prob_floor,-0.1849804469311273,18.0,132.73,132.22,0.0008287500941761561,-0.007006705341670916,-0.003842386800271158,0.0068068370896989805,-0.0031765239751927465
SOL/USDT,2025-12-15 11:32:00+00:00,2025-12-15 11:51:00+00:00,prob_floor,-0.1849804469311273,19.0,132.73,132.22,0.0008287500941761561,-0.007006705341670916,-0.003842386800271158,0.0068068370896989805,-0.0031765239751927465
SOL/USDT,2025-12-15 11:32:00+00:00,2025-12-15 11:52:00+00:00,prob_floor,-0.1699793079121522,20.0,132.73,132.22,0.0008287500941761561,-0.007006705341670916,-0.003842386800271158,0.0068068370896989805,-0.0031765239751927465
SOL/USDT,2025-12-15 11:32:00+00:00,2025-12-15 11:53:00+00:00,prob_floor,-0.1729795356470403,21.0,132.73,132.27,0.0008287500941761561,-0.007006705341670916,-0.003465682212009158,0.006426249338474355,-0.0035533378695092876
SOL/USDT,2025-12-15 11:32:00+00:00,2025-12-15 11:54:00+00:00,prob_floor,-0.1699793079121522,22.0,132.73,132.26,0.0008287500941761561,-0.007006705341670916,-0.003541023129661758,0.006502343868138638,-0.003477997882957662
SOL/USDT,2025-12-15 11:32:00+00:00,2025-12-15 11:55:00+00:00,prob_floor,-0.166979080211672,23.0,132.73,132.26,0.0008287500941761561,-0.007006705341670916,-0.003541023129661758,0.006502343868138638,-0.003477997882957662
SOL/USDT,2025-12-15 11:32:00+00:00,2025-12-15 11:56:00+00:00,prob_floor,-0.166979080211672,24.0,132.73,132.26,0.0008287500941761561,-0.007006705341670916,-0.003541023129661758,0.006502343868138638,-0.003477997882957662
SOL/USDT,2025-12-15 11:32:00+00:00,2025-12-15 12:01:00+00:00,prob_floor,-0.2689868413915872,29.0,132.73,132.09,0.0008287500941761561,-0.007006705341670916,-0.00482181872975207,0.0077977136800666536,-0.002195472783708019
SOL/USDT,2025-12-15 11:32:00+00:00,2025-12-15 12:02:00+00:00,prob_floor,-0.3109900488106587,30.0,132.73,131.94,0.0008287500941761561,-0.007006705341670916,-0.005951932494537737,0.008943459148097688,-0.0010610883735030496
SOL/USDT,2025-12-15 11:32:00+00:00,2025-12-15 12:03:00+00:00,prob_floor,-0.3019893609330606,31.0,132.73,131.8,0.0008287500941761561,-0.007006705341670916,-0.007006705341670916,0.010015174506828428,0.0
SOL/USDT,2025-12-15 11:32:00+00:00,2025-12-15 12:04:00+00:00,prob_floor,-0.2719870702672044,32.0,132.73,131.83,0.0008287500941761561,-0.007006705341670916,-0.006780682588713782,0.00978532959114009,-7.585526814857246e-05
SOL/USDT,2025-12-15 11:32:00+00:00,2025-12-15 12:05:00+00:00,prob_floor,-0.2749872991774965,33.0,132.73,131.92,0.0008287500941761561,-0.007006705341670916,-0.006102614329842604,0.009096422073984423,-0.0007580351728320167
SOL/USDT,2025-12-15 11:32:00+00:00,2025-12-15 12:06:00+00:00,prob_floor,-0.2539856975338171,34.0,132.73,131.9,0.0008287500941761561,-0.007006705341670916,-0.0062532961651471375,0.009249431387414742,-0.00030326004548897334
SOL/USDT,2025-12-15 11:32:00+00:00,2025-12-15 12:07:00+00:00,prob_floor,-0.2899884442497917,35.0,132.73,131.98,0.0008287500941761561,-0.007006705341670916,-0.005650568823928226,0.008637672374602223,-0.0009092286710106201
SOL/USDT,2025-12-15 11:32:00+00:00,2025-12-15 12:08:00+00:00,prob_floor,-0.2779875281225056,36.0,132.73,131.87,0.0008287500941761561,-0.007006705341670916,-0.006479318918104271,0.009479032380374619,-0.00015166451808612536
SOL/USDT,2025-12-15 11:32:00+00:00,2025-12-15 12:09:00+00:00,prob_floor,-0.2899884442497917,37.0,132.73,131.91,0.0008287500941761561,-0.007006705341670916,-0.006177955247494871,0.009172920930937911,-0.000682283375028403
SOL/USDT,2025-12-15 11:32:00+00:00,2025-12-15 12:10:00+00:00,prob_floor,-0.2569859262360247,38.0,132.73,131.89,0.0008287500941761561,-0.007006705341670916,-0.006328637082799737,0.009325953446053692,-0.0009098491166880107
SOL/USDT,2025-12-15 11:32:00+00:00,2025-12-15 12:11:00+00:00,prob_floor,-0.2719870702672044,39.0,132.73,131.98,0.0008287500941761561,-0.007006705341670916,-0.005650568823928226,0.008637672374602223,-0.0015911501742686962
SOL/USDT,2025-12-15 11:32:00+00:00,2025-12-15 12:12:00+00:00,prob_floor,-0.2929886733684781,40.0,132.73,131.93,0.0008287500941761561,-0.007006705341670916,-0.006027273412190004,0.009019934813916386,-0.0012127643447282788
SOL/USDT,2025-12-15 11:32:00+00:00,2025-12-15 12:13:00+00:00,prob_floor,-0.2899884442497917,41.0,132.73,131.89,0.0008287500941761561,-0.007006705341670916,-0.006328637082799737,0.009325953446053692,-0.0009098491166880107
SOL/USDT,2025-12-15 11:32:00+00:00,2025-12-15 12:14:00+00:00,prob_floor,-0.2689868413915872,42.0,132.73,131.86,0.0008287500941761561,-0.007006705341670916,-0.006554659835756649,0.009555589261337705,-0.0006825420900955503
SOL/USDT,2025-12-15 11:32:00+00:00,2025-12-15 12:15:00+00:00,prob_floor,-0.19398113075613,43.0,132.73,131.94,0.0008287500941761561,-0.007006705341670916,-0.005951932494537737,0.008943459148097688,-0.001288464453539362
SOL/USDT,2025-12-15 11:32:00+00:00,2025-12-15 12:17:00+00:00,gate_close,-0.2299838691629063,45.0,132.73,132.01,0.0008287500941761561,-0.007006705341670916,-0.005424546070971092,0.00840845390500733,-0.0018180440875690262
SOL/USDT,2025-12-15 11:32:00+00:00,2025-12-15 12:30:00+00:00,gate_close,-0.0559706794300651,58.0,132.73,132.37,0.0008287500941761561,-0.007006705341670916,-0.0027122730354854907,0.005665936390420789,-0.004532749112336587
SOL/USDT,2025-12-15 11:32:00+00:00,2025-12-15 12:31:00+00:00,gate_close,-0.0259684169874493,59.0,132.73,132.64,0.0008287500941761561,-0.007006705341670916,-0.0006780682588714004,0.00361881785283491,-0.006559107358262817
SOL/USDT,2025-12-15 11:32:00+00:00,2025-12-15 12:32:00+00:00,time_limit,-0.0439674000000013,60.0,132.73,132.75,0.0008287500941761561,-0.007006705341670916,0.00015068183530475565,0.002787193973634583,-0.0073822975517889855
SOL/USDT,,2025-12-15 12:33:00+00:00,dry_run,0.0,,,132.67,,,,0.003391874576015752,-0.006783749152031171
SOL/USDT,2025-12-15 12:33:00+00:00,2025-12-15 12:35:00+00:00,take_profit,0.0160401461651369,2.0,132.67,132.72,0.003391874576015752,-0.006783749152031171,0.0003768749528907378,0.003013863773357439,-0.0071579264617238625
SOL/USDT,2025-12-15 12:33:00+00:00,2025-12-15 12:37:00+00:00,take_profit,0.025038000000004,4.0,132.67,132.7,0.003391874576015752,-0.006783749152031171,0.00022612497173435386,0.003165033911077808,-0.007008289374528798
SOL/USDT,,2025-12-15 12:38:00+00:00,dry_run,0.0,,,132.83,,,,0.0021832417375591273,-0.007980124971768476
SOL/USDT,2025-12-15 12:38:00+00:00,2025-12-15 12:39:00+00:00,take_profit,0.0130231163566742,1.0,132.83,132.98,0.0021832417375591273,-0.007980124971768476,0.001129262967702882,0.0010527898932171098,-0.00909911264851837
SOL/USDT,2025-12-15 12:38:00+00:00,2025-12-15 12:40:00+00:00,gate_close,-0.031980267103031,2.0,132.83,133.07,0.0021832417375591273,-0.007980124971768476,0.0018068207483248333,0.00037574209062918307,-0.009769294356353653
SOL/USDT,2025-12-15 12:38:00+00:00,2025-12-15 12:41:00+00:00,gate_close,-0.0109786872053297,3.0,132.83,132.93,0.0021832417375591273,-0.007980124971768476,0.000752841978468588,0.001203641014067447,-0.008726397351989768
SOL/USDT,2025-12-15 12:38:00+00:00,2025-12-15 12:42:00+00:00,take_profit,0.0070212000000034,4.0,132.83,132.99,0.0021832417375591273,-0.007980124971768476,0.0012045471655499629,0.0011279043537106848,-0.00917362207684791
SOL/USDT,,2025-12-15 12:43:00+00:00,dry_run,0.0,,,133.04,,,,0.0007516536380036687,-0.009546001202645704
SOL/USDT,2025-12-15 12:43:00+00:00,2025-12-15 12:46:00+00:00,trailing_prob_drop,-0.0559820747393287,3.0,133.04,132.85,0.0007516536380036687,-0.009546001202645704,-0.0014281419122068595,0.0021829130598418622,-0.008129469326307759
SOL/USDT,2025-12-15 12:43:00+00:00,2025-12-15 12:47:00+00:00,trailing_prob_drop,-0.04698139662062,4.0,133.04,132.86,0.0007516536380036687,-0.009546001202645704,-0.0013529765484063816,0.0021074815595361063,-0.008204124642480881
SOL/USDT,2025-12-15 12:43:00+00:00,2025-12-15 12:49:00+00:00,trailing_prob_drop,-0.0709832056180983,6.0,133.04,132.82,0.0007516536380036687,-0.009546001202645704,-0.00165363800360796,0.0024092757114890784,-0.007905435928323934
SOL/USDT,2025-12-15 12:43:00+00:00,2025-12-15 12:50:00+00:00,trailing_prob_drop,-0.0829841109344899,7.0,133.04,132.79,0.0007516536380036687,-0.009546001202645704,-0.0018791340950090607,0.0026357406431207764,-0.007681301302808863
SOL/USDT,2025-12-15 12:43:00+00:00,2025-12-15 12:51:00+00:00,trailing_prob_drop,-0.0889845637973198,8.0,133.04,132.75,0.0007516536380036687,-0.009546001202645704,-0.002179795550210417,0.0029378531073445124,-0.0073822975517889855
SOL/USDT,2025-12-15 12:43:00+00:00,2025-12-15 12:52:00+00:00,trailing_prob_drop,-0.0709832056180983,9.0,133.04,132.74,0.0007516536380036687,-0.009546001202645704,-0.002254960914010673,0.0030134096730449755,-0.007307518457134288
SOL/USDT,2025-12-15 12:43:00+00:00,2025-12-15 12:53:00+00:00,trailing_prob_drop,-0.0589823008469838,10.0,133.04,132.78,0.0007516536380036687,-0.009546001202645704,-0.0019542994588093165,0.002711251694532235,-0.007606567254104468
SOL/USDT,2025-12-15 12:43:00+00:00,2025-12-15 12:54:00+00:00,prob_floor,-0.0769836582081175,11.0,133.04,132.78,0.0007516536380036687,-0.009546001202645704,-0.0019542994588093165,0.002711251694532235,-0.007606567254104468
SOL/USDT,2025-12-15 12:43:00+00:00,2025-12-15 12:55:00+00:00,prob_floor,-0.0619825269886619,12.0,133.04,132.85,0.0007516536380036687,-0.009546001202645704,-0.0014281419122068595,0.0021829130598418622,-0.008129469326307759
SOL/USDT,2025-12-15 12:43:00+00:00,2025-12-15 12:56:00+00:00,trailing_prob_drop,-0.0709832056180983,13.0,133.04,132.86,0.0007516536380036687,-0.009546001202645704,-0.0013529765484063816,0.0021074815595361063,-0.008204124642480881
SOL/USDT,2025-12-15 12:43:00+00:00,2025-12-15 12:57:00+00:00,prob_floor,-0.0739834318960558,14.0,133.04,132.76,0.0007516536380036687,-0.009546001202645704,-0.0021046301864101613,0.0028623079240734928,-0.007457065381138772
SOL/USDT,2025-12-15 12:43:00+00:00,2025-12-15 12:58:00+00:00,prob_floor,-0.0769836582081175,15.0,133.04,132.76,0.0007516536380036687,-0.009546001202645704,-0.0021046301864101613,0.0028623079240734928,-0.007457065381138772
SOL/USDT,2025-12-15 12:43:00+00:00,2025-12-15 12:59:00+00:00,prob_floor,-0.0679829793742285,16.0,133.04,132.77,0.0007516536380036687,-0.009546001202645704,-0.0020294648226095724,0.00278677412065953,-0.007531821947729167
SOL/USDT,2025-12-15 12:43:00+00:00,2025-12-15 13:00:00+00:00,prob_floor,-0.0409809447115882,17.0,133.04,132.8,0.0007516536380036687,-0.009546001202645704,-0.0018039687312084718,0.0025602409638552093,-0.007756024096385539
SOL/USDT,2025-12-15 12:43:00+00:00,2025-12-15 13:01:00+00:00,gate_close,-0.1009854699325391,18.0,133.04,132.85,0.0007516536380036687,-0.009546001202645704,-0.0014281419122068595,0.0021829130598418622,-0.008129469326307759
SOL/USDT,2025-12-15 12:43:00+00:00,2025-12-15 13:02:00+00:00,prob_floor,-0.1369881916191992,19.0,133.04,132.69,0.0007516536380036687,-0.009546001202645704,-0.0026307877330126184,0.0033913633280577837,-0.006933453915140442
SOL/USDT,2025-12-15 12:43:00+00:00,2025-12-15 13:03:00+00:00,prob_floor,-0.2599975280087701,20.0,133.04,132.54,0.0007516536380036687,-0.009546001202645704,-0.0037582681900180104,0.004526935264825616,-0.005809566923192899
SOL/USDT,2025-12-15 12:43:00+00:00,2025-12-15 13:04:00+00:00,prob_floor,-0.2899998139714421,21.0,133.04,132.16,0.0007516536380036687,-0.009546001202645704,-0.006614552014431729,0.00741525423728806,-0.002950968523002362
SOL/USDT,2025-12-15 12:43:00+00:00,2025-12-15 13:05:00+00:00,prob_floor,-0.2749986705575155,22.0,133.04,132.06,0.0007516536380036687,-0.009546001202645704,-0.007366205652435287,0.008178100863243776,-0.0021959715280932546
SOL/USDT,2025-12-15 12:43:00+00:00,2025-12-15 13:06:00+00:00,prob_floor,-0.2719984419785693,23.0,133.04,132.11,0.0007516536380036687,-0.009546001202645704,-0.006990378833433342,0.007796533192036659,-0.002573612898342348
SOL/USDT,2025-12-15 12:43:00+00:00,2025-12-15 13:07:00+00:00,prob_floor,-0.3290027909039292,24.0,133.04,132.08,0.0007516536380036687,-0.009546001202645704,-0.007215874924834442,0.008025439127801182,-0.0023470623864324525
SOL/USDT,2025-12-15 12:43:00+00:00,2025-12-15 13:08:00+00:00,prob_floor,-0.3590050848473403,25.0,133.04,131.93,0.0007516536380036687,-0.009546001202645704,-0.008343355381839945,0.00917153035700724,-0.0012127643447282788
SOL/USDT,2025-12-15 12:43:00+00:00,2025-12-15 13:09:00+00:00,prob_floor,-0.3320030201417531,26.0,133.04,131.82,0.0007516536380036687,-0.009546001202645704,-0.00917017438364398,0.010013654984069031,-0.0003793051130327463
SOL/USDT,2025-12-15 12:43:00+00:00,2025-12-15 13:10:00+00:00,prob_floor,-0.3260025617008297,27.0,133.04,131.91,0.0007516536380036687,-0.009546001202645704,-0.00849368610944079,0.009324539458721803,-0.0010613296944885775
SOL/USDT,2025-12-15 12:43:00+00:00,2025-12-15 13:11:00+00:00,prob_floor,-0.2569972996027644,28.0,133.04,131.93,0.0007516536380036687,-0.009546001202645704,-0.008343355381839945,0.00917153035700724,-0.00015159554309107648
SOL/USDT,2025-12-15 12:43:00+00:00,2025-12-15 13:12:00+00:00,prob_floor,-0.112986376614278,29.0,133.04,132.16,0.0007516536380036687,-0.009546001202645704,-0.006614552014431729,0.00802058111380144,-0.001210653753026647
SOL/USDT,2025-12-15 12:43:00+00:00,2025-12-15 13:13:00+00:00,prob_floor,-0.1009854699325391,30.0,133.04,132.65,0.0007516536380036687,-0.009546001202645704,-0.002931449188213975,0.005804749340369231,-0.0036185450433472433
SOL/USDT,2025-12-15 12:43:00+00:00,2025-12-15 13:14:00+00:00,prob_floor,-0.0379807188080883,31.0,133.04,132.69,0.0007516536380036687,-0.009546001202645704,-0.0026307877330126184,0.008516090134900844,-0.003617454216594984
SOL/USDT,2025-12-15 12:43:00+00:00,2025-12-15 13:15:00+00:00,gate_close,-0.0589823008469838,32.0,133.04,132.89,0.0007516536380036687,-0.009546001202645704,-0.001127480457005503,0.009331025660320735,-0.00511701407178855
SOL/USDT,2025-12-15 12:43:00+00:00,2025-12-15 13:16:00+00:00,trailing_prob_drop,-0.013978912803153,33.0,133.04,132.82,0.0007516536380036687,-0.009546001202645704,-0.00165363800360796,0.011368769763590025,-0.004592681825026257
SOL/USDT,2025-12-15 12:43:00+00:00,2025-12-15 13:17:00+00:00,gate_close,-0.0859843373488587,34.0,133.04,132.97,0.0007516536380036687,-0.009546001202645704,-0.0005261575466024571,0.01827479882680305,-0.0057155749417161505
SOL/USDT,2025-12-15 12:43:00+00:00,2025-12-15 13:18:00+00:00,gate_close,-0.1159866033701467,35.0,133.04,132.8,0.0007516536380036687,-0.009546001202645704,-0.0018039687312084718,0.01957831325301207,-0.004442771084337327
SOL/USDT,2025-12-15 12:43:00+00:00,2025-12-15 13:21:00+00:00,gate_close,-0.1549895543111522,38.0,133.04,132.53,0.0007516536380036687,-0.009546001202645704,-0.0038334335538183772,0.021655474232249228,-0.0024145476495887053
SOL/USDT,2025-12-15 12:43:00+00:00,2025-12-15 13:28:00+00:00,trailing_prob_drop,-0.1279875107356921,45.0,133.04,132.6,0.0007516536380036687,-0.009546001202645704,-0.003307276007215809,0.021116138763197734,-0.002941176470588114
SOL/USDT,2025-12-15 12:43:00+00:00,2025-12-15 13:29:00+00:00,trailing_prob_drop,-0.1669904634582638,46.0,133.04,132.59,0.0007516536380036687,-0.009546001202645704,-0.003382441371016176,0.021193151821404355,-0.0028659778263820934
SOL/USDT,2025-12-15 12:43:00+00:00,2025-12-15 13:30:00+00:00,prob_floor,-0.1039856965517306,47.0,133.04,132.47,0.0007516536380036687,-0.009546001202645704,-0.0042844257366204674,0.02211821544500636,-0.001962708537782021
SOL/USDT,2025-12-15 12:43:00+00:00,2025-12-15 13:31:00+00:00,trailing_prob_drop,-0.0709832056180983,48.0,133.04,132.67,0.0007516536380036687,-0.009546001202645704,-0.002781118460613352,0.020577372427828644,-0.003467249566593611
SOL/USDT,2025-12-15 12:43:00+00:00,2025-12-15 13:32:00+00:00,prob_floor,-0.1369881916191992,49.0,133.04,132.78,0.0007516536380036687,-0.009546001202645704,-0.0019542994588093165,0.0197318873324297,-0.004292815183009391
SOL/USDT,2025-12-15 12:43:00+00:00,2025-12-15 13:33:00+00:00,prob_floor,-0.1459888728109494,50.0,133.04,132.57,0.0007516536380036687,-0.009546001202645704,-0.0035327720986169098,0.021347212793241477,-0.0027155465037337345
SOL/USDT,2025-12-15 12:43:00+00:00,2025-12-15 13:34:00+00:00,trailing_prob_drop,-0.2419961580909799,51.0,133.04,132.57,0.0007516536380036687,-0.009546001202645704,-0.0035327720986169098,0.021347212793241477,-0.0027155465037337345
SOL/USDT,2025-12-15 12:43:00+00:00,2025-12-15 13:35:00+00:00,prob_floor,-0.2209945614241916,52.0,133.04,132.22,0.0007516536380036687,-0.009546001202645704,-0.006163559831629528,0.024050824383603064,-7.563152321876654e-05
SOL/USDT,2025-12-15 12:43:00+00:00,2025-12-15 13:36:00+00:00,prob_floor,-0.1399884186488535,53.0,133.04,132.28,0.0007516536380036687,-0.009546001202645704,-0.005712567648827327,0.02358633202298166,-0.0005291805261565807
SOL/USDT,2025-12-15 12:43:00+00:00,2025-12-15 13:37:00+00:00,gate_close,-0.0889845637973198,54.0,133.04,132.55,0.0007516536380036687,-0.009546001202645704,-0.0036831028262175325,0.021501320256506862,-0.0022632968691060906
SOL/USDT,2025-12-15 12:43:00+00:00,2025-12-15 13:38:00+00:00,trailing_prob_drop,-0.0649827531644047,55.0,133.04,132.72,0.0007516536380036687,-0.009546001202645704,-0.0024052916416115178,0.02019288728149493,-0.002863170584689545
SOL/USDT,2025-12-15 12:43:00+00:00,2025-12-15 13:39:00+00:00,gate_close,-0.0529818486657314,56.0,133.04,132.81,0.0007516536380036687,-0.009546001202645704,-0.001728803367408216,0.019501543558467116,-0.003538890143814477
SOL/USDT,2025-12-15 12:43:00+00:00,2025-12-15 13:40:00+00:00,gate_close,0.0010212000000003,57.0,133.04,132.85,0.0007516536380036687,-0.009546001202645704,-0.0014281419122068595,0.01919458035378252,-0.0038389160707563708
SOL/USDT,,2025-12-15 13:46:00+00:00,dry_run,0.0,,,132.79,,,,0.019655094510128812,-0.0051208675352057975
SOL/USDT,2025-12-15 13:46:00+00:00,2025-12-15 13:47:00+00:00,take_profit,0.031036472522089,1.0,132.79,132.78,0.019655094510128812,-0.0051208675352057975,-7.530687551771109e-05,0.0197318873324297,-0.006326253953908734
SOL/USDT,2025-12-15 13:46:00+00:00,2025-12-15 13:48:00+00:00,take_profit,0.0430373740307647,2.0,132.79,132.82,0.019655094510128812,-0.0051208675352057975,0.00022592062655313327,0.01942478542388204,-0.006625508206595354
SOL/USDT,2025-12-15 13:46:00+00:00,2025-12-15 13:49:00+00:00,take_profit,0.046033200000002,3.0,132.79,132.96,0.019655094510128812,-0.0051208675352057975,0.0012802168838015326,0.01835138387484947,-0.01037906137184108
SOL/USDT,,2025-12-15 13:50:00+00:00,dry_run,0.0,,,132.96,,,,0.01835138387484947,-0.01037906137184108
SOL/USDT,2025-12-15 13:50:00+00:00,2025-12-15 13:51:00+00:00,take_profit,0.0220321948629133,1.0,132.96,132.84,0.01835138387484947,-0.01037906137184108,-0.0009025270758122872,0.019271303824149433,-0.01068955133995797
SOL/USDT,2025-12-15 13:50:00+00:00,2025-12-15 13:52:00+00:00,gate_close,-0.0199709646952504,2.0,132.96,132.99,0.01835138387484947,-0.01037906137184108,0.0002256317689530718,0.018121663282953504,-0.012933303255883932
SOL/USDT,2025-12-15 13:50:00+00:00,2025-12-15 13:53:00+00:00,trailing_prob_drop,-0.0619741309214351,3.0,132.96,132.81,0.01835138387484947,-0.01037906137184108,-0.001128158844765359,0.019501543558467116,-0.011595512386115447
SOL/USDT,2025-12-15 13:50:00+00:00,2025-12-15 13:54:00+00:00,prob_floor,-0.0319718686499669,4.0,132.96,132.68,0.01835138387484947,-0.01037906137184108,-0.002105896510228633,0.020500452215857612,-0.01130539644256856
SOL/USDT,2025-12-15 13:50:00+00:00,2025-12-15 13:55:00+00:00,trailing_prob_drop,-0.0289716426102325,5.0,132.96,132.77,0.01835138387484947,-0.01037906137184108,-0.0014290012033694177,0.01980869172252775,-0.013406643066957935
SOL/USDT,2025-12-15 13:50:00+00:00,2025-12-15 13:56:00+00:00,prob_floor,-0.0139705129220406,6.0,132.96,132.77,0.01835138387484947,-0.01037906137184108,-0.0014290012033694177,0.01980869172252775,-0.019356782405664075
SOL/USDT,2025-12-15 13:50:00+00:00,2025-12-15 13:57:00+00:00,prob_floor,-0.0439727731495183,7.0,132.96,132.83,0.01835138387484947,-0.01037906137184108,-0.0009777376654632741,0.019348038846646043,-0.023488669728224054
SOL/USDT,2025-12-15 13:50:00+00:00,2025-12-15 13:58:00+00:00,trailing_prob_drop,-0.0619741309214351,8.0,132.96,132.78,0.01835138387484947,-0.01037906137184108,-0.0013537906137184308,0.0197318873324297,-0.023120951950594937
SOL/USDT,2025-12-15 13:50:00+00:00,2025-12-15 13:59:00+00:00,trailing_prob_drop,-0.0289716426102325,9.0,132.96,132.68,0.01835138387484947,-0.01037906137184108,-0.002105896510228633,0.020500452215857612,-0.02238468495628576
SOL/USDT,2025-12-15 13:50:00+00:00,2025-12-15 14:00:00+00:00,prob_floor,-0.02597141660455,10.0,132.96,132.78,0.01835138387484947,-0.01037906137184108,-0.0013537906137184308,0.0197318873324297,-0.023120951950594937
SOL/USDT,2025-12-15 13:50:00+00:00,2025-12-15 14:01:00+00:00,trailing_prob_drop,-0.0169703999999918,11.0,132.96,132.8,0.01835138387484947,-0.01037906137184108,-0.001203369434416346,0.01957831325301207,-0.024774096385542288
SOL/USDT,2025-12-15 13:50:00+00:00,2025-12-15 14:02:00+00:00,trailing_prob_drop,-0.0379723208316053,12.0,132.96,132.83,0.01835138387484947,-0.01037906137184108,-0.0009777376654632741,0.019348038846646043,-0.024994353685161674
SOL/USDT,2025-12-15 13:50:00+00:00,2025-12-15 14:03:00+00:00,trailing_prob_drop,-0.0409725469735162,13.0,132.96,132.75,0.01835138387484947,-0.01037906137184108,-0.0015794223826715026,0.019962335216572535,-0.027043314500941662
SOL/USDT,2025-12-15 13:50:00+00:00,2025-12-15 14:04:00+00:00,prob_floor,-0.058973904540826,14.0,132.96,132.74,0.01835138387484947,-0.01037906137184108,-0.0016546329723224895,0.02003917432574953,-0.026970016573753308
SOL/USDT,2025-12-15 13:50:00+00:00,2025-12-15 14:05:00+00:00,prob_floor,-0.0199709646952504,15.0,132.96,132.57,0.01835138387484947,-0.01037906137184108,-0.0029332129963900444,0.021347212793241477,-0.02572225993814581
SOL/USDT,2025-12-15 13:50:00+00:00,2025-12-15 14:06:00+00:00,trailing_prob_drop,-0.0319718686499669,16.0,132.96,132.81,0.01835138387484947,-0.01037906137184108,-0.001128158844765359,0.019501543558467116,-0.027482870265793324
SOL/USDT,2025-12-15 13:50:00+00:00,2025-12-15 14:07:00+00:00,prob_floor,-0.0319718686499669,17.0,132.96,132.78,0.01835138387484947,-0.01037906137184108,-0.0013537906137184308,0.0197318873324297,-0.027263142039463784
SOL/USDT,2025-12-15 13:50:00+00:00,2025-12-15 14:08:00+00:00,trailing_prob_drop,-0.0529734518820041,18.0,132.96,132.77,0.01835138387484947,-0.01037906137184108,-0.0014290012033694177,0.01980869172252775,-0.027189877231302395
SOL/USDT,2025-12-15 13:50:00+00:00,2025-12-15 14:09:00+00:00,gate_close,-0.0049698355172485,19.0,132.96,132.7,0.01835138387484947,-0.01037906137184108,-0.0019554753309267703,0.020346646571213434,-0.026676714393368495
SOL/USDT,2025-12-15 13:50:00+00:00,2025-12-15 14:10:00+00:00,take_profit,0.019029600000001,20.0,132.96,132.83,0.01835138387484947,-0.01037906137184108,-0.0009777376654632741,0.019348038846646043,-0.027629300609802065
SOL/USDT,,2025-12-15 14:11:00+00:00,dry_run,0.0,,,132.83,,,,0.019348038846646043,-0.027629300609802065
SOL/USDT,2025-12-15 14:11:00+00:00,2025-12-15 14:12:00+00:00,take_profit,0.0280098370064792,1.0,132.83,133.22,0.019348038846646043,-0.027629300609802065,0.0029360837160279374,0.01636390932292464,-0.03047590451884108
SOL/USDT,2025-12-15 14:11:00+00:00,2025-12-15 14:13:00+00:00,take_profit,0.1660201393117401,2.0,132.83,133.35,0.019348038846646043,-0.027629300609802065,0.003914778288037102,0.015373078365204407,-0.03142107236595426
SOL/USDT,2025-12-15 14:11:00+00:00,2025-12-15 14:14:00+00:00,take_profit,0.2260068000000003,3.0,132.83,133.81,0.019348038846646043,-0.027629300609802065,0.007377851388993273,0.011882519991032181,-0.03475076601150895
SOL/USDT,,2025-12-15 14:20:00+00:00,dry_run,0.0,,,134.48,,,,0.0,-0.049449732302201066
SOL/USDT,2025-12-15 14:20:00+00:00,2025-12-15 14:21:00+00:00,gate_close,-0.1760057054317804,1.0,134.48,134.36,0.0,-0.049449732302201066,-0.0008923259964305208,0.0008186960404881205,-0.04912176242929445
SOL/USDT,2025-12-15 14:20:00+00:00,2025-12-15 14:22:00+00:00,gate_close,-0.3181164094055412,2.0,134.48,133.81,0.0,-0.049449732302201066,-0.00498215348007125,0.0041850384874075885,-0.047156415813466857
SOL/USDT,2025-12-15 14:20:00+00:00,2025-12-15 14:23:00+00:00,gate_close,-0.4196241034023955,3.0,134.48,133.31,0.0,-0.049449732302201066,-0.008700178465199215,0.00382566949216101,-0.04358262695971793
SOL/USDT,2025-12-15 14:20:00+00:00,2025-12-15 14:24:00+00:00,gate_close,-0.4457260884101572,4.0,134.48,132.97,0.0,-0.049449732302201066,-0.011228435455086228,0.006392419342708733,-0.041889147928104054
SOL/USDT,2025-12-15 14:20:00+00:00,2025-12-15 14:25:00+00:00,gate_close,-0.5095309519904987,5.0,134.48,132.87,0.0,-0.049449732302201066,-0.011972040452111754,0.007149845713855463,-0.04350116655377434
SOL/USDT,2025-12-15 14:20:00+00:00,2025-12-15 14:26:00+00:00,prob_floor,-0.4225243238261168,6.0,134.48,132.66,0.0,-0.049449732302201066,-0.01353361094586547,0.008744157997889301,-0.04326850595507303
SOL/USDT,2025-12-15 14:20:00+00:00,2025-12-15 14:27:00+00:00,prob_floor,-0.3964223412056163,7.0,134.48,132.95,0.0,-0.049449732302201066,-0.011377156454491333,0.006543813463708137,-0.04588191049266632
SOL/USDT,2025-12-15 14:20:00+00:00,2025-12-15 14:28:00+00:00,prob_floor,-0.4225243238261168,8.0,134.48,133.04,0.0,-0.049449732302201066,-0.010707911957168359,0.005862898376428172,-0.04652736019242332
SOL/USDT,2025-12-15 14:20:00+00:00,2025-12-15 14:29:00+00:00,prob_floor,-0.4370254264421925,9.0,134.48,132.95,0.0,-0.049449732302201066,-0.011377156454491333,0.006543813463708137,-0.04588191049266632
SOL/USDT,2025-12-15 14:20:00+00:00,2025-12-15 14:30:00+00:00,prob_floor,-0.3558192624552281,10.0,134.48,132.9,0.0,-0.049449732302201066,-0.011748958953004096,0.006922498118886233,-0.045522949586155104
SOL/USDT,2025-12-15 14:20:00+00:00,2025-12-15 14:31:00+00:00,prob_floor,-0.4196241034023955,11.0,134.48,133.18,0.0,-0.049449732302201066,-0.0096668649613324,0.004805526355308398,-0.04752965910797424
SOL/USDT,2025-12-15 14:20:00+00:00,2025-12-15 14:32:00+00:00,prob_floor,-0.5501340554043034,12.0,134.48,132.97,0.0,-0.049449732302201066,-0.011228435455086228,0.006392419342708733,-0.04602541926750403
SOL/USDT,2025-12-15 14:20:00+00:00,2025-12-15 14:33:00+00:00,prob_floor,-0.5849793145427025,13.0,134.48,132.52,0.0,-0.049449732302201066,-0.014574657941701208,0.009809840024147087,-0.04278599456685794
SOL/USDT,2025-12-15 14:20:00+00:00,2025-12-15 14:34:00+00:00,prob_floor,-0.439925647064987,14.0,134.48,132.42,0.0,-0.049449732302201066,-0.015318262938726956,0.010572421084428463,-0.04206313245733273
SOL/USDT,2025-12-15 14:20:00+00:00,2025-12-15 14:35:00+00:00,prob_floor,-0.3616197018803735,15.0,134.48,132.89,0.0,-0.049449732302201066,-0.01182331945270676,0.006998269245240385,-0.04545112499059367
SOL/USDT,2025-12-15 14:20:00+00:00,2025-12-15 14:36:00+00:00,prob_floor,-0.199207447661244,16.0,134.48,133.17,0.0,-0.049449732302201066,-0.009741225461035063,0.004880979199519464,-0.047458136216865565
SOL/USDT,2025-12-15 14:20:00+00:00,2025-12-15 14:37:00+00:00,prob_floor,-0.3645199216424438,17.0,134.48,133.73,0.0,-0.049449732302201066,-0.005577037477691893,0.0006729978314514717,-0.05144694533762051
SOL/USDT,2025-12-15 14:20:00+00:00,2025-12-15 14:38:00+00:00,prob_floor,-0.4370254264421925,18.0,134.48,133.15,0.0,-0.049449732302201066,-0.009889946460440058,0.0043559894855425,-0.04731505820503201
SOL/USDT,2025-12-15 14:20:00+00:00,2025-12-15 14:39:00+00:00,prob_floor,-0.3645199216424438,19.0,134.48,132.91,0.0,-0.049449732302201066,-0.011674598453301543,0.002257166503649266,-0.0455947633737116
SOL/USDT,2025-12-15 14:20:00+00:00,2025-12-15 14:40:00+00:00,gate_close,-0.428324764773006,20.0,134.48,133.15,0.0,-0.049449732302201066,-0.009889946460440058,0.00045061960195269535,-0.047615471273000365
SOL/USDT,2025-12-15 14:20:00+00:00,2025-12-15 14:41:00+00:00,gate_close,-0.4022227815560941,21.0,134.48,132.93,0.0,-0.049449732302201066,-0.011525877453896327,0.0017302339577220938,-0.046039268788083954
SOL/USDT,2025-12-15 14:20:00+00:00,2025-12-15 14:42:00+00:00,gate_close,-0.4225243238261168,22.0,134.48,133.02,0.0,-0.049449732302201066,-0.010856632956573353,0.0,-0.04668470906630584
SOL/USDT,2025-12-15 14:20:00+00:00,2025-12-15 14:43:00+00:00,prob_floor,-0.4805287392738489,23.0,134.48,132.9,0.0,-0.049449732302201066,-0.011748958953004096,0.0009029345372459918,-0.04582392776523703
SOL/USDT,2025-12-15 14:20:00+00:00,2025-12-15 14:44:00+00:00,prob_floor,-0.576236053921098,24.0,134.48,132.75,0.0,-0.049449732302201066,-0.012864366448542497,0.00037664783427504567,-0.04474576271186437
SOL/USDT,2025-12-15 14:20:00+00:00,2025-12-15 14:45:00+00:00,prob_floor,-0.6458413966039986,25.0,134.48,132.42,0.0,-0.049449732302201066,-0.015318262938726956,0.0028696571514879032,-0.04236520163117341
SOL/USDT,2025-12-15 14:20:00+00:00,2025-12-15 14:46:00+00:00,prob_floor,-0.6690431818122035,26.0,134.48,132.18,0.0,-0.049449732302201066,-0.01710291493158822,0.0018157058556511618,-0.04062641852019977
SOL/USDT,2025-12-15 14:20:00+00:00,2025-12-15 14:47:00+00:00,prob_floor,-0.6545420658037879,27.0,134.48,132.02,0.0,-0.049449732302201066,-0.018292682926829062,0.0013634297833660103,-0.039463717618542726
SOL/USDT,2025-12-15 14:20:00+00:00,2025-12-15 14:48:00+00:00,prob_floor,-0.8227550636481185,28.0,134.48,132.15,0.0,-0.049449732302201066,-0.017325996430695878,0.00037835792659834944,-0.040408626560726524
SOL/USDT,2025-12-15 14:20:00+00:00,2025-12-15 14:49:00+00:00,prob_floor,-0.808253938632476,29.0,134.48,131.58,0.0,-0.049449732302201066,-0.0215645449137416,0.0043319653442772665,-0.03625170998632021
SOL/USDT,2025-12-15 14:20:00+00:00,2025-12-15 14:50:00+00:00,prob_floor,-0.7995532640332657,30.0,134.48,131.63,0.0,-0.049449732302201066,-0.02119274241522895,0.0009876168046798472,-0.0366177922965889
SOL/USDT,2025-12-15 14:20:00+00:00,2025-12-15 14:51:00+00:00,prob_floor,-0.8952607015762511,31.0,134.48,131.68,0.0,-0.049449732302201066,-0.020820939916716075,0.0,-0.03698359659781292
SOL/USDT,2025-12-15 14:20:00+00:00,2025-12-15 14:52:00+00:00,prob_floor,-0.9039613795704424,32.0,134.48,131.33,0.0,-0.049449732302201066,-0.02342355740630564,0.00251275413081542,-0.034417117185715496
SOL/USDT,2025-12-15 14:20:00+00:00,2025-12-15 14:53:00+00:00,prob_floor,-0.9358638682021538,33.0,134.48,131.3,0.0,-0.049449732302201066,-0.023646638905413297,0.002361005331302346,-0.03587204874333594
SOL/USDT,2025-12-15 14:20:00+00:00,2025-12-15 14:54:00+00:00,prob_floor,-0.9909681765922322,34.0,134.48,131.19,0.0,-0.049449732302201066,-0.024464604402141488,0.0014482811189877598,-0.03552100007622527
SOL/USDT,2025-12-15 14:20:00+00:00,2025-12-15 14:55:00+00:00,prob_floor,-1.182383240181834,35.0,134.48,131.0,0.0,-0.049449732302201066,-0.0258774538964901,0.0014503816793893787,-0.034122137404580144
SOL/USDT,2025-12-15 14:20:00+00:00,2025-12-15 14:56:00+00:00,prob_floor,-1.2171859954221826,36.0,134.48,130.34,0.0,-0.049449732302201066,-0.030785246876858907,0.004986957188890528,-0.02923124136872801
SOL/USDT,2025-12-15 14:20:00+00:00,2025-12-15 14:57:00+00:00,prob_floor,-1.0982766025837292,37.0,134.48,130.21,0.0,-0.049449732302201066,-0.03175193337299209,0.00445434298440972,-0.028262038245910448
SOL/USDT,2025-12-15 14:20:00+00:00,2025-12-15 14:58:00+00:00,prob_floor,-1.1417800321402556,38.0,134.48,130.63,0.0,-0.049449732302201066,-0.02862879238548477,0.0012248334991962206,-0.03138635841690263
SOL/USDT,2025-12-15 14:20:00+00:00,2025-12-15 14:59:00+00:00,prob_floor,-1.2664899073836071,39.0,134.48,130.48,0.0,-0.049449732302201066,-0.02974419988102317,0.002375843041079184,-0.030272838749233477
SOL/USDT,2025-12-15 14:20:00+00:00,2025-12-15 15:00:00+00:00,prob_floor,-1.2142857656248789,40.0,134.48,130.14,0.0,-0.049449732302201066,-0.03227245687091018,0.0026894114031044136,-0.027739357614876226
SOL/USDT,2025-12-15 14:20:00+00:00,2025-12-15 15:01:00+00:00,prob_floor,-1.344796141564241,41.0,134.48,130.2,0.0,-0.049449732302201066,-0.031826293872694866,0.0022273425499232946,-0.029569892473118253
SOL/USDT,2025-12-15 14:20:00+00:00,2025-12-15 15:02:00+00:00,prob_floor,-1.5246105557376763,42.0,134.48,129.77,0.0,-0.049449732302201066,-0.03502379535990463,0.005548277722123851,-0.026354319180088015
SOL/USDT,2025-12-15 14:20:00+00:00,2025-12-15 15:03:00+00:00,prob_floor,-1.4086012404793282,43.0,134.48,129.16,0.0,-0.049449732302201066,-0.039559785841760786,0.0102973056673894,-0.02175596159801796
SOL/USDT,2025-12-15 14:20:00+00:00,2025-12-15 15:04:00+00:00,prob_floor,-1.2171859954221826,44.0,134.48,129.55,0.0,-0.049449732302201066,-0.0366597263533609,0.00725588575839442,-0.024700887688151374
SOL/USDT,2025-12-15 14:20:00+00:00,2025-12-15 15:05:00+00:00,prob_floor,-1.231687144938347,45.0,134.48,130.38,0.0,-0.049449732302201066,-0.030487804878048697,0.0008436876821600325,-0.030909648719128713
SOL/USDT,2025-12-15 14:20:00+00:00,2025-12-15 15:06:00+00:00,prob_floor,-1.1678820936618473,46.0,134.48,130.16,0.0,-0.049449732302201066,-0.032123735871504966,0.002535341118623302,-0.02927166564228645
SOL/USDT,2025-12-15 14:20:00+00:00,2025-12-15 15:07:00+00:00,prob_floor,-1.3449994227903432,47.0,134.48,130.38,0.0,-0.049449732302201066,-0.030487804878048697,0.0008436876821600325,-0.030909648719128713
SOL/USDT,2025-12-15 14:20:00+00:00,2025-12-15 15:08:00+00:00,prob_floor,-1.3041929057914787,48.0,134.48,129.82,0.0,-0.049449732302201066,-0.03465199286139198,0.005160992142967391,-0.02672931751656138
SOL/USDT,2025-12-15 14:20:00+00:00,2025-12-15 15:09:00+00:00,prob_floor,-1.3737984571081656,49.0,134.48,129.91,0.0,-0.049449732302201066,-0.033982748364069004,0.0,-0.027403587098760673
SOL/USDT,2025-12-15 14:20:00+00:00,2025-12-15 15:10:00+00:00,prob_floor,-1.3650977620700924,50.0,134.48,129.67,0.0,-0.049449732302201066,-0.03576740035693038,0.0016966144829182461,-0.025603454924037927
SOL/USDT,2025-12-15 14:20:00+00:00,2025-12-15 15:11:00+00:00,prob_floor,-1.3999005441532533,51.0,134.48,129.8,0.0,-0.049449732302201066,-0.03480071386079697,0.0,-0.026579352850539473
SOL/USDT,2025-12-15 14:20:00+00:00,2025-12-15 15:12:00+00:00,prob_floor,-1.3999005441532533,52.0,134.48,129.59,0.0,-0.049449732302201066,-0.0363622843545508,0.0009259973763406926,-0.02608225943359832
SOL/USDT,2025-12-15 14:20:00+00:00,2025-12-15 15:13:00+00:00,prob_floor,-1.4318030989264323,53.0,134.48,129.58,0.0,-0.049449732302201066,-0.03643664485425324,0.0003086896125945593,-0.02701034110202205
SOL/USDT,2025-12-15 14:20:00+00:00,2025-12-15 15:14:00+00:00,prob_floor,-1.5478124257176151,54.0,134.48,129.47,0.0,-0.049449732302201066,-0.03725461035098154,0.0011585695527922546,-0.026183671893102667
SOL/USDT,2025-12-15 14:20:00+00:00,2025-12-15 15:15:00+00:00,prob_floor,-1.663821810495445,55.0,134.48,129.14,0.0,-0.049449732302201066,-0.039708506841166,0.0025553662691653045,-0.023695214495895844
SOL/USDT,2025-12-15 14:20:00+00:00,2025-12-15 15:16:00+00:00,prob_floor,-1.62031828437416,56.0,134.48,128.68,0.0,-0.049449732302201066,-0.043129089827483535,0.003263910475598264,-0.020205160087037655
SOL/USDT,2025-12-15 14:20:00+00:00,2025-12-15 15:17:00+00:00,prob_floor,-1.79143220137327,57.0,134.48,128.84,0.0,-0.049449732302201066,-0.04193932183224258,0.0,-0.02142191865880161
SOL/USDT,2025-12-15 14:20:00+00:00,2025-12-15 15:18:00+00:00,prob_floor,-1.774030780238522,58.0,134.48,128.24,0.0,-0.049449732302201066,-0.046400951814396074,0.00452276980661237,-0.0168434185901436
SOL/USDT,2025-12-15 14:20:00+00:00,2025-12-15 15:19:00+00:00,prob_floor,-1.907441709696878,59.0,134.48,128.3,0.0,-0.049449732302201066,-0.04595478881618065,0.0024162120031177015,-0.017303195635230084
SOL/USDT,2025-12-15 14:20:00+00:00,2025-12-15 15:20:00+00:00,time_limit,-1.85832472,60.0,134.48,127.84,0.0,-0.049449732302201066,-0.0493753718024984,0.006023153942428028,-0.013767209011264159
SOL/USDT,,2025-12-15 16:27:00+00:00,dry_run,0.0,,,126.77,,,,0.0007099471483789088,-0.008913780862980114
SOL/USDT,2025-12-15 16:27:00+00:00,2025-12-15 16:29:00+00:00,trailing_prob_drop,-0.0667646449808496,2.0,126.77,126.64,0.0007099471483789088,-0.008913780862980114,-0.0010254792143251645,0.001026531901452854,-0.007896399241945629
SOL/USDT,2025-12-15 16:27:00+00:00,2025-12-15 16:30:00+00:00,trailing_prob_drop,-0.1783734971539502,3.0,126.77,126.64,0.0007099471483789088,-0.008913780862980114,-0.0010254792143251645,0.00047378395451680433,-0.007896399241945629
SOL/USDT,2025-12-15 16:27:00+00:00,2025-12-15 16:31:00+00:00,prob_floor,-0.116368573057063,4.0,126.77,126.25,0.0007099471483789088,-0.008913780862980114,-0.004101916857300547,0.0035643564356435675,-0.004831683168316836
SOL/USDT,2025-12-15 16:27:00+00:00,2025-12-15 16:32:00+00:00,prob_floor,-0.1442707869716312,5.0,126.77,126.44,0.0007099471483789088,-0.008913780862980114,-0.00260313954405611,0.002056311293894275,-0.006327111673521069
SOL/USDT,2025-12-15 16:27:00+00:00,2025-12-15 16:33:00+00:00,prob_floor,-0.1566717719463214,6.0,126.77,126.36,0.0007099471483789088,-0.008913780862980114,-0.0032342036759485104,0.0026907249129470845,-0.007834757834757844
SOL/USDT,2025-12-15 16:27:00+00:00,2025-12-15 16:34:00+00:00,prob_floor,-0.1070678357857306,7.0,126.77,126.31,0.0007099471483789088,-0.008913780862980114,-0.0036286187583812746,0.0030876415169027727,-0.007442007758688973
SOL/USDT,2025-12-15 16:27:00+00:00,2025-12-15 16:35:00+00:00,prob_floor,-0.2434786842750045,8.0,126.77,126.27,0.0007099471483789088,-0.008913780862980114,-0.00394415082432753,0.0034054011245743254,-0.0071275837491089344
SOL/USDT,2025-12-15 16:27:00+00:00,2025-12-15 16:36:00+00:00,prob_floor,-0.2496791791881878,9.0,126.77,126.04,0.0007099471483789088,-0.008913780862980114,-0.005758460203518112,0.005236432878451325,-0.005315772770549065
SOL/USDT,2025-12-15 16:27:00+00:00,2025-12-15 16:37:00+00:00,prob_floor,-0.2496791791881878,10.0,126.77,126.0,0.0007099471483789088,-0.008913780862980114,-0.006073992269464368,0.005555555555555536,-0.005317460317460276
SOL/USDT,2025-12-15 16:27:00+00:00,2025-12-15 16:38:00+00:00,prob_floor,-0.2651804171587384,11.0,126.77,126.01,0.0007099471483789088,-0.008913780862980114,-0.005995109252977748,0.005475755892389467,-0.005396397111340434
SOL/USDT,2025-12-15 16:27:00+00:00,2025-12-15 16:39:00+00:00,prob_floor,-0.1876742371144514,12.0,126.77,125.94,0.0007099471483789088,-0.008913780862980114,-0.00654729036838364,0.006034619660155727,-0.004843576306177488
SOL/USDT,2025-12-15 16:27:00+00:00,2025-12-15 16:40:00+00:00,prob_floor,-0.271380912622179,13.0,126.77,126.2,0.0007099471483789088,-0.008913780862980114,-0.004496331939733311,0.003961965134706924,-0.006893819334389928
SOL/USDT,2025-12-15 16:27:00+00:00,2025-12-15 16:41:00+00:00,prob_floor,-0.3457868704808844,14.0,126.77,125.95,0.0007099471483789088,-0.008913780862980114,-0.006468407351897132,0.005954743946010366,-0.004922588328701849
SOL/USDT,2025-12-15 16:27:00+00:00,2025-12-15 16:42:00+00:00,prob_floor,-0.2682806648707838,15.0,126.77,125.73,0.0007099471483789088,-0.008913780862980114,-0.008203833714601205,0.00771494472281864,-0.0031814205042551835
SOL/USDT,2025-12-15 16:27:00+00:00,2025-12-15 16:43:00+00:00,prob_floor,-0.2651804171587384,16.0,126.77,125.95,0.0007099471483789088,-0.008913780862980114,-0.006468407351897132,0.005954743946010366,-0.004922588328701849
SOL/USDT,2025-12-15 16:27:00+00:00,2025-12-15 16:44:00+00:00,prob_floor,-0.2310776949196947,17.0,126.77,125.96,0.0007099471483789088,-0.008913780862980114,-0.0063895243354106235,0.005874880914576108,-0.005001587805652519
SOL/USDT,2025-12-15 16:27:00+00:00,2025-12-15 16:45:00+00:00,prob_floor,-0.3240851304233783,18.0,126.77,126.04,0.0007099471483789088,-0.008913780862980114,-0.005758460203518112,0.005236432878451325,-0.005633132338940028
SOL/USDT,2025-12-15 16:27:00+00:00,2025-12-15 16:46:00+00:00,prob_floor,-0.3240851304233783,19.0,126.77,125.78,0.0007099471483789088,-0.008913780862980114,-0.007809418632168441,0.00731435840356176,-0.003577675306089989
SOL/USDT,2025-12-15 16:27:00+00:00,2025-12-15 16:47:00+00:00,prob_floor,-0.3364861245047085,20.0,126.77,125.78,0.0007099471483789088,-0.008913780862980114,-0.007809418632168441,0.00731435840356176,-0.003975194784544445
SOL/USDT,2025-12-15 16:27:00+00:00,2025-12-15 16:48:00+00:00,prob_floor,-0.2744811604129068,21.0,126.77,125.73,0.0007099471483789088,-0.008913780862980114,-0.008203833714601205,0.00771494472281864,-0.0035790980672870676
SOL/USDT,2025-12-15 16:27:00+00:00,2025-12-15 16:49:00+00:00,prob_floor,-0.2372781895188636,22.0,126.77,125.94,0.0007099471483789088,-0.008913780862980114,-0.00654729036838364,0.006034619660155727,-0.005240590757503494
SOL/USDT,2025-12-15 16:27:00+00:00,2025-12-15 16:50:00+00:00,prob_floor,-0.2217769533150982,23.0,126.77,126.07,0.0007099471483789088,-0.008913780862980114,-0.005521811154058587,0.0049972237645752315,-0.0069009280558419706
SOL/USDT,2025-12-15 16:27:00+00:00,2025-12-15 16:51:00+00:00,gate_close,-0.1845990317357751,24.0,126.77,126.14,0.0007099471483789088,-0.008913780862980114,-0.004969630038652695,0.004439511653718142,-0.011970826066275642
SOL/USDT,2025-12-15 16:27:00+00:00,2025-12-15 16:52:00+00:00,gate_close,-0.1194688188919161,25.0,126.77,126.26,0.0007099471483789088,-0.008913780862980114,-0.004023033840814039,0.0034848724853475677,-0.012909868525265433
SOL/USDT,2025-12-15 16:27:00+00:00,2025-12-15 16:53:00+00:00,gate_close,-0.134970048649764,26.0,126.77,126.45,0.0007099471483789088,-0.008913780862980114,-0.0025242565275696016,0.0019770660340054924,-0.014393040727560313
SOL/USDT,2025-12-15 16:27:00+00:00,2025-12-15 16:55:00+00:00,gate_close,-0.2062757180912327,28.0,126.77,126.6,0.0007099471483789088,-0.008913780862980114,-0.0013410112802714202,0.0007898894154818592,-0.015560821484992049
SOL/USDT,2025-12-15 16:27:00+00:00,2025-12-15 16:56:00+00:00,gate_close,-0.2186767061919697,29.0,126.77,126.16,0.0007099471483789088,-0.008913780862980114,-0.004811864005679567,0.004280279010780097,-0.012127457197209868
SOL/USDT,2025-12-15 16:27:00+00:00,2025-12-15 16:58:00+00:00,gate_close,-0.1070678357857306,31.0,126.77,126.22,0.0007099471483789088,-0.008913780862980114,-0.004338565906760294,0.0038028838535890674,-0.01259705276501355
SOL/USDT,2025-12-15 16:27:00+00:00,2025-12-15 16:59:00+00:00,gate_close,-0.0636643998057123,32.0,126.77,126.43,0.0007099471483789088,-0.008913780862980114,-0.0026820225605426185,0.002135569089614764,-0.014237127264098759
SOL/USDT,2025-12-15 16:27:00+00:00,2025-12-15 17:02:00+00:00,gate_close,-0.0481631745107202,35.0,126.77,126.42,0.0007099471483789088,-0.008913780862980114,-0.002760905577029238,0.00221483942414169,-0.014159152032906186
SOL/USDT,2025-12-15 16:27:00+00:00,2025-12-15 17:03:00+00:00,gate_close,-0.1008673444657927,36.0,126.77,126.66,0.0007099471483789088,-0.008913780862980114,-0.0008677131813520367,0.000315806095057658,-0.016027159324174978
SOL/USDT,2025-12-15 16:27:00+00:00,2025-12-15 17:04:00+00:00,gate_close,-0.0884663622918576,37.0,126.77,126.61,0.0007099471483789088,-0.008913780862980114,-0.0012621282637848008,0.0007108443250929408,-0.015954505963194032
SOL/USDT,2025-12-15 16:27:00+00:00,2025-12-15 17:05:00+00:00,gate_close,-0.0729651354473303,38.0,126.77,126.54,0.0007099471483789088,-0.008913780862980114,-0.0018143093791905818,0.0007902639481587315,-0.015410146989094375
SOL/USDT,2025-12-15 16:27:00+00:00,2025-12-15 17:06:00+00:00,gate_close,-0.0543636645126157,39.0,126.77,126.58,0.0007099471483789088,-0.008913780862980114,-0.001498777313244437,0.0004740085321535137,-0.01572128298309361
SOL/USDT,2025-12-15 16:27:00+00:00,2025-12-15 17:08:00+00:00,gate_close,-0.1721730040422879,41.0,126.77,126.48,0.0007099471483789088,-0.008913780862980114,-0.0022876074781098543,0.0012650221378873727,-0.01494307400379502
SOL/USDT,2025-12-15 16:27:00+00:00,2025-12-15 17:09:00+00:00,trailing_prob_drop,-0.1597720182874815,42.0,126.77,126.27,0.0007099471483789088,-0.008913780862980114,-0.00394415082432753,0.0016631028747922105,-0.013304822998336796
SOL/USDT,2025-12-15 16:27:00+00:00,2025-12-15 17:10:00+00:00,prob_floor,-0.1876742371144514,43.0,126.77,126.31,0.0007099471483789088,-0.008913780862980114,-0.0036286187583812746,0.00023751088591561498,-0.01361729079249463
SOL/USDT,2025-12-15 16:27:00+00:00,2025-12-15 17:12:00+00:00,gate_close,-0.2372781895188636,45.0,126.77,126.14,0.0007099471483789088,-0.008913780862980114,-0.004969630038652695,0.001030600919613045,-0.01228793404154116
SOL/USDT,2025-12-15 16:27:00+00:00,2025-12-15 17:13:00+00:00,prob_floor,-0.2248772004774142,46.0,126.77,126.0,0.0007099471483789088,-0.008913780862980114,-0.006073992269464368,0.002142857142857002,-0.011190476190476195
SOL/USDT,2025-12-15 16:27:00+00:00,2025-12-15 17:14:00+00:00,prob_floor,-0.2589799218525977,47.0,126.77,126.0,0.0007099471483789088,-0.008913780862980114,-0.006073992269464368,0.002142857142857002,-0.011190476190476195
SOL/USDT,2025-12-15 16:27:00+00:00,2025-12-15 17:15:00+00:00,prob_floor,-0.2186767061919697,48.0,126.77,125.99,0.0007099471483789088,-0.008913780862980114,-0.006152875285950987,0.0022223986030638354,-0.011111993015318622
SOL/USDT,2025-12-15 16:27:00+00:00,2025-12-15 17:16:00+00:00,prob_floor,-0.2341779421996557,49.0,126.77,126.06,0.0007099471483789088,-0.008913780862980114,-0.005600694170544984,0.0016658733936221193,-0.011661113755354613
SOL/USDT,2025-12-15 16:27:00+00:00,2025-12-15 17:17:00+00:00,prob_floor,-0.2434786842750045,50.0,126.77,126.07,0.0007099471483789088,-0.008913780862980114,-0.005521811154058587,0.001586420242722264,-0.011739509796144909
SOL/USDT,2025-12-15 16:27:00+00:00,2025-12-15 17:18:00+00:00,prob_floor,-0.2620801694860114,51.0,126.77,126.02,0.0007099471483789088,-0.008913780862980114,-0.00591622623649124,0.0019838120933184378,-0.011347405173781855
SOL/USDT,2025-12-15 16:27:00+00:00,2025-12-15 17:20:00+00:00,prob_floor,-0.2465789317119651,53.0,126.77,126.0,0.0007099471483789088,-0.008913780862980114,-0.006073992269464368,0.002142857142857002,-0.011190476190476195
SOL/USDT,2025-12-15 16:27:00+00:00,2025-12-15 17:21:00+00:00,prob_floor,-0.1969749774267894,54.0,126.77,126.06,0.0007099471483789088,-0.008913780862980114,-0.005600694170544984,0.0016658733936221193,-0.013168332540060224
SOL/USDT,2025-12-15 16:27:00+00:00,2025-12-15 17:22:00+00:00,prob_floor,-0.184573990421868,55.0,126.77,126.18,0.0007099471483789088,-0.008913780862980114,-0.004654097972706439,0.0007132667617688604,-0.014186083372959346
SOL/USDT,2025-12-15 16:27:00+00:00,2025-12-15 17:23:00+00:00,prob_floor,-0.1876742371144514,56.0,126.77,126.27,0.0007099471483789088,-0.008913780862980114,-0.00394415082432753,0.0,-0.01488873049813888
SOL/USDT,2025-12-15 16:27:00+00:00,2025-12-15 17:24:00+00:00,trailing_prob_drop,-0.1876742371144514,57.0,126.77,126.21,0.0007099471483789088,-0.008913780862980114,-0.004417448923246803,0.00023769907297355175,-0.014420410427065988
SOL/USDT,2025-12-15 16:27:00+00:00,2025-12-15 17:25:00+00:00,trailing_prob_drop,-0.1876742371144514,58.0,126.77,126.21,0.0007099471483789088,-0.008913780862980114,-0.004417448923246803,7.923302432466528e-05,-0.014420410427065988
SOL/USDT,2025-12-15 16:27:00+00:00,2025-12-15 17:26:00+00:00,trailing_prob_drop,-0.2155764591080238,59.0,126.77,126.22,0.0007099471483789088,-0.008913780862980114,-0.004338565906760294,0.0,-0.014498494691807973
SOL/USDT,2025-12-15 16:27:00+00:00,2025-12-15 17:27:00+00:00,time_limit,-0.2031603599999986,60.0,126.77,126.13,0.0007099471483789088,-0.008913780862980114,-0.005048513055139203,0.0007135495124077629,-0.01466740664393873
SOL/USDT,,2025-12-15 17:28:00+00:00,dry_run,0.0,,,126.18,,,,7.925186241863891e-05,-0.015057853859565706
SOL/USDT,2025-12-15 17:28:00+00:00,2025-12-15 17:30:00+00:00,gate_close,-0.0729273385711475,2.0,126.18,126.05,7.925186241863891e-05,-0.015057853859565706,-0.0010302742114440822,0.0011106703689012232,-0.014042046806822639
SOL/USDT,2025-12-15 17:28:00+00:00,2025-12-15 17:32:00+00:00,prob_floor,-0.2620424458748477,4.0,126.18,125.67,7.925186241863891e-05,-0.015057853859565706,-0.004041844983357135,0.0020689106389750744,-0.011697302458820724
SOL/USDT,2025-12-15 17:28:00+00:00,2025-12-15 17:33:00+00:00,prob_floor,-0.2558419482226777,5.0,126.18,125.37,7.925186241863891e-05,-0.015057853859565706,-0.006419400855920077,0.0034298476509531106,-0.00933237616654703
SOL/USDT,2025-12-15 17:28:00+00:00,2025-12-15 17:34:00+00:00,prob_floor,-0.2372404562182658,6.0,126.18,125.39,7.925186241863891e-05,-0.015057853859565706,-0.006260897131082577,0.0032697982295237793,-0.009490389983252245
SOL/USDT,2025-12-15 17:28:00+00:00,2025-12-15 17:35:00+00:00,prob_floor,-0.2620424458748477,7.0,126.18,125.44,7.925186241863891e-05,-0.015057853859565706,-0.005864637818988827,0.002869897959183687,-0.013791454081632737
SOL/USDT,2025-12-15 17:28:00+00:00,2025-12-15 17:36:00+00:00,prob_floor,-0.2713431926508983,8.0,126.18,125.44,7.925186241863891e-05,-0.015057853859565706,-0.005864637818988827,0.002869897959183687,-0.013791454081632737
SOL/USDT,2025-12-15 17:28:00+00:00,2025-12-15 17:37:00+00:00,prob_floor,-0.2620424458748477,9.0,126.18,125.33,7.925186241863891e-05,-0.015057853859565706,-0.006736408305595298,0.003750099736695045,-0.012925875688183264
SOL/USDT,2025-12-15 17:28:00+00:00,2025-12-15 17:38:00+00:00,prob_floor,-0.2279397107511481,10.0,126.18,125.37,7.925186241863891e-05,-0.015057853859565706,-0.006419400855920077,0.0034298476509531106,-0.013240807210656569
SOL/USDT,2025-12-15 17:28:00+00:00,2025-12-15 17:40:00+00:00,prob_floor,-0.1907367324439633,12.0,126.18,125.6,7.925186241863891e-05,-0.015057853859565706,-0.004596608020288606,0.0015923566878981443,-0.015047770700636898
SOL/USDT,2025-12-15 17:28:00+00:00,2025-12-15 17:41:00+00:00,prob_floor,-0.1318320284127696,13.0,126.18,125.64,7.925186241863891e-05,-0.015057853859565706,-0.004279600570613495,0.0012734797835083356,-0.015361349888570519
SOL/USDT,2025-12-15 17:28:00+00:00,2025-12-15 17:42:00+00:00,prob_floor,-0.1659347500656471,14.0,126.18,125.78,7.925186241863891e-05,-0.015057853859565706,-0.0031700744967506633,0.00015900779138178223,-0.016457306408014016
SOL/USDT,2025-12-15 17:28:00+00:00,2025-12-15 17:43:00+00:00,prob_floor,-0.1907367324439633,15.0,126.18,125.67,7.925186241863891e-05,-0.015057853859565706,-0.004041844983357135,0.0010344553194874262,-0.015596403278427706
SOL/USDT,2025-12-15 17:28:00+00:00,2025-12-15 17:45:00+00:00,prob_floor,-0.1876364845085823,17.0,126.18,125.55,7.925186241863891e-05,-0.015057853859565706,-0.004992867332382356,0.0006371963361211375,-0.014655515730784607
SOL/USDT,2025-12-15 17:28:00+00:00,2025-12-15 17:46:00+00:00,prob_floor,-0.2589421970289095,18.0,126.18,125.63,7.925186241863891e-05,-0.015057853859565706,-0.004358852433032245,0.0,-0.015282973811987621
SOL/USDT,2025-12-15 17:28:00+00:00,2025-12-15 17:47:00+00:00,prob_floor,-0.2682429436858237,19.0,126.18,125.38,7.925186241863891e-05,-0.015057853859565706,-0.006340148993501438,0.0019939384271814298,-0.013319508693571569
SOL/USDT,2025-12-15 17:28:00+00:00,2025-12-15 17:49:00+00:00,trailing_prob_drop,-0.2899446872759961,21.0,126.18,125.31,7.925186241863891e-05,-0.015057853859565706,-0.006894912030432798,0.0010374271805921875,-0.012768334530364744
SOL/USDT,2025-12-15 17:28:00+00:00,2025-12-15 17:50:00+00:00,prob_floor,-0.4728594610410189,22.0,126.18,125.28,7.925186241863891e-05,-0.015057853859565706,-0.007132667617689048,0.00023946360153259683,-0.012531928480204346
SOL/USDT,2025-12-15 17:28:00+00:00,2025-12-15 17:51:00+00:00,prob_floor,-0.4077541865831318,23.0,126.18,124.69,7.925186241863891e-05,-0.015057853859565706,-0.011808527500396293,0.00473173470206123,-0.007859491539016772
SOL/USDT,2025-12-15 17:28:00+00:00,2025-12-15 17:52:00+00:00,prob_floor,-0.3798519315269796,24.0,126.18,124.89,7.925186241863891e-05,-0.015057853859565706,-0.010223490252020961,0.003122748018256072,-0.009448314516774858
SOL/USDT,2025-12-15 17:28:00+00:00,2025-12-15 17:53:00+00:00,prob_floor,-0.3457491797537838,25.0,126.18,124.89,7.925186241863891e-05,-0.015057853859565706,-0.010223490252020961,0.003122748018256072,-0.009448314516774858
SOL/USDT,2025-12-15 17:28:00+00:00,2025-12-15 17:54:00+00:00,prob_floor,-0.3643506801207679,26.0,126.18,125.11,7.925186241863891e-05,-0.015057853859565706,-0.00847994927880813,0.0013588042522580945,-0.011190152665654263
SOL/USDT,2025-12-15 17:28:00+00:00,2025-12-15 17:55:00+00:00,prob_floor,-0.4263556917603263,27.0,126.18,125.03,7.925186241863891e-05,-0.015057853859565706,-0.00911396417815824,0.0019995201151723485,-0.010557466208110156
SOL/USDT,2025-12-15 17:28:00+00:00,2025-12-15 17:56:00+00:00,prob_floor,-0.4170549389909124,28.0,126.18,124.82,7.925186241863891e-05,-0.015057853859565706,-0.010778253288952433,0.0036853068418523094,-0.008892805640121737
SOL/USDT,2025-12-15 17:28:00+00:00,2025-12-15 17:57:00+00:00,prob_floor,-0.4139546881481444,29.0,126.18,124.91,7.925186241863891e-05,-0.015057853859565706,-0.010064986527183462,0.002962132735569556,-0.009606916980225755
SOL/USDT,2025-12-15 17:28:00+00:00,2025-12-15 17:58:00+00:00,prob_floor,-0.392252933373087,30.0,126.18,124.89,7.925186241863891e-05,-0.015057853859565706,-0.010223490252020961,0.003122748018256072,-0.009448314516774858
SOL/USDT,2025-12-15 17:28:00+00:00,2025-12-15 17:59:00+00:00,prob_floor,-0.3953531839348417,31.0,126.18,124.94,7.925186241863891e-05,-0.015057853859565706,-0.009827230939927212,0.002721306226989073,-0.009844725468224791
SOL/USDT,2025-12-15 17:28:00+00:00,2025-12-15 18:00:00+00:00,prob_floor,-0.3891526828514233,32.0,126.18,124.79,7.925186241863891e-05,-0.015057853859565706,-0.011016008876208572,0.003926596682426453,-0.0086545396265727
SOL/USDT,2025-12-15 17:28:00+00:00,2025-12-15 18:01:00+00:00,prob_floor,-0.4325561938076322,33.0,126.18,124.95,7.925186241863891e-05,-0.015057853859565706,-0.00974797907750835,0.0027210884353741083,-0.009923969587835257
SOL/USDT,2025-12-15 17:28:00+00:00,2025-12-15 18:02:00+00:00,prob_floor,-0.4015536851787247,34.0,126.18,124.82,7.925186241863891e-05,-0.015057853859565706,-0.010778253288952433,0.0052876141643967145,-0.008892805640121737
SOL/USDT,2025-12-15 17:28:00+00:00,2025-12-15 18:03:00+00:00,prob_floor,-0.5038619789372744,35.0,126.18,124.91,7.925186241863891e-05,-0.015057853859565706,-0.010064986527183462,0.006484668961652451,-0.009606916980225755
SOL/USDT,2025-12-15 17:28:00+00:00,2025-12-15 18:04:00+00:00,prob_floor,-0.3767516811656503,36.0,126.18,124.59,7.925186241863891e-05,-0.015057853859565706,-0.012601046124583903,0.009230275302993807,-0.007063167188377961
SOL/USDT,2025-12-15 17:28:00+00:00,2025-12-15 18:05:00+00:00,prob_floor,-0.3798519315269796,37.0,126.18,124.98,7.925186241863891e-05,-0.015057853859565706,-0.00951022349025199,0.006080972955672781,-0.01016162586013769
SOL/USDT,2025-12-15 17:28:00+00:00,2025-12-15 18:06:00+00:00,gate_close,-0.3519496797161745,38.0,126.18,124.98,7.925186241863891e-05,-0.015057853859565706,-0.00951022349025199,0.006080972955672781,-0.01016162586013769
SOL/USDT,2025-12-15 17:28:00+00:00,2025-12-15 18:07:00+00:00,gate_close,-0.2961670837854212,39.0,126.18,125.08,7.925186241863891e-05,-0.015057853859565706,-0.00871770486606438,0.005276622961304822,-0.01095299008634476
SOL/USDT,2025-12-15 17:28:00+00:00,2025-12-15 18:08:00+00:00,gate_close,-0.3829521819283881,40.0,126.18,125.28,7.925186241863891e-05,-0.015057853859565706,-0.007132667617689048,0.003671775223499374,-0.012531928480204346
SOL/USDT,2025-12-15 17:28:00+00:00,2025-12-15 18:09:00+00:00,prob_floor,-0.3085461833334705,41.0,126.18,124.97,7.925186241863891e-05,-0.015057853859565706,-0.009589475352670851,0.00616147875490114,-0.01008241978074742
SOL/USDT,2025-12-15 17:28:00+00:00,2025-12-15 18:10:00+00:00,gate_close,-0.3054459338909986,42.0,126.18,125.22,7.925186241863891e-05,-0.015057853859565706,-0.007608178792201659,0.004152691263376473,-0.01205877655326626
SOL/USDT,2025-12-15 17:28:00+00:00,2025-12-15 18:13:00+00:00,gate_close,-0.3085461833334705,45.0,126.18,125.01,7.925186241863891e-05,-0.015057853859565706,-0.00927246790299574,0.005839532837372818,-0.01039916806655472
SOL/USDT,2025-12-15 17:28:00+00:00,2025-12-15 18:14:00+00:00,gate_close,-0.3364484301098864,46.0,126.18,125.22,7.925186241863891e-05,-0.015057853859565706,-0.007608178792201659,0.004152691263376473,-0.01205877655326626
SOL/USDT,2025-12-15 17:28:00+00:00,2025-12-15 18:15:00+00:00,gate_close,-0.3209471815018989,47.0,126.18,125.13,7.925186241863891e-05,-0.015057853859565706,-0.00832144555397063,0.004874930072724437,-0.01134819787421082
SOL/USDT,2025-12-15 17:28:00+00:00,2025-12-15 18:17:00+00:00,gate_close,-0.4325561938076322,49.0,126.18,124.88,7.925186241863891e-05,-0.015057853859565706,-0.010302742114439822,0.00688661114670075,-0.009368994234465133
SOL/USDT,2025-12-15 17:28:00+00:00,2025-12-15 18:18:00+00:00,trailing_prob_drop,-0.4232554407969848,50.0,126.18,124.82,7.925186241863891e-05,-0.015057853859565706,-0.010778253288952433,0.007370613683704619,-0.008892805640121737
SOL/USDT,2025-12-15 17:28:00+00:00,2025-12-15 18:19:00+00:00,gate_close,-0.457358203606843,51.0,126.18,124.85,7.925186241863891e-05,-0.015057853859565706,-0.010540497701696072,0.007128554265118048,-0.009130957148578256
SOL/USDT,2025-12-15 17:28:00+00:00,2025-12-15 18:20:00+00:00,prob_floor,-0.5658670268754307,52.0,126.18,124.73,7.925186241863891e-05,-0.015057853859565706,-0.011491520050721182,0.008097490579652034,-0.008177663753708098
SOL/USDT,2025-12-15 17:28:00+00:00,2025-12-15 18:21:00+00:00,prob_floor,-0.5535087341497883,53.0,126.18,124.4,7.925186241863891e-05,-0.015057853859565706,-0.014106831510540485,0.010771704180064123,-0.005546623794212335
SOL/USDT,2025-12-15 17:28:00+00:00,2025-12-15 18:22:00+00:00,prob_floor,-0.5131627350945396,54.0,126.18,124.44,7.925186241863891e-05,-0.015057853859565706,-0.013789824060865485,0.01044680167148826,-0.005866280938604973
SOL/USDT,2025-12-15 17:28:00+00:00,2025-12-15 18:23:00+00:00,prob_floor,-0.5224634916161447,55.0,126.18,124.54,7.925186241863891e-05,-0.015057853859565706,-0.012997305436677764,0.009796049462020173,-0.006664525453669579
SOL/USDT,2025-12-15 17:28:00+00:00,2025-12-15 18:24:00+00:00,prob_floor,-0.5348645008788171,56.0,126.18,124.52,7.925186241863891e-05,-0.015057853859565706,-0.013155809161515375,0.01003854802441384,-0.006504979119820176
SOL/USDT,2025-12-15 17:28:00+00:00,2025-12-15 18:25:00+00:00,prob_floor,-0.5565662686500855,57.0,126.18,124.49,7.925186241863891e-05,-0.015057853859565706,-0.013393564748771736,0.010281950357458491,-0.006265563499076254
SOL/USDT,2025-12-15 17:28:00+00:00,2025-12-15 18:26:00+00:00,prob_floor,-0.5596665213512277,58.0,126.18,124.41,7.925186241863891e-05,-0.015057853859565706,-0.014027579648121846,0.010931597138493787,-0.005626557350695283
SOL/USDT,2025-12-15 17:28:00+00:00,2025-12-15 18:27:00+00:00,prob_floor,-0.4852604677147117,59.0,126.18,124.4,7.925186241863891e-05,-0.015057853859565706,-0.014106831510540485,0.011012861736334312,-0.005546623794212335
SOL/USDT,2025-12-15 17:28:00+00:00,2025-12-15 18:28:00+00:00,time_limit,-0.5410225399999997,60.0,126.18,124.64,7.925186241863891e-05,-0.015057853859565706,-0.012204786812490154,0.009066110397946137,-0.007461489088575135
SOL/USDT,,2025-12-15 18:45:00+00:00,dry_run,0.0,,,124.43,,,,0.011010206541830714,-0.0006429317688660952
SOL/USDT,2025-12-15 18:45:00+00:00,2025-12-15 18:46:00+00:00,gate_close,-0.0151866267989249,1.0,124.43,124.53,0.011010206541830714,-0.0006429317688660952,0.0008036647110825079,0.010198345780133344,-0.0012045290291496924
SOL/USDT,2025-12-15 18:45:00+00:00,2025-12-15 18:48:00+00:00,gate_close,-0.0151866267989249,3.0,124.43,124.55,0.011010206541830714,-0.0006429317688660952,0.0009643976532989207,0.010036130068245663,-0.0013649136892813774
SOL/USDT,2025-12-15 18:45:00+00:00,2025-12-15 18:53:00+00:00,take_profit,0.0056140800000003,8.0,124.43,124.46,0.011010206541830714,-0.0006429317688660952,0.00024109941332461915,0.01076651132894102,-0.0004017354973485654
SOL/USDT,,2025-12-15 18:55:00+00:00,dry_run,0.0,,,124.57,,,,0.009873966444569282,-8.027614995576027e-05
SOL/USDT,2025-12-15 18:55:00+00:00,2025-12-15 18:56:00+00:00,gate_close,-0.0175901445383586,1.0,124.57,124.84,0.009873966444569282,-8.027614995576027e-05,0.0021674560488080807,0.007689842999038632,-0.0017622556872797235
SOL/USDT,2025-12-15 18:55:00+00:00,2025-12-15 18:57:00+00:00,gate_close,-0.0015888631030998,2.0,124.57,124.83,0.009873966444569282,-8.027614995576027e-05,0.0020871798988519874,0.007770567972442466,-0.0009613073780341264
SOL/USDT,2025-12-15 18:55:00+00:00,2025-12-15 18:58:00+00:00,take_profit,0.0048102399999974,3.0,124.57,124.82,0.009873966444569282,-8.027614995576027e-05,0.002006903748896116,0.007851305880467896,-0.0008812690273994894
SOL/USDT,,2025-12-15 18:59:00+00:00,dry_run,0.0,,,124.91,,,,0.007125130093667442,-0.0016011528300376998
SOL/USDT,2025-12-15 18:59:00+00:00,2025-12-15 19:00:00+00:00,take_profit,0.1648327379427679,1.0,124.91,124.71,0.007125130093667442,-0.0016011528300376998,-0.0016011528300376998,0.008740277443669342,-0.0004811161895597049
SOL/USDT,2025-12-15 18:59:00+00:00,2025-12-15 19:01:00+00:00,take_profit,0.2544398432052321,2.0,124.91,125.26,0.007125130093667442,-0.0016011528300376998,0.002802017452565808,0.0043110330512532435,-0.006466549576880087
SOL/USDT,2025-12-15 18:59:00+00:00,2025-12-15 19:02:00+00:00,take_profit,0.3152185600000016,3.0,124.91,125.48,0.007125130093667442,-0.0016011528300376998,0.004563285565607256,0.0025502072043352975,-0.008208479438954419
SOL/USDT,,2025-12-15 19:04:00+00:00,dry_run,0.0,,,125.68,,,,0.0009548058561426043,-0.009786760025461527
SOL/USDT,2025-12-15 19:04:00+00:00,2025-12-15 19:05:00+00:00,gate_close,-0.0604767773996775,1.0,125.68,125.37,0.0009548058561426043,-0.009786760025461527,-0.0024665817950350055,0.0034298476509531106,-0.00733827869506265
SOL/USDT,2025-12-15 19:04:00+00:00,2025-12-15 19:06:00+00:00,take_profit,0.0263301477724166,2.0,125.68,125.22,0.0009548058561426043,-0.009786760025461527,-0.0036600891152133164,0.004631847947612178,-0.006149177447692056
SOL/USDT,2025-12-15 19:04:00+00:00,2025-12-15 19:07:00+00:00,gate_close,-0.0790782653965051,3.0,125.68,125.5,0.0009548058561426043,-0.009786760025461527,-0.0014322087842139064,0.0023904382470119057,-0.00836653386454178
SOL/USDT,2025-12-15 19:04:00+00:00,2025-12-15 19:08:00+00:00,gate_close,-0.1100807485642356,4.0,125.68,125.16,0.0009548058561426043,-0.009786760025461527,-0.0041374920432846185,0.005113454777884385,-0.005672738894215379
SOL/USDT,2025-12-15 19:04:00+00:00,2025-12-15 19:09:00+00:00,gate_close,-0.1720857268327307,5.0,125.68,125.04,0.0009548058561426043,-0.009786760025461527,-0.005092297899427112,0.00607805502239267,-0.004718490083173377
SOL/USDT,2025-12-15 19:04:00+00:00,2025-12-15 19:10:00+00:00,gate_close,-0.2092887214566855,6.0,125.68,124.92,0.0009548058561426043,-0.009786760025461527,-0.006047103755569716,0.0070445084854307005,-0.004803073967339144
SOL/USDT,2025-12-15 19:04:00+00:00,2025-12-15 19:11:00+00:00,trailing_prob_drop,-0.2061884716846412,7.0,125.68,124.75,0.0009548058561426043,-0.009786760025461527,-0.007399745385105128,0.0084168336673347,-0.0034468937875752337
SOL/USDT,2025-12-15 19:04:00+00:00,2025-12-15 19:12:00+00:00,prob_floor,-0.2030882219526301,8.0,125.68,124.75,0.0009548058561426043,-0.009786760025461527,-0.007399745385105128,0.0084168336673347,-0.003847695390781558
SOL/USDT,2025-12-15 19:04:00+00:00,2025-12-15 19:13:00+00:00,trailing_prob_drop,-0.1565844807709827,9.0,125.68,124.79,0.0009548058561426043,-0.009786760025461527,-0.007081476766390815,0.008093597243368889,-0.005208750701177989
SOL/USDT,2025-12-15 19:04:00+00:00,2025-12-15 19:14:00+00:00,trailing_prob_drop,-0.1689854775405469,10.0,125.68,124.9,0.0009548058561426043,-0.009786760025461527,-0.006206238064926817,0.007205764611689203,-0.006084867894315504
SOL/USDT,2025-12-15 19:04:00+00:00,2025-12-15 19:15:00+00:00,trailing_prob_drop,-0.1348827379595952,11.0,125.68,124.87,0.0009548058561426043,-0.009786760025461527,-0.006444939528962412,0.0074477456554815635,-0.005846079923120029
SOL/USDT,2025-12-15 19:04:00+00:00,2025-12-15 19:16:00+00:00,prob_floor,-0.1627849790759542,12.0,125.68,124.97,0.0009548058561426043,-0.009786760025461527,-0.00564926798217702,0.006641593982555705,-0.006641593982555816
SOL/USDT,2025-12-15 19:04:00+00:00,2025-12-15 19:17:00+00:00,prob_floor,-0.1100807485642356,13.0,125.68,124.89,0.0009548058561426043,-0.009786760025461527,-0.006285805219605423,0.007286412042597501,-0.007046200656577795
SOL/USDT,2025-12-15 19:04:00+00:00,2025-12-15 19:18:00+00:00,take_profit,0.0077270599999991,14.0,125.68,125.05,0.0009548058561426043,-0.009786760025461527,-0.005012730744748617,0.005997600959616101,-0.008556577369052354
SOL/USDT,,2025-12-15 19:25:00+00:00,dry_run,0.0,,,125.55,,,,0.001991238550378416,-0.01298287534846676
SOL/USDT,2025-12-15 19:25:00+00:00,2025-12-15 19:26:00+00:00,gate_close,-0.0139848434518768,1.0,125.55,125.58,0.001991238550378416,-0.01298287534846676,0.0002389486260454543,0.00175187131708876,-0.013218665392578433
SOL/USDT,2025-12-15 19:25:00+00:00,2025-12-15 19:31:00+00:00,take_profit,0.0542152800000008,6.0,125.55,125.73,0.001991238550378416,-0.01298287534846676,0.0014336917562725038,0.0005567485882445045,-0.01439592778175458
SOL/USDT,,2025-12-15 19:33:00+00:00,dry_run,0.0,,,125.62,,,,0.0014328928514566464,-0.013532876930425153
SOL/USDT,2025-12-15 19:33:00+00:00,2025-12-15 19:34:00+00:00,gate_close,-0.0202002161796878,1.0,125.62,125.79,0.0014328928514566464,-0.013532876930425153,0.0013532876930424376,7.949757532377255e-05,-0.014866046585579218
SOL/USDT,2025-12-15 19:33:00+00:00,2025-12-15 19:37:00+00:00,trailing_prob_drop,-0.0760046599148007,4.0,125.62,125.64,0.0014328928514566464,-0.013532876930425153,0.00015921031682841758,0.0007163323782235498,-0.013689907672715718
SOL/USDT,2025-12-15 19:33:00+00:00,2025-12-15 19:38:00+00:00,trailing_prob_drop,-0.072904412706503,5.0,125.62,125.6,0.0014328928514566464,-0.013532876930425153,-0.00015921031682863962,0.0010350318471339381,-0.013375796178343946
SOL/USDT,2025-12-15 19:33:00+00:00,2025-12-15 19:39:00+00:00,trailing_prob_drop,-0.1256086206082773,6.0,125.62,125.61,0.0014328928514566464,-0.013532876930425153,-7.960515841431981e-05,0.00039805747949994696,-0.013454342807101338
SOL/USDT,2025-12-15 19:33:00+00:00,2025-12-15 19:40:00+00:00,trailing_prob_drop,-0.0977063914758035,7.0,125.62,125.44,0.0014328928514566464,-0.013532876930425153,-0.0014328928514568684,0.0005580357142858094,-0.01211734693877553
SOL/USDT,2025-12-15 19:33:00+00:00,2025-12-15 19:41:00+00:00,trailing_prob_drop,-0.1287088684871438,8.0,125.62,125.51,0.0014328928514566464,-0.013532876930425153,-0.0008756567425569628,0.0,-0.012668313281810284
SOL/USDT,2025-12-15 19:33:00+00:00,2025-12-15 19:42:00+00:00,prob_floor,-0.1318091164055354,9.0,125.62,125.43,0.0014328928514566464,-0.013532876930425153,-0.0015124980098709662,0.00039862871721285664,-0.012038587259826206
SOL/USDT,2025-12-15 19:33:00+00:00,2025-12-15 19:43:00+00:00,prob_floor,-0.1473103565907559,10.0,125.62,125.36,0.0014328928514566464,-0.013532876930425153,-0.002069734118770983,0.0005583918315252845,-0.01148691767708998
SOL/USDT,2025-12-15 19:33:00+00:00,2025-12-15 19:44:00+00:00,trailing_prob_drop,-0.2062150783303377,11.0,125.62,125.37,0.0014328928514566464,-0.013532876930425153,-0.001990128960356663,0.00015952779771866155,-0.011565765334609623
SOL/USDT,2025-12-15 19:33:00+00:00,2025-12-15 19:45:00+00:00,prob_floor,-0.2341173199504349,12.0,125.62,125.19,0.0014328928514566464,-0.013532876930425153,-0.0034230218118134204,0.0015975716910296978,-0.010144580238038103
SOL/USDT,2025-12-15 19:33:00+00:00,2025-12-15 19:46:00+00:00,prob_floor,-0.2713203137998666,13.0,125.62,125.09,0.0014328928514566464,-0.013532876930425153,-0.004219073395956063,0.0023982732432648035,-0.009353265648732956
SOL/USDT,2025-12-15 19:33:00+00:00,2025-12-15 19:47:00+00:00,prob_floor,-0.24651831726178,14.0,125.62,124.93,0.0014328928514566464,-0.013532876930425153,-0.005492755930584292,0.003682061954694671,-0.008084527335307845
SOL/USDT,2025-12-15 19:33:00+00:00,2025-12-15 19:48:00+00:00,prob_floor,-0.2248165723854063,15.0,125.62,125.04,0.0014328928514566464,-0.013532876930425153,-0.004617099188027329,0.002799104286628218,-0.00895713371721052
SOL/USDT,2025-12-15 19:33:00+00:00,2025-12-15 19:49:00+00:00,prob_floor,-0.227916821533914,16.0,125.62,125.11,0.0014328928514566464,-0.013532876930425153,-0.004059863079127535,0.0022380305331308747,-0.009511629765806107
SOL/USDT,2025-12-15 19:33:00+00:00,2025-12-15 19:50:00+00:00,prob_floor,-0.2682200640928196,17.0,125.62,125.11,0.0014328928514566464,-0.013532876930425153,-0.004059863079127535,0.0022380305331308747,-0.009511629765806107
SOL/USDT,2025-12-15 19:33:00+00:00,2025-12-15 19:51:00+00:00,prob_floor,-0.2403178185263618,18.0,125.62,124.96,0.0014328928514566464,-0.013532876930425153,-0.005253940455341555,0.0034411011523687307,-0.008322663252240625
SOL/USDT,2025-12-15 19:33:00+00:00,2025-12-15 19:52:00+00:00,prob_floor,-0.2310170707222463,19.0,125.62,125.07,0.0014328928514566464,-0.013532876930425153,-0.004378283712784703,0.0025585672023666906,-0.009194850883505135
SOL/USDT,2025-12-15 19:33:00+00:00,2025-12-15 19:53:00+00:00,prob_floor,-0.2124155761895195,20.0,125.62,125.27,0.0014328928514566464,-0.013532876930425153,-0.002786180544499306,0.0009579308693223876,-0.010776722279875472
SOL/USDT,2025-12-15 19:33:00+00:00,2025-12-15 19:54:00+00:00,prob_floor,-0.2124155761895195,21.0,125.62,125.16,0.0014328928514566464,-0.013532876930425153,-0.0036618372870562688,0.002476829658037749,-0.009907318632150774
SOL/USDT,2025-12-15 19:33:00+00:00,2025-12-15 19:55:00+00:00,prob_floor,-0.2186160742078576,22.0,125.62,125.16,0.0014328928514566464,-0.013532876930425153,-0.0036618372870562688,0.002796420581655523,-0.009907318632150774
SOL/USDT,2025-12-15 19:33:00+00:00,2025-12-15 19:56:00+00:00,prob_floor,-0.2341173199504349,23.0,125.62,125.13,0.0014328928514566464,-0.013532876930425153,-0.003900652762299117,0.0034364261168384758,-0.009669943259010605
SOL/USDT,2025-12-15 19:33:00+00:00,2025-12-15 19:57:00+00:00,prob_floor,-0.2155158251787931,24.0,125.62,125.11,0.0014328928514566464,-0.013532876930425153,-0.004059863079127535,0.0035968347853889693,-0.009511629765806107
SOL/USDT,2025-12-15 19:33:00+00:00,2025-12-15 19:58:00+00:00,prob_floor,-0.255819065664115,25.0,125.62,125.16,0.0014328928514566464,-0.013532876930425153,-0.0036618372870562688,0.0032758069670821843,-0.009907318632150774
SOL/USDT,2025-12-15 19:33:00+00:00,2025-12-15 19:59:00+00:00,prob_floor,-0.3705283255806496,26.0,125.62,125.03,0.0014328928514566464,-0.013532876930425153,-0.004696704346441649,0.0043189634487721396,-0.00887786931136525
SOL/USDT,2025-12-15 19:33:00+00:00,2025-12-15 20:00:00+00:00,prob_floor,-0.4294331020690163,27.0,125.62,124.65,0.0014328928514566464,-0.013532876930425153,-0.0077217003661836925,0.0073806658644202106,-0.0058563979141597056
SOL/USDT,2025-12-15 19:33:00+00:00,2025-12-15 20:01:00+00:00,prob_floor,-0.3488265694904408,28.0,125.62,124.46,0.0014328928514566464,-0.013532876930425153,-0.00923419837605488,0.008918528041137685,-0.004338743371364195
SOL/USDT,2025-12-15 19:33:00+00:00,2025-12-15 20:02:00+00:00,prob_floor,-0.3984305863112697,29.0,125.62,124.71,0.0014328928514566464,-0.013532876930425153,-0.007244069415698218,0.006895998717023399,-0.006334696495870373
SOL/USDT,2025-12-15 19:33:00+00:00,2025-12-15 20:03:00+00:00,prob_floor,-0.3116235636319954,30.0,125.62,124.56,0.0014328928514566464,-0.013532876930425153,-0.008438146791912127,0.008108542068079538,-0.005138086062941527
SOL/USDT,2025-12-15 19:33:00+00:00,2025-12-15 20:04:00+00:00,prob_floor,-0.3116235636319954,31.0,125.62,124.83,0.0014328928514566464,-0.013532876930425153,-0.006288807514727046,0.005928062164543668,-0.007289914283425403
SOL/USDT,2025-12-15 19:33:00+00:00,2025-12-15 20:05:00+00:00,prob_floor,-0.4015308377052414,32.0,125.62,124.83,0.0014328928514566464,-0.013532876930425153,-0.006288807514727046,0.005928062164543668,-0.007289914283425403
SOL/USDT,2025-12-15 19:33:00+00:00,2025-12-15 20:06:00+00:00,prob_floor,-0.4046310891395996,33.0,125.62,124.58,0.0014328928514566464,-0.013532876930425153,-0.008278936475083598,0.007946700915074656,-0.005297800610049697
SOL/USDT,2025-12-15 19:33:00+00:00,2025-12-15 20:07:00+00:00,prob_floor,-0.3860295811388852,34.0,125.62,124.56,0.0014328928514566464,-0.013532876930425153,-0.008438146791912127,0.008108542068079538,-0.005138086062941527
SOL/USDT,2025-12-15 19:33:00+00:00,2025-12-15 20:08:00+00:00,prob_floor,-0.4077313406143364,35.0,125.62,124.6,0.0014328928514566464,-0.013532876930425153,-0.00811972615825518,0.007784911717495957,-0.005457463884430136
SOL/USDT,2025-12-15 19:33:00+00:00,2025-12-15 20:09:00+00:00,prob_floor,-0.4325333538671716,36.0,125.62,124.54,0.0014328928514566464,-0.013532876930425153,-0.008597357108740655,0.00827043520154147,-0.00497832021840372
SOL/USDT,2025-12-15 19:33:00+00:00,2025-12-15 20:10:00+00:00,prob_floor,-0.4728366309294892,37.0,125.62,124.37,0.0014328928514566464,-0.013532876930425153,-0.009950644801783204,0.00964862909061659,-0.003618235908981249
SOL/USDT,2025-12-15 19:33:00+00:00,2025-12-15 20:11:00+00:00,prob_floor,-0.4852376406356889,38.0,125.62,124.32,0.0014328928514566464,-0.013532876930425153,-0.010348670593854581,0.010054697554697567,-0.003217503217503137
SOL/USDT,2025-12-15 19:33:00+00:00,2025-12-15 20:12:00+00:00,prob_floor,-0.5131399148528346,39.0,125.62,124.27,0.0014328928514566464,-0.013532876930425153,-0.010746696385925847,0.010461092781846038,-0.002816448056650822
SOL/USDT,2025-12-15 19:33:00+00:00,2025-12-15 20:13:00+00:00,prob_floor,-0.47903713570135,40.0,125.62,124.14,0.0014328928514566464,-0.013532876930425153,-0.011781563445311338,0.01151925245690344,-0.0017721926856774095
SOL/USDT,2025-12-15 19:33:00+00:00,2025-12-15 20:14:00+00:00,prob_floor,-0.4976386509920665,41.0,125.62,124.29,0.0014328928514566464,-0.013532876930425153,-0.010587486069097318,0.010298495454179601,-0.002976908842223902
SOL/USDT,2025-12-15 19:33:00+00:00,2025-12-15 20:15:00+00:00,prob_floor,-0.5007389036828346,42.0,125.62,124.24,0.0014328928514566464,-0.013532876930425153,-0.010985511861168695,0.010705086928525454,-0.0025756600128782337
SOL/USDT,2025-12-15 19:33:00+00:00,2025-12-15 20:16:00+00:00,prob_floor,-0.5689444731905979,43.0,125.62,124.16,0.0014328928514566464,-0.013532876930425153,-0.01162235312848281,0.011356314432989567,-0.0019329896907216426
SOL/USDT,2025-12-15 19:33:00+00:00,2025-12-15 20:17:00+00:00,prob_floor,-0.5782452342004447,44.0,125.62,124.01,0.0014328928514566464,-0.013532876930425153,-0.012816430504696719,0.012579630674945497,-0.0007257479235546205
SOL/USDT,2025-12-15 19:33:00+00:00,2025-12-15 20:18:00+00:00,prob_floor,-0.553443205658782,45.0,125.62,123.98,0.0014328928514566464,-0.013532876930425153,-0.013055245979939456,0.012824649136957467,-0.0004839490240361455
SOL/USDT,2025-12-15 19:33:00+00:00,2025-12-15 20:19:00+00:00,prob_floor,-0.5751449804895704,46.0,125.62,124.08,0.0014328928514566464,-0.013532876930425153,-0.012259194395796924,0.012008381689232683,-0.0012894906511927706
SOL/USDT,2025-12-15 19:33:00+00:00,2025-12-15 20:20:00+00:00,prob_floor,-0.5720447268196321,47.0,125.62,123.99,0.0014328928514566464,-0.013532876930425153,-0.012975640821525358,0.012742963142188923,-0.0005645616581981816
SOL/USDT,2025-12-15 19:33:00+00:00,2025-12-15 20:21:00+00:00,prob_floor,-0.541042192368745,48.0,125.62,123.99,0.0014328928514566464,-0.013532876930425153,-0.012975640821525358,0.012742963142188923,-0.0005645616581981816
SOL/USDT,2025-12-15 19:33:00+00:00,2025-12-15 20:22:00+00:00,prob_floor,-0.5472426989321003,49.0,125.62,124.09,0.0014328928514566464,-0.013532876930425153,-0.012179589237382604,0.011926827302763954,-0.0013699734063985503
SOL/USDT,2025-12-15 19:33:00+00:00,2025-12-15 20:23:00+00:00,prob_floor,-0.4976769440643902,50.0,125.62,124.08,0.0014328928514566464,-0.013532876930425153,-0.012259194395796924,0.012572533849129597,-0.00040296582849774776
SOL/USDT,2025-12-15 19:33:00+00:00,2025-12-15 20:24:00+00:00,prob_floor,-0.5379419391483043,51.0,125.62,124.25,0.0014328928514566464,-0.013532876930425153,-0.010905906702754375,0.01118712273641842,-0.0017706237424547355
SOL/USDT,2025-12-15 19:33:00+00:00,2025-12-15 20:25:00+00:00,prob_floor,-0.544142445630013,52.0,125.62,124.11,0.0014328928514566464,-0.013532876930425153,-0.012020378920554076,0.012327773749093662,-0.0006445894770767957
SOL/USDT,2025-12-15 19:33:00+00:00,2025-12-15 20:26:00+00:00,prob_floor,-0.5255409266744538,53.0,125.62,124.06,0.0014328928514566464,-0.013532876930425153,-0.012418404712625342,0.013783653071094637,-0.0002418184749315433
SOL/USDT,2025-12-15 19:33:00+00:00,2025-12-15 20:27:00+00:00,prob_floor,-0.5224406736579221,54.0,125.62,124.06,0.0014328928514566464,-0.013532876930425153,-0.012418404712625342,0.01402547154602618,-0.0002418184749315433
SOL/USDT,2025-12-15 19:33:00+00:00,2025-12-15 20:28:00+00:00,gate_close,-0.544142445630013,55.0,125.62,124.16,0.0014328928514566464,-0.013532876930425153,-0.01162235312848281,0.01449742268041243,-0.0010470360824741398
SOL/USDT,2025-12-15 19:33:00+00:00,2025-12-15 20:29:00+00:00,prob_floor,-0.5627439660552328,56.0,125.62,124.09,0.0014328928514566464,-0.013532876930425153,-0.012179589237382604,0.015069707470384275,-0.00048352002578777586
SOL/USDT,2025-12-15 19:33:00+00:00,2025-12-15 20:30:00+00:00,prob_floor,-0.4945383983419879,57.0,125.62,124.06,0.0014328928514566464,-0.013532876930425153,-0.012418404712625342,0.015315170078993967,-0.0002418184749315433
SOL/USDT,2025-12-15 19:33:00+00:00,2025-12-15 20:31:00+00:00,gate_close,-0.4232648421881242,58.0,125.62,124.19,0.0014328928514566464,-0.013532876930425153,-0.011383537653239961,0.014252355262098337,-0.0012883484982687543
SOL/USDT,2025-12-15 19:33:00+00:00,2025-12-15 20:32:00+00:00,gate_close,-0.3488265694904408,59.0,125.62,124.5,0.0014328928514566464,-0.013532876930425153,-0.008915777742397712,0.011726907630521977,-0.0017670682730923648
SOL/USDT,2025-12-15 19:33:00+00:00,2025-12-15 20:33:00+00:00,time_limit,-0.3673995999999989,60.0,125.62,124.71,0.0014328928514566464,-0.013532876930425153,-0.007244069415698218,0.010023253949162036,-0.0016839066634591893
SOL/USDT,,2025-12-15 20:38:00+00:00,dry_run,0.0,,,125.13,,,,0.010389195236953697,-0.0019979221609526254
SOL/USDT,2025-12-15 20:38:00+00:00,2025-12-15 20:39:00+00:00,gate_close,-0.0604773970932327,1.0,125.13,125.37,0.010389195236953697,-0.0019979221609526254,0.0019180052745144671,0.008454973279093947,-0.003908431044109539
SOL/USDT,2025-12-15 20:38:00+00:00,2025-12-15 20:40:00+00:00,gate_close,-0.0666778928940486,2.0,125.13,125.23,0.010389195236953697,-0.0019979221609526254,0.000799168864381139,0.009582368442066613,-0.0027948574622694844
SOL/USDT,2025-12-15 20:38:00+00:00,2025-12-15 20:43:00+00:00,gate_close,-0.0759786368923503,5.0,125.13,125.29,0.010389195236953697,-0.0019979221609526254,0.0012786701830098668,0.009098890573868701,-0.0032724080134090006
SOL/USDT,2025-12-15 20:38:00+00:00,2025-12-15 20:47:00+00:00,gate_close,-0.085279381247353,9.0,125.13,124.91,0.010389195236953697,-0.0019979221609526254,-0.0017581715016382615,0.012168761508285941,-0.00024017292450562167
SOL/USDT,2025-12-15 20:38:00+00:00,2025-12-15 20:48:00+00:00,gate_close,-0.1193821136049904,10.0,125.13,125.14,0.010389195236953697,-0.0019979221609526254,7.991688643804729e-05,0.010308454530925326,-0.0018379415055138626
SOL/USDT,2025-12-15 20:38:00+00:00,2025-12-15 20:49:00+00:00,gate_close,-0.0573771492522003,11.0,125.13,125.04,0.010389195236953697,-0.0019979221609526254,-0.0007192519779428697,0.011116442738323684,-0.0007197696737044623
SOL/USDT,2025-12-15 20:38:00+00:00,2025-12-15 20:50:00+00:00,gate_close,-0.0945801259593177,12.0,125.13,125.23,0.010389195236953697,-0.0019979221609526254,0.000799168864381139,0.009582368442066613,-0.0022358859698154987
SOL/USDT,2025-12-15 20:38:00+00:00,2025-12-15 20:51:00+00:00,gate_close,-0.0542769014507582,13.0,125.13,125.12,0.010389195236953697,-0.0019979221609526254,-7.991688643804729e-05,0.010469948849104904,-0.0008791560102301421
SOL/USDT,2025-12-15 20:38:00+00:00,2025-12-15 20:52:00+00:00,trailing_prob_drop,-0.0108734363807488,14.0,125.13,125.23,0.010389195236953697,-0.0019979221609526254,0.000799168864381139,0.009582368442066613,-0.0017567675477121458
SOL/USDT,2025-12-15 20:38:00+00:00,2025-12-15 20:54:00+00:00,take_profit,0.0232264400000026,16.0,125.13,125.31,0.010389195236953697,-0.0019979221609526254,0.0014385039558859614,0.008937834171255377,-0.0023940627244433133
SOL/USDT,,2025-12-15 20:58:00+00:00,dry_run,0.0,,,125.57,,,,0.0068487696105759,-0.004459663932467883
SOL/USDT,2025-12-15 20:58:00+00:00,2025-12-15 20:59:00+00:00,take_profit,0.004644542201891,1.0,125.57,125.11,0.0068487696105759,-0.004459663932467883,-0.0036632953730986184,0.010550715370474029,-0.0007992966189752648
SOL/USDT,2025-12-15 20:58:00+00:00,2025-12-15 21:00:00+00:00,gate_close,-0.0232576874795158,2.0,125.57,125.17,0.0068487696105759,-0.004459663932467883,-0.0031854742374770595,0.010066309818646646,-0.0012782615642725759
SOL/USDT,2025-12-15 20:58:00+00:00,2025-12-15 21:03:00+00:00,take_profit,0.0077431799999991,5.0,125.57,125.14,0.0068487696105759,-0.004459663932467883,-0.003424384805287839,0.010308454530925326,-0.0010388365031164248
SOL/USDT,,2025-12-15 21:04:00+00:00,dry_run,0.0,,,125.17,,,,0.010066309818646646,-0.0012782615642725759
SOL/USDT,2025-12-15 21:04:00+00:00,2025-12-15 21:05:00+00:00,prob_floor,-0.0015590533519721,1.0,125.17,125.08,0.010066309818646646,-0.0012782615642725759,-0.0007190221299033794,0.010793092420850803,-0.0005596418292291849
SOL/USDT,2025-12-15 21:04:00+00:00,2025-12-15 21:06:00+00:00,gate_close,-0.0201605393311243,2.0,125.17,125.19,0.010066309818646646,-0.0012782615642725759,0.00015978269553396096,0.009904944484383726,-0.0014378145219265948
SOL/USDT,2025-12-15 21:04:00+00:00,2025-12-15 21:07:00+00:00,prob_floor,-0.0325615307758054,3.0,125.17,125.06,0.010066309818646646,-0.0012782615642725759,-0.0008788048254374514,0.010954741723972594,-0.00039980809211581647
SOL/USDT,2025-12-15 21:04:00+00:00,2025-12-15 21:08:00+00:00,prob_floor,-0.0108597961634658,4.0,125.17,125.14,0.010066309818646646,-0.0012782615642725759,-0.00023967404330116349,0.010308454530925326,-0.0010388365031164248
SOL/USDT,2025-12-15 21:04:00+00:00,2025-12-15 21:09:00+00:00,prob_floor,-0.0170602915689803,5.0,125.17,125.16,0.010066309818646646,-0.0012782615642725759,-7.98913477670915e-05,0.010147011824864327,-0.0011984659635665418
SOL/USDT,2025-12-15 21:04:00+00:00,2025-12-15 21:10:00+00:00,prob_floor,-0.0604637638462466,6.0,125.17,125.12,0.010066309818646646,-0.0012782615642725759,-0.00039945673883512445,0.010469948849104904,-0.0008791560102301421
SOL/USDT,2025-12-15 21:04:00+00:00,2025-12-15 21:11:00+00:00,prob_floor,-0.0325615307758054,7.0,125.17,125.06,0.010066309818646646,-0.0012782615642725759,-0.0008788048254374514,0.010954741723972594,-0.00039980809211581647
SOL/USDT,2025-12-15 21:04:00+00:00,2025-12-15 21:12:00+00:00,prob_floor,-0.0511630191322431,8.0,125.17,125.08,0.010066309818646646,-0.0012782615642725759,-0.0007190221299033794,0.010793092420850803,-0.0005596418292291849
SOL/USDT,2025-12-15 21:04:00+00:00,2025-12-15 21:13:00+00:00,prob_floor,-0.0542632673305356,9.0,125.17,125.04,0.010066309818646646,-0.0012782615642725759,-0.0010385875209714124,0.011116442738323684,-0.0002399232245681171
SOL/USDT,2025-12-15 21:04:00+00:00,2025-12-15 21:19:00+00:00,take_profit,0.0418400799999989,15.0,125.17,125.2,0.010066309818646646,-0.0012782615642725759,0.00023967404330105246,0.009824281150159875,-0.0012779552715654896
SOL/USDT,,2025-12-15 21:21:00+00:00,dry_run,0.0,,,125.42,,,,0.008052942114495254,-0.0004783926008611328
SOL/USDT,2025-12-15 21:21:00+00:00,2025-12-15 21:22:00+00:00,take_profit,0.0480287723233667,1.0,125.42,125.39,0.008052942114495254,-0.0004783926008611328,-0.0002391963004305664,0.008294122338304621,0.0
SOL/USDT,2025-12-15 21:21:00+00:00,2025-12-15 21:23:00+00:00,take_profit,0.0356277863985623,2.0,125.42,125.64,0.008052942114495254,-0.0004783926008611328,0.0017541062031574128,0.006287806431072962,-0.0005571474052850078
SOL/USDT,2025-12-15 21:21:00+00:00,2025-12-15 21:24:00+00:00,take_profit,0.0449239600000005,3.0,125.42,125.57,0.008052942114495254,-0.0004783926008611328,0.001195981502152721,0.0068487696105759,0.0
SOL/USDT,,2025-12-15 21:25:00+00:00,dry_run,0.0,,,125.57,,,,0.0068487696105759,0.0
SOL/USDT,2025-12-15 21:25:00+00:00,2025-12-15 21:26:00+00:00,take_profit,0.0046048552720455,1.0,125.57,125.7,0.0068487696105759,0.0,0.0010352791271801554,0.0058074781225139205,-0.0007159904534606021
SOL/USDT,2025-12-15 21:25:00+00:00,2025-12-15 21:27:00+00:00,take_profit,0.0449080539365595,2.0,125.57,125.8,0.0068487696105759,0.0,0.0018316476865494202,0.005007949125596323,-0.0015103338632750374
SOL/USDT,2025-12-15 21:25:00+00:00,2025-12-15 21:28:00+00:00,take_profit,0.0263034999999998,3.0,125.57,125.92,0.0068487696105759,0.0,0.002787289957792538,0.004050190597204573,-0.002461880559085139
SOL/USDT,,2025-12-15 21:29:00+00:00,dry_run,0.0,,,125.87,,,,0.004449034718360334,-0.002065623262095806
SOL/USDT,2025-12-15 21:29:00+00:00,2025-12-15 21:31:00+00:00,take_profit,0.0076995204130133,2.0,125.87,125.83,0.004449034718360334,-0.002065623262095806,-0.00031778819416861115,0.00476833823412548,-0.0017483906858459797
SOL/USDT,2025-12-15 21:29:00+00:00,2025-12-15 21:32:00+00:00,take_profit,0.0076979199999991,3.0,125.87,125.92,0.004449034718360334,-0.002065623262095806,0.00039723524271062516,0.004050190597204573,-0.002461880559085139
SOL/USDT,,2025-12-15 21:33:00+00:00,dry_run,0.0,,,125.92,,,,0.004050190597204573,-0.002461880559085139
SOL/USDT,2025-12-15 21:33:00+00:00,2025-12-15 21:35:00+00:00,take_profit,0.010791704579322,2.0,125.92,125.98,0.004050190597204573,-0.002461880559085139,0.000476493011435819,0.0035719955548501048,-0.0029369741228766344
SOL/USDT,2025-12-15 21:33:00+00:00,2025-12-15 21:36:00+00:00,take_profit,0.0696898599999999,3.0,125.92,126.05,0.004050190597204573,-0.002461880559085139,0.0010324015247775709,0.003014676715589193,-0.003490678302261019
SOL/USDT,,2025-12-15 21:43:00+00:00,dry_run,0.0,,,125.83,,,,0.004291504410713021,-0.0017483906858459797
SOL/USDT,2025-12-15 21:43:00+00:00,2025-12-15 21:44:00+00:00,take_profit,0.0201073267207023,1.0,125.83,125.73,0.004291504410713021,-0.0017483906858459797,-0.0007947230390208393,0.005090272806808294,-0.0009544261512766106
SOL/USDT,2025-12-15 21:43:00+00:00,2025-12-15 21:45:00+00:00,take_profit,0.0139068343448737,2.0,125.83,125.81,0.004291504410713021,-0.0017483906858459797,-0.00015894460780419006,0.004451156505842269,-0.001589698752086477
SOL/USDT,2025-12-15 21:43:00+00:00,2025-12-15 21:48:00+00:00,prob_floor,-0.0387973571785612,5.0,125.83,125.71,0.004291504410713021,-0.0017483906858459797,-0.0009536676468251404,0.005250178983374543,-0.0007954816641475571
SOL/USDT,2025-12-15 21:43:00+00:00,2025-12-15 21:49:00+00:00,prob_floor,-0.0170956298842667,6.0,125.83,125.62,0.004291504410713021,-0.0017483906858459797,-0.0016689183819438291,0.005970386881069878,-7.960515841431981e-05
SOL/USDT,2025-12-15 21:43:00+00:00,2025-12-15 21:50:00+00:00,prob_floor,-0.010895136724855,7.0,125.83,125.7,0.004291504410713021,-0.0017483906858459797,-0.00103313995072718,0.005330151153540186,-0.0004773269689737347
SOL/USDT,2025-12-15 21:43:00+00:00,2025-12-15 21:51:00+00:00,take_profit,0.0108047400000007,8.0,125.83,125.73,0.004291504410713021,-0.0017483906858459797,-0.0007947230390208393,0.005090272806808294,-0.0007158196134574579
SOL/USDT,,2025-12-15 21:59:00+00:00,dry_run,0.0,,,125.73,,,,0.0054084148572337565,-0.0007158196134574579
SOL/USDT,2025-12-15 21:59:00+00:00,2025-12-15 22:00:00+00:00,gate_close,-0.0046989840651726,1.0,125.73,125.79,0.0054084148572337565,-0.0007158196134574579,0.0004772130756383053,0.004928849670085,-0.0011924636298593638
SOL/USDT,2025-12-15 21:59:00+00:00,2025-12-15 22:02:00+00:00,prob_floor,-0.0481024364562141,3.0,125.73,125.65,0.0054084148572337565,-0.0007158196134574579,-0.0006362841008510367,0.007958615200954977,-7.958615200953645e-05
SOL/USDT,2025-12-15 21:59:00+00:00,2025-12-15 22:05:00+00:00,take_profit,0.0232004000000026,6.0,125.73,125.81,0.0054084148572337565,-0.0007158196134574579,0.0006362841008509257,0.0076305540100150004,-0.0006358795008345464
SOL/USDT,,2025-12-15 22:06:00+00:00,dry_run,0.0,,,125.84,,,,0.007390336935791497,-0.0007946598855690379
SOL/USDT,2025-12-15 22:06:00+00:00,2025-12-15 22:09:00+00:00,take_profit,0.0262923399999998,3.0,125.84,125.87,0.007390336935791497,-0.0007946598855690379,0.00023839796567060034,0.0076269166600460014,-0.0010328116310479585
SOL/USDT,,2025-12-15 22:11:00+00:00,dry_run,0.0,,,126.07,,,,0.006821607043705935,-0.0026175934004917245
SOL/USDT,2025-12-15 22:11:00+00:00,2025-12-15 22:12:00+00:00,gate_close,-0.0202101353968248,1.0,126.07,125.96,0.006821607043705935,-0.0026175934004917245,-0.0008725311334972785,0.007700857415052553,-0.0017465862178469571
SOL/USDT,2025-12-15 22:11:00+00:00,2025-12-15 22:13:00+00:00,gate_close,-0.0388116133465678,2.0,126.07,125.95,0.006821607043705935,-0.0026175934004917245,-0.000951852145633314,0.008574831282254891,-0.0016673283048829202
SOL/USDT,2025-12-15 22:11:00+00:00,2025-12-15 22:16:00+00:00,take_profit,0.0045904800000019,5.0,126.07,125.93,0.006821607043705935,-0.0026175934004917245,-0.001110494169905496,0.009211466687842451,-0.0015087747161122156
SOL/USDT,,2025-12-15 22:17:00+00:00,dry_run,0.0,,,126.01,,,,0.00857074835330529,-0.0021426870883264337
SOL/USDT,2025-12-15 22:17:00+00:00,2025-12-15 22:18:00+00:00,take_profit,0.0200899609776757,1.0,126.01,126.06,0.00857074835330529,-0.0021426870883264337,0.0003967939052456071,0.009519276534983412,-0.0025384737426622506
SOL/USDT,2025-12-15 22:17:00+00:00,2025-12-15 22:19:00+00:00,gate_close,-0.0016117591963156,2.0,126.01,126.1,0.00857074835330529,-0.0021426870883264337,0.0007142290294419595,0.009199048374306296,-0.0028548770816811952
SOL/USDT,2025-12-15 22:17:00+00:00,2025-12-15 22:20:00+00:00,gate_close,-0.0078122510255945,3.0,126.01,126.06,0.00857074835330529,-0.0021426870883264337,0.0003967939052456071,0.009519276534983412,-0.0025384737426622506
SOL/USDT,2025-12-15 22:17:00+00:00,2025-12-15 22:21:00+00:00,take_profit,0.0324873799999985,4.0,126.01,125.98,0.00857074835330529,-0.0021426870883264337,-0.00023807634314743087,0.010160342911573306,-0.001905064295920078
SOL/USDT,,2025-12-15 22:22:00+00:00,dry_run,0.0,,,126.14,,,,0.008879023307436285,-0.0031710797526558476
SOL/USDT,2025-12-15 22:22:00+00:00,2025-12-15 22:23:00+00:00,take_profit,0.0014953076263407,1.0,126.14,125.94,0.008879023307436285,-0.0031710797526558476,-0.0015855398763279238,0.01048118151500721,-0.0015880578053041328
SOL/USDT,2025-12-15 22:22:00+00:00,2025-12-15 22:24:00+00:00,take_profit,0.0510992394512458,2.0,126.14,125.94,0.008879023307436285,-0.0031710797526558476,-0.0015855398763279238,0.01048118151500721,-0.0015880578053041328
SOL/USDT,2025-12-15 22:22:00+00:00,2025-12-15 22:25:00+00:00,take_profit,0.0634941999999968,3.0,126.14,126.1,0.008879023307436285,-0.0031710797526558476,-0.00031710797526562917,0.009199048374306296,-0.0028548770816811952
SOL/USDT,,2025-12-15 22:28:00+00:00,dry_run,0.0,,,126.32,,,,0.007441418619379414,-0.0045915136162127945
SOL/USDT,2025-12-15 22:28:00+00:00,2025-12-15 22:30:00+00:00,gate_close,-0.0388333075420901,2.0,126.32,126.13,0.007441418619379414,-0.0045915136162127945,-0.00150411652944904,0.008959010544676183,-0.003092047887100602
SOL/USDT,2025-12-15 22:28:00+00:00,2025-12-15 22:31:00+00:00,take_profit,0.0045687799999975,3.0,126.32,126.2,0.007441418619379414,-0.0045915136162127945,-0.0009499683343887622,0.008399366085578563,-0.003645007923930299
SOL/USDT,,2025-12-15 22:33:00+00:00,dry_run,0.0,,,126.17,,,,0.00863913767139568,-0.0034081001822937607
SOL/USDT,2025-12-15 22:33:00+00:00,2025-12-15 22:34:00+00:00,take_profit,0.013872105064295,1.0,126.17,126.27,0.00863913767139568,-0.0034081001822937607,0.0007925814377427454,0.00807792824899023,-0.0041973548744753675
SOL/USDT,2025-12-15 22:33:00+00:00,2025-12-15 22:42:00+00:00,prob_floor,-0.1008369916265262,9.0,126.17,126.07,0.00863913767139568,-0.0034081001822937607,-0.0007925814377427454,0.012929324978186774,-0.0026175934004917245
SOL/USDT,2025-12-15 22:33:00+00:00,2025-12-15 22:43:00+00:00,prob_floor,-0.1008369916265262,10.0,126.17,126.01,0.00863913767139568,-0.0034081001822937607,-0.0012681303003883038,0.01341163399730183,-0.0021426870883264337
SOL/USDT,2025-12-15 22:33:00+00:00,2025-12-15 22:44:00+00:00,prob_floor,-0.1008369916265262,11.0,126.17,126.01,0.00863913767139568,-0.0034081001822937607,-0.0012681303003883038,0.013729069121498183,-0.0021426870883264337
SOL/USDT,2025-12-15 22:33:00+00:00,2025-12-15 22:46:00+00:00,prob_floor,-0.0760350202506286,13.0,126.17,126.05,0.00863913767139568,-0.0034081001822937607,-0.0009510977252913388,0.0142007140023801,-0.0024593415311384703
SOL/USDT,2025-12-15 22:33:00+00:00,2025-12-15 22:47:00+00:00,prob_floor,-0.1008369916265262,14.0,126.17,126.06,0.00863913767139568,-0.0034081001822937607,-0.0008718395815170421,0.01412026019355861,-0.0025384737426622506
SOL/USDT,2025-12-15 22:33:00+00:00,2025-12-15 22:49:00+00:00,prob_floor,-0.1690424258401272,16.0,126.17,125.96,0.00863913767139568,-0.0034081001822937607,-0.0016644210192597875,0.014925373134328401,-0.0017465862178469571
SOL/USDT,2025-12-15 22:33:00+00:00,2025-12-15 22:50:00+00:00,prob_floor,-0.1318394593693631,17.0,126.17,125.78,0.00863913767139568,-0.0034081001822937607,-0.0030910676071966847,0.016377802512323125,-0.00031801558276356445
SOL/USDT,2025-12-15 22:33:00+00:00,2025-12-15 22:51:00+00:00,prob_floor,-0.1008369916265262,18.0,126.17,125.87,0.00863913767139568,-0.0034081001822937607,-0.002377744313228125,0.01565106856280285,-0.0005561293397950973
SOL/USDT,2025-12-15 22:33:00+00:00,2025-12-15 22:52:00+00:00,prob_floor,-0.0388320678729034,19.0,126.17,126.01,0.00863913767139568,-0.0034081001822937607,-0.0012681303003883038,0.01452265693198962,-0.0007935878104913252
SOL/USDT,2025-12-15 22:33:00+00:00,2025-12-15 22:58:00+00:00,take_profit,0.0169700199999994,25.0,126.17,126.32,0.00863913767139568,-0.0034081001822937607,0.001188872156614007,0.01203293223559232,-7.916402786567467e-05
SOL/USDT,,2025-12-15 22:59:00+00:00,dry_run,0.0,,,126.32,,,,0.01203293223559232,-7.916402786567467e-05
SOL/USDT,2025-12-15 22:59:00+00:00,2025-12-15 23:00:00+00:00,take_profit,0.0293677479081589,1.0,126.32,126.32,0.01203293223559232,-7.916402786567467e-05,0.0,0.01203293223559232,0.0
SOL/USDT,2025-12-15 22:59:00+00:00,2025-12-15 23:01:00+00:00,take_profit,0.0448742361763273,2.0,126.32,126.5,0.01203293223559232,-7.916402786567467e-05,0.0014249525015832543,0.010592885375494188,-0.0014229249011857847
SOL/USDT,2025-12-15 22:59:00+00:00,2025-12-15 23:02:00+00:00,take_profit,0.0665644400000028,3.0,126.32,126.57,0.01203293223559232,-7.916402786567467e-05,0.001979100696643421,0.010033973295409782,-0.0003160306549734315
SOL/USDT,,2025-12-15 23:03:00+00:00,dry_run,0.0,,,126.6,,,,0.009794628751974788,-0.0005529225908372792
SOL/USDT,2025-12-15 23:03:00+00:00,2025-12-15 23:04:00+00:00,gate_close,-0.060563534969001,1.0,126.6,126.76,0.009794628751974788,-0.0005529225908372792,0.0012638230647710191,0.008520037866834862,-0.00118333859261599
SOL/USDT,2025-12-15 23:03:00+00:00,2025-12-15 23:06:00+00:00,gate_close,-0.0667640253193203,3.0,126.6,126.66,0.009794628751974788,-0.0005529225908372792,0.00047393364928915993,0.009316279804200356,-0.000315806095057547
SOL/USDT,2025-12-15 23:03:00+00:00,2025-12-15 23:07:00+00:00,take_profit,0.0045402600000019,4.0,126.6,126.66,0.009794628751974788,-0.0005529225908372792,0.00047393364928915993,0.009395231327964604,-0.000157903047528829
SOL/USDT,,2025-12-15 23:09:00+00:00,dry_run,0.0,,,126.83,,,,0.008751872585350373,-0.0011038397855397397
SOL/USDT,2025-12-15 23:09:00+00:00,2025-12-15 23:10:00+00:00,gate_close,-0.0047684294993923,1.0,126.83,126.91,0.008751872585350373,-0.0011038397855397397,0.0006307655917370258,0.008115987707824512,-0.0017335119375935237
SOL/USDT,2025-12-15 23:09:00+00:00,2025-12-15 23:12:00+00:00,take_profit,0.0262309599999998,3.0,126.83,126.9,0.008751872585350373,-0.0011038397855397397,0.0005519198927699254,0.008195429472025229,-0.0016548463356974574
SOL/USDT,,2025-12-15 23:14:00+00:00,dry_run,0.0,,,127.07,,,,0.0068466199732430955,-0.0029904776894624785
SOL/USDT,2025-12-15 23:14:00+00:00,2025-12-15 23:16:00+00:00,take_profit,0.0045248615161906,2.0,127.07,126.93,0.0068466199732430955,-0.0029904776894624785,-0.0011017549382229541,0.007957141731663064,-0.0018908059560388546
SOL/USDT,2025-12-15 23:14:00+00:00,2025-12-15 23:17:00+00:00,take_profit,0.0510235199999992,3.0,127.07,127.06,0.0068466199732430955,-0.0029904776894624785,-7.869678130156821e-05,0.006925861797575816,-0.0029120100739807864
SOL/USDT,,2025-12-15 23:22:00+00:00,dry_run,0.0,,,126.88,,,,0.008984867591425028,-0.0011822194199242464
SOL/USDT,2025-12-15 23:22:00+00:00,2025-12-15 23:24:00+00:00,trailing_prob_drop,-0.0171687864446987,2.0,126.88,126.83,0.008984867591425028,-0.0011822194199242464,-0.0003940731399747488,0.009382638177087621,-0.0007884569896711158
SOL/USDT,2025-12-15 23:22:00+00:00,2025-12-15 23:25:00+00:00,trailing_prob_drop,-0.0388704976660779,3.0,126.88,126.89,0.008984867591425028,-0.0011822194199242464,7.881462799508299e-05,0.008905351091496705,-0.0006304673339112554
SOL/USDT,2025-12-15 23:22:00+00:00,2025-12-15 23:26:00+00:00,trailing_prob_drop,-0.0202690307892993,4.0,126.88,126.83,0.008984867591425028,-0.0011822194199242464,-0.0003940731399747488,0.009382638177087621,0.0
SOL/USDT,2025-12-15 23:22:00+00:00,2025-12-15 23:27:00+00:00,take_profit,0.0262315799999998,5.0,126.88,126.89,0.008984867591425028,-0.0011822194199242464,7.881462799508299e-05,0.008905351091496705,-0.00015761683347781386
SOL/USDT,,2025-12-15 23:31:00+00:00,dry_run,0.0,,,126.9,,,,0.008825847123719477,0.0
SOL/USDT,2025-12-15 23:31:00+00:00,2025-12-15 23:32:00+00:00,take_profit,0.029329912035404,1.0,126.9,126.93,0.008825847123719477,0.0,0.00023640661938539864,0.008587410383676053,0.0
SOL/USDT,2025-12-15 23:31:00+00:00,2025-12-15 23:33:00+00:00,take_profit,0.0789338046643362,2.0,126.9,127.13,0.008825847123719477,0.0,0.0018124507486207975,0.007000707936757777,-0.0007865963973884282
SOL/USDT,2025-12-15 23:31:00+00:00,2025-12-15 23:34:00+00:00,take_profit,0.0913266200000022,3.0,126.9,127.28,0.008825847123719477,0.0,0.0029944838455475686,0.005813953488372103,-0.0007856693903205425
SOL/USDT,,2025-12-15 23:35:00+00:00,dry_run,0.0,,,127.31,,,,0.005576938182389579,-0.001413871651873455
SOL/USDT,2025-12-15 23:35:00+00:00,2025-12-15 23:37:00+00:00,take_profit,0.0230996542156191,2.0,127.31,127.45,0.005576938182389579,-0.001413871651873455,0.0010996779514571564,0.004472342094939297,-0.0035307963907414974
SOL/USDT,2025-12-15 23:35:00+00:00,2025-12-15 23:38:00+00:00,take_profit,0.0478968600000021,3.0,127.31,127.62,0.005576938182389579,-0.001413871651873455,0.0024350011782263703,0.003134304967873369,-0.005406676069581562
SOL/USDT,,2025-12-15 23:39:00+00:00,dry_run,0.0,,,127.65,,,,0.0028985507246377384,-0.005640423031727404
SOL/USDT,2025-12-15 23:39:00+00:00,2025-12-15 23:41:00+00:00,gate_close,-0.0141150414210119,2.0,127.65,127.7,0.0028985507246377384,-0.005640423031727404,0.00039169604386990464,0.0025058731401723655,-0.0061863743148004025
SOL/USDT,2025-12-15 23:39:00+00:00,2025-12-15 23:44:00+00:00,take_profit,0.0354850800000001,5.0,127.65,127.7,0.0028985507246377384,-0.005640423031727404,0.00039169604386990464,0.0025058731401723655,-0.006577916992952293
SOL/USDT,,2025-12-15 23:45:00+00:00,dry_run,0.0,,,127.8,,,,0.0017214397496088107,-0.007355242566510101
SOL/USDT,2025-12-15 23:45:00+00:00,2025-12-15 23:49:00+00:00,gate_close,-0.0668309490699033,4.0,127.8,127.65,0.0017214397496088107,-0.007355242566510101,-0.0011737089201877549,0.0028985507246377384,-0.0061887974931453815
SOL/USDT,2025-12-15 23:45:00+00:00,2025-12-15 23:51:00+00:00,trailing_prob_drop,-0.113334600411685,6.0,127.8,127.59,0.0017214397496088107,-0.007355242566510101,-0.0016431924882628346,0.0033701700760249143,-0.007524100634846098
SOL/USDT,2025-12-15 23:45:00+00:00,2025-12-15 23:52:00+00:00,trailing_prob_drop,-0.0730314354196795,7.0,127.8,127.53,0.0017214397496088107,-0.007355242566510101,-0.0021126760563380254,0.0038422332000314086,-0.007057163020465773
SOL/USDT,2025-12-15 23:45:00+00:00,2025-12-15 23:53:00+00:00,trailing_prob_drop,-0.0668309490699033,8.0,127.8,127.62,0.0017214397496088107,-0.007355242566510101,-0.0014084507042252392,0.003134304967873369,-0.0077574047954867
SOL/USDT,2025-12-15 23:45:00+00:00,2025-12-15 23:54:00+00:00,trailing_prob_drop,-0.0451292480449346,9.0,127.8,127.66,0.0017214397496088107,-0.007355242566510101,-0.0010954616588418897,0.0028199906000314634,-0.0080683064389786
SOL/USDT,2025-12-15 23:45:00+00:00,2025-12-15 23:55:00+00:00,trailing_prob_drop,-0.0327282768673939,10.0,127.8,127.73,0.0017214397496088107,-0.007355242566510101,-0.0005477308294209449,0.002270414154857958,-0.009629687622328409
SOL/USDT,2025-12-15 23:45:00+00:00,2025-12-15 23:56:00+00:00,trailing_prob_drop,-0.0327282768673939,11.0,127.8,127.73,0.0017214397496088107,-0.007355242566510101,-0.0005477308294209449,0.002270414154857958,-0.010490879198308933
SOL/USDT,2025-12-15 23:45:00+00:00,2025-12-15 23:57:00+00:00,trailing_prob_drop,-0.035828519604775,12.0,127.8,127.78,0.0017214397496088107,-0.007355242566510101,-0.00015649452269161923,0.0018782282047269394,-0.0114258882454219
SOL/USDT,2025-12-15 23:45:00+00:00,2025-12-15 23:59:00+00:00,trailing_prob_drop,-0.0265277915065927,14.0,127.8,127.79,0.0017214397496088107,-0.007355242566510101,-7.82472613457541e-05,0.0017998278425541692,-0.012677048282338288
SOL/USDT,2025-12-15 23:45:00+00:00,2025-12-16 00:00:00+00:00,prob_floor,-0.1443370394153416,15.0,127.8,127.66,0.0017214397496088107,-0.007355242566510101,-0.0010954616588418897,0.0028199906000314634,-0.012219959266802416
SOL/USDT,2025-12-15 23:45:00+00:00,2025-12-16 00:01:00+00:00,prob_floor,-0.1257355755539809,16.0,127.8,127.5,0.0017214397496088107,-0.007355242566510101,-0.0023474178403755097,0.004078431372549041,-0.011450980392156862
SOL/USDT,2025-12-15 23:45:00+00:00,2025-12-16 00:02:00+00:00,prob_floor,-0.0947331388446921,17.0,127.8,127.49,0.0017214397496088107,-0.007355242566510101,-0.002425665101721486,0.004157188799121636,-0.01137344105420024
SOL/USDT,2025-12-15 23:45:00+00:00,2025-12-16 00:03:00+00:00,prob_floor,-0.0544299768273125,18.0,127.8,127.6,0.0017214397496088107,-0.007355242566510101,-0.0015649452269170805,0.0032915360501568625,-0.012225705329153458
SOL/USDT,2025-12-15 23:45:00+00:00,2025-12-16 00:04:00+00:00,gate_close,-0.0265277915065927,19.0,127.8,127.69,0.0017214397496088107,-0.007355242566510101,-0.0008607198748044054,0.002584384055133615,-0.01292192027566752
SOL/USDT,2025-12-15 23:45:00+00:00,2025-12-16 00:05:00+00:00,gate_close,-0.0637307059521411,20.0,127.8,127.83,0.0017214397496088107,-0.007355242566510101,0.00023474178403759538,0.001486349057341796,-0.014002972698114569
SOL/USDT,2025-12-15 23:45:00+00:00,2025-12-16 00:06:00+00:00,gate_close,-0.0141268212405591,21.0,127.8,127.68,0.0017214397496088107,-0.007355242566510101,-0.0009389671361501595,0.0026629072681705335,-0.012844611528822103
SOL/USDT,2025-12-15 23:45:00+00:00,2025-12-16 00:08:00+00:00,gate_close,-0.0730314354196795,23.0,127.8,127.89,0.0017214397496088107,-0.007355242566510101,0.0007042253521127861,0.0010164985534444337,-0.014465556337477481
SOL/USDT,2025-12-15 23:45:00+00:00,2025-12-16 00:09:00+00:00,trailing_prob_drop,-0.0699311922257479,24.0,127.8,127.66,0.0017214397496088107,-0.007355242566510101,-0.0010954616588418897,0.0028199906000314634,-0.01268995770014092
SOL/USDT,2025-12-15 23:45:00+00:00,2025-12-16 00:10:00+00:00,prob_floor,-0.0265277915065927,25.0,127.8,127.67,0.0017214397496088107,-0.007355242566510101,-0.0010172143974960246,0.0027414427821728093,-0.01276729067126181
SOL/USDT,2025-12-15 23:45:00+00:00,2025-12-16 00:11:00+00:00,trailing_prob_drop,-0.035828519604775,26.0,127.8,127.76,0.0017214397496088107,-0.007355242566510101,-0.0003129890453833495,0.0020350657482781642,-0.013462742642454617
SOL/USDT,2025-12-15 23:45:00+00:00,2025-12-16 00:12:00+00:00,trailing_prob_drop,-0.0513297338618126,27.0,127.8,127.78,0.0017214397496088107,-0.007355242566510101,-0.00015649452269161923,0.0018782282047269394,-0.013617154484269811
SOL/USDT,2025-12-15 23:45:00+00:00,2025-12-16 00:13:00+00:00,trailing_prob_drop,-0.0296280341679969,28.0,127.8,127.72,0.0017214397496088107,-0.007355242566510101,-0.00062597809076681,0.002348888192922116,-0.013153773880363206
SOL/USDT,2025-12-15 23:45:00+00:00,2025-12-16 00:14:00+00:00,trailing_prob_drop,-0.1164348441398989,29.0,127.8,127.76,0.0017214397496088107,-0.007355242566510101,-0.0003129890453833495,0.0020350657482781642,-0.013462742642454617
SOL/USDT,2025-12-15 23:45:00+00:00,2025-12-16 00:15:00+00:00,prob_floor,-0.0575302198308547,30.0,127.8,127.56,0.0017214397496088107,-0.007355242566510101,-0.00187793427230043,0.0036061461273126927,-0.011915961116337415
SOL/USDT,2025-12-15 23:45:00+00:00,2025-12-16 00:16:00+00:00,gate_close,-0.0947331388446921,31.0,127.8,127.7,0.0017214397496088107,-0.007355242566510101,-0.0007824726134584292,0.0025058731401723655,-0.012999216914643674
SOL/USDT,2025-12-15 23:45:00+00:00,2025-12-16 00:17:00+00:00,gate_close,-0.0513297338618126,32.0,127.8,127.6,0.0017214397496088107,-0.007355242566510101,-0.0015649452269170805,0.0032915360501568625,-0.012225705329153458
SOL/USDT,2025-12-15 23:45:00+00:00,2025-12-16 00:18:00+00:00,gate_close,-0.0234275488831461,33.0,127.8,127.74,0.0017214397496088107,-0.007355242566510101,-0.00046948356807507974,0.002191952403319375,-0.01330828244872384
SOL/USDT,2025-12-15 23:45:00+00:00,2025-12-16 00:20:00+00:00,take_profit,0.0075733000000035,35.0,127.8,127.86,0.0017214397496088107,-0.007355242566510101,0.00046948356807519076,0.0012513686844988214,-0.014625371500078255
SOL/USDT,,2025-12-16 00:22:00+00:00,dry_run,0.0,,,127.92,,,,0.0007817385866166759,-0.01508755472170109
SOL/USDT,2025-12-16 00:22:00+00:00,2025-12-16 00:23:00+00:00,gate_close,-0.0203378454924083,1.0,127.92,128.02,0.0007817385866166759,-0.01508755472170109,0.0007817385866166759,0.0,-0.01585689735978768
SOL/USDT,2025-12-16 00:22:00+00:00,2025-12-16 00:25:00+00:00,gate_close,-0.1381470781851712,3.0,127.92,127.85,0.0007817385866166759,-0.01508755472170109,-0.000547217010631651,0.0007039499413374894,-0.014548298787641745
SOL/USDT,2025-12-16 00:22:00+00:00,2025-12-16 00:26:00+00:00,prob_floor,-0.1257461037342824,4.0,127.92,127.62,0.0007817385866166759,-0.01508755472170109,-0.002345215759849917,0.001332079611346293,-0.01277229274408409
SOL/USDT,2025-12-16 00:22:00+00:00,2025-12-16 00:27:00+00:00,prob_floor,-0.1226458602169799,5.0,127.92,127.59,0.0007817385866166759,-0.01508755472170109,-0.0025797373358348308,0.0002351281448389475,-0.013872560545497348
SOL/USDT,2025-12-16 00:22:00+00:00,2025-12-16 00:31:00+00:00,prob_floor,-0.2528561208990593,9.0,127.92,127.28,0.0007817385866166759,-0.01508755472170109,-0.00500312695434646,0.0018856065367693908,-0.013199245757385292
SOL/USDT,2025-12-16 00:22:00+00:00,2025-12-16 00:32:00+00:00,prob_floor,-0.2590566111927738,10.0,127.92,127.25,0.0007817385866166759,-0.01508755472170109,-0.005237648530331485,0.0004715127701375721,-0.012966601178782011
SOL/USDT,2025-12-16 00:22:00+00:00,2025-12-16 00:34:00+00:00,prob_floor,-0.2683573469224474,12.0,127.92,127.2,0.0007817385866166759,-0.01508755472170109,-0.0056285178236397115,0.0001572327044023769,-0.012578616352201366
SOL/USDT,2025-12-16 00:22:00+00:00,2025-12-16 00:35:00+00:00,prob_floor,-0.2931593105660278,13.0,127.92,127.13,0.0007817385866166759,-0.01508755472170109,-0.0061757348342714735,0.0003146385589554157,-0.012034924880044096
SOL/USDT,2025-12-16 00:22:00+00:00,2025-12-16 00:36:00+00:00,prob_floor,-0.3303622606701115,14.0,127.92,127.13,0.0007817385866166759,-0.01508755472170109,-0.0061757348342714735,0.0,-0.012034924880044096
SOL/USDT,2025-12-16 00:22:00+00:00,2025-12-16 00:37:00+00:00,prob_floor,-0.3489637378138399,15.0,127.92,127.0,0.0007817385866166759,-0.01508755472170109,-0.007191994996873063,0.0009448818897637157,-0.011023622047244164
SOL/USDT,2025-12-16 00:22:00+00:00,2025-12-16 00:38:00+00:00,prob_floor,-0.3210615226215372,16.0,127.92,126.93,0.0007817385866166759,-0.01508755472170109,-0.007739212007504603,0.001260537304025755,-0.010478216339714908
SOL/USDT,2025-12-16 00:22:00+00:00,2025-12-16 00:39:00+00:00,prob_floor,-0.3334625067637901,17.0,127.92,126.95,0.0007817385866166759,-0.01508755472170109,-0.007582864290181401,0.001102796376526216,-0.010634107916502655
SOL/USDT,2025-12-16 00:22:00+00:00,2025-12-16 00:40:00+00:00,prob_floor,-0.3582644769094978,18.0,127.92,126.98,0.0007817385866166759,-0.01508755472170109,-0.007348342714196376,0.0008662781540400566,-0.010867853205229205
SOL/USDT,2025-12-16 00:22:00+00:00,2025-12-16 00:41:00+00:00,prob_floor,-0.3613647233523825,19.0,127.92,126.91,0.0007817385866166759,-0.01508755472170109,-0.007895559724828027,0.0014183279489401457,-0.010322275628398048
SOL/USDT,2025-12-16 00:22:00+00:00,2025-12-16 00:42:00+00:00,prob_floor,-0.3148610307827919,20.0,127.92,126.9,0.0007817385866166759,-0.01508755472170109,-0.007973733583489628,0.0014972419227738953,-0.010244286840031647
SOL/USDT,2025-12-16 00:22:00+00:00,2025-12-16 00:43:00+00:00,prob_floor,-0.308660539098886,21.0,127.92,127.03,0.0007817385866166759,-0.01508755472170109,-0.0069574734208880384,0.0004723293710147125,-0.011257183342517574
SOL/USDT,2025-12-16 00:22:00+00:00,2025-12-16 00:44:00+00:00,prob_floor,-0.3241617685989831,22.0,127.92,127.06,0.0007817385866166759,-0.01508755472170109,-0.0067229518449030135,0.00023610892491743307,-0.011490634345978301
SOL/USDT,2025-12-16 00:22:00+00:00,2025-12-16 00:45:00+00:00,prob_floor,-0.3210615226215372,23.0,127.92,127.03,0.0007817385866166759,-0.01508755472170109,-0.0069574734208880384,0.0004723293710147125,-0.011257183342517574
SOL/USDT,2025-12-16 00:22:00+00:00,2025-12-16 00:46:00+00:00,prob_floor,-0.3024600475697421,24.0,127.92,127.03,0.0007817385866166759,-0.01508755472170109,-0.0069574734208880384,0.0004723293710147125,-0.011257183342517574
SOL/USDT,2025-12-16 00:22:00+00:00,2025-12-16 00:47:00+00:00,prob_floor,-0.3148610307827919,25.0,127.92,127.08,0.0007817385866166759,-0.01508755472170109,-0.0065666041275798115,7.869058860565659e-05,-0.011646207113629292
SOL/USDT,2025-12-16 00:22:00+00:00,2025-12-16 00:49:00+00:00,prob_floor,-0.3675652163546787,27.0,127.92,127.02,0.0007817385866166759,-0.01508755472170109,-0.0070356472795497504,0.00023618327822383378,-0.011179341835931389
SOL/USDT,2025-12-16 00:22:00+00:00,2025-12-16 00:50:00+00:00,prob_floor,-0.4295701549398108,28.0,127.92,126.86,0.0007817385866166759,-0.01508755472170109,-0.008286429018136365,0.0007094434810026584,-0.009932208734037551
SOL/USDT,2025-12-16 00:22:00+00:00,2025-12-16 00:51:00+00:00,prob_floor,-0.4357706496561511,29.0,127.92,126.63,0.0007817385866166759,-0.01508755472170109,-0.010084427767354631,0.0017373450209270391,-0.008133933507067814
SOL/USDT,2025-12-16 00:22:00+00:00,2025-12-16 00:52:00+00:00,prob_floor,-0.4326704022784569,30.0,127.92,126.66,0.0007817385866166759,-0.01508755472170109,-0.009849906191369606,0.00134217590399488,-0.008368861519027382
SOL/USDT,2025-12-16 00:22:00+00:00,2025-12-16 00:53:00+00:00,prob_floor,-0.438870897072925,31.0,127.92,126.66,0.0007817385866166759,-0.01508755472170109,-0.009849906191369606,0.00134217590399488,-0.008368861519027382
SOL/USDT,2025-12-16 00:22:00+00:00,2025-12-16 00:54:00+00:00,prob_floor,-0.488474861061785,32.0,127.92,126.64,0.0007817385866166759,-0.01508755472170109,-0.01000625390869292,0.0015003158559696583,-0.008212255211623498
SOL/USDT,2025-12-16 00:22:00+00:00,2025-12-16 00:55:00+00:00,prob_floor,-0.5163770952157963,33.0,127.92,126.5,0.0007817385866166759,-0.01508755472170109,-0.011100687929956221,0.002608695652173809,-0.007114624505928924
SOL/USDT,2025-12-16 00:22:00+00:00,2025-12-16 00:56:00+00:00,prob_floor,-0.54117908380319,34.0,127.92,126.4,0.0007817385866166759,-0.01508755472170109,-0.011882426516572786,0.003401898734177067,-0.006329113924050778
SOL/USDT,2025-12-16 00:22:00+00:00,2025-12-16 00:57:00+00:00,prob_floor,-0.5349785864202372,35.0,127.92,126.32,0.0007817385866166759,-0.01508755472170109,-0.01250781738586626,0.004037365421152739,-0.005699810006333128
SOL/USDT,2025-12-16 00:22:00+00:00,2025-12-16 00:58:00+00:00,prob_floor,-0.5876828192018447,36.0,127.92,126.32,0.0007817385866166759,-0.01508755472170109,-0.01250781738586626,0.004037365421152739,-0.005699810006333128
SOL/USDT,2025-12-16 00:22:00+00:00,2025-12-16 00:59:00+00:00,prob_floor,-0.6124848150485837,37.0,127.92,126.17,0.0007817385866166759,-0.01508755472170109,-0.013680425265791163,0.005231037489102031,-0.004517714195133582
SOL/USDT,2025-12-16 00:22:00+00:00,2025-12-16 01:00:00+00:00,prob_floor,-0.55358007904178,38.0,127.92,126.1,0.0007817385866166759,-0.01508755472170109,-0.014227642276422814,0.0057890563045202015,-0.003965107057890549
SOL/USDT,2025-12-16 00:22:00+00:00,2025-12-16 01:01:00+00:00,prob_floor,-0.4791741170501509,39.0,127.92,126.28,0.0007817385866166759,-0.01508755472170109,-0.012820512820512775,0.00435540069686402,-0.0053848590433956955
SOL/USDT,2025-12-16 00:22:00+00:00,2025-12-16 01:02:00+00:00,prob_floor,-0.4946753572656533,40.0,127.92,126.51,0.0007817385866166759,-0.01508755472170109,-0.011022514071294509,0.0025294443127024113,-0.007193107264247933
SOL/USDT,2025-12-16 00:22:00+00:00,2025-12-16 01:03:00+00:00,prob_floor,-0.5225775921266061,41.0,127.92,126.47,0.0007817385866166759,-0.01508755472170109,-0.011335209505941246,0.0028465248675575427,-0.006879101763264006
SOL/USDT,2025-12-16 00:22:00+00:00,2025-12-16 01:04:00+00:00,prob_floor,-0.5566803279499453,42.0,127.92,126.31,0.0007817385866166759,-0.01508755472170109,-0.012585991244527861,0.0041168553558703636,-0.0056210909666694064
SOL/USDT,2025-12-16 00:22:00+00:00,2025-12-16 01:05:00+00:00,prob_floor,-0.5256778406410053,43.0,127.92,126.23,0.0007817385866166759,-0.01508755472170109,-0.013211382113821113,0.004753228234175566,-0.004990889645884566
SOL/USDT,2025-12-16 00:22:00+00:00,2025-12-16 01:06:00+00:00,prob_floor,-0.5163770952157963,44.0,127.92,126.47,0.0007817385866166759,-0.01508755472170109,-0.011335209505941246,0.0028465248675575427,-0.006879101763264006
SOL/USDT,2025-12-16 00:22:00+00:00,2025-12-16 01:07:00+00:00,prob_floor,-0.5442793325537446,45.0,127.92,126.4,0.0007817385866166759,-0.01508755472170109,-0.011882426516572786,0.003401898734177067,-0.006329113924050778
SOL/USDT,2025-12-16 00:22:00+00:00,2025-12-16 01:08:00+00:00,prob_floor,-0.5783820714117096,46.0,127.92,126.35,0.0007817385866166759,-0.01508755472170109,-0.012273295809881235,0.003798971111990568,-0.005935892362485151
SOL/USDT,2025-12-16 00:22:00+00:00,2025-12-16 01:09:00+00:00,prob_floor,-0.4543721347430776,47.0,127.92,126.17,0.0007817385866166759,-0.01508755472170109,-0.013680425265791163,0.005231037489102031,-0.004517714195133582
SOL/USDT,2025-12-16 00:22:00+00:00,2025-12-16 01:10:00+00:00,gate_close,-0.438870897072925,48.0,127.92,126.55,0.0007817385866166759,-0.01508755472170109,-0.010709818636647994,0.0022125642038719473,-0.007506914263137099
SOL/USDT,2025-12-16 00:22:00+00:00,2025-12-16 01:11:00+00:00,gate_close,-0.4450713920236909,49.0,127.92,126.65,0.0007817385866166759,-0.01508755472170109,-0.009928080050031207,0.0014212396367943025,-0.00829056454796695
SOL/USDT,2025-12-16 00:22:00+00:00,2025-12-16 01:15:00+00:00,gate_close,-0.4574723823944438,53.0,127.92,126.72,0.0007817385866166759,-0.01508755472170109,-0.009380863039399667,0.0006313131313131493,-0.008838383838383868
SOL/USDT,2025-12-16 00:22:00+00:00,2025-12-16 01:16:00+00:00,gate_close,-0.5163770952157963,54.0,127.92,126.59,0.0007817385866166759,-0.01508755472170109,-0.010397123202001257,0.0016588988071726263,-0.007820522948100206
SOL/USDT,2025-12-16 00:22:00+00:00,2025-12-16 01:18:00+00:00,prob_floor,-0.6248858139220104,56.0,127.92,126.15,0.0007817385866166759,-0.01508755472170109,-0.013836772983114365,0.005152596115735264,-0.004359889021006813
SOL/USDT,2025-12-16 00:22:00+00:00,2025-12-16 01:19:00+00:00,prob_floor,-0.6372868134296307,57.0,127.92,126.05,0.0007817385866166759,-0.01508755472170109,-0.014618511569731152,0.005950019833399489,-0.0035700119000396935
SOL/USDT,2025-12-16 00:22:00+00:00,2025-12-16 01:20:00+00:00,prob_floor,-0.6000838168087204,58.0,127.92,126.0,0.0007817385866166759,-0.01508755472170109,-0.015009380863039379,0.006349206349206327,-0.0031746031746032743
SOL/USDT,2025-12-16 00:22:00+00:00,2025-12-16 01:21:00+00:00,prob_floor,-0.5597805768975535,59.0,127.92,126.14,0.0007817385866166759,-0.01508755472170109,-0.013914946841776077,0.005232281591881938,-0.004280957666085383
SOL/USDT,2025-12-16 00:22:00+00:00,2025-12-16 01:22:00+00:00,time_limit,-0.5287372400000021,60.0,127.92,126.26,0.0007817385866166759,-0.01508755472170109,-0.012976860537836088,0.004276888959290348,-0.0052273087280215735
SOL/USDT,,2025-12-16 01:24:00+00:00,dry_run,0.0,,,126.29,,,,0.0040383244912503,-0.00546361548816221
SOL/USDT,2025-12-16 01:24:00+00:00,2025-12-16 01:25:00+00:00,prob_floor,-0.0326216583817822,1.0,126.29,126.13,0.0040383244912503,-0.00546361548816221,-0.0012669253305883643,0.005311979703480629,-0.004202013795290616
SOL/USDT,2025-12-16 01:24:00+00:00,2025-12-16 01:26:00+00:00,prob_floor,-0.1194285626036489,2.0,126.29,126.06,0.0040383244912503,-0.00546361548816221,-0.0018212051627207737,0.007456766619070354,-0.0036490560050770338
SOL/USDT,2025-12-16 01:24:00+00:00,2025-12-16 01:27:00+00:00,prob_floor,-0.1783332651435115,3.0,126.29,125.82,0.0040383244912503,-0.00546361548816221,-0.00372159315860332,0.010968049594659135,-0.0017485296455252985
SOL/USDT,2025-12-16 01:24:00+00:00,2025-12-16 01:28:00+00:00,prob_floor,-0.1628320262541287,4.0,126.29,125.61,0.0040383244912503,-0.00546361548816221,-0.005384432655000437,0.013135896823501358,-7.961149590007821e-05
SOL/USDT,2025-12-16 01:24:00+00:00,2025-12-16 01:29:00+00:00,prob_floor,-0.1318295514310725,5.0,126.29,125.61,0.0040383244912503,-0.00546361548816221,-0.005384432655000437,0.013135896823501358,-7.961149590007821e-05
SOL/USDT,2025-12-16 01:24:00+00:00,2025-12-16 01:30:00+00:00,prob_floor,-0.1194285626036489,6.0,126.29,125.74,0.0040383244912503,-0.00546361548816221,-0.004355055823897502,0.012088436456179519,-0.0004771751232701682
SOL/USDT,2025-12-16 01:24:00+00:00,2025-12-16 01:31:00+00:00,prob_floor,-0.0574236278850602,7.0,126.29,125.78,0.0040383244912503,-0.00546361548816221,-0.0040383244912503,0.011766576562251663,-0.0005565272698362378
SOL/USDT,2025-12-16 01:24:00+00:00,2025-12-16 01:32:00+00:00,prob_floor,-0.0047194456763445,8.0,126.29,125.99,0.0040383244912503,-0.00546361548816221,-0.002375484994853183,0.010080165092467785,-0.0022223986030637244
SOL/USDT,2025-12-16 01:24:00+00:00,2025-12-16 01:33:00+00:00,gate_close,-0.0295214123696235,9.0,126.29,126.18,0.0040383244912503,-0.00546361548816221,-0.0008710111647795005,0.008559201141226769,-0.003724837533682135
SOL/USDT,2025-12-16 01:24:00+00:00,2025-12-16 01:34:00+00:00,gate_close,-0.1411302934645847,10.0,126.29,126.08,0.0040383244912503,-0.00546361548816221,-0.0016628394963972282,0.009359137055837685,-0.002934644670050779
SOL/USDT,2025-12-16 01:24:00+00:00,2025-12-16 01:35:00+00:00,prob_floor,-0.0853258465681719,11.0,126.29,125.71,0.0040383244912503,-0.00546361548816221,-0.004592604323382821,0.012329965794288578,0.0
SOL/USDT,2025-12-16 01:24:00+00:00,2025-12-16 01:36:00+00:00,take_profit,0.020079940000001,12.0,126.29,125.89,0.0040383244912503,-0.00546361548816221,-0.003167313326470911,0.0108825164826436,-0.0006354754150448283
SOL/USDT,,2025-12-16 01:41:00+00:00,dry_run,0.0,,,126.12,,,,0.009039010466222575,-0.0010307643514114728
SOL/USDT,2025-12-16 01:41:00+00:00,2025-12-16 01:42:00+00:00,take_profit,0.0355831245845091,1.0,126.12,126.14,0.009039010466222575,-0.0010307643514114728,0.00015857913098638043,0.008879023307436285,-0.001189154907245915
SOL/USDT,2025-12-16 01:41:00+00:00,2025-12-16 01:43:00+00:00,take_profit,0.1130892413718485,2.0,126.12,126.29,0.009039010466222575,-0.0010307643514114728,0.0013479226133841227,0.007680734816691626,-0.002375484994853183
SOL/USDT,2025-12-16 01:41:00+00:00,2025-12-16 01:44:00+00:00,take_profit,0.1719793199999994,3.0,126.12,126.54,0.009039010466222575,-0.0010307643514114728,0.003330161750713545,0.005689900426742556,-0.004346451714872912
SOL/USDT,,2025-12-16 01:46:00+00:00,dry_run,0.0,,,126.75,,,,0.004023668639053346,-0.005996055226824448
SOL/USDT,2025-12-16 01:46:00+00:00,2025-12-16 01:47:00+00:00,gate_close,-0.0667559697244333,1.0,126.75,126.64,0.004023668639053346,-0.005996055226824448,-0.0008678500986193383,0.004895767530006312,-0.005132659507264714
SOL/USDT,2025-12-16 01:46:00+00:00,2025-12-16 01:48:00+00:00,gate_close,-0.1101594100613535,2.0,126.75,126.47,0.004023668639053346,-0.005996055226824448,-0.00220907297830375,0.006246540681584589,-0.0037953664900767237
SOL/USDT,2025-12-16 01:46:00+00:00,2025-12-16 01:49:00+00:00,gate_close,-0.0202522920917762,3.0,126.75,126.32,0.004023668639053346,-0.005996055226824448,-0.0033925049309665445,0.007441418619379414,-0.0026124129195693735
SOL/USDT,2025-12-16 01:46:00+00:00,2025-12-16 01:50:00+00:00,gate_close,-0.0264527819392514,4.0,126.75,126.47,0.004023668639053346,-0.005996055226824448,-0.00220907297830375,0.006246540681584589,-0.0037953664900767237
SOL/USDT,2025-12-16 01:46:00+00:00,2025-12-16 01:54:00+00:00,gate_close,-0.0853574432213871,8.0,126.75,126.46,0.004023668639053346,-0.005996055226824448,-0.0022879684418146695,0.006326111023248648,-0.003716590226158445
SOL/USDT,2025-12-16 01:46:00+00:00,2025-12-16 01:55:00+00:00,gate_close,-0.076056706298093,9.0,126.75,126.4,0.004023668639053346,-0.005996055226824448,-0.002761341222879632,0.006803797468354356,-0.003243670886076022
SOL/USDT,2025-12-16 01:46:00+00:00,2025-12-16 01:57:00+00:00,gate_close,-0.1070591640701332,11.0,126.75,126.38,0.004023668639053346,-0.005996055226824448,-0.002919132149901471,0.006963127077069142,-0.0030859313182465264
SOL/USDT,2025-12-16 01:46:00+00:00,2025-12-16 01:58:00+00:00,trailing_prob_drop,-0.0884576889402286,12.0,126.75,126.39,0.004023668639053346,-0.005996055226824448,-0.0028402366863905515,0.006883455969617813,-0.0031648073423530265
SOL/USDT,2025-12-16 01:46:00+00:00,2025-12-16 01:59:00+00:00,prob_floor,-0.0915579346979499,13.0,126.75,126.36,0.004023668639053346,-0.005996055226824448,-0.003076923076923088,0.007122507122507171,-0.002928141817030716
SOL/USDT,2025-12-16 01:46:00+00:00,2025-12-16 02:00:00+00:00,prob_floor,-0.0884576889402286,14.0,126.75,126.39,0.004023668639053346,-0.005996055226824448,-0.0028402366863905515,0.006883455969617813,-0.0031648073423530265
SOL/USDT,2025-12-16 01:46:00+00:00,2025-12-16 02:01:00+00:00,prob_floor,-0.1380616257361231,15.0,126.75,126.39,0.004023668639053346,-0.005996055226824448,-0.0028402366863905515,0.006883455969617813,-0.0031648073423530265
SOL/USDT,2025-12-16 01:46:00+00:00,2025-12-16 02:02:00+00:00,prob_floor,-0.125660640601864,16.0,126.75,126.24,0.004023668639053346,-0.005996055226824448,-0.004023668639053346,0.008079847908745386,-0.0019803548795944703
SOL/USDT,2025-12-16 01:46:00+00:00,2025-12-16 02:03:00+00:00,prob_floor,-0.1318611330909684,17.0,126.75,126.27,0.004023668639053346,-0.005996055226824448,-0.0037869822485206983,0.007840342124020072,-0.0022174704997228734
SOL/USDT,2025-12-16 01:46:00+00:00,2025-12-16 02:04:00+00:00,trailing_prob_drop,-0.1597633512241933,18.0,126.75,126.26,0.004023668639053346,-0.005996055226824448,-0.003865877712031507,0.007920164739426472,-0.002138444479645285
SOL/USDT,2025-12-16 01:46:00+00:00,2025-12-16 02:05:00+00:00,prob_floor,-0.0729564607347092,19.0,126.75,126.16,0.004023668639053346,-0.005996055226824448,-0.004654832347140037,0.008719086873811177,-0.0013474952441344668
SOL/USDT,2025-12-16 01:46:00+00:00,2025-12-16 02:06:00+00:00,prob_floor,-0.1101594100613535,20.0,126.75,126.45,0.004023668639053346,-0.005996055226824448,-0.002366863905325367,0.006405693950177982,-0.0036378015025702037
SOL/USDT,2025-12-16 01:46:00+00:00,2025-12-16 02:07:00+00:00,prob_floor,-0.2155677969980514,21.0,126.75,126.35,0.004023668639053346,-0.005996055226824448,-0.0031558185404340078,0.00720221606648197,-0.002849228333992926
SOL/USDT,2025-12-16 01:46:00+00:00,2025-12-16 02:08:00+00:00,prob_floor,-0.1814650786280148,22.0,126.75,125.99,0.004023668639053346,-0.005996055226824448,-0.005996055226824448,0.010080165092467785,0.0
SOL/USDT,2025-12-16 01:46:00+00:00,2025-12-16 02:09:00+00:00,prob_floor,-0.0419540072353662,23.0,126.75,126.1,0.004023668639053346,-0.005996055226824448,-0.005128205128205221,0.009199048374306296,-0.0003172085646311329
SOL/USDT,2025-12-16 01:46:00+00:00,2025-12-16 02:10:00+00:00,gate_close,-0.0853574432213871,24.0,126.75,126.49,0.004023668639053346,-0.005996055226824448,-0.002051282051282133,0.006087437742114066,-0.0030832476875641834
SOL/USDT,2025-12-16 01:46:00+00:00,2025-12-16 02:11:00+00:00,trailing_prob_drop,-0.0295530269210434,25.0,126.75,126.48,0.004023668639053346,-0.005996055226824448,-0.0021301775147928304,0.006166982922201081,-0.0026881720430107503
SOL/USDT,2025-12-16 01:46:00+00:00,2025-12-16 02:12:00+00:00,gate_close,-0.0512547428779153,26.0,126.75,126.57,0.004023668639053346,-0.005996055226824448,-0.0014201183431953313,0.00545152879829347,-0.004424429169629374
SOL/USDT,2025-12-16 01:46:00+00:00,2025-12-16 02:13:00+00:00,trailing_prob_drop,-0.0605554788694272,27.0,126.75,126.51,0.004023668639053346,-0.005996055226824448,-0.0018934911242602936,0.0059283851078966165,-0.003952256738597781
SOL/USDT,2025-12-16 01:46:00+00:00,2025-12-16 02:14:00+00:00,trailing_prob_drop,-0.0574552335001417,28.0,126.75,126.5,0.004023668639053346,-0.005996055226824448,-0.0019723865877712132,0.006007905138339931,-0.004268774703557354
SOL/USDT,2025-12-16 01:46:00+00:00,2025-12-16 02:15:00+00:00,trailing_prob_drop,-0.0295530269210434,29.0,126.75,126.48,0.004023668639053346,-0.005996055226824448,-0.0021301775147928304,0.006166982922201081,-0.004269449715370022
SOL/USDT,2025-12-16 01:46:00+00:00,2025-12-16 02:16:00+00:00,trailing_prob_drop,-0.0915579346979499,30.0,126.75,126.58,0.004023668639053346,-0.005996055226824448,-0.0013412228796844117,0.005372096697740636,-0.0050560910096382194
SOL/USDT,2025-12-16 01:46:00+00:00,2025-12-16 02:17:00+00:00,gate_close,-0.1070591640701332,31.0,126.75,126.38,0.004023668639053346,-0.005996055226824448,-0.002919132149901471,0.006963127077069142,-0.003481563538534571
SOL/USDT,2025-12-16 01:46:00+00:00,2025-12-16 02:18:00+00:00,gate_close,-0.0915579346979499,32.0,126.75,126.29,0.004023668639053346,-0.005996055226824448,-0.00362919132149897,0.007680734816691626,-0.002771399160662047
SOL/USDT,2025-12-16 01:46:00+00:00,2025-12-16 02:19:00+00:00,trailing_prob_drop,-0.0884576889402286,33.0,126.75,126.39,0.004023668639053346,-0.005996055226824448,-0.0028402366863905515,0.006883455969617813,-0.0037977688108237206
SOL/USDT,2025-12-16 01:46:00+00:00,2025-12-16 02:21:00+00:00,prob_floor,-0.1070591640701332,35.0,126.75,126.27,0.004023668639053346,-0.005996055226824448,-0.0037869822485206983,0.007840342124020072,-0.003088619624613931
SOL/USDT,2025-12-16 01:46:00+00:00,2025-12-16 02:22:00+00:00,trailing_prob_drop,-0.0791569519003374,36.0,126.75,126.33,0.004023668639053346,-0.005996055226824448,-0.003313609467455625,0.0073616718119211555,-0.0035620992638328852
SOL/USDT,2025-12-16 01:46:00+00:00,2025-12-16 02:24:00+00:00,gate_close,-0.0481544976249783,38.0,126.75,126.58,0.004023668639053346,-0.005996055226824448,-0.0013412228796844117,0.005372096697740636,-0.005925106651919698
SOL/USDT,2025-12-16 01:46:00+00:00,2025-12-16 02:25:00+00:00,take_profit,0.1037483199999998,39.0,126.75,126.54,0.004023668639053346,-0.005996055226824448,-0.001656804733727757,0.005689900426742556,-0.005768926821558384
SOL/USDT,,2025-12-16 02:30:00+00:00,dry_run,0.0,,,127.16,,,,7.864108210142717e-05,-0.011402956904687067
SOL/USDT,2025-12-16 02:30:00+00:00,2025-12-16 02:32:00+00:00,gate_close,-0.0636867083520399,2.0,127.16,126.87,7.864108210142717e-05,-0.011402956904687067,-0.0022805913809373912,0.0023646252069047247,-0.011586663513833084
SOL/USDT,2025-12-16 02:30:00+00:00,2025-12-16 02:34:00+00:00,gate_close,-0.1039898895864995,4.0,127.16,126.87,7.864108210142717e-05,-0.011402956904687067,-0.0022805913809373912,0.0023646252069047247,-0.014581855442579061
SOL/USDT,2025-12-16 02:30:00+00:00,2025-12-16 02:37:00+00:00,gate_close,-0.1008896446446765,7.0,127.16,126.9,7.864108210142717e-05,-0.011402956904687067,-0.0020446681346334428,0.0021276595744681437,-0.014814814814814836
SOL/USDT,2025-12-16 02:30:00+00:00,2025-12-16 02:41:00+00:00,prob_floor,-0.1349923411306199,11.0,127.16,126.68,7.864108210142717e-05,-0.011402956904687067,-0.003774771940861843,0.0038680138932742913,-0.01310388380170513
SOL/USDT,2025-12-16 02:30:00+00:00,2025-12-16 02:42:00+00:00,prob_floor,-0.0884886652634083,12.0,127.16,126.74,7.864108210142717e-05,-0.011402956904687067,-0.003302925448254168,0.0033927726053337715,-0.013571090421334975
SOL/USDT,2025-12-16 02:30:00+00:00,2025-12-16 02:43:00+00:00,prob_floor,-0.1256916052612927,13.0,127.16,126.79,7.864108210142717e-05,-0.011402956904687067,-0.0029097200377476984,0.0029970817887845502,-0.013960091489865212
SOL/USDT,2025-12-16 02:30:00+00:00,2025-12-16 02:44:00+00:00,prob_floor,-0.1163908697401548,14.0,127.16,126.75,7.864108210142717e-05,-0.011402956904687067,-0.003224284366152852,0.003313609467455736,-0.013648915187376764
SOL/USDT,2025-12-16 02:30:00+00:00,2025-12-16 02:45:00+00:00,prob_floor,-0.1039898895864995,15.0,127.16,126.75,7.864108210142717e-05,-0.011402956904687067,-0.003224284366152852,0.003313609467455736,-0.013648915187376764
SOL/USDT,2025-12-16 02:30:00+00:00,2025-12-16 02:46:00+00:00,prob_floor,-0.0698871973486633,16.0,127.16,126.89,7.864108210142717e-05,-0.011402956904687067,-0.002123309216734759,0.002206635668689394,-0.014737173930175818
SOL/USDT,2025-12-16 02:30:00+00:00,2025-12-16 02:47:00+00:00,gate_close,-0.0791879311325598,17.0,127.16,126.96,7.864108210142717e-05,-0.011402956904687067,-0.001572821642025768,0.0016540642722118193,-0.0152804032766225
SOL/USDT,2025-12-16 02:30:00+00:00,2025-12-16 02:48:00+00:00,trailing_prob_drop,-0.0357845097721605,18.0,127.16,126.93,7.864108210142717e-05,-0.011402956904687067,-0.0018087448883296053,0.0018908059560387436,-0.015047664066808575
SOL/USDT,2025-12-16 02:30:00+00:00,2025-12-16 02:49:00+00:00,trailing_prob_drop,-0.0481854865341498,19.0,127.16,127.04,7.864108210142717e-05,-0.011402956904687067,-0.0009436929852153497,0.001023299748110773,-0.015900503778337627
SOL/USDT,2025-12-16 02:30:00+00:00,2025-12-16 02:50:00+00:00,gate_close,-0.0202832896841462,20.0,127.16,127.01,7.864108210142717e-05,-0.011402956904687067,-0.0011796162315192982,0.0012597433272969472,-0.015668057633257293
SOL/USDT,2025-12-16 02:30:00+00:00,2025-12-16 02:51:00+00:00,gate_close,-0.0140828019176497,21.0,127.16,127.16,7.864108210142717e-05,-0.011402956904687067,0.0,7.864108210142717e-05,-0.016829191569675994
SOL/USDT,2025-12-16 02:30:00+00:00,2025-12-16 02:53:00+00:00,prob_floor,-0.1411928319037306,23.0,127.16,126.82,7.864108210142717e-05,-0.011402956904687067,-0.002673796791443861,0.0024444093991484728,-0.014193344898281057
SOL/USDT,2025-12-16 02:30:00+00:00,2025-12-16 02:54:00+00:00,trailing_prob_drop,-0.1225913600489031,24.0,127.16,126.72,7.864108210142717e-05,-0.011402956904687067,-0.0034602076124566894,0.0013415404040404422,-0.013415404040404089
SOL/USDT,2025-12-16 02:30:00+00:00,2025-12-16 02:55:00+00:00,trailing_prob_drop,-0.1535938139148233,25.0,127.16,126.76,7.864108210142717e-05,-0.011402956904687067,-0.003145643284051536,0.0010255601136004433,-0.01372672767434524
SOL/USDT,2025-12-16 02:30:00+00:00,2025-12-16 02:56:00+00:00,trailing_prob_drop,-0.147393322831771,26.0,127.16,126.69,7.864108210142717e-05,-0.011402956904687067,-0.003696130858760638,0.0015786565632647243,-0.013181782303259948
SOL/USDT,2025-12-16 02:30:00+00:00,2025-12-16 02:57:00+00:00,trailing_prob_drop,-0.147393322831771,27.0,127.16,126.7,7.864108210142717e-05,-0.011402956904687067,-0.0036174897766593217,0.0014996053670086607,-0.013259668508287303
SOL/USDT,2025-12-16 02:30:00+00:00,2025-12-16 02:58:00+00:00,trailing_prob_drop,-0.1287918505123611,28.0,127.16,126.69,7.864108210142717e-05,-0.011402956904687067,-0.003696130858760638,0.0015786565632647243,-0.013181782303259948
SOL/USDT,2025-12-16 02:30:00+00:00,2025-12-16 02:59:00+00:00,gate_close,-0.1349923411306199,29.0,127.16,126.79,7.864108210142717e-05,-0.011402956904687067,-0.0029097200377476984,0.0007887057338906711,-0.013960091489865212
SOL/USDT,2025-12-16 02:30:00+00:00,2025-12-16 03:00:00+00:00,gate_close,-0.0915889100508366,30.0,127.16,126.78,7.864108210142717e-05,-0.011402956904687067,-0.0029883611198490145,0.0008676447389177611,-0.013882315822684954
SOL/USDT,2025-12-16 02:30:00+00:00,2025-12-16 03:01:00+00:00,prob_floor,-0.1442930773483839,31.0,127.16,126.88,7.864108210142717e-05,-0.011402956904687067,-0.002201950298836075,7.881462799508299e-05,-0.014659520807061788
SOL/USDT,2025-12-16 02:30:00+00:00,2025-12-16 03:02:00+00:00,prob_floor,-0.1442930773483839,32.0,127.16,126.72,7.864108210142717e-05,-0.011402956904687067,-0.0034602076124566894,0.0013415404040404422,-0.013415404040404089
SOL/USDT,2025-12-16 02:30:00+00:00,2025-12-16 03:03:00+00:00,prob_floor,-0.1597943051529653,33.0,127.16,126.69,7.864108210142717e-05,-0.011402956904687067,-0.003696130858760638,0.00039466414081612555,-0.013181782303259948
SOL/USDT,2025-12-16 02:30:00+00:00,2025-12-16 03:04:00+00:00,prob_floor,-0.2248994725348903,34.0,127.16,126.65,7.864108210142717e-05,-0.011402956904687067,-0.00401069518716568,0.0007106198183970402,-0.01287011448874864
SOL/USDT,2025-12-16 02:30:00+00:00,2025-12-16 03:05:00+00:00,prob_floor,-0.2279997190288292,35.0,127.16,126.5,7.864108210142717e-05,-0.011402956904687067,-0.00519031141868509,0.0018972332015809723,-0.01169960474308307
SOL/USDT,2025-12-16 02:30:00+00:00,2025-12-16 03:06:00+00:00,prob_floor,-0.2931049044226998,36.0,127.16,126.44,7.864108210142717e-05,-0.011402956904687067,-0.0056621579112928755,0.0023726668775703175,-0.011230623220499836
SOL/USDT,2025-12-16 02:30:00+00:00,2025-12-16 03:07:00+00:00,prob_floor,-0.2807039153989339,37.0,127.16,126.24,7.864108210142717e-05,-0.011402956904687067,-0.007234979553318643,0.003960709759188941,-0.009664131812420762
SOL/USDT,2025-12-16 02:30:00+00:00,2025-12-16 03:08:00+00:00,prob_floor,-0.2714031740422021,38.0,127.16,126.26,7.864108210142717e-05,-0.011402956904687067,-0.007077697389116011,0.00380167907492468,-0.009821004276889034
SOL/USDT,2025-12-16 02:30:00+00:00,2025-12-16 03:10:00+00:00,prob_floor,-0.2900046571080076,40.0,127.16,126.27,7.864108210142717e-05,-0.011402956904687067,-0.006999056307014806,0.003722182624534609,-0.009899421873762582
SOL/USDT,2025-12-16 02:30:00+00:00,2025-12-16 03:11:00+00:00,prob_floor,-0.3303078752582979,41.0,127.16,126.14,7.864108210142717e-05,-0.011402956904687067,-0.008021390374331472,0.00475661962898366,-0.008879023307436174
SOL/USDT,2025-12-16 02:30:00+00:00,2025-12-16 03:12:00+00:00,prob_floor,-0.3458091147757076,42.0,127.16,126.11,7.864108210142717e-05,-0.011402956904687067,-0.00825731362063542,0.004995638728094498,-0.008643247958131872
SOL/USDT,2025-12-16 02:30:00+00:00,2025-12-16 03:13:00+00:00,prob_floor,-0.3675108517528507,43.0,127.16,126.07,7.864108210142717e-05,-0.011402956904687067,-0.008571877949040574,0.005314507813119818,-0.008328706274292053
SOL/USDT,2025-12-16 02:30:00+00:00,2025-12-16 03:14:00+00:00,prob_floor,-0.358210107097801,44.0,127.16,125.99,7.864108210142717e-05,-0.011402956904687067,-0.009201006605850881,0.005952853401063551,-0.007699023732042232
SOL/USDT,2025-12-16 02:30:00+00:00,2025-12-16 03:15:00+00:00,prob_floor,-0.3458091147757076,45.0,127.16,125.94,7.864108210142717e-05,-0.011402956904687067,-0.00959421201635735,0.006352231221216531,-0.007305065904398944
SOL/USDT,2025-12-16 02:30:00+00:00,2025-12-16 03:16:00+00:00,prob_floor,-0.3489093627971943,46.0,127.16,126.06,7.864108210142717e-05,-0.011402956904687067,-0.008650519031141779,0.005394256703157074,-0.008250039663652231
SOL/USDT,2025-12-16 02:30:00+00:00,2025-12-16 03:17:00+00:00,prob_floor,-0.3644106034951012,47.0,127.16,126.06,7.864108210142717e-05,-0.011402956904687067,-0.008650519031141779,0.005394256703157074,-0.008250039663652231
SOL/USDT,2025-12-16 02:30:00+00:00,2025-12-16 03:18:00+00:00,prob_floor,-0.392312839234407,48.0,127.16,125.96,7.864108210142717e-05,-0.011402956904687067,-0.00943692985215483,0.006192442045093616,-0.007462686567164201
SOL/USDT,2025-12-16 02:30:00+00:00,2025-12-16 03:19:00+00:00,prob_floor,-0.3520096108580223,49.0,127.16,125.92,7.864108210142717e-05,-0.011402956904687067,-0.009751494180559872,0.0065120711562896005,-0.007147395171537507
SOL/USDT,2025-12-16 02:30:00+00:00,2025-12-16 03:20:00+00:00,prob_floor,-0.392312839234407,50.0,127.16,126.09,7.864108210142717e-05,-0.011402956904687067,-0.008414595784837942,0.005155047981600269,-0.008486002062019216
SOL/USDT,2025-12-16 02:30:00+00:00,2025-12-16 03:21:00+00:00,prob_floor,-0.3985133364994654,51.0,127.16,125.88,7.864108210142717e-05,-0.011402956904687067,-0.010066058508965137,0.006831903400063455,-0.006831903400063566
SOL/USDT,2025-12-16 02:30:00+00:00,2025-12-16 03:22:00+00:00,prob_floor,-0.4140145803536059,52.0,127.16,125.88,7.864108210142717e-05,-0.011402956904687067,-0.010066058508965137,0.006831903400063455,-0.006831903400063566
SOL/USDT,2025-12-16 02:30:00+00:00,2025-12-16 03:23:00+00:00,prob_floor,-0.4109143315037181,53.0,127.16,125.84,7.864108210142717e-05,-0.011402956904687067,-0.01038062283737018,0.007151938970120675,-0.0065162110616656665
SOL/USDT,2025-12-16 02:30:00+00:00,2025-12-16 03:24:00+00:00,prob_floor,-0.4233153271406396,54.0,127.16,125.87,7.864108210142717e-05,-0.011402956904687067,-0.010144699591066342,0.006911893223166654,-0.006752999126082515
SOL/USDT,2025-12-16 02:30:00+00:00,2025-12-16 03:25:00+00:00,prob_floor,-0.4357163234108557,55.0,127.16,125.81,7.864108210142717e-05,-0.011402956904687067,-0.010616546083674017,0.007392099197202073,-0.006279310070741673
SOL/USDT,2025-12-16 02:30:00+00:00,2025-12-16 03:26:00+00:00,prob_floor,-0.4512175696400896,56.0,127.16,125.8,7.864108210142717e-05,-0.011402956904687067,-0.010695187165775444,0.007472178060413226,-0.006200317965023849
SOL/USDT,2025-12-16 02:30:00+00:00,2025-12-16 03:27:00+00:00,prob_floor,-0.4543178190048957,57.0,127.16,125.73,7.864108210142717e-05,-0.011402956904687067,-0.011245674740484324,0.008033086773244102,-0.005647021395052909
SOL/USDT,2025-12-16 02:30:00+00:00,2025-12-16 03:28:00+00:00,prob_floor,-0.4016135851912491,58.0,127.16,125.73,7.864108210142717e-05,-0.011402956904687067,-0.011245674740484324,0.008033086773244102,-0.005647021395052909
SOL/USDT,2025-12-16 02:30:00+00:00,2025-12-16 03:29:00+00:00,prob_floor,-0.4326160742838985,59.0,127.16,125.88,7.864108210142717e-05,-0.011402956904687067,-0.010066058508965137,0.006831903400063455,-0.006831903400063566
SOL/USDT,2025-12-16 02:30:00+00:00,2025-12-16 03:30:00+00:00,time_limit,-0.488382679999999,60.0,127.16,125.8,7.864108210142717e-05,-0.011402956904687067,-0.010695187165775444,0.007472178060413226,-0.006200317965023849
SOL/USDT,,2025-12-16 03:42:00+00:00,dry_run,0.0,,,126.02,,,,0.005713378828757332,-0.003570861767973388
SOL/USDT,2025-12-16 03:42:00+00:00,2025-12-16 03:43:00+00:00,gate_close,-0.0109100169597158,1.0,126.02,125.95,0.005713378828757332,-0.003570861767973388,-0.0005554673861291048,0.0062723302897975675,-0.0030170702659786386
SOL/USDT,2025-12-16 03:42:00+00:00,2025-12-16 03:45:00+00:00,take_profit,0.0262898599999998,3.0,126.02,126.03,0.005713378828757332,-0.003570861767973388,7.935248373280857e-05,0.005633579306514314,-0.0036499246211220138
SOL/USDT,,2025-12-16 03:46:00+00:00,dry_run,0.0,,,126.04,,,,0.005553792446842287,-0.003728974928594253
SOL/USDT,2025-12-16 03:46:00+00:00,2025-12-16 03:51:00+00:00,take_profit,0.0045818000000019,5.0,126.04,126.03,0.005553792446842287,-0.003728974928594253,-7.933989209774062e-05,0.005633579306514314,-0.008172657303816555
SOL/USDT,,2025-12-16 03:52:00+00:00,dry_run,0.0,,,126.14,,,,0.00475661962898366,-0.009037577295068933
SOL/USDT,2025-12-16 03:52:00+00:00,2025-12-16 03:53:00+00:00,take_profit,0.0138807873767203,1.0,126.14,126.17,0.00475661962898366,-0.009037577295068933,0.00023783098144924963,0.004517714195133582,-0.009273202821589943
SOL/USDT,2025-12-16 03:52:00+00:00,2025-12-16 03:54:00+00:00,take_profit,0.0169810327656491,2.0,126.14,126.23,0.00475661962898366,-0.009037577295068933,0.0007134929443475269,0.004040243999049231,-0.009744117880060243
SOL/USDT,2025-12-16 03:52:00+00:00,2025-12-16 03:55:00+00:00,take_profit,0.029378699999997,3.0,126.14,126.29,0.00475661962898366,-0.009037577295068933,0.0011891549072460261,0.0035632274922796636,-0.010214585477868465
SOL/USDT,,2025-12-16 03:56:00+00:00,dry_run,0.0,,,126.27,,,,0.003722182624534609,-0.010057812623742723
SOL/USDT,2025-12-16 03:56:00+00:00,2025-12-16 03:57:00+00:00,take_profit,-0.0016264366172119,1.0,126.27,126.23,0.003722182624534609,-0.010057812623742723,-0.0003167814999603946,0.004040243999049231,-0.009744117880060243
SOL/USDT,2025-12-16 03:56:00+00:00,2025-12-16 03:58:00+00:00,take_profit,0.0448733137760347,2.0,126.27,126.38,0.003722182624534609,-0.010057812623742723,0.0008711491248911685,0.0028485519860736996,-0.010919449279949367
SOL/USDT,2025-12-16 03:56:00+00:00,2025-12-16 03:59:00+00:00,take_profit,0.1068687800000014,3.0,126.27,126.47,0.003722182624534609,-0.010057812623742723,0.0015839074998020841,0.0021348936506682126,-0.01162330987585991
SOL/USDT,,2025-12-16 04:04:00+00:00,dry_run,0.0,,,126.38,,,,0.0016616553252097876,-0.010919449279949367
SOL/USDT,2025-12-16 04:04:00+00:00,2025-12-16 04:07:00+00:00,take_profit,0.0138582399999978,3.0,126.38,126.47,0.0016616553252097876,-0.010919449279949367,0.0007121379965184804,0.0009488416225191809,-0.01162330987585991
SOL/USDT,,2025-12-16 04:08:00+00:00,dry_run,0.0,,,126.55,,,,0.0003160806005531036,-0.012248123271434208
SOL/USDT,2025-12-16 04:08:00+00:00,2025-12-16 04:09:00+00:00,take_profit,0.0107625577267568,1.0,126.55,126.44,0.0003160806005531036,-0.012248123271434208,-0.0008692216515211459,0.0011863334387851587,-0.011388801012337857
SOL/USDT,2025-12-16 04:08:00+00:00,2025-12-16 04:12:00+00:00,gate_close,-0.0450418564831612,4.0,126.55,126.47,0.0003160806005531036,-0.012248123271434208,-0.0006321612011063182,0.0007116312168893302,-0.01162330987585991
SOL/USDT,2025-12-16 04:08:00+00:00,2025-12-16 04:13:00+00:00,trailing_prob_drop,-0.0667435765192203,5.0,126.55,126.31,0.0003160806005531036,-0.012248123271434208,-0.0018964836033188437,0.0011083841342727219,-0.010371308684981373
SOL/USDT,2025-12-16 04:08:00+00:00,2025-12-16 04:14:00+00:00,prob_floor,-0.1194477617003007,6.0,126.55,126.3,0.0003160806005531036,-0.012248123271434208,-0.0019755037534571196,0.00039588281868563335,-0.010292953285827355
SOL/USDT,2025-12-16 04:08:00+00:00,2025-12-16 04:15:00+00:00,prob_floor,-0.1318487480893278,7.0,126.55,126.09,0.0003160806005531036,-0.012248123271434208,-0.0036349269063610246,0.002062019192640152,-0.00864461892299151
SOL/USDT,2025-12-16 04:08:00+00:00,2025-12-16 04:16:00+00:00,prob_floor,-0.1318487480893278,8.0,126.55,126.05,0.0003160806005531036,-0.012248123271434208,-0.003951007506914239,0.0023800079333597957,-0.008330027766759174
SOL/USDT,2025-12-16 04:08:00+00:00,2025-12-16 04:17:00+00:00,prob_floor,-0.1473499819562724,9.0,126.55,126.11,0.0003160806005531036,-0.012248123271434208,-0.0034768866060845838,0.0019031004678455865,-0.00880183966378556
SOL/USDT,2025-12-16 04:08:00+00:00,2025-12-16 04:18:00+00:00,prob_floor,-0.1194477617003007,10.0,126.55,125.97,0.0003160806005531036,-0.012248123271434208,-0.004583168708020557,0.003016591251885359,-0.007700246090338925
SOL/USDT,2025-12-16 04:08:00+00:00,2025-12-16 04:19:00+00:00,prob_floor,-0.1318487480893278,11.0,126.55,126.06,0.0003160806005531036,-0.012248123271434208,-0.0038719873567759633,0.0023004918292874876,-0.008408694272568629
SOL/USDT,2025-12-16 04:08:00+00:00,2025-12-16 04:20:00+00:00,prob_floor,-0.1659514638897947,12.0,126.55,126.05,0.0003160806005531036,-0.012248123271434208,-0.003951007506914239,0.0023800079333597957,-0.008330027766759174
SOL/USDT,2025-12-16 04:08:00+00:00,2025-12-16 04:21:00+00:00,prob_floor,-0.2062546795946386,13.0,126.55,125.94,0.0003160806005531036,-0.012248123271434208,-0.004820229158435385,0.0032555185008733556,-0.007463871684929346
SOL/USDT,2025-12-16 04:08:00+00:00,2025-12-16 04:22:00+00:00,prob_floor,-0.1473499819562724,14.0,126.55,125.82,0.0003160806005531036,-0.012248123271434208,-0.005768470960094807,0.0042123668733111685,-0.006517246860594406
SOL/USDT,2025-12-16 04:08:00+00:00,2025-12-16 04:23:00+00:00,prob_floor,-0.1504502288471789,15.0,126.55,125.92,0.0003160806005531036,-0.012248123271434208,-0.004978269458711937,0.003414866581956666,-0.007306226175349484
SOL/USDT,2025-12-16 04:08:00+00:00,2025-12-16 04:24:00+00:00,prob_floor,-0.1225480082388878,16.0,126.55,125.99,0.0003160806005531036,-0.012248123271434208,-0.004425128407744006,0.002857369632510487,-0.007857766489403839
SOL/USDT,2025-12-16 04:08:00+00:00,2025-12-16 04:25:00+00:00,prob_floor,-0.1566507227465779,17.0,126.55,126.08,0.0003160806005531036,-0.012248123271434208,-0.0037139470564994115,0.0021414974619289318,-0.008565989847715727
SOL/USDT,2025-12-16 04:08:00+00:00,2025-12-16 04:26:00+00:00,prob_floor,-0.1845529472359716,18.0,126.55,126.01,0.0003160806005531036,-0.012248123271434208,-0.004267088107467343,0.002698198555669995,-0.008015236885961508
SOL/USDT,2025-12-16 04:08:00+00:00,2025-12-16 04:27:00+00:00,prob_floor,-0.2217559181743677,19.0,126.55,125.89,0.0003160806005531036,-0.012248123271434208,-0.005215329909126765,0.0036539836365079292,-0.007069663992374298
SOL/USDT,2025-12-16 04:08:00+00:00,2025-12-16 04:28:00+00:00,prob_floor,-0.2062546795946386,20.0,126.55,125.77,0.0003160806005531036,-0.012248123271434208,-0.0061635717107862975,0.004611592589647717,-0.0061222867138427395
SOL/USDT,2025-12-16 04:08:00+00:00,2025-12-16 04:29:00+00:00,prob_floor,-0.1814526999134206,21.0,126.55,125.79,0.0003160806005531036,-0.012248123271434208,-0.006005531410509635,0.004451864218141255,-0.006280308450592353
SOL/USDT,2025-12-16 04:08:00+00:00,2025-12-16 04:30:00+00:00,prob_floor,-0.1969539369192214,22.0,126.55,125.89,0.0003160806005531036,-0.012248123271434208,-0.005215329909126765,0.0036539836365079292,-0.007069663992374298
SOL/USDT,2025-12-16 04:08:00+00:00,2025-12-16 04:31:00+00:00,prob_floor,-0.2000541844383532,23.0,126.55,125.85,0.0003160806005531036,-0.012248123271434208,-0.005531410509679979,0.003972983710766709,-0.006754072308303494
SOL/USDT,2025-12-16 04:08:00+00:00,2025-12-16 04:32:00+00:00,prob_floor,-0.2434576538414431,24.0,126.55,125.83,0.0003160806005531036,-0.012248123271434208,-0.005689450809956531,0.00413255980290872,-0.006596201223873499
SOL/USDT,2025-12-16 04:08:00+00:00,2025-12-16 04:33:00+00:00,prob_floor,-0.2589588947876962,25.0,126.55,125.7,0.0003160806005531036,-0.012248123271434208,-0.006716712761754229,0.0051710421638822,-0.005568814638027053
SOL/USDT,2025-12-16 04:08:00+00:00,2025-12-16 04:34:00+00:00,prob_floor,-0.2093549272318288,26.0,126.55,125.64,0.0003160806005531036,-0.012248123271434208,-0.007190833662583884,0.005651066539318572,-0.005093919134033786
SOL/USDT,2025-12-16 04:08:00+00:00,2025-12-16 04:35:00+00:00,prob_floor,-0.2403574057706491,27.0,126.55,125.8,0.0003160806005531036,-0.012248123271434208,-0.005926511260371359,0.004372019077901301,-0.006359300476947549
SOL/USDT,2025-12-16 04:08:00+00:00,2025-12-16 04:36:00+00:00,prob_floor,-0.2186556703796483,28.0,126.55,125.7,0.0003160806005531036,-0.012248123271434208,-0.006716712761754229,0.0051710421638822,-0.005568814638027053
SOL/USDT,2025-12-16 04:08:00+00:00,2025-12-16 04:37:00+00:00,trailing_prob_drop,-0.246557901951699,29.0,126.55,125.79,0.0003160806005531036,-0.012248123271434208,-0.006005531410509635,0.004451864218141255,-0.006280308450592353
SOL/USDT,2025-12-16 04:08:00+00:00,2025-12-16 04:38:00+00:00,prob_floor,-0.2620591430954773,30.0,126.55,125.69,0.0003160806005531036,-0.012248123271434208,-0.006795732911892505,0.005251014400509124,-0.00548969687325962
SOL/USDT,2025-12-16 04:08:00+00:00,2025-12-16 04:39:00+00:00,prob_floor,-0.2155554226243198,31.0,126.55,125.64,0.0003160806005531036,-0.012248123271434208,-0.007190833662583884,0.005651066539318572,-0.005093919134033786
SOL/USDT,2025-12-16 04:08:00+00:00,2025-12-16 04:40:00+00:00,prob_floor,-0.2403574057706491,32.0,126.55,125.74,0.0003160806005531036,-0.012248123271434208,-0.006400632161201125,0.005646572292031138,-0.005885159853666222
SOL/USDT,2025-12-16 04:08:00+00:00,2025-12-16 04:41:00+00:00,prob_floor,-0.246557901951699,33.0,126.55,125.7,0.0003160806005531036,-0.012248123271434208,-0.006716712761754229,0.0069212410501191535,-0.005568814638027053
SOL/USDT,2025-12-16 04:08:00+00:00,2025-12-16 04:42:00+00:00,prob_floor,-0.2093549272318288,34.0,126.55,125.69,0.0003160806005531036,-0.012248123271434208,-0.006795732911892505,0.007717399952263504,-0.00548969687325962
SOL/USDT,2025-12-16 04:08:00+00:00,2025-12-16 04:43:00+00:00,trailing_prob_drop,-0.2155554226243198,35.0,126.55,125.76,0.0003160806005531036,-0.012248123271434208,-0.006242591860924462,0.007156488549618256,-0.0060432569974555594
SOL/USDT,2025-12-16 04:08:00+00:00,2025-12-16 04:44:00+00:00,trailing_prob_drop,-0.2186556703796483,36.0,126.55,125.78,0.0003160806005531036,-0.012248123271434208,-0.006084551560647911,0.006996342820798196,-0.006201303863889285
SOL/USDT,2025-12-16 04:08:00+00:00,2025-12-16 04:45:00+00:00,prob_floor,-0.2403574057706491,37.0,126.55,125.78,0.0003160806005531036,-0.012248123271434208,-0.006084551560647911,0.006996342820798196,-0.006201303863889285
SOL/USDT,2025-12-16 04:08:00+00:00,2025-12-16 04:46:00+00:00,trailing_prob_drop,-0.2744601367219986,38.0,126.55,125.77,0.0003160806005531036,-0.012248123271434208,-0.0061635717107862975,0.007076409318597543,-0.0061222867138427395
SOL/USDT,2025-12-16 04:08:00+00:00,2025-12-16 04:47:00+00:00,prob_floor,-0.3209638684650659,39.0,126.55,125.59,0.0003160806005531036,-0.012248123271434208,-0.007585934413275375,0.008519786607213975,-0.004697826260052551
SOL/USDT,2025-12-16 04:08:00+00:00,2025-12-16 04:48:00+00:00,prob_floor,-0.3767683583538846,40.0,126.55,125.45,0.0003160806005531036,-0.012248123271434208,-0.008692216515211348,0.009645277002789943,-0.0035870864886409226
SOL/USDT,2025-12-16 04:08:00+00:00,2025-12-16 04:49:00+00:00,prob_floor,-0.2961618770922148,41.0,126.55,125.26,0.0003160806005531036,-0.012248123271434208,-0.010193599367838702,0.011176752355101405,-0.0020756825802331624
SOL/USDT,2025-12-16 04:08:00+00:00,2025-12-16 04:50:00+00:00,prob_floor,-0.2558586465194328,42.0,126.55,125.52,0.0003160806005531036,-0.012248123271434208,-0.008139075464243417,0.009082217973231277,-0.0020713830465264316
SOL/USDT,2025-12-16 04:08:00+00:00,2025-12-16 04:51:00+00:00,gate_close,-0.1690517110159946,43.0,126.55,125.65,0.0003160806005531036,-0.012248123271434208,-0.007111813512445608,0.008038201352964514,-0.0009550338241146594
SOL/USDT,2025-12-16 04:08:00+00:00,2025-12-16 04:52:00+00:00,gate_close,-0.1969539369192214,44.0,126.55,125.93,0.0003160806005531036,-0.012248123271434208,-0.004899249308573661,0.005796871277693905,-0.0022234574763757564
SOL/USDT,2025-12-16 04:08:00+00:00,2025-12-16 04:53:00+00:00,gate_close,-0.2062546795946386,45.0,126.55,125.77,0.0003160806005531036,-0.012248123271434208,-0.0061635717107862975,0.007076409318597543,-0.00023853065118872863
SOL/USDT,2025-12-16 04:08:00+00:00,2025-12-16 04:55:00+00:00,gate_close,-0.1380492415186263,47.0,126.55,125.92,0.0003160806005531036,-0.012248123271434208,-0.004978269458711937,0.005876747141041916,-0.001429479034307568
SOL/USDT,2025-12-16 04:08:00+00:00,2025-12-16 04:56:00+00:00,gate_close,-0.1442497351045459,48.0,126.55,126.03,0.0003160806005531036,-0.012248123271434208,-0.004109047807190791,0.004998809807188698,-0.0007934618741568533
SOL/USDT,2025-12-16 04:08:00+00:00,2025-12-16 05:03:00+00:00,gate_close,-0.0853450523544981,55.0,126.55,126.23,0.0003160806005531036,-0.012248123271434208,-0.002528644804425051,0.003406480234492637,-0.0021389527053791157
SOL/USDT,2025-12-16 04:08:00+00:00,2025-12-16 05:08:00+00:00,time_limit,-0.0698392800000008,60.0,126.55,126.17,0.0003160806005531036,-0.012248123271434208,-0.0030027657052548173,0.004200681620036395,-0.0016644210192597875
SOL/USDT,,2025-12-16 05:10:00+00:00,dry_run,0.0,,,126.34,,,,0.003640968814310641,-0.0030077568466044813
SOL/USDT,2025-12-16 05:10:00+00:00,2025-12-16 05:11:00+00:00,gate_close,-0.048119170375922,1.0,126.34,126.06,0.003640968814310641,-0.0030077568466044813,-0.0022162418869716705,0.005870220529906378,-0.000793273044581988
SOL/USDT,2025-12-16 05:10:00+00:00,2025-12-16 05:12:00+00:00,trailing_prob_drop,-0.0202169548597654,2.0,126.34,125.96,0.003640968814310641,-0.0030077568466044813,-0.0030077568466044813,0.006668783740870099,0.0
SOL/USDT,2025-12-16 05:10:00+00:00,2025-12-16 05:13:00+00:00,trailing_prob_drop,-0.0233172008719791,3.0,126.34,126.04,0.003640968814310641,-0.0030077568466044813,-0.0023745448788982104,0.006029831799428731,-0.0004760393525864437
SOL/USDT,2025-12-16 05:10:00+00:00,2025-12-16 05:14:00+00:00,trailing_prob_drop,-0.0171167088865974,4.0,126.34,126.0,0.003640968814310641,-0.0030077568466044813,-0.0026911508627512903,0.006349206349206327,0.0
SOL/USDT,2025-12-16 05:10:00+00:00,2025-12-16 05:15:00+00:00,take_profit,0.0262836600000042,5.0,126.34,126.0,0.003640968814310641,-0.0030077568466044813,-0.0026911508627512903,0.006349206349206327,0.0
SOL/USDT,,2025-12-16 05:19:00+00:00,dry_run,0.0,,,126.24,,,,0.004435994930291454,-0.001346641318124231
SOL/USDT,2025-12-16 05:19:00+00:00,2025-12-16 05:23:00+00:00,take_profit,0.0076793199999991,4.0,126.24,126.12,0.004435994930291454,-0.001346641318124231,-0.000950570342205248,0.006898192197906772,-0.0003964478274659511
SOL/USDT,,2025-12-16 05:26:00+00:00,dry_run,0.0,,,126.19,,,,0.006815120057056756,-0.0009509469847056584
SOL/USDT,2025-12-16 05:26:00+00:00,2025-12-16 05:30:00+00:00,gate_close,-0.0822392302279424,4.0,126.19,126.08,0.006815120057056756,-0.0009509469847056584,-0.0008717014026468073,0.008328045685279228,-7.931472081224022e-05
SOL/USDT,2025-12-16 05:26:00+00:00,2025-12-16 05:32:00+00:00,prob_floor,-0.0791389840210897,6.0,126.19,126.07,0.006815120057056756,-0.0009509469847056584,-0.0009509469847056584,0.008408027286428199,0.0
SOL/USDT,2025-12-16 05:26:00+00:00,2025-12-16 05:37:00+00:00,gate_close,-0.0326352955972596,11.0,126.19,126.2,0.006815120057056756,-0.0009509469847056584,7.924558205885113e-05,0.0077654516640253135,0.0
SOL/USDT,2025-12-16 05:26:00+00:00,2025-12-16 05:39:00+00:00,take_profit,0.0355663000000001,13.0,126.19,126.29,0.006815120057056756,-0.0009509469847056584,0.0007924558205880672,0.00752236915036808,-0.0006334626652942932
SOL/USDT,,2025-12-16 05:41:00+00:00,dry_run,0.0,,,126.57,,,,0.005293513470806754,-0.0022122145848145758
SOL/USDT,2025-12-16 05:41:00+00:00,2025-12-16 05:42:00+00:00,gate_close,-0.0419546270514838,1.0,126.57,126.66,0.005293513470806754,-0.0022122145848145758,0.000711068973690443,0.004579188378335708,-0.002921206379283059
SOL/USDT,2025-12-16 05:41:00+00:00,2025-12-16 05:45:00+00:00,gate_close,-0.0574558532192436,4.0,126.57,126.63,0.005293513470806754,-0.0022122145848145758,0.00047404598246036933,0.0048171839216615275,-0.0026849877596145655
SOL/USDT,2025-12-16 05:41:00+00:00,2025-12-16 05:49:00+00:00,gate_close,-0.0729570803566466,8.0,126.57,126.37,0.005293513470806754,-0.0022122145848145758,-0.0015801532748676017,0.006884545382606522,-0.0006330616443775972
SOL/USDT,2025-12-16 05:41:00+00:00,2025-12-16 05:55:00+00:00,trailing_prob_drop,-0.0698568348515452,14.0,126.57,126.36,0.005293513470806754,-0.0022122145848145758,-0.0016591609386109596,0.008151313706869168,-0.00047483380816715215
SOL/USDT,2025-12-16 05:41:00+00:00,2025-12-16 05:56:00+00:00,prob_floor,-0.0605560985691183,15.0,126.57,126.46,0.005293513470806754,-0.0022122145848145758,-0.0008690843011771587,0.007433180452317112,-0.0012652222046496409
SOL/USDT,2025-12-16 05:41:00+00:00,2025-12-16 05:57:00+00:00,prob_floor,-0.0605560985691183,16.0,126.57,126.5,0.005293513470806754,-0.0022122145848145758,-0.0005530536462036162,0.007588932806324111,-0.0015810276679841806
SOL/USDT,2025-12-16 05:41:00+00:00,2025-12-16 05:58:00+00:00,trailing_prob_drop,-0.0915585542030966,17.0,126.57,126.5,0.005293513470806754,-0.0022122145848145758,-0.0005530536462036162,0.007588932806324111,-0.0015810276679841806
SOL/USDT,2025-12-16 05:41:00+00:00,2025-12-16 05:59:00+00:00,trailing_prob_drop,-0.1101600294494834,18.0,126.57,126.41,0.005293513470806754,-0.0022122145848145758,-0.0012641226198940592,0.00830630488094286,-0.000870184320860723
SOL/USDT,2025-12-16 05:41:00+00:00,2025-12-16 06:00:00+00:00,prob_floor,-0.1039595375450171,19.0,126.57,126.34,0.005293513470806754,-0.0022122145848145758,-0.0018171762660976754,0.008864967547886682,-0.00031660598385319094
SOL/USDT,2025-12-16 05:41:00+00:00,2025-12-16 06:01:00+00:00,prob_floor,-0.085358062765499,20.0,126.57,126.36,0.005293513470806754,-0.0022122145848145758,-0.0016591609386109596,0.008705286483064123,-0.00047483380816715215
SOL/USDT,2025-12-16 05:41:00+00:00,2025-12-16 06:02:00+00:00,prob_floor,-0.0667565893852577,21.0,126.57,126.4,0.005293513470806754,-0.0022122145848145758,-0.001343130283637417,0.008386075949367022,-0.00031645569620253333
SOL/USDT,2025-12-16 05:41:00+00:00,2025-12-16 06:03:00+00:00,trailing_prob_drop,-0.0667565893852577,22.0,126.57,126.43,0.005293513470806754,-0.0022122145848145758,-0.0011061072924072324,0.008146800601122939,-7.909515146720114e-05
SOL/USDT,2025-12-16 05:41:00+00:00,2025-12-16 06:06:00+00:00,gate_close,-0.0078519328899108,25.0,126.57,126.56,0.005293513470806754,-0.0022122145848145758,-7.900766374335788e-05,0.007111251580278033,0.0
SOL/USDT,2025-12-16 05:41:00+00:00,2025-12-16 06:08:00+00:00,take_profit,0.0386476999999973,27.0,126.57,126.69,0.005293513470806754,-0.0022122145848145758,0.0009480919649207387,0.006077827768568911,-0.0007893282816322511
SOL/USDT,,2025-12-16 06:10:00+00:00,dry_run,0.0,,,126.8,,,,0.005205047318612044,-0.0016561514195583271
SOL/USDT,2025-12-16 06:10:00+00:00,2025-12-16 06:13:00+00:00,gate_close,-0.0574620504127042,3.0,126.8,126.68,0.005205047318612044,-0.0016561514195583271,-0.0009463722397475838,0.006157246605620337,-0.0007104515314177995
SOL/USDT,2025-12-16 06:10:00+00:00,2025-12-16 06:17:00+00:00,gate_close,-0.0357603354055664,7.0,126.8,126.59,0.005205047318612044,-0.0016561514195583271,-0.0016561514195583271,0.0068725807725726895,0.0
SOL/USDT,2025-12-16 06:10:00+00:00,2025-12-16 06:20:00+00:00,take_profit,0.0231414999999982,10.0,126.8,126.67,0.005205047318612044,-0.0016561514195583271,-0.001025236593059864,0.006236677982158323,0.0
SOL/USDT,,2025-12-16 06:23:00+00:00,dry_run,0.0,,,126.97,,,,0.003859179333700835,-0.002914074190753735
SOL/USDT,2025-12-16 06:23:00+00:00,2025-12-16 06:25:00+00:00,take_profit,0.0107284497721689,2.0,126.97,127.0,0.003859179333700835,-0.002914074190753735,0.00023627628573685833,0.0036220472440944285,-0.0031496062992126816
SOL/USDT,2025-12-16 06:23:00+00:00,2025-12-16 06:26:00+00:00,take_profit,0.0355266200000001,3.0,126.97,127.05,0.003859179333700835,-0.002914074190753735,0.0006300700952981408,0.0032270759543486793,-0.0035419126328217754
SOL/USDT,,2025-12-16 06:27:00+00:00,dry_run,0.0,,,127.13,,,,0.0025957681113819575,-0.004168960906159036
SOL/USDT,2025-12-16 06:27:00+00:00,2025-12-16 06:30:00+00:00,take_profit,0.0169228999999994,3.0,127.13,127.05,0.0025957681113819575,-0.004168960906159036,-0.0006292771179108314,0.0032270759543486793,-0.0035419126328217754
SOL/USDT,,2025-12-16 06:31:00+00:00,dry_run,0.0,,,127.13,,,,0.0025957681113819575,-0.004168960906159036
SOL/USDT,2025-12-16 06:31:00+00:00,2025-12-16 06:33:00+00:00,gate_close,-0.0264812979497075,2.0,127.13,127.07,0.0025957681113819575,-0.004168960906159036,-0.00047195783843312356,0.0030691744707640467,-0.004013535846383864
SOL/USDT,2025-12-16 06:31:00+00:00,2025-12-16 06:36:00+00:00,take_profit,0.0169198000000038,5.0,127.13,127.13,0.0025957681113819575,-0.004168960906159036,0.0,0.0025957681113819575,-0.004483599465114452
SOL/USDT,,2025-12-16 06:40:00+00:00,dry_run,0.0,,,127.18,,,,0.0022016040257901714,-0.007548356659852207
SOL/USDT,2025-12-16 06:40:00+00:00,2025-12-16 06:42:00+00:00,prob_floor,-0.0481867260923236,2.0,127.18,127.04,0.0022016040257901714,-0.007548356659852207,-0.0011008020128950857,0.00330604534005019,-0.008343828715365209
SOL/USDT,2025-12-16 06:40:00+00:00,2025-12-16 06:45:00+00:00,gate_close,-0.0047833106514073,5.0,127.18,127.09,0.0022016040257901714,-0.007548356659852207,-0.0007076584368611583,0.0029113226847115037,-0.010779762373121393
SOL/USDT,2025-12-16 06:40:00+00:00,2025-12-16 06:48:00+00:00,trailing_prob_drop,-0.0388859935785979,8.0,127.18,127.05,0.0022016040257901714,-0.007548356659852207,-0.001022173297688389,0.0032270759543486793,-0.010468319559228667
SOL/USDT,2025-12-16 06:40:00+00:00,2025-12-16 06:50:00+00:00,take_profit,0.0169160799999994,10.0,127.18,127.05,0.0022016040257901714,-0.007548356659852207,-0.001022173297688389,0.0032270759543486793,-0.010468319559228667
SOL/USDT,,2025-12-16 06:54:00+00:00,dry_run,0.0,,,127.29,,,,0.001335533034802383,-0.013119648047764998
SOL/USDT,2025-12-16 06:54:00+00:00,2025-12-16 06:55:00+00:00,take_profit,0.0200080942433452,1.0,127.29,127.32,0.001335533034802383,-0.013119648047764998,0.0002356823002591657,0.0010995915802702871,-0.013352183474709345
SOL/USDT,2025-12-16 06:54:00+00:00,2025-12-16 06:56:00+00:00,take_profit,0.0107073648891381,2.0,127.29,127.4,0.001335533034802383,-0.013119648047764998,0.0008641684342838296,0.00047095761381465984,-0.013971742543171128
SOL/USDT,2025-12-16 06:54:00+00:00,2025-12-16 06:57:00+00:00,gate_close,-0.0264955559657468,3.0,127.29,127.41,0.001335533034802383,-0.013119648047764998,0.0009427292010368848,0.000392433874891962,-0.014049132721136393
SOL/USDT,2025-12-16 06:54:00+00:00,2025-12-16 06:58:00+00:00,gate_close,-0.0202950687742056,4.0,127.29,127.29,0.001335533034802383,-0.013119648047764998,0.0,0.0008641684342838296,-0.013119648047764998
SOL/USDT,2025-12-16 06:54:00+00:00,2025-12-16 07:00:00+00:00,gate_close,0.0014055400000003,6.0,127.29,127.35,0.001335533034802383,-0.013119648047764998,0.0004713646005183314,0.00015704750687084434,-0.01499803690616408
SOL/USDT,,2025-12-16 07:01:00+00:00,dry_run,0.0,,,127.37,,,,0.0,-0.01515270471853658
SOL/USDT,2025-12-16 07:01:00+00:00,2025-12-16 07:02:00+00:00,take_profit,0.0200118154465216,1.0,127.37,127.26,0.0,-0.01515270471853658,-0.0008636256575331736,0.0008643721515009251,-0.014301430143014326
SOL/USDT,2025-12-16 07:01:00+00:00,2025-12-16 07:03:00+00:00,take_profit,0.016911572252188,2.0,127.37,127.33,0.0,-0.01515270471853658,-0.000314045693648457,0.0003141443493286378,-0.014843320505772417
SOL/USDT,2025-12-16 07:01:00+00:00,2025-12-16 07:04:00+00:00,take_profit,0.0076092599999991,3.0,127.37,127.36,0.0,-0.01515270471853658,-7.851142341219752e-05,7.851758793964159e-05,-0.015075376884422176
SOL/USDT,,2025-12-16 07:05:00+00:00,dry_run,0.0,,,127.34,,,,0.0002355897596983958,-0.014920684780901583
SOL/USDT,2025-12-16 07:05:00+00:00,2025-12-16 07:07:00+00:00,trailing_prob_drop,-0.0419973944327913,2.0,127.34,127.28,0.0002355897596983958,-0.014920684780901583,-0.0004711795193969026,0.0007071024512885771,-0.014456316781898182
SOL/USDT,2025-12-16 07:05:00+00:00,2025-12-16 07:08:00+00:00,trailing_prob_drop,-0.0326966631860184,3.0,127.34,127.25,0.0002355897596983958,-0.014920684780901583,-0.0007067692790954094,0.00039292730844797674,-0.014223968565815315
SOL/USDT,2025-12-16 07:05:00+00:00,2025-12-16 07:09:00+00:00,trailing_prob_drop,-0.0823005671573013,4.0,127.34,127.27,0.0002355897596983958,-0.014920684780901583,-0.0005497094392964419,0.0,-0.014378879547418899
SOL/USDT,2025-12-16 07:05:00+00:00,2025-12-16 07:10:00+00:00,prob_floor,-0.0729998344142539,5.0,127.34,127.12,0.0002355897596983958,-0.014920684780901583,-0.001727658237788643,0.0010226557583385976,-0.013215859030837107
SOL/USDT,2025-12-16 07:05:00+00:00,2025-12-16 07:11:00+00:00,prob_floor,-0.0605988579612336,6.0,127.34,127.14,0.0002355897596983958,-0.014920684780901583,-0.0015705983979896754,0.0008651879817525021,-0.013371086990718872
SOL/USDT,2025-12-16 07:05:00+00:00,2025-12-16 07:12:00+00:00,prob_floor,-0.0667993461109619,7.0,127.34,127.25,0.0002355897596983958,-0.014920684780901583,-0.0007067692790954094,0.0,-0.014223968565815315
SOL/USDT,2025-12-16 07:05:00+00:00,2025-12-16 07:13:00+00:00,trailing_prob_drop,-0.1257039912029957,8.0,127.34,127.16,0.0002355897596983958,-0.014920684780901583,-0.0014135385581907078,0.0001572821642026323,-0.013526266121421826
SOL/USDT,2025-12-16 07:05:00+00:00,2025-12-16 07:14:00+00:00,prob_floor,-0.1567064415763515,9.0,127.34,126.98,0.0002355897596983958,-0.014920684780901583,-0.0028270771163813047,0.0014175460702472442,-0.012127894156560126
SOL/USDT,2025-12-16 07:05:00+00:00,2025-12-16 07:15:00+00:00,prob_floor,-0.1412052159070338,10.0,127.34,126.88,0.0002355897596983958,-0.014920684780901583,-0.0036123763153762534,0.0010245901639345245,-0.011349306431273631
SOL/USDT,2025-12-16 07:05:00+00:00,2025-12-16 07:16:00+00:00,prob_floor,-0.1567064415763515,11.0,127.34,126.89,0.0002355897596983958,-0.014920684780901583,-0.003533846395476714,0.0007880841673890693,-0.011427220427141616
SOL/USDT,2025-12-16 07:05:00+00:00,2025-12-16 07:17:00+00:00,prob_floor,-0.1505059511927208,12.0,127.34,126.88,0.0002355897596983958,-0.014920684780901583,-0.0036123763153762534,0.0008669609079445806,-0.011349306431273631
SOL/USDT,2025-12-16 07:05:00+00:00,2025-12-16 07:18:00+00:00,prob_floor,-0.1660071774417568,13.0,127.34,126.89,0.0002355897596983958,-0.014920684780901583,-0.003533846395476714,0.0,-0.011427220427141616
SOL/USDT,2025-12-16 07:05:00+00:00,2025-12-16 07:19:00+00:00,prob_floor,-0.1939093871279266,14.0,127.34,126.86,0.0002355897596983958,-0.014920684780901583,-0.00376943615517511,0.00015765410688950432,-0.011193441589153363
SOL/USDT,2025-12-16 07:05:00+00:00,2025-12-16 07:20:00+00:00,prob_floor,-0.2218115999542136,15.0,127.34,126.76,0.0002355897596983958,-0.014920684780901583,-0.004554735354169948,0.0009466708740926144,-0.010413379615020535
SOL/USDT,2025-12-16 07:05:00+00:00,2025-12-16 07:21:00+00:00,prob_floor,-0.1939093871279266,16.0,127.34,126.66,0.0002355897596983958,-0.014920684780901583,-0.005340034553164785,0.001105321332701692,-0.009632085899257792
SOL/USDT,2025-12-16 07:05:00+00:00,2025-12-16 07:22:00+00:00,prob_floor,-0.2249118460179191,17.0,127.34,126.76,0.0002355897596983958,-0.014920684780901583,-0.004554735354169948,0.00031555695803087147,-0.010413379615020535
SOL/USDT,2025-12-16 07:05:00+00:00,2025-12-16 07:23:00+00:00,prob_floor,-0.2249118460179191,18.0,127.34,126.63,0.0002355897596983958,-0.014920684780901583,-0.005575624312863292,0.001105583195135429,-0.009397457158651146
SOL/USDT,2025-12-16 07:05:00+00:00,2025-12-16 07:24:00+00:00,prob_floor,-0.2342125844422475,19.0,127.34,126.67,0.0002355897596983958,-0.014920684780901583,-0.005261504633265246,0.0007894529091339031,-0.009710270782347874
SOL/USDT,2025-12-16 07:05:00+00:00,2025-12-16 07:25:00+00:00,prob_floor,-0.2249118460179191,20.0,127.34,126.63,0.0002355897596983958,-0.014920684780901583,-0.005575624312863292,0.001105583195135429,-0.009397457158651146
SOL/USDT,2025-12-16 07:05:00+00:00,2025-12-16 07:26:00+00:00,prob_floor,-0.2187113539293488,21.0,127.34,126.66,0.0002355897596983958,-0.014920684780901583,-0.005340034553164785,0.000868466761408504,-0.009632085899257792
SOL/USDT,2025-12-16 07:05:00+00:00,2025-12-16 07:27:00+00:00,prob_floor,-0.2280120921204967,22.0,127.34,126.67,0.0002355897596983958,-0.014920684780901583,-0.005261504633265246,0.0007894529091339031,-0.009710270782347874
SOL/USDT,2025-12-16 07:05:00+00:00,2025-12-16 07:28:00+00:00,prob_floor,-0.2094106160877602,23.0,127.34,126.65,0.0002355897596983958,-0.014920684780901583,-0.0054185644730642135,0.0009474930911961277,-0.00955388866956186
SOL/USDT,2025-12-16 07:05:00+00:00,2025-12-16 07:29:00+00:00,prob_floor,-0.2218115999542136,24.0,127.34,126.75,0.0002355897596983958,-0.014920684780901583,-0.004633265274069487,0.00015779092702161712,-0.01033530571992114
SOL/USDT,2025-12-16 07:05:00+00:00,2025-12-16 07:30:00+00:00,prob_floor,-0.2125108619961358,25.0,127.34,126.69,0.0002355897596983958,-0.014920684780901583,-0.0051044447934663895,0.0006314626253058897,-0.009866603520404138
SOL/USDT,2025-12-16 07:05:00+00:00,2025-12-16 07:31:00+00:00,prob_floor,-0.1877088958154249,26.0,127.34,126.71,0.0002355897596983958,-0.014920684780901583,-0.004947384953667422,0.00047352221608409906,-0.010022886907110728
SOL/USDT,2025-12-16 07:05:00+00:00,2025-12-16 07:32:00+00:00,trailing_prob_drop,-0.2435133232165539,27.0,127.34,126.77,0.0002355897596983958,-0.014920684780901583,-0.004476205434270519,0.0,-0.01049144119271117
SOL/USDT,2025-12-16 07:05:00+00:00,2025-12-16 07:33:00+00:00,prob_floor,-0.2373128306614568,28.0,127.34,126.56,0.0002355897596983958,-0.014920684780901583,-0.006125333752159623,0.0016592920353981633,-0.008849557522123908
SOL/USDT,2025-12-16 07:05:00+00:00,2025-12-16 07:34:00+00:00,prob_floor,-0.2218115999542136,29.0,127.34,126.59,0.0002355897596983958,-0.014920684780901583,-0.005889743992461116,0.0005529662690575421,-0.009084445848803302
SOL/USDT,2025-12-16 07:05:00+00:00,2025-12-16 07:35:00+00:00,prob_floor,-0.2373128306614568,30.0,127.34,126.59,0.0002355897596983958,-0.014920684780901583,-0.005889743992461116,0.0005529662690575421,-0.009084445848803302
SOL/USDT,2025-12-16 07:05:00+00:00,2025-12-16 07:36:00+00:00,trailing_prob_drop,-0.2900170223464781,31.0,127.34,126.61,0.0002355897596983958,-0.014920684780901583,-0.005732684152662149,0.000394913513940498,-0.009240976226206454
SOL/USDT,2025-12-16 07:05:00+00:00,2025-12-16 07:37:00+00:00,prob_floor,-0.283816528622153,32.0,127.34,126.44,0.0002355897596983958,-0.014920684780901583,-0.007067692790953428,0.00134451123062318,-0.00790888959190128
SOL/USDT,2025-12-16 07:05:00+00:00,2025-12-16 07:38:00+00:00,prob_floor,-0.3179192460401295,33.0,127.34,126.47,0.0002355897596983958,-0.014920684780901583,-0.006832103031254921,7.907013521002426e-05,-0.008144223926622951
SOL/USDT,2025-12-16 07:05:00+00:00,2025-12-16 07:39:00+00:00,prob_floor,-0.352021968193596,34.0,127.34,126.36,0.0002355897596983958,-0.014920684780901583,-0.007695932150149187,0.00047483380816726317,-0.007280785058562889
SOL/USDT,2025-12-16 07:05:00+00:00,2025-12-16 07:40:00+00:00,prob_floor,-0.4109266812851568,35.0,127.34,126.22,0.0002355897596983958,-0.014920684780901583,-0.00879535102874196,0.0005545872286485398,-0.006179686262082096
SOL/USDT,2025-12-16 07:05:00+00:00,2025-12-16 07:41:00+00:00,prob_floor,-0.4326284212707831,36.0,127.34,126.06,0.0002355897596983958,-0.014920684780901583,-0.0100518297471337,0.0018245280025384059,-0.0049182928764081035
SOL/USDT,2025-12-16 07:05:00+00:00,2025-12-16 07:42:00+00:00,prob_floor,-0.4822324056507101,37.0,127.34,125.98,0.0002355897596983958,-0.014920684780901583,-0.01068006910632946,0.0024607080488967537,-0.004286394665820037
SOL/USDT,2025-12-16 07:05:00+00:00,2025-12-16 07:43:00+00:00,prob_floor,-0.5101346513206316,38.0,127.34,125.79,0.0002355897596983958,-0.014920684780901583,-0.012172137584419596,0.00437236664281726,-0.0027824151363383676
SOL/USDT,2025-12-16 07:05:00+00:00,2025-12-16 07:44:00+00:00,prob_floor,-0.4915331538503082,39.0,127.34,125.74,0.0002355897596983958,-0.014920684780901583,-0.012564787183917181,0.004851280419914117,-0.002385875616351174
SOL/USDT,2025-12-16 07:05:00+00:00,2025-12-16 07:45:00+00:00,prob_floor,-0.4543301631910453,40.0,127.34,125.8,0.0002355897596983958,-0.014920684780901583,-0.012093607664520278,0.00588235294117645,-0.002861685214626375
SOL/USDT,2025-12-16 07:05:00+00:00,2025-12-16 07:46:00+00:00,prob_floor,-0.4481296653019375,41.0,127.34,125.9,0.0002355897596983958,-0.014920684780901583,-0.01130830846552533,0.005083399523431398,-0.003653693407466352
SOL/USDT,2025-12-16 07:05:00+00:00,2025-12-16 07:47:00+00:00,prob_floor,-0.479132156330118,42.0,127.34,125.92,0.0002355897596983958,-0.014920684780901583,-0.011151248625726362,0.004923761118170278,-0.003811944091486663
SOL/USDT,2025-12-16 07:05:00+00:00,2025-12-16 07:48:00+00:00,prob_floor,-0.469831408606049,43.0,127.34,125.83,0.0002355897596983958,-0.014920684780901583,-0.011858017904821772,0.00564253357704847,-0.0030994198521815397
SOL/USDT,2025-12-16 07:05:00+00:00,2025-12-16 07:49:00+00:00,prob_floor,-0.4915331538503082,44.0,127.34,125.86,0.0002355897596983958,-0.014920684780901583,-0.011622428145123376,0.005402828539647242,-0.0033370411568409697
SOL/USDT,2025-12-16 07:05:00+00:00,2025-12-16 07:50:00+00:00,prob_floor,-0.5349366501722935,45.0,127.34,125.8,0.0002355897596983958,-0.014920684780901583,-0.012093607664520278,0.00588235294117645,-0.002861685214626375
SOL/USDT,2025-12-16 07:05:00+00:00,2025-12-16 07:51:00+00:00,prob_floor,-0.4853326550109262,46.0,127.34,125.65,0.0002355897596983958,-0.014920684780901583,-0.013271556463012368,0.007083167528850076,-0.0016713091922005985
SOL/USDT,2025-12-16 07:05:00+00:00,2025-12-16 07:52:00+00:00,prob_floor,-0.5473376505528826,47.0,127.34,125.81,0.0002355897596983958,-0.014920684780901583,-0.012015077744620739,0.005802400445115596,-0.0029409426913600267
SOL/USDT,2025-12-16 07:05:00+00:00,2025-12-16 07:53:00+00:00,prob_floor,-0.5008339024068665,48.0,127.34,125.62,0.0002355897596983958,-0.014920684780901583,-0.013507146222710875,0.0073236745741123155,-0.0014328928514568684
SOL/USDT,2025-12-16 07:05:00+00:00,2025-12-16 07:55:00+00:00,prob_floor,-0.4915331538503082,50.0,127.34,125.73,0.0002355897596983958,-0.014920684780901583,-0.012643317103816498,0.006442376521116788,-0.002306529865584994
SOL/USDT,2025-12-16 07:05:00+00:00,2025-12-16 07:56:00+00:00,prob_floor,-0.5132349010379827,51.0,127.34,125.83,0.0002355897596983958,-0.014920684780901583,-0.011858017904821772,0.00564253357704847,-0.0030994198521815397
SOL/USDT,2025-12-16 07:05:00+00:00,2025-12-16 07:57:00+00:00,prob_floor,-0.5349366501722935,52.0,127.34,125.7,0.0002355897596983958,-0.014920684780901583,-0.012878906863515005,0.006682577565632508,-0.0020684168655529245
SOL/USDT,2025-12-16 07:05:00+00:00,2025-12-16 07:58:00+00:00,trailing_prob_drop,-0.550437900747586,53.0,127.34,125.66,0.0002355897596983958,-0.014920684780901583,-0.01319302654311294,0.007003024033105376,-0.001750756008276344
SOL/USDT,2025-12-16 07:05:00+00:00,2025-12-16 07:59:00+00:00,trailing_prob_drop,-0.6031421601610357,54.0,127.34,125.6,0.0002355897596983958,-0.014920684780901583,-0.013664206062509843,0.007484076433121212,-0.001273885350318471
SOL/USDT,2025-12-16 07:05:00+00:00,2025-12-16 08:00:00+00:00,prob_floor,-0.5690394027527941,55.0,127.34,125.44,0.0002355897596983958,-0.014920684780901583,-0.014920684780901583,0.008769132653061229,0.0
SOL/USDT,2025-12-16 07:05:00+00:00,2025-12-16 08:01:00+00:00,prob_floor,-0.5380369002077307,56.0,127.34,125.55,0.0002355897596983958,-0.014920684780901583,-0.014056855662007317,0.007885304659498216,-0.0008761449621664807
SOL/USDT,2025-12-16 07:05:00+00:00,2025-12-16 08:02:00+00:00,prob_floor,-0.488432904410798,57.0,127.34,125.62,0.0002355897596983958,-0.014920684780901583,-0.013507146222710875,0.0073236745741123155,-0.0005572361088999056
SOL/USDT,2025-12-16 07:05:00+00:00,2025-12-16 08:03:00+00:00,trailing_prob_drop,-0.5194354005918592,58.0,127.34,125.8,0.0002355897596983958,-0.014920684780901583,-0.012093607664520278,0.00588235294117645,-0.0016693163751986262
SOL/USDT,2025-12-16 07:05:00+00:00,2025-12-16 08:04:00+00:00,prob_floor,-0.507034401643012,59.0,127.34,125.7,0.0002355897596983958,-0.014920684780901583,-0.012878906863515005,0.006682577565632508,-0.0008750994431184766
SOL/USDT,2025-12-16 07:05:00+00:00,2025-12-16 08:05:00+00:00,time_limit,-0.4883950799999991,60.0,127.34,125.74,0.0002355897596983958,-0.014920684780901583,-0.012564787183917181,0.006362334976936612,-0.0011929378081755315
SOL/USDT,,2025-12-16 08:07:00+00:00,dry_run,0.0,,,125.8,,,,0.00588235294117645,-0.0016693163751986262
SOL/USDT,2025-12-16 08:07:00+00:00,2025-12-16 08:08:00+00:00,take_profit,0.0262954140549714,1.0,125.8,125.93,0.00588235294117645,-0.0016693163751986262,0.001033386327504049,0.00484396093067585,-0.0026999126498848947
SOL/USDT,2025-12-16 08:07:00+00:00,2025-12-16 08:09:00+00:00,take_profit,0.0262954140549714,2.0,125.8,126.02,0.00588235294117645,-0.0016693163751986262,0.001748807631160476,0.004126329154102715,-0.0034121568005077707
SOL/USDT,2025-12-16 08:07:00+00:00,2025-12-16 08:10:00+00:00,take_profit,0.057292339999998,3.0,125.8,126.02,0.00588235294117645,-0.0016693163751986262,0.001748807631160476,0.004126329154102715,-0.0034121568005077707
SOL/USDT,,2025-12-16 08:13:00+00:00,dry_run,0.0,,,126.2,,,,0.002694136291600646,-0.00483359746434231
SOL/USDT,2025-12-16 08:13:00+00:00,2025-12-16 08:14:00+00:00,gate_close,-0.0512218957629834,1.0,126.2,126.11,0.002694136291600646,-0.00483359746434231,-0.0007131537242472952,0.0034097216715567313,-0.00412338434699866
SOL/USDT,2025-12-16 08:13:00+00:00,2025-12-16 08:17:00+00:00,gate_close,-0.0698233742981942,4.0,126.2,125.98,0.002694136291600646,-0.00483359746434231,-0.0017432646592709933,0.0044451500238134045,-0.003095729480870002
SOL/USDT,2025-12-16 08:13:00+00:00,2025-12-16 08:19:00+00:00,gate_close,-0.1101265826296703,6.0,126.2,125.83,0.002694136291600646,-0.00483359746434231,-0.002931854199683115,0.00564253357704847,-0.0019073352936501697
SOL/USDT,2025-12-16 08:13:00+00:00,2025-12-16 08:23:00+00:00,gate_close,-0.0264199265720028,10.0,126.2,126.04,0.002694136291600646,-0.00483359746434231,-0.0012678288431061668,0.003966994604887253,-0.003570295144398661
SOL/USDT,2025-12-16 08:13:00+00:00,2025-12-16 08:24:00+00:00,gate_close,-0.0202194346647122,11.0,126.2,126.06,0.002694136291600646,-0.00483359746434231,-0.0011093502377179654,0.0038077106139933203,-0.003728383309535177
SOL/USDT,2025-12-16 08:13:00+00:00,2025-12-16 08:26:00+00:00,trailing_prob_drop,-0.0264199265720028,13.0,126.2,126.02,0.002694136291600646,-0.00483359746434231,-0.0014263074484944793,0.004126329154102715,-0.0034121568005077707
SOL/USDT,2025-12-16 08:13:00+00:00,2025-12-16 08:27:00+00:00,prob_floor,-0.0264199265720028,14.0,126.2,126.06,0.002694136291600646,-0.00483359746434231,-0.0011093502377179654,0.0038077106139933203,-0.003728383309535177
SOL/USDT,2025-12-16 08:13:00+00:00,2025-12-16 08:28:00+00:00,take_profit,0.0355811800000001,15.0,126.2,126.07,0.002694136291600646,-0.00483359746434231,-0.0010301109350238091,0.0037280875703975536,-0.003807408582533478
SOL/USDT,,2025-12-16 08:31:00+00:00,dry_run,0.0,,,126.21,,,,0.0026146898027099574,-0.004912447508121254
SOL/USDT,2025-12-16 08:31:00+00:00,2025-12-16 08:32:00+00:00,take_profit,0.0200843791371236,1.0,126.21,126.1,0.0026146898027099574,-0.004912447508121254,-0.0008715632675698748,0.003489294210943683,-0.004044409199048249
SOL/USDT,2025-12-16 08:31:00+00:00,2025-12-16 08:34:00+00:00,take_profit,0.0138818000000022,3.0,126.21,126.18,0.0026146898027099574,-0.004912447508121254,-0.00023769907297355175,0.0028530670470756636,-0.004675859882707245
SOL/USDT,,2025-12-16 08:35:00+00:00,dry_run,0.0,,,126.14,,,,0.0031710797526558476,-0.004360234659901652
SOL/USDT,2025-12-16 08:35:00+00:00,2025-12-16 08:36:00+00:00,take_profit,0.0169785520267643,1.0,126.14,126.14,0.0031710797526558476,-0.004360234659901652,0.0,0.0031710797526558476,-0.004360234659901652
SOL/USDT,2025-12-16 08:35:00+00:00,2025-12-16 08:38:00+00:00,gate_close,-0.1318332669043378,3.0,126.14,126.15,0.0031710797526558476,-0.004360234659901652,7.927699381649056e-05,0.003091557669441247,-0.0044391597304795916
SOL/USDT,2025-12-16 08:35:00+00:00,2025-12-16 08:39:00+00:00,prob_floor,-0.0636278387185103,4.0,126.14,125.81,0.0031710797526558476,-0.004360234659901652,-0.002616140795940969,0.005802400445115596,-0.001748668627295169
SOL/USDT,2025-12-16 08:35:00+00:00,2025-12-16 08:40:00+00:00,take_profit,0.0076762199999991,5.0,126.14,126.02,0.0031710797526558476,-0.004360234659901652,-0.0009513239257967765,0.004126329154102715,-0.0034121568005077707
SOL/USDT,,2025-12-16 08:42:00+00:00,dry_run,0.0,,,126.28,,,,0.0020589166930631286,-0.005464048146974987
SOL/USDT,2025-12-16 08:42:00+00:00,2025-12-16 08:44:00+00:00,take_profit,0.03867034299886,2.0,126.28,126.35,0.0020589166930631286,-0.005464048146974987,0.0005543237250553723,0.0015037593984963404,-0.006015037593984918
SOL/USDT,2025-12-16 08:42:00+00:00,2025-12-16 08:45:00+00:00,take_profit,0.0045663000000019,3.0,126.28,126.5,0.0020589166930631286,-0.005464048146974987,0.0017421602787457413,0.0003162055335967917,-0.007193675889328066
SOL/USDT,,2025-12-16 08:47:00+00:00,dry_run,0.0,,,126.4,,,,0.0006329113924050667,-0.0064082278481012445
SOL/USDT,2025-12-16 08:47:00+00:00,2025-12-16 08:49:00+00:00,gate_close,-0.0202349334483733,2.0,126.4,126.25,0.0006329113924050667,-0.0064082278481012445,-0.0011867088607595555,0.0018217821782178234,-0.005227722772277232
SOL/USDT,2025-12-16 08:47:00+00:00,2025-12-16 08:53:00+00:00,gate_close,-0.082239849789514,6.0,126.4,126.28,0.0006329113924050667,-0.0064082278481012445,-0.0009493670886076,0.0015837820715869366,-0.005464048146974987
SOL/USDT,2025-12-16 08:47:00+00:00,2025-12-16 08:54:00+00:00,gate_close,-0.1504452758035207,7.0,126.4,126.14,0.0006329113924050667,-0.0064082278481012445,-0.0020569620253164667,0.0026954177897573484,-0.004360234659901652
SOL/USDT,2025-12-16 08:47:00+00:00,2025-12-16 08:55:00+00:00,prob_floor,-0.1721470062410067,8.0,126.4,125.92,0.0006329113924050667,-0.0064082278481012445,-0.0037974683544304,0.004447268106734459,-0.0026207115628971156
SOL/USDT,2025-12-16 08:47:00+00:00,2025-12-16 08:56:00+00:00,prob_floor,-0.2279514647897211,9.0,126.4,125.85,0.0006329113924050667,-0.0064082278481012445,-0.004351265822784889,0.005005959475566257,-0.002065951529598653
SOL/USDT,2025-12-16 08:47:00+00:00,2025-12-16 08:57:00+00:00,prob_floor,-0.1969489862425907,10.0,126.4,125.66,0.0006329113924050667,-0.0064082278481012445,-0.005854430379746867,0.006525545121757181,-0.0005570587299060792
SOL/USDT,2025-12-16 08:47:00+00:00,2025-12-16 08:58:00+00:00,prob_floor,-0.1194428070848662,11.0,126.4,125.76,0.0006329113924050667,-0.0064082278481012445,-0.005063291139240533,0.005725190839694694,-0.0007951653944020531
SOL/USDT,2025-12-16 08:47:00+00:00,2025-12-16 08:59:00+00:00,prob_floor,-0.1349440409542366,12.0,126.4,126.01,0.0006329113924050667,-0.0064082278481012445,-0.0030854430379746445,0.003729862709308751,-0.0015078168399333958
SOL/USDT,2025-12-16 08:47:00+00:00,2025-12-16 09:00:00+00:00,prob_floor,-0.1349440409542366,13.0,126.4,125.94,0.0006329113924050667,-0.0064082278481012445,-0.0036392405063291333,0.004287756074321081,-0.00023820867079560326
SOL/USDT,2025-12-16 08:47:00+00:00,2025-12-16 09:01:00+00:00,prob_floor,-0.1473450287552123,14.0,126.4,125.96,0.0006329113924050667,-0.0064082278481012445,-0.0034810126582279777,0.004128294696729151,-0.00039695141314699534
SOL/USDT,2025-12-16 08:47:00+00:00,2025-12-16 09:02:00+00:00,prob_floor,-0.1473450287552123,15.0,126.4,125.94,0.0006329113924050667,-0.0064082278481012445,-0.0036392405063291333,0.004287756074321081,-0.00023820867079560326
SOL/USDT,2025-12-16 08:47:00+00:00,2025-12-16 09:03:00+00:00,prob_floor,-0.1504452758035207,16.0,126.4,125.95,0.0006329113924050667,-0.0064082278481012445,-0.0035601265822785555,0.004208019055180534,-0.00031758634378731276
SOL/USDT,2025-12-16 08:47:00+00:00,2025-12-16 09:04:00+00:00,prob_floor,-0.1380442878456552,17.0,126.4,125.92,0.0006329113924050667,-0.0064082278481012445,-0.0037974683544304,0.004447268106734459,-7.941550190604385e-05
SOL/USDT,2025-12-16 08:47:00+00:00,2025-12-16 09:05:00+00:00,prob_floor,-0.1070418206941437,18.0,126.4,125.92,0.0006329113924050667,-0.0064082278481012445,-0.0037974683544304,0.004447268106734459,0.0
SOL/USDT,2025-12-16 08:47:00+00:00,2025-12-16 09:06:00+00:00,prob_floor,-0.0977410813118154,19.0,126.4,126.03,0.0006329113924050667,-0.0064082278481012445,-0.002927215189873489,0.0035705784337063395,-0.00039673093707848217
SOL/USDT,2025-12-16 08:47:00+00:00,2025-12-16 09:07:00+00:00,prob_floor,-0.1225430537804069,20.0,126.4,126.08,0.0006329113924050667,-0.0064082278481012445,-0.0025316455696202667,0.003331218274111647,-0.0007931472081217361
SOL/USDT,2025-12-16 08:47:00+00:00,2025-12-16 09:08:00+00:00,prob_floor,-0.1132423138112439,21.0,126.4,126.01,0.0006329113924050667,-0.0064082278481012445,-0.0030854430379746445,0.0038885802714070383,-0.00023807634314743087
SOL/USDT,2025-12-16 08:47:00+00:00,2025-12-16 09:09:00+00:00,trailing_prob_drop,-0.1225430537804069,22.0,126.4,126.01,0.0006329113924050667,-0.0064082278481012445,-0.0030854430379746445,0.0038885802714070383,0.0
SOL/USDT,2025-12-16 08:47:00+00:00,2025-12-16 09:15:00+00:00,gate_close,-0.0946408349292159,28.0,126.4,126.17,0.0006329113924050667,-0.0064082278481012445,-0.0018196202531646222,0.0043591979075849885,-0.0008718395815170421
SOL/USDT,2025-12-16 08:47:00+00:00,2025-12-16 09:17:00+00:00,gate_close,-0.0543376355080231,30.0,126.4,126.09,0.0006329113924050667,-0.0064082278481012445,-0.002452531645569689,0.005234356412086472,-0.00023792529145849617
SOL/USDT,2025-12-16 08:47:00+00:00,2025-12-16 09:18:00+00:00,gate_close,-0.0512373896716399,31.0,126.4,126.22,0.0006329113924050667,-0.0064082278481012445,-0.0014240506329114,0.004436697829187208,-0.0012676279511962818
SOL/USDT,2025-12-16 08:47:00+00:00,2025-12-16 09:20:00+00:00,gate_close,-0.0171346880398867,33.0,126.4,126.35,0.0006329113924050667,-0.0064082278481012445,-0.0003955696202532222,0.00348239018599128,-0.0022952117134942274
SOL/USDT,2025-12-16 08:47:00+00:00,2025-12-16 09:25:00+00:00,gate_close,-0.0760393574539209,38.0,126.4,126.12,0.0006329113924050667,-0.0064082278481012445,-0.0022151898734177333,0.00586742784649541,-0.0004757373929591413
SOL/USDT,2025-12-16 08:47:00+00:00,2025-12-16 09:26:00+00:00,trailing_prob_drop,-0.0977410813118154,39.0,126.4,126.15,0.0006329113924050667,-0.0064082278481012445,-0.001977848101265778,0.00642092746730083,-0.0007134363852556724
SOL/USDT,2025-12-16 08:47:00+00:00,2025-12-16 09:27:00+00:00,trailing_prob_drop,-0.0946408349292159,40.0,126.4,126.06,0.0006329113924050667,-0.0064082278481012445,-0.0026898734177215333,0.0072981120101538455,0.0
SOL/USDT,2025-12-16 08:47:00+00:00,2025-12-16 09:28:00+00:00,trailing_prob_drop,-0.0760393574539209,41.0,126.4,126.06,0.0006329113924050667,-0.0064082278481012445,-0.0026898734177215333,0.0072981120101538455,0.0
SOL/USDT,2025-12-16 08:47:00+00:00,2025-12-16 09:29:00+00:00,trailing_prob_drop,-0.0760393574539209,42.0,126.4,126.15,0.0006329113924050667,-0.0064082278481012445,-0.001977848101265778,0.006579468886246609,-0.000634165675782894
SOL/USDT,2025-12-16 08:47:00+00:00,2025-12-16 09:30:00+00:00,trailing_prob_drop,-0.0512373896716399,43.0,126.4,126.21,0.0006329113924050667,-0.0064082278481012445,-0.0015031645569620888,0.006100942872989457,-0.0011092623405435376
SOL/USDT,2025-12-16 08:47:00+00:00,2025-12-16 09:32:00+00:00,take_profit,0.0169656799999994,45.0,126.4,126.38,0.0006329113924050667,-0.0064082278481012445,-0.0001582278481013777,0.004747586643456314,-0.002452919765785766
SOL/USDT,,2025-12-16 09:40:00+00:00,dry_run,0.0,,,126.25,,,,0.011960396039603971,-0.001425742574257427
SOL/USDT,2025-12-16 09:40:00+00:00,2025-12-16 09:43:00+00:00,take_profit,0.0138669199999978,3.0,126.25,126.38,0.011960396039603971,-0.001425742574257427,0.0010297029702970306,0.015587909479348072,-0.002452919765785766
SOL/USDT,,2025-12-16 09:44:00+00:00,dry_run,0.0,,,126.41,,,,0.015346887113361296,-0.0026896606281149316
SOL/USDT,2025-12-16 09:44:00+00:00,2025-12-16 09:46:00+00:00,gate_close,-0.0729453075499877,2.0,126.41,126.36,0.015346887113361296,-0.0026896606281149316,-0.0003955383276639246,0.019468186134852683,-0.0022950300728078465
SOL/USDT,2025-12-16 09:44:00+00:00,2025-12-16 09:47:00+00:00,trailing_prob_drop,-0.0419428505503895,3.0,126.41,126.38,0.015346887113361296,-0.0026896606281149316,-0.00023732299659839917,0.01938597879411308,-0.002452919765785766
SOL/USDT,2025-12-16 09:44:00+00:00,2025-12-16 09:48:00+00:00,trailing_prob_drop,-0.0884465375098062,4.0,126.41,126.34,0.015346887113361296,-0.0026896606281149316,-0.00055375365872945,0.019708722494855335,-0.0021370903910085115
SOL/USDT,2025-12-16 09:44:00+00:00,2025-12-16 09:49:00+00:00,prob_floor,-0.1225492468546067,5.0,126.41,126.24,0.015346887113361296,-0.0026896606281149316,-0.0013448303140574103,0.020516476552598473,-0.001346641318124231
SOL/USDT,2025-12-16 09:44:00+00:00,2025-12-16 09:50:00+00:00,gate_close,-0.1225492468546067,6.0,126.41,126.11,0.015346887113361296,-0.0026896606281149316,-0.0023732299659836587,0.021568471968916203,-0.00031718341130759775
SOL/USDT,2025-12-16 09:44:00+00:00,2025-12-16 09:51:00+00:00,trailing_prob_drop,-0.103947768444498,7.0,126.41,126.1,0.015346887113361296,-0.0026896606281149316,-0.0024523376315165324,0.02164948453608262,-0.00023790642347343294
SOL/USDT,2025-12-16 09:44:00+00:00,2025-12-16 09:52:00+00:00,trailing_prob_drop,-0.0977472759535533,8.0,126.41,126.16,0.015346887113361296,-0.0026896606281149316,-0.001977691638319734,0.021163601775523233,-0.00047558655675339345
SOL/USDT,2025-12-16 09:44:00+00:00,2025-12-16 09:53:00+00:00,trailing_prob_drop,-0.085346291439889,9.0,126.41,126.16,0.015346887113361296,-0.0026896606281149316,-0.001977691638319734,0.021163601775523233,-7.926442612549156e-05
SOL/USDT,2025-12-16 09:44:00+00:00,2025-12-16 09:54:00+00:00,trailing_prob_drop,-0.1163487538949393,10.0,126.41,126.22,0.015346887113361296,-0.0026896606281149316,-0.0015030456451230467,0.02067818095389007,-0.0005545872286483178
SOL/USDT,2025-12-16 09:44:00+00:00,2025-12-16 09:55:00+00:00,trailing_prob_drop,-0.1132485074737395,11.0,126.41,126.16,0.015346887113361296,-0.0026896606281149316,-0.001977691638319734,0.021163601775523233,-7.926442612549156e-05
SOL/USDT,2025-12-16 09:44:00+00:00,2025-12-16 09:56:00+00:00,prob_floor,-0.0884465375098062,12.0,126.41,126.16,0.015346887113361296,-0.0026896606281149316,-0.001977691638319734,0.021163601775523233,-7.926442612549156e-05
SOL/USDT,2025-12-16 09:44:00+00:00,2025-12-16 09:57:00+00:00,prob_floor,-0.0822460454089534,13.0,126.41,126.21,0.015346887113361296,-0.0026896606281149316,-0.0015821533106558094,0.02075905237302922,-0.0004753981459471035
SOL/USDT,2025-12-16 09:44:00+00:00,2025-12-16 09:58:00+00:00,prob_floor,-0.0636445700415626,14.0,126.41,126.21,0.015346887113361296,-0.0026896606281149316,-0.0015821533106558094,0.02075905237302922,-7.923302432444324e-05
SOL/USDT,2025-12-16 09:44:00+00:00,2025-12-16 09:59:00+00:00,trailing_prob_drop,-0.0512435872418571,15.0,126.41,126.29,0.015346887113361296,-0.0026896606281149316,-0.0009492919863933746,0.02011243962308984,-0.0007126454984559549
SOL/USDT,2025-12-16 09:44:00+00:00,2025-12-16 10:00:00+00:00,prob_floor,-0.1008475221795117,16.0,126.41,126.33,0.015346887113361296,-0.0026896606281149316,-0.0006328613242623238,0.01978944035462682,-0.00102905089844052
SOL/USDT,2025-12-16 09:44:00+00:00,2025-12-16 10:01:00+00:00,prob_floor,-0.0543438328834373,17.0,126.41,126.26,0.015346887113361296,-0.0026896606281149316,-0.0011866149829917738,0.020354823380326348,-0.00047520988436566824
SOL/USDT,2025-12-16 09:44:00+00:00,2025-12-16 10:02:00+00:00,prob_floor,-0.0326421142086311,18.0,126.41,126.32,0.015346887113361296,-0.0026896606281149316,-0.0007119689897950865,0.01987017099430033,-0.0009499683343887622
SOL/USDT,2025-12-16 09:44:00+00:00,2025-12-16 10:03:00+00:00,trailing_prob_drop,-0.0171408877488239,19.0,126.41,126.4,0.015346887113361296,-0.0026896606281149316,-7.910766553276272e-05,0.019224683544303955,-0.0002373417721519555
SOL/USDT,2025-12-16 09:44:00+00:00,2025-12-16 10:05:00+00:00,gate_close,-0.0109403974364464,21.0,126.41,126.45,0.015346887113361296,-0.0026896606281149316,0.0003164306621312729,0.018821668643732803,-0.0005535784895216445
SOL/USDT,2025-12-16 09:44:00+00:00,2025-12-16 10:08:00+00:00,gate_close,-0.0078401523384067,24.0,126.41,126.41,0.015346887113361296,-0.0026896606281149316,0.0,0.01914405505893524,0.0
SOL/USDT,2025-12-16 09:44:00+00:00,2025-12-16 10:10:00+00:00,take_profit,0.0107594800000007,26.0,126.41,126.47,0.015346887113361296,-0.0026896606281149316,0.00047464599319679834,0.018660551909543965,0.0
SOL/USDT,,2025-12-16 10:11:00+00:00,dry_run,0.0,,,126.53,,,,0.01817750731051926,-7.903264048059189e-05
SOL/USDT,2025-12-16 10:11:00+00:00,2025-12-16 10:12:00+00:00,take_profit,0.0107557361303111,1.0,126.53,126.53,0.01817750731051926,-7.903264048059189e-05,0.0,0.01817750731051926,-7.903264048059189e-05
SOL/USDT,2025-12-16 10:11:00+00:00,2025-12-16 10:13:00+00:00,take_profit,0.0107557361303111,2.0,126.53,126.62,0.01817750731051926,-7.903264048059189e-05,0.0007112937643247719,0.017453798767967266,-0.0007897646501343614
SOL/USDT,2025-12-16 10:11:00+00:00,2025-12-16 10:14:00+00:00,take_profit,0.0231539000000026,3.0,126.53,126.62,0.01817750731051926,-7.903264048059189e-05,0.0007112937643247719,0.017453798767967266,-0.0007897646501343614
SOL/USDT,,2025-12-16 10:15:00+00:00,dry_run,0.0,,,126.62,,,,0.017453798767967266,-0.0007897646501343614
SOL/USDT,2025-12-16 10:15:00+00:00,2025-12-16 10:16:00+00:00,gate_close,-0.0326600905592562,1.0,126.62,126.74,0.017453798767967266,-0.0007897646501343614,0.0009477175801611004,0.016490452895692176,-0.0017358371469149425
SOL/USDT,2025-12-16 10:15:00+00:00,2025-12-16 10:18:00+00:00,gate_close,-0.0295598457516104,3.0,126.62,126.78,0.017453798767967266,-0.0007897646501343614,0.0012636234402148006,0.016169742861650294,-0.00205079665562391
SOL/USDT,2025-12-16 10:15:00+00:00,2025-12-16 10:21:00+00:00,gate_close,-0.0295598457516104,6.0,126.62,126.71,0.017453798767967266,-0.0007897646501343614,0.0007107881851207143,0.016731118301633874,-0.0011838055402099146
SOL/USDT,2025-12-16 10:15:00+00:00,2025-12-16 10:23:00+00:00,take_profit,0.0107415000000007,8.0,126.62,126.69,0.017453798767967266,-0.0007897646501343614,0.0005528352550938642,0.016891625226931994,0.0
SOL/USDT,,2025-12-16 10:24:00+00:00,dry_run,0.0,,,126.81,,,,0.01592934311174199,-0.00023657440264968077
SOL/USDT,2025-12-16 10:24:00+00:00,2025-12-16 10:25:00+00:00,take_profit,0.0169363795368753,1.0,126.81,126.86,0.01592934311174199,-0.00023657440264968077,0.0003942906710827643,0.015528929528614288,-0.0006306164275579063
SOL/USDT,2025-12-16 10:24:00+00:00,2025-12-16 10:26:00+00:00,take_profit,0.0169363795368753,2.0,126.81,126.96,0.01592934311174199,-0.00023657440264968077,0.0011828720132480708,0.014729048519218857,-0.0014177693761814325
SOL/USDT,2025-12-16 10:24:00+00:00,2025-12-16 10:28:00+00:00,gate_close,-0.0295672844781747,4.0,126.81,126.78,0.01592934311174199,-0.00023657440264968077,-0.00023657440264968077,0.016169742861650294,0.0
SOL/USDT,2025-12-16 10:24:00+00:00,2025-12-16 10:31:00+00:00,take_profit,0.0045340599999975,7.0,126.81,126.85,0.01592934311174199,-0.00023657440264968077,0.000315432536866167,0.015608986992510898,0.0
SOL/USDT,,2025-12-16 10:32:00+00:00,dry_run,0.0,,,126.88,,,,0.015368852459016535,0.0
SOL/USDT,2025-12-16 10:32:00+00:00,2025-12-16 10:34:00+00:00,take_profit,0.0138305540682502,2.0,126.88,126.95,0.015368852459016535,0.0,0.0005517023959646927,0.014808979913351727,0.0
SOL/USDT,2025-12-16 10:32:00+00:00,2025-12-16 10:35:00+00:00,take_profit,0.0448284800000005,3.0,126.88,127.04,0.015368852459016535,0.0,0.0012610340479193294,0.01409005037783384,0.0
SOL/USDT,,2025-12-16 10:49:00+00:00,dry_run,0.0,,,128.26,,,,0.004210198035241142,-0.00226103227818486
SOL/USDT,2025-12-16 10:49:00+00:00,2025-12-16 10:50:00+00:00,gate_close,-0.0544498086374748,1.0,128.26,128.17,0.004210198035241142,-0.00226103227818486,-0.0007016996725401903,0.004915346805024701,-0.0015604275571505788
SOL/USDT,2025-12-16 10:49:00+00:00,2025-12-16 10:51:00+00:00,take_profit,0.0137555145008058,2.0,128.26,128.01,0.004210198035241142,-0.00226103227818486,-0.0019491657570559484,0.006171392859932956,-0.0003124755878446406
SOL/USDT,2025-12-16 10:49:00+00:00,2025-12-16 10:52:00+00:00,gate_close,-0.0110464190715878,3.0,128.26,128.27,0.004210198035241142,-0.00226103227818486,7.796663028236672e-05,0.005379278085288819,-0.0023388165588212884
SOL/USDT,2025-12-16 10:49:00+00:00,2025-12-16 10:53:00+00:00,take_profit,0.0664534600000028,4.0,128.26,128.22,0.004210198035241142,-0.00226103227818486,-0.0003118665211289118,0.005771330525659035,-0.0019497738262361786
SOL/USDT,,2025-12-16 10:55:00+00:00,dry_run,0.0,,,128.36,,,,0.004674353381115548,-0.003038329697725217
SOL/USDT,2025-12-16 10:55:00+00:00,2025-12-16 10:56:00+00:00,take_profit,0.0664434829071015,1.0,128.36,128.43,0.004674353381115548,-0.003038329697725217,0.0005453412277967029,0.004126761660048217,-0.0035817176672118256
SOL/USDT,2025-12-16 10:55:00+00:00,2025-12-16 10:57:00+00:00,take_profit,0.0168396313830032,2.0,128.36,128.66,0.004674353381115548,-0.003038329697725217,0.002337176690557774,0.0023317270324887396,-0.005362972174724034
SOL/USDT,2025-12-16 10:55:00+00:00,2025-12-16 10:59:00+00:00,gate_close,-0.0048620566758903,4.0,128.36,128.47,0.004674353381115548,-0.003038329697725217,0.0008569647865377394,0.003814120028022172,-0.0038919592122674818
SOL/USDT,2025-12-16 10:55:00+00:00,2025-12-16 11:00:00+00:00,trailing_prob_drop,-0.0203632635590489,5.0,128.36,128.45,0.004674353381115548,-0.003038329697725217,0.0007011530071672212,0.003970416504476493,-0.00373686259244832
SOL/USDT,2025-12-16 10:55:00+00:00,2025-12-16 11:01:00+00:00,prob_floor,-0.0637666478376907,6.0,128.36,128.41,0.004674353381115548,-0.003038329697725217,0.00038952944842618464,0.00428315551748315,-0.003426524413986387
SOL/USDT,2025-12-16 10:55:00+00:00,2025-12-16 11:02:00+00:00,prob_floor,-0.0451651965283562,7.0,128.36,128.31,0.004674353381115548,-0.003038329697725217,-0.0003895294484264067,0.005065856129685908,-0.0026498324370665127
SOL/USDT,2025-12-16 10:55:00+00:00,2025-12-16 11:03:00+00:00,take_profit,0.0478373400000021,8.0,128.36,128.31,0.004674353381115548,-0.003038329697725217,-0.0003895294484264067,0.005065856129685908,-0.0026498324370665127
SOL/USDT,,2025-12-16 11:06:00+00:00,dry_run,0.0,,,128.28,,,,0.005300904271905216,-0.0024165887121920804
SOL/USDT,2025-12-16 11:06:00+00:00,2025-12-16 11:07:00+00:00,take_profit,0.0354516217747193,1.0,128.28,128.31,0.005300904271905216,-0.0024165887121920804,0.0002338634237606385,0.005065856129685908,-0.0026498324370665127
SOL/USDT,2025-12-16 11:06:00+00:00,2025-12-16 11:08:00+00:00,take_profit,0.0168501744178206,2.0,128.28,128.42,0.005300904271905216,-0.0024165887121920804,0.001091362644215721,0.004204952499610837,-0.0035041270830087345
SOL/USDT,2025-12-16 11:06:00+00:00,2025-12-16 11:09:00+00:00,prob_floor,-0.004851515876363,3.0,128.28,128.32,0.005300904271905216,-0.0024165887121920804,0.00031181789834722196,0.004987531172069959,-0.0027275561097256373
SOL/USDT,2025-12-16 11:06:00+00:00,2025-12-16 11:10:00+00:00,trailing_prob_drop,-0.004851515876363,4.0,128.28,128.32,0.005300904271905216,-0.0024165887121920804,0.00031181789834722196,0.004987531172069959,-0.0027275561097256373
SOL/USDT,2025-12-16 11:06:00+00:00,2025-12-16 11:11:00+00:00,trailing_prob_drop,-0.007951757497555,5.0,128.28,128.28,0.005300904271905216,-0.0024165887121920804,0.0,0.005300904271905216,-0.0024165887121920804
SOL/USDT,2025-12-16 11:06:00+00:00,2025-12-16 11:12:00+00:00,prob_floor,0.0013478800000003,6.0,128.28,128.27,0.005300904271905216,-0.0024165887121920804,-7.795447458680549e-05,0.005379278085288819,-0.0023388165588212884
SOL/USDT,,2025-12-16 11:16:00+00:00,dry_run,0.0,,,128.38,,,,0.004517837669419045,-0.00319364386976162
SOL/USDT,2025-12-16 11:16:00+00:00,2025-12-16 11:17:00+00:00,gate_close,-0.1009881384304513,1.0,128.38,128.76,0.004517837669419045,-0.00319364386976162,0.0029599626109986232,0.00155327741534661,-0.006135445790618088
SOL/USDT,2025-12-16 11:16:00+00:00,2025-12-16 11:18:00+00:00,gate_close,-0.1443915285008283,2.0,128.38,128.45,0.004517837669419045,-0.00319364386976162,0.0005452562704471031,0.003970416504476493,-0.00373686259244832
SOL/USDT,2025-12-16 11:16:00+00:00,2025-12-16 11:24:00+00:00,gate_close,-0.1350908014345169,8.0,128.38,128.58,0.004517837669419045,-0.00319364386976162,0.0015578750584204215,0.002955358531653518,-0.004744128169233308
SOL/USDT,2025-12-16 11:16:00+00:00,2025-12-16 11:25:00+00:00,gate_close,-0.1722937117412074,9.0,128.38,128.34,0.004517837669419045,-0.00319364386976162,-0.0003115750116839955,0.004830917874396157,-0.002882967118591262
SOL/USDT,2025-12-16 11:16:00+00:00,2025-12-16 11:27:00+00:00,gate_close,-0.1071886222737073,11.0,128.38,128.3,0.004517837669419045,-0.00319364386976162,-0.000623150023367991,0.005144193296960253,-0.0025720966484802377
SOL/USDT,2025-12-16 11:16:00+00:00,2025-12-16 11:31:00+00:00,gate_close,-0.026582344042421,15.0,128.38,128.62,0.004517837669419045,-0.00319364386976162,0.001869450070104417,0.0026434458093609337,-0.005053646400248857
SOL/USDT,2025-12-16 11:16:00+00:00,2025-12-16 11:32:00+00:00,take_profit,0.0044187400000063,16.0,128.38,128.64,0.004517837669419045,-0.00319364386976162,0.0020252375759464147,0.0024875621890549926,-0.005208333333333259
SOL/USDT,,2025-12-16 11:33:00+00:00,dry_run,0.0,,,128.77,,,,0.0014754989516192474,-0.006212627164712381
SOL/USDT,2025-12-16 11:33:00+00:00,2025-12-16 11:34:00+00:00,gate_close,-0.0296652279333374,1.0,128.77,128.45,0.0014754989516192474,-0.006212627164712381,-0.00248505086588513,0.003970416504476493,-0.00373686259244832
SOL/USDT,2025-12-16 11:33:00+00:00,2025-12-16 11:35:00+00:00,trailing_prob_drop,-0.0482666778859912,2.0,128.77,128.36,0.0014754989516192474,-0.006212627164712381,-0.003183971421915066,0.004674353381115548,-0.003038329697725217
SOL/USDT,2025-12-16 11:33:00+00:00,2025-12-16 11:36:00+00:00,trailing_prob_drop,-0.0792690974889907,3.0,128.77,128.35,0.0014754989516192474,-0.006212627164712381,-0.0032616292614741083,0.004752629528632646,-0.0029606544604596774
SOL/USDT,2025-12-16 11:33:00+00:00,2025-12-16 11:37:00+00:00,trailing_prob_drop,-0.1164720059985063,4.0,128.77,128.24,0.0014754989516192474,-0.006212627164712381,-0.004115865496621907,0.005614472863381126,-0.002105427323768061
SOL/USDT,2025-12-16 11:33:00+00:00,2025-12-16 11:38:00+00:00,prob_floor,-0.1288729767128681,5.0,128.77,128.12,0.0014754989516192474,-0.006212627164712381,-0.005047759571328747,0.006556353418670113,-0.0011707773961910917
SOL/USDT,2025-12-16 11:33:00+00:00,2025-12-16 11:39:00+00:00,prob_floor,-0.1319732194861913,6.0,128.77,128.11,0.0014754989516192474,-0.006212627164712381,-0.005125417410887567,0.006634923112949664,-0.0010928108656624858
SOL/USDT,2025-12-16 11:33:00+00:00,2025-12-16 11:40:00+00:00,prob_floor,-0.1536749199617169,7.0,128.77,128.07,0.0014754989516192474,-0.006212627164712381,-0.005436048769123403,0.006949324588116035,-0.0007808229874286532
SOL/USDT,2025-12-16 11:33:00+00:00,2025-12-16 11:41:00+00:00,trailing_prob_drop,-0.1102715208686102,8.0,128.77,127.99,0.0014754989516192474,-0.006212627164712381,-0.00605731148559463,0.007578717087272535,-0.00015626220798492518
SOL/USDT,2025-12-16 11:33:00+00:00,2025-12-16 11:42:00+00:00,prob_floor,-0.0916700663871389,9.0,128.77,128.13,0.0014754989516192474,-0.006212627164712381,-0.004970101731769927,0.00647779598844922,-0.0012487317568095069
SOL/USDT,2025-12-16 11:33:00+00:00,2025-12-16 11:43:00+00:00,prob_floor,-0.0699683712119493,10.0,128.77,128.2,0.0014754989516192474,-0.006212627164712381,-0.004426496854857631,0.005928237129485314,-0.0001560062402494733
SOL/USDT,2025-12-16 11:33:00+00:00,2025-12-16 11:44:00+00:00,prob_floor,-0.0172642620508343,11.0,128.77,128.22,0.0014754989516192474,-0.006212627164712381,-0.004271181175739769,0.005771330525659035,-0.00031196381219766867
SOL/USDT,2025-12-16 11:33:00+00:00,2025-12-16 11:45:00+00:00,take_profit,0.0044361000000063,12.0,128.77,128.43,0.0014754989516192474,-0.006212627164712381,-0.0026403665450027702,0.004282488515144234,-0.0012458148407692438
SOL/USDT,,2025-12-16 11:50:00+00:00,dry_run,0.0,,,128.41,,,,0.004438906627209693,-0.0010902577680864667
SOL/USDT,2025-12-16 11:50:00+00:00,2025-12-16 11:51:00+00:00,take_profit,0.1253412150420524,1.0,128.41,128.53,0.004438906627209693,-0.0010902577680864667,0.0009345066583599237,0.0035011281412897777,-0.0020228740371897036
SOL/USDT,2025-12-16 11:50:00+00:00,2025-12-16 11:52:00+00:00,take_profit,0.0726371380180939,2.0,128.41,128.96,0.004438906627209693,-0.0010902577680864667,0.00428315551748315,0.0001550868486350776,-0.005350496277915617
SOL/USDT,2025-12-16 11:50:00+00:00,2025-12-16 11:53:00+00:00,take_profit,0.0416305199999989,3.0,128.41,128.82,0.004438906627209693,-0.0010902577680864667,0.0031928977493964616,0.0012420431609998506,-0.004269523365936889
SOL/USDT,,2025-12-16 11:55:00+00:00,dry_run,0.0,,,128.74,,,,0.001864222463880516,-0.0036507689917663066
SOL/USDT,2025-12-16 11:55:00+00:00,2025-12-16 12:01:00+00:00,gate_close,-0.0358836870182266,6.0,128.74,128.63,0.001864222463880516,-0.0036507689917663066,-0.0008544352959454216,0.0027209826634533307,-0.0027987250252661244
SOL/USDT,2025-12-16 11:55:00+00:00,2025-12-16 12:02:00+00:00,gate_close,-0.0327834459607665,7.0,128.74,128.66,0.001864222463880516,-0.0036507689917663066,-0.000621407487960357,0.0024871755013211594,-0.003031245142235295
SOL/USDT,2025-12-16 11:55:00+00:00,2025-12-16 12:03:00+00:00,take_profit,0.0230181199999982,8.0,128.74,128.68,0.001864222463880516,-0.0036507689917663066,-0.00046605561597024003,0.002331364625427268,-0.0031861983214174217
SOL/USDT,,2025-12-16 12:14:00+00:00,dry_run,0.0,,,128.72,,,,0.0020198881292727844,-0.0034959602237413234
SOL/USDT,2025-12-16 12:14:00+00:00,2025-12-16 12:15:00+00:00,take_profit,0.0416365957205657,1.0,128.72,128.51,0.0020198881292727844,-0.0034959602237413234,-0.001631448104412736,0.003657302933623763,-0.0018675589448290397
SOL/USDT,2025-12-16 12:14:00+00:00,2025-12-16 12:16:00+00:00,take_profit,0.0354361145043375,2.0,128.72,128.68,0.0020198881292727844,-0.0034959602237413234,-0.0003107520198880609,0.002331364625427268,-0.0031861983214174217
SOL/USDT,2025-12-16 12:14:00+00:00,2025-12-16 12:18:00+00:00,take_profit,0.023032380000007,4.0,128.72,128.45,0.0020198881292727844,-0.0034959602237413234,-0.002097576134244994,0.0041261191124950525,-0.0014013234721680368
SOL/USDT,,2025-12-16 12:43:00+00:00,dry_run,0.0,,,128.48,,,,0.0077054794520547976,-0.00918430884184307
SOL/USDT,2025-12-16 12:43:00+00:00,2025-12-16 12:44:00+00:00,take_profit,0.0788363771246665,1.0,128.48,128.52,0.0077054794520547976,-0.00918430884184307,0.0003113325031134373,0.0073918456271395705,-0.00949268596327435
SOL/USDT,2025-12-16 12:43:00+00:00,2025-12-16 12:45:00+00:00,take_profit,0.0199318098255169,2.0,128.48,128.98,0.0077054794520547976,-0.00918430884184307,0.003891656288916634,0.003799038610637462,-0.01302527523647068
SOL/USDT,2025-12-16 12:43:00+00:00,2025-12-16 12:46:00+00:00,take_profit,0.0137292799999978,3.0,128.48,128.66,0.0077054794520547976,-0.00918430884184307,0.0014009962640100238,0.0062956629877195525,-0.010570495880615538
SOL/USDT,,2025-12-16 12:47:00+00:00,dry_run,0.0,,,128.68,,,,0.006139260180292094,-0.010724277276966232
SOL/USDT,2025-12-16 12:47:00+00:00,2025-12-16 12:48:00+00:00,take_profit,0.0137300879539869,1.0,128.68,128.58,0.006139260180292094,-0.010724277276966232,-0.0007771215418090893,0.006921760771503971,-0.009954891896095885
SOL/USDT,2025-12-16 12:47:00+00:00,2025-12-16 12:50:00+00:00,gate_close,-0.0420742520963667,3.0,128.68,128.52,0.006139260180292094,-0.010724277276966232,-0.0012433944668945873,0.0073918456271395705,-0.00949268596327435
SOL/USDT,2025-12-16 12:47:00+00:00,2025-12-16 12:51:00+00:00,gate_close,-0.0544752182039022,4.0,128.68,128.48,0.006139260180292094,-0.010724277276966232,-0.0015542430836184007,0.0077054794520547976,-0.00918430884184307
SOL/USDT,2025-12-16 12:47:00+00:00,2025-12-16 12:53:00+00:00,take_profit,0.0106280399999918,6.0,128.68,128.53,0.006139260180292094,-0.010724277276966232,-0.001165682312713745,0.00731346767291674,-0.009569750252859333
SOL/USDT,,2025-12-16 12:54:00+00:00,dry_run,0.0,,,128.67,,,,0.006217455506334124,-0.010647392554596902
SOL/USDT,2025-12-16 12:54:00+00:00,2025-12-16 12:55:00+00:00,take_profit,0.0106261263162896,1.0,128.67,128.64,0.006217455506334124,-0.010647392554596902,-0.00023315458148753798,0.006452114427860867,-0.01041666666666663
SOL/USDT,2025-12-16 12:54:00+00:00,2025-12-16 12:56:00+00:00,take_profit,0.0044256448378011,2.0,128.67,128.7,0.006217455506334124,-0.010647392554596902,0.00023315458148753798,0.005982905982905962,-0.010878010878010769
SOL/USDT,2025-12-16 12:54:00+00:00,2025-12-16 13:00:00+00:00,prob_floor,-0.0451782123841681,6.0,128.67,128.43,0.006217455506334124,-0.010647392554596902,-0.0018652366519000818,0.008097796465000417,-0.01183524098730837
SOL/USDT,2025-12-16 12:54:00+00:00,2025-12-16 13:01:00+00:00,prob_floor,-0.0544789366826123,7.0,128.67,128.53,0.006217455506334124,-0.010647392554596902,-0.0010880547136083996,0.00731346767291674,-0.017038823620944554
SOL/USDT,2025-12-16 12:54:00+00:00,2025-12-16 13:02:00+00:00,trailing_prob_drop,-0.0234765236686011,8.0,128.67,128.54,0.006217455506334124,-0.010647392554596902,-0.0010103365197792202,0.007235101913801278,-0.01727088843939628
SOL/USDT,2025-12-16 12:54:00+00:00,2025-12-16 13:03:00+00:00,trailing_prob_drop,-0.0482784537794101,9.0,128.67,128.58,0.006217455506334124,-0.010647392554596902,-0.0006994637444623919,0.006921760771503971,-0.018587649712241472
SOL/USDT,2025-12-16 12:54:00+00:00,2025-12-16 13:04:00+00:00,prob_floor,-0.0606794197361609,10.0,128.67,128.53,0.006217455506334124,-0.010647392554596902,-0.0010880547136083996,0.00731346767291674,-0.018205866334707888
SOL/USDT,2025-12-16 12:54:00+00:00,2025-12-16 13:05:00+00:00,trailing_prob_drop,-0.0854813534550747,11.0,128.67,128.49,0.006217455506334124,-0.010647392554596902,-0.0013989274889250058,0.007627052688925051,-0.01790022569849803
SOL/USDT,2025-12-16 12:54:00+00:00,2025-12-16 13:06:00+00:00,prob_floor,-0.0792808697994995,12.0,128.67,128.37,0.006217455506334124,-0.010647392554596902,-0.0023315458148751578,0.00856898029134534,-0.01698216094102989
SOL/USDT,2025-12-16 12:54:00+00:00,2025-12-16 13:07:00+00:00,trailing_prob_drop,-0.0854813534550747,13.0,128.67,128.43,0.006217455506334124,-0.010647392554596902,-0.0018652366519000818,0.008097796465000417,-0.01744140777077019
SOL/USDT,2025-12-16 12:54:00+00:00,2025-12-16 13:08:00+00:00,trailing_prob_drop,-0.042077971026493,14.0,128.67,128.41,0.006217455506334124,-0.010647392554596902,-0.0020206730395584405,0.00825480881551277,-0.017288373179658922
SOL/USDT,2025-12-16 12:54:00+00:00,2025-12-16 13:09:00+00:00,prob_floor,-0.0854813534550747,15.0,128.67,128.56,0.006217455506334124,-0.010647392554596902,-0.0008549001321208616,0.007078406969508455,-0.018434971997510874
SOL/USDT,2025-12-16 12:54:00+00:00,2025-12-16 13:10:00+00:00,prob_floor,-0.0637796613193161,16.0,128.67,128.41,0.006217455506334124,-0.010647392554596902,-0.0020206730395584405,0.00825480881551277,-0.017288373179658922
SOL/USDT,2025-12-16 12:54:00+00:00,2025-12-16 13:11:00+00:00,prob_floor,-0.0606794197361609,17.0,128.67,128.48,0.006217455506334124,-0.010647392554596902,-0.0014766456827542962,0.0077054794520547976,-0.017823785803237846
SOL/USDT,2025-12-16 12:54:00+00:00,2025-12-16 13:12:00+00:00,prob_floor,-0.020376282573561,18.0,128.67,128.49,0.006217455506334124,-0.010647392554596902,-0.0013989274889250058,0.007627052688925051,-0.01790022569849803
SOL/USDT,2025-12-16 12:54:00+00:00,2025-12-16 13:13:00+00:00,trailing_prob_drop,-0.0234765236686011,19.0,128.67,128.61,0.006217455506334124,-0.010647392554596902,-0.0004663091629748539,0.006686882824041618,-0.018816577249047617
SOL/USDT,2025-12-16 12:54:00+00:00,2025-12-16 13:14:00+00:00,take_profit,0.0106243200000007,20.0,128.67,128.59,0.006217455506334124,-0.010647392554596902,-0.0006217455506333236,0.006843455945252375,-0.018663970759779214
SOL/USDT,,2025-12-16 13:15:00+00:00,dry_run,0.0,,,128.67,,,,0.006217455506334124,-0.019274112069635474
SOL/USDT,2025-12-16 13:15:00+00:00,2025-12-16 13:16:00+00:00,take_profit,0.0261217472562136,1.0,128.67,128.73,0.006217455506334124,-0.019274112069635474,0.00046630916297507596,0.005748465781092227,-0.01973122038374886
SOL/USDT,2025-12-16 13:15:00+00:00,2025-12-16 13:17:00+00:00,gate_close,-0.0172816212632475,2.0,128.67,128.85,0.006217455506334124,-0.019274112069635474,0.0013989274889252279,0.004811796662786305,-0.020644159875824575
SOL/USDT,2025-12-16 13:15:00+00:00,2025-12-16 13:18:00+00:00,take_profit,0.023018740000007,3.0,128.67,128.72,0.006217455506334124,-0.019274112069635474,0.00038859096914589664,0.005826600372902391,-0.019655065257924154
SOL/USDT,,2025-12-16 13:19:00+00:00,dry_run,0.0,,,128.83,,,,0.004967787006131985,-0.020492121400295105
SOL/USDT,2025-12-16 13:19:00+00:00,2025-12-16 13:20:00+00:00,take_profit,0.0509125019687956,1.0,128.83,128.9,0.004967787006131985,-0.020492121400295105,0.0005433517037956026,0.004422032583397906,-0.021024049650892218
SOL/USDT,2025-12-16 13:19:00+00:00,2025-12-16 13:21:00+00:00,take_profit,0.0850151365873511,2.0,128.83,129.11,0.004967787006131985,-0.020492121400295105,0.0021734068151828545,0.0027883200371774386,-0.022616373634885112
SOL/USDT,2025-12-16 13:19:00+00:00,2025-12-16 13:22:00+00:00,take_profit,0.0509075799999992,3.0,128.83,129.22,0.004967787006131985,-0.020492121400295105,0.003027245206861595,0.0019346850332766508,-0.023448382603312168
SOL/USDT,,2025-12-16 13:24:00+00:00,dry_run,0.0,,,129.08,,,,0.0030213820886271225,-0.02238921599008381
SOL/USDT,2025-12-16 13:24:00+00:00,2025-12-16 13:25:00+00:00,gate_close,-0.1037626954984361,1.0,129.08,129.27,0.0030213820886271225,-0.02238921599008381,0.0014719553765105697,0.0015471493772722944,-0.023826100409994666
SOL/USDT,2025-12-16 13:24:00+00:00,2025-12-16 13:26:00+00:00,gate_close,-0.1457659636998735,2.0,129.08,129.0,0.0030213820886271225,-0.02238921599008381,-0.0006197706848467543,0.003643410852713247,-0.021782945736434134
SOL/USDT,2025-12-16 13:24:00+00:00,2025-12-16 13:27:00+00:00,gate_close,-0.1037626954984361,3.0,129.08,128.85,0.0030213820886271225,-0.02238921599008381,-0.001781840718934169,0.004811796662786305,-0.020644159875824575
SOL/USDT,2025-12-16 13:24:00+00:00,2025-12-16 13:29:00+00:00,gate_close,-0.1397654963790803,5.0,129.08,129.1,0.0030213820886271225,-0.02238921599008381,0.00015494267121152205,0.0028659953524399207,-0.02254066615027106
SOL/USDT,2025-12-16 13:24:00+00:00,2025-12-16 13:30:00+00:00,gate_close,-0.094761996092575,6.0,129.08,129.32,0.0030213820886271225,-0.02238921599008381,0.001859312054539597,0.0011599133931332606,-0.02420352613671506
SOL/USDT,2025-12-16 13:24:00+00:00,2025-12-16 13:31:00+00:00,gate_close,-0.2057706449014405,7.0,129.08,128.96,0.0030213820886271225,-0.02238921599008381,-0.0009296560272699095,0.0004652605459056769,-0.02147952853598023
SOL/USDT,2025-12-16 13:24:00+00:00,2025-12-16 13:32:00+00:00,prob_floor,-0.3677833571735363,8.0,129.08,128.67,0.0030213820886271225,-0.02238921599008381,-0.0031763247598390887,0.0027201367840212765,-0.019274112069635474
SOL/USDT,2025-12-16 13:24:00+00:00,2025-12-16 13:33:00+00:00,prob_floor,-0.4997937948525092,9.0,129.08,128.07,0.0030213820886271225,-0.02238921599008381,-0.007824604896188525,0.007261653783087407,-0.0146794721636605
SOL/USDT,2025-12-16 13:24:00+00:00,2025-12-16 13:34:00+00:00,prob_floor,-0.400785959864026,10.0,129.08,127.63,0.0030213820886271225,-0.02238921599008381,-0.011233343662844897,0.010734153412207181,-0.011282613805531638
SOL/USDT,2025-12-16 13:24:00+00:00,2025-12-16 13:35:00+00:00,prob_floor,-0.5267959387039794,11.0,129.08,127.8,0.0030213820886271225,-0.02238921599008381,-0.00991633095754585,0.009389671361502261,-0.012597809076682287
SOL/USDT,2025-12-16 13:24:00+00:00,2025-12-16 13:36:00+00:00,prob_floor,-0.5327964155263674,12.0,129.08,127.54,0.0030213820886271225,-0.02238921599008381,-0.01193058568329719,0.011447389054414225,-0.01058491453661603
SOL/USDT,2025-12-16 13:24:00+00:00,2025-12-16 13:37:00+00:00,prob_floor,-0.5327964155263674,13.0,129.08,127.52,0.0030213820886271225,-0.02238921599008381,-0.012085528354508934,0.012154956085320023,-0.010429736511919696
SOL/USDT,2025-12-16 13:24:00+00:00,2025-12-16 13:38:00+00:00,prob_floor,-0.5117947473020037,14.0,129.08,127.52,0.0030213820886271225,-0.02238921599008381,-0.012085528354508934,0.012154956085320023,-0.010429736511919696
SOL/USDT,2025-12-16 13:24:00+00:00,2025-12-16 13:39:00+00:00,prob_floor,-0.3887850129135526,15.0,129.08,127.59,0.0030213820886271225,-0.02238921599008381,-0.011543229005268163,0.01159965514538741,-0.01097264675915044
SOL/USDT,2025-12-16 13:24:00+00:00,2025-12-16 13:40:00+00:00,prob_floor,-0.4127869074066819,16.0,129.08,128.0,0.0030213820886271225,-0.02238921599008381,-0.008366904245429296,0.008359374999999947,-0.014140625000000018
SOL/USDT,2025-12-16 13:24:00+00:00,2025-12-16 13:41:00+00:00,prob_floor,-0.3797843030889933,17.0,129.08,127.93,0.0030213820886271225,-0.02238921599008381,-0.008909203594670068,0.008911123270538557,-0.013601188149769516
SOL/USDT,2025-12-16 13:24:00+00:00,2025-12-16 13:42:00+00:00,prob_floor,-0.3977857230709115,18.0,129.08,128.05,0.0030213820886271225,-0.02238921599008381,-0.007979547567400047,0.007965638422491095,-0.014525575946895852
SOL/USDT,2025-12-16 13:24:00+00:00,2025-12-16 13:43:00+00:00,prob_floor,-0.5597985630792093,19.0,129.08,127.97,0.0030213820886271225,-0.02238921599008381,-0.008599318252246801,0.008595764632335579,-0.01390951004141594
SOL/USDT,2025-12-16 13:24:00+00:00,2025-12-16 13:44:00+00:00,prob_floor,-0.5207954620311152,20.0,129.08,127.43,0.0030213820886271225,-0.02238921599008381,-0.012782770374961339,0.012869810876559473,-0.00973083261398422
SOL/USDT,2025-12-16 13:24:00+00:00,2025-12-16 13:45:00+00:00,prob_floor,-0.5297961770964817,21.0,129.08,127.57,0.0030213820886271225,-0.02238921599008381,-0.011698171676479796,0.01175825037234457,-0.010817590342557026
SOL/USDT,2025-12-16 13:24:00+00:00,2025-12-16 13:46:00+00:00,prob_floor,-0.4487897535933645,22.0,129.08,127.65,0.0030213820886271225,-0.02238921599008381,-0.011078400991633153,0.011124167645906624,-0.01143752448100277
SOL/USDT,2025-12-16 13:24:00+00:00,2025-12-16 13:47:00+00:00,prob_floor,-0.5447973696199485,23.0,129.08,127.8,0.0030213820886271225,-0.02238921599008381,-0.00991633095754585,0.009937402190923317,-0.012597809076682287
SOL/USDT,2025-12-16 13:24:00+00:00,2025-12-16 13:48:00+00:00,prob_floor,-0.4727916540223127,24.0,129.08,127.48,0.0030213820886271225,-0.02238921599008381,-0.0123954136969322,0.01247254471289616,-0.010119234389708187
SOL/USDT,2025-12-16 13:24:00+00:00,2025-12-16 13:49:00+00:00,gate_close,-0.4097866704654632,25.0,129.08,127.73,0.0030213820886271225,-0.02238921599008381,-0.01045863030678651,0.010490879198308933,-0.01205668206372823
SOL/USDT,2025-12-16 13:24:00+00:00,2025-12-16 13:50:00+00:00,gate_close,-0.4217876184526355,26.0,129.08,127.94,0.0030213820886271225,-0.02238921599008381,-0.008831732259064307,0.008832265124276928,-0.013678286696889197
SOL/USDT,2025-12-16 13:24:00+00:00,2025-12-16 13:51:00+00:00,gate_close,-0.4817923672970745,27.0,129.08,127.89,0.0030213820886271225,-0.02238921599008381,-0.009219088937093334,0.014543748533896395,-0.013292673391195553
SOL/USDT,2025-12-16 13:24:00+00:00,2025-12-16 13:52:00+00:00,gate_close,-0.4787921295015793,28.0,129.08,127.7,0.0030213820886271225,-0.02238921599008381,-0.010691044313604015,0.01605324980422873,-0.011824588880188003
SOL/USDT,2025-12-16 13:24:00+00:00,2025-12-16 13:53:00+00:00,gate_close,-0.5507978468913042,29.0,129.08,127.69,0.0030213820886271225,-0.02238921599008381,-0.010768515649209887,0.016132821677500297,-0.011747200250606937
SOL/USDT,2025-12-16 13:24:00+00:00,2025-12-16 13:54:00+00:00,prob_floor,-0.4967935568334038,30.0,129.08,127.47,0.0030213820886271225,-0.02238921599008381,-0.012472885032538072,0.017886561543892787,-0.010041578410606378
SOL/USDT,2025-12-16 13:24:00+00:00,2025-12-16 13:55:00+00:00,prob_floor,-0.4397890415457419,31.0,129.08,127.61,0.0030213820886271225,-0.02238921599008381,-0.01138828633405653,0.016769845623383794,-0.011127654572525625
SOL/USDT,2025-12-16 13:24:00+00:00,2025-12-16 13:56:00+00:00,trailing_prob_drop,-0.5177952237507357,32.0,129.08,127.82,0.0030213820886271225,-0.02238921599008381,-0.009761388286334216,0.015099358472852487,-0.012752307933030838
SOL/USDT,2025-12-16 13:24:00+00:00,2025-12-16 13:57:00+00:00,prob_floor,-0.6558062234512047,33.0,129.08,127.58,0.0030213820886271225,-0.02238921599008381,-0.011620700340874035,0.017008935569838624,-0.010895124627684605
SOL/USDT,2025-12-16 13:24:00+00:00,2025-12-16 13:58:00+00:00,prob_floor,-0.7038100681186183,34.0,129.08,127.12,0.0030213820886271225,-0.02238921599008381,-0.015184381778741929,0.020689112649465047,-0.007315921963499061
SOL/USDT,2025-12-16 13:24:00+00:00,2025-12-16 13:59:00+00:00,prob_floor,-0.7188112715653369,35.0,129.08,126.95,0.0030213820886271225,-0.02238921599008381,-0.016501394484040977,0.022055927530523878,-0.005986608901142221
SOL/USDT,2025-12-16 13:24:00+00:00,2025-12-16 14:00:00+00:00,prob_floor,-0.8898250581865668,36.0,129.08,126.91,0.0030213820886271225,-0.02238921599008381,-0.016811279826464354,0.02237806319438973,-0.005673311795760805
SOL/USDT,2025-12-16 13:24:00+00:00,2025-12-16 14:01:00+00:00,prob_floor,-0.7908777976633993,37.0,129.08,126.34,0.0030213820886271225,-0.02238921599008381,-0.021227145955996396,0.026990660123476395,-0.0011872724394491607
SOL/USDT,2025-12-16 13:24:00+00:00,2025-12-16 14:02:00+00:00,prob_floor,-0.8898250581865668,38.0,129.08,126.67,0.0030213820886271225,-0.02238921599008381,-0.01867059188100406,0.024315149601326302,-0.0037893739638430457
SOL/USDT,2025-12-16 13:24:00+00:00,2025-12-16 14:03:00+00:00,prob_floor,-0.8268199644553247,39.0,129.08,126.19,0.0030213820886271225,-0.02238921599008381,-0.02238921599008381,0.028211427212932794,0.0
SOL/USDT,2025-12-16 13:24:00+00:00,2025-12-16 14:04:00+00:00,prob_floor,-0.5928011919890054,40.0,129.08,126.54,0.0030213820886271225,-0.02238921599008381,-0.019677719243879843,0.02536747273589368,-0.0016595542911332917
SOL/USDT,2025-12-16 13:24:00+00:00,2025-12-16 14:05:00+00:00,prob_floor,-0.5087945091336551,41.0,129.08,127.32,0.0030213820886271225,-0.02238921599008381,-0.013634955066625487,0.01908576814326124,-0.006047753691486024
SOL/USDT,2025-12-16 13:24:00+00:00,2025-12-16 14:06:00+00:00,prob_floor,-0.5177952237507357,42.0,129.08,127.6,0.0030213820886271225,-0.02238921599008381,-0.011465757669662402,0.0168495297805642,-0.0021943573667712046
SOL/USDT,2025-12-16 13:24:00+00:00,2025-12-16 14:07:00+00:00,prob_floor,-0.4337885670329676,43.0,129.08,127.54,0.0030213820886271225,-0.02238921599008381,-0.01193058568329719,0.01732789713031191,-0.001019288066488988
SOL/USDT,2025-12-16 13:24:00+00:00,2025-12-16 14:08:00+00:00,gate_close,-0.4787921295015793,44.0,129.08,127.86,0.0030213820886271225,-0.02238921599008381,-0.009451502943910839,0.014781792585640607,-0.0035194744251525467
SOL/USDT,2025-12-16 13:24:00+00:00,2025-12-16 14:09:00+00:00,gate_close,-0.4967935568334038,45.0,129.08,127.65,0.0030213820886271225,-0.02238921599008381,-0.011078400991633153,0.016451233842538215,-0.0018801410105758753
SOL/USDT,2025-12-16 13:24:00+00:00,2025-12-16 14:10:00+00:00,gate_close,-0.5387968924983322,46.0,129.08,127.65,0.0030213820886271225,-0.02238921599008381,-0.011078400991633153,0.016451233842538215,-0.0018801410105758753
SOL/USDT,2025-12-16 13:24:00+00:00,2025-12-16 14:11:00+00:00,prob_floor,-0.5357966539936407,47.0,129.08,127.52,0.0030213820886271225,-0.02238921599008381,-0.012085528354508934,0.017487452948557136,-0.0008626097867001636
SOL/USDT,2025-12-16 13:24:00+00:00,2025-12-16 14:12:00+00:00,trailing_prob_drop,-0.5267959387039794,48.0,129.08,127.52,0.0030213820886271225,-0.02238921599008381,-0.012085528354508934,0.017487452948557136,-0.0008626097867001636
SOL/USDT,2025-12-16 13:24:00+00:00,2025-12-16 14:13:00+00:00,gate_close,-0.5087945091336551,49.0,129.08,127.54,0.0030213820886271225,-0.02238921599008381,-0.01193058568329719,0.01732789713031191,-0.001019288066488988
SOL/USDT,2025-12-16 13:24:00+00:00,2025-12-16 14:14:00+00:00,gate_close,-0.5057942710026241,50.0,129.08,127.61,0.0030213820886271225,-0.02238921599008381,-0.01138828633405653,0.016769845623383794,-0.0015672752919050348
SOL/USDT,2025-12-16 13:24:00+00:00,2025-12-16 14:15:00+00:00,gate_close,-0.4727916540223127,51.0,129.08,127.61,0.0030213820886271225,-0.02238921599008381,-0.01138828633405653,0.016769845623383794,-0.0015672752919050348
SOL/USDT,2025-12-16 13:24:00+00:00,2025-12-16 14:16:00+00:00,gate_close,-0.4097866704654632,52.0,129.08,127.72,0.0030213820886271225,-0.02238921599008381,-0.010536101642392381,0.015894143438772268,-0.001174444096461058
SOL/USDT,2025-12-16 13:24:00+00:00,2025-12-16 14:17:00+00:00,gate_close,-0.5207954620311152,53.0,129.08,127.93,0.0030213820886271225,-0.02238921599008381,-0.008909203594670068,0.014226530133666815,-0.00281403892753862
SOL/USDT,2025-12-16 13:24:00+00:00,2025-12-16 14:18:00+00:00,gate_close,-0.4967935568334038,54.0,129.08,127.57,0.0030213820886271225,-0.02238921599008381,-0.011698171676479796,0.0170886572078075,0.0
SOL/USDT,2025-12-16 13:24:00+00:00,2025-12-16 14:19:00+00:00,gate_close,-0.460790703510344,55.0,129.08,127.64,0.0030213820886271225,-0.02238921599008381,-0.011155872327239025,0.016530868066436888,-0.000548417424005021
SOL/USDT,2025-12-16 13:24:00+00:00,2025-12-16 14:20:00+00:00,gate_close,-0.400785959864026,56.0,129.08,127.77,0.0030213820886271225,-0.02238921599008381,-0.010148744964363354,0.015496595444940198,-0.0012522501369648387
SOL/USDT,2025-12-16 13:24:00+00:00,2025-12-16 14:21:00+00:00,gate_close,-0.2927774585622494,57.0,129.08,127.92,0.0030213820886271225,-0.02238921599008381,-0.008986674930275829,0.014305816135084415,-0.002423389618511629
SOL/USDT,2025-12-16 13:24:00+00:00,2025-12-16 14:22:00+00:00,gate_close,-0.301778165181813,58.0,129.08,128.33,0.0030213820886271225,-0.02238921599008381,-0.005810350170436962,0.011065222473310987,-0.005610535338580358
SOL/USDT,2025-12-16 13:24:00+00:00,2025-12-16 14:23:00+00:00,gate_close,-0.3647831207869681,59.0,129.08,128.3,0.0030213820886271225,-0.02238921599008381,-0.006042764177254467,0.01130163678877616,-0.005378020265004002
SOL/USDT,2025-12-16 13:24:00+00:00,2025-12-16 14:24:00+00:00,time_limit,-0.4307555999999989,60.0,129.08,128.09,0.0030213820886271225,-0.02238921599008381,-0.007669662224976781,0.012959637754703657,-0.0037473651338902902
SOL/USDT,,2025-12-16 14:26:00+00:00,dry_run,0.0,,,127.84,,,,0.014940550688360421,-0.001799123904881128
SOL/USDT,2025-12-16 14:26:00+00:00,2025-12-16 14:27:00+00:00,take_profit,0.1935899621773489,1.0,127.84,128.15,0.014940550688360421,-0.001799123904881128,0.0024249061326657717,0.012485368708544664,-0.006164650799843963
SOL/USDT,2025-12-16 14:26:00+00:00,2025-12-16 14:28:00+00:00,take_profit,0.1997904420774217,2.0,127.84,128.5,0.014940550688360421,-0.001799123904881128,0.005162703379224087,0.009727626459143934,-0.008871595330739335
SOL/USDT,2025-12-16 14:26:00+00:00,2025-12-16 14:29:00+00:00,take_profit,0.2617739200000014,3.0,127.84,128.52,0.014940550688360421,-0.001799123904881128,0.005319148936170359,0.009570494864612478,-0.009025832555244362
SOL/USDT,,2025-12-16 14:35:00+00:00,dry_run,0.0,,,129.0,,,,0.005813953488372103,-0.012713178294573635
SOL/USDT,2025-12-16 14:35:00+00:00,2025-12-16 14:37:00+00:00,take_profit,0.0323178859823941,2.0,129.0,128.94,0.005813953488372103,-0.012713178294573635,-0.00046511627906975495,0.006281991624011107,-0.012253761439429134
SOL/USDT,2025-12-16 14:35:00+00:00,2025-12-16 14:38:00+00:00,take_profit,0.0261143999999954,3.0,129.0,128.85,0.005813953488372103,-0.012713178294573635,-0.0011627906976744429,0.006984866123399325,-0.011563833915405497
SOL/USDT,,2025-12-16 14:54:00+00:00,dry_run,0.0,,,128.94,,,,0.005739103458973327,-0.012253761439429134
SOL/USDT,2025-12-16 14:54:00+00:00,2025-12-16 14:55:00+00:00,gate_close,-0.135112029711535,1.0,128.94,128.8,0.005739103458973327,-0.012253761439429134,-0.0010857763300758938,0.007298136645962794,-0.011180124223602594
SOL/USDT,2025-12-16 14:54:00+00:00,2025-12-16 14:56:00+00:00,prob_floor,-0.1536965899100078,2.0,128.94,128.45,0.005739103458973327,-0.012253761439429134,-0.003800217155266128,0.011444141689373355,-0.008485792137018167
SOL/USDT,2025-12-16 14:54:00+00:00,2025-12-16 14:59:00+00:00,gate_close,-0.0854912663944308,5.0,128.94,128.56,0.005739103458973327,-0.012253761439429134,-0.0029471071816348227,0.011589919103920376,-0.009334163036714416
SOL/USDT,2025-12-16 14:54:00+00:00,2025-12-16 15:00:00+00:00,gate_close,-0.0668933114427941,6.0,128.94,128.48,0.005739103458973327,-0.012253761439429134,-0.0035675507988212063,0.012219800747198084,-0.008717310087173025
SOL/USDT,2025-12-16 14:54:00+00:00,2025-12-16 15:01:00+00:00,gate_close,-0.2095009591074023,7.0,128.94,128.65,0.005739103458973327,-0.012253761439429134,-0.00224910811230028,0.01088223863194715,-0.01002720559657988
SOL/USDT,2025-12-16 14:54:00+00:00,2025-12-16 15:02:00+00:00,prob_floor,-0.3149092456092386,8.0,128.94,128.16,0.005739103458973327,-0.012253761439429134,-0.006049325267566297,0.014747191011236005,-0.006242197253433224
SOL/USDT,2025-12-16 14:54:00+00:00,2025-12-16 15:03:00+00:00,prob_floor,-0.2684055843719531,9.0,128.94,127.82,0.005739103458973327,-0.012253761439429134,-0.008686210640608039,0.017446409012674247,-0.0035988108277263953
SOL/USDT,2025-12-16 14:54:00+00:00,2025-12-16 15:04:00+00:00,prob_floor,-0.2281024182350528,10.0,128.94,127.98,0.005739103458973327,-0.012253761439429134,-0.007445323406235382,0.016174402250351605,-0.00484450695421168
SOL/USDT,2025-12-16 14:54:00+00:00,2025-12-16 15:05:00+00:00,prob_floor,-0.193999744210894,11.0,128.94,128.1,0.005739103458973327,-0.012253761439429134,-0.006514657980456029,0.015222482435597318,-0.0057767369242778255
SOL/USDT,2025-12-16 14:54:00+00:00,2025-12-16 15:06:00+00:00,prob_floor,-0.0265866834530704,12.0,128.94,128.22,0.005739103458973327,-0.012253761439429134,-0.0055839925546765645,0.01427234440804881,-0.006707221962252374
SOL/USDT,2025-12-16 14:54:00+00:00,2025-12-16 15:07:00+00:00,prob_floor,-0.0420878881784054,13.0,128.94,128.76,0.005739103458973327,-0.012253761439429134,-0.0013959981386691966,0.01001863932898428,-0.010872941907424605
SOL/USDT,2025-12-16 14:54:00+00:00,2025-12-16 15:08:00+00:00,prob_floor,-0.1629973172583096,14.0,128.94,128.71,0.005739103458973327,-0.012253761439429134,-0.0017837753994105476,0.010411001476186899,-0.010488695517053892
SOL/USDT,2025-12-16 14:54:00+00:00,2025-12-16 15:09:00+00:00,prob_floor,-0.2157014453314742,15.0,128.94,128.32,0.005739103458973327,-0.012253761439429134,-0.0048084380331937515,0.01348192019950134,-0.007481296758104716
SOL/USDT,2025-12-16 14:54:00+00:00,2025-12-16 15:10:00+00:00,prob_floor,-0.1691978023461673,16.0,128.94,128.06,0.005739103458973327,-0.012253761439429134,-0.00682487978904911,0.015539590816804782,-0.005466187724504135
SOL/USDT,2025-12-16 14:54:00+00:00,2025-12-16 15:11:00+00:00,prob_floor,-0.1815987729757131,17.0,128.94,128.29,0.005739103458973327,-0.012253761439429134,-0.005041104389638673,0.0137189180762336,-0.007249201028918795
SOL/USDT,2025-12-16 14:54:00+00:00,2025-12-16 15:13:00+00:00,prob_floor,-0.1691978023461673,19.0,128.94,128.08,0.005739103458973327,-0.012253761439429134,-0.006669768884752458,0.015381011867582783,-0.0056214865708933415
SOL/USDT,2025-12-16 14:54:00+00:00,2025-12-16 15:14:00+00:00,prob_floor,-0.2808065598624287,20.0,128.94,128.31,0.005739103458973327,-0.012253761439429134,-0.004885993485342022,0.013560907177928572,-0.007403943574156413
SOL/USDT,2025-12-16 14:54:00+00:00,2025-12-16 15:15:00+00:00,prob_floor,-0.3118090012594416,21.0,128.94,127.94,0.005739103458973327,-0.012253761439429134,-0.007755545214828574,0.016492105674535074,-0.004533375019540431
SOL/USDT,2025-12-16 14:54:00+00:00,2025-12-16 15:16:00+00:00,prob_floor,-0.3397112017848124,22.0,128.94,127.84,0.005739103458973327,-0.012253761439429134,-0.008531099736311387,0.017287234042553168,-0.003754693366708417
SOL/USDT,2025-12-16 14:54:00+00:00,2025-12-16 15:17:00+00:00,prob_floor,-0.3583126705251189,23.0,128.94,127.74,0.005739103458973327,-0.012253761439429134,-0.009306654257794311,0.01808360732738379,-0.002974792547361771
SOL/USDT,2025-12-16 14:54:00+00:00,2025-12-16 15:18:00+00:00,prob_floor,-0.2312026615558761,24.0,128.94,127.61,0.005739103458973327,-0.012253761439429134,-0.010314875135722046,0.019120758561241402,-0.0019590941148812657
SOL/USDT,2025-12-16 14:54:00+00:00,2025-12-16 15:19:00+00:00,gate_close,-0.2095009591074023,25.0,128.94,128.08,0.005739103458973327,-0.012253761439429134,-0.006669768884752458,0.015381011867582783,-0.0056214865708933415
SOL/USDT,2025-12-16 14:54:00+00:00,2025-12-16 15:20:00+00:00,gate_close,-0.2312026615558761,26.0,128.94,128.16,0.005739103458973327,-0.012253761439429134,-0.006049325267566297,0.014747191011236005,-0.006242197253433224
SOL/USDT,2025-12-16 14:54:00+00:00,2025-12-16 15:21:00+00:00,prob_floor,-0.3180094899972616,27.0,128.94,128.09,0.005739103458973327,-0.012253761439429134,-0.006592213432604299,0.015301740963385102,-0.005699117807791421
SOL/USDT,2025-12-16 14:54:00+00:00,2025-12-16 15:22:00+00:00,prob_floor,-0.2746060720409516,28.0,128.94,127.81,0.005739103458973327,-0.012253761439429134,-0.008763766092756309,0.01752601517878105,-0.003520851263594471
SOL/USDT,2025-12-16 14:54:00+00:00,2025-12-16 15:23:00+00:00,prob_floor,-0.2653053405946004,29.0,128.94,127.96,0.005739103458973327,-0.012253761439429134,-0.007600434310532034,0.01633322913410451,-0.0046889653016567445
SOL/USDT,2025-12-16 14:54:00+00:00,2025-12-16 15:24:00+00:00,prob_floor,-0.3304104679319179,30.0,128.94,127.98,0.005739103458973327,-0.012253761439429134,-0.007445323406235382,0.016174402250351605,-0.00484450695421168
SOL/USDT,2025-12-16 14:54:00+00:00,2025-12-16 15:25:00+00:00,prob_floor,-0.355238516764546,31.0,128.94,127.78,0.005739103458973327,-0.012253761439429134,-0.00899643244920112,0.017764908436375126,-0.0032868993582720885
SOL/USDT,2025-12-16 14:54:00+00:00,2025-12-16 15:26:00+00:00,prob_floor,-0.4141170850398075,32.0,128.94,127.7,0.005739103458973327,-0.012253761439429134,-0.009616876066387392,0.018402505873140296,-0.002662490211433055
SOL/USDT,2025-12-16 14:54:00+00:00,2025-12-16 15:27:00+00:00,prob_floor,-0.3583126705251189,33.0,128.94,127.49,0.005739103458973327,-0.012253761439429134,-0.01124554056150151,0.02008000627500217,-0.0010196878186523595
SOL/USDT,2025-12-16 14:54:00+00:00,2025-12-16 15:28:00+00:00,prob_floor,-0.3397112017848124,34.0,128.94,127.68,0.005739103458973327,-0.012253761439429134,-0.009771986970683932,0.018562030075188085,-0.0014097744360902498
SOL/USDT,2025-12-16 14:54:00+00:00,2025-12-16 15:29:00+00:00,prob_floor,-0.2994080242424235,35.0,128.94,127.75,0.005739103458973327,-0.012253761439429134,-0.009229098805646041,0.018003913894324874,-0.0004696673189824585
SOL/USDT,2025-12-16 14:54:00+00:00,2025-12-16 15:30:00+00:00,prob_floor,-0.2002002300557758,36.0,128.94,127.87,0.005739103458973327,-0.012253761439429134,-0.008298433379866577,0.017048564948776157,-0.0009384531164464693
SOL/USDT,2025-12-16 14:54:00+00:00,2025-12-16 15:31:00+00:00,gate_close,-0.1846990157277065,37.0,128.94,128.19,0.005739103458973327,-0.012253761439429134,-0.005816658911121486,0.01450971214603336,-0.0029643497932755336
SOL/USDT,2025-12-16 14:54:00+00:00,2025-12-16 15:32:00+00:00,gate_close,-0.193999744210894,38.0,128.94,128.24,0.005739103458973327,-0.012253761439429134,-0.005428881650379913,0.014114160948222043,-0.0028852152214597915
SOL/USDT,2025-12-16 14:54:00+00:00,2025-12-16 15:33:00+00:00,gate_close,-0.1970999871144002,39.0,128.94,128.22,0.005739103458973327,-0.012253761439429134,-0.0055839925546765645,0.01427234440804881,-0.002729683356730628
SOL/USDT,2025-12-16 14:54:00+00:00,2025-12-16 15:34:00+00:00,gate_close,-0.1350951362330116,40.0,128.94,128.18,0.005739103458973327,-0.012253761439429134,-0.005894214363269645,0.01458885941644561,-0.0024184740209081124
SOL/USDT,2025-12-16 14:54:00+00:00,2025-12-16 15:35:00+00:00,gate_close,-0.2560046094910876,41.0,128.94,128.44,0.005739103458973327,-0.012253761439429134,-0.003877772607414287,0.012535035814388085,-0.004437869822485174
SOL/USDT,2025-12-16 14:54:00+00:00,2025-12-16 15:36:00+00:00,prob_floor,-0.2188016885004118,42.0,128.94,128.02,0.005739103458973327,-0.012253761439429134,-0.0071351015976421905,0.01585689735978746,-0.0011716919231370415
SOL/USDT,2025-12-16 14:54:00+00:00,2025-12-16 15:37:00+00:00,gate_close,-0.2870070478364601,43.0,128.94,128.13,0.005739103458973327,-0.012253761439429134,-0.006281991624011218,0.014984781081714083,-0.00202918910481531
SOL/USDT,2025-12-16 14:54:00+00:00,2025-12-16 15:39:00+00:00,gate_close,-0.2467038787301459,45.0,128.94,128.06,0.005739103458973327,-0.012253761439429134,-0.00682487978904911,0.015539590816804782,-0.0014836795252225476
SOL/USDT,2025-12-16 14:54:00+00:00,2025-12-16 15:41:00+00:00,gate_close,-0.2436036352192389,47.0,128.94,128.08,0.005739103458973327,-0.012253761439429134,-0.006669768884752458,0.015381011867582783,-0.0018738288569645212
SOL/USDT,2025-12-16 14:54:00+00:00,2025-12-16 15:42:00+00:00,gate_close,-0.2622050968553526,48.0,128.94,128.06,0.005739103458973327,-0.012253761439429134,-0.00682487978904911,0.015539590816804782,-0.0017179447134155756
SOL/USDT,2025-12-16 14:54:00+00:00,2025-12-16 15:43:00+00:00,gate_close,-0.1660975597833259,49.0,128.94,128.0,0.005739103458973327,-0.012253761439429134,-0.007290212501938842,0.01601562500000009,-0.0012499999999999734
SOL/USDT,2025-12-16 14:54:00+00:00,2025-12-16 15:44:00+00:00,take_profit,0.0354143999999957,50.0,128.94,128.27,0.005739103458973327,-0.012253761439429134,-0.0051962152939351025,0.013876978249006022,-0.003352303734310502
SOL/USDT,,2025-12-16 15:49:00+00:00,dry_run,0.0,,,128.95,,,,0.008530438154323638,-0.008607987592089805
SOL/USDT,2025-12-16 15:49:00+00:00,2025-12-16 15:50:00+00:00,take_profit,0.140829372799727,1.0,128.95,128.75,0.008530438154323638,-0.008607987592089805,-0.0015509887553314394,0.01009708737864079,-0.007067961165048486
SOL/USDT,2025-12-16 15:49:00+00:00,2025-12-16 15:51:00+00:00,take_profit,0.153230328247673,2.0,128.95,129.24,0.008530438154323638,-0.008607987592089805,0.002248933695230937,0.0062674094707522165,-0.010832559579077694
SOL/USDT,2025-12-16 15:49:00+00:00,2025-12-16 15:52:00+00:00,take_profit,0.2400175000000035,3.0,128.95,129.28,0.008530438154323638,-0.008607987592089805,0.002559131446297158,0.0059560643564358084,-0.011138613861386149
SOL/USDT,,2025-12-16 16:01:00+00:00,dry_run,0.0,,,129.69,,,,0.0,-0.01426478525715158
SOL/USDT,2025-12-16 16:01:00+00:00,2025-12-16 16:02:00+00:00,take_profit,0.0162333994983552,1.0,129.69,129.48,0.0,-0.01426478525715158,-0.0016192458940551546,0.0015446400988570197,-0.01266604881062705
SOL/USDT,2025-12-16 16:01:00+00:00,2025-12-16 16:04:00+00:00,gate_close,-0.0887747199071332,3.0,129.69,129.29,0.0,-0.01426478525715158,-0.0030842778934382364,0.0021656740660531693,-0.011215097842060429
SOL/USDT,2025-12-16 16:01:00+00:00,2025-12-16 16:05:00+00:00,gate_close,-0.0317703067805075,4.0,129.69,129.31,0.0,-0.01426478525715158,-0.0029300639987662747,0.0007733353955610145,-0.011368030314747535
SOL/USDT,2025-12-16 16:01:00+00:00,2025-12-16 16:06:00+00:00,gate_close,-0.1067761162234303,5.0,129.69,129.41,0.0,-0.01426478525715158,-0.002158994525406799,0.0,-0.01213198361795842
SOL/USDT,2025-12-16 16:01:00+00:00,2025-12-16 16:07:00+00:00,trailing_prob_drop,-0.1517796126962035,6.0,129.69,129.17,0.0,-0.01426478525715158,-0.004009561261469785,0.0018580165673145466,-0.010296508477200428
SOL/USDT,2025-12-16 16:01:00+00:00,2025-12-16 16:08:00+00:00,prob_floor,-0.1547798460834793,7.0,129.69,129.02,0.0,-0.01426478525715158,-0.005166165471508832,0.0018601767167878425,-0.00914586885754154
SOL/USDT,2025-12-16 16:01:00+00:00,2025-12-16 16:09:00+00:00,prob_floor,-0.1367784463022443,8.0,129.69,129.03,0.0,-0.01426478525715158,-0.0050890585241729624,0.0017825311942958333,-0.00922266139657446
SOL/USDT,2025-12-16 16:01:00+00:00,2025-12-16 16:10:00+00:00,prob_floor,-0.2297856925478563,9.0,129.69,129.06,0.0,-0.01426478525715158,-0.004857737682165131,0.0015496668216332665,-0.009452967611963459
SOL/USDT,2025-12-16 16:01:00+00:00,2025-12-16 16:11:00+00:00,prob_floor,-0.2177847555883432,10.0,129.69,128.76,0.0,-0.01426478525715158,-0.007170946102243891,0.003883193538365859,-0.007145076110593229
SOL/USDT,2025-12-16 16:01:00+00:00,2025-12-16 16:12:00+00:00,prob_floor,-0.2027835852070248,11.0,129.69,128.79,0.0,-0.01426478525715158,-0.006939625260235949,0.0036493516577373875,-0.007376349095426615
SOL/USDT,2025-12-16 16:01:00+00:00,2025-12-16 16:13:00+00:00,prob_floor,-0.2027835852070248,12.0,129.69,128.83,0.0,-0.01426478525715158,-0.006631197470892025,0.0033377318947449552,-0.007684545525110664
SOL/USDT,2025-12-16 16:01:00+00:00,2025-12-16 16:14:00+00:00,prob_floor,-0.2357861612459762,13.0,129.69,128.81,0.0,-0.01426478525715158,-0.006785411365563987,0.0034935175840384858,-0.0075304712367052495
SOL/USDT,2025-12-16 16:01:00+00:00,2025-12-16 16:15:00+00:00,prob_floor,-0.2567878028368195,14.0,129.69,128.78,0.0,-0.01426478525715158,-0.00701673220757193,0.003727286845783384,-0.007299270072992692
SOL/USDT,2025-12-16 16:01:00+00:00,2025-12-16 16:16:00+00:00,prob_floor,-0.2387863956496352,15.0,129.69,128.67,0.0,-0.01426478525715158,-0.007864908628267497,0.004585373435921358,-0.00645061008782144
SOL/USDT,2025-12-16 16:01:00+00:00,2025-12-16 16:17:00+00:00,prob_floor,-0.2027835852070248,16.0,129.69,128.84,0.0,-0.01426478525715158,-0.006554090523556155,0.003259857187208892,-0.007761564731449844
SOL/USDT,2025-12-16 16:01:00+00:00,2025-12-16 16:18:00+00:00,prob_floor,-0.1757814808081512,17.0,129.69,128.84,0.0,-0.01426478525715158,-0.006554090523556155,0.003259857187208892,-0.007761564731449844
SOL/USDT,2025-12-16 16:01:00+00:00,2025-12-16 16:19:00+00:00,prob_floor,-0.2358028194174644,18.0,129.69,128.94,0.0,-0.01426478525715158,-0.005783021050196568,0.0024817744687450904,-0.008531099736311387
SOL/USDT,2025-12-16 16:01:00+00:00,2025-12-16 16:20:00+00:00,prob_floor,-0.1427789127513709,19.0,129.69,128.74,0.0,-0.01426478525715158,-0.007325159996915631,0.004039148671741266,-0.006990834239552601
SOL/USDT,2025-12-16 16:01:00+00:00,2025-12-16 16:21:00+00:00,prob_floor,-0.0767737897497443,20.0,129.69,129.04,0.0,-0.01426478525715158,-0.005011951576837093,0.0017048977061375759,-0.009299442033477878
SOL/USDT,2025-12-16 16:01:00+00:00,2025-12-16 16:22:00+00:00,gate_close,-0.1817819481984205,21.0,129.69,129.25,0.0,-0.01426478525715158,-0.003392705682782049,7.736943907143967e-05,-0.010909090909090868
SOL/USDT,2025-12-16 16:01:00+00:00,2025-12-16 16:23:00+00:00,trailing_prob_drop,-0.1727812471673918,22.0,129.69,128.97,0.0,-0.01426478525715158,-0.005551700208188737,0.002248584942234677,-0.00876172753353488
SOL/USDT,2025-12-16 16:01:00+00:00,2025-12-16 16:24:00+00:00,prob_floor,-0.1277777468995632,23.0,129.69,128.91,0.0,-0.01426478525715158,-0.006014341892204511,0.0019393375223024645,-0.008688232099914539
SOL/USDT,2025-12-16 16:01:00+00:00,2025-12-16 16:25:00+00:00,trailing_prob_drop,-0.1157768148681567,24.0,129.69,129.12,0.0,-0.01426478525715158,-0.0043950959981493565,0.00030978934324643603,-0.012159231722428832
SOL/USDT,2025-12-16 16:01:00+00:00,2025-12-16 16:27:00+00:00,gate_close,-0.1517796126962035,26.0,129.69,129.03,0.0,-0.01426478525715158,-0.0050890585241729624,0.0008525149190110604,-0.013252731922808736
SOL/USDT,2025-12-16 16:01:00+00:00,2025-12-16 16:28:00+00:00,gate_close,-0.2027835852070248,27.0,129.69,129.01,0.0,-0.01426478525715158,-0.005243272418845035,0.0006976203395085978,-0.013099759708549708
SOL/USDT,2025-12-16 16:01:00+00:00,2025-12-16 16:29:00+00:00,gate_close,-0.2807896811292046,28.0,129.69,128.85,0.0,-0.01426478525715158,-0.006476983576220285,0.0009313154831198656,-0.011874272409778786
SOL/USDT,2025-12-16 16:01:00+00:00,2025-12-16 16:30:00+00:00,prob_floor,-0.2837899160801136,29.0,129.69,128.58,0.0,-0.01426478525715158,-0.008558871154290881,0.0020220874163943137,-0.009799346710219425
SOL/USDT,2025-12-16 16:01:00+00:00,2025-12-16 16:31:00+00:00,trailing_prob_drop,-0.3017913265533261,30.0,129.69,128.59,0.0,-0.01426478525715158,-0.008481764206955011,0.0009331985379890106,-0.009876351193716548
SOL/USDT,2025-12-16 16:01:00+00:00,2025-12-16 16:32:00+00:00,prob_floor,-0.3497950942620122,31.0,129.69,128.52,0.0,-0.01426478525715158,-0.009021512838306656,0.0014783691254278697,-0.00933706816059765
SOL/USDT,2025-12-16 16:01:00+00:00,2025-12-16 16:33:00+00:00,prob_floor,-0.3827976900151967,32.0,129.69,128.36,0.0,-0.01426478525715158,-0.010255223995681906,0.0027267061389839586,-0.008102212527267172
SOL/USDT,2025-12-16 16:01:00+00:00,2025-12-16 16:34:00+00:00,prob_floor,-0.3947986350298412,33.0,129.69,128.22,0.0,-0.01426478525715158,-0.011334721258385416,0.0038215566994228567,-0.007019185774450154
SOL/USDT,2025-12-16 16:01:00+00:00,2025-12-16 16:35:00+00:00,prob_floor,-0.3827976900151967,34.0,129.69,128.21,0.0,-0.01426478525715158,-0.011411828205721286,0.00389985180563146,-0.006941736214023941
SOL/USDT,2025-12-16 16:01:00+00:00,2025-12-16 16:36:00+00:00,prob_floor,-0.3527953300557024,35.0,129.69,128.24,0.0,-0.01426478525715158,-0.011180507363713343,0.003665003119151633,-0.00717404865876492
SOL/USDT,2025-12-16 16:01:00+00:00,2025-12-16 16:37:00+00:00,prob_floor,-0.3317936802709916,36.0,129.69,128.34,0.0,-0.01426478525715158,-0.010409437890353868,0.002882967118591262,-0.00794763908368401
SOL/USDT,2025-12-16 16:01:00+00:00,2025-12-16 16:38:00+00:00,prob_floor,-0.4007991077583101,37.0,129.69,128.41,0.0,-0.01426478525715158,-0.009869689259002223,0.0023362666458999204,-0.008488435480102807
SOL/USDT,2025-12-16 16:01:00+00:00,2025-12-16 16:39:00+00:00,prob_floor,-0.4938796244400111,38.0,129.69,128.2,0.0,-0.01426478525715158,-0.011488935153057378,0.003978159126365233,-0.00686427457098282
SOL/USDT,2025-12-16 16:01:00+00:00,2025-12-16 16:40:00+00:00,prob_floor,-0.4728047920278236,39.0,129.69,127.9,0.0,-0.01426478525715158,-0.013802143573135917,0.006333072713057053,-0.0045347928068805166
SOL/USDT,2025-12-16 16:01:00+00:00,2025-12-16 16:41:00+00:00,prob_floor,-0.4668043175243234,40.0,129.69,127.92,0.0,-0.01426478525715158,-0.013647929678463955,0.0061757348342714735,-0.004690431519699834
SOL/USDT,2025-12-16 16:01:00+00:00,2025-12-16 16:42:00+00:00,prob_floor,-0.4428024209926249,41.0,129.69,127.95,0.0,-0.01426478525715158,-0.013416608836456123,0.005939820242282234,-0.005314576006252514
SOL/USDT,2025-12-16 16:01:00+00:00,2025-12-16 16:43:00+00:00,prob_floor,-0.4158002902251487,42.0,129.69,128.04,0.0,-0.01426478525715158,-0.012722646310432628,0.005232739768822325,-0.006950952827241341
SOL/USDT,2025-12-16 16:01:00+00:00,2025-12-16 16:44:00+00:00,prob_floor,-0.4338017104040649,43.0,129.69,128.13,0.0,-0.01426478525715158,-0.012028683784409022,0.004526652618434435,-0.007648482010458091
SOL/USDT,2025-12-16 16:01:00+00:00,2025-12-16 16:45:00+00:00,prob_floor,-0.3467948585050343,44.0,129.69,128.08,0.0,-0.01426478525715158,-0.012414218521088594,0.004918800749531549,-0.007261086820737117
SOL/USDT,2025-12-16 16:01:00+00:00,2025-12-16 16:46:00+00:00,prob_floor,-0.4097998171276893,45.0,129.69,128.36,0.0,-0.01426478525715158,-0.010255223995681906,0.0027267061389839586,-0.009426612651916577
SOL/USDT,2025-12-16 16:01:00+00:00,2025-12-16 16:47:00+00:00,prob_floor,-0.3707967455898913,46.0,129.69,128.2,0.0,-0.01426478525715158,-0.011488935153057378,0.003978159126365233,-0.008190327613104342
SOL/USDT,2025-12-16 16:01:00+00:00,2025-12-16 16:48:00+00:00,prob_floor,-0.3287934447342872,47.0,129.69,128.28,0.0,-0.01426478525715158,-0.010872079574369642,0.0033520424072341903,-0.008808855628313017
SOL/USDT,2025-12-16 16:01:00+00:00,2025-12-16 16:51:00+00:00,gate_close,-0.3287934447342872,50.0,129.69,128.32,0.0,-0.01426478525715158,-0.01056365178502583,0.002805486284289449,-0.009117830423940099
SOL/USDT,2025-12-16 16:01:00+00:00,2025-12-16 16:52:00+00:00,trailing_prob_drop,-0.3317936802709916,51.0,129.69,128.33,0.0,-0.01426478525715158,-0.010486544837689737,0.0017922543442685512,-0.009195044027117683
SOL/USDT,2025-12-16 16:01:00+00:00,2025-12-16 16:53:00+00:00,trailing_prob_drop,-0.3497950942620122,52.0,129.69,128.41,0.0,-0.01426478525715158,-0.009869689259002223,0.0011681333229500712,-0.00981231991277931
SOL/USDT,2025-12-16 16:01:00+00:00,2025-12-16 16:54:00+00:00,trailing_prob_drop,-0.3647962735980578,53.0,129.69,128.35,0.0,-0.01426478525715158,-0.010332330943017998,0.0016361511492015701,-0.009349435138293671
SOL/USDT,2025-12-16 16:01:00+00:00,2025-12-16 16:56:00+00:00,gate_close,-0.3197927383441734,55.0,129.69,128.42,0.0,-0.01426478525715158,-0.009792582311666354,0.001090172870269468,-0.009889425323158285
SOL/USDT,2025-12-16 16:01:00+00:00,2025-12-16 16:57:00+00:00,gate_close,-0.3437946227848029,56.0,129.69,128.48,0.0,-0.01426478525715158,-0.00932994062765058,0.0006226650062266526,-0.010351805728517904
SOL/USDT,2025-12-16 16:01:00+00:00,2025-12-16 16:59:00+00:00,trailing_prob_drop,-0.3767972177289261,58.0,129.69,128.29,0.0,-0.01426478525715158,-0.010794972627033772,0.002104606750331417,-0.008886117390287551
SOL/USDT,2025-12-16 16:01:00+00:00,2025-12-16 17:00:00+00:00,gate_close,-0.3287934447342872,59.0,129.69,128.27,0.0,-0.01426478525715158,-0.010949186521705512,0.0022608560068604344,-0.008731581819599321
SOL/USDT,2025-12-16 16:01:00+00:00,2025-12-16 17:01:00+00:00,time_limit,-0.3077688,60.0,129.69,128.42,0.0,-0.01426478525715158,-0.009792582311666354,0.001090172870269468,-0.009889425323158285
SOL/USDT,,2025-12-16 17:02:00+00:00,dry_run,0.0,,,128.42,,,,0.001090172870269468,-0.009889425323158285
SOL/USDT,2025-12-16 17:02:00+00:00,2025-12-16 17:04:00+00:00,trailing_prob_drop,-0.0823767745708771,2.0,128.42,128.42,0.001090172870269468,-0.009889425323158285,0.0,0.001090172870269468,-0.009889425323158285
SOL/USDT,2025-12-16 17:02:00+00:00,2025-12-16 17:05:00+00:00,prob_floor,-0.0513743568554591,3.0,128.42,128.37,0.001090172870269468,-0.009889425323158285,-0.0003893474536674768,0.0009347978499649745,-0.009503778141310315
SOL/USDT,2025-12-16 17:02:00+00:00,2025-12-16 17:06:00+00:00,gate_close,-0.0606750817747109,4.0,128.42,128.45,0.001090172870269468,-0.009889425323158285,0.0002336084722005527,0.00031140521603756355,-0.010120669521214376
SOL/USDT,2025-12-16 17:02:00+00:00,2025-12-16 17:07:00+00:00,trailing_prob_drop,-0.0978779848419721,5.0,128.42,128.42,0.001090172870269468,-0.009889425323158285,0.0,0.000545086435134845,-0.009889425323158285
SOL/USDT,2025-12-16 17:02:00+00:00,2025-12-16 17:08:00+00:00,prob_floor,-0.0916775006203427,6.0,128.42,128.3,0.001090172870269468,-0.009889425323158285,-0.0009344338888022108,0.0010911925175369763,-0.008963367108339892
SOL/USDT,2025-12-16 17:02:00+00:00,2025-12-16 17:09:00+00:00,trailing_prob_drop,-0.1505821068292619,7.0,128.42,128.32,0.001090172870269468,-0.009889425323158285,-0.0007786949073352867,0.0007793017456358964,-0.009117830423940099
SOL/USDT,2025-12-16 17:02:00+00:00,2025-12-16 17:10:00+00:00,prob_floor,-0.0823767745708771,8.0,128.42,128.12,0.001090172870269468,-0.009889425323158285,-0.002336084722005749,0.0023415547923819613,-0.007571027162035615
SOL/USDT,2025-12-16 17:02:00+00:00,2025-12-16 17:11:00+00:00,trailing_prob_drop,-0.0575748400973408,9.0,128.42,128.34,0.001090172870269468,-0.009889425323158285,-0.0006229559258681405,0.0006233442418575041,-0.00927224559763129
SOL/USDT,2025-12-16 17:02:00+00:00,2025-12-16 17:12:00+00:00,trailing_prob_drop,-0.0978779848419721,10.0,128.42,128.39,0.001090172870269468,-0.009889425323158285,-0.0002336084722005527,0.00023366305787053676,-0.009658073058649297
SOL/USDT,2025-12-16 17:02:00+00:00,2025-12-16 17:13:00+00:00,prob_floor,-0.0885772585661466,11.0,128.42,128.3,0.001090172870269468,-0.009889425323158285,-0.0009344338888022108,0.0009353078721743291,-0.008963367108339892
SOL/USDT,2025-12-16 17:02:00+00:00,2025-12-16 17:14:00+00:00,trailing_prob_drop,-0.0823767745708771,12.0,128.42,128.26,0.001090172870269468,-0.009889425323158285,-0.001245911851736503,0.0010915328239513578,-0.008654295961328384
SOL/USDT,2025-12-16 17:02:00+00:00,2025-12-16 17:15:00+00:00,trailing_prob_drop,-0.0916775006203427,13.0,128.42,128.35,0.001090172870269468,-0.009889425323158285,-0.000545086435134623,0.000389559797429051,-0.009349435138293671
SOL/USDT,2025-12-16 17:02:00+00:00,2025-12-16 17:16:00+00:00,prob_floor,-0.1505821068292619,14.0,128.42,128.31,0.001090172870269468,-0.009889425323158285,-0.0008565643980686932,0.0007014262333411292,-0.009040604785285566
SOL/USDT,2025-12-16 17:02:00+00:00,2025-12-16 17:17:00+00:00,prob_floor,-0.0637753234897327,15.0,128.42,128.13,0.001090172870269468,-0.009889425323158285,-0.0022582152312723425,0.0021072348396160567,-0.007648482010458091
SOL/USDT,2025-12-16 17:02:00+00:00,2025-12-16 17:18:00+00:00,prob_floor,-0.1133791960567585,16.0,128.42,128.4,0.001090172870269468,-0.009889425323158285,-0.0001557389814669241,0.0,-0.009735202492211825
SOL/USDT,2025-12-16 17:02:00+00:00,2025-12-16 17:19:00+00:00,prob_floor,-0.1443816213219481,17.0,128.42,128.22,0.001090172870269468,-0.009889425323158285,-0.0015573898146705734,0.0014038371548901196,-0.008345031976290662
SOL/USDT,2025-12-16 17:02:00+00:00,2025-12-16 17:20:00+00:00,prob_floor,-0.1350808933450438,18.0,128.42,128.14,0.001090172870269468,-0.009889425323158285,-0.002180345740538825,0.0007803964413923836,-0.007725924769782955
SOL/USDT,2025-12-16 17:02:00+00:00,2025-12-16 17:21:00+00:00,prob_floor,-0.1536823496397675,19.0,128.42,128.14,0.001090172870269468,-0.009889425323158285,-0.002180345740538825,0.0002341189324177595,-0.007725924769782955
SOL/USDT,2025-12-16 17:02:00+00:00,2025-12-16 17:22:00+00:00,prob_floor,-0.1691835642611117,20.0,128.42,128.13,0.001090172870269468,-0.009889425323158285,-0.0022582152312723425,0.0003121829392023212,-0.007648482010458091
SOL/USDT,2025-12-16 17:02:00+00:00,2025-12-16 17:23:00+00:00,prob_floor,-0.2559903837062244,21.0,128.42,128.07,0.001090172870269468,-0.009889425323158285,-0.002725432175673559,0.00015616459748590827,-0.007183571484344453
SOL/USDT,2025-12-16 17:02:00+00:00,2025-12-16 17:24:00+00:00,prob_floor,-0.3303962527758761,22.0,128.42,127.79,0.001090172870269468,-0.009889425323158285,-0.004905777916212273,0.002112841380389696,-0.00500821660536821
SOL/USDT,2025-12-16 17:02:00+00:00,2025-12-16 17:25:00+00:00,prob_floor,-0.3210955179345499,23.0,128.42,127.55,0.001090172870269468,-0.009889425323158285,-0.0067746456938171384,0.001960015680125382,-0.0031360250882006557
SOL/USDT,2025-12-16 17:02:00+00:00,2025-12-16 17:26:00+00:00,prob_floor,-0.3800001777752491,24.0,128.42,127.57,0.001090172870269468,-0.009889425323158285,-0.006618906712350103,0.00180293172375956,-0.0032923101042563463
SOL/USDT,2025-12-16 17:02:00+00:00,2025-12-16 17:27:00+00:00,prob_floor,-0.3644989501541892,25.0,128.42,127.38,0.001090172870269468,-0.009889425323158285,-0.008098427036287159,0.0032972209138011355,-0.0018056209766053044
SOL/USDT,2025-12-16 17:02:00+00:00,2025-12-16 17:28:00+00:00,prob_floor,-0.3675991956013331,26.0,128.42,127.44,0.001090172870269468,-0.009889425323158285,-0.007631210091885943,0.0028248587570620654,-0.0032172002510985065
SOL/USDT,2025-12-16 17:02:00+00:00,2025-12-16 17:29:00+00:00,prob_floor,-0.3396969879629782,27.0,128.42,127.38,0.001090172870269468,-0.009889425323158285,-0.008098427036287159,0.0032972209138011355,-0.0027476840948342796
SOL/USDT,2025-12-16 17:02:00+00:00,2025-12-16 17:30:00+00:00,prob_floor,-0.3458974782799336,28.0,128.42,127.52,0.001090172870269468,-0.009889425323158285,-0.007008254166017691,0.0021957340025093863,-0.003842534504391426
SOL/USDT,2025-12-16 17:02:00+00:00,2025-12-16 17:31:00+00:00,prob_floor,-0.3117947834387379,29.0,128.42,127.5,0.001090172870269468,-0.009889425323158285,-0.007163993147484726,0.0023529411764706687,-0.003686274509803966
SOL/USDT,2025-12-16 17:02:00+00:00,2025-12-16 17:32:00+00:00,prob_floor,-0.3210955179345499,30.0,128.42,127.6,0.001090172870269468,-0.009889425323158285,-0.00638529824014944,0.0015673981191222097,-0.004467084639498409
SOL/USDT,2025-12-16 17:02:00+00:00,2025-12-16 17:33:00+00:00,prob_floor,-0.3210955179345499,31.0,128.42,127.57,0.001090172870269468,-0.009889425323158285,-0.006618906712350103,0.00180293172375956,-0.004232970134044001
SOL/USDT,2025-12-16 17:02:00+00:00,2025-12-16 17:34:00+00:00,prob_floor,-0.2652911161340059,32.0,128.42,127.57,0.001090172870269468,-0.009889425323158285,-0.006618906712350103,0.00180293172375956,-0.004232970134044001
SOL/USDT,2025-12-16 17:02:00+00:00,2025-12-16 17:35:00+00:00,prob_floor,-0.3210955179345499,33.0,128.42,127.79,0.001090172870269468,-0.009889425323158285,-0.004905777916212273,0.00023476015337653422,-0.005947257218874791
SOL/USDT,2025-12-16 17:02:00+00:00,2025-12-16 17:36:00+00:00,prob_floor,-0.3800001777752491,34.0,128.42,127.58,0.001090172870269468,-0.009889425323158285,-0.006541037221616475,0.0018811725975858007,-0.004311020536134191
SOL/USDT,2025-12-16 17:02:00+00:00,2025-12-16 17:37:00+00:00,prob_floor,-0.398601652193208,35.0,128.42,127.39,0.001090172870269468,-0.009889425323158285,-0.00802055754555353,0.0033754611821963376,-0.0028259675013737606
SOL/USDT,2025-12-16 17:02:00+00:00,2025-12-16 17:38:00+00:00,prob_floor,-0.3706994410869997,36.0,128.42,127.32,0.001090172870269468,-0.009889425323158285,-0.008565643980688376,0.003927112786679343,-0.0022777254162739125
SOL/USDT,2025-12-16 17:02:00+00:00,2025-12-16 17:39:00+00:00,prob_floor,-0.3800001777752491,37.0,128.42,127.41,0.001090172870269468,-0.009889425323158285,-0.007864818564086495,0.0032179577741149323,-0.0029824974491797773
SOL/USDT,2025-12-16 17:02:00+00:00,2025-12-16 17:40:00+00:00,trailing_prob_drop,-0.3924011605661724,38.0,128.42,127.45,0.001090172870269468,-0.009889425323158285,-0.007553340601152314,0.0029030992546095202,-0.00329540996469202
SOL/USDT,2025-12-16 17:02:00+00:00,2025-12-16 17:41:00+00:00,prob_floor,-0.4110026359107506,39.0,128.42,127.33,0.001090172870269468,-0.009889425323158285,-0.008487774489954747,0.005497526113249052,-0.002356082619963895
SOL/USDT,2025-12-16 17:02:00+00:00,2025-12-16 17:42:00+00:00,trailing_prob_drop,-0.4544060837964521,40.0,128.42,127.27,0.001090172870269468,-0.009889425323158285,-0.008954991434355963,0.007228726329849833,-0.0018857546947433912
SOL/USDT,2025-12-16 17:02:00+00:00,2025-12-16 17:43:00+00:00,prob_floor,-0.3862006690935496,41.0,128.42,127.15,0.001090172870269468,-0.009889425323158285,-0.009889425323158285,0.008179315768777062,-0.0009437672040897294
SOL/USDT,2025-12-16 17:02:00+00:00,2025-12-16 17:44:00+00:00,trailing_prob_drop,-0.3706994410869997,42.0,128.42,127.36,0.001090172870269468,-0.009889425323158285,-0.008254166017754194,0.006516959798994915,-0.0025910804020100597
SOL/USDT,2025-12-16 17:02:00+00:00,2025-12-16 17:45:00+00:00,trailing_prob_drop,-0.3706994410869997,43.0,128.42,127.42,0.001090172870269468,-0.009889425323158285,-0.007786949073352978,0.007534139067650214,-0.0030607439962329064
SOL/USDT,2025-12-16 17:02:00+00:00,2025-12-16 17:46:00+00:00,trailing_prob_drop,-0.3737996866111938,44.0,128.42,127.41,0.001090172870269468,-0.009889425323158285,-0.007864818564086495,0.008084137822776949,-0.0029824974491797773
SOL/USDT,2025-12-16 17:02:00+00:00,2025-12-16 17:47:00+00:00,prob_floor,-0.3924011605661724,45.0,128.42,127.41,0.001090172870269468,-0.009889425323158285,-0.007864818564086495,0.008084137822776949,-0.0029824974491797773
SOL/USDT,2025-12-16 17:02:00+00:00,2025-12-16 17:48:00+00:00,prob_floor,-0.3768999321739464,46.0,128.42,127.35,0.001090172870269468,-0.009889425323158285,-0.008332035508487712,0.00855908912446024,-0.0025127601099331764
SOL/USDT,2025-12-16 17:02:00+00:00,2025-12-16 17:49:00+00:00,prob_floor,-0.4017018980646371,47.0,128.42,127.35,0.001090172870269468,-0.009889425323158285,-0.008332035508487712,0.00855908912446024,-0.0025127601099331764
SOL/USDT,2025-12-16 17:02:00+00:00,2025-12-16 17:50:00+00:00,prob_floor,-0.3768999321739464,48.0,128.42,127.32,0.001090172870269468,-0.009889425323158285,-0.008565643980688376,0.008796732642161409,-0.0022777254162739125
SOL/USDT,2025-12-16 17:02:00+00:00,2025-12-16 17:51:00+00:00,prob_floor,-0.3520979687507353,49.0,128.42,127.39,0.001090172870269468,-0.009889425323158285,-0.00802055754555353,0.008242405212339987,-0.0028259675013737606
SOL/USDT,2025-12-16 17:02:00+00:00,2025-12-16 17:52:00+00:00,trailing_prob_drop,-0.3614253334096929,50.0,128.42,127.39,0.001090172870269468,-0.009889425323158285,-0.00802055754555353,0.00910589528220429,-0.0028259675013737606
SOL/USDT,2025-12-16 17:02:00+00:00,2025-12-16 17:54:00+00:00,trailing_prob_drop,-0.3613987047455767,52.0,128.42,127.41,0.001090172870269468,-0.009889425323158285,-0.007864818564086495,0.009104465897496139,-0.0029824974491797773
SOL/USDT,2025-12-16 17:02:00+00:00,2025-12-16 17:55:00+00:00,trailing_prob_drop,-0.3614253334096929,53.0,128.42,127.45,0.001090172870269468,-0.009889425323158285,-0.007553340601152314,0.00878775990584546,-0.00329540996469202
SOL/USDT,2025-12-16 17:02:00+00:00,2025-12-16 18:00:00+00:00,trailing_prob_drop,-0.3676526981263965,58.0,128.42,127.44,0.001090172870269468,-0.009889425323158285,-0.007631210091885943,0.008866917765222748,-0.0032172002510985065
SOL/USDT,2025-12-16 17:02:00+00:00,2025-12-16 18:02:00+00:00,time_limit,-0.4388713399999958,60.0,128.42,127.44,0.001090172870269468,-0.009889425323158285,-0.007631210091885943,0.008866917765222748,-0.0032172002510985065
SOL/USDT,,2025-12-16 18:05:00+00:00,dry_run,0.0,,,127.57,,,,0.00783883358156312,-0.004232970134044001
SOL/USDT,2025-12-16 18:05:00+00:00,2025-12-16 18:06:00+00:00,take_profit,0.0385952846975898,1.0,127.57,127.51,0.00783883358156312,-0.004232970134044001,-0.0004703300148937162,0.008313073484432554,-0.0037644106344600914
SOL/USDT,2025-12-16 18:05:00+00:00,2025-12-16 18:07:00+00:00,take_profit,0.0261980771808925,2.0,127.57,127.72,0.00783883358156312,-0.004232970134044001,0.001175825037234457,0.00665518321327907,-0.005402442843720601
SOL/USDT,2025-12-16 18:05:00+00:00,2025-12-16 18:08:00+00:00,take_profit,0.0323912799999985,3.0,127.57,127.71,0.00783883358156312,-0.004232970134044001,0.0010974367014189301,0.006734006734006703,-0.005324563464098264
SOL/USDT,,2025-12-16 18:10:00+00:00,dry_run,0.0,,,127.7,,,,0.006812842599843272,-0.00524667188723571
SOL/USDT,2025-12-16 18:10:00+00:00,2025-12-16 18:15:00+00:00,gate_close,-0.0513204374289679,5.0,127.7,127.59,0.006812842599843272,-0.00524667188723571,-0.0008613938919341813,0.0076808527314051744,-0.005564699427854869
SOL/USDT,2025-12-16 18:10:00+00:00,2025-12-16 18:17:00+00:00,trailing_prob_drop,-0.1195257977857213,7.0,127.7,127.39,0.006812842599843272,-0.00524667188723571,-0.002427564604541965,0.009262893476724932,-0.004474448543841825
SOL/USDT,2025-12-16 18:10:00+00:00,2025-12-16 18:19:00+00:00,prob_floor,-0.1443277516008679,9.0,127.7,127.38,0.006812842599843272,-0.00524667188723571,-0.0025058731401723655,0.009342125922436884,-0.004396294551734958
SOL/USDT,2025-12-16 18:10:00+00:00,2025-12-16 18:20:00+00:00,prob_floor,-0.1443277516008679,10.0,127.7,127.26,0.006812842599843272,-0.00524667188723571,-0.003445575567736836,0.01029388653151031,-0.003457488606003589
SOL/USDT,2025-12-16 18:10:00+00:00,2025-12-16 18:21:00+00:00,prob_floor,-0.1691297078737403,11.0,127.7,127.27,0.006812842599843272,-0.00524667188723571,-0.0033672670321065468,0.010214504596526952,-0.003535790052644039
SOL/USDT,2025-12-16 18:10:00+00:00,2025-12-16 18:22:00+00:00,prob_floor,-0.1319267743863618,12.0,127.7,127.2,0.006812842599843272,-0.00524667188723571,-0.003915426781519238,0.010770440251572255,-0.002987421383647826
SOL/USDT,2025-12-16 18:10:00+00:00,2025-12-16 18:23:00+00:00,prob_floor,-0.0916236026756671,13.0,127.7,127.29,0.006812842599843272,-0.00524667188723571,-0.003210649960845746,0.010055778144394623,-0.0036923560373950393
SOL/USDT,2025-12-16 18:10:00+00:00,2025-12-16 18:24:00+00:00,prob_floor,-0.0854231152943989,14.0,127.7,127.44,0.006812842599843272,-0.00524667188723571,-0.0020360219263899637,0.008866917765222748,-0.0048650345260514705
SOL/USDT,2025-12-16 18:10:00+00:00,2025-12-16 18:25:00+00:00,prob_floor,-0.1133253097154039,15.0,127.7,127.49,0.006812842599843272,-0.00524667188723571,-0.0016444792482380732,0.008471252647266336,-0.005255314142285639
SOL/USDT,2025-12-16 18:10:00+00:00,2025-12-16 18:26:00+00:00,prob_floor,-0.1691297078737403,16.0,127.7,127.36,0.006812842599843272,-0.00524667188723571,-0.002662490211433055,0.009500628140703515,-0.004239949748743754
SOL/USDT,2025-12-16 18:10:00+00:00,2025-12-16 18:27:00+00:00,prob_floor,-0.2094328920709846,17.0,127.7,127.19,0.006812842599843272,-0.00524667188723571,-0.003993735317149638,0.010849909584086825,-0.0029090337290668122
SOL/USDT,2025-12-16 18:10:00+00:00,2025-12-16 18:28:00+00:00,prob_floor,-0.2063326469014407,18.0,127.7,127.06,0.006812842599843272,-0.00524667188723571,-0.005011746280344509,0.011884149220840579,-0.0018888713993390205
SOL/USDT,2025-12-16 18:10:00+00:00,2025-12-16 18:29:00+00:00,prob_floor,-0.1195257977857213,19.0,127.7,127.07,0.006812842599843272,-0.00524667188723571,-0.00493343774471422,0.011804517195246778,-0.0019674195325410926
SOL/USDT,2025-12-16 18:10:00+00:00,2025-12-16 18:30:00+00:00,prob_floor,-0.0017174000000012,20.0,127.7,127.31,0.006812842599843272,-0.00524667188723571,-0.0030540328895849456,0.00989710156311352,-0.0038488728300998254
SOL/USDT,,2025-12-16 18:32:00+00:00,dry_run,0.0,,,127.79,,,,0.006103763987792332,-0.0075905782925113074
SOL/USDT,2025-12-16 18:32:00+00:00,2025-12-16 18:33:00+00:00,take_profit,0.004483934585728,1.0,127.79,127.7,0.006103763987792332,-0.0075905782925113074,-0.0007042804601299357,0.006812842599843272,-0.006891151135473894
SOL/USDT,2025-12-16 18:32:00+00:00,2025-12-16 18:35:00+00:00,gate_close,-0.0513204374289679,3.0,127.79,127.59,0.006103763987792332,-0.0075905782925113074,-0.001565067689177524,0.0076808527314051744,-0.006034955717532764
SOL/USDT,2025-12-16 18:32:00+00:00,2025-12-16 18:38:00+00:00,gate_close,-0.0482201942156239,6.0,127.79,127.44,0.006103763987792332,-0.0075905782925113074,-0.00273886845606075,0.008866917765222748,-0.0048650345260514705
SOL/USDT,2025-12-16 18:32:00+00:00,2025-12-16 18:39:00+00:00,take_profit,0.0044825999999975,7.0,127.79,127.58,0.006103763987792332,-0.0075905782925113074,-0.0016433210736365167,0.007759836965041567,-0.00595704655902185
SOL/USDT,,2025-12-16 18:40:00+00:00,dry_run,0.0,,,127.75,,,,0.006418786692759193,-0.007279843444227052
SOL/USDT,2025-12-16 18:40:00+00:00,2025-12-16 18:41:00+00:00,take_profit,0.0292635445579014,1.0,127.75,128.03,0.006418786692759193,-0.007279843444227052,0.0021917808219178436,0.0042177614621572435,-0.009450909942982144
SOL/USDT,2025-12-16 18:40:00+00:00,2025-12-16 18:42:00+00:00,gate_close,-0.0048391149330462,2.0,127.75,128.19,0.006418786692759193,-0.007279843444227052,0.0034442270058707702,0.0029643497932756446,-0.010687261096809508
SOL/USDT,2025-12-16 18:40:00+00:00,2025-12-16 18:43:00+00:00,take_profit,0.0292602800000014,3.0,127.75,128.1,0.006418786692759193,-0.007279843444227052,0.002739726027397138,0.0036690085870414446,-0.009992193598751031
SOL/USDT,,2025-12-16 18:48:00+00:00,dry_run,0.0,,,128.17,,,,0.0031208551143013796,-0.010532886010766962
SOL/USDT,2025-12-16 18:48:00+00:00,2025-12-16 18:50:00+00:00,take_profit,0.0137561346610071,2.0,128.17,128.16,0.0031208551143013796,-0.010532886010766962,-7.802137785750674e-05,0.0031991260923844855,-0.010455680399500622
SOL/USDT,2025-12-16 18:48:00+00:00,2025-12-16 18:51:00+00:00,take_profit,0.1098540799999985,3.0,128.17,128.21,0.0031208551143013796,-0.010532886010766962,0.000312085511430249,0.002807893300054376,-0.010841588019655402
SOL/USDT,,2025-12-16 18:53:00+00:00,dry_run,0.0,,,128.52,,,,0.0003890445066914161,-0.013227513227513366
SOL/USDT,2025-12-16 18:53:00+00:00,2025-12-16 18:54:00+00:00,gate_close,-0.0730605580487741,1.0,128.52,128.35,0.0003890445066914161,-0.013227513227513366,-0.001322751322751392,0.0013245033112583293,-0.01192052980132452
SOL/USDT,2025-12-16 18:53:00+00:00,2025-12-16 18:56:00+00:00,trailing_prob_drop,-0.0668600734855128,3.0,128.52,128.13,0.0003890445066914161,-0.013227513227513366,-0.0030345471521943113,0.0,-0.01022399125887774
SOL/USDT,2025-12-16 18:53:00+00:00,2025-12-16 18:57:00+00:00,trailing_prob_drop,-0.1040629831360981,4.0,128.52,128.03,0.0003890445066914161,-0.013227513227513366,-0.0038126361655773655,0.0007029602436929849,-0.009450909942982144
SOL/USDT,2025-12-16 18:53:00+00:00,2025-12-16 18:58:00+00:00,trailing_prob_drop,-0.1040629831360981,5.0,128.52,128.03,0.0003890445066914161,-0.013227513227513366,-0.0038126361655773655,0.0003124267749745613,-0.009450909942982144
SOL/USDT,2025-12-16 18:53:00+00:00,2025-12-16 18:59:00+00:00,trailing_prob_drop,-0.138165655111598,6.0,128.52,128.02,0.0003890445066914161,-0.013227513227513366,-0.0038904450669156043,0.0003905639743788658,-0.009373535385096221
SOL/USDT,2025-12-16 18:53:00+00:00,2025-12-16 19:01:00+00:00,prob_floor,-0.1598673578536449,8.0,128.52,127.85,0.0003890445066914161,-0.013227513227513366,-0.005213196389667107,0.001720766523269468,-0.008056315995306984
SOL/USDT,2025-12-16 18:53:00+00:00,2025-12-16 19:02:00+00:00,prob_floor,-0.2249724772860117,9.0,128.52,127.78,0.0003890445066914161,-0.013227513227513366,-0.005757858699035223,0.002269525747378154,-0.007512912818907536
SOL/USDT,2025-12-16 18:53:00+00:00,2025-12-16 19:03:00+00:00,prob_floor,-0.2745763891272796,10.0,128.52,127.64,0.0003890445066914161,-0.013227513227513366,-0.006847183317771677,0.0033688498903163833,-0.006424318395487405
SOL/USDT,2025-12-16 18:53:00+00:00,2025-12-16 19:04:00+00:00,prob_floor,-0.2869773686224279,11.0,128.52,127.48,0.0003890445066914161,-0.013227513227513366,-0.008092125739184608,0.004628176968936248,-0.005177282711013587
SOL/USDT,2025-12-16 18:53:00+00:00,2025-12-16 19:05:00+00:00,prob_floor,-0.2962781036474168,12.0,128.52,127.44,0.0003890445066914161,-0.013227513227513366,-0.008403361344537896,0.004943502824858781,-0.0048650345260514705
SOL/USDT,2025-12-16 18:53:00+00:00,2025-12-16 19:06:00+00:00,prob_floor,-0.3396815383459644,13.0,128.52,127.43,0.0003890445066914161,-0.013227513227513366,-0.008481170245876135,0.0050223652201206725,-0.004786941850427828
SOL/USDT,2025-12-16 18:53:00+00:00,2025-12-16 19:07:00+00:00,prob_floor,-0.3086790842193692,14.0,128.52,127.27,0.0003890445066914161,-0.013227513227513366,-0.009726112667289288,0.006285848982478193,-0.003535790052644039
SOL/USDT,2025-12-16 18:53:00+00:00,2025-12-16 19:08:00+00:00,prob_floor,-0.2869773686224279,15.0,128.52,127.36,0.0003890445066914161,-0.013227513227513366,-0.009025832555244362,0.0055747487437185494,-0.004239949748743754
SOL/USDT,2025-12-16 18:53:00+00:00,2025-12-16 19:09:00+00:00,prob_floor,-0.3427817839707668,16.0,128.52,127.43,0.0003890445066914161,-0.013227513227513366,-0.008481170245876135,0.0050223652201206725,-0.004786941850427828
SOL/USDT,2025-12-16 18:53:00+00:00,2025-12-16 19:10:00+00:00,prob_floor,-0.3489822753361827,17.0,128.52,127.22,0.0003890445066914161,-0.013227513227513366,-0.010115157173980815,0.0066813394120421865,-0.003144159723313944
SOL/USDT,2025-12-16 18:53:00+00:00,2025-12-16 19:11:00+00:00,prob_floor,-0.3954859655065507,18.0,128.52,127.23,0.0003890445066914161,-0.013227513227513366,-0.010037348272642466,0.006602216458382326,-0.003222510414210622
SOL/USDT,2025-12-16 18:53:00+00:00,2025-12-16 19:12:00+00:00,prob_floor,-0.4078869510236461,19.0,128.52,127.15,0.0003890445066914161,-0.013227513227513366,-0.010659819483348931,0.007235548564687333,-0.0025953598112467002
SOL/USDT,2025-12-16 18:53:00+00:00,2025-12-16 19:13:00+00:00,prob_floor,-0.4171876905688239,20.0,128.52,127.04,0.0003890445066914161,-0.013227513227513366,-0.011515717398070335,0.008107682619647338,-0.0017317380352646072
SOL/USDT,2025-12-16 18:53:00+00:00,2025-12-16 19:14:00+00:00,prob_floor,-0.4760923824797965,21.0,128.52,127.03,0.0003890445066914161,-0.013227513227513366,-0.011593526299408685,0.008187042430921831,-0.0016531527985516048
SOL/USDT,2025-12-16 18:53:00+00:00,2025-12-16 19:15:00+00:00,prob_floor,-0.4512904052259496,22.0,128.52,126.88,0.0003890445066914161,-0.013227513227513366,-0.012760659819483489,0.009378940731399776,-0.00047288776796972076
SOL/USDT,2025-12-16 18:53:00+00:00,2025-12-16 19:16:00+00:00,prob_floor,-0.4512904052259496,23.0,128.52,126.9,0.0003890445066914161,-0.013227513227513366,-0.012605042016806789,0.009219858156028327,-0.0006304176516943594
SOL/USDT,2025-12-16 18:53:00+00:00,2025-12-16 19:17:00+00:00,prob_floor,-0.4512904052259496,24.0,128.52,126.83,0.0003890445066914161,-0.013227513227513366,-0.013149704326175016,0.009776866671922901,0.0
SOL/USDT,2025-12-16 18:53:00+00:00,2025-12-16 19:18:00+00:00,prob_floor,-0.46989188793251,25.0,128.52,126.91,0.0003890445066914161,-0.013227513227513366,-0.01252723311546855,0.009140335670947852,-0.0006303679773067561
SOL/USDT,2025-12-16 18:53:00+00:00,2025-12-16 19:20:00+00:00,prob_floor,-0.4636913935411654,27.0,128.52,126.83,0.0003890445066914161,-0.013227513227513366,-0.013149704326175016,0.009776866671922901,0.0
SOL/USDT,2025-12-16 18:53:00+00:00,2025-12-16 19:21:00+00:00,prob_floor,-0.4047867045862032,28.0,128.52,126.95,0.0003890445066914161,-0.013227513227513366,-0.012215997510115262,0.008822371012209507,-0.0003150846790075379
SOL/USDT,2025-12-16 18:53:00+00:00,2025-12-16 19:22:00+00:00,prob_floor,-0.4016864581875361,29.0,128.52,127.05,0.0003890445066914161,-0.013227513227513366,-0.011437908496732097,0.008028335301062617,-0.001101928374655614
SOL/USDT,2025-12-16 18:53:00+00:00,2025-12-16 19:23:00+00:00,prob_floor,-0.3768844883935657,30.0,128.52,127.07,0.0003890445066914161,-0.013227513227513366,-0.011282290694055508,0.00786967813016437,-0.0012591485008263126
SOL/USDT,2025-12-16 18:53:00+00:00,2025-12-16 19:25:00+00:00,trailing_prob_drop,-0.3954859655065507,32.0,128.52,127.08,0.0003890445066914161,-0.013227513227513366,-0.011204481792717158,0.007790368271954673,-0.0013377400062952738
SOL/USDT,2025-12-16 18:53:00+00:00,2025-12-16 19:26:00+00:00,trailing_prob_drop,-0.4326889239207669,33.0,128.52,127.21,0.0003890445066914161,-0.013227513227513366,-0.010192966075319165,0.006760474805439731,-0.002358305164688268
SOL/USDT,2025-12-16 18:53:00+00:00,2025-12-16 19:27:00+00:00,prob_floor,-0.441989664398307,34.0,128.52,127.0,0.0003890445066914161,-0.013227513227513366,-0.011826953003423624,0.008425196850393668,-0.0007086614173228423
SOL/USDT,2025-12-16 18:53:00+00:00,2025-12-16 19:28:00+00:00,trailing_prob_drop,-0.4233881837930637,35.0,128.52,126.96,0.0003890445066914161,-0.013227513227513366,-0.012138188608777023,0.008742911153118982,-0.00039382482671701524
SOL/USDT,2025-12-16 18:53:00+00:00,2025-12-16 19:29:00+00:00,trailing_prob_drop,-0.4047867045862032,36.0,128.52,126.96,0.0003890445066914161,-0.013227513227513366,-0.012138188608777023,0.008742911153118982,-0.00039382482671701524
SOL/USDT,2025-12-16 18:53:00+00:00,2025-12-16 19:30:00+00:00,gate_close,-0.4202879371615285,37.0,128.52,127.03,0.0003890445066914161,-0.013227513227513366,-0.011593526299408685,0.008187042430921831,-0.000944658742029425
SOL/USDT,2025-12-16 18:53:00+00:00,2025-12-16 19:31:00+00:00,trailing_prob_drop,-0.4202879371615285,38.0,128.52,127.01,0.0003890445066914161,-0.013227513227513366,-0.011749144102085274,0.008345799543342913,-0.0007873395795607863
SOL/USDT,2025-12-16 18:53:00+00:00,2025-12-16 19:32:00+00:00,trailing_prob_drop,-0.4450899113019489,39.0,128.52,127.01,0.0003890445066914161,-0.013227513227513366,-0.011749144102085274,0.008345799543342913,-0.0007873395795607863
SOL/USDT,2025-12-16 18:53:00+00:00,2025-12-16 19:33:00+00:00,trailing_prob_drop,-0.3923857192241963,40.0,128.52,126.91,0.0003890445066914161,-0.013227513227513366,-0.01252723311546855,0.009140335670947852,0.0
SOL/USDT,2025-12-16 18:53:00+00:00,2025-12-16 19:34:00+00:00,gate_close,-0.3117793294586012,41.0,128.52,127.09,0.0003890445066914161,-0.013227513227513366,-0.011126672891378808,0.007711070894641514,-0.0011015815563774067
SOL/USDT,2025-12-16 18:53:00+00:00,2025-12-16 19:35:00+00:00,gate_close,-0.2931778586006363,42.0,128.52,127.33,0.0003890445066914161,-0.013227513227513366,-0.0092592592592593,0.005811670462577467,-0.0010209691353176842
SOL/USDT,2025-12-16 18:53:00+00:00,2025-12-16 19:36:00+00:00,gate_close,-0.2962781036474168,43.0,128.52,127.4,0.0003890445066914161,-0.013227513227513366,-0.008714596949891074,0.005886970172684469,-0.0014913657770802002
SOL/USDT,2025-12-16 18:53:00+00:00,2025-12-16 19:38:00+00:00,gate_close,-0.3520825210768322,45.0,128.52,127.25,0.0003890445066914161,-0.013227513227513366,-0.009881730469965877,0.008565815324165005,-0.0003143418467583814
SOL/USDT,2025-12-16 18:53:00+00:00,2025-12-16 19:39:00+00:00,trailing_prob_drop,-0.3365812927597729,46.0,128.52,127.23,0.0003890445066914161,-0.013227513227513366,-0.010037348272642466,0.008724357462862598,-0.00015719562996152625
SOL/USDT,2025-12-16 18:53:00+00:00,2025-12-16 19:41:00+00:00,trailing_prob_drop,-0.3179798200526171,48.0,128.52,127.34,0.0003890445066914161,-0.013227513227513366,-0.00918145035792095,0.007852991989948155,-0.0005497094392964419
SOL/USDT,2025-12-16 18:53:00+00:00,2025-12-16 19:44:00+00:00,gate_close,-0.2528746764890753,51.0,128.52,127.47,0.0003890445066914161,-0.013227513227513366,-0.008169934640522958,0.006825135325959186,-0.001176747469992967
SOL/USDT,2025-12-16 18:53:00+00:00,2025-12-16 19:45:00+00:00,gate_close,-0.2435739430766231,52.0,128.52,127.54,0.0003890445066914161,-0.013227513227513366,-0.007625272331154731,0.006272541947624166,-0.0007840677434530763
SOL/USDT,2025-12-16 18:53:00+00:00,2025-12-16 19:46:00+00:00,gate_close,-0.2373734543265742,53.0,128.52,127.58,0.0003890445066914161,-0.013227513227513366,-0.007314036725801554,0.005957046559021739,-0.0007838219156607318
SOL/USDT,2025-12-16 18:53:00+00:00,2025-12-16 19:47:00+00:00,gate_close,-0.2373734543265742,54.0,128.52,127.62,0.0003890445066914161,-0.013227513227513366,-0.007002801120448265,0.005641748942172065,-0.0010970067387556792
SOL/USDT,2025-12-16 18:53:00+00:00,2025-12-16 19:51:00+00:00,gate_close,-0.0916620126466972,58.0,128.52,128.01,0.0003890445066914161,-0.013227513227513366,-0.003968253968254065,0.0025779235997189787,-0.0041403015389421816
SOL/USDT,2025-12-16 18:53:00+00:00,2025-12-16 19:52:00+00:00,gate_close,-0.1629676012547424,59.0,128.52,128.07,0.0003890445066914161,-0.013227513227513366,-0.0035014005602241882,0.0021082220660577633,-0.00460685562582952
SOL/USDT,2025-12-16 18:53:00+00:00,2025-12-16 19:53:00+00:00,time_limit,-0.1443558399999993,60.0,128.52,127.84,0.0003890445066914161,-0.013227513227513366,-0.005291005291005346,0.0048498122653317655,-0.0028160200250312295
SOL/USDT,,2025-12-16 19:54:00+00:00,dry_run,0.0,,,127.88,,,,0.00477009696590569,-0.0031279324366593197
SOL/USDT,2025-12-16 19:54:00+00:00,2025-12-16 19:55:00+00:00,gate_close,-0.0079170359080809,1.0,127.88,127.7,0.00477009696590569,-0.0031279324366593197,-0.0014075695964966828,0.007752545027407853,-0.0017227877838684735
SOL/USDT,2025-12-16 19:54:00+00:00,2025-12-16 19:59:00+00:00,take_profit,0.0168825999999994,5.0,127.88,127.69,0.00477009696590569,-0.0031279324366593197,-0.0014857679074131713,0.008927872190461317,-0.0016446080350849268
SOL/USDT,,2025-12-16 20:00:00+00:00,dry_run,0.0,,,127.78,,,,0.008217248395680166,-0.0023477852559086188
SOL/USDT,2025-12-16 20:00:00+00:00,2025-12-16 20:03:00+00:00,gate_close,-0.0110265787689195,3.0,127.78,127.77,0.008217248395680166,-0.0023477852559086188,-7.82595085303539e-05,0.008296157157392292,-0.0022697033732487215
SOL/USDT,2025-12-16 20:00:00+00:00,2025-12-16 20:06:00+00:00,prob_floor,-0.0637307059521411,6.0,127.78,127.66,0.008217248395680166,-0.0023477852559086188,-0.0009391141023634697,0.009164969450101923,-0.0014099953000156207
SOL/USDT,2025-12-16 20:00:00+00:00,2025-12-16 20:07:00+00:00,prob_floor,-0.0110265787689195,7.0,127.78,127.65,0.008217248395680166,-0.0023477852559086188,-0.0010173736108937126,0.009244026635331082,-0.0013317665491578978
SOL/USDT,2025-12-16 20:00:00+00:00,2025-12-16 20:08:00+00:00,take_profit,0.0075733000000035,8.0,127.78,127.86,0.008217248395680166,-0.0023477852559086188,0.0006260760682423872,0.007586422649773272,-0.002972000625684257
SOL/USDT,,2025-12-16 20:10:00+00:00,dry_run,0.0,,,127.87,,,,0.007507624931571089,-0.003049972628450748
SOL/USDT,2025-12-16 20:10:00+00:00,2025-12-16 20:11:00+00:00,gate_close,-0.054426878110682,1.0,127.87,127.78,0.007507624931571089,-0.003049972628450748,-0.0007038398373347965,0.008217248395680166,-0.0023477852559086188
SOL/USDT,2025-12-16 20:10:00+00:00,2025-12-16 20:16:00+00:00,prob_floor,-0.0668278507345688,6.0,127.87,127.66,0.007507624931571089,-0.003049972628450748,-0.0016422929537812658,0.009164969450101923,-0.0014099953000156207
SOL/USDT,2025-12-16 20:10:00+00:00,2025-12-16 20:17:00+00:00,prob_floor,-0.1071310159770994,7.0,127.87,127.61,0.007507624931571089,-0.003049972628450748,-0.002033315085633869,0.009560379280620701,-0.0010187289397382004
SOL/USDT,2025-12-16 20:10:00+00:00,2025-12-16 20:18:00+00:00,prob_floor,-0.079228823968336,8.0,127.87,127.5,0.007507624931571089,-0.003049972628450748,-0.0028935637757097066,0.010431372549019713,-0.00015686274509796316
SOL/USDT,2025-12-16 20:10:00+00:00,2025-12-16 20:19:00+00:00,prob_floor,-0.0699280939858175,9.0,127.87,127.58,0.007507624931571089,-0.003049972628450748,-0.0022679283647455417,0.009797773945759536,-0.0007838219156607318
SOL/USDT,2025-12-16 20:10:00+00:00,2025-12-16 20:21:00+00:00,prob_floor,-0.1009305285966304,11.0,127.87,127.54,0.007507624931571089,-0.003049972628450748,-0.002580746070227513,0.010114473890544096,-0.00047044064607182356
SOL/USDT,2025-12-16 20:10:00+00:00,2025-12-16 20:22:00+00:00,prob_floor,-0.0327251774846312,12.0,127.87,127.48,0.007507624931571089,-0.003049972628450748,-0.003049972628450748,0.010589896454345826,0.0
SOL/USDT,2025-12-16 20:10:00+00:00,2025-12-16 20:23:00+00:00,prob_floor,-0.0079232361929306,13.0,127.87,127.68,0.007507624931571089,-0.003049972628450748,-0.0014858841010401136,0.00900689223057638,-0.0011748120300751896
SOL/USDT,2025-12-16 20:10:00+00:00,2025-12-16 20:24:00+00:00,take_profit,0.0292764000000014,14.0,127.87,127.89,0.007507624931571089,-0.003049972628450748,0.00015640885274104122,0.007350066463367,-0.0028149190710766714
SOL/USDT,,2025-12-16 20:26:00+00:00,dry_run,0.0,,,128.01,,,,0.00640574955081652,-0.003749707054136353
SOL/USDT,2025-12-16 20:26:00+00:00,2025-12-16 20:29:00+00:00,take_profit,0.0044683399999975,3.0,128.01,127.89,0.00640574955081652,-0.003749707054136353,-0.0009374267635340328,0.007350066463367,-0.0028149190710766714
SOL/USDT,,2025-12-16 20:30:00+00:00,dry_run,0.0,,,127.94,,,,0.0069563858058465655,-0.0032046271689853967
SOL/USDT,2025-12-16 20:30:00+00:00,2025-12-16 20:31:00+00:00,gate_close,-0.0141286812121155,1.0,127.94,127.88,0.0069563858058465655,-0.0032046271689853967,-0.0004689698296076461,0.007428839537066079,-0.002736940882076877
SOL/USDT,2025-12-16 20:30:00+00:00,2025-12-16 20:32:00+00:00,take_profit,0.0230742252650476,2.0,127.94,127.88,0.0069563858058465655,-0.0032046271689853967,-0.0004689698296076461,0.007428839537066079,-0.002736940882076877
SOL/USDT,2025-12-16 20:30:00+00:00,2025-12-16 20:33:00+00:00,take_profit,0.0292714400000014,3.0,127.94,127.99,0.0069563858058465655,-0.0032046271689853967,0.0003908081913397421,0.006563012735370188,-0.0035940307836549445
SOL/USDT,,2025-12-16 20:34:00+00:00,dry_run,0.0,,,127.99,,,,0.006563012735370188,-0.0035940307836549445
SOL/USDT,2025-12-16 20:34:00+00:00,2025-12-16 20:35:00+00:00,take_profit,0.0168669192544096,1.0,127.99,127.99,0.006563012735370188,-0.0035940307836549445,0.0,0.006563012735370188,-0.0035940307836549445
SOL/USDT,2025-12-16 20:34:00+00:00,2025-12-16 20:36:00+00:00,take_profit,0.0757715075462948,2.0,127.99,128.09,0.006563012735370188,-0.0035940307836549445,0.00078131103992507,0.005777187914747461,-0.0043719259895386164
SOL/USDT,2025-12-16 20:34:00+00:00,2025-12-16 20:37:00+00:00,take_profit,0.0664646199999984,3.0,127.99,128.33,0.006563012735370188,-0.0035940307836549445,0.0026564575357450604,0.003896205096236338,-0.006233928153978163
SOL/USDT,,2025-12-16 20:38:00+00:00,dry_run,0.0,,,128.24,,,,0.00460074859638171,-0.005536494073612008
SOL/USDT,2025-12-16 20:38:00+00:00,2025-12-16 20:41:00+00:00,gate_close,-0.0172419430685237,3.0,128.24,128.07,0.00460074859638171,-0.005536494073612008,-0.0013256394260762194,0.005934254704458741,-0.0042164441321151935
SOL/USDT,2025-12-16 20:38:00+00:00,2025-12-16 20:46:00+00:00,gate_close,-0.0668458210976075,8.0,128.24,128.06,0.00460074859638171,-0.005536494073612008,-0.001403618215845337,0.006012806496954681,-0.004138684991410235
SOL/USDT,2025-12-16 20:38:00+00:00,2025-12-16 20:47:00+00:00,gate_close,-0.0823470349720436,9.0,128.24,127.92,0.00460074859638171,-0.005536494073612008,-0.0024953212726138707,0.0071138211382115735,-0.0030487804878048808
SOL/USDT,2025-12-16 20:38:00+00:00,2025-12-16 20:48:00+00:00,prob_floor,-0.1660536063333174,10.0,128.24,127.86,0.00460074859638171,-0.005536494073612008,-0.00296319401122902,0.007586422649773272,-0.0025809479117785417
SOL/USDT,2025-12-16 20:38:00+00:00,2025-12-16 20:49:00+00:00,prob_floor,-0.1474521436285265,11.0,128.24,127.6,0.00460074859638171,-0.005536494073612008,-0.0049906425452278524,0.009639498432602034,-0.0005485893416927734
SOL/USDT,2025-12-16 20:38:00+00:00,2025-12-16 20:50:00+00:00,prob_floor,-0.1815548263052219,12.0,128.24,127.66,0.00460074859638171,-0.005536494073612008,-0.004522769806612703,0.009164969450101923,-0.0010183299389001643
SOL/USDT,2025-12-16 20:38:00+00:00,2025-12-16 20:51:00+00:00,prob_floor,-0.048244365700335,13.0,128.24,127.53,0.00460074859638171,-0.005536494073612008,-0.005536494073612008,0.010193679918450549,0.0
SOL/USDT,2025-12-16 20:38:00+00:00,2025-12-16 20:52:00+00:00,take_profit,0.1067584200000014,14.0,128.24,127.98,0.00460074859638171,-0.005536494073612008,-0.0020274485339988324,0.006641662759806266,-0.0035161744022503827
SOL/USDT,,2025-12-16 20:57:00+00:00,dry_run,0.0,,,128.79,,,,7.764577995206245e-05,-0.006056370836245106
SOL/USDT,2025-12-16 20:57:00+00:00,2025-12-16 20:58:00+00:00,gate_close,-0.032767949009162,1.0,128.79,128.49,7.764577995206245e-05,-0.006056370836245106,-0.0023293733985556564,0.002334812047630086,-0.0037356992762084262
SOL/USDT,2025-12-16 20:57:00+00:00,2025-12-16 20:59:00+00:00,gate_close,-0.0699708498180082,2.0,128.79,128.42,7.764577995206245e-05,-0.006056370836245106,-0.0028728938582188723,0.0024139542127394886,-0.0031926491200747753
SOL/USDT,2025-12-16 20:57:00+00:00,2025-12-16 21:00:00+00:00,gate_close,-0.063770365973126,3.0,128.79,128.32,7.764577995206245e-05,-0.006056370836245106,-0.0036493516577373875,0.003273067331670987,-0.00241583541147139
SOL/USDT,2025-12-16 20:57:00+00:00,2025-12-16 21:03:00+00:00,gate_close,-0.0606701241072155,6.0,128.79,128.38,7.764577995206245e-05,-0.006056370836245106,-0.003183476978026234,0.004751518928182152,-0.0028820688580776244
SOL/USDT,2025-12-16 20:57:00+00:00,2025-12-16 21:06:00+00:00,gate_close,-0.1009732713069036,9.0,128.79,128.16,7.764577995206245e-05,-0.006056370836245106,-0.004891684136967167,0.006476279650436956,-0.001170411985018771
SOL/USDT,2025-12-16 20:57:00+00:00,2025-12-16 21:07:00+00:00,gate_close,-0.1040735136635601,10.0,128.79,128.23,7.764577995206245e-05,-0.006056370836245106,-0.004348163677304173,0.005926850191062982,-0.0017156671605708107
SOL/USDT,2025-12-16 20:57:00+00:00,2025-12-16 21:08:00+00:00,prob_floor,-0.0420686737030388,11.0,128.79,128.2,7.764577995206245e-05,-0.006056370836245106,-0.004581101017159694,0.006162246489859857,-0.0014820592823713286
SOL/USDT,2025-12-16 20:57:00+00:00,2025-12-16 21:09:00+00:00,trailing_prob_drop,-0.0513693987356324,12.0,128.79,128.39,7.764577995206245e-05,-0.006056370836245106,-0.0031058311980743936,0.004673261157411179,-0.0029597320663602433
SOL/USDT,2025-12-16 20:57:00+00:00,2025-12-16 21:10:00+00:00,prob_floor,-0.0389684321007731,13.0,128.79,128.37,7.764577995206245e-05,-0.006056370836245106,-0.0032611227579779634,0.004829788891485665,-0.0028043935498949235
SOL/USDT,2025-12-16 20:57:00+00:00,2025-12-16 21:11:00+00:00,prob_floor,-0.032767949009162,14.0,128.79,128.37,7.764577995206245e-05,-0.006056370836245106,-0.0032611227579779634,0.004829788891485665,-0.0028043935498949235
SOL/USDT,2025-12-16 20:57:00+00:00,2025-12-16 21:12:00+00:00,prob_floor,-0.0389684321007731,15.0,128.79,128.43,7.764577995206245e-05,-0.006056370836245106,-0.00279524807826681,0.004360351942692464,-0.003270263957019459
SOL/USDT,2025-12-16 20:57:00+00:00,2025-12-16 21:13:00+00:00,trailing_prob_drop,-0.0482691570204465,16.0,128.79,128.42,7.764577995206245e-05,-0.006056370836245106,-0.0028728938582188723,0.004438560971811389,-0.0031926491200747753
SOL/USDT,2025-12-16 20:57:00+00:00,2025-12-16 21:14:00+00:00,trailing_prob_drop,-0.0451689153429153,17.0,128.79,128.38,7.764577995206245e-05,-0.006056370836245106,-0.003183476978026234,0.004751518928182152,-0.0028820688580776244
SOL/USDT,2025-12-16 20:57:00+00:00,2025-12-16 21:15:00+00:00,trailing_prob_drop,-0.0296677075197549,18.0,128.79,128.38,7.764577995206245e-05,-0.006056370836245106,-0.003183476978026234,0.004751518928182152,-0.0028820688580776244
SOL/USDT,2025-12-16 20:57:00+00:00,2025-12-16 21:16:00+00:00,trailing_prob_drop,-0.0141665006366621,19.0,128.79,128.43,7.764577995206245e-05,-0.006056370836245106,-0.00279524807826681,0.004360351942692464,-0.003270263957019459
SOL/USDT,2025-12-16 20:57:00+00:00,2025-12-16 21:17:00+00:00,trailing_prob_drop,-0.0482691570204465,20.0,128.79,128.49,7.764577995206245e-05,-0.006056370836245106,-0.0023293733985556564,0.003891353412716958,-0.0037356992762084262
SOL/USDT,2025-12-16 20:57:00+00:00,2025-12-16 21:18:00+00:00,trailing_prob_drop,-0.0854720600904448,21.0,128.79,128.38,7.764577995206245e-05,-0.006056370836245106,-0.003183476978026234,0.004751518928182152,-0.0028820688580776244
SOL/USDT,2025-12-16 20:57:00+00:00,2025-12-16 21:19:00+00:00,trailing_prob_drop,-0.0668706078767089,22.0,128.79,128.28,7.764577995206245e-05,-0.006056370836245106,-0.003959934777544749,0.005534767695665854,-0.0021047708138447474
SOL/USDT,2025-12-16 20:57:00+00:00,2025-12-16 21:20:00+00:00,trailing_prob_drop,-0.0544696404884995,23.0,128.79,128.32,7.764577995206245e-05,-0.006056370836245106,-0.0036493516577373875,0.005221321695760617,-0.00241583541147139
SOL/USDT,2025-12-16 20:57:00+00:00,2025-12-16 21:21:00+00:00,trailing_prob_drop,-0.0885723022581748,24.0,128.79,128.31,7.764577995206245e-05,-0.006056370836245106,-0.003726997437689228,0.0052996648741330254,-0.0023380874444705046
SOL/USDT,2025-12-16 20:57:00+00:00,2025-12-16 21:22:00+00:00,trailing_prob_drop,-0.1629781256349361,25.0,128.79,128.25,7.764577995206245e-05,-0.006056370836245106,-0.004192872117400381,0.005769980506822758,-0.0018713450292398015
SOL/USDT,2025-12-16 20:57:00+00:00,2025-12-16 21:23:00+00:00,prob_floor,-0.1319756965762566,26.0,128.79,128.01,7.764577995206245e-05,-0.006056370836245106,-0.006056370836245106,0.007655651902195304,0.0
SOL/USDT,2025-12-16 20:57:00+00:00,2025-12-16 21:24:00+00:00,prob_floor,-0.1009732713069036,27.0,128.79,128.07,7.764577995206245e-05,-0.006056370836245106,-0.005590496156533842,0.007183571484344675,-0.00046849379245728073
SOL/USDT,2025-12-16 20:57:00+00:00,2025-12-16 21:25:00+00:00,prob_floor,-0.1009732713069036,28.0,128.79,128.19,7.764577995206245e-05,-0.006056370836245106,-0.004658746797111535,0.006240736406896152,-0.0007020828457757755
SOL/USDT,2025-12-16 20:57:00+00:00,2025-12-16 21:26:00+00:00,trailing_prob_drop,-0.1288754538789326,29.0,128.79,128.21,7.764577995206245e-05,-0.006056370836245106,-0.004503455237207743,0.006083768816784962,-0.0007019733250136495
SOL/USDT,2025-12-16 20:57:00+00:00,2025-12-16 21:27:00+00:00,prob_floor,-0.1102739984903579,30.0,128.79,128.12,7.764577995206245e-05,-0.006056370836245106,-0.005202267256774529,0.006790508897908332,0.0
SOL/USDT,2025-12-16 20:57:00+00:00,2025-12-16 21:28:00+00:00,prob_floor,-0.1164744834684544,31.0,128.79,128.18,7.764577995206245e-05,-0.006056370836245106,-0.004736392577063375,0.006319238570759778,-0.00039007645498523313
SOL/USDT,2025-12-16 20:57:00+00:00,2025-12-16 21:29:00+00:00,prob_floor,-0.0947727867069607,32.0,128.79,128.17,7.764577995206245e-05,-0.006056370836245106,-0.004814038357015327,0.006397752984317773,0.0
SOL/USDT,2025-12-16 20:57:00+00:00,2025-12-16 21:30:00+00:00,prob_floor,-0.0482691570204465,33.0,128.79,128.22,7.764577995206245e-05,-0.006056370836245106,-0.004425809457255903,0.0060053033848075366,-0.00031196381219766867
SOL/USDT,2025-12-16 20:57:00+00:00,2025-12-16 21:31:00+00:00,trailing_prob_drop,-0.0265674660679675,34.0,128.79,128.38,7.764577995206245e-05,-0.006056370836245106,-0.003183476978026234,0.004751518928182152,-0.0010905125408940952
SOL/USDT,2025-12-16 20:57:00+00:00,2025-12-16 21:32:00+00:00,trailing_prob_drop,-0.0172667419381206,35.0,128.79,128.45,7.764577995206245e-05,-0.006056370836245106,-0.00263995651836324,0.004203970416504665,-0.0010899182561306953
SOL/USDT,2025-12-16 20:57:00+00:00,2025-12-16 21:33:00+00:00,take_profit,0.0044336199999975,36.0,128.79,128.44,7.764577995206245e-05,-0.006056370836245106,-0.0027176022983150805,0.004282155091871687,-0.0010121457489877805
SOL/USDT,,2025-12-16 21:34:00+00:00,dry_run,0.0,,,128.53,,,,0.003578930988874296,-0.0017116626468528517
SOL/USDT,2025-12-16 21:34:00+00:00,2025-12-16 21:35:00+00:00,take_profit,0.0013396659834098,1.0,128.53,128.4,0.003578930988874296,-0.0017116626468528517,-0.0010114370185948518,0.004595015576323913,-0.0007009345794393163
SOL/USDT,2025-12-16 21:34:00+00:00,2025-12-16 21:36:00+00:00,take_profit,0.0447430397379418,2.0,128.53,128.47,0.003578930988874296,-0.0017116626468528517,-0.0004668170855053333,0.004047637580758323,-0.0012454269479255098
SOL/USDT,2025-12-16 21:34:00+00:00,2025-12-16 21:37:00+00:00,take_profit,0.0478385800000021,3.0,128.53,128.58,0.003578930988874296,-0.0017116626468528517,0.0003890142379212591,0.0031886763104682636,-0.0020998600093328212
SOL/USDT,,2025-12-16 21:38:00+00:00,dry_run,0.0,,,128.61,,,,0.00295466915480902,-0.0023326335432704015
SOL/USDT,2025-12-16 21:38:00+00:00,2025-12-16 21:41:00+00:00,take_profit,0.0540342400000052,3.0,128.61,128.48,0.00295466915480902,-0.0023326335432704015,-0.0010108078687506294,0.003969489414695104,-0.0013231631382315534
SOL/USDT,,2025-12-16 21:42:00+00:00,dry_run,0.0,,,128.68,,,,0.0024090767796083323,-0.0028753497046938303
SOL/USDT,2025-12-16 21:42:00+00:00,2025-12-16 21:47:00+00:00,gate_close,-0.03278034656948,5.0,128.68,128.66,0.0024090767796083323,-0.0028753497046938303,-0.00015542430836190668,0.0025648997357377024,-0.002720348204570122
SOL/USDT,2025-12-16 21:42:00+00:00,2025-12-16 21:49:00+00:00,gate_close,-0.0358805877207091,7.0,128.68,128.56,0.0024090767796083323,-0.0028753497046938303,-0.000932545850170996,0.0033447417548226888,-0.0019446172993154986
SOL/USDT,2025-12-16 21:42:00+00:00,2025-12-16 21:52:00+00:00,trailing_prob_drop,-0.0792839677797205,10.0,128.68,128.57,0.0024090767796083323,-0.0028753497046938303,-0.0008548336959901537,0.003266702963366397,-0.002022244691607611
SOL/USDT,2025-12-16 21:42:00+00:00,2025-12-16 21:53:00+00:00,trailing_prob_drop,-0.0885846930367054,11.0,128.68,128.5,0.0024090767796083323,-0.0028753497046938303,-0.001398818775256494,0.0038132295719846,-0.0014785992217898336
SOL/USDT,2025-12-16 21:42:00+00:00,2025-12-16 21:54:00+00:00,trailing_prob_drop,-0.0916849348643226,12.0,128.68,128.44,0.0024090767796083323,-0.0028753497046938303,-0.001865091700341992,0.004282155091871687,-0.0010121457489877805
SOL/USDT,2025-12-16 21:42:00+00:00,2025-12-16 21:55:00+00:00,trailing_prob_drop,-0.1040859025515107,13.0,128.68,128.44,0.0024090767796083323,-0.0028753497046938303,-0.001865091700341992,0.004282155091871687,-0.0010121457489877805
SOL/USDT,2025-12-16 21:42:00+00:00,2025-12-16 21:56:00+00:00,prob_floor,-0.0854844512467489,14.0,128.68,128.36,0.0024090767796083323,-0.0028753497046938303,-0.0024867889337891746,0.004908071050171436,-0.0003895294484264067
SOL/USDT,2025-12-16 21:42:00+00:00,2025-12-16 21:57:00+00:00,prob_floor,-0.0668830012971329,15.0,128.68,128.41,0.0024090767796083323,-0.0028753497046938303,-0.002098228162884741,0.004516782182073076,-0.0007787555486332698
SOL/USDT,2025-12-16 21:42:00+00:00,2025-12-16 21:58:00+00:00,prob_floor,-0.0482815527007657,16.0,128.68,128.49,0.0024090767796083323,-0.0028753497046938303,-0.0014765309294373363,0.003891353412716958,-0.0014008872285781182
SOL/USDT,2025-12-16 21:42:00+00:00,2025-12-16 21:59:00+00:00,take_profit,0.0075212200000035,17.0,128.68,128.59,0.0024090767796083323,-0.0028753497046938303,-0.000699409387628247,0.003110661793296554,-0.0021774632553075435
SOL/USDT,,2025-12-16 22:03:00+00:00,dry_run,0.0,,,128.93,,,,0.000465368804777766,-0.00519661832001872
SOL/USDT,2025-12-16 22:03:00+00:00,2025-12-16 22:05:00+00:00,gate_close,-0.05139294982562,2.0,128.93,128.75,0.000465368804777766,-0.00519661832001872,-0.001396106414333409,0.0009320388349514097,-0.004427184466019418
SOL/USDT,2025-12-16 22:03:00+00:00,2025-12-16 22:13:00+00:00,prob_floor,-0.1754026206653915,10.0,128.93,128.31,0.000465368804777766,-0.00519661832001872,-0.004808810982703804,0.004286493648195888,-0.0010131712259371373
SOL/USDT,2025-12-16 22:03:00+00:00,2025-12-16 22:14:00+00:00,prob_floor,-0.1071972942565995,11.0,128.93,128.35,0.000465368804777766,-0.00519661832001872,-0.004498565112852071,0.003973509933774988,-0.0013245033112582183
SOL/USDT,2025-12-16 22:03:00+00:00,2025-12-16 22:15:00+00:00,prob_floor,-0.1040970525802156,12.0,128.93,128.52,0.000465368804777766,-0.00519661832001872,-0.003180020165981512,0.002645502645502562,-0.002645502645502673
SOL/USDT,2025-12-16 22:03:00+00:00,2025-12-16 22:16:00+00:00,prob_floor,-0.0916960862504317,13.0,128.93,128.57,0.000465368804777766,-0.00519661832001872,-0.002792212828666818,0.0022555806175625914,-0.0030333670374114163
SOL/USDT,2025-12-16 22:03:00+00:00,2025-12-16 22:17:00+00:00,prob_floor,-0.1071972942565995,14.0,128.93,128.6,0.000465368804777766,-0.00519661832001872,-0.002559528426277935,0.002021772939347022,-0.0032659409020217023
SOL/USDT,2025-12-16 22:03:00+00:00,2025-12-16 22:18:00+00:00,prob_floor,-0.0916960862504317,15.0,128.93,128.56,0.000465368804777766,-0.00519661832001872,-0.002869774296129668,0.002333540759178687,-0.0029558182949595
SOL/USDT,2025-12-16 22:03:00+00:00,2025-12-16 22:19:00+00:00,prob_floor,-0.0544931908641889,16.0,128.93,128.61,0.000465368804777766,-0.00519661832001872,-0.002481966958814863,0.0019438612860587234,-0.00334344141202092
SOL/USDT,2025-12-16 22:03:00+00:00,2025-12-16 22:20:00+00:00,trailing_prob_drop,-0.0482927088245102,17.0,128.93,128.73,0.000465368804777766,-0.00519661832001872,-0.001551229349259442,0.0010098656101920067,-0.00427250835081161
SOL/USDT,2025-12-16 22:03:00+00:00,2025-12-16 22:21:00+00:00,trailing_prob_drop,-0.0730946378822728,18.0,128.93,128.77,0.000465368804777766,-0.00519661832001872,-0.001240983479407376,0.0006989205560301581,-0.004581812533975382
SOL/USDT,2025-12-16 22:03:00+00:00,2025-12-16 22:22:00+00:00,trailing_prob_drop,-0.0730946378822728,19.0,128.93,128.68,0.000465368804777766,-0.00519661832001872,-0.001939036686574136,0.001398818775256494,-0.0038856077090456687
SOL/USDT,2025-12-16 22:03:00+00:00,2025-12-16 22:23:00+00:00,trailing_prob_drop,-0.0668941553929827,20.0,128.93,128.68,0.000465368804777766,-0.00519661832001872,-0.001939036686574136,0.001398818775256494,-0.0038856077090456687
SOL/USDT,2025-12-16 22:03:00+00:00,2025-12-16 22:24:00+00:00,trailing_prob_drop,-0.0482927088245102,21.0,128.93,128.7,0.000465368804777766,-0.00519661832001872,-0.001783913751648325,0.0012432012432015416,-0.004040404040403844
SOL/USDT,2025-12-16 22:03:00+00:00,2025-12-16 22:25:00+00:00,gate_close,-0.0792951205215467,22.0,128.93,128.8,0.000465368804777766,-0.00519661832001872,-0.001008299077018493,0.00046583850931680715,-0.004813664596273304
SOL/USDT,2025-12-16 22:03:00+00:00,2025-12-16 22:26:00+00:00,gate_close,-0.0792951205215467,23.0,128.93,128.66,0.000465368804777766,-0.00519661832001872,-0.002094159621500169,0.0015544846883259744,-0.00373076325198185
SOL/USDT,2025-12-16 22:03:00+00:00,2025-12-16 22:27:00+00:00,trailing_prob_drop,-0.0916960862504317,24.0,128.93,128.66,0.000465368804777766,-0.00519661832001872,-0.002094159621500169,0.0015544846883259744,-0.00373076325198185
SOL/USDT,2025-12-16 22:03:00+00:00,2025-12-16 22:32:00+00:00,trailing_prob_drop,-0.1133977777222083,29.0,128.93,128.54,0.000465368804777766,-0.00519661832001872,-0.003024897231055701,0.0024894974327058783,-0.0028006846117938355
SOL/USDT,2025-12-16 22:03:00+00:00,2025-12-16 22:33:00+00:00,trailing_prob_drop,-0.1102975359705913,30.0,128.93,128.54,0.000465368804777766,-0.00519661832001872,-0.003024897231055701,0.0024894974327058783,-0.0028006846117938355
SOL/USDT,2025-12-16 22:03:00+00:00,2025-12-16 22:34:00+00:00,trailing_prob_drop,-0.1257987451048583,31.0,128.93,128.56,0.000465368804777766,-0.00519661832001872,-0.002869774296129668,0.002333540759178687,-0.0029558182949595
SOL/USDT,2025-12-16 22:03:00+00:00,2025-12-16 22:35:00+00:00,prob_floor,-0.1226985032027492,32.0,128.93,128.51,0.000465368804777766,-0.00519661832001872,-0.003257581633444584,0.0027235234612095205,-0.002567893549139999
SOL/USDT,2025-12-16 22:03:00+00:00,2025-12-16 22:36:00+00:00,prob_floor,-0.1102975359705913,33.0,128.93,128.52,0.000465368804777766,-0.00519661832001872,-0.003180020165981512,0.002645502645502562,-0.002645502645502673
SOL/USDT,2025-12-16 22:03:00+00:00,2025-12-16 22:37:00+00:00,trailing_prob_drop,-0.0885958447619019,34.0,128.93,128.56,0.000465368804777766,-0.00519661832001872,-0.002869774296129668,0.002333540759178687,-0.0029558182949595
SOL/USDT,2025-12-16 22:03:00+00:00,2025-12-16 22:38:00+00:00,trailing_prob_drop,-0.097896569340174,35.0,128.93,128.62,0.000465368804777766,-0.00519661832001872,-0.002404405491351902,0.001865961747784306,-0.0034209298709376723
SOL/USDT,2025-12-16 22:03:00+00:00,2025-12-16 22:39:00+00:00,prob_floor,-0.1040970525802156,36.0,128.93,128.6,0.000465368804777766,-0.00519661832001872,-0.002559528426277935,0.002021772939347022,-0.0032659409020217023
SOL/USDT,2025-12-16 22:03:00+00:00,2025-12-16 22:40:00+00:00,prob_floor,-0.0668941553929827,37.0,128.93,128.58,0.000465368804777766,-0.00519661832001872,-0.002714651361203746,0.0021776326022708847,-0.003110903717529978
SOL/USDT,2025-12-16 22:03:00+00:00,2025-12-16 22:41:00+00:00,trailing_prob_drop,-0.0079895792132521,38.0,128.93,128.66,0.000465368804777766,-0.00519661832001872,-0.002094159621500169,0.0015544846883259744,-0.00373076325198185
SOL/USDT,2025-12-16 22:03:00+00:00,2025-12-16 22:42:00+00:00,gate_close,-0.0327915043802598,39.0,128.93,128.84,0.000465368804777766,-0.00519661832001872,-0.00069805320716676,0.00015523129462913232,-0.005122632722756926
SOL/USDT,2025-12-16 22:03:00+00:00,2025-12-16 22:44:00+00:00,gate_close,-0.0451924678608419,41.0,128.93,128.78,0.000465368804777766,-0.00519661832001872,-0.001163422011944526,0.0006212144742974157,-0.004659108557229286
SOL/USDT,2025-12-16 22:03:00+00:00,2025-12-16 22:46:00+00:00,prob_floor,-0.0917015080634321,43.0,128.93,128.57,0.000465368804777766,-0.00519661832001872,-0.002792212828666818,0.002177801975577598,-0.0030333670374114163
SOL/USDT,2025-12-16 22:03:00+00:00,2025-12-16 22:47:00+00:00,gate_close,-0.0792951205215467,44.0,128.93,128.62,0.000465368804777766,-0.00519661832001872,-0.002404405491351902,0.0017882133416264878,-0.0034209298709376723
SOL/USDT,2025-12-16 22:03:00+00:00,2025-12-16 22:54:00+00:00,trailing_prob_drop,-0.0730946378822728,51.0,128.93,128.62,0.000465368804777766,-0.00519661832001872,-0.002404405491351902,0.003187684652464551,-0.0034209298709376723
SOL/USDT,2025-12-16 22:03:00+00:00,2025-12-16 22:55:00+00:00,gate_close,-0.0730946378822728,52.0,128.93,128.67,0.000465368804777766,-0.00519661832001872,-0.002016598154037208,0.00466309162975076,-0.003808191497629454
SOL/USDT,2025-12-16 22:03:00+00:00,2025-12-16 22:56:00+00:00,trailing_prob_drop,-0.097896569340174,53.0,128.93,128.68,0.000465368804777766,-0.00519661832001872,-0.001939036686574136,0.004585017096673916,-0.0038856077090456687
SOL/USDT,2025-12-16 22:03:00+00:00,2025-12-16 22:57:00+00:00,prob_floor,-0.0854956033109184,54.0,128.93,128.6,0.000465368804777766,-0.00519661832001872,-0.002559528426277935,0.005443234836703059,-0.0032659409020217023
SOL/USDT,2025-12-16 22:03:00+00:00,2025-12-16 22:58:00+00:00,prob_floor,-0.1009968109413953,55.0,128.93,128.61,0.000465368804777766,-0.00519661832001872,-0.002481966958814863,0.007075655081253407,-0.00334344141202092
SOL/USDT,2025-12-16 22:03:00+00:00,2025-12-16 22:59:00+00:00,prob_floor,-0.1257987451048583,56.0,128.93,128.6,0.000465368804777766,-0.00519661832001872,-0.002559528426277935,0.007231726283048356,-0.0032659409020217023
SOL/USDT,2025-12-16 22:03:00+00:00,2025-12-16 23:00:00+00:00,prob_floor,-0.1009968109413953,57.0,128.93,128.54,0.000465368804777766,-0.00519661832001872,-0.003024897231055701,0.007701882682433547,-0.0028006846117938355
SOL/USDT,2025-12-16 22:03:00+00:00,2025-12-16 23:01:00+00:00,trailing_prob_drop,-0.1412999551804243,58.0,128.93,128.53,0.000465368804777766,-0.00519661832001872,-0.003102458698518662,0.0077802847584220736,-0.0027230996654477035
SOL/USDT,2025-12-16 22:03:00+00:00,2025-12-16 23:02:00+00:00,prob_floor,-0.1940040764929631,59.0,128.93,128.46,0.000465368804777766,-0.00519661832001872,-0.003645388970759278,0.008329441071150523,-0.0021796668223571514
SOL/USDT,2025-12-16 22:03:00+00:00,2025-12-16 23:03:00+00:00,time_limit,-0.1784899400000035,60.0,128.93,128.28,0.000465368804777766,-0.00519661832001872,-0.005041495385092687,0.009744309323355127,-0.000779544745868388
SOL/USDT,,2025-12-16 23:17:00+00:00,dry_run,0.0,,,128.59,,,,0.00731005521424688,-0.001555330896648388
SOL/USDT,2025-12-16 23:17:00+00:00,2025-12-16 23:18:00+00:00,take_profit,0.0075240252308954,1.0,128.59,128.67,0.00731005521424688,-0.001555330896648388,0.0006221323586592664,0.0066837646693092,-0.00217610942721691
SOL/USDT,2025-12-16 23:17:00+00:00,2025-12-16 23:19:00+00:00,take_profit,0.0168247471121761,2.0,128.59,128.73,0.00731005521424688,-0.001555330896648388,0.0010887316276537717,0.006214557601180948,-0.002641186980501864
SOL/USDT,2025-12-16 23:17:00+00:00,2025-12-16 23:20:00+00:00,take_profit,0.0354224600000045,3.0,128.59,128.85,0.00731005521424688,-0.001555330896648388,0.0020219301656425603,0.005277454404346127,-0.00357004268529304
SOL/USDT,,2025-12-16 23:21:00+00:00,dry_run,0.0,,,128.83,,,,0.005433517037956914,-0.003415353566716073
SOL/USDT,2025-12-16 23:21:00+00:00,2025-12-16 23:22:00+00:00,gate_close,-0.0172772814598404,1.0,128.83,128.66,0.005433517037956914,-0.003415353566716073,-0.0013195684235040028,0.006762008394217256,-0.002098554329239888
SOL/USDT,2025-12-16 23:21:00+00:00,2025-12-16 23:27:00+00:00,trailing_prob_drop,-0.0854825925715486,6.0,128.83,128.46,0.005433517037956914,-0.003415353566716073,-0.002872001862920137,0.008329441071150523,-0.0005449167055894266
SOL/USDT,2025-12-16 23:21:00+00:00,2025-12-16 23:28:00+00:00,trailing_prob_drop,-0.0482796933478622,7.0,128.83,128.43,0.005433517037956914,-0.003415353566716073,-0.0031048668788326017,0.008564977030288912,-0.0003114537101924775
SOL/USDT,2025-12-16 23:21:00+00:00,2025-12-16 23:29:00+00:00,gate_close,-0.0885828344180947,8.0,128.83,128.54,0.005433517037956914,-0.003415353566716073,-0.00225102848715375,0.007701882682433547,-0.0011669519215808943
SOL/USDT,2025-12-16 23:21:00+00:00,2025-12-16 23:30:00+00:00,prob_floor,-0.0792821089913939,9.0,128.83,128.42,0.005433517037956914,-0.003415353566716073,-0.0031824885508036083,0.008643513471422004,-0.0002336084722005527
SOL/USDT,2025-12-16 23:21:00+00:00,2025-12-16 23:31:00+00:00,trailing_prob_drop,-0.0513799347430618,10.0,128.83,128.46,0.005433517037956914,-0.003415353566716073,-0.002872001862920137,0.008329441071150523,-0.0005449167055894266
SOL/USDT,2025-12-16 23:21:00+00:00,2025-12-16 23:32:00+00:00,trailing_prob_drop,-0.0668811422827648,11.0,128.83,128.53,0.005433517037956914,-0.003415353566716073,-0.0023286501591245345,0.0077802847584220736,-0.0011670427137633332
SOL/USDT,2025-12-16 23:21:00+00:00,2025-12-16 23:33:00+00:00,prob_floor,-0.0482796933478622,12.0,128.83,128.49,0.005433517037956914,-0.003415353566716073,-0.0026391368470076726,0.008094015098451202,-0.001167406023815154
SOL/USDT,2025-12-16 23:21:00+00:00,2025-12-16 23:34:00+00:00,prob_floor,-0.0327784869349458,13.0,128.83,128.55,0.005433517037956914,-0.003415353566716073,-0.0021734068151828545,0.007623492804356147,-0.0016336056009335076
SOL/USDT,2025-12-16 23:21:00+00:00,2025-12-16 23:35:00+00:00,prob_floor,-0.035878728142466,14.0,128.83,128.55,0.005433517037956914,-0.003415353566716073,-0.0021734068151828545,0.007623492804356147,-0.0016336056009335076
SOL/USDT,2025-12-16 23:21:00+00:00,2025-12-16 23:36:00+00:00,prob_floor,-0.0296782457649458,15.0,128.83,128.62,0.005433517037956914,-0.003415353566716073,-0.0016300551113871409,0.007075104960348355,-0.0021769553724149127
SOL/USDT,2025-12-16 23:21:00+00:00,2025-12-16 23:37:00+00:00,trailing_prob_drop,-0.0544801761758342,16.0,128.83,128.6,0.005433517037956914,-0.003415353566716073,-0.001785298455328821,0.007231726283048356,-0.0020217729393466888
SOL/USDT,2025-12-16 23:21:00+00:00,2025-12-16 23:38:00+00:00,trailing_prob_drop,-0.0699813839034796,17.0,128.83,128.52,0.005433517037956914,-0.003415353566716073,-0.002406271831095208,0.007858699035169447,-0.001400560224089742
SOL/USDT,2025-12-16 23:21:00+00:00,2025-12-16 23:39:00+00:00,prob_floor,-0.0699851229729993,18.0,128.83,128.5,0.005433517037956914,-0.003415353566716073,-0.002561515175036999,0.008015564202334735,-0.001245136186770357
SOL/USDT,2025-12-16 23:21:00+00:00,2025-12-16 23:40:00+00:00,prob_floor,-0.0451794519901913,19.0,128.83,128.5,0.005433517037956914,-0.003415353566716073,-0.002561515175036999,0.008015564202334735,-0.001245136186770357
SOL/USDT,2025-12-16 23:21:00+00:00,2025-12-16 23:41:00+00:00,trailing_prob_drop,-0.0544801761758342,20.0,128.83,128.55,0.005433517037956914,-0.003415353566716073,-0.0021734068151828545,0.007623492804356147,-0.0016336056009335076
SOL/USDT,2025-12-16 23:21:00+00:00,2025-12-16 23:44:00+00:00,take_profit,0.0106230800000007,23.0,128.83,128.6,0.005433517037956914,-0.003415353566716073,-0.001785298455328821,0.007231726283048356,-0.0020217729393466888
SOL/USDT,,2025-12-16 23:56:00+00:00,dry_run,0.0,,,129.16,,,,0.0028646639826572784,-0.006348714772375308
SOL/USDT,2025-12-16 23:56:00+00:00,2025-12-16 23:57:00+00:00,take_profit,0.0582480429646868,1.0,129.16,129.28,0.0028646639826572784,-0.006348714772375308,0.0009290802105914597,0.0019337871287128383,-0.007271039603960361
SOL/USDT,2025-12-16 23:56:00+00:00,2025-12-16 23:58:00+00:00,gate_close,-0.0587610008827933,2.0,129.16,129.52,0.0028646639826572784,-0.006348714772375308,0.0027872406317746012,7.720815318079666e-05,-0.00911056207535521
SOL/USDT,2025-12-16 23:56:00+00:00,2025-12-16 23:59:00+00:00,gate_close,-0.1007642607310282,3.0,129.16,129.14,0.0028646639826572784,-0.006348714772375308,-0.0001548467017653543,0.0030199783181044104,-0.006194827319188301
SOL/USDT,2025-12-16 23:56:00+00:00,2025-12-17 00:00:00+00:00,gate_close,-0.142767527662882,4.0,129.16,128.99,0.0028646639826572784,-0.006348714772375308,-0.0013161969650045124,0.001162880843476044,-0.005039150321730412
SOL/USDT,2025-12-16 23:56:00+00:00,2025-12-17 00:01:00+00:00,gate_close,-0.1517682286435141,5.0,129.16,128.86,0.0028646639826572784,-0.006348714772375308,-0.0023227005264786493,0.0019400900201769211,-0.004035387241968058
SOL/USDT,2025-12-16 23:56:00+00:00,2025-12-17 00:03:00+00:00,trailing_prob_drop,-0.1727698655353139,7.0,129.16,128.77,0.0028646639826572784,-0.006348714772375308,-0.0030195106844222996,0.0026403665450027702,-0.0033392871010329284
SOL/USDT,2025-12-16 23:56:00+00:00,2025-12-17 00:08:00+00:00,trailing_prob_drop,-0.1787703335456623,12.0,129.16,128.74,0.0028646639826572784,-0.006348714772375308,-0.00325178073707022,0.0028740096318160546,-0.00310703743980123
SOL/USDT,2025-12-16 23:56:00+00:00,2025-12-17 00:09:00+00:00,prob_floor,-0.1577686961453274,13.0,129.16,128.72,0.0028646639826572784,-0.006348714772375308,-0.0034066274388355744,0.0030298321939092876,-0.002952144188937189
SOL/USDT,2025-12-16 23:56:00+00:00,2025-12-17 00:10:00+00:00,prob_floor,-0.1847708017014258,14.0,129.16,128.8,0.0028646639826572784,-0.006348714772375308,-0.002787240631774379,0.002406832298136763,-0.0035714285714286698
SOL/USDT,2025-12-16 23:56:00+00:00,2025-12-17 00:11:00+00:00,prob_floor,-0.1757700995223036,15.0,129.16,128.74,0.0028646639826572784,-0.006348714772375308,-0.00325178073707022,0.0028740096318160546,-0.00310703743980123
SOL/USDT,2025-12-16 23:56:00+00:00,2025-12-17 00:12:00+00:00,prob_floor,-0.2507759610334953,16.0,129.16,128.75,0.0028646639826572784,-0.006348714772375308,-0.003174357386187654,0.002796116504854451,-0.0031844660194174645
SOL/USDT,2025-12-16 23:56:00+00:00,2025-12-17 00:13:00+00:00,prob_floor,-0.259776665947916,17.0,129.16,128.57,0.0028646639826572784,-0.006348714772375308,-0.004567977702074955,0.004200046667185431,-0.0017889087656528524
SOL/USDT,2025-12-16 23:56:00+00:00,2025-12-17 00:14:00+00:00,prob_floor,-0.2267740828699257,18.0,129.16,128.48,0.0028646639826572784,-0.006348714772375308,-0.005264787860018605,0.004903486924034972,-0.0010896637608965865
SOL/USDT,2025-12-16 23:56:00+00:00,2025-12-17 00:15:00+00:00,prob_floor,-0.2627769009925723,19.0,129.16,128.6,0.0028646639826572784,-0.006348714772375308,-0.004335707649427034,0.003965785381026654,-0.0020217729393466888
SOL/USDT,2025-12-16 23:56:00+00:00,2025-12-17 00:16:00+00:00,prob_floor,-0.2267740828699257,20.0,129.16,128.45,0.0028646639826572784,-0.006348714772375308,-0.005497057912666525,0.00513818606461669,-0.0008563643441026336
SOL/USDT,2025-12-16 23:56:00+00:00,2025-12-17 00:17:00+00:00,prob_floor,-0.2267740828699257,21.0,129.16,128.58,0.0028646639826572784,-0.006348714772375308,-0.004490554351192166,0.006299580027997909,-0.0018665422305180757
SOL/USDT,2025-12-16 23:56:00+00:00,2025-12-17 00:18:00+00:00,prob_floor,-0.2417752564481536,22.0,129.16,128.58,0.0028646639826572784,-0.006348714772375308,-0.004490554351192166,0.009021620780836903,-0.0018665422305180757
SOL/USDT,2025-12-16 23:56:00+00:00,2025-12-17 00:19:00+00:00,prob_floor,-0.2477757261351647,23.0,129.16,128.53,0.0028646639826572784,-0.006348714772375308,-0.004877671105605441,0.009647553100443629,-0.001478254104100185
SOL/USDT,2025-12-16 23:56:00+00:00,2025-12-17 00:20:00+00:00,prob_floor,-0.2537761959684075,24.0,129.16,128.51,0.0028646639826572784,-0.006348714772375308,-0.0050325178073707955,0.00980468446035343,-0.0013228542525872689
SOL/USDT,2025-12-16 23:56:00+00:00,2025-12-17 00:25:00+00:00,prob_floor,-0.2147731446642989,29.0,129.16,128.6,0.0028646639826572784,-0.006348714772375308,-0.004335707649427034,0.009097978227060821,-0.0020217729393466888
SOL/USDT,2025-12-16 23:56:00+00:00,2025-12-17 00:26:00+00:00,trailing_prob_drop,-0.2147731446642989,30.0,129.16,128.59,0.0028646639826572784,-0.006348714772375308,-0.0044131310003096,0.009176452290224901,-0.0019441636208102908
SOL/USDT,2025-12-16 23:56:00+00:00,2025-12-17 00:27:00+00:00,prob_floor,-0.2357747869073145,31.0,129.16,128.51,0.0028646639826572784,-0.006348714772375308,-0.0050325178073707955,0.00980468446035343,-0.0013228542525872689
SOL/USDT,2025-12-16 23:56:00+00:00,2025-12-17 00:28:00+00:00,trailing_prob_drop,-0.2357747869073145,32.0,129.16,128.51,0.0028646639826572784,-0.006348714772375308,-0.0050325178073707955,0.00980468446035343,-0.0013228542525872689
SOL/USDT,2025-12-16 23:56:00+00:00,2025-12-17 00:29:00+00:00,gate_close,-0.2447754912733983,33.0,129.16,128.56,0.0028646639826572784,-0.006348714772375308,-0.004645401052957521,0.009411947728687142,-0.0017112632233976521
SOL/USDT,2025-12-16 23:56:00+00:00,2025-12-17 00:30:00+00:00,trailing_prob_drop,-0.2567764309398668,34.0,129.16,128.52,0.0028646639826572784,-0.006348714772375308,-0.004955094456488007,0.009726112667289177,-0.001400560224089742
SOL/USDT,2025-12-16 23:56:00+00:00,2025-12-17 00:31:00+00:00,trailing_prob_drop,-0.2867787826679584,35.0,129.16,128.47,0.0028646639826572784,-0.006348714772375308,-0.005342211210901171,0.010119093951895364,-0.0010119093951894698
SOL/USDT,2025-12-16 23:56:00+00:00,2025-12-17 00:32:00+00:00,prob_floor,-0.2957794889010028,36.0,129.16,128.38,0.0028646639826572784,-0.006348714772375308,-0.006039021368844821,0.010827231656021397,-0.0003115750116839955
SOL/USDT,2025-12-16 23:56:00+00:00,2025-12-17 00:33:00+00:00,prob_floor,-0.2837785473302918,37.0,129.16,128.36,0.0028646639826572784,-0.006348714772375308,-0.006193868070609954,0.010984730445621649,-0.0001558117793706293
SOL/USDT,2025-12-16 23:56:00+00:00,2025-12-17 00:34:00+00:00,prob_floor,-0.2207736136941499,38.0,129.16,128.38,0.0028646639826572784,-0.006348714772375308,-0.006039021368844821,0.010827231656021397,-0.0003115750116839955
SOL/USDT,2025-12-16 23:56:00+00:00,2025-12-17 00:35:00+00:00,gate_close,-0.1727698655353139,39.0,129.16,128.59,0.0028646639826572784,-0.006348714772375308,-0.0044131310003096,0.009176452290224901,-0.0018663970759780213
SOL/USDT,2025-12-16 23:56:00+00:00,2025-12-17 00:38:00+00:00,gate_close,-0.2417752564481536,42.0,129.16,128.56,0.0028646639826572784,-0.006348714772375308,-0.004645401052957521,0.009411947728687142,-0.0016334785314250366
SOL/USDT,2025-12-16 23:56:00+00:00,2025-12-17 00:39:00+00:00,trailing_prob_drop,-0.2237738482637855,43.0,129.16,128.55,0.0028646639826572784,-0.006348714772375308,-0.004722824403840087,0.009490470633994441,-0.001555814858032023
SOL/USDT,2025-12-16 23:56:00+00:00,2025-12-17 00:40:00+00:00,trailing_prob_drop,-0.259776665947916,44.0,129.16,128.58,0.0028646639826572784,-0.006348714772375308,-0.004490554351192166,0.009254938559651649,-0.0017887696375799012
SOL/USDT,2025-12-16 23:56:00+00:00,2025-12-17 00:41:00+00:00,prob_floor,-0.2537761959684075,45.0,129.16,128.45,0.0028646639826572784,-0.006348714772375308,-0.005497057912666525,0.01027637212923338,-0.0007785130400933538
SOL/USDT,2025-12-16 23:56:00+00:00,2025-12-17 00:42:00+00:00,trailing_prob_drop,-0.2417752564481536,46.0,129.16,128.48,0.0028646639826572784,-0.006348714772375308,-0.005264787860018605,0.010040473225404911,-0.0010118306351182271
SOL/USDT,2025-12-16 23:56:00+00:00,2025-12-17 00:43:00+00:00,trailing_prob_drop,-0.2747778415371995,47.0,129.16,128.53,0.0028646639826572784,-0.006348714772375308,-0.004877671105605441,0.009647553100443629,-0.0014004512565159999
SOL/USDT,2025-12-16 23:56:00+00:00,2025-12-17 00:44:00+00:00,trailing_prob_drop,-0.2777780767649166,48.0,129.16,128.42,0.0028646639826572784,-0.006348714772375308,-0.005729327965314446,0.01051238124902687,-0.000545086435134623
SOL/USDT,2025-12-16 23:56:00+00:00,2025-12-17 00:45:00+00:00,trailing_prob_drop,-0.2717776063461236,49.0,129.16,128.41,0.0028646639826572784,-0.006348714772375308,-0.005806751316197012,0.010591075461412691,-0.0004672533291799619
SOL/USDT,2025-12-16 23:56:00+00:00,2025-12-17 00:46:00+00:00,trailing_prob_drop,-0.2387750216594647,50.0,129.16,128.42,0.0028646639826572784,-0.006348714772375308,-0.005729327965314446,0.01051238124902687,-0.000545086435134623
SOL/USDT,2025-12-16 23:56:00+00:00,2025-12-17 00:47:00+00:00,gate_close,-0.2357747869073145,51.0,129.16,128.53,0.0028646639826572784,-0.006348714772375308,-0.004877671105605441,0.009647553100443629,-0.0014004512565159999
SOL/USDT,2025-12-16 23:56:00+00:00,2025-12-17 00:48:00+00:00,trailing_prob_drop,-0.1967717384495894,52.0,129.16,128.54,0.0028646639826572784,-0.006348714772375308,-0.004800247754722875,0.009569005756962845,-7.77967947719338e-05
SOL/USDT,2025-12-16 23:56:00+00:00,2025-12-17 00:49:00+00:00,gate_close,-0.1727698655353139,53.0,129.16,128.67,0.0028646639826572784,-0.006348714772375308,-0.003793744193248738,0.008549001321209504,-0.0009326183259499299
SOL/USDT,2025-12-16 23:56:00+00:00,2025-12-17 00:50:00+00:00,gate_close,-0.1337668270085697,54.0,129.16,128.78,0.0028646639826572784,-0.006348714772375308,-0.0029420873335397335,0.007687529119428493,-0.0007765180928714921
SOL/USDT,2025-12-16 23:56:00+00:00,2025-12-17 00:51:00+00:00,trailing_prob_drop,-0.1157654266780365,55.0,129.16,128.84,0.0028646639826572784,-0.006348714772375308,-0.0024775472282440036,0.007218255200248436,-0.0006209251785160852
SOL/USDT,2025-12-16 23:56:00+00:00,2025-12-17 00:56:00+00:00,time_limit,-0.0647573999999993,60.0,129.16,129.1,0.0028646639826572784,-0.006348714772375308,-0.00046454010529572987,0.00518977536793197,-0.0025561580170408993
SOL/USDT,,2025-12-17 00:57:00+00:00,dry_run,0.0,,,129.11,,,,0.0051119200681588595,-0.0026334133684455807
SOL/USDT,2025-12-17 00:57:00+00:00,2025-12-17 01:03:00+00:00,take_profit,0.0044019999999975,6.0,129.11,128.91,0.0051119200681588595,-0.0026334133684455807,-0.0015490666873210213,0.006671321076720194,-0.0010860290124892202
SOL/USDT,,2025-12-17 01:05:00+00:00,dry_run,0.0,,,129.07,,,,0.005423413651507003,-0.0023243201363599697
SOL/USDT,2025-12-17 01:05:00+00:00,2025-12-17 01:07:00+00:00,take_profit,0.0075029411078777,2.0,129.07,129.01,0.005423413651507003,-0.0023243201363599697,-0.00046486402727208276,0.005891016200294752,-0.0018603209053560388
SOL/USDT,2025-12-17 01:05:00+00:00,2025-12-17 01:09:00+00:00,gate_close,-0.0234994612482986,4.0,129.07,128.98,0.005423413651507003,-0.0023243201363599697,-0.0006972960409080686,0.006124980617150166,-0.0016281594045587378
SOL/USDT,2025-12-17 01:05:00+00:00,2025-12-17 01:10:00+00:00,trailing_prob_drop,-0.0483013858171453,5.0,129.07,128.98,0.005423413651507003,-0.0023243201363599697,-0.0006972960409080686,0.006124980617150166,-0.0016281594045587378
SOL/USDT,2025-12-17 01:05:00+00:00,2025-12-17 01:11:00+00:00,prob_floor,-0.0234994612482986,6.0,129.07,128.9,0.005423413651507003,-0.0023243201363599697,-0.0013171147439372533,0.006749418153607412,-0.0010085337470907563
SOL/USDT,2025-12-17 01:05:00+00:00,2025-12-17 01:12:00+00:00,prob_floor,-0.0452011451153876,7.0,129.07,128.9,0.005423413651507003,-0.0023243201363599697,-0.0013171147439372533,0.006749418153607412,-0.0010085337470907563
SOL/USDT,2025-12-17 01:05:00+00:00,2025-12-17 01:13:00+00:00,trailing_prob_drop,-0.0855042771539418,8.0,129.07,128.94,0.005423413651507003,-0.0023243201363599697,-0.0010072053924227165,0.00643710252830787,-0.0013184426865208154
SOL/USDT,2025-12-17 01:05:00+00:00,2025-12-17 01:14:00+00:00,prob_floor,-0.0824040360034105,9.0,129.07,128.78,0.005423413651507003,-0.0023243201363599697,-0.0022468427984814188,0.007687529119428493,-7.76518092870937e-05
SOL/USDT,2025-12-17 01:05:00+00:00,2025-12-17 01:15:00+00:00,take_profit,0.0044013800000063,10.0,129.07,128.81,0.005423413651507003,-0.0023243201363599697,-0.002014410784845322,0.0074528375126154955,-0.00031053489635890497
SOL/USDT,,2025-12-17 01:22:00+00:00,dry_run,0.0,,,129.15,,,,0.004181184668989424,-0.002477739063104889
SOL/USDT,2025-12-17 01:22:00+00:00,2025-12-17 01:23:00+00:00,take_profit,0.0372518263827258,1.0,129.15,129.2,0.004181184668989424,-0.002477739063104889,0.00038714672861006605,0.003792569659442746,-0.002863777089783137
SOL/USDT,2025-12-17 01:22:00+00:00,2025-12-17 01:24:00+00:00,take_profit,0.0492527525211623,2.0,129.15,129.34,0.004181184668989424,-0.002477739063104889,0.0014711575687185174,0.002706046080098945,-0.003943095716715583
SOL/USDT,2025-12-17 01:22:00+00:00,2025-12-17 01:25:00+00:00,take_profit,0.0282480000000013,3.0,129.15,129.4,0.004181184668989424,-0.002477739063104889,0.0019357336430507743,0.0022411128284389736,-0.004404945904173063
SOL/USDT,,2025-12-17 01:26:00+00:00,dry_run,0.0,,,129.33,,,,0.0027835768963115903,-0.0038660790226552333
SOL/USDT,2025-12-17 01:26:00+00:00,2025-12-17 01:29:00+00:00,take_profit,0.0072359999999948,3.0,129.33,129.4,0.0027835768963115903,-0.0038660790226552333,0.0005412510631717105,0.0022411128284389736,-0.004404945904173063
SOL/USDT,,2025-12-17 01:30:00+00:00,dry_run,0.0,,,129.46,,,,0.001776610536072809,-0.004866367990112752
SOL/USDT,2025-12-17 01:30:00+00:00,2025-12-17 01:31:00+00:00,gate_close,-0.0467822631672463,1.0,129.46,129.67,0.001776610536072809,-0.004866367990112752,0.0016221226633708064,0.0001542376802654566,-0.00647798257114196
SOL/USDT,2025-12-17 01:30:00+00:00,2025-12-17 01:33:00+00:00,prob_floor,-0.1007864411084836,3.0,129.46,129.36,0.001776610536072809,-0.004866367990112752,-0.0007724393635099025,0.0008503401360542284,-0.004097093382807726
SOL/USDT,2025-12-17 01:30:00+00:00,2025-12-17 01:34:00+00:00,trailing_prob_drop,-0.0737843506855746,4.0,129.46,129.37,0.001776610536072809,-0.004866367990112752,-0.0006951954271590122,0.0007729767334003768,-0.004174074360361657
SOL/USDT,2025-12-17 01:30:00+00:00,2025-12-17 01:35:00+00:00,gate_close,-0.0917857439777514,5.0,129.46,129.46,0.001776610536072809,-0.004866367990112752,0.0,7.724393635100135e-05,-0.004866367990112752
SOL/USDT,2025-12-17 01:30:00+00:00,2025-12-17 01:38:00+00:00,trailing_prob_drop,-0.1607910969225381,8.0,129.46,129.35,0.001776610536072809,-0.004866367990112752,-0.0008496832998610149,0.0,-0.004020100502512447
SOL/USDT,2025-12-17 01:30:00+00:00,2025-12-17 01:39:00+00:00,prob_floor,-0.148790164606641,9.0,129.46,129.17,0.001776610536072809,-0.004866367990112752,-0.002240074154179039,0.001238677711543179,-0.002632190137028534
SOL/USDT,2025-12-17 01:30:00+00:00,2025-12-17 01:40:00+00:00,prob_floor,-0.1427896986651155,10.0,129.46,129.16,0.001776610536072809,-0.004866367990112752,-0.0023173180905299295,0.0006968101579436503,-0.0025549705791265698
SOL/USDT,2025-12-17 01:30:00+00:00,2025-12-17 01:41:00+00:00,trailing_prob_drop,-0.1427896986651155,11.0,129.46,129.17,0.001776610536072809,-0.004866367990112752,-0.002240074154179039,0.0006193388557715895,-0.002632190137028534
SOL/USDT,2025-12-17 01:30:00+00:00,2025-12-17 01:42:00+00:00,prob_floor,-0.1427896986651155,12.0,129.46,129.21,0.001776610536072809,-0.004866367990112752,-0.0019310984087749228,0.0003095735624176754,-0.0029409488429688047
SOL/USDT,2025-12-17 01:30:00+00:00,2025-12-17 01:43:00+00:00,prob_floor,-0.1577908637894414,13.0,129.46,129.23,0.001776610536072809,-0.004866367990112752,-0.001776610536073031,0.00015476282596926794,-0.0030952565193839154
SOL/USDT,2025-12-17 01:30:00+00:00,2025-12-17 01:44:00+00:00,prob_floor,-0.148790164606641,14.0,129.46,129.18,0.001776610536072809,-0.004866367990112752,-0.002162830217827927,0.000541879547917512,-0.0027093977395881153
SOL/USDT,2025-12-17 01:30:00+00:00,2025-12-17 01:45:00+00:00,prob_floor,-0.1397894657484506,15.0,129.46,129.21,0.001776610536072809,-0.004866367990112752,-0.0019310984087749228,0.0003095735624176754,-0.0029409488429688047
SOL/USDT,2025-12-17 01:30:00+00:00,2025-12-17 01:47:00+00:00,prob_floor,-0.1367892328678027,17.0,129.46,129.24,0.001776610536072809,-0.004866367990112752,-0.0016993665997219187,7.737542556474075e-05,-0.0031723924481584787
SOL/USDT,2025-12-17 01:30:00+00:00,2025-12-17 01:49:00+00:00,trailing_prob_drop,-0.1847929632877486,19.0,129.46,129.09,0.001776610536072809,-0.004866367990112752,-0.002858025644986939,0.001161980013943742,-0.002014098690835797
